date,open,high,low,close,adjusted_close,volume
2020-01-02,62.03677944147591,62.06455767560213,61.870496096215774,61.9663318624515,61.96381953147916,206865.3771836988
2020-01-03,62.5665714552777,62.6884614977246,61.92094629574828,62.48438969722318,62.45150588361291,76801.77431986041
2020-01-06,64.78370026791413,65.1908023905666,64.55511862108986,64.70610661571749,64.71433263612711,338887.18869196426
2020-01-07,62.18550798422822,62.59272357135796,62.02180126246551,62.110631098952965,62.11807629410773,213624.94494175035
2020-01-08,59.42398461434316,59.61101044510912,59.20533596348904,59.48567089247319,59.483182001790176,76151.2059316055
2020-01-09,57.16460427002796,57.26646073729089,56.8095786397037,57.137027912024216,57.13124603400358,444071.4955499879
2020-01-10,57.7143185388116,58.64934202419939,56.80714445907139,57.749402978218704,57.71396814669952,634760.9223809525
2020-01-13,60.36192817675457,60.559897100702514,60.32777217409702,60.46163342076774,60.46268461220597,656104.0088127546
2020-01-14,59.49167829380981,59.89628317647727,59.49513222306946,59.50878535170214,59.50388769685891,332825.58546989853
2020-01-15,54.33984683590188,54.32111250145583,54.08857949097798,54.26795606844897,54.28581952806431,275856.16930133064
2020-01-16,50.98873538248173,51.21365371222627,50.74519947035172,50.96525354911532,50.96587793842407,595343.5855301401
2020-01-17,49.5246195920444,49.522718345111365,49.127839257694,49.42488958664588,49.44218436080364,736327.4113741609
2020-01-20,48.428481567502736,48.51736684331042,48.07804604080837,48.41990010157387,48.4200814540359,529739.8000770579
2020-01-21,47.81390619608245,47.83714993459498,47.19788620782843,47.697152973694905,47.7050662166716,152524.0303470634
2020-01-22,47.77409303368714,48.09836859251452,47.42569946796818,47.76561362341914,47.76274898206669,302793.67499299126
2020-01-23,47.221587016417296,47.59651930490865,46.91627639529559,47.220525485019856,47.23240930531964,349308.12333838805
2020-01-24,49.02033178179179,49.15647023401996,49.04635818884564,49.083128249558456,49.07493421719779,90601.8416103612
2020-01-27,47.92908057054832,47.9298847629718,47.75533562182134,47.87591136722632,47.858434149523234,355619.420966661
2020-01-28,46.35555268724525,46.55453248949413,46.283910850563935,46.37884066859608,46.37337564662426,1049469.226324562
2020-01-29,47.174703760481584,47.316432041850895,47.19733790670256,47.20524780464128,47.20402335446772,393943.0755255326
2020-01-30,44.66545438324195,44.66979134053542,44.56181503133841,44.60830086477648,44.61091914663904,649558.2847000983
2020-01-31,45.30658091848184,45.409161601208375,45.04596242577305,45.254166516964425,45.24122122304392,299463.8050783802
2020-02-03,45.47752247584378,45.45651846356636,45.37296290273875,45.42609779972256,45.45127237483332,256804.1485891709
2020-02-04,45.16411017581196,45.331878759017336,45.00637732523406,45.180474142978944,45.17078848563666,337311.7426289066
2020-02-05,47.90230905374311,48.085139326272696,47.61371781440161,47.9047510398796,47.917637189531504,164473.3798067195
2020-02-06,46.81647488613224,46.85736909359779,46.62794750988493,46.819277225771145,46.82881591069011,150502.48695603688
2020-02-07,50.55307181222733,50.56920858041458,50.22309757434126,50.51354404564142,50.52152279846185,573654.5898346517
2020-02-10,50.174038420198485,50.47954637091669,49.99096987198771,50.0962107172028,50.1109228382448,611338.0788814499
2020-02-11,47.81121420003165,47.9078223646842,47.6902714391774,47.7936191437834,47.78104293390966,148054.571427874
2020-02-12,48.01216328423087,48.011285287315694,47.88861066775852,47.91753137867879,47.91590637031875,479643.92406550125
2020-02-13,46.09592731112546,46.14991932119226,45.59996900690973,46.05460737446438,46.06202816915065,254695.50551910885
2020-02-14,44.78613921078797,44.93318821029792,44.301552906611946,44.79665743881296,44.805492727631815,329023.72667299403
2020-02-17,45.49521970488787,45.64115664230085,45.35087306722706,45.45754851593806,45.44276978012889,353674.1131023051
2020-02-18,46.47768009794959,46.48061804458806,46.3970375338464,46.398526981898414,46.39595575729337,487287.8430121975
2020-02-19,45.4378660353368,45.458852528308775,45.16230709587635,45.34724912698151,45.34141797190488,281991.13721701485
2020-02-20,47.08430645153038,47.371357128825,46.8600173663025,47.02848874528902,47.02067575848613,625369.0266908341
2020-02-21,49.08004637726266,49.238659245910696,49.03829833200217,49.07878630623805,49.06319139433084,323077.5621443518
2020-02-24,51.73625041332438,51.81634556085142,51.70279240911763,51.74746373963126,51.7575793046629,390237.4049251053
2020-02-25,52.79812488232949,53.10173183128448,52.57141279853328,52.767727004030206,52.75956888081621,162761.69970537422
2020-02-26,55.58064767220586,55.64157224675207,55.31750392790856,55.487762572859246,55.50212870084952,979889.8108558052
2020-02-27,51.79481372245506,52.44527660639812,51.28598726913904,51.77235647283286,51.754259456727816,355718.49545321456
2020-02-28,51.19318388609315,51.3340028406735,50.97117476900728,51.16992552406132,51.18459425867705,411596.3665203229
2020-03-02,49.56383629380659,49.69960255959077,49.55554642106863,49.561288949897374,49.58573740047432,102241.0473173378
2020-03-03,49.76384137552094,49.89293584810982,49.65893370610965,49.78016384634248,49.77513160053491,163796.287638154
2020-03-04,48.7353928588704,48.74674082469847,48.686623656438265,48.74329582909185,48.751914524244825,563955.2665749685
2020-03-05,48.45286824015985,48.49298237103624,48.40774500270514,48.4463073512553,48.4489612334928,318741.16931957705
2020-03-06,52.01615416981292,51.95348243876693,51.59011343406468,51.92693849697652,51.912580329013934,85112.75272589362
2020-03-09,51.59140729942748,51.60956333096864,50.769474999209706,51.60377743590311,51.60641275703334,500305.3832139332
2020-03-10,52.40020586482411,52.74966608190401,52.07785852900801,52.39744912625312,52.40461958716735,193635.01835261888
2020-03-11,51.90649944250709,51.95656394971051,51.8046095813943,51.95145707288353,51.94400923066736,625802.5540884521
2020-03-12,52.13460691898726,52.38003975323578,51.933222818864,52.0972723951104,52.09891722519061,254561.71809899335
2020-03-13,52.18068665721693,52.354359711249295,51.93403560093826,52.10946972992299,52.11187509748042,303405.05642029253
2020-03-16,53.06436467037856,53.154996234437526,52.733234315050176,52.97830153365469,52.94928874726394,544363.6338768223
2020-03-17,55.315135293381566,55.797923283999786,54.955252925972935,55.30388844439425,55.299341491386926,156608.4808945528
2020-03-18,58.80023985650323,59.094589965707335,58.74789308348386,58.76648707293962,58.78293861314565,147900.0394302554
2020-03-19,59.43253807181741,59.577757436150144,59.20160793354634,59.44166535868356,59.4528696356356,238494.3615571196
2020-03-20,60.780190489405136,60.96550976384366,60.25854278551714,60.74811435027197,60.72891643484287,440781.1090180026
2020-03-23,58.24429625055422,58.50914886897019,58.01614025937998,58.22601531077775,58.20378952068592,120749.5262886674
2020-03-24,58.04183763117314,58.38235539502138,57.87227695085557,58.038456056094006,58.04666869761565,98634.78230180466
2020-03-25,60.09406747003884,60.67955482780637,60.07325544913874,60.08579043055365,60.08594654633954,439869.1416088634
2020-03-26,62.063223327201726,62.332021366764735,61.59589423999081,62.03518824328007,62.05876930183855,186878.32441111948
2020-03-27,62.5032774559251,62.87995085284509,62.08046311743544,62.521668356902886,62.51044447567383,212068.45283087363
2020-03-30,64.58304095889821,64.63695493546825,63.83897188359429,64.59870593786053,64.59801090482779,88072.33626708238
2020-03-31,65.89089565682607,65.91676231542824,65.2727529398277,65.77858779471242,65.7657920268992,178547.93925318
2020-04-01,68.94106145180291,68.77010960775951,68.05712592585009,68.75469862560028,68.7770098396405,267121.695523877
2020-04-02,69.40902646763521,69.94480418975624,69.47225115741242,69.49272120421728,69.50707645382083,468938.408935708
2020-04-03,68.50210819089982,68.59321038419488,68.1994392796229,68.58849342331803,68.60780445936712,168933.74916294203
2020-04-06,69.3771285022239,69.81954354522297,69.43013997361162,69.44359663711829,69.46077612081226,725361.6754526509
2020-04-07,62.32821735322753,62.45790506506327,62.31167710291258,62.3346558010272,62.32588836964618,177951.51161226566
2020-04-08,63.27794621289406,63.51380706254405,63.15942827763666,63.22131379211691,63.190158224914114,178107.91668018658
2020-04-09,55.30035938085793,55.33792484880874,55.03489167510531,55.26768220115631,55.277699981068,674963.9298304901
2020-04-10,51.87582663569464,52.25128188749562,51.75470123778651,51.866903913253154,51.89492112895613,304636.9721472769
2020-04-13,52.766281362211565,52.96291670330322,52.65470691858528,52.73838615508495,52.71941203127484,192679.82694432305
2020-04-14,53.63830041041731,53.67735385975872,53.379249910882,53.67544844523708,53.67566082761898,244487.66122632567
2020-04-15,51.41251089948953,51.56447449203468,51.37868665488934,51.425064928877525,51.421709048595865,604310.94045234
2020-04-16,50.092575144050926,50.2806002043133,49.85196852925687,50.09358175195276,50.06973162098164,646754.2632135742
2020-04-17,52.6061102425352,52.73363223081992,52.24495812207706,52.6895819391315,52.70889403580473,164378.02625768725
2020-04-20,51.69849916463807,52.06027199880775,51.71406624100164,51.75860696308652,51.730567319116304,261591.5806408194
2020-04-21,56.15668428205569,56.73915532591075,55.86296668755798,56.21973843265567,56.197400771497165,283252.52595270274
2020-04-22,56.2594102308481,56.22131396920516,55.83700442787664,56.21645477544784,56.25272671647263,148487.48145276107
2020-04-23,57.082963763083214,57.09218445649356,56.91845440630648,57.06896161094208,57.08150650914232,259519.978849333
2020-04-24,60.61091304397464,60.696592682896565,60.03549665385204,60.57389868475117,60.55702318879914,269195.6496334814
2020-04-27,60.75590056310955,61.22698650000667,60.43809039533007,60.86787645575005,60.87947095378601,531854.7407630228
2020-04-28,58.574002492600286,58.81497961221489,58.61418440442431,58.66103004254087,58.68082998739072,553742.4782683857
2020-04-29,58.46374766593125,58.87632654017674,58.41219177585999,58.42499930429565,58.42179371851315,220240.26895022797
2020-04-30,58.18695649535031,58.54709045614421,58.04720108696591,58.3490893385141,58.3653777899515,236009.6832021289
2020-05-01,55.55542717002129,55.85557244465303,55.27541013281797,55.48747557844882,55.50238058922492,399742.3051012998
2020-05-04,54.86720318923722,55.19612705586908,54.96662785621941,54.96742623983564,54.97047666711757,188883.73209495595
2020-05-05,53.52998404701026,53.553075253641325,53.301398872835286,53.48487784848151,53.48487784848151,382003.1337321784
2020-05-06,55.2899057204221,55.71905255038132,55.28378860177956,55.3390791753255,55.337555644152125,254550.90320812815
2020-05-07,55.4685220145588,55.61762073546549,54.94418274674459,55.41040183821156,55.43032692949237,149995.54210800907
2020-05-08,55.012477319985344,54.909647043148055,54.38817432127304,54.836552834527694,54.821611317622576,151130.3475552766
2020-05-11,54.49887982696282,54.66836022678206,54.317107827175136,54.623047717122425,54.6310306668738,639367.8402744862
2020-05-12,55.11306255849357,55.16545030880904,54.97851416529132,55.07476482561004,55.05548242404784,244298.7431452515
2020-05-13,56.23995284781726,56.57617819783125,56.340910141461286,56.34182804049579,56.33893099286792,0.0
2020-05-14,54.32752200961815,54.30556982534146,54.019525934071,54.30434660214703,54.33177492389488,197169.34220466108
2020-05-15,52.24902267680434,52.34044283232893,52.01943599488983,52.25982855462144,52.25622540260153,319567.2835210203
2020-05-18,54.439175871631775,54.89123721814838,54.2757096258046,54.43211154577887,54.44562210298237,1127604.5054349888
2020-05-19,53.56294310311544,53.66256929942807,53.58129622595717,53.611820263899006,53.61665080634948,142282.2376750243
2020-05-20,50.9244508140098,50.96183785357727,50.6448001723182,50.88473318791087,50.86918301489327,85931.97725081163
2020-05-21,51.649628102942,51.99042549768838,51.62489443394213,51.72454375129964,51.74733960423617,580679.4014336086
2020-05-22,52.68145657435456,53.10137786628943,52.59875998975132,52.61612643114825,52.61050368598481,163393.14965678964
2020-05-25,49.71018282543202,49.825397554600585,49.57410289144049,49.7305350621541,49.73135876913624,265024.1363896069
2020-05-26,50.08319679436629,50.2743552278096,50.14301469087697,50.15354670677058,50.16421809809681,188801.04615040292
2020-05-27,51.614664067654296,51.77984718409304,51.49909792322416,51.532473028822814,51.529566534813135,315179.52262782824
2020-05-28,52.24559094197489,52.260485882981165,52.20895921198649,52.24910953561793,52.252148949814014,151702.74736526588
2020-05-29,53.58307518505404,53.96133796792057,53.37072322479936,53.481052804986135,53.485941853888654,240875.61219744105
2020-06-01,50.84617039816109,50.95229457316336,50.45279139330483,50.78414487155029,50.77585080494078,351473.35931354284
2020-06-02,51.36714991055899,51.51362521946235,51.38896335930567,51.4081811295184,51.40917295959165,146534.2792664869
2020-06-03,50.8343018473155,50.89954220188107,50.634578146178,50.83862261173117,50.84135071331141,176301.27180219998
2020-06-04,49.948679627823694,50.03105032020073,49.687845114799806,49.94263467422135,49.93160143433891,217851.80125557625
2020-06-05,51.65038407353261,51.79327252666301,51.50960360375048,51.57167006847845,51.57843447177424,113858.38740758962
2020-06-08,54.4859158588153,54.82485907440579,54.26220464049922,54.46208773072616,54.45843160745577,208243.51317427063
2020-06-10,61.06391752369039,61.21528426744895,60.91392485381622,61.0761253944158,61.09061710562163,211138.71954604043
2020-06-11,60.827286696178575,61.20317814208133,60.65658616105664,60.830362098976266,60.838026821623856,228016.6893681929
2020-06-12,61.70746717667793,62.30557334315248,61.431152451340765,61.62706899020976,61.60320925678511,265152.12515680486
2020-06-15,63.394632709049816,63.830066685795686,62.63469970649155,63.39439781056733,63.41317174885925,181054.60005857985
2020-06-16,63.65379140136589,63.72356269591297,63.425067606536096,63.67894441064725,63.70397968565519,406214.87181954825
2020-06-17,63.95125021694555,64.59009258237737,63.3878048283183,63.98737154669245,63.96679942193713,635131.2026515317
2020-06-18,65.92411649714046,66.95062269872575,65.49383712273377,65.96064320287083,65.94707932871819,203083.3499584237
2020-06-19,65.72521245341088,66.32079669740736,65.64825645584828,65.817494899479,65.81001844472628,359014.81674417073
2020-06-22,64.02469410575323,64.07908545609912,63.37754337729264,64.07277273234759,64.04466624331916,232403.34723001832
2020-06-23,63.19678214080482,63.12302004740009,62.57298398362786,63.10222848220836,63.12464403752258,334132.33532106446
2020-06-24,64.58131618277741,64.79916823042437,64.36648470524086,64.59466139205762,64.62333508076925,686572.9201485943
2020-06-25,64.6480924596274,64.78007710672517,64.48741784683195,64.60258564448054,64.62714612718742,364104.3297745387
2020-06-26,65.25637172430046,65.78096023716456,64.80939123485392,65.41852832778444,65.40133017721641,92591.37527467732
2020-06-29,67.09317953360656,67.19356906426867,67.00251422921339,67.05507137821881,67.05036713606206,352356.0252763344
2020-06-30,66.1252128612719,66.14699829521453,65.95426781163415,66.13588406502164,66.16324866821752,562259.2075735135
2020-07-01,67.9732651271612,68.08447562054059,67.72831384245005,68.00600594021775,68.0339780851082,234929.8641137187
2020-07-02,68.97553648720155,69.23517298579138,68.90967846381645,68.9630569353549,68.95451800558246,487663.49310644896
2020-07-03,65.8630257262205,66.1927057774381,65.74047786198179,65.8956984776433,65.90153652601444,177358.90587284067
2020-07-06,69.34657857879124,69.71009279684037,69.19211923913197,69.49417551524638,69.47518582708501,110048.50523754122
2020-07-07,68.28715770305729,68.5209170617607,67.56384284548562,68.22423803998689,68.22964919367763,292056.1657753662
2020-07-08,64.20333910874149,64.36181478752836,64.16366629210249,64.1877403606106,64.18137013692574,93537.15046631804
2020-07-09,61.74386211427396,62.09518034563701,61.49177270357485,61.76325222128952,61.739510250379546,232381.89402718103
2020-07-10,59.4254585608056,59.522425708391545,59.36109840086942,59.48293009775406,59.48379535602294,580767.2525701702
2020-07-13,59.51055467289348,59.805114088315314,59.50737960611523,59.59815546965668,59.5961489721221,85318.1301445497
2020-07-14,59.013594749816285,59.27358856301344,58.670777023648405,59.00038499390194,59.01526808564527,124529.99909547227
2020-07-15,58.36720746637708,58.897511052487,58.2253354684699,58.27318711939577,58.25155579721473,144463.28235602987
2020-07-16,59.63229193297364,59.68268569231102,59.55688090210725,59.62017911124094,59.6177891607212,258333.86666461357
2020-07-17,60.28896781723142,60.74489897337104,60.17304228855416,60.37244852111223,60.38911058503261,215468.48329347683
2020-07-20,61.09429660974066,61.39696739350709,60.93683223432831,61.08054635705904,61.06833995183656,621245.6342584201
2020-07-21,62.00760400044917,62.19869321243179,61.96299232767841,62.010911846178665,61.99920442147099,475731.5471079933
2020-07-22,63.49077239902143,63.44440878545356,63.19241872611088,63.43596096128893,63.450481890431504,361191.5722606905
2020-07-23,58.73050723871569,59.07128921101292,58.69281305108964,58.69489509851471,58.719877782177385,292838.98233759846
2020-07-24,57.73959269233165,57.97185277160705,57.83195963644825,57.912509167209954,57.89878888871608,339740.6686149555
2020-07-27,53.47088315090412,53.60906798478746,53.27840443066543,53.44174445634824,53.4417716598199,159981.03993883787
2020-07-28,53.45977800346856,53.62127681982519,53.08808774198262,53.51347767644783,53.50274103738113,448797.1182390248
2020-07-29,53.42893201750878,53.705617290447286,53.39391455247899,53.50500161611768,53.48706845119923,137691.84326094095
2020-07-30,55.597209953053216,55.68751447643232,55.50128180717181,55.607690524129296,55.60304581255348,442956.2104245255
2020-07-31,58.12036217520161,58.25109044239628,58.05411630530705,58.09648619783814,58.082435997747794,546716.41020572
2020-08-03,58.43697980348577,58.56798806033654,58.23250254788747,58.53301695024053,58.53873260949733,304528.13561404904
2020-08-04,57.504684307040144,57.99986992733409,57.33870274249272,57.46419638943899,57.47741923968975,241414.86513997763
2020-08-05,58.54633687420007,58.71992680265396,58.40805492567058,58.50168026900487,58.501010847575856,341186.98360003874
2020-08-06,57.3778261632934,57.811009581577565,57.017456078962816,57.375130897881625,57.38571753985044,48198.77949027655
2020-08-07,57.32311645061914,57.44290673766825,57.26177641494151,57.37289452964759,57.349966377704526,321693.63614984514
2020-08-10,59.438929765361415,59.64692988376552,59.34678731388055,59.49720001436634,59.4918752986294,250693.8120858057
2020-08-11,58.34711109028656,58.36207979536136,58.183716280547365,58.28731226377171,58.28586372288188,260308.6007620626
2020-08-12,59.95404959495192,60.281188304522416,59.87404732039725,60.04479064478021,60.04134084040199,410002.89832410886
2020-08-13,61.62904559529999,61.63949902963228,60.65265299316162,61.56351305418955,61.590092338819545,256565.33976037244
2020-08-14,59.42570082791453,59.57522695090312,59.238605147281504,59.43551952576267,59.41420465779427,135384.73404339454
2020-08-17,61.60248837378385,61.95901378504323,60.97115327374616,61.60839258326087,61.6213840938314,246510.13753078517
2020-08-18,63.1079776638879,63.45046510724615,62.71024991533663,63.21595606122202,63.2024502694673,279437.3204536841
2020-08-19,63.44535151574021,63.71419974034063,63.21375491582055,63.45466136982233,63.46392494717272,287494.8847676121
2020-08-20,61.735263052059466,61.99012836782528,61.28512809272641,61.69740641710646,61.68829715323949,295715.0558099369
2020-08-21,59.69511167552661,59.95681575702272,59.57122346211175,59.77499558262454,59.7465171718074,500629.4206115445
2020-08-24,58.632096357336245,58.94844497214457,58.22812422478372,58.602874862005976,58.623547262866126,139857.49190215158
2020-08-25,59.79266018816274,59.93488822783043,59.565649921123786,59.787338382431855,59.80098355321329,298170.3581228838
2020-08-26,57.68181008533705,57.90756410040755,57.6642840072319,57.71896699436427,57.7091415743521,581844.098694689
2020-08-27,58.7080818303883,58.807793903439,58.58156223707955,58.65794846053029,58.647316456600585,94772.36163844624
2020-08-28,55.91120155946001,56.097357905142985,55.98392918804223,56.03460414573699,56.05399342448608,298877.18290352286
2020-08-31,55.63470909383963,56.28870251310804,55.37142788871909,55.61542829551644,55.62704236183946,188862.19456578317
2020-09-01,55.93175516371424,55.92561992851224,55.73039648841386,55.84132376074274,55.835616687256845,214823.87155617843
2020-09-02,61.19606389609749,61.13590340856996,60.9012794961132,61.1080717474411,61.105111843595154,155922.67621668082
2020-09-03,58.10686687986721,58.20331233021479,58.03363185169869,58.08422525850417,58.0960313321267,242381.829747404
2020-09-04,61.30473900790808,61.8617147538416,60.71575158798233,61.32323905025961,61.33189386051331,809970.7125555829
2020-09-07,61.6243937344727,62.02200882497112,61.58614587368654,61.66359960874987,61.66034538938832,125660.83656371862
2020-09-08,62.58698090299625,62.78236354093472,62.3338211558031,62.60594585884876,62.61888447983091,133017.23676091514
2020-09-09,62.91458930903211,63.164888228170966,62.71065358985379,62.88039449475393,62.88365534489699,122864.72813496
2020-09-10,63.86873771943689,64.1005210880305,63.83297141992486,63.92033701553556,63.94274855046396,756494.8253809132
2020-09-11,63.60822959502321,63.88787119427033,63.52554311267068,63.560087670744025,63.54354837839986,203332.1599419072
2020-09-14,67.20309305155162,67.55562759503349,66.75914794445444,67.06004321502972,67.05033155436765,264240.92582637136
2020-09-15,65.93801921324922,66.17315860559872,65.70515603327226,65.94209992372359,65.94870421332858,210729.42326333455
2020-09-16,68.66047094251721,69.00144632026102,68.66218477451548,68.75290198665871,68.7629236862352,152260.21439714354
2020-09-17,67.04988674278208,67.52862222692296,66.90727645746672,67.140173137876,67.13505449426358,233027.00148408444
2020-09-18,67.04409569533395,67.42962578308209,66.86292504378143,66.99207196001203,67.00751369535682,1172848.734754928
2020-09-21,64.39388972298144,64.75868797793234,64.37616144428642,64.39773724171533,64.37872496754805,618617.5767489111
2020-09-22,65.54504372431234,65.52232463426232,65.38668742065367,65.48762215389803,65.49527653033316,160851.57258304046
2020-09-23,69.03413742594827,69.55314588562015,68.14586745081303,69.07099607507749,69.07037481123331,395752.56608842185
2020-09-24,68.93241285276729,69.32518673733209,68.3451911269336,68.87520348690946,68.88448398530048,162931.69394365378
2020-09-25,68.36724672442463,68.43640747982704,68.0503646152776,68.3780709165328,68.38312359824643,92427.4615774004
2020-09-28,65.57873926467157,65.8070676492036,65.34373945418965,65.62681116999157,65.61359240177579,494699.8779985738
2020-09-29,65.04925836413119,65.74762899954253,65.0326655176637,65.07535348188496,65.09502841209381,538237.7779665765
2020-09-30,61.29244613370906,61.46449182326933,60.57778597548516,61.3659044569137,61.36401581995806,502640.9366966052
2020-10-01,59.454373049310746,59.81645045943839,59.05081452085486,59.33633175057158,59.32225297123563,202416.118578122
2020-10-02,59.82933901231984,59.900179460557645,59.61854104309024,59.83510602835332,59.8375704197353,242785.7289829455
2020-10-05,62.85701907173211,63.28440243218476,62.81103217002309,62.81653293125575,62.79399888065732,420777.44226955617
2020-10-06,69.63237437653044,69.89587242814757,69.37465084331224,69.6697779297949,69.65402268560963,339387.43925110257
2020-10-07,68.10886442487121,68.55021956969917,67.87920808163555,68.18058547965614,68.17904503949987,211888.9333803557
2020-10-08,71.868464166395,71.9904705162145,71.69315274948137,71.88527673164447,71.865945994842,101575.42530284796
2020-10-09,72.6147536719158,72.58155290994489,72.29768625503866,72.53487880496621,72.52068341282926,287312.3172510992
2020-10-12,72.09499666485463,72.47609386266998,71.6531693179525,72.13255838119862,72.12999163970862,512679.3005500804
2020-10-13,73.22893330923016,73.64815838964688,72.63059884986612,73.29273698014022,73.28363137225902,130802.9179940627
2020-10-14,73.47250876014775,74.01453248970165,73.37698075891963,73.46108818758213,73.4520309211599,393665.0221253168
2020-10-15,73.7983101230939,74.12195940071446,73.1830240008186,73.76150146679909,73.75200973494077,327395.76778028044
2020-10-16,72.78000793399902,73.0524368029537,72.1090456028875,72.66063753867091,72.65677315635821,420874.07469723886
2020-10-19,69.0366318144965,69.16283252053489,68.48434304377454,69.01221870911459,69.00629109203221,452790.714960421
2020-10-20,65.2383849961231,65.20475695241014,64.85813181591237,65.19639899250532,65.19903694013854,176896.63445589886
2020-10-21,66.83397273489021,66.97355179020795,66.64781531100009,66.7859352654792,66.7836456785079,101704.24889756192
2020-10-22,66.03290299109403,66.30697879148204,65.9153077857162,66.1091278323709,66.13939882511119,194831.09536662995
2020-10-23,64.61108516251247,64.85702858796337,64.18239064562655,64.67338711042183,64.66122202912075,457474.4844810073
2020-10-26,64.62434105617857,65.35642649861784,64.03459121388735,64.69446314473917,64.6774397519975,193841.8031844418
2020-10-27,66.52999324287546,66.76520287241017,66.28510120833552,66.61873911343496,66.61394143978843,176941.42165633515
2020-10-28,67.1172353918286,67.89163490763369,66.99807970041739,67.06388875926783,67.06838167297335,89966.24243050069
2020-10-29,65.48156127025743,65.53682369770287,65.39410244073721,65.46257384471322,65.45492417478368,768033.4245487015
2020-10-30,68.49539723721576,68.78248786330346,68.24670735503618,68.48995255562626,68.5097170624775,440395.3762754725
2020-11-02,72.40719054354678,72.82128877562884,72.42758652972267,72.59540986163744,72.61437159809785,425890.5165279136
2020-11-03,74.08364088495975,74.41164435020957,73.62604210341163,73.93167603574939,73.94069970093238,479565.2446148556
2020-11-04,76.5653238669941,77.08203483928702,76.50900839912985,76.63385537842939,76.62941252351919,379278.1109437876
2020-11-05,80.38877544902144,80.50041118852407,80.13314715274821,80.22417047271091,80.22394399772497,231747.26616894885
2020-11-06,83.51595745034255,83.71504074012397,83.32396364687399,83.63716790339235,83.62665091046533,243224.8340435165
2020-11-09,85.48328018455926,86.42197106498125,85.05301740647091,85.55278336488263,85.50506152266219,207619.29751839687
2020-11-10,87.26881810036829,87.46726534099132,86.57894786679523,87.46148257324815,87.48648063616952,1303866.257118107
2020-11-11,89.1861232995107,89.29266408832997,88.81541790243496,89.15383846790031,89.14822633710462,374574.95874742855
2020-11-12,85.52686407712059,85.74232480963504,85.61740929074642,85.62115495802385,85.64863431746691,203154.0292709969
2020-11-13,87.76799732795521,88.09305303403772,87.35267701363449,87.86227356102563,87.85734859825261,354795.93227048503
2020-11-16,83.46602595518178,83.67423686692113,83.03823624620104,83.58074171146275,83.59262181398735,146309.3726114826
2020-11-17,81.23261764304655,81.38934918714538,80.81463543399452,81.16952010565242,81.14980721671066,0.0
2020-11-18,85.22607406547718,85.98996442050374,84.75220653298422,85.16548192072236,85.14050903162882,180476.98514718804
2020-11-19,88.0043298363117,87.9037499065034,87.66319908960729,87.84515144472691,87.85208854689267,362453.424024946
2020-11-20,92.73272388113548,93.23856455559952,92.34213302464632,92.79635495614036,92.7648548840752,508686.18747424334
2020-11-23,91.89307776659383,92.13864446537352,91.55346183195496,91.87297418016752,91.86808992565764,338020.2644029901
2020-11-24,87.94063026753813,88.26510600393199,87.70943664513084,88.05416159736332,88.08155625439686,283986.5040580368
2020-11-25,87.24915044987881,87.8969050110797,86.88833822149054,87.27839211707963,87.24875957031583,270082.0959704223
2020-11-26,87.56284309205647,87.62497016023559,87.4361615797596,87.60829824700646,87.61387881274487,259402.28039626777
2020-11-27,87.90560889810091,88.10821407590237,87.42862214741312,87.86480009543124,87.87412319526462,189848.3560928444
2020-11-30,91.70812036446443,92.27662545057068,91.5165166214484,91.61494596662254,91.62093813240963,204906.68146993587
2020-12-01,90.49389635944036,90.51528160629096,90.35923785866096,90.40429966933014,90.39685281851104,651970.2585780725
2020-12-02,91.50883768194902,91.61346024417855,90.92979312127169,91.58602750989802,91.56701172436368,251419.4704899451
2020-12-03,88.39826169279604,88.85285287772442,87.80552348837625,88.31008690536656,88.2765274337774,167463.7582819636
2020-12-04,89.78513641793788,90.0317311691429,89.21515842610667,89.78909478249216,89.79402283260269,196854.7531012647
2020-12-07,89.77134231045301,89.90898715482355,89.21371186164913,89.80049127116966,89.82369281573044,519292.4071551789
2020-12-08,87.29201504568638,87.81636419042371,87.12217248501317,87.35390629171256,87.3666268583859,402465.2271354568
2020-12-09,86.5505217754225,86.6388618391126,86.22593423930638,86.59901166180828,86.62074355181888,375569.0070008192
2020-12-10,86.16409744094209,86.4911143589405,85.77151367849335,86.01423365068254,86.00002861122725,229920.13320218396
2020-12-11,85.18928765172895,86.24963269053391,84.81168621516376,85.163107595546,85.16798536976633,378517.4607001322
2020-12-14,90.92542241442264,91.39982043601267,90.50688231399036,90.90954853019828,90.88357241940912,182382.84944384077
2020-12-16,89.99151657343096,89.92755067260073,89.64287292070817,89.77193633724268,89.8066852111983,480163.8565457783
2020-12-17,83.20317405655952,83.20592258577345,82.23006414999686,83.09473455639552,83.09745308438178,453416.5903436697
2020-12-18,80.34385042098853,80.47810383159742,79.89916907124267,80.40182513105121,80.37941470471516,148873.77711181677
2020-12-21,79.60522784259041,79.70057457662332,79.10566493913895,79.62701499265359,79.63939728071672,160601.93488192043
2020-12-22,77.62377731002992,77.73161237818819,77.37978918603567,77.64041134450555,77.65690680344846,286421.9326699664
2020-12-23,81.7095046921755,82.1534328226806,81.52493617193275,81.69758730349463,81.67502627355768,755911.3790425026
2020-12-24,81.14652070453978,82.07648891196102,80.9607492343435,81.20346268326496,81.18729020069402,85021.6238469902
2020-12-25,85.19099370765512,85.24729201178181,85.00510504356883,85.15362688915198,85.13892697148104,317108.65796794486
2020-12-28,85.47248943195788,85.60329179775327,84.65284727450197,85.34855580698387,85.36379966746217,117521.19755938732
2020-12-29,85.35452376346406,85.60980388472085,85.29403303174682,85.46679534821999,85.480208040657,183395.7020860643
2020-12-30,85.09249444761464,85.33970879073192,85.07684913057487,85.18859968839054,85.17692062511438,215635.1092531115
2020-12-31,85.1604058693688,85.39559431716573,85.14743778485922,85.20157173767865,85.2268572771679,208500.14047001532
2021-01-01,90.73499010729851,91.478073534871,89.98477977422792,90.7746400670502,90.75918681751249,194798.7856232936
2021-01-04,83.50424350768931,83.40462494492655,82.74026871915709,83.33769596622088,83.34706801411792,269500.1527781468
2021-01-05,77.48975879112663,77.56975108107126,76.7006846064014,77.41221426235828,77.40199131614584,194628.2601683673
2021-01-06,75.95049567161756,76.32331119868513,75.80821590912386,75.87884158545558,75.86803469442795,111583.17646983906
2021-01-07,75.90034763710196,76.3746882592406,75.38664129834062,75.92041839116176,75.917701166372,428446.7623939895
2021-01-08,77.85484047739634,78.10187059724602,77.58423804158991,77.87713774601521,77.88965452220174,421562.4894209384
2021-01-11,79.1328484983314,79.60389066406731,78.59377810639147,79.24789309376511,79.26266411319831,445033.38731744856
2021-01-12,78.19556126407338,78.69803721151791,77.87911474667557,78.134480397549,78.15644617284323,106463.69374858376
2021-01-13,81.16567988916017,81.47850013411643,80.70468071786905,81.12584267054781,81.09786191473049,321049.5949405548
2021-01-14,84.3747218139761,84.50327029594285,84.19529045525714,84.26635550286835,84.23439041969425,402555.1211754642
2021-01-15,84.82308997392954,85.25252420891117,84.35983656809336,84.84097697278557,84.87495920794373,144535.25831288757
2021-01-18,87.89375958175278,87.97044841704688,87.61085050156348,87.90622285097429,87.92649704797267,269818.2731349878
2021-01-19,88.81020466813864,89.40637584761527,88.67607397901929,88.79510545749751,88.82768474695614,250256.08506196804
2021-01-20,87.05511474779178,87.57079342299417,86.41072158578821,86.9775396910178,86.99726360710329,810405.8050978029
2021-01-21,89.11339267570193,89.6282479896507,89.07130760588291,89.24460148299009,89.23768988206447,851451.3323098073
2021-01-22,89.67623636661256,90.17508907514956,88.45698330631166,89.61027817171826,89.62564051340497,98852.7021415299
2021-01-25,89.61397324874982,89.79146888656459,89.26723442211338,89.61580997515483,89.63818657166613,1198230.2127600522
2021-01-26,94.51626374231834,94.67052474109852,94.49118898600838,94.61642821939206,94.6253227944463,154951.0542976595
2021-01-27,86.26531544151595,86.60852733944832,86.18113181770829,86.44552027036272,86.46280413830826,483305.3737281675
2021-01-28,82.03452896964376,82.23918364420193,82.02823661491817,82.04572605442216,82.05131200035979,480363.6924183563
2021-01-29,78.64823613166384,78.9011676884165,78.48347327709001,78.53454065751848,78.57568520221471,147647.92947764628
2021-02-01,77.62083426452773,77.8690347415505,77.32869039101249,77.4910611725725,77.501233451675,360757.28710359166
2021-02-02,76.79553040641376,77.04266731756842,76.56479021596586,76.76824879705649,76.79909926583845,251570.80342156548
2021-02-03,72.76315606007086,72.84919103522371,72.27447389037496,72.62067388659331,72.61028457059761,374219.5748980013
2021-02-04,70.02905130542833,70.99505135903912,69.69646924898632,70.03205855786449,70.01720181691753,308168.9287067978
2021-02-05,67.91053839380523,68.06593750166464,67.72027954679892,67.84586069384153,67.82830689052086,550071.5783647108
2021-02-08,74.24496392615812,74.66334024129762,73.84445600150053,74.27848067101792,74.2627064065333,280755.57386564
2021-02-09,79.33851558705261,79.56476886040838,79.0900194858817,79.37936411568967,79.39882775183415,242625.78559018456
2021-02-10,78.13183988190818,78.72929836789233,78.17922816913739,78.1848108040295,78.20809808586871,517952.3558222349
2021-02-11,76.98610114947769,77.15152648426475,76.4399899414488,77.14506078034324,77.1458694895486,380118.2163252617
2021-02-12,74.0419060711108,74.31489794205511,73.90624429626706,73.94672980752715,73.90626682071102,416269.4461206499
2021-02-15,68.88163723286029,68.97886549076385,68.34511138098324,68.92586230200882,68.91767960846512,180096.48186745375
2021-02-16,68.57543173598432,69.17516465317154,68.39250614684772,68.63043482792689,68.58508021737669,143321.02613790057
2021-02-17,66.07503885205213,66.5044060102275,66.07083151738176,66.1530976339111,66.15983592898084,190873.6011829269
2021-02-18,65.93388141930106,65.95006716558977,65.33698781317405,65.94735838430154,65.93933383763003,184888.305669748
2021-02-19,62.28085642762576,62.38047434716634,61.83819384104097,62.1712179628102,62.15534783409067,430077.0085093485
2021-02-22,60.576852582598505,60.507835281449104,60.12968724720637,60.45028305840458,60.46527134081279,481947.4827645264
2021-02-23,60.6821232423662,61.13325291292468,60.16894191765736,60.783075839637625,60.74470111472277,244488.07807543315
2021-02-24,61.58794857379645,61.74287535693871,61.377177904647056,61.6097860389905,61.59179038245901,633206.2081167498
2021-02-25,62.501120150457936,63.21319528509277,62.183790283760416,62.56583560866216,62.57654877235469,609919.1194293415
2021-02-26,59.65343731259428,60.226894678477805,59.05051769474479,59.59453778173454,59.59060988451751,310531.1041828038
2021-03-01,61.52004321387882,61.589157565723866,61.49924513563624,61.50241701801848,61.48102961811736,163875.93671351692
2021-03-02,59.6777668374299,59.88077512415013,59.43708091125843,59.715780071383904,59.70015482664896,690537.7975059721
2021-03-03,61.130184979658026,61.48995794045842,61.03863525581675,61.125748895757226,61.12136426994093,258691.00288318063
2021-03-04,61.07336935347184,61.46524473208939,61.04765014408093,61.102540844286224,61.067943870929554,289438.7893414278
2021-03-05,58.17471180003376,58.46196591353687,58.0714798024114,58.08095484551682,58.09313111552691,218870.82282097105
2021-03-08,57.44013189036617,57.76937871960657,57.09110654440978,57.40873163835157,57.39960907606312,157333.9356571631
2021-03-09,58.22670889461378,58.26744722903504,58.09706969697904,58.18773338798047,58.2013742698048,111170.05576101445
2021-03-10,59.359241463215405,59.5853766435653,59.203319155217216,59.51797098027977,59.5011607006256,392276.01627094526
2021-03-11,59.206280352947765,59.21352799319539,58.72988770987484,59.21023492631164,59.189587410895086,167704.5983720099
2021-03-12,62.78039753779552,63.39731072619925,62.55816032546898,62.64988461158888,62.67728379499551,1682377.8497136266
2021-03-15,65.1070049568281,65.08273156230563,64.87268764507472,65.02077901162437,65.00364038795642,139854.2167931381
2021-03-16,64.29045855394567,64.65194508930605,63.498194440809975,64.40942853863446,64.42558966909577,126193.34765868484
2021-03-17,66.195025070196,66.51973294690171,66.00574249079084,66.215778805805,66.21947162908502,364427.6171005133
2021-03-18,71.0227731957455,71.46198538874305,71.07229695504148,71.10821109556348,71.11398463276318,671714.1032455016
2021-03-19,76.56807485398454,76.65768225093952,76.39909267153133,76.43728289994455,76.47383445715793,278940.5049524979
2021-03-22,73.0736721566035,73.20027899645733,72.9086827590494,73.05582620486793,73.0810937493568,0.0
2021-03-23,70.54987776673676,71.13268127405394,70.40102361851852,70.60408727144265,70.61667147859274,88775.99354992449
2021-03-24,74.57926712236085,74.79696085218033,74.43890925542235,74.57671973497868,74.57238446677454,178705.2487529483
2021-03-25,71.53780684237462,71.95053693544726,71.55871901496027,71.72481966474713,71.72310038085318,140903.50347001996
2021-03-26,68.23927053010652,68.7387045564131,68.0950864107446,68.3133879124996,68.34145006500545,86074.84522218705
2021-03-29,67.10344857411872,67.81167318018153,67.02349090684473,67.10100316355675,67.12366816995288,287848.08589320607
2021-03-30,68.20681529090616,68.72591634243572,67.82583662953643,68.14918320528923,68.1555763311754,69863.83602520458
2021-03-31,67.76151433733334,68.0251914920775,67.86650749615478,67.89331659152666,67.89972256791016,121380.12392390693
2021-04-01,66.26034595171829,66.53161905228254,66.11849628299952,66.28561106419971,66.26355157652742,194402.05143305115
2021-04-02,64.72487986572493,64.71536521962062,64.59544664322915,64.65959399580893,64.67331107026538,162954.85829038874
2021-04-05,62.89348093206571,62.98912114892812,62.55679648332932,62.98490057539118,62.99061986109661,340389.252258515
2021-04-06,60.99070149094644,61.04809446481688,60.90577466825059,60.97672667187192,60.937116080881246,322335.47020868934
2021-04-07,66.33132082532542,66.66773422757457,65.81550380010181,66.32694493809059,66.33736329028108,458758.5187043442
2021-04-08,67.17401698978578,67.42835123606582,66.71446029062626,67.05905227027186,67.06126646323354,421438.964139916
2021-04-09,69.2718133637465,69.64844385136166,68.58840596656188,69.28775898482851,69.26642936414949,532047.2997184678
2021-04-12,68.0391721100698,68.39934667638654,67.99126538948389,68.05084967659424,68.05242853334148,268028.5972600658
2021-04-13,67.64466969199844,67.70865272214174,67.04293498026725,67.58688562494737,67.59192196272619,321927.01601269766
2021-04-14,65.74610409767581,66.23783366127054,65.7948843832076,65.83342216948344,65.80395955254974,364728.39094119775
2021-04-15,59.691403274643264,59.71909072052175,59.51246600683757,59.70459101615272,59.70930862175933,292141.63599729066
2021-04-16,56.72288121909731,56.79569984328894,56.08128875608721,56.748743040634686,56.748171561847606,211437.2227055442
2021-04-19,53.07866022698832,53.29479934667007,52.97878589079586,53.08603450427064,53.09851066658644,219813.44303717007
2021-04-20,48.90386823761238,49.07588468934756,48.67546251629547,48.862413051267794,48.84853614644554,164302.57246140385
2021-04-21,46.78294846838997,46.77094786120789,46.61032127552092,46.75703751904037,46.75649638337468,345576.7702516392
2021-04-22,49.060811925993534,49.35843742722399,49.09740882622714,49.09757040835,49.08570367755039,253619.62787886825
2021-04-23,49.02453342650389,49.06563733272081,48.86271710854251,49.01783272782118,49.01088345313483,180249.22393002265
2021-04-26,51.48295200571715,51.4125527190056,51.26288783329938,51.40633386649418,51.39549914384554,180349.7154211909
2021-04-27,52.148173574914544,52.33842631990719,51.93445413929458,52.19156385086674,52.18526673991975,129801.38628155307
2021-04-28,53.72724765152384,53.72134205340152,53.44382662015022,53.7194493720138,53.70511432553241,482774.4299171164
2021-04-29,51.95567384403204,52.15076960920715,51.53780187746308,51.96571157605767,51.988020810733055,281298.20172267617
2021-04-30,52.976272758634295,53.088572377396254,52.76287922696017,52.97961073984799,53.01951029022029,159902.57272119206
2021-05-03,54.33371351677752,54.56352417865639,54.29619661650398,54.42245791259424,54.40224793624775,435882.7873178412
2021-05-04,53.35385133870057,53.49519820286997,53.11909438063187,53.27868774510328,53.276462667585136,191708.3937854441
2021-05-05,54.34738251018175,54.59592102255134,54.078642578627125,54.3894991222154,54.407722889624914,115393.07513877476
2021-05-06,55.594059586695565,55.69810591701473,54.78677757819072,55.53707455119425,55.52669863160532,495208.1080645965
2021-05-07,54.3903818909528,54.65595979362779,54.29748033300149,54.42419981562994,54.43207221243944,194413.34315086092
2021-05-10,52.18603452158436,52.23461813796191,52.11015349981817,52.21869755982397,52.22145006980208,209957.52889210448
2021-05-11,50.0500373901117,50.369551871744825,49.84228280154204,49.98939409385976,50.00439875004474,275049.9543158223
2021-05-12,50.19948879849801,50.43902627635156,49.97858120342965,50.149645837630125,50.15674932636467,532614.6900094084
2021-05-13,50.76893670462714,51.13298661985295,50.72257021479661,50.758345168902544,50.77392481781593,271582.80822423124
2021-05-14,49.33530767967142,49.449675369215015,49.19548234725669,49.29778464378557,49.29085050364307,130682.98719570915
2021-05-17,49.332481817408166,49.68835100132639,48.69987082836444,49.34672095093509,49.34169106008222,371879.88914166414
2021-05-18,50.3955537039172,50.744396767290375,50.36492310450279,50.39597539867787,50.39398082451952,200587.56537856755
2021-05-19,51.523900835938655,51.718242485434565,51.51100203144559,51.55801287488365,51.56696254204867,832971.23015016
2021-05-20,54.64291526426512,54.59469981701477,54.2465540033679,54.593559140988205,54.59119138321293,268157.0691681105
2021-05-21,57.185414419798185,57.36234401105309,57.22352411812657,57.2250950635926,57.23894135449079,70191.23335697115
2021-05-24,55.234372064866136,55.25917173572059,54.80644997262249,55.152462035934526,55.13915696311453,332507.9282961283
2021-05-25,58.665271368834254,58.85904661511701,58.60807459921545,58.68380571980761,58.694644616078655,861782.9117029125
2021-05-26,57.54844133765353,58.022132253238375,56.94558067391471,57.54726112596476,57.56388916188471,690763.0762572092
2021-05-27,59.85273035162458,60.027296084039705,59.44524388605272,59.80735283718585,59.78586110023484,804979.8888180787
2021-05-28,59.95957175552578,60.35450434187616,59.76762210732563,59.95814088919785,59.96609794784789,145530.9254083838
2021-05-31,59.03738752353152,59.29003426165677,58.98194706893717,59.05498049322041,59.07980748954519,463838.3735156938
2021-06-01,55.247712015499935,55.308972604274494,54.99453079318639,55.249370792100365,55.23967353694955,173998.72944990624
2021-06-02,54.95087238768681,55.46146187915211,54.36187052468647,54.90180015106843,54.90337379809577,306990.9783483718
2021-06-03,51.80169935621704,51.97244113581559,51.7732177866258,51.83605900311406,51.84662729299486,125019.94239959332
2021-06-04,53.71126769617816,53.945271999600166,53.590330883698776,53.71804890190809,53.71132097166459,182284.97552674307
2021-06-07,56.80784499131779,57.114643959581926,56.535764932737806,56.8072606305169,56.823753969530095,178840.92124904593
2021-06-08,55.21142137547863,55.30752177250201,54.97816712271219,55.16372763323682,55.16398594841556,460069.6490976249
2021-06-09,55.776215244904506,55.98899203005046,55.60265494195129,55.78178479806289,55.765739720107234,433840.1698426888
2021-06-10,54.40910124926925,54.51221229835249,53.892314152243785,54.31089091440758,54.316208322446265,316820.8773884719
2021-06-11,53.05967422304877,53.2205231774421,52.97031321001755,53.06798140938081,53.07496962119767,119341.8268815266
2021-06-14,54.59231321937539,54.99042588611959,54.240779609553314,54.60529200385505,54.622638185677694,222574.3182957291
2021-06-15,54.5191350072005,54.83612041923026,54.243766353068594,54.52846112559536,54.52795846511366,171498.5533429306
2021-06-16,58.06330652511937,58.87719424254629,57.82564548509981,58.1398558680114,58.1492414785512,452166.36444023217
2021-06-17,57.05714971732031,57.28639544576893,56.90139304996728,57.1163637850455,57.10246111092233,544112.2854902837
2021-06-18,59.22854644811081,59.337573153851125,58.81413913080999,59.25999376468788,59.25507263543816,505766.9917600844
2021-06-21,59.54142144212784,59.52208781088789,59.30354630574482,59.47386924621138,59.48569644367825,170564.42240356025
2021-06-22,61.24274379930075,61.76273314289716,61.21374807972059,61.24477259727342,61.27141472256963,51858.81073593191
2021-06-23,60.21525305812772,60.57522304338537,59.92158428930111,60.24445018086447,60.22768125084674,92950.5454296328
2021-06-24,60.20901257246718,60.2789654977345,60.117381203439656,60.13525459327264,60.11480294196219,629685.7641378778
2021-06-25,59.97343884090472,60.081849640948015,59.863772285982286,59.88055349561739,59.86692280035308,210922.7088131137
2021-06-28,58.13716406974895,58.09848153130768,57.91642069876189,58.06427120207646,58.07781074666213,171025.0351305455
2021-06-29,59.44853742126022,59.672875388161046,59.30215976770295,59.49929567524331,59.49233247398302,718985.2889493016
2021-06-30,60.913020871458976,61.63479020527904,60.72801053714606,60.94320290860965,60.93611618371973,573260.7580388291
2021-07-01,62.40483522314237,62.29808872980514,62.14408879265012,62.2918542402201,62.31178223056224,272302.6017000618
2021-07-02,65.93901933326742,66.29077678460277,65.91346893260788,65.92312265177549,65.89301583417374,225023.0556205555
2021-07-05,69.52252740627235,69.82972475622154,69.39951312938265,69.54113849705784,69.54399101460929,247889.7258211158
2021-07-06,68.63688113673086,69.16201420048526,68.55922154764689,68.5876113659336,68.57907089363803,307520.6993838181
2021-07-07,69.60805146447856,69.66049766592407,68.98359345370571,69.53800589599358,69.54128773874342,700835.4264667617
2021-07-08,67.9200193489848,68.50175109521754,67.80831929015986,67.95885440717655,67.94972601937175,345753.1826486989
2021-07-09,68.03314312412816,68.02320742271664,67.85768754644187,68.01821720935834,67.99611734278577,414827.2385230747
2021-07-12,66.59368468472074,66.79166477457619,65.96404002765728,66.53203875428743,66.53046171701679,541209.6822430037
2021-07-13,70.54452994835115,71.3165934568834,70.61152074766021,70.62647694171105,70.63841034365335,133011.96949870643
2021-07-14,71.58132495622152,72.20176849285247,71.34534120496672,71.58044126293137,71.55862869792334,422066.0660917087
2021-07-15,70.92929598153006,71.19928409631756,70.71154147346773,71.0084270379005,71.00599167490898,224865.7299328771
2021-07-16,74.12988233854921,74.81044706646311,74.16271654976751,74.20286683118042,74.23515748268106,59298.71305871102
2021-07-19,68.46015586083666,68.80634562322793,68.1713605823118,68.49872749959898,68.48189934794507,74839.2886058103
2021-07-20,63.629231276093854,63.83058231708164,63.36635980599937,63.59888700451661,63.607987700857926,145674.42328510835
2021-07-21,65.47167377127224,65.84975385667592,65.12831299000968,65.49276392326759,65.48754944113627,369067.1693277327
2021-07-22,65.59713366448631,65.88039453738767,65.31664899927128,65.63969563285205,65.63454897031423,287299.2800951336
2021-07-23,66.25261613111435,66.42837088065714,65.72915167959722,66.24920068250253,66.2631030347425,299724.8074955492
2021-07-26,63.0168793265881,63.19801618677519,63.03571126896311,63.08924033380562,63.11766732397486,865070.330557797
2021-07-27,63.06304864795748,63.22298953992296,62.61775632313205,63.03601860034222,63.02035772270445,125310.03570392956
2021-07-28,67.94445331011349,68.1284447266935,67.64244350902396,67.8676687281495,67.84438038606069,263956.6033825697
2021-07-29,69.95621276027565,69.99314625127171,69.6887096627773,69.96175401390816,69.93730454499763,322114.1657441454
2021-07-30,70.38731671564605,70.58766079705224,69.84893271656404,70.40158352567427,70.38125774497809,172514.4241255702
2021-08-02,69.2982568472014,69.53064511210742,68.82859753043985,69.27238774225485,69.28377511578257,272936.9368818938
2021-08-03,68.13464809519824,68.3416054903443,67.60902051996398,68.27313806789664,68.2609843842834,102747.56148280267
2021-08-04,63.15499426843027,63.16613344695792,62.92548039921324,63.12110975483405,63.09568751726889,625273.0606613804
2021-08-05,63.921787070483376,64.18462287962872,63.65121835020496,63.72412212072101,63.72182865846141,178265.85251394953
2021-08-06,65.73384074858912,65.9388599717673,65.28664856824116,65.74190571715138,65.740555830546,907855.1322433372
2021-08-09,62.026326629094335,62.046797354111575,61.938154532426026,62.03371639765176,62.050572045378566,263159.4511671271
2021-08-10,60.58556238050693,60.66574665175122,60.37329973923589,60.5405440081926,60.54429639148429,497242.015483812
2021-08-11,58.10839976915766,58.38358414421453,57.95159757042221,58.01294916871186,58.00198154200233,259891.1786175996
2021-08-12,56.04047568358901,56.38558393229282,55.97063139328877,55.985891239888126,55.98037589981304,263432.83020742313
2021-08-13,55.97612412935519,56.55817522522097,55.96473300314756,56.09704731040573,56.0873210287779,189015.1406451482
2021-08-16,51.9788168632663,51.95533398184597,51.92426711589535,51.94954854799725,51.94211235421061,288218.55925736635
2021-08-17,53.27640174227344,53.22409422008759,52.8912964658789,53.13973006860001,53.139034309154,324746.1946393311
2021-08-18,54.67154961845954,54.74546216522919,53.8936086935753,54.63754097026564,54.63633226617248,167618.34107273308
2021-08-19,54.07238867940772,54.586126998492645,54.08346652111674,54.13489293035988,54.136303285187104,248941.5354490057
2021-08-20,49.419464443268645,49.4400280108089,49.10849221093195,49.40554049834579,49.39659936094313,186081.62125013457
2021-08-23,47.563683460256094,47.704386363662,47.17937350587365,47.62467577537087,47.630857918132,1066399.3536789017
2021-08-24,49.900704385528336,50.00777524620722,49.65686029311953,49.839262359021696,49.83354672550281,254272.43197766677
2021-08-25,44.9465329700912,45.034084796029525,44.61052714460521,44.989537685808486,44.989537685808486,678160.517935165
2021-08-26,44.420819677842985,44.90445789228832,44.38000336806181,44.41752195956869,44.42447327729408,238619.7599688256
2021-08-27,42.49125330340856,42.85554955029084,42.52712404776487,42.52773274208477,42.544537747598994,313505.62607942073
2021-08-30,43.78429998297043,44.25771573965685,43.69227507512128,43.80823891002741,43.81599681106143,121440.72431687784
2021-08-31,42.7956889527688,42.96561472734805,42.73149999876188,42.73218249215905,42.73556041670722,205203.29402006732
2021-09-01,43.37816529635328,43.6831598969046,43.20400937418891,43.37367797859859,43.35471287437433,304467.85756254103
2021-09-02,44.26287530926029,44.49448355846508,44.17354719272208,44.287641067700825,44.298701167563166,694954.9474104538
2021-09-03,47.33489968327753,47.43240325913421,47.12565106581644,47.38917108752409,47.39840790606392,306566.4049762855
2021-09-06,46.94858334943713,47.18366028696292,46.91235649643093,47.03662186449612,47.035003052333714,615525.8466858591
2021-09-07,47.6339728462286,47.88924132643978,47.690934402404345,47.69365098805194,47.69470116204794,394130.5450917769
2021-09-08,45.15899767123727,45.5134162217208,45.072600577528384,45.15394227011247,45.14512692504356,712432.7521183589
2021-09-09,47.225946073315,47.19756314489075,47.04601909400998,47.17969893921661,47.185981278125205,258997.7542039774
2021-09-10,45.85050905737907,45.9819263279332,45.760365493597625,45.87621586340481,45.86366466824898,1125945.4339088649
2021-09-13,45.00895074454062,44.99850218810129,44.76301271277694,44.93837307028836,44.94930524164637,200538.65060569576
2021-09-14,44.86987760520285,45.04998448136221,44.64828264358061,44.9020948772362,44.908853039453405,169417.76053582915
2021-09-15,42.37918249629426,42.723891011431625,42.116351563600816,42.38927163986889,42.39902357065796,129828.32635048252
2021-09-16,42.702566123553325,42.77677816959849,42.54469626473707,42.74871664286525,42.75422797807383,1086655.0809710291
2021-09-17,44.34494075491411,44.68418942603458,43.9964497460944,44.30104897079264,44.30925437077766,438742.7562132894
2021-09-20,44.87641396839111,44.91942612870015,44.65989313952455,44.78248223657663,44.77478586772951,219592.22000722276
2021-09-21,42.16142835215513,42.397201362698624,41.89438257927521,42.23584017172907,42.23647169680251,0.0
2021-09-22,42.02951789639881,42.14689375106877,41.703675836357576,42.04407195932208,42.03454463306853,405394.2425787175
2021-09-23,43.264951220427285,43.44116846227204,43.05088122525291,43.21029970417646,43.21108221219924,872987.4707970651
2021-09-24,40.26281309167381,40.36426087905341,40.17825551338252,40.32115560719835,40.32312727510638,106011.22888446804
2021-09-27,38.777636307688674,38.75710145031107,38.31930313476439,38.75567409087756,38.73516983114679,228841.27844774752
2021-09-28,40.07753867977321,40.19940543579859,39.56143132883702,40.02864480293445,40.0321336851849,203309.99651039444
2021-09-29,40.43276618082008,40.50197290307044,40.335738884689015,40.429603420879545,40.42725293428933,82107.97219148408
2021-09-30,41.07124801050378,41.078685398074285,40.87451317951685,41.04866044854738,41.05117695112707,506964.5316700008
2021-10-01,44.03845566611096,43.97699954797684,43.88690711194976,43.96104455785238,43.95291190135995,228150.7940004416
2021-10-04,44.81449788966879,44.74268637564471,44.45008994211974,44.727349933364046,44.72070518694691,418226.6222111206
2021-10-05,45.82283733107076,45.846300925831,45.81665988827503,45.825677020561145,45.82882696366898,1105560.6729620814
2021-10-06,50.614158018388416,50.734221827956375,50.6077599459609,50.64111822799675,50.61945774509005,217087.0675291475
2021-10-07,50.198033217065856,50.279386235131376,50.17525281212259,50.24425693414094,50.26512791683745,208419.51164318516
2021-10-08,48.83652059429932,48.94593481913712,48.66139207273142,48.78885563140699,48.78706761555689,288139.0634655353
2021-10-11,49.49681715334895,50.22323022105236,49.429221942807246,49.56480894678874,49.56645192486573,485215.50517182215
2021-10-12,50.36115951111533,50.72885058364588,50.30558414999243,50.373882646064544,50.36786442990539,190989.20456205617
2021-10-13,49.411110463400085,49.55048443002412,49.21469604209916,49.40603696877999,49.394347686077566,183766.83679995712
2021-10-14,47.53812066801475,47.68231513831293,47.335362630494586,47.56204449590623,47.55281542659488,506010.9367390523
2021-10-15,51.80354400065232,52.31742847581111,51.61990261618435,51.78905237429185,51.8221862423315,336779.4669243334
2021-10-18,52.55175373794511,52.76331846016942,52.12918643475494,52.417328800127855,52.39877899658016,78681.47681339242
2021-10-19,51.01598173569506,51.130843395049546,50.734185019444205,51.022185961584384,51.02533432810435,128638.94977520176
2021-10-20,52.75163847881589,52.84016135202082,52.3261707260152,52.77461684397508,52.76935585147384,660492.8107289968
2021-10-21,52.61676825319987,52.65107531661195,52.5622988737205,52.56339896143664,52.57113136772037,341518.44554637984
2021-10-22,52.08889471266972,52.398339671633856,51.32162229161401,52.07641805465813,52.08164352553754,169851.94781511664
2021-10-25,53.24404329575517,53.49073052922933,52.83091149999585,53.16751738611482,53.17338147656269,242256.94683783097
2021-10-26,50.70432356307492,50.8102830427225,50.55543358392463,50.695974563689575,50.7082137120042,270476.9074302967
2021-10-27,51.34701451909653,51.40959694006951,51.250759243467854,51.3597734787848,51.36686769303713,417249.655620358
2021-10-28,55.01390298809996,55.62588189985062,54.91171340023227,55.1122080051566,55.12305241067251,118781.6203501889
2021-10-29,55.97717098506337,56.09576597479597,55.68437238228682,56.06798624760077,56.06921361749802,162012.78272276738
2021-11-01,55.195107936312326,55.516140503579685,54.91793748386376,55.29661586163458,55.29686663133197,316087.21550373576
2021-11-02,54.29398836593958,54.3239783796054,54.22796695619616,54.27340033950338,54.28044589359216,252735.62267969013
2021-11-03,53.38661008123434,53.90993030870131,53.43519643532039,53.4594351689873,53.454993117467446,378176.2022775771
2021-11-04,53.02854018517322,53.06925655944174,52.95574382299076,52.96204224367919,52.9661084799244,128321.68594132947
2021-11-05,52.2319131462741,52.67339510078296,51.93143479301979,52.23033335810873,52.20745386314028,332460.78948483674
2021-11-08,54.01182650541758,54.0650741015707,53.82102505716538,54.02501870829037,54.02836052246323,516561.77920417214
2021-11-09,50.639728641737456,50.99330915651182,50.24992981082764,50.68249732432862,50.69498209906684,359364.0168613327
2021-11-10,52.351721689128425,52.541428180831765,52.23468187330997,52.319165630612574,52.315846321596126,291695.8835589786
2021-11-11,51.55125735987745,51.89064272780672,51.06557378285992,51.5927636257185,51.58704612234499,253335.46510835912
2021-11-12,52.26362667187283,52.46896205317102,52.23641545724725,52.31517689646563,52.304626194736514,162606.63945797866
2021-11-15,50.24697605039972,50.475713153359294,49.88950564024624,50.18733593372748,50.19860231284477,256992.15664899163
2021-11-16,52.72541050451,53.11776008945007,52.55410888649738,52.706719586429614,52.70691142231943,571387.8538504024
2021-11-17,55.17055198689858,55.39675600546247,54.89591185451896,55.1835162188126,55.16677383644373,249841.7249220425
2021-11-18,57.207466885428,57.59928266433649,56.99346574567358,57.17079565133376,57.16193303056467,157332.6458654777
2021-11-19,54.06769351994809,54.46338961321303,53.41561028639437,54.06721059848357,54.05722895373766,199716.02204186568
2021-11-22,55.766938740550806,55.9535464546986,55.581628629460695,55.74558744747877,55.73505088611521,302703.8392761324
2021-11-23,56.53809848805834,56.72389516431751,56.471679220944026,56.58431927056184,56.57242537171419,214462.80556634683
2021-11-24,53.44477116674248,53.58243256409847,53.2175134592696,53.33434780723523,53.32660685672969,359037.44650276675
2021-11-25,53.25637984245751,53.45098330294637,53.03233958609253,53.28726620597337,53.29512343853921,367216.2741949543
2021-11-26,54.09272988408132,54.26386945526809,53.99206358592668,54.00869147834382,54.02227836765635,457434.9227582783
2021-11-29,55.11727009297121,55.37996511762928,54.65390232527219,55.1276819948344,55.13247642893342,630416.3060321417
2021-11-30,55.53448790758454,55.549314885272295,55.34242823210296,55.48970232888635,55.49062318254845,487729.0155627576
2021-12-01,56.130388825679255,56.12621371381919,55.69458375843822,56.08920681199615,56.11006573033073,153193.4164055671
2021-12-02,59.288372470270176,59.37646178273562,59.04482542153431,59.22045538706873,59.21725753910956,156041.82075300845
2021-12-03,61.906486033139885,62.05267381433301,61.94851366875315,61.9585698758395,61.92989062290672,256411.05366673495
2021-12-06,55.806227849337695,55.89715802399373,55.59506952091575,55.74626519300702,55.76103573620027,204698.7746708944
2021-12-07,55.20027973917559,55.15474395856344,55.02656715633181,55.09854359255911,55.103967689139765,135537.54473321018
2021-12-08,54.75170695737866,54.99665347045222,54.66840365787504,54.76587450461504,54.76358241786153,205866.85904331185
2021-12-09,51.34354235769761,51.75947905444429,51.28865486167833,51.34176048711095,51.36197641980871,201852.44513437035
2021-12-10,51.49395546357346,51.55474057182794,51.34019147761774,51.52092391821592,51.51264464676226,179313.57290512885
2021-12-13,53.92951672980514,54.32148652521671,53.8578239146245,53.948206344223145,53.93462815119644,222020.79070795613
2021-12-14,51.91980548446916,51.90280940777606,51.39490427425907,51.83110055728166,51.84108679604738,544199.1319253496
2021-12-15,52.42566869688462,52.909198377759054,52.2574489096209,52.47836928719784,52.484590045697104,302411.159208012
2021-12-16,50.68942789648009,50.85749713361849,50.42388441151541,50.73722839431892,50.71400348921189,1182433.836583142
2021-12-17,49.5765512943812,49.52830967797863,49.44295264367858,49.49681682580697,49.49639839420664,297242.8949356329
2021-12-20,52.29996608767092,52.46502028951577,52.097964717351,52.26732261360719,52.26661441731225,225474.09102276037
2021-12-21,51.34180800224865,51.762854753846106,51.01814990958387,51.23317470284474,51.23891716906935,269003.5161243856
2021-12-22,52.09059048412056,52.25011116958624,51.65164304338629,52.114064672423176,52.106305839136525,312980.1932179377
2021-12-23,48.64787252646936,48.73038335487232,48.619391747110974,48.641729993488575,48.64553703221488,348415.9746254244
2021-12-24,52.063838640382144,52.85290066295491,51.97849926718045,52.09825875875471,52.08932172783039,932875.280871657
2021-12-27,53.27666656582136,53.529201270643576,53.25517881191496,53.26903305113239,53.26681009777288,161588.41304002432
2021-12-28,52.81871881423985,53.20383710468232,52.55699842529224,52.91259086694165,52.90725957323231,449291.70593043696
2021-12-29,54.084664055104,54.31869197157247,53.8255602418516,54.047643875155245,54.05344682549748,303959.68564009585
2021-12-30,51.32826473718065,51.40770120350143,50.78596816473542,51.31166674280856,51.30707037691093,104541.70424490886
2021-12-31,53.5950206434132,53.83452607501208,53.38094576774596,53.59810546428201,53.5879127325654,426095.7090961139
2022-01-03,52.941889207786765,53.019526262081,52.82033661361466,52.96256390327394,52.92814962271616,574108.7610203578
2022-01-04,52.51933317362412,52.7123426032864,52.10416668680581,52.56636714022429,52.57231417759977,160443.02237304972
2022-01-05,51.6606256300704,51.704533913536686,51.58214439123265,51.62305886357675,51.61359943059167,266902.76079376944
2022-01-06,68.12938358612557,68.2487602592966,67.78958550901407,68.20926277068854,68.21983549153599,95300.22425575284
2022-01-07,70.01483804750544,70.20027936242981,69.53701019900224,69.9790160752473,69.97179872265066,126085.57526710282
2022-01-10,70.7895756451216,71.08931157242087,69.81792095018056,70.6430301127706,70.65066707901957,503237.6217463632
2022-01-11,72.46886179926828,72.9118780305095,72.05821614336081,72.36136743299888,72.36828666097219,202835.40095667704
2022-01-12,72.22993041793177,72.83791582821652,72.30733827353185,72.33880958157252,72.34986953030263,137959.88245625366
2022-01-13,73.68142068455441,73.87142045425502,73.27161130433609,73.72098954548964,73.73793758510178,307944.9211949425
2022-01-14,72.62318492630104,72.93877536760074,72.57748771011697,72.59259072518108,72.60195633678923,196133.83584720548
2022-01-17,78.8055700046268,79.3143075526864,78.75840493004722,78.81110900084346,78.82550893152681,202299.9963947796
2022-01-18,74.28272739271341,74.58912238939196,73.83283113129569,74.38682474062031,74.36884908069266,418150.0487543148
2022-01-19,77.95637684178496,78.05437746882451,76.8253186606219,77.92635057586796,77.94705824246692,133647.36218564774
2022-01-20,81.95595244307232,82.21642560148526,81.75379221489739,81.9567733954755,81.95783637086177,155870.50921375124
2022-01-21,79.57577609161619,79.59277226654855,79.22737290986854,79.42373322106494,79.41304448114937,294327.3891466527
2022-01-24,86.20413832934673,86.69386900522431,85.8081929117622,86.22597322067733,86.2606301082916,480050.1585716562
2022-01-25,89.55391069842503,89.73301604997077,88.63801310001773,89.44943345733132,89.44943345733132,564048.8729507347
2022-01-26,92.59268353615784,93.3493395007233,92.18799481308037,92.71015549904304,92.73216204484667,180045.15648716484
2022-01-27,92.7116938763277,93.56396347655536,92.24971021687706,92.80710043848929,92.7839288385511,470911.840420852
2022-01-28,92.13462630341252,92.39434681277822,91.96971312673074,92.06818419716868,92.06785957730064,167630.02938427296
2022-01-31,91.460481125257,91.99278748913024,90.50204511118834,91.36146988817764,91.37602357668106,802691.3983324822
2022-02-01,92.598383563395,92.7785713485094,92.26923929703165,92.68712153935756,92.71217727601515,135908.5326962114
2022-02-02,97.6029708379782,98.64479220155796,96.8026439803724,97.60062086815648,97.57530015655186,595458.6848676546
2022-02-03,98.12048537382913,98.68296665962576,97.86163645401425,98.25623414058714,98.27746938897565,180973.94252045467
2022-02-04,94.99438129677108,95.03971396174124,95.0100783821994,95.01159928229002,95.00434222433115,898020.2282098216
2022-02-07,98.02601451431052,98.63627436193782,97.72611420447544,97.94404291308042,97.96345612260626,382618.0213906688
2022-02-08,101.28349361841524,101.64023029872806,101.19536755228788,101.32756690483728,101.3175668835865,145858.18344415657
2022-02-09,103.7775689973739,105.09066319022156,103.01498924955484,103.80341965146278,103.8138426889424,196154.30762620657
2022-02-10,106.57584125949997,107.08735892007812,106.31055109639745,106.69638634580826,106.6805949576524,428784.06368494045
2022-02-11,105.5691060874657,106.16037422701712,105.29706124325764,105.6375971123486,105.61450907983613,504632.9693098901
2022-02-14,102.262653006948,102.70799253749432,101.4556736902908,102.08317945478667,102.09127742373587,257190.0654868607
2022-02-15,98.87685567021,99.46082609287056,98.02956610303596,98.86964561200963,98.83778933867195,275624.5709610348
2022-02-16,92.9940352141772,93.17892041620406,92.71356139530596,93.08733737540538,93.09511950317842,422951.0877671657
2022-02-17,93.87542557565776,93.93580691945024,93.08916475680236,93.90498423065108,93.9110869333369,290418.7297410606
2022-02-18,93.46822411298706,94.10270685753348,92.671204751239,93.61777172737644,93.58678927780213,123487.73080381684
2022-02-21,92.01961580201105,92.3959435557684,91.87692138658672,92.11303312732956,92.10911477123412,164755.12921706805
2022-02-22,82.71957235333063,82.79598275894234,82.18093994441666,82.60719849848185,82.59080099901847,308992.4017868555
2022-02-23,78.88536197066696,79.05535549673613,77.68044386145945,78.89660334998814,78.92439909514873,556425.9905335205
2022-02-24,82.38052418545273,82.72457767004374,82.14488836019002,82.22505878557514,82.2865330588013,707568.3095908274
2022-02-25,80.22873315569403,81.85147133084185,79.79421459648789,80.23638352143153,80.21232131170684,428359.3188858919
2022-02-28,81.307915134132,81.59188423491143,80.93497705689923,81.31084059216275,81.32576704273289,318817.6080409386
2022-03-01,77.2987229221353,77.28771235053377,76.7781010039307,77.2492143519052,77.24148029145923,420537.24667772674
2022-03-02,81.23918479164607,81.98548482899561,81.33725703941036,81.45688545219187,81.4687119199764,179862.7771331113
2022-03-03,81.04324220160113,81.28490154633516,79.99907082638404,81.02663665748662,81.0243951860269,244766.8549102909
2022-03-04,81.89443227799104,81.98595687349416,81.7293268397804,81.89844419514982,81.96019023615062,163655.93851898826
2022-03-07,89.36203848559711,89.46795046770482,88.38919837368994,89.22944006721066,89.23568238630924,126849.22222769134
2022-03-08,94.4506377022252,94.36719642097256,93.82625368286816,94.3596109299198,94.36001410278514,327790.3174849384
2022-03-09,93.19484377221583,94.13006790006682,92.7488731053989,93.30061790699338,93.28177510132016,299931.0770122623
2022-03-10,91.39737775430471,91.85322224905111,91.06747990596035,91.2839903845856,91.27810426440676,405384.58605479606
2022-03-11,90.17274040007928,90.26803092233143,89.96131416375655,90.19640022601368,90.20815451802282,372378.875892763
2022-03-14,91.82547441233004,92.46385804276184,91.80883524291212,91.9086014434299,91.89918166844252,310390.53154858336
2022-03-15,91.57203440932682,92.166195531636,91.4432504280362,91.55398882050008,91.52570564664518,374733.3552644263
2022-03-16,90.21279995805334,90.25322716356617,89.71350368314438,90.23109605926211,90.214411203448,261552.4568722465
2022-03-17,95.3923148550056,96.06799194259536,94.9493335372134,95.24578252228756,95.24876950333083,343772.3132515268
2022-03-18,94.87918451783833,95.18473644317248,94.06857110889788,94.84687758200027,94.83482397415028,173566.02584328002
2022-03-21,103.25846035511766,103.76667395203222,102.29264410471887,103.23722869806836,103.24240606331338,334979.1450822247
2022-03-22,103.6776451498596,104.84078295838826,103.5212028767294,103.58435220521652,103.55023597238488,400732.9847966767
2022-03-23,110.75166055955188,111.086860861365,110.51390532901824,110.63075534694504,110.67940410268793,179546.79389448965
2022-03-24,112.1865488563622,112.16061649757494,111.94608437736638,112.09870773791462,112.07228298144146,276813.4961752832
2022-03-25,116.31492443641044,116.57662108672656,115.77285202857368,116.15005367784924,116.16650672416957,184580.0445581372
2022-03-28,113.15941547041132,113.38220962371072,112.02430941016593,113.09057922377156,113.08071087254392,195652.61281593575
2022-03-29,109.6071941479382,110.04478867297313,109.50081886400667,109.58882142150922,109.60548881631668,136631.4435863976
2022-03-30,111.60088738307486,111.86802731669312,111.33297760195263,111.46276583768574,111.4090767295447,573472.3232988409
2022-03-31,115.589607991904,115.87080619866178,115.48611430106604,115.60011559620474,115.60164977553345,508596.9346067859
2022-04-01,115.77703623600502,116.08696415344626,115.19263682092893,115.77318718084514,115.78913214576949,370445.0177372068
2022-04-04,110.60378005386411,111.02732713542478,110.09569333243502,110.41369438625529,110.41775090356876,876171.8891549194
2022-04-05,105.18635573292298,105.72611091283248,104.7839328837616,105.01602770376824,105.00649199626864,239534.4632304256
2022-04-06,99.63552439481964,100.01260027139814,99.26968519342644,99.63633900228986,99.62874238302804,1654579.4885939134
2022-04-07,93.31103289992478,93.47124139719068,92.50170381145595,93.35337346970876,93.3685502790364,234095.01309176517
2022-04-08,93.8691358494632,94.16430774240038,92.89456575825668,93.7319896860328,93.72517866792,312736.4215418445
2022-04-11,97.77965022652592,97.96162373123626,97.66429294597796,97.70144819379672,97.72176634671972,211363.19829829637
2022-04-12,97.685175352956,98.042584955515,97.55783888834044,97.65435746834832,97.68045669389856,335506.0728204559
2022-04-13,89.82066780909894,90.46088809621357,89.58910956162354,89.84958793947847,89.8582237601587,443019.4515401154
2022-04-14,89.25079877762546,89.90060548532108,89.2122747487673,89.22120440937408,89.22891181338275,250609.2329567284
2022-04-15,88.68664078121066,89.24351735236183,88.4305422399641,88.68856607338975,88.71375457961474,779206.9169580183
2022-04-18,95.74885480718171,96.44511104422622,95.21578868783654,95.81250671347208,95.84437848056336,309740.32705770846
2022-04-19,90.81554691137882,91.19432648128982,90.79895113310135,90.8038293737918,90.80797297042876,315619.0513625898
2022-04-20,89.53059626344076,89.81465637954886,88.90667024847673,89.50683899612199,89.46688013043217,155531.1610751585
2022-04-21,95.28025870364716,95.7051789677148,95.13167104332236,95.31603987481454,95.32091486244754,344930.9202241611
2022-04-22,96.99876290484896,97.01295585382957,96.00103807304572,96.91117209799351,96.949397159196,247603.42871965832
2022-04-25,99.07296155881508,99.58612881077816,98.77311899854372,98.94543747392729,98.93341400545444,186289.30776885973
2022-04-26,99.46177996858673,99.8432012624608,98.6355670935664,99.3654056907781,99.37543173952623,168403.0269027954
2022-04-27,100.55455813176604,100.9065882728093,100.3894632199797,100.58234384183338,100.56245985489018,1333153.875328633
2022-04-28,103.58619944017047,103.8440299235343,103.04480516887398,103.50796589369324,103.53228425746492,229099.9499304277
2022-04-29,100.47455806963744,100.99396227348916,100.35250492877309,100.46672554331587,100.46688459322614,111950.12600028164
2022-05-02,103.64421804020868,104.12326859707268,102.9185834305638,103.77245443346074,103.75141777288113,176498.40600127482
2022-05-03,98.71946744161544,98.87719275118631,98.3214319145345,98.6531006025602,98.7031468529082,260161.87081018137
2022-05-04,99.87010846510849,100.60936877302696,99.10591177465956,99.8555164146362,99.86892036702504,372502.9437927639
2022-05-05,100.7774380905831,100.8027817999199,99.66498506881936,100.5167430923614,100.51135410559696,374324.3374562925
2022-05-06,98.40374271419084,98.7806342622932,98.20274223468208,98.26055047697103,98.25238550224832,402708.6920617644
2022-05-09,98.2494633826221,98.4138394517553,97.9045934576753,98.17964291415592,98.18022927270992,182240.73576570587
2022-05-10,95.97772250699882,96.42395332304837,95.74242455511092,95.95381364715185,95.93596521901188,329148.49025985645
2022-05-11,92.25389621913936,92.83240535131216,91.96086682045248,92.23879467567122,92.25038207417408,158635.4880792172
2022-05-12,90.95420856164316,91.10101153529789,91.04016790339472,91.04559005562952,91.02009130747798,185019.07561764907
2022-05-13,87.26449969403238,87.43355458751908,87.29702179660698,87.41651589862641,87.4415672171984,154720.3565700913
2022-05-16,88.38662266446222,88.5716278180423,87.98917355082523,88.46381256994421,88.48932688764475,131526.9019496948
2022-05-17,84.78942035989142,84.98165988175046,84.6068870468585,84.79346645127082,84.79047890257078,508146.8163226235
2022-05-18,86.86573327166158,87.32512903011111,86.47390799950135,87.04901839903027,87.05246396795907,405617.9641493339
2022-05-19,83.29552315642381,83.50434268212734,82.98870319240483,83.34088741763257,83.34578505067294,482144.53922333504
2022-05-20,81.60027850759434,81.69270003477347,81.5841975312273,81.6204888043923,81.58729507527775,274742.0233948497
2022-05-23,79.74682286145575,80.05743003944633,79.71702271893858,79.76400614639206,79.77938091026721,427660.3647836412
2022-05-24,83.70194559232988,84.21685691933708,82.47390202211679,83.75736982046224,83.75722669759311,93267.44121868424
2022-05-25,84.7552822379486,84.93249637665103,84.21372596021892,84.78423722620315,84.8131418930959,450382.5045606329
2022-05-26,84.27125008525329,84.55468609975438,84.07360498856258,84.12622540449512,84.09230489065868,298424.39540343324
2022-05-27,85.74462302006567,85.77086857036461,85.07790222276613,85.68788519120541,85.66718628986636,390922.94975143817
2022-05-30,79.24155858487046,79.97707872192258,79.1322526614691,79.28598258250858,79.28082896115822,337059.23972803727
2022-05-31,79.15560670172118,79.17501705122058,79.0236359354039,79.16101718217007,79.16446014990349,148414.884904715
2022-06-01,85.20739034278209,85.29432249559002,84.84984261391573,85.20980291653292,85.19074503370855,109226.1884777639
2022-06-02,85.56174949557143,85.87345847111733,85.43498848028088,85.62750760531456,85.65610546649219,175039.5977715772
2022-06-03,85.77713721394458,86.52329723593768,85.76104438675904,85.84316178365907,85.8551982943794,376604.32096694136
2022-06-06,87.68457968529263,88.10243449909939,87.40759096670985,87.59606176079733,87.6006259679698,405978.243254647
2022-06-07,90.49882305681946,90.85660189260268,89.90259509234303,90.53682900322492,90.52130138675376,118093.81542855925
2022-06-08,84.02004111147345,85.03176162160493,83.83786978418782,84.11211834352962,84.06970803633257,148946.19011292595
2022-06-09,79.0528183711842,79.48205257392769,78.90525650226456,79.0562288840991,79.07638967224787,173869.20296673497
2022-06-10,79.68171859603768,79.68488032478231,79.64290708990006,79.67231648563799,79.63539934938765,216558.7092091689
2022-06-13,77.44844289484384,78.04155505145253,77.38465193933303,77.60152775645288,77.57988052691643,118512.0001464024
2022-06-14,81.4439111702167,82.00191080400629,81.35169366894722,81.4472298481873,81.45556616839484,114321.3864484627
2022-06-15,80.57748297909886,80.67326919867342,80.40609346028255,80.50760399426937,80.49467859540464,163881.4897570361
2022-06-16,75.00211107152333,75.22579950699256,74.32325113835127,74.96828317917077,74.95979009510933,282589.98271473433
2022-06-17,71.70575512980592,71.80362602752726,71.3531418869252,71.54622171411712,71.54505136182647,132143.45558071334
2022-06-20,64.732578943425,64.75717618383659,64.4267377163711,64.65169259776839,64.6509827461596,250325.63618701097
2022-06-21,64.18988311363374,64.12977943891013,63.8575689425877,64.0970107738387,64.08557984916966,506425.08761309326
2022-06-22,63.83254600312635,63.80873762416316,63.23532309661175,63.65430846922133,63.69072651212363,122876.14275539949
2022-06-23,62.71453749707349,63.0548711387803,62.60814571941921,62.66702609882987,62.66834396117144,237075.1705048159
2022-06-24,65.22050179357035,65.4323131463068,64.87621803909197,65.20986800683521,65.19330900137344,496259.3937376202
2022-06-27,68.22212594403732,68.21017279508513,68.15006940103606,68.15575993435979,68.14693823955314,208780.54717539664
2022-06-28,67.6920546294933,67.79613266888734,67.61184386241372,67.72993167491727,67.71525656038649,190193.6771707649
2022-06-29,62.61295435547939,63.18107018741714,62.50744496160894,62.60621252287529,62.58891560255682,539337.864103696
2022-06-30,64.00616385069301,64.12202352519864,63.86702261247613,64.0476492836082,64.04643041206319,223301.633398318
2022-07-01,65.39892864697745,65.90033655557926,65.188712531874,65.37291123782188,65.34494192998271,520579.0429299636
2022-07-04,66.08032850559903,66.2616929141402,65.95892705033397,66.12343497378953,66.11553338103194,347103.8295151831
2022-07-05,68.51287730917731,68.74702655944388,68.44126506651222,68.5599731086554,68.55472061963765,218445.80009326217
2022-07-06,65.70689327968091,65.72082834235144,65.13654331362393,65.67973646275534,65.68483141492894,357830.367166957
2022-07-07,70.71795853887292,71.15680232320257,70.56630565853717,70.72769855214364,70.71431660495215,325224.08248883794
2022-07-08,68.13967715402596,68.8713946195904,68.00933945709265,68.27127147275195,68.24726172358561,495107.2538879893
2022-07-11,70.0814450041388,70.5590427604422,70.10838508786699,70.1836012306727,70.15727621687002,193105.64031408555
2022-07-12,65.87706824842157,66.17063227624453,65.90288744654173,65.95273360971227,65.96737817614249,275054.2527914421
2022-07-13,63.67433519963288,63.79435424442179,63.1286887000048,63.73060753564643,63.718046346854784,258613.6665739346
2022-07-14,67.42249707874623,67.59702403241808,67.36724487267641,67.39456719781934,67.37055890168116,409416.7582208764
2022-07-15,66.76506583720169,67.32011925631589,66.57872517821164,66.75045157029338,66.74694970201844,145058.51378321182
2022-07-18,68.92329501702358,69.04329462789036,68.630611023377,68.84995058492295,68.82986547512505,493948.3464903706
2022-07-19,69.50700763851164,69.64873134007564,69.41396396910834,69.45472199718026,69.42352621403997,354973.0901898314
2022-07-20,69.26158401797376,69.57002558632111,68.5034397918413,69.18742181599853,69.20445536937318,121764.60051147122
2022-07-21,72.79924322994216,72.98455751494497,72.29040934586473,72.75497937757916,72.73666933329145,554020.9025699388
2022-07-22,72.13916370618097,72.18302311056452,71.97581770894843,72.12404078713983,72.1187230021459,1025259.0275959924
2022-07-25,67.61756802961456,67.98000993142065,67.13693329195291,67.54331416950244,67.54254736467142,489480.7340394622
2022-07-26,65.6341600438461,65.91265183583734,65.31558723017478,65.57387058842319,65.5949153795011,631713.2553838618
2022-07-27,66.94559926348195,66.93762489007825,66.84306268097728,66.92043079946356,66.94082012546657,282440.3986166851
2022-07-28,67.99021295937551,68.02887483868145,67.67310222238297,67.90390221934287,67.88085469389118,99021.97242293584
2022-07-29,63.94363414377523,64.63955005603313,63.93760764022121,64.09398506034498,64.08660489504504,88745.47581442984
2022-08-01,62.38819511576059,62.56149123179988,62.14873183273461,62.40632185409276,62.39859870057362,312715.5362208648
2022-08-02,61.0646558285902,61.33360180140488,60.53579365011949,61.08333452989965,61.10788157762938,188115.7446426152
2022-08-03,60.33628907863586,60.652434186491526,59.95269209576823,60.266820546511646,60.2636978497611,155011.44517337577
2022-08-04,57.37758379764082,57.38837832959392,56.69625049844396,57.28756240868431,57.30804729718261,258422.7243665308
2022-08-05,55.89558957421048,56.29124962922219,55.72559673725336,55.97676592536654,55.98926451787433,388229.2026668357
2022-08-08,54.57116569739211,54.51491974760796,54.08335738916568,54.49426517919185,54.49998619086187,112234.47312043402
2022-08-09,56.00109437750495,56.32362523097824,55.48990187017755,56.06677352945205,56.09037213185382,204981.1756551367
2022-08-10,57.698705247505806,58.131127835287096,57.69687196601308,57.76462712063,57.74792635922857,663923.632050594
2022-08-11,57.44228254588347,57.45589592246713,57.27233648091251,57.45574360512674,57.45798696791635,140762.16496620874
2022-08-12,56.61421433540332,56.67518401001198,56.5694752642973,56.632235079136834,56.632887787401415,452189.5423054011
2022-08-15,56.83703276057447,57.09419040297353,56.79102069414617,56.92574682809216,56.8977008880924,200618.73462004864
2022-08-16,55.2746361013991,55.516297802301686,54.80705221633263,55.23873766250871,55.24132808892042,372307.81691116525
2022-08-17,52.98921900857059,53.29456677756667,52.80166400892186,52.9532424472548,52.93743081729219,518345.09413616464
2022-08-18,51.20424559588241,51.25476761163403,50.78335474065312,51.150331019330494,51.14727958253459,418641.0127520554
2022-08-19,49.94643634630054,50.24283753711144,49.70683458160435,49.96809528352003,49.96411586106904,463006.2173261027
2022-08-22,47.86940665372232,48.13459611858607,47.69201754577672,47.871301529806125,47.871293850479226,134462.9371672029
2022-08-23,48.15721457485628,48.360165236290186,48.15550296167523,48.1586799069513,48.14473218231007,523449.4924093567
2022-08-24,49.55556834765757,49.601939751415244,49.40202158246208,49.47205973634257,49.470193098462445,160875.1908494527
2022-08-25,46.52957897521324,46.95435992844741,46.51601086066666,46.66183002350547,46.635432196809695,313553.4313129894
2022-08-26,46.660947525401184,46.85022795834863,46.6876688710536,46.70564222579507,46.720448565834765,313309.7861591837
2022-08-29,46.329408654092,46.53849753443858,46.188325336364535,46.32915195154436,46.32943480325025,358998.51656169334
2022-08-30,46.86561217214992,47.33323718213642,46.45642067732363,46.91654337516312,46.91233617901555,328461.2027388212
2022-08-31,46.88264083785936,47.10719039146706,46.86515371161551,46.89475470764958,46.9136433906699,161734.92568690647
2022-09-01,44.44348566501309,44.542620459181954,44.43991146747587,44.44908960782655,44.44852793265168,119381.50311109636
2022-09-02,42.40102105975322,42.551162584084594,42.10488516238859,42.42892597497794,42.45605109739274,452892.1098409245
2022-09-05,42.47822508227663,42.76351007500293,42.35885629761874,42.47548673326125,42.48719801030101,299988.8980673301
2022-09-06,44.145194024905294,44.26585893185975,43.82534605748801,44.11748166066366,44.11272038160096,534788.2240287284
2022-09-07,40.65111716234348,40.68204300857087,40.60984740447664,40.660723927038106,40.65827568308462,261230.9705184129
2022-09-08,41.16398505715651,41.27576911736215,40.96105012611348,41.18264881673114,41.18521065275539,115485.62976608548
2022-09-09,43.02185197325858,43.049952505404,42.95130721108895,43.02898466931599,43.00965350583713,479106.3173254911
2022-09-12,42.78719852064317,42.84057611461131,42.76676140811049,42.78751670344949,42.79735407839323,214867.6710649602
2022-09-13,43.58857656915884,43.68166950716274,43.34834952272243,43.664566869193145,43.64187516341926,329457.31324872246
2022-09-14,42.5678172726421,42.58297859682837,42.53576146844824,42.54817899392533,42.549110790574375,181956.7577251969
2022-09-15,42.342823728897486,42.42465550372968,42.10073490372251,42.361929010963166,42.35154786476799,719693.7304646245
2022-09-16,39.95616323344932,39.99087288879479,39.65957836649192,39.90582064102155,39.905728791399895,158587.39454588576
2022-09-19,36.624688374133015,36.64550211761871,36.55826154173036,36.60305401184019,36.60517646446432,219156.67139776284
2022-09-20,37.94204580107834,37.97554780791248,37.824279065606,37.89770297203368,37.89034959577924,286206.60428827733
2022-09-21,36.51008303054737,36.583279413164014,36.41953706165817,36.547032218769566,36.55703974912781,139342.55484513374
2022-09-22,35.925666819199265,36.15080216885514,35.89446354716745,35.93901408892934,35.941949316191405,327195.0375397977
2022-09-23,34.10670529460148,34.31969678230317,34.073441725374714,34.149134176198025,34.15151904633433,705841.7113708036
2022-09-26,32.39740899576955,32.48493076841147,32.35010965741304,32.420271486212734,32.41956696349278,199930.02385522836
2022-09-27,32.25395326927082,32.450658033655365,32.05628553791615,32.21361842290046,32.22230037995116,340130.8554157036
2022-09-28,31.405995418402117,31.38324693072509,31.1012637997235,31.3593486827068,31.357996095640715,51551.61245415006
2022-09-29,31.76313816040666,31.865102949354096,31.757929095369,31.7996483954926,31.79343566222356,262142.22519415573
2022-09-30,32.32005404419262,32.37114249411663,32.25307825587825,32.33487239411873,32.34284877911589,222387.0538246834
2022-10-03,32.71741936501841,32.905895967992784,32.419165379860395,32.719912480738444,32.723608590481554,164210.0103563779
2022-10-04,33.028653239012954,33.22535942921416,32.69829084903804,33.009322793352844,33.00260164042547,513430.6685353412
2022-10-05,34.9245867446531,35.01879679960732,34.637922824717215,34.9861557406071,34.9953880933244,220632.51998919976
2022-10-06,33.582777970769776,33.74928924894827,33.47858646932281,33.636697599764545,33.633061937182404,241231.78354868997
2022-10-07,33.585513995561975,33.59707354729991,33.47351172193861,33.569077697495594,33.5650662256373,213989.9381967789
2022-10-10,34.93233966218555,35.09278990656801,34.84813798135486,35.00055709790298,34.98892667021714,84957.84548124128
2022-10-11,36.65446217433959,36.91134685612424,36.53179915460243,36.670846613487406,36.66763063105957,136054.13485939027
2022-10-12,34.80482858540347,34.83437687648705,34.73752411880076,34.7991879220968,34.80522937023932,477660.7787590852
2022-10-13,34.41559624672524,34.42802071404669,34.18127214092006,34.40129679832461,34.39866383978625,75661.86986051238
2022-10-14,36.162390620649134,36.2712675167787,36.16743031678171,36.16751621216727,36.1632986007386,169432.65144410369
2022-10-17,36.83813578888135,36.988106741133485,36.82800992683244,36.85161451449777,36.84430243473254,211117.0432954357
2022-10-18,37.14958451034466,37.154186298193935,36.832827208904895,37.11823553025172,37.11222516558895,763885.4484894663
2022-10-19,36.83258528331546,36.87260985403695,36.70337545946933,36.82208340690667,36.80987303269731,425560.4390366562
2022-10-20,36.281847781701664,36.58744472271717,36.25806626249128,36.30533793881364,36.31028818181612,192085.8494769132
2022-10-21,36.694886850527,36.73986426173944,36.60823084324071,36.69350266531705,36.70445701601732,586957.8076389133
2022-10-24,36.3681601678701,36.36254857620819,36.311493464947176,36.35423035295634,36.35559059516024,172075.8260364504
2022-10-25,36.36004161811099,36.321260973800776,36.2648357195339,36.29767360354733,36.29187226279471,491619.2836666394
2022-10-26,36.432048474650486,36.40990881883103,36.39510294835201,36.40342360106612,36.42690916742369,118737.87987128778
2022-10-27,35.54850361621845,35.55138993765988,35.36573769946922,35.50538031313588,35.52251490252427,510913.0504709064
2022-10-28,36.18692625289645,36.45115530133888,36.17302722304283,36.20903575794313,36.20386723644383,210306.19364210192
2022-10-31,40.2940496749924,40.552942485514535,40.02184945882362,40.31518220436648,40.30534977465443,144769.40648578713
2022-11-01,37.75102553087397,37.824511671924085,37.65249488673903,37.75991345903258,37.771886043496416,235558.32637468955
2022-11-02,38.20852222216484,38.34137955899605,38.05943198766265,38.214008708533775,38.22469478962604,316920.587175009
2022-11-03,37.12120984975486,37.24801953336374,36.91262769093427,37.15866671320045,37.16122001096537,199416.51203546632
2022-11-04,38.00642415372431,38.04556280801884,37.764357914426405,37.95837137499138,37.965015852854805,374135.0485496295
2022-11-07,38.05761884235093,38.547540769715816,37.97016305813125,38.02403025295279,38.01080127273774,189132.6065166605
2022-11-08,39.09536023681111,39.22740043242754,39.08844152113381,39.107314477061706,39.10661356959349,389345.9022505197
2022-11-09,40.86556254939907,41.07028935362448,40.40386849798688,40.83935550007582,40.82912657821741,349875.7033908782
2022-11-10,41.139687447086224,41.19366965522365,41.05161964750482,41.13051948871828,41.12767777961086,258705.6394630563
2022-11-11,42.91430098287002,43.09632974116211,42.63272904806208,42.88343228839046,42.876822292048125,205905.08982124968
2022-11-14,39.281414980745865,39.396109618412126,39.245535370866754,39.33429235015101,39.31620340208854,293879.31753059954
2022-11-15,41.703327912232,41.85788051846001,41.674893707127886,41.7094033486862,41.69946502416359,373305.44309620175
2022-11-16,42.288033996208014,42.37651321743104,42.06994538711014,42.29048847390346,42.28643856341319,924565.7914524028
2022-11-17,44.03227449115561,44.0935562683408,43.82980437307067,44.00483122581688,43.9619557214288,471489.5667744002
2022-11-18,42.04428778546732,42.11581473246812,41.855797558608906,42.07072661197934,42.06936965557999,481949.1887233513
2022-11-21,40.70059421260648,40.87885847038159,40.23696093040264,40.80259788067075,40.801555587138864,1711887.835544253
2022-11-22,40.97878535149347,41.06005165481555,40.66758712653615,41.023160092183645,41.02043351826324,365702.3704470089
2022-11-23,40.99541125003481,41.1464240014397,40.86745863821546,40.99791409010837,41.00344333218571,358895.34497204825
2022-11-24,41.4310320127277,41.602535291934124,40.91851042484041,41.42838539241305,41.402895760259725,409384.0715317443
2022-11-25,43.19098260239906,43.33531966718987,42.949718943837226,43.11838210747497,43.12528648311324,146476.51881213815
2022-11-28,40.42650208217841,40.55696187233436,40.04671430405226,40.40295740256001,40.4057212758195,205594.07995363165
2022-11-29,41.88332728985093,42.01617355090018,41.87840126717412,41.87991280886544,41.874059256170256,198054.68135021132
2022-11-30,41.891858412807295,41.99143856634448,41.83553422593075,41.89321538754218,41.911773587360045,395762.0343818639
2022-12-01,41.62617809908254,41.62017579353167,41.44436824938252,41.58026586049319,41.59246080775776,241710.31983763436
2022-12-02,39.36308612736773,39.694681721551376,39.17464100744223,39.38632841143542,39.39571095949884,291540.45441109303
2022-12-05,40.11824119970076,40.20774378832059,40.10635703357991,40.12386992815309,40.127868715353486,515283.63318422926
2022-12-06,36.66856384261599,36.741331835116576,36.66436871222895,36.70854892761388,36.71752031974111,450399.58897184336
2022-12-07,37.650154472943306,37.71083796727189,37.49854515065751,37.59680813446967,37.60279021077661,243523.17662217875
2022-12-08,35.599480193911354,35.7410142876723,35.53990498269725,35.585512917918415,35.582514808328035,179513.00613695974
2022-12-09,35.6309067549744,35.66912330540281,35.595522063390604,35.65613430063755,35.658689575984866,530282.3285065519
2022-12-12,35.49624852479981,35.5476309458542,35.31621864528441,35.500311713343265,35.49007939706213,426912.65171043377
2022-12-13,37.083336501514445,37.15966764006198,36.830981732641206,37.06444657802813,37.06281373141265,102359.4491766344
2022-12-14,36.81242041976555,36.90260894175025,36.6220851636898,36.82165230439595,36.82514069314103,222372.15621705705
2022-12-15,35.872848120974375,36.09159367141887,35.86184082666657,35.89203135728843,35.89800747321473,296353.79626605863
2022-12-16,35.20548413974467,35.333963564323525,34.85162510461068,35.22853324204076,35.230441421881295,428179.5218824495
2022-12-19,36.93356802574968,37.02561507326874,36.89369357143858,36.92105319543657,36.92442806477469,463267.952589985
2022-12-20,37.64506495780397,37.71778471845907,37.51582662599581,37.65854876233719,37.65986237719473,318170.79243231507
2022-12-21,37.11071486828033,37.38689411442945,37.10347991832096,37.12756178661389,37.12588461304702,381226.32965111104
2022-12-22,36.75670099527037,36.90141834810319,36.68237547780951,36.805875918446326,36.796454295781885,278864.7235597189
2022-12-23,34.74333591625599,34.986170391159725,34.73703605392343,34.740638633043595,34.74653512442204,179098.10137864007
2022-12-26,35.23566626095145,35.35272917429538,35.058921913217176,35.242052946976585,35.240416622234385,229404.3315023774
2022-12-27,33.01860291052917,33.112987445580025,32.81772117393298,33.02922670675632,33.0279150010716,271412.3993553886
2022-12-28,33.96437074408652,33.959041624834434,33.750022495151526,33.957620964761446,33.96774381496038,262811.53307239444
2022-12-29,34.144920691258726,34.34019957543488,33.95397862688636,34.11939930337661,34.115997754652,86565.46758390576
2022-12-30,37.283580247070645,37.28023997383407,37.25737993484911,37.2574417123924,37.26125168667544,211400.559497068
2023-01-02,35.79721690009394,35.94326126101833,35.60669119205835,35.7774416883835,35.7856799058826,277540.84536828025
2023-01-03,35.634188240825125,35.78657879654549,35.47982475341734,35.64276639534484,35.65188907392554,226653.5694228172
2023-01-04,38.06399819399636,38.201214253261085,37.934231336857565,38.08559266165885,38.08045476399924,231400.60834013871
2023-01-05,39.75412782593892,39.88613089326654,39.73540726844231,39.79567114950881,39.79633358017495,359616.9882300394
2023-01-06,38.764994723711,38.88101926222617,38.64758887036548,38.78800207955113,38.78704642685168,140452.64824320402
2023-01-09,39.110754951044335,39.58599003280892,38.84147914488116,39.10998643609008,39.10067691478836,101030.1909678438
2023-01-10,39.0825971898728,39.5074979626702,39.030231184789706,39.11335147530915,39.1238553749365,217748.9615055284
2023-01-11,39.5262107328734,39.62686287166537,39.159360961094265,39.52241432282253,39.53334928105424,424415.6850864136
2023-01-12,38.48097246382486,38.65238020170467,38.41636944548674,38.51816007869371,38.53236901895166,738614.803384762
2023-01-13,38.32827264951384,38.41959557301902,38.25836617554845,38.39204151907945,38.4028320691632,429027.7767387304
2023-01-16,36.22624876915216,36.53237640509375,36.083095393443614,36.1965890625199,36.20447432500068,111195.11656797698
2023-01-17,36.36049221078719,36.50047469998532,36.083071263117866,36.37775034649814,36.36456636033396,233416.49205232025
2023-01-18,36.95563766103457,37.09111859544295,36.97491265306417,36.98659668717996,36.99483631997207,313006.9358834809
2023-01-19,36.63821249217036,36.7780855208433,36.66269906773904,36.67833298185011,36.67980849295488,298508.79344381887
2023-01-20,34.573840922855226,34.59702910191139,34.36486971164161,34.55922112905897,34.55917547761327,370861.0457837844
2023-01-23,35.891264675492515,35.88464427315335,35.80921673695817,35.84198525357306,35.83732744526516,154781.64056820812
2023-01-24,36.31257381898403,36.46798367651448,36.29519810025592,36.32721637034603,36.33313434214832,278999.6628920207
2023-01-25,35.36087740418687,35.52136226606758,35.2094983060173,35.368501557739414,35.369338061596174,345308.568548878
2023-01-26,35.042557961790926,35.21304175192408,34.74736094149993,35.00504544054008,35.01742919121292,440384.0966290871
2023-01-27,33.06197927802479,33.49383289294798,33.07469661076212,33.12194476063668,33.11925045184482,165473.9566908936
2023-01-30,31.956670151542472,32.25082394893109,31.761714140127623,31.893938963096986,31.889664318145957,218142.95410929955
2023-01-31,31.344786108265048,31.523622309874565,31.25810704629071,31.26836309257723,31.26983650849042,52982.09959290621
2023-02-01,32.628420699551825,32.925612845982506,32.47693031025512,32.716963846658714,32.705050092054954,184817.25766327465
2023-02-02,31.952137771495977,31.96876233300109,31.703458359763346,31.95525351189424,31.961607923559946,195898.327076924
2023-02-03,32.695105399377375,32.90946740077408,32.44215566125682,32.71862836012373,32.725395481122355,145546.2660973902
2023-02-06,32.06778708067748,32.09170489555846,31.952836573132757,32.07627997413027,32.075498374549966,296370.9891166575
2023-02-07,32.357603106571254,32.62259243243249,32.23101084915116,32.3711467110415,32.38034660308731,259479.4378231376
2023-02-08,32.229430106149,32.44532893972385,32.17217236457321,32.20328879346994,32.206070778933324,69180.3176034991
2023-02-09,33.2530215134389,33.444470475121165,33.190186111608824,33.256765224406266,33.25946131796964,305377.74014858523
2023-02-10,32.578360819024674,32.61317327762595,32.48656495639738,32.6080637395261,32.61655499935436,153738.05960181603
2023-02-13,30.76700439169617,30.96081163117044,30.647080700086335,30.772302925638847,30.76238238109253,359120.53941965225
2023-02-14,29.25963925383964,29.330300579071448,29.141227167142723,29.24458460266967,29.240842149853613,124354.20336606185
2023-02-15,28.64329893316373,28.938371988220712,28.65004067902567,28.67724479945439,28.671814886859007,273212.1621620575
2023-02-16,27.3422598113227,27.51676206311731,27.26354279778728,27.38734578260149,27.387438001525386,226409.82084660907
2023-02-17,27.860304894448586,28.027796088853435,27.642800325793797,27.804896886350345,27.805403406254715,321856.5186515874
2023-02-20,27.3144418201742,27.371198934199395,27.30494910258613,27.332000626586527,27.334725207055875,289183.97798995377
2023-02-21,29.82811566998015,29.958059412760637,29.7957826172136,29.832213213571453,29.830673224355472,230245.51957881215
2023-02-22,27.970719850660608,28.181459917795625,27.92337455559305,27.98185090239608,27.9906887266441,106749.11189521
2023-02-23,28.20844740661212,28.226594892587613,28.19176900709841,28.19299517261676,28.194730841980277,110599.9838361441
2023-02-24,27.093271249097373,27.09046413371447,26.97150757223075,27.04532556846289,27.04074652879749,189031.2901228973
2023-02-27,26.573687948721727,26.66959022945057,26.392487065098774,26.55828589995002,26.55558747758569,267007.511419039
2023-02-28,26.656866068252647,26.866611313883716,26.62541860357964,26.69740247369856,26.699641334941408,186288.38923124917
2023-03-01,24.471028466190425,24.597736110228237,24.469157307987725,24.504946336492356,24.507390816216333,390478.0975027657
2023-03-02,24.71021523488597,25.015191179393163,24.523367949223168,24.720077675121694,24.72993607632096,226946.01492652023
2023-03-03,26.50923612598607,26.80595318248897,26.42173492810845,26.516348691035407,26.511987898395137,150390.77694782283
2023-03-06,26.032311458786904,26.311674404328265,26.00992601813621,26.07721515252503,26.071483485912704,227099.2042687936
2023-03-07,26.35001263991268,26.602730134867457,26.28623592317181,26.32844067110646,26.331231194949,307280.380649526
2023-03-08,27.312639752222367,27.35501905898174,27.26038130697681,27.34234230076432,27.333309969492685,326090.6963423245
2023-03-09,27.218540703050525,27.289905728182216,27.10308295804749,27.17795581917037,27.185134454535028,828214.5177297441
2023-03-10,26.65097451409664,26.642238559647403,26.324848568805653,26.60254106067308,26.597040911401532,0.0
2023-03-13,24.45651175716763,24.569434094745752,24.371111880755414,24.46258468023181,24.468465949550048,256764.03825547872
2023-03-14,25.058680733291368,25.11210675658412,24.844871401698096,25.047685484657805,25.02794907203864,346512.5679490892
2023-03-15,24.913009745246544,24.973376501280413,24.81271551605377,24.943739115358103,24.94349151575165,264592.51028985385
2023-03-16,24.04519820547133,24.031743784599566,23.94566662077712,24.030211131668214,24.028568125195005,198715.43638392407
2023-03-17,24.1308644232811,24.211556144231785,24.025276878135436,24.14289222926952,24.147329365492173,105920.66973667318
2023-03-20,23.60367643557364,23.691535125980945,23.61830138536327,23.62936711813125,23.64062426925616,197501.06674874408
2023-03-21,23.167204129371186,23.207896108267764,23.028764597201917,23.173909152103487,23.1814223745652,140896.1752485036
2023-03-22,23.686823748551053,23.81361177635213,23.51542784676601,23.697860980106004,23.692232175809664,95228.63766247236
2023-03-23,22.55021610812087,22.608500446459804,22.50067108438884,22.557550907907316,22.55548795451624,166473.71282341014
2023-03-24,23.467844809587252,23.50086122318729,23.1945621797937,23.4455790143874,23.44559012806929,143163.83712025158
2023-03-27,22.251194928465168,22.28286420452686,22.22900290147585,22.26868269406281,22.262465964027648,380892.2962645913
2023-03-28,21.769344072579592,21.8820180544062,21.554252604915185,21.73163917878162,21.73601618585524,384867.7710461203
2023-03-29,23.297068380543426,23.347597247072564,23.205136763220164,23.327979344287925,23.336844648117246,156009.53813466692
2023-03-30,24.35725156499444,24.429806444619057,24.094413189883927,24.317967583977108,24.31952383593057,229546.94057448977
2023-03-31,24.38109622266316,24.624586003363014,24.31377242386641,24.405905084418716,24.395072531127607,87996.68327845311
2023-04-03,23.57465915359401,23.630126335032024,23.513375635106332,23.574683040229903,23.577917824456105,199465.3926603977
2023-04-04,23.10822496609085,23.12275882702488,23.1077230107354,23.11955808360877,23.11663469121933,340915.2325348159
2023-04-05,23.17439759854153,23.40530282155434,23.1602323581959,23.1823660424244,23.18705219407393,440190.4414662617
2023-04-06,23.233338289758667,23.44223383494916,23.077676355404577,23.21473499388124,23.21674872066956,174935.34910897273
2023-04-07,23.172103708180494,23.14853184429156,23.136151917109228,23.137401613222732,23.1385631497828,504393.964004193
2023-04-10,23.13892423023765,23.279740189159423,22.99542925221365,23.111409526230325,23.11197107034602,108075.44716729886
2023-04-11,22.92052595509755,23.01981107425128,22.92751993098033,22.929809233565148,22.9235739220724,0.0
2023-04-12,21.74728565559278,21.76641841137206,21.65302017672829,21.743279342821666,21.74496004076654,410773.4477099609
2023-04-13,21.31685799701317,21.36892832722441,21.200470414784103,21.33354248856044,21.33920785321561,731368.5156926695
2023-04-14,22.043332829621036,22.08556769847396,21.97589221817333,22.06521159707714,22.0760720313885,360792.8294381069
2023-04-17,20.95623975036658,21.144541064328177,20.93913309671173,20.980289475194446,20.98471206637882,261920.04596031937
2023-04-18,20.82536766216373,20.881202879069463,20.79869039668559,20.834484276347844,20.83585892449701,0.0
2023-04-19,20.219726211825307,20.348883038128022,20.1337705373023,20.21468051373991,20.210909021157537,79740.41029832684
2023-04-20,20.259254905930952,20.334598404823787,20.073690398218307,20.29806104675369,20.29616286682662,290002.7608638528
2023-04-21,20.008715187967763,20.08373095347489,19.96762118232316,20.009642708994644,20.002964503680897,216460.29144370605
2023-04-24,21.16168381674842,21.15349799651753,21.03480951634617,21.12965073536065,21.125545523000355,138205.7631144769
2023-04-25,21.552277745361923,21.65289168552131,21.45395398725,21.528125103511883,21.524849933835547,279098.3614013465
2023-04-26,20.50030046081265,20.56189362879057,20.434756180512508,20.512303934447964,20.511641473285263,287528.94732668134
2023-04-27,20.99696921121449,21.06690835904761,20.922480680625004,21.02634033641179,21.03517282603952,472904.8673446085
2023-04-28,20.44416561796045,20.50340834707388,20.4191189290454,20.434769091826418,20.433457602288204,291257.0151161308
2023-05-01,19.9586839156178,20.05492258767566,19.769214783941568,20.005044170124297,20.004115371121262,560753.4590633108
2023-05-02,20.260484588726488,20.353749968892533,20.16222286107437,20.23801727055628,20.242460317735027,269627.4358134527
2023-05-03,19.87053194515839,19.951344746435318,19.86124030730395,19.87477694824276,19.86942170905036,250396.01489255435
2023-05-04,20.577544513440724,20.589054815277738,20.50307580682488,20.539929733535065,20.542659772538325,508178.1284981291
2023-05-05,19.9276739202555,20.077838133637467,19.787367691888445,19.962147860628782,19.962741953754044,149183.96264130413
2023-05-08,19.530085445116654,19.550486232283163,19.40267393658633,19.51217041950038,19.51604539672372,1452313.662378711
2023-05-09,19.044133382930426,19.10622458721906,18.80693132461687,19.046047679028558,19.055758165769284,336096.7980533508
2023-05-10,18.64715769499528,18.67008007442569,18.4919933226896,18.65333289076249,18.66736907041414,337222.2716465561
2023-05-11,19.39815751807932,19.49701700804045,19.276420823254348,19.424766407405777,19.42923657081803,367712.8392396885
2023-05-12,19.89227843314924,19.891363665840974,19.84138769048055,19.880434705788748,19.880973975656484,827597.2361065178
2023-05-15,21.18822989718949,21.3500165867252,21.159608845268306,21.173913422742352,21.174545949042287,431707.8852710937
2023-05-16,23.06097647561916,23.135994588838592,22.84129594046589,23.019883042402167,23.022394108269285,102433.2261007656
2023-05-17,22.18441950961271,22.171795199312125,22.137778304790203,22.16207902003103,22.15742166576195,622863.2248318379
2023-05-18,22.206750354526207,22.30766170276492,22.02081241725465,22.21994667706736,22.22690104857589,218701.2784513569
2023-05-19,21.256196544700657,21.350990078646856,21.263575230835,21.27755628732832,21.28754469240285,286156.18544700666
2023-05-22,20.648370006443265,20.756611811218875,20.618290815011605,20.67666584652804,20.67819054020986,124548.14372119514
2023-05-23,20.232051338195276,20.294693639445608,20.024703578122928,20.20228883444673,20.197670098771862,367956.94420911086
2023-05-24,19.415416057463776,19.49420590699308,19.29643599778349,19.43053640122093,19.424691617571288,181529.8579845969
2023-05-25,18.71956269850517,18.720235892279785,18.685344403070296,18.691894398109437,18.688016589800164,284959.3401110827
2023-05-26,18.602752036386224,18.680044475737592,18.42967470813463,18.59298937750805,18.59379238998057,226282.7487137213
2023-05-29,17.783722088962477,17.793697277175863,17.695699806472874,17.777857122669143,17.772046428282398,851715.3732490811
2023-05-30,18.332885594753403,18.432352171393312,18.2213723649677,18.338513103324285,18.34556273344337,881478.7554601226
2023-05-31,17.740524956390168,17.766335438633867,17.717133729510362,17.72881201051511,17.72456790279826,275931.49355401803
2023-06-01,19.662969782625037,19.691586644489657,19.64288917363358,19.663273988473502,19.65961639278055,278838.10590793035
2023-06-02,19.33195685320329,19.375262299353214,19.2904382865448,19.339097104899427,19.342187958513684,214471.94584393947
2023-06-05,19.404232052133388,19.41327071958093,19.31539847996756,19.39073600705585,19.38417333877856,521051.2971457409
2023-06-06,18.48432061777807,18.597243462309905,18.47969814950697,18.48698222760251,18.483039588597,220278.5317117145
2023-06-07,19.67128678423649,19.6923403035531,19.582434865116024,19.68700360390264,19.68384078766903,208396.46688954643
2023-06-08,20.52884342896091,20.57102636148984,20.479895132988165,20.51653706069218,20.50819627150154,482702.4601111444
2023-06-09,20.741213410737306,20.74734876462673,20.426701686591635,20.742540635799287,20.748291997535794,194273.17046898423
2023-06-12,19.74796059695557,19.750607705741725,19.6826000713803,19.73831033941545,19.739572365729096,262326.9693611161
2023-06-13,19.883378588901675,20.06382089453286,19.802559914855724,19.892406953904096,19.89354534219502,103903.04992599586
2023-06-14,19.064143242751054,19.20191044901981,18.989275877289053,19.08722200952996,19.09774626982001,409427.1256401497
2023-06-15,20.179382857109665,20.1524285030683,20.12318437545046,20.144430779774,20.13982417217972,859855.9580045037
2023-06-16,20.786613975446794,20.77676925873934,20.576074119736116,20.754514806022936,20.75367907012203,413633.34639805584
2023-06-19,20.846311751260966,20.90099682122517,20.797228728910568,20.82790436261069,20.829890364222404,645047.6703255656
2023-06-20,19.032029233465217,19.055879304704145,18.858033595193632,19.039412921239325,19.0501973982426,0.0
2023-06-21,18.35640404359796,18.390324142462397,18.347075516109918,18.36191845773254,18.35386766755418,309215.7614145567
2023-06-22,18.859573107428023,18.91363931060045,18.706294727543487,18.833538989579367,18.8417853309909,152375.63671471184
2023-06-23,19.687809459436213,19.76855675992428,19.65723061832117,19.6947780634983,19.696340608831925,234061.8492972112
2023-06-26,20.50384772513972,20.630618141028396,20.45480951693446,20.5168257671254,20.52269446287112,426482.6164265153
2023-06-27,19.384099041080088,19.44238797819463,19.124984109366338,19.34787527808457,19.35217271945572,285241.7564333863
2023-06-28,19.563415337916275,19.573032116513435,19.45889623336279,19.56434812067696,19.56471893113217,114968.72185014446
2023-06-29,20.346641619910773,20.410956165028956,20.295458340963325,20.310723621817505,20.308665375073844,121903.19640715997
2023-06-30,19.08003587189612,19.2344244791388,19.03761120601891,19.10675460297245,19.10703625300405,117160.68423559664
2023-07-03,19.11132302673736,19.2411785268223,19.018346143641004,19.101424957084955,19.11196005004883,360364.59216822666
2023-07-04,19.335386849630734,19.320869981679845,19.22644586254938,19.29542443184544,19.29334893868185,925728.9140788866
2023-07-05,19.08352015988112,19.150581800767657,19.00432432107633,19.082952427836094,19.066679334660734,607723.2925401173
2023-07-06,17.819273033900828,17.892373635869372,17.7804831578266,17.823978644333017,17.82802886538028,86026.34628859529
2023-07-07,17.590952119705047,17.734426335616664,17.413448948218697,17.6115180036256,17.6151219973643,629477.6093194872
2023-07-10,17.419392427819663,17.46390305044388,17.36436769554841,17.400559053584722,17.401413911452263,470635.99989254033
2023-07-11,17.292742738318665,17.42095596482576,17.218674050117286,17.30607062931046,17.309514609058827,106172.46005907872
2023-07-12,16.948979698184708,17.12092386198432,16.9195074188717,16.950586758896133,16.9448948505262,223704.00035000689
2023-07-13,16.65569043875388,16.765133290347368,16.60941822719462,16.676277341149984,16.677313243916203,517784.0005367871
2023-07-14,16.678022139642575,16.69451981177751,16.585482477997175,16.652096580396254,16.65028041611725,373345.7102693681
2023-07-17,16.945626141411505,17.01321603583348,16.78738789678253,16.92607846202752,16.928432517713745,122337.99801656214
2023-07-18,16.736908665332898,16.779683728823883,16.625216864743155,16.737437313092904,16.73957659861484,387102.6930299942
2023-07-19,16.46780927679527,16.509775683032576,16.43807391900204,16.486837542796483,16.47930929334763,74421.46165671971
2023-07-20,16.568664085196012,16.570551169695065,16.48676436756681,16.54325518294311,16.535748819932273,234757.11244003844
2023-07-21,15.407089456785664,15.470019106126424,15.31770534135661,15.412729463496753,15.415784384895169,531136.3578168347
2023-07-24,15.668962487418868,15.73072594535487,15.578021072721205,15.68629906107568,15.688798201563978,271315.20155363507
2023-07-25,15.65852634358073,15.773704504440063,15.64461444520798,15.686167221388194,15.692082076722045,198915.9136670342
2023-07-26,15.699178252551556,15.73963066965428,15.702815235633569,15.70932592934747,15.702360338120394,457534.5830758319
2023-07-27,16.25206398558241,16.31914570481723,16.211073683638162,16.275739296435365,16.277452132820187,481591.29086056433
2023-07-28,15.136244847896666,15.15674149023103,15.059006703178666,15.145677891670864,15.142839670920557,588907.1532866084
2023-07-31,14.09364909262394,14.17775690365757,13.953272396871691,14.083165461256472,14.086336827651625,453434.2057917879
2023-08-01,14.22083734958989,14.244115840547764,14.19511943989028,14.226177859090932,14.231819753468416,513407.3565320982
2023-08-02,14.227681371562127,14.273464933054177,14.151105556558816,14.222622478870097,14.219236340718046,416543.0657746376
2023-08-03,14.301931591167294,14.355645553522262,14.307610719816669,14.312284162359004,14.318682249371896,314681.7814169256
2023-08-04,14.071670770046357,14.1262177466999,14.062337580722495,14.070753792158682,14.070252465487693,283142.44801348326
2023-08-07,14.447410552588982,14.503941893569634,14.401822653925638,14.419711716498515,14.417641957677914,232732.305482008
2023-08-08,14.918964332119415,14.925341495466132,14.854186416714963,14.924165195916366,14.925264006712176,129648.0854981725
2023-08-09,15.198793163975196,15.23557126908093,15.129744151521088,15.192952545772242,15.196359291417735,151268.71362836284
2023-08-10,15.02422955169957,15.078272218976032,15.033115674743442,15.047787272387644,15.04294148364508,226565.94078725652
2023-08-11,13.9444486713074,13.958938536681355,13.892512281380526,13.923283802355291,13.921775191372172,310168.5988141011
2023-08-14,14.317011517058983,14.345176910439742,14.316129113449346,14.323846951776362,14.320709124824496,636976.1920910624
2023-08-15,14.999486953940911,15.096300588641371,14.939078697237267,14.98374602454048,14.980959922446694,261691.514451338
2023-08-16,15.34225752348481,15.359886471954598,15.3290774482462,15.344147620126824,15.349358142262236,489963.3025497517
2023-08-17,14.863935964333573,14.976151890561344,14.660388162891856,14.854851043964626,14.856315964949705,512773.44240172673
2023-08-18,15.238771102393292,15.244024789520036,15.214680127207007,15.228552554380869,15.230911667507922,233545.4354164654
2023-08-21,15.712357722223947,15.880119444359485,15.684081779657568,15.719469844497352,15.715865422820244,383392.3386819271
2023-08-22,16.667409462263866,16.75640038993866,16.590501512664204,16.649230060809984,16.645170584424438,231858.6447221377
2023-08-23,16.108180298129867,16.122811318946173,16.0381954131483,16.120415449457283,16.12210632353381,593196.8247282336
2023-08-24,15.999065333292188,16.004720490442295,15.925857822702152,15.986628787695365,15.98725538424345,392976.8577399136
2023-08-25,16.42683235350244,16.4411230332399,16.370194231101195,16.43324469258182,16.429766226093,131361.68437449503
2023-08-28,16.474012565804177,16.48425092692537,16.4505615357634,16.468255956034636,16.468766102158522,295645.0301780825
2023-08-29,15.796758967766522,15.894141263277795,15.722338319702477,15.804060333049176,15.798363752155554,721341.0277028168
2023-08-30,16.048417816940642,16.054418669739544,15.945578244289562,16.047615821698237,16.044119161254745,240689.1098954069
2023-08-31,16.376124633614936,16.498438209738595,16.370537631366144,16.393742885841505,16.395756135076265,351030.7193229629
2023-09-01,16.45125155417115,16.45685545885364,16.437754689439522,16.447179939898597,16.444034783338562,372326.8224941633
2023-09-04,16.581764443809547,16.610059908769443,16.50686721390366,16.581031763914506,16.580513603408715,144065.92128414675
2023-09-05,16.415017050950127,16.478841406086545,16.34964220667901,16.423888472680336,16.429511350343056,364552.1050247847
2023-09-06,17.342801072258368,17.50133102929909,17.281494826152365,17.343755463851114,17.34485416442314,116273.32038335373
2023-09-07,16.779922067668043,16.800808637106567,16.773202505453696,16.777673784281262,16.777797307670394,184356.29243318576
2023-09-08,16.408485874702126,16.58722470124095,16.27565232350681,16.418605598067273,16.419548188236135,511669.2916058751
2023-09-11,16.423342436104765,16.46309099105207,16.35748920023553,16.42545735459945,16.428285225663682,332386.5155439737
2023-09-12,16.94941524040485,17.02473432540366,16.884789636798683,16.966475913189505,16.971879792633935,223532.77249022888
2023-09-13,16.093375111526345,16.088870257235733,16.017862073892374,16.05571269579176,16.050676663682314,350766.7012825395
2023-09-14,15.31516431670454,15.317651136732136,15.28264612075451,15.29896090173172,15.304098445073333,258834.63227722063
2023-09-15,14.19611045871561,14.262105958297573,14.189446804138292,14.192234643088844,14.194594571354862,270370.1165729604
2023-09-18,14.226177391575586,14.35223511152365,14.185106482531824,14.209522226880193,14.208408287862405,397953.767728085
2023-09-19,13.60894498678592,13.73738174162849,13.631340607065674,13.63593394281413,13.637769743873283,173438.67464094795
2023-09-20,13.409815854458577,13.49833117360811,13.44019358741872,13.444201817037364,13.442488870834229,274910.7678183204
2023-09-21,13.770609602884724,13.778531471875992,13.745318541729906,13.776110280585442,13.76891296120911,222490.3665476389
2023-09-22,13.43581842216084,13.46847430416453,13.402351922271542,13.454366128881013,13.455123403433848,103635.78614169949
2023-09-25,13.566499649981266,13.620834698644972,13.49633387905568,13.569710318407765,13.567717140143555,154465.5767441531
2023-09-26,13.423752938386222,13.518172051631913,13.279776752964562,13.420992822088984,13.422465792891622,687573.4012224389
2023-09-27,13.770433885522866,13.835282202634174,13.743620123319728,13.757771033598692,13.75808061079041,338011.09141064005
2023-09-28,13.98504487465511,14.00446793471187,13.968156423258412,14.00098168785489,14.000491946932868,121278.7651676448
2023-09-29,13.654068201191649,13.668540244333697,13.620034179977573,13.6486137962951,13.645681072592744,106487.97793186564
2023-10-02,13.56440239999845,13.66386627408628,13.465575571000851,13.56420721521877,13.556708227674951,250872.8860947641
2023-10-03,14.101235139145954,14.098967145523284,14.061110819148428,14.096336530965496,14.097379215573143,684683.4679789096
2023-10-04,14.294940163962972,14.32514568505368,14.295054200808142,14.3023741368685,14.29473881648159,239892.2442278472
2023-10-05,13.603590878329625,13.664465855384604,13.512117575670882,13.584801262335644,13.584295108891592,587833.9164950188
2023-10-06,13.91578540425538,13.94298528218176,13.894110491291242,13.917225957504131,13.915128850837691,331425.54480486485
2023-10-09,13.395757036704698,13.393491584114502,13.292904399377568,13.372032614148562,13.368835594829411,356022.87903007056
2023-10-10,14.075651821586794,14.130218034004104,14.052450956560076,14.08678585729525,14.086388943099792,120399.14306332186
2023-10-11,14.639687471556469,14.696601242356898,14.56401135131178,14.628820783527155,14.6251336135053,470953.08134121815
2023-10-12,14.785253149431044,14.926818216563616,14.697361316808331,14.786135415664658,14.7835069561377,219485.3524061456
2023-10-13,14.867378562762926,15.019919354152458,14.866404743632334,14.872252830846987,14.867361482453086,450383.8382980329
2023-10-16,14.767630316860654,14.758540881308711,14.757625406571051,14.75829841837152,14.754393477782983,164636.94755996513
2023-10-17,15.12768130843747,15.139481547236098,15.10301971546864,15.132208463891436,15.129588884187074,298411.77545268566
2023-10-18,14.887277021545293,14.957180831992734,14.7258146117439,14.927012210637336,14.936389615318028,331439.89911342296
2023-10-19,15.011242038477036,15.097938341474311,15.026287516347203,15.057360748733467,15.05559866889126,244649.0491297962
2023-10-20,15.569079100683489,15.620659169447451,15.514326181533589,15.549293834631534,15.542971476361028,342055.1005722044
2023-10-23,15.249568307356476,15.231387603258709,15.172473437199466,15.2308304493756,15.23152911611499,228698.9422360435
2023-10-24,14.917115882442308,14.921888552262848,14.849726994877248,14.889015234341109,14.890665836818284,181782.1276569107
2023-10-25,14.24775177466439,14.358499855806391,14.1859666021671,14.248001517172508,14.240946121675345,703125.0459150887
2023-10-26,13.682305627836222,13.72222433420318,13.659739163820907,13.70001474368179,13.703099136203402,503516.4791580908
2023-10-27,12.802013284880603,12.810792871675307,12.803884120955257,12.80738705755653,12.812527088313445,169987.66472712607
2023-10-30,13.15687429529683,13.319565952165942,13.097829241987572,13.156723986101548,13.1612140743757,377402.1404075936
2023-10-31,14.049782551550807,14.077640968289924,13.98347131812402,14.063945482235685,14.06023752971304,171852.64735268446
2023-11-01,14.847118402773951,14.86390078579433,14.745841658218309,14.82268210373106,14.82704884698001,131819.5490703742
2023-11-02,13.991879647358196,14.005729195527769,13.921943841238868,13.960614810288954,13.955366382181236,498962.2221928545
2023-11-03,14.345636472503829,14.39121554233075,14.165737248514596,14.338778511469746,14.3389659613924,96523.34977242869
2023-11-06,15.110383149221018,15.132418861472384,14.9771698178029,15.110547306379427,15.117920984595871,467948.5103118676
2023-11-07,14.839215915405214,14.87285800240122,14.79886763188901,14.858457126735416,14.855253574035869,230583.10355141503
2023-11-08,14.937364076556726,14.92178217589217,14.895927689796968,14.914300097348743,14.919720118642,236350.70950729155
2023-11-09,13.85167902840089,13.890511501047472,13.73698425179334,13.850622131597753,13.8483173308832,343125.21978125465
2023-11-10,13.983584313210368,14.01039521884051,13.977715858383691,13.9876290375462,13.98930748412483,380301.3665269155
2023-11-13,13.4565807804783,13.586536474103552,13.439124461103452,13.450108936568173,13.44427467910941,163438.8337635194
2023-11-14,13.541667282777452,13.631624740529148,13.466397153169115,13.549603441726504,13.549896965227772,412765.6862293421
2023-11-15,12.794008405720463,12.811568353055607,12.687564537007647,12.79212955947682,12.790949023636502,287225.3340697444
2023-11-16,13.031981711365338,13.106653415827989,13.039949692747626,13.05080706793762,13.047739296693852,126293.91449991026
2023-11-17,13.56791954936732,13.61208656845928,13.528599912581967,13.55318605443399,13.558207122137294,242334.74904991916
2023-11-20,13.16635606487339,13.184882691109523,13.147615539543482,13.167730921368284,13.167662580621142,614624.8799152648
2023-11-21,12.642161674942324,12.687373890028091,12.597143192633425,12.627528883604322,12.6212630547634,733774.3820539485
2023-11-22,11.66074769314307,11.749818413811337,11.661912220158342,11.663093563204182,11.663047596321826,412672.291767077
2023-11-23,11.547704714924258,11.593792460731516,11.443185480827534,11.54927772318682,11.550927930142729,131372.74022751418
2023-11-24,11.290786430674162,11.331824660815156,11.278481292343976,11.304491062206846,11.301961612211644,360181.78505635547
2023-11-27,10.684645381431556,10.792981472504318,10.667917535626987,10.676533810421422,10.67569048174205,447090.60209855065
2023-11-28,10.846915635465477,10.861649390244084,10.749289626736845,10.856424125472383,10.8553122977414,414747.3381175523
2023-11-29,10.67280308996407,10.775346376002126,10.677597768443064,10.677997106657704,10.678761324248557,429755.8661136362
2023-11-30,10.263064374272655,10.273668565647371,10.214680296377969,10.263053626945734,10.265552052331929,333686.713267903
2023-12-01,10.05675677936235,10.067915180679227,10.052987563038291,10.055537805000382,10.055929444074424,256928.36682080277
2023-12-04,10.442794162146043,10.476619182368127,10.443496049611674,10.460641029799705,10.464467525433914,186275.02738906984
2023-12-05,10.69336050624224,10.746236210217385,10.67258136084191,10.695829166350093,10.697425079752618,85925.73785670122
2023-12-06,10.653291488421816,10.717092932365103,10.643395094152568,10.644826400795688,10.649565578946774,328990.7980909732
2023-12-07,10.886522938945845,10.947002483950994,10.822035133133369,10.890643283520433,10.888182420491278,300028.1870899961
2023-12-08,10.432283206613098,10.453016651267411,10.349286333706946,10.434628198912804,10.434941343580796,374949.0787359911
2023-12-11,10.448910139801958,10.495013552457603,10.433480158571212,10.447213449123376,10.452503812552097,120267.50920036902
2023-12-12,10.502899515547162,10.511026670638232,10.4315799166489,10.504222631973455,10.504069418312886,395145.7699244712
2023-12-13,10.313383184572531,10.349490862321389,10.319926302945664,10.324022249547689,10.325929247725895,920550.4237174
2023-12-14,10.490799595514064,10.544137356131708,10.448518660907755,10.491180909272805,10.496916871928232,281269.9261337668
2023-12-15,10.203974978115845,10.250083689381954,10.142219473517406,10.19384155372799,10.191056965218968,258590.44830859447
2023-12-18,10.376402993370403,10.410674781974016,10.373465632396428,10.38732189630432,10.393857904565706,322998.0011034459
2023-12-19,10.596916448680108,10.612142655681222,10.5577146303784,10.60088628860769,10.60183848467647,908365.5955580708
2023-12-20,9.507232678488991,9.577912077186484,9.511089300348504,9.52038634247572,9.521500179305349,145191.8634533519
2023-12-21,9.956827491207925,9.99200194566354,9.887426563748248,9.947463128965143,9.946679224763862,303132.1597037987
2023-12-22,8.889886902593622,8.89622761657841,8.867152521616795,8.890708032445017,8.890097695266217,166076.78931629902
2023-12-25,8.683836649740595,8.69259074427164,8.658710080223035,8.691225926839179,8.688598567240755,193261.0544177834
2023-12-26,9.026897474136131,9.069700109563634,9.005189817389232,9.026064678861603,9.026099493896211,260470.7410056074
2023-12-27,8.91050221843363,8.953176700056853,8.912213592503157,8.921239824603656,8.919361559817546,602229.5385973101
2023-12-28,8.44332052048526,8.497064753859268,8.447038233050858,8.452055682264534,8.454215756567725,790637.104178125
2023-12-29,8.106370072656736,8.136695152097237,8.116139896415687,8.11822376337648,8.115902910928883,351120.6890434477
2024-01-01,8.422476521600272,8.514421504366531,8.382233006261611,8.431471039847647,8.432456033881781,214066.75105528845
2024-01-02,7.865776503555448,7.894844736094337,7.762927869985013,7.855114461470275,7.857184958249853,1197376.3186673217
2024-01-03,8.182958650535952,8.265239917703456,8.187711743688254,8.188962128786745,8.190340870245022,207620.5286956709
2024-01-04,8.176259676355071,8.18957159866645,8.169201074527084,8.172449475096181,8.171664453258595,190483.0420324465
2024-01-05,7.814629716489095,7.891668005503765,7.76753685070626,7.821170572544632,7.821891939017405,92506.49833033318
2024-01-08,7.660786089649661,7.6561863107966435,7.62926008441876,7.654971880183792,7.655770078398144,620111.7244710629
2024-01-09,7.365820032702669,7.433829946004696,7.346675634199978,7.373385731087262,7.372173970288242,479714.95149028033
2024-01-10,7.612975333121719,7.676373263011001,7.599086832929158,7.612676703589917,7.614936794918082,1144734.5358490157
2024-01-11,7.82148413434662,7.891691435119334,7.748773509719927,7.821070780511292,7.820271841084279,116574.51819565824
2024-01-12,7.35807026532922,7.351934985919184,7.303910897168809,7.340981888514524,7.341597487308594,643644.918660565
2024-01-15,7.237243731904862,7.268448649650555,7.211908652318892,7.232684064970335,7.230600882397643,279870.2301642201
2024-01-16,7.002141276150702,7.04809265399717,6.992956158473692,7.006295336781457,7.007556759314888,435243.1546375393
2024-01-17,7.353524373682032,7.352659462313738,7.342439550282893,7.348490298018978,7.348634693457503,99840.95165286424
2024-01-18,7.006820447140984,7.034810872096782,6.9219736722269385,6.991870607906224,6.993893232333326,647483.8263275693
2024-01-19,7.405735811429877,7.440064985843634,7.3880724731966785,7.417824165402684,7.415513603738506,430158.9415132741
2024-01-22,7.402576973251043,7.435310517692204,7.381052372663164,7.408818770021432,7.40766419598796,262145.23969481874
2024-01-23,7.096646232900119,7.123350621584012,7.048635884744353,7.09832780943196,7.099745196441724,395168.53058418
2024-01-24,6.920533527719357,7.001091894411707,6.903798913981173,6.923421205195589,6.923749957605125,169516.03775913845
2024-01-25,6.719711356922659,6.747254443198365,6.720070383223196,6.721948130188805,6.718197164476258,189536.320235423
2024-01-26,6.40518667658075,6.439971791305822,6.367728595130154,6.413551437302322,6.412913664913407,203197.4066030518
2024-01-29,6.4451210126341225,6.438605425251175,6.422292947061665,6.436085032092155,6.437731178528956,88288.33602201473
2024-01-30,6.142631576048903,6.157620947825857,6.143108140862744,6.151382585807992,6.148712725704425,450023.5062628996
2024-01-31,5.675335283930602,5.680487069653227,5.661410263907012,5.676471786295679,5.675162752308696,548507.4650327453
2024-02-01,5.603515637903383,5.602551536210883,5.585297871523774,5.597661432335128,5.599963637244748,176168.02571271968
2024-02-02,5.237714295449247,5.238459231225057,5.221942353227965,5.237872399879386,5.235702272623914,330685.0892705909
2024-02-05,5.089737718693879,5.108486565415558,5.078606607042972,5.094727465055113,5.093311010430635,228816.51463287335
2024-02-06,4.920268685093563,4.930592198620572,4.91464781703286,4.926913493383149,4.927502725071742,326754.49145865144
2024-02-07,4.7701874587701285,4.778068468023567,4.760957836832038,4.771284850449751,4.770259165852002,184140.37535716727
2024-02-08,5.132628677877775,5.14683510793611,5.122847067138733,5.136517173243418,5.138205786735999,157935.95888764557
2024-02-09,5.148327549812215,5.168532579225158,5.11816400940101,5.14727116973076,5.148479301353968,504460.55611901823
2024-02-12,5.186815816870625,5.208535344129566,5.186808489079984,5.194095087392239,5.192788256736198,258248.51815113955
2024-02-13,4.868942322662884,4.866431881978975,4.8316023238706505,4.864986914441952,4.865477372107058,902808.167295296
2024-02-14,4.749738305995548,4.776780111883809,4.706839000962925,4.749189539408852,4.749728129475693,275897.8531397109
2024-02-15,4.787992961235365,4.813479239495665,4.769402644896098,4.787084198431673,4.786009141624674,153945.38502335825
2024-02-16,4.616394369017592,4.651347505422751,4.542426052702702,4.609751363374373,4.610964880869872,560264.6418759737
2024-02-19,4.764610749859696,4.798614322550392,4.741803283000152,4.766697588606088,4.76696290911458,391789.5445627623
2024-02-20,4.556767766990075,4.56795199444937,4.552280455548284,4.560077547403258,4.559602636523818,415037.318064859
2024-02-21,4.5097863734186925,4.533695536435902,4.492715741280352,4.512258024246091,4.511638129480834,548180.7828952494
2024-02-22,4.415045088757439,4.464203548262679,4.402896678434737,4.4158952659243615,4.41515207322725,181375.04235216195
2024-02-23,4.442370612768086,4.453956103296861,4.433560127449598,4.442774749305738,4.442936266681022,248611.8228394744
2024-02-26,4.33557653960916,4.35004728988856,4.311037308887284,4.339181087517265,4.34075884584513,242105.80034514485
2024-02-27,4.287435758083077,4.304091108356517,4.292692194529794,4.296127189645604,4.296753944271326,123692.27139989124
2024-02-28,4.256564759572258,4.260989569909452,4.231619794363843,4.258953730232948,4.259016668246078,229084.4312283017
2024-02-29,4.146767524282634,4.1520833566342485,4.1350325537365125,4.145275947602845,4.144880127448446,598288.0911652124
2024-03-01,4.220681148672748,4.222910106250096,4.213581191800451,4.22010612416006,4.22035465141392,309403.91243575705
2024-03-04,4.262506962130327,4.332526270854402,4.249090445212092,4.257399978955734,4.259141051935139,119654.44028868276
2024-03-05,4.2518688688542055,4.244783432605929,4.2316544916182,4.243570623601393,4.2426852396436106,105503.17782420292
2024-03-06,4.18000110825374,4.177201376665997,4.1596956106982965,4.176829500556344,4.176663446570413,728589.4147519484
2024-03-07,4.307267537056169,4.323656960388209,4.279883246239673,4.301320872160785,4.302964645831723,254182.70383147325
2024-03-08,4.267418607663737,4.292059122314141,4.258572771990116,4.264148967856805,4.264085160223627,181962.13165479663
2024-03-11,4.223481585365701,4.220229326084751,4.2125786067995366,4.216272184694305,4.215001127489909,227659.17454790484
2024-03-12,4.240458096523285,4.249898083300452,4.220264011129999,4.232624128771959,4.233356987643102,110593.36191413192
2024-03-13,4.51007795676868,4.530609404273674,4.497141871054641,4.505792204157318,4.505504035220171,630240.7005135607
2024-03-14,4.291696811717529,4.305121762604708,4.264330480705356,4.288667382224107,4.2899264809912,211963.2601482752
2024-03-15,4.411244762696006,4.424779524161607,4.394363332325465,4.412150277880449,4.4096046204045525,609528.4574510958
2024-03-18,4.114670102716078,4.139214402849208,4.109881087379579,4.114840199021506,4.114276918807001,276783.53807048337
2024-03-19,4.146573165156567,4.151823591322885,4.13424041413891,4.147974505794113,4.148153412223875,632679.4563153051
2024-03-20,4.3986806049953024,4.426731645785954,4.368277606036223,4.3959496142160575,4.395726369904136,313018.22649047273
2024-03-21,4.472670376508659,4.47994538688618,4.445546956635587,4.475894578383625,4.476635114962879,447727.2897102356
2024-03-22,4.503324947197187,4.537888027821714,4.490732960635854,4.504185725059248,4.503612334041624,413104.48392250587
2024-03-25,4.401765285461301,4.428674294128915,4.404261936958957,4.41215666396496,4.411634671590982,390028.32347012375
2024-03-26,4.424874149847308,4.4404059775057965,4.399710438986481,4.417262808938672,4.416234221817075,330631.81250405667
2024-03-27,4.375505606040431,4.390741302391149,4.3649142056369366,4.376470506548563,4.377096968625528,233348.79100574137
2024-03-28,4.253501541424066,4.256354608787467,4.24242943781992,4.251564611758877,4.253008669690964,846834.7167179263
2024-03-29,4.212568297825917,4.210993523569211,4.176738927553703,4.2064362110852445,4.206820828250547,155723.58272521172
2024-04-01,4.238629115177097,4.251371546815763,4.227114818717856,4.237356664778566,4.237546759650066,269031.7241856256
2024-04-02,4.125217839292614,4.124432539520916,4.115943969832761,4.119268200210406,4.11838930076291,270744.682592969
2024-04-03,3.993743973514551,4.013488242590205,3.985632642187416,3.99870932207958,3.9976421346450697,341623.4725214284
2024-04-04,3.812348910252395,3.8199711870032247,3.798296189095547,3.803231132969385,3.805431138111439,207381.71594201587
2024-04-05,3.862638082661727,3.891851025257838,3.836701286840506,3.858443529350677,3.860715923209741,324113.09203245473
2024-04-08,3.9376487282191697,3.9483167945205127,3.917044814398067,3.9368251345885295,3.9361646386738425,242484.834407484
2024-04-09,3.976289352016622,4.007066033847559,3.953921289358433,3.970630888000649,3.971162649857843,103863.05063515296
2024-04-10,4.109659775166984,4.12474025825351,4.088706322455451,4.114468086109701,4.115367238315258,269879.642952436
2024-04-11,4.126673753038246,4.134700456307471,4.126301174981998,4.127865116328373,4.127948056256699,138643.44882275714
2024-04-12,4.19403728302141,4.19073406501573,4.173964165360688,4.187988778567835,4.1870871023131295,94785.1985420816
2024-04-15,4.227295200909101,4.246980206329659,4.226695075375504,4.23520257900238,4.235458990005495,291304.3839424644
2024-04-16,4.223355785319449,4.230622238237515,4.220244364623809,4.220990098600665,4.220122090694765,359593.6795936615
2024-04-17,4.141467495595128,4.144828924956862,4.132056166408733,4.139264677614412,4.138285726792108,368066.46978740784
2024-04-18,4.500112357250413,4.493516354214223,4.472594286449613,4.491268036283096,4.491181248657128,377113.855272567
2024-04-19,4.410138778591072,4.449591377562205,4.391459936039927,4.417130899888672,4.416427827792894,84157.60647853513
2024-04-22,4.317038076091154,4.310748419685235,4.286735601455154,4.310100404620951,4.310562044289853,118585.54089783848
2024-04-23,4.377202141965989,4.406711533365974,4.353692660764136,4.37965242936538,4.379118539023677,876868.9778618193
2024-04-24,4.41857358411353,4.446981812384623,4.391707492142356,4.420549611607929,4.419975222530204,143153.78399516095
2024-04-25,4.192422742240588,4.200474293704637,4.190039909892273,4.197552169406094,4.197693766768418,387125.6586575552
2024-04-26,4.370173675744801,4.399638814379486,4.358416937443389,4.374932955474195,4.377604266412457,177697.40788372792
2024-04-29,4.361584286286132,4.3938818484630975,4.356133803840492,4.359824999467859,4.359193322738317,281476.33163018944
2024-04-30,4.180316496229457,4.198270073953832,4.167580329295369,4.184971573673306,4.184829669488819,183514.22770273656
2024-05-01,4.375697645811062,4.387425493702974,4.3606449893523385,4.372460781594936,4.371260696611804,375842.2147861866
2024-05-02,4.471549318640575,4.482751934306507,4.468802118035874,4.474515770673162,4.475436569273436,291287.04543206183
2024-05-03,4.265634309158853,4.277085774531575,4.25292737252872,4.270814952074243,4.269661099284162,205053.48690351416
2024-05-06,4.557566061199927,4.564262004537117,4.556784054320939,4.559972856580782,4.558811624435776,142899.480455644
2024-05-07,4.673677497738532,4.686177197816209,4.658719454167249,4.672104366597662,4.672407952866611,315106.047063393
2024-05-08,4.6691113009931495,4.684528793388404,4.6538725900307885,4.670406653513045,4.669237407867807,129620.82290720304
2024-05-09,4.952545247107766,5.016900047784096,4.942217640112779,4.952375825744738,4.952492595364468,346794.83319845324
2024-05-10,4.985066792120436,4.9875889123604304,4.979543214854842,4.981598566026896,4.981733935695044,1297423.5164457683
2024-05-13,4.981893275800555,4.989393366353227,4.942280545944613,4.976506598304437,4.975828514657484,603259.077333879
2024-05-14,4.855414210463759,4.866888093453516,4.836347339324356,4.856920318668771,4.857686638668239,412919.82804238034
2024-05-15,4.957079493432051,4.963159430579692,4.950344945130444,4.9622611958197655,4.963325773767664,254902.30201002728
2024-05-16,5.050643144957704,5.06921499426608,5.010055766444448,5.050258848142231,5.048117947474188,83846.95265680243
2024-05-17,5.055432644180346,5.055099024246474,5.017607502434047,5.053054426206091,5.054916830088144,121373.53827344462
2024-05-20,4.9009438125085225,4.945118413804888,4.903678526437718,4.908113217690178,4.90719588120358,579357.9077390874
2024-05-21,4.927341626104882,4.959523850559962,4.91447335093724,4.931733869207432,4.931398457853124,167066.35568725693
2024-05-22,4.915586280252322,4.922040208690196,4.895132927914996,4.919124049808561,4.919110091281246,176389.2961164125
2024-05-23,4.682296037684345,4.687906842747238,4.671870464808464,4.683269324965827,4.682699089282899,242949.70232704023
2024-05-24,4.432671759931147,4.499268611725079,4.39677613043493,4.43604774266142,4.436305082368498,141885.0135325218
2024-05-27,4.532674683691449,4.53686657546834,4.5262252064379584,4.529472162409434,4.528928373426675,128532.7171741077
2024-05-28,4.108740050735099,4.1431915755875455,4.099054967320268,4.115345728799875,4.115110941471794,260332.66067906097
2024-05-29,4.140120179588507,4.151257583265451,4.108757153172571,4.146670752907985,4.145639956220572,157169.8469363614
2024-05-30,4.072935574407282,4.077410138820606,4.039229234098318,4.074295936235178,4.07550764390762,172023.92623396384
2024-05-31,4.274859476566888,4.290486540423712,4.26414196228249,4.275610499540543,4.2761141612223215,167927.1249660725
2024-06-03,4.192496307802973,4.227924110689798,4.185300757236553,4.1986037810676615,4.199284812007282,367109.7498707355
2024-06-04,4.29934777638,4.302523034321775,4.29713870078517,4.301957984408158,4.302805730783519,233450.32339937327
2024-06-05,4.237836481290352,4.287876264752178,4.191371687983904,4.239536721281144,4.239869269658969,241073.4214183696
2024-06-06,4.255725540820401,4.262348161363874,4.255448341388415,4.257399967487266,4.25667341760743,383911.5775990676
2024-06-07,4.375319840579849,4.403314137611647,4.352175593315422,4.3746554114270815,4.373675880525043,246415.9486129029
2024-06-10,4.297916632001354,4.312848611876768,4.265864656040877,4.300761925278051,4.301380123084939,0.0
2024-06-11,4.468309779398702,4.470031543153168,4.419453689064385,4.461716093395551,4.461144642447592,355852.00721839647
2024-06-12,4.303420963378021,4.314055683353633,4.284085800813002,4.301321038490046,4.30185026365481,400680.1295834904
2024-06-13,4.344821103286072,4.368925478893771,4.329758243173727,4.348330699786089,4.350029778039117,245672.81278098605
2024-06-14,4.499217935309436,4.505495406391346,4.495514895181826,4.498792747688501,4.497303951666507,281634.2902967179
2024-06-17,4.610202162060331,4.613342178213787,4.581516995427318,4.609630497265559,4.608316192293717,167866.7622962689
2024-06-18,4.9530637220078,4.958138818888333,4.905443189482932,4.94705442875768,4.948580378620076,160105.8077514859
2024-06-19,4.806969691344771,4.829371406814261,4.808810760818122,4.809857445240486,4.8072504214657314,425699.2973247672
2024-06-20,4.575047422965529,4.586198634106102,4.568724663164722,4.571539503796108,4.569900434153143,350447.16683287703
2024-06-21,4.407277338399835,4.432798730424051,4.371996695042745,4.40709288183754,4.406484743368347,352631.56408577866
2024-06-24,4.522474343133454,4.523212934615945,4.515376483919953,4.515738818315027,4.518486036107954,317588.75743853947
2024-06-25,4.605368145099259,4.627085490756856,4.590224940174976,4.599430779219358,4.600514404603764,275880.1925487874
2024-06-26,4.617764073183372,4.64834152979908,4.599523015875166,4.616854648365331,4.614630998810653,407520.7515818322
2024-06-27,4.42856723983685,4.46047991235759,4.399374316526276,4.42972908079055,4.42933154703741,470271.4013060245
2024-06-28,4.559079917483494,4.584426514373152,4.542865037925438,4.556771430147923,4.557817896143134,463581.1840941074
2024-07-01,4.3549304886954845,4.355917095459004,4.308087244360289,4.355716477852071,4.353100930296334,252592.61447142944
2024-07-02,4.553492317993485,4.573183063580612,4.53146578371085,4.545853887403742,4.547282027181056,616735.5704105452
2024-07-03,5.051169700393658,5.065979781729437,5.043840299596448,5.0507733658127885,5.049057964919345,307760.2682478004
2024-07-04,5.117437782789553,5.131716670055763,5.094521687593082,5.119514476118834,5.119285828820559,392160.2026595325
2024-07-05,5.228389019645396,5.2364428973263,5.206960348764243,5.230793171098966,5.227787456866914,317823.8999087027
2024-07-08,5.130467137973845,5.151410361369886,5.101827833048315,5.136698135602755,5.137527685518433,311204.0310632328
2024-07-09,4.807908729804423,4.816709840303295,4.767583965506847,4.80523433277389,4.804856364527927,172568.373640368
2024-07-10,4.695873063191181,4.712261462000435,4.686593807687184,4.699726891891879,4.6983246472252445,408730.1768468821
2024-07-11,4.519198543781268,4.544608431550167,4.47012602028918,4.514241237656183,4.514107204200403,1479443.6115923647
2024-07-12,4.274320115128116,4.292088101518171,4.239240139837736,4.279853687987313,4.280586988716501,214298.0228053766
2024-07-15,4.560980020487021,4.587248230025561,4.550110644744311,4.56039974861511,4.559275043098997,280014.54556679964
2024-07-16,4.611848656127314,4.608644368829864,4.591021435016794,4.606550092765906,4.607596888433656,205310.1088892328
2024-07-17,4.661469446690651,4.688804959373639,4.633208768995607,4.671523719904134,4.673218982000957,200223.2071675387
2024-07-18,4.62799894911668,4.64722398211303,4.616875238324654,4.618677232001435,4.619435411404555,677842.1257087991
2024-07-19,4.587448585501356,4.602829284922675,4.585682682615614,4.589400389551047,4.587826140510065,179192.76222959545
2024-07-22,4.756215033362549,4.78930735458027,4.736770200331435,4.7555440480577,4.755544888199902,201904.82782576192
2024-07-23,4.752652706846494,4.783273591371599,4.72830933549697,4.749938358250421,4.751299026649192,103518.3639855902
2024-07-24,4.847334921416642,4.845174235185188,4.8390363057726775,4.843817684653288,4.841658011902315,170319.77274341727
2024-07-25,4.810328945245002,4.845044546200642,4.795642110995563,4.809011834144729,4.808785513767897,96274.62506206355
2024-07-26,4.753544305872866,4.803169911317242,4.73217192104774,4.748807918064406,4.7499573109328015,392025.7555418568
2024-07-29,4.51123896423846,4.517629469263819,4.496791175627316,4.508898527065524,4.508866286581256,1439517.1935885926
2024-07-30,4.199363099979363,4.198770160892586,4.1813499812961545,4.191981518783574,4.191818993106848,215344.1497365284
2024-07-31,4.153984445905863,4.17166417324,4.142277902422942,4.151815838140743,4.151742615804103,98710.3655034649
2024-08-01,4.168695189500754,4.175131010067355,4.152647467514838,4.160521281609674,4.159894520410171,460468.5323381469
2024-08-02,3.971532050143125,3.993965340847523,3.966591559398016,3.9679566084043114,3.9668679769785937,173484.75804788116
2024-08-05,3.955810925597621,3.976091366177188,3.947223380223314,3.962967053853532,3.961503651705655,585141.0207836926
2024-08-06,3.981243261137583,3.9771979894571294,3.939695607783309,3.970874899053122,3.9706617218215183,226563.96071996004
2024-08-07,3.665492443930552,3.689345389561409,3.648070479961488,3.667598907755479,3.666618588063708,183672.68865970397
2024-08-08,3.5513088995022093,3.557819819711874,3.5412175262139245,3.546005691911799,3.5453922231429806,241162.30886465264
2024-08-09,3.599773865849071,3.6000903977414045,3.5737010049720515,3.5996774180969204,3.5997111855218296,422804.8721991736
2024-08-12,3.655315853391509,3.65657178862303,3.644013135004209,3.6514413445545952,3.6520062715371338,234110.29315090957
2024-08-13,3.4970714636470084,3.5020415225950674,3.492925724774069,3.4994807823646465,3.4987030471706477,199180.19137983388
2024-08-14,3.522222742475365,3.5244375375786827,3.4969695427723817,3.52002010910053,3.518971994068316,238160.72460838468
2024-08-15,3.654310969799567,3.671104392240458,3.652631469194128,3.655236441107637,3.656428680949747,125102.27594554576
2024-08-16,3.767420704425961,3.7763472561391,3.7421204131565857,3.761481313727399,3.761958893066808,340516.5339934106
2024-08-19,3.749985315941687,3.776260631924988,3.742687139404393,3.748341038047673,3.749402271786101,91854.77201158168
2024-08-20,3.687738957324806,3.694545312793655,3.67442290292635,3.6842906725813873,3.6862231422231497,205566.96578061293
2024-08-21,3.59207091000788,3.609824631730569,3.597454476760788,3.599861286558632,3.5992586859966065,423213.104917704
2024-08-22,3.662199783836285,3.670427586044834,3.649155527041445,3.6625131949051344,3.662624165043456,321846.16752277187
2024-08-23,3.690504331602907,3.6891391745221465,3.666977584137132,3.688989810804368,3.68950695861407,382388.4836744648
2024-08-26,3.776455385222601,3.80443026129728,3.773113345586402,3.775611102299208,3.774654426727366,258066.5035456529
2024-08-27,3.797700007112352,3.81874497418092,3.7627996092048,3.794053325389424,3.7944194159300335,541364.2971623166
2024-08-28,3.908906156200637,3.9256064780593873,3.876751036766472,3.910336965096084,3.9095267461152057,467343.36248592753
2024-08-29,3.924233232259514,3.966009509238024,3.917637506006775,3.924041789620564,3.925142367061091,0.0
2024-08-30,4.044004734629756,4.067670308284009,3.992016833802972,4.039233483930817,4.040061196816551,468142.24282864167
2024-09-02,4.161522327084246,4.178695300103201,4.133589655809632,4.171026799986451,4.171351732373289,420943.59818902327
2024-09-03,4.051601438254292,4.049821624981991,4.037129476277864,4.049215031344328,4.050008344856601,206142.2806221147
2024-09-04,3.7869490316462975,3.829699267193999,3.7761736458966535,3.78821385877136,3.7871130281295913,119809.78666066378
2024-09-05,4.0063517936237,4.046578902255408,3.987761707763356,4.010010198607534,4.008857768923785,345316.7102059403
2024-09-06,4.049534787376573,4.048219790052202,4.027362381604371,4.04817239833704,4.048158932744338,372373.8264558085
2024-09-09,3.80499874160728,3.837776616917064,3.779173050865834,3.800334016690187,3.800300525219469,516217.359280472
2024-09-10,3.705549129866216,3.714633393449705,3.682856665590585,3.701702528517717,3.701068523310224,153002.1473086007
2024-09-11,3.808053622474349,3.825017377954902,3.79398242288102,3.808568209668572,3.8077118066919176,155770.86064923738
2024-09-12,3.772859824145913,3.7786037686070615,3.767408371193602,3.769558667205741,3.770625499080971,353606.55935464136
2024-09-13,3.702341621148417,3.7001522108387577,3.687648470903784,3.6991305246877744,3.698822087238959,257120.4180046456
2024-09-16,3.894843591133865,3.918841003271754,3.871955529784584,3.895183918301612,3.8953829200309142,86555.66687824624
2024-09-17,3.74514832971491,3.754228513334624,3.7281643853707744,3.74774581945617,3.74736505513418,336066.688944512
2024-09-18,3.636838657487904,3.651707347303241,3.639136291425837,3.639150369647075,3.639537623362152,88304.49144203334
2024-09-19,3.6707313776047816,3.6936634097407546,3.64894378767943,3.667658417716993,3.667607356227433,152184.07226124112
2024-09-20,3.7207088108824182,3.721713206167721,3.7083821364943983,3.720865633513125,3.721450241214247,603806.3565145243
2024-09-23,3.785640610009377,3.810281410196755,3.755103410782322,3.78960522761831,3.789632005689148,802050.9477343458
2024-09-24,3.912483769465239,3.93251464310456,3.9059357883867207,3.919086893320926,3.918790893740771,129392.56202588184
2024-09-26,4.017629026033672,4.02532665219208,4.007124587274626,4.019826980687948,4.019737221903975,275288.1135504735
2024-09-27,3.982971527054615,3.990311910535769,3.962556535742381,3.981656036652872,3.983179322433251,781316.9376457263
2024-09-30,3.9958643428754015,3.9935433839187615,3.98171552603974,3.990916775782925,3.98920819787175,199641.5188113601
2024-10-01,4.0015700945186445,4.016941435342875,3.994393241893119,4.0068147123698825,4.007773207960608,201565.48318896143
2024-10-02,4.038573087465344,4.038789368603767,4.00411786699264,4.038755386304014,4.039111674588257,679583.4630171907
2024-10-03,4.154744171258944,4.164649298572977,4.119605497765495,4.15545348284335,4.155099067374147,214298.78425969929
2024-10-04,4.243014452107011,4.26175292085395,4.214094796468738,4.241403809227795,4.2431185256822,413875.72450137365
2024-10-07,4.253638354468419,4.252687253308291,4.231562141124174,4.248373939424352,4.2488939633549485,110604.29721003512
2024-10-08,4.118122106259892,4.154459257143021,4.107816157138497,4.123604239398911,4.124082298533239,242137.3372695556
2024-10-09,4.136308259229035,4.168666033203384,4.129716526218274,4.133952741436918,4.132798638919517,99135.40253169335
2024-10-10,4.133997058980245,4.16539159733234,4.114785233189762,4.129737136939018,4.12924603042869,142449.05862236
2024-10-11,4.1585214535800645,4.172148269589809,4.144391125084686,4.159296651078018,4.1607499088472455,443973.7921980951
2024-10-14,4.51111492794895,4.537711464187491,4.490160154922651,4.511735052364628,4.513254349681328,260421.50368641457
2024-10-15,4.427381782424673,4.432170115122329,4.425114808412451,4.425529922221296,4.427417829876484,221579.4634654088
2024-10-16,4.496552411211901,4.498071971558211,4.476657920451369,4.495002457599365,4.493756687141095,171227.81933621247
2024-10-17,4.6783237303866505,4.67711363983917,4.669282285107205,4.675600882021997,4.676569528032032,235062.41557556423
2024-10-18,4.695211243906964,4.702863643327185,4.687104245992613,4.692577391598428,4.693421779431103,321472.69860786106
2024-10-21,5.109876532790079,5.118947755365924,5.108735429906409,5.114899222172267,5.115780815156899,483956.2184586005
2024-10-22,5.049185013556156,5.112531878558555,5.031266701177425,5.044189921269062,5.042863499015325,55542.956399631774
2024-10-23,5.1108213194640415,5.113125364784469,5.081255475629487,5.104865048879756,5.10450948152562,162908.38970485626
2024-10-24,4.957748630230023,4.967362061526654,4.950633185332331,4.956826249657967,4.956203034449345,295214.57544799923
2024-10-25,4.885770424627277,4.933211635194392,4.867742604383051,4.893081448238543,4.893147265220176,252882.97983741405
2024-10-28,4.937674817120207,4.979882133729139,4.905245953250285,4.938241459122834,4.938617284588449,341815.27738376806
2024-10-29,5.095752320003207,5.129486504641596,5.083069879756738,5.094761868354387,5.097004185241811,315061.82603507204
2024-10-30,5.149195787591844,5.164110650060039,5.14204162052101,5.155096312056438,5.155847721449119,223480.4645329098
2024-10-31,5.398082222930798,5.442312289414819,5.371938029589459,5.400026978189987,5.400304936621188,195611.94092780695
2024-11-01,5.37364206750332,5.422120429939842,5.36869696749281,5.381226202981329,5.381878075384495,231584.27060440503
2024-11-04,5.319042767273274,5.34273529311081,5.246619413377163,5.315814514449179,5.313089730737119,534584.6717444495
2024-11-05,5.873920628763182,5.88324090077105,5.863839894598099,5.872945982163309,5.870519825516821,172956.47292901954
2024-11-06,5.949169134753986,5.963925094380783,5.938188785149125,5.958976317657113,5.95970338768464,258413.4152418589
2024-11-07,5.805149250274574,5.843169429525323,5.794682852693746,5.803109661140776,5.803144385632167,299540.6244974187
2024-11-08,5.656255215331193,5.690834620656998,5.653772069404189,5.656574862422502,5.658554671516387,684340.279756851
2024-11-11,5.466310447423556,5.495123846103497,5.456419499705131,5.463489023658067,5.46719898806295,224092.6911580148
2024-11-12,5.653226471981897,5.668354389934287,5.647120367303811,5.655440760466803,5.654778006965667,477005.830757756
2024-11-13,5.575595602400916,5.589811500027249,5.56552693144129,5.58006791188704,5.580571124282338,561960.949709508
2024-11-14,5.602070218296106,5.627895887475035,5.574032120639208,5.606391875347034,5.607222102639468,258266.54248142795
2024-11-15,5.590343408278417,5.616175639167931,5.584716032701315,5.593353584588267,5.593047434261954,236468.1043648169
2024-11-18,5.746379540666697,5.751748639717783,5.732971932480073,5.74627136655324,5.744738661490018,220260.8482343766
2024-11-19,5.570606718765551,5.5795645228970905,5.560680093724617,5.569782622276009,5.569290590410314,230154.5041276893
2024-11-20,5.352353986906507,5.383710236448626,5.317964094264884,5.353374981928921,5.353627082281585,447997.94142187183
2024-11-21,5.395594657521088,5.442793178204428,5.3530445232175214,5.397879685515099,5.400867016518482,308231.3715748678
2024-11-22,5.516899399473786,5.539517709768658,5.503905487931818,5.518838737441719,5.52011112647991,309023.8772356906
2024-11-25,5.60097210980312,5.59431892464554,5.55993628460075,5.5869615478538925,5.586129686207592,136607.3311981593
2024-11-26,5.418634115546024,5.432328837714215,5.4153151956164685,5.422813614390522,5.423591414556623,150167.4004146939
2024-11-27,5.556888484858024,5.573518233858302,5.5515470731625935,5.5599908040944825,5.563329170960216,970986.743603028
2024-11-28,5.427516085961487,5.423826551678899,5.406520544891206,5.409697332178861,5.409290061485221,241181.385141526
2024-11-29,5.309006122914226,5.356748973134253,5.285868556320237,5.306771901350634,5.306370237741488,168575.12964268748
2024-12-02,5.118312978613572,5.1362029177154325,5.1005653235923845,5.125385912077534,5.125708204405736,633274.6538457274
2024-12-03,5.381762130489897,5.3915176630676,5.330759020209416,5.377230806896094,5.376475778819294,317770.6354053674
2024-12-04,5.499299567684653,5.55271590744644,5.501172317872201,5.504308702662244,5.504328510189538,379607.4419034917
2024-12-05,5.63360610716632,5.6411271571794535,5.59682167577922,5.628489464047467,5.628408460310688,247006.9504853685
2024-12-06,5.892082838076548,5.89593189701618,5.852517566524274,5.893326107585279,5.8925624340238665,221636.99074159111
2024-12-09,6.534237717907728,6.578078256330305,6.523683949497394,6.537112712946526,6.5358415153296985,242376.64426707604
2024-12-10,6.147962678476401,6.143374995997634,6.125087913360012,6.138085486336119,6.137210613690844,117050.07314477475
2024-12-11,5.976756000576974,6.017842269141168,5.972028343532536,5.973372674214362,5.974179407180133,254547.7077920454
2024-12-12,5.845001712396708,5.861154774489243,5.805533406412295,5.839320115602342,5.838830642762192,320494.324278164
2024-12-13,5.661584667026417,5.671007470076962,5.653875132527633,5.659123402889668,5.657862227786381,814457.8370995285
2024-12-16,5.436424144801129,5.446376088180877,5.422864632228162,5.438841408080729,5.438025416377838,282546.7885394499
2024-12-17,5.382460422095551,5.381872823519474,5.365750021029376,5.3791718416128536,5.377654269947091,66137.67112845174
2024-12-18,5.149585615668623,5.162948681144103,5.135012240594499,5.143366178115833,5.143065632145275,253624.15370579367
2024-12-19,5.208037609457802,5.236908342359659,5.202822085873772,5.207335983195487,5.206285641806623,1388455.4217234424
2024-12-20,5.22673162984685,5.222657920083163,5.162249116188336,5.217331862482388,5.215392897851451,451269.38266952295
2024-12-23,5.315235654592997,5.329293456026674,5.262018363797744,5.310718956081049,5.3108120914801145,164961.37485892072
2024-12-24,5.41224682470508,5.459320080195469,5.397527556289761,5.411099765979619,5.408711303268024,382568.84717192233
2024-12-25,5.534163994257875,5.5517206075483765,5.525764238979854,5.532772576475706,5.532845409232371,171921.27457658423
2024-12-26,5.4579666776248015,5.502896361630846,5.439736778054726,5.457217744729364,5.458115397673269,119099.61089241932
2024-12-27,5.893653222807403,5.90450647586348,5.89283805505401,5.901036828963026,5.900919070911828,217722.8890571945
2024-12-30,5.9517810410373695,5.986941543591706,5.932455003909675,5.95231717931586,5.951844739455259,283485.38918153493
2024-12-31,5.558734976941155,5.59727653712106,5.537373011648179,5.557505731781078,5.5588053141344576,87265.17047068817
2025-01-01,5.353776091107807,5.386992373654052,5.351023102091001,5.356004644950005,5.356415175606737,134659.46992239568
2025-01-02,5.024974977394559,5.064725550545472,4.995833010537816,5.023278731608348,5.022816536161522,270006.5070592129
2025-01-03,5.02665821935675,5.029902622948245,4.99466184662856,5.026551116167323,5.026540599895216,210048.99550320333
2025-01-06,5.007969719773927,5.014449141119737,4.983671963201898,5.004098089659694,5.004949999840201,340063.200345624
2025-01-07,4.921769839034568,4.955510381916279,4.905076054710797,4.918508315274336,4.9199540204071495,129469.2918738206
2025-01-08,5.2978403653417,5.310881059046673,5.283859788818251,5.296954961905628,5.296311236532919,411872.14361273823
2025-01-09,5.397897756932622,5.459111065567167,5.391796319777179,5.405287936280304,5.403003754977224,131892.7724814378
2025-01-10,5.561902323738284,5.580726145897288,5.529318535476832,5.551960302180914,5.553601657771043,719017.2162724206
2025-01-13,5.363978606521844,5.3801692965989085,5.322641658202011,5.364739814811242,5.366432601210531,95850.50617552674
2025-01-14,5.170425367688461,5.191584451578441,5.118546336820236,5.170843618891404,5.17109708423749,139311.46179720663
2025-01-15,5.176153017329561,5.211465765490375,5.176118032141293,5.177926565131153,5.179473461133787,344697.493803695
2025-01-16,5.208567412747801,5.239846193088432,5.203346988334654,5.211112580873369,5.20963637525095,728352.1632183634
2025-01-17,4.874085895246277,4.870301215559221,4.837815502690119,4.866571626160733,4.868548053231878,324170.80171865266
2025-01-20,4.841099034497405,4.893071218926694,4.809113659248076,4.834398344130039,4.835348283107933,376139.26976754
2025-01-21,4.839115548137035,4.846418746275291,4.833284662250674,4.836966032338935,4.837298137021286,271175.6760659922
2025-01-22,4.7983062916530965,4.834107275058006,4.766443250176396,4.798822165777003,4.799568442451122,144952.43419203672
2025-01-23,4.660037763658389,4.685884197940006,4.6485262217361365,4.65715443558833,4.658162301889931,199968.8715279457
2025-01-24,4.565854667086488,4.57608575525324,4.541175921430625,4.565517745656644,4.56436767698218,129683.76227907998
2025-01-27,4.5350482743084655,4.562888502568898,4.525517494325761,4.535911108556789,4.534328171277111,124588.80319931252
2025-01-28,4.55271101317175,4.563126048137871,4.535923288945317,4.551172234889338,4.551243373032343,341481.693904679
2025-01-29,4.651761943283897,4.698813082203857,4.641072315509649,4.6538150098283335,4.652425122005729,136775.09462305615
2025-01-30,4.844227624597878,4.877312054804077,4.808085582753041,4.8430059072771146,4.844596857869938,325049.3851364573
2025-01-31,4.7917883099449945,4.818305372055605,4.788407429405118,4.790809926307366,4.792001177239445,122872.97150014024
2025-02-03,4.713838497360579,4.733199859607558,4.687423181218593,4.710998066929951,4.71018617514918,320561.6242047089
2025-02-04,4.784698432335796,4.797983876288519,4.760830491219822,4.787662651223094,4.786991794985909,200143.6141563041
2025-02-05,4.900208695090993,4.9256650349140845,4.886762174073997,4.896731348150401,4.896776241437311,624039.7331163721
2025-02-06,4.814685338419008,4.855869771159503,4.777498181618286,4.819052901448727,4.821207516177735,325862.67763210926
2025-02-07,4.958720231345385,4.972998842674307,4.908865341140955,4.961561055745888,4.964070422447261,563244.8617764352
2025-02-10,5.141306319623808,5.153847102203428,5.140560163254954,5.144027124474867,5.143549064451248,170520.69900822625
2025-02-11,5.389120710227529,5.425811055072703,5.356347144277917,5.394904326973047,5.399197818699352,277530.46894645266
2025-02-12,5.7662615729037405,5.819380456627755,5.734768347165114,5.760410940774394,5.762571313164152,148947.28123879526
2025-02-13,5.574034414362638,5.580123323082252,5.574999924374192,5.579441185659356,5.580136599734852,209365.50983088333
2025-02-14,5.578467205405883,5.62137081716702,5.571119344157221,5.582368814171537,5.583188131948249,229288.7640037052
2025-02-17,5.591769718357978,5.609712207369514,5.565665183393857,5.58475856938876,5.586008587441739,173595.83128550474
2025-02-18,5.561502010086173,5.57917036359757,5.557870888522951,5.564677118591441,5.562594026216036,129404.48037705087
2025-02-19,5.432144478276517,5.44710116174267,5.397975481393359,5.43316668884616,5.433539123352251,114908.28941153604
2025-02-20,5.138546426175648,5.1809494785497385,5.140898072942614,5.143752052426227,5.144232110977525,65916.96550805183
2025-02-21,5.165714981749709,5.199159074400982,5.148099470258477,5.161415774247507,5.159804094622897,142371.07351515355
2025-02-24,5.021613068399788,5.064450543537542,5.011968665915458,5.017364683871629,5.018152923149017,391013.0983423105
2025-02-25,5.037073307973864,5.047190124892963,5.008182022989513,5.033353931702029,5.034535354103506,102837.040246943
2025-02-26,4.890874387851697,4.89120944879628,4.863067806945139,4.888246809384079,4.888493381309583,118081.02168143188
2025-02-27,4.6944960054336695,4.718403439622802,4.677010886414058,4.694150567066448,4.69258322520275,785864.0898158489
2025-02-28,4.732436957435943,4.741116572802474,4.710270149952122,4.734919838919294,4.736769151629881,183157.61954356325
2025-03-03,4.757508902831004,4.793519067483672,4.730580539464301,4.761389288958594,4.760696822381317,325340.50010602333
2025-03-04,4.870472083996749,4.875542383846038,4.841045985553811,4.864197728463542,4.863603092044489,394506.2602250855
2025-03-05,5.276381885089626,5.2933987328233485,5.257975215919847,5.272349569616748,5.273336684606952,399318.9212058952
2025-03-06,5.322880790124333,5.339884601286406,5.319234429388865,5.326573726205205,5.325183258728068,107646.8737648067
2025-03-07,5.422942170174926,5.424664214894931,5.401304162383187,5.422726173402849,5.424265899278342,233599.687472398
2025-03-10,5.210086081770503,5.23811406751246,5.203151272440286,5.211650176647873,5.212203084492371,101626.90969791645
2025-03-11,4.964685331420247,5.009388671590303,4.947311869113553,4.970292869045598,4.971848162679106,1164486.4302067496
2025-03-12,5.2698681350984256,5.281927481376354,5.244725403258822,5.26893210205717,5.268774384500042,103060.84712663178
2025-03-13,5.090564885378915,5.138376540822129,5.078588173667568,5.092680856916275,5.092235095355738,143099.55683909933
2025-03-14,4.895851683699706,4.904441983447345,4.8959486962825,4.900519608310523,4.899369727687474,143722.47859747012
2025-03-17,4.886285178072608,4.906950930228323,4.855600380823307,4.893523347760734,4.894051921073431,109316.61921367852
2025-03-18,4.869716707075186,4.920225903043561,4.863448107532864,4.877343914560483,4.877360790483174,604137.0443829014
2025-03-19,4.716084798213098,4.731473084697632,4.694026288998095,4.717837126187972,4.718261868362205,1147927.5460236364
2025-03-20,4.664765890396646,4.6693216789003404,4.64845518471931,4.665162872293291,4.666550830464165,201702.78438084287
2025-03-21,4.8771895888084105,4.899036758321614,4.861582488108784,4.881462336746542,4.881575585039095,121509.30362705492
2025-03-24,4.741730234770872,4.767972336619252,4.683417217674853,4.738646610587629,4.739824036957625,70111.68157790405
2025-03-25,4.501151836744799,4.517456167258847,4.488856531785704,4.501446891021525,4.502635835676391,231777.87783165448
2025-03-26,4.663322012279173,4.674227195343997,4.656640255458907,4.660633361354921,4.661689325065999,221944.08196879944
2025-03-27,4.74515840981765,4.776147767318233,4.704675796910983,4.746026509276714,4.744635765527966,181538.3716122553
2025-03-28,4.635123749939703,4.659418592555744,4.611659913183308,4.638775011557058,4.637974583113749,306454.6775266486
2025-03-31,4.376566920653585,4.404511499783027,4.361385974575199,4.376067534455415,4.375625294105468,340137.0439047073
2025-04-01,4.252281304826219,4.260008033306746,4.235157073447851,4.257657340230637,4.257037932158674,325738.4229776437
2025-04-02,4.251426398542556,4.2674622618441065,4.233805719985457,4.249134251847753,4.248436184157227,221976.11762882097
2025-04-03,4.431561038661411,4.482514469305483,4.4274337337799725,4.435717968235659,4.437278855433783,138555.59087745694
2025-04-04,4.273424500280719,4.3020952687119545,4.266480679587133,4.269504102741413,4.270214190310377,400112.0287226789
2025-04-07,4.254837050673999,4.286635790695722,4.224749555795453,4.256277612289479,4.258422061032095,270359.61404478305
2025-04-08,4.3682058091304485,4.375899247463289,4.353639998245332,4.363569370423631,4.361976425671702,457263.2369607459
2025-04-09,3.992492606902764,4.0294548903183465,3.9714767393379926,3.996979709008413,3.996981478099957,431078.4321530669
2025-04-10,4.1494444724287645,4.156194068387781,4.141407757545545,4.152258747597473,4.150883438171371,114341.2593195408
2025-04-11,3.97675199195521,3.9951000336280393,3.972122066833334,3.975237684998964,3.975761470192945,113489.62199157108
2025-04-14,4.028937495477883,4.064384966899004,4.021952004954655,4.024227149296342,4.025121672313338,170531.5442326626
2025-04-15,4.067799449952905,4.071174637646434,4.04923592465712,4.061031299013025,4.063121836192014,142377.99763411836
2025-04-16,4.226879729578013,4.266308008784114,4.21038113827708,4.2267048870118265,4.2246727333730085,422164.81159859954
2025-04-17,4.321384858125255,4.330289168615609,4.301457475087744,4.313457819863218,4.314543215042172,331302.05979947146
2025-04-18,3.950512599093799,3.982227893590911,3.9213337983706222,3.951657254113376,3.951649370552619,518922.796252704
2025-04-21,3.843263299002805,3.8635731013410752,3.8137774801367423,3.839045080567485,3.839504448791947,340405.2472265144
2025-04-22,3.855061867463459,3.868614797643162,3.84563079739597,3.858697458882233,3.858871397059026,304123.6828490944
2025-04-23,3.8327247912718576,3.851454810598056,3.814967574084187,3.831114954825989,3.8304575642336,551191.6601452271
2025-04-24,3.8900676591043895,3.902297625781289,3.879308107779848,3.8991983848270575,3.898881741032024,355697.6687158639
2025-04-25,4.0098503684154485,4.02579719849632,4.00779731609116,4.014352830467705,4.015686591037079,279528.79179549793
2025-04-28,4.107358389597414,4.116481766762306,4.104195136784258,4.105442474848547,4.105466791327699,652307.8032338399
2025-04-29,4.067852748780939,4.077585954722826,4.037181480126285,4.073198572840663,4.073867293220152,287537.4897623423
2025-04-30,3.8069159195621034,3.826119617930552,3.795878994675765,3.805291251943146,3.8059395022983256,223551.17484487777
2025-05-01,3.7453825511065375,3.752559684999316,3.717902234942157,3.741990593345197,3.741825545332672,162316.92734941875
2025-05-02,3.797998570889304,3.8115520616903376,3.7889508086427313,3.799903539263919,3.801430760927626,409141.06404543685
2025-05-05,3.646723897676848,3.666577939988287,3.637921983374763,3.6502608286957945,3.650058035999795,563673.4227554386
2025-05-06,3.7344586470179233,3.7420600776016735,3.72138994714002,3.7362303174281983,3.735983737639316,260314.95939118144
2025-05-07,3.8597518007531466,3.886055599350192,3.857690827951456,3.863483200423077,3.8634024732011314,588157.1036476182
2025-05-08,3.8812454158113177,3.895036544251887,3.878662942376145,3.881638290233603,3.882034630161475,82288.85685314145
2025-05-09,3.467567709153032,3.467237681637497,3.4595331469038686,3.467213739135784,3.467664562737221,259556.0563739899
2025-05-12,3.30670597442392,3.315701966747028,3.2977665460819634,3.30771816966819,3.3083512335348737,261958.93995621003
2025-05-13,3.5518232661340625,3.5511099045603505,3.52652758116976,3.545886178845861,3.545620126318532,173477.53289016202
2025-05-14,3.4727182928025555,3.487212350338121,3.455546497445154,3.475218378178063,3.473480827450053,1121655.8879462716
2025-05-15,3.2346889339149074,3.244550025035517,3.226614972994032,3.2301943343426607,3.2312261494068046,257888.96947051137
2025-05-16,3.377173143863254,3.4046643088939628,3.374549266855554,3.3806932543255943,3.3802828203636084,210104.75886180688
2025-05-19,3.3826456807511085,3.399201349668437,3.38073140230833,3.3823995179336217,3.383708018576965,272549.9742624712
2025-05-20,3.527197674471814,3.528820942100634,3.507802869450217,3.5230295591459138,3.525194424426104,80685.30607985819
2025-05-21,3.563245956068298,3.5879376730405115,3.541901366465295,3.559219207960934,3.5595441467893427,170089.3633687645
2025-05-22,3.618406752782765,3.6390101548309697,3.594616729112708,3.619928056137464,3.6200986353223623,484050.2398560439
2025-05-23,3.670766315137537,3.698828922948001,3.660923035837318,3.668729914251016,3.6686556317847607,183989.28239480584
2025-05-26,3.7658949005755433,3.789743895266617,3.762238765943153,3.7643094521698495,3.764708663266513,163190.72737124973
2025-05-27,4.091752757356737,4.121585632385967,4.08878687270898,4.093963248510327,4.0928094293258,588725.5424175883
2025-05-28,4.245794329537196,4.268088390228773,4.2063763475287965,4.243180742625468,4.2436386601530325,599680.7088095599
2025-05-29,4.01060241073694,4.053615416847683,3.976330802739251,4.003146581565196,4.003718518979023,365928.88246455113
2025-05-30,4.071562138924013,4.071112066770377,4.063092428552507,4.069642485856868,4.068888687827172,204215.1960806487
2025-06-02,4.246962367770623,4.268379414995463,4.233821886858161,4.244558435024608,4.244076714605214,232423.7192502374
2025-06-03,4.43997471970499,4.472294459311888,4.421928861162391,4.436992373193109,4.437746283105997,165629.72821941754
2025-06-04,4.361448165488554,4.386847587066319,4.340632833307127,4.367829462157682,4.369494402607636,147729.19727682843
2025-06-05,4.561601320811787,4.59944369432996,4.538452922181761,4.559502925068115,4.55660654455069,143393.8195741581
2025-06-06,4.713362005646467,4.770717938317062,4.681663807889843,4.718159239228566,4.718407512466169,185195.50983129165
2025-06-09,5.184396508934071,5.197002754577005,5.179923413741751,5.187456521791714,5.188152139836929,144230.41524044028
2025-06-10,5.057000284271268,5.05661734432721,5.031442489187241,5.0460909294591945,5.045569269116315,105006.43666939826
2025-06-11,4.951409207757338,4.981199215066828,4.949534756125389,4.95266352729436,4.952448413111694,306092.1874845572
2025-06-12,4.893535890644626,4.92895062082545,4.870563259044586,4.897160642136504,4.897523713681846,308895.2027057705
2025-06-13,4.815078120316751,4.832481593445115,4.787066644653764,4.809534734369296,4.812780819028385,744505.6016024352
2025-06-16,4.6499760297323816,4.685816797318845,4.620268326512168,4.654386885145765,4.651704349217387,179691.5374461989
2025-06-17,4.201972893507618,4.221985399547079,4.169502326613253,4.203853778167344,4.202942299181912,320507.3069804613
2025-06-18,4.142258023862814,4.147620345572639,4.1171053723034925,4.137090581902333,4.138387680492468,323717.8388380054
2025-06-19,4.194025106210666,4.228890241722199,4.190648457260016,4.193845745638848,4.194819838311802,230428.8606794359
2025-06-20,4.111917859761551,4.160912483796396,4.093809416461573,4.118349061486768,4.117082298253382,419408.2856643015
2025-06-23,4.425303037655348,4.445851626334716,4.399588169201123,4.422897027607111,4.423258063944302,427255.5163170107
2025-06-24,4.423378183821625,4.429117414358362,4.414591323609735,4.425132597920232,4.425656395255779,326585.3678639473
2025-06-25,4.647982647780734,4.670658048366725,4.607009429635709,4.640836448876188,4.641202423786178,230179.8357548526
2025-06-26,4.682983840019728,4.690701611002008,4.680386940110069,4.685824325564791,4.685511116634312,216529.46948329968
2025-06-27,4.835878705384578,4.839593491564174,4.755290854308909,4.830800442485551,4.830282061012648,118107.1639904148
2025-06-30,4.88950145054498,4.882856475429337,4.8804318504769215,4.880834562216549,4.8806760405897744,165454.13952468842
2025-07-01,5.129073523764835,5.173276944161613,5.114397476987661,5.133441791271949,5.131821895186572,184756.7706293281
2025-07-02,5.143105913374933,5.192597285085593,5.118160783894549,5.144099820440322,5.145568063207145,136709.96850424822
2025-07-03,5.24112547935492,5.265395375554058,5.192668511461156,5.239089436786281,5.2395403930087285,349393.6072021624
2025-07-04,5.305817571978408,5.319275287934857,5.287860811001754,5.310370395481463,5.310429897719293,550166.765578352
2025-07-07,5.255731401356374,5.26206378335347,5.217335572183373,5.254311187593936,5.2528255825513135,155618.4630160139
2025-07-08,5.33219144027083,5.342977462342672,5.32677268227682,5.333391028114256,5.3334206007345655,318082.1181006386
2025-07-09,5.789840823115116,5.823969729592388,5.7549483155149375,5.79126007315771,5.79034366671205,144283.2003483645
2025-07-10,5.734184036399071,5.74315440600993,5.7095824924313705,5.733903428381344,5.736067235171789,223473.18259258347
2025-07-11,5.823723820362489,5.862055153624636,5.818574736446169,5.823308823915427,5.823147709618796,177336.13040527093
2025-07-14,6.1006871187024405,6.101838680627357,6.090932813542705,6.099687497224272,6.099814082983052,385053.432426649
2025-07-15,6.357758855930605,6.398738067873341,6.317595677542343,6.36156833064542,6.366688543210575,178568.41707387997
2025-07-16,6.36086122930851,6.399974199291989,6.354248346658749,6.364394561211499,6.364555270315569,492375.1713222954
2025-07-17,5.828565679115427,5.877223656613246,5.811025613282669,5.829256956642556,5.829830664246546,231553.80298383525
2025-07-18,5.941137857928207,5.943163205908301,5.93950033840291,5.941403781147081,5.942342202997223,181722.808389774
2025-07-21,5.472404682009024,5.480484850277098,5.428917101404975,5.474807297577901,5.477499765823577,126502.435837015
2025-07-22,5.781534670141372,5.837787891229642,5.712590329676011,5.779662408369426,5.778667134893181,312363.45422111003
2025-07-23,5.805393057153499,5.833308271192423,5.791772427120513,5.815947616420077,5.816966017347541,459149.4528285347
2025-07-24,6.029892759714144,6.04821607556027,6.022994026394106,6.034300612707841,6.033193896474903,316156.54134881234
2025-07-25,5.835408259531069,5.842708117962591,5.829412691025438,5.837042210068388,5.836432410516604,1028178.1419805632
2025-07-28,5.507776580740921,5.57186631513476,5.489592961343445,5.5124959122098085,5.51112951395786,632776.4451207382
2025-07-29,5.5748647417642285,5.57156139434245,5.526919575666226,5.565796956412012,5.565487752612685,223124.0873433597
2025-07-30,5.559081566561222,5.569165173260707,5.54412068352051,5.558976713994495,5.560397211337302,221722.868228829
2025-07-31,5.460208492093707,5.494285309869357,5.406614368406859,5.459243463383327,5.461987307466829,355691.1338450352
2025-08-01,5.473725638187773,5.494313436032607,5.4626074258358575,5.476371989301245,5.473731815524319,162297.84763093363
2025-08-04,6.064400688151332,6.132481467534463,6.055332517078435,6.064496379356804,6.063455103291461,540242.2796397461
2025-08-05,6.246398395839299,6.285167603668858,6.246481632506555,6.25399858929068,6.255265643823494,333354.01524491457
2025-08-06,6.499620284750591,6.53638280480689,6.458940957802356,6.500724218469843,6.501079961750161,312973.9835800522
2025-08-07,6.699899567966801,6.730885842192627,6.674127808752601,6.706183318259718,6.702695315347018,405214.6479634751
2025-08-08,7.080126586831189,7.178292065527167,6.995496117603848,7.082091184313287,7.085511969984752,754415.0275864787
2025-08-11,7.014736272380177,7.048505369660781,7.012124680601432,7.032739498729464,7.032144555283246,297322.6558148151
2025-08-12,6.512542712585922,6.566377376940379,6.51914965988116,6.519897177520887,6.522248658094182,250740.99112882456
2025-08-13,6.484296300328812,6.475051140723668,6.449249808685327,6.474817643815615,6.476571836921312,663465.2608716314
2025-08-14,6.677075479258999,6.701434498310506,6.656465922956767,6.671535451237201,6.672096349674659,479514.90131213726
2025-08-15,6.445857630320612,6.490210778584118,6.378162817530463,6.437366490699676,6.439883022620517,221330.4462755824
2025-08-18,6.4046129875809,6.4469670085495165,6.36043225187329,6.395737486635464,6.396538658041528,269173.6176584308
2025-08-19,6.239007216758861,6.27961594453325,6.213431236425804,6.234811267184007,6.2345220729797095,301712.1057792125
2025-08-20,6.586791219953578,6.59311045563065,6.57430383342962,6.589775522931591,6.5893914463097705,333396.5051408683
2025-08-21,6.767391775071416,6.777916665893772,6.731163750950741,6.774418547119815,6.770988363971737,118900.23860372497
2025-08-22,6.947105419931166,6.977943129152944,6.914687708344348,6.939147989407896,6.940396962808521,106351.95842038577
2025-08-25,7.100502697527944,7.103622035733647,7.091178349791744,7.100044262051883,7.102034630620518,157560.68849359255
2025-08-26,7.108074776280595,7.131016907034001,7.0206760963091375,7.090391178903337,7.090048446226184,150415.52865337997
2025-08-27,7.13968608201631,7.184678605759602,7.138694588923377,7.142293718997191,7.138835119570234,182354.0838432128
2025-08-28,6.8506000051999445,6.93036350514456,6.822104360075645,6.837111097057885,6.8380679426630575,392709.8744430831
2025-08-29,6.306857694201507,6.323109842705756,6.277469984675094,6.307846712783038,6.306358318609495,242472.2394241188
2025-09-01,6.351387212751297,6.363049820731038,6.340586357720922,6.342912773038345,6.3427203758724415,301895.66695434134
2025-09-02,6.430077835600723,6.500506581166127,6.407225226581193,6.419186454982799,6.417818191270808,128722.98277409314
2025-09-03,6.704968295336303,6.7683633845876585,6.64517676989167,6.711834165613979,6.710182545492068,203417.2725767257
2025-09-04,7.108650886448387,7.16739190741702,7.111866034386149,7.1121002413980765,7.113031259223024,381686.3958107343
2025-09-05,7.528080700252215,7.574644346765409,7.508752487897674,7.53586509234027,7.536050050409628,383452.6694781707
2025-09-08,7.254864672604957,7.277267091566398,7.244203204917667,7.263798741831289,7.264835171060152,173729.66195637494
2025-09-09,7.174973626181831,7.19368469051245,7.145456711103317,7.170190629700814,7.172473257090245,295669.46345124755
2025-09-10,7.296910876908837,7.3524372574626,7.245227519050904,7.298345938776292,7.2996185835645955,1003805.3762531938
2025-09-11,8.012702192737585,8.020278353053529,7.993771540129743,8.012282618956469,8.014001545371805,265518.8837702753
2025-09-12,8.466307816036947,8.478721790570205,8.410481468914124,8.461601142337043,8.458495991983233,177032.36223241998
2025-09-15,8.801727694885841,8.821264138704686,8.791432734086797,8.818106329480516,8.819002892429888,241770.10308979204
2025-09-16,8.704265228992142,8.72035979658249,8.63872709419447,8.69307927011765,8.694250416736022,283596.0837594708
2025-09-17,8.411832171852275,8.438912501126786,8.38900681209008,8.414769718846975,8.41555181177177,245069.9530891084
2025-09-18,8.667747675718477,8.680976277266186,8.632023660735284,8.663135411109488,8.662780874750384,263336.2942223168
2025-09-19,8.324006841898129,8.326550284541032,8.255733773165788,8.318843229098297,8.319611191983245,112863.21997725756
2025-09-22,8.257464939929116,8.334048934735515,8.245024095754157,8.24616113061177,8.245318719566862,150605.8916776774
2025-09-23,8.210591906536607,8.229470870065178,8.170651578968876,8.211452938041592,8.207074343861338,245339.6504325448
2025-09-24,8.689579314836827,8.758193395119658,8.684948428869019,8.7080721029507,8.705967034350639,243005.46650780243
2025-09-25,8.595572221513168,8.64112012047492,8.59007728066833,8.595081205036484,8.593731235602426,191049.2324025627
2025-09-26,7.857766469907723,7.876818355168486,7.8267165708171555,7.856189678760178,7.856281918715235,241298.937495946
2025-09-29,7.9954371683224545,8.03264778117087,7.930083396228225,8.003715097575586,8.004584346861897,278342.8519627051
2025-09-30,7.80139509385711,7.815667791640347,7.775390363606351,7.800244630671795,7.800694365175365,457553.03199769446
2025-10-01,7.809786022202534,7.8395019853605215,7.775137221158503,7.812606517178498,7.815376111675583,252830.0894422403
2025-10-02,7.777319663019392,7.789718568095625,7.748140274917138,7.787776730981047,7.789144127939919,340940.04618852114
2025-10-03,7.714883784817252,7.802505710956017,7.671373092567166,7.709706833133852,7.709949786959732,193888.7498429184
2025-10-06,7.933206733612831,7.994355646554785,7.892858602356828,7.937681404260226,7.937211426760421,378229.8785840441
2025-10-07,7.498717479149788,7.545923136241027,7.481622413796566,7.501766040942648,7.49976755730845,336192.15944036475
2025-10-08,7.35685923665005,7.388390679562815,7.281655821552311,7.360263939058708,7.3553110147287315,451120.6962712483
2025-10-09,7.557600043268993,7.6148259677243315,7.522808067075097,7.54827431190884,7.548781217701988,411710.7330389732
2025-10-10,7.379144857511414,7.432466988542201,7.359232492364446,7.379446796150323,7.383259195969572,382025.0165245795
2025-10-13,6.955245448188752,7.002344841064093,6.95237513751951,6.954695333035958,6.954123396739881,252950.61595556396
2025-10-14,7.125136170147776,7.163606467657628,7.121849303168787,7.128277146777132,7.1307616700480265,310818.2254581805
2025-10-15,7.433057883820161,7.450583082795318,7.4101777116393475,7.429618959701719,7.427126455764966,507933.2686825566
2025-10-16,7.427408372871602,7.438220302666314,7.37979041818802,7.417399941258284,7.416899232621695,181453.6010411016
2025-10-17,6.904821049761664,6.94289884043222,6.888509864245446,6.900350582992024,6.9009017666613,184048.63692609363
2025-10-20,7.087200025341821,7.123185486238314,7.061567748079443,7.082335403144309,7.084984361524293,299197.40106666484
2025-10-21,6.66616985208791,6.679204272763575,6.656832484856607,6.662131066999534,6.663482331021248,344265.28420219966
2025-10-22,6.729168862628962,6.741755670222706,6.7208023910907935,6.738469585701803,6.738469585701803,163658.31698816814
2025-10-23,6.515998170784312,6.527789092466049,6.506758603123025,6.521711965452162,6.522877192739125,256566.3185310068
2025-10-24,6.247599701076718,6.275564364911658,6.219883504938295,6.248880642832604,6.250431478937749,253622.1234864285
2025-10-27,6.143542830187584,6.253625954754468,6.136537476563236,6.148005446274087,6.148158460922349,71028.17658713456
2025-10-28,6.100186602417476,6.119490699681264,6.082519932358227,6.106687397250459,6.105515322074746,235212.2569296099
2025-10-29,5.952313777241757,5.985400097543046,5.92903515069819,5.963478456940045,5.9636842238662044,244167.3916194939
2025-10-30,6.086152086770736,6.133865249929365,6.0816787879794125,6.094358318281609,6.09173262717909,243731.9254976473
2025-10-31,5.993520583178004,6.004808050038948,5.966124802408413,5.9950584688930375,5.993523029967257,627531.1340331708
2025-11-03,6.215239560264731,6.24489251190391,6.190456683367724,6.21567109172597,6.217710139594106,129381.54368037588
2025-11-04,6.275515082007524,6.295178075607455,6.266831124361024,6.280495852959686,6.283308164371946,163607.64915390022
2025-11-05,6.121646601200564,6.13499797873212,6.115364789287463,6.121163487070478,6.121333529747599,55976.23591597647
2025-11-06,5.926392171858734,5.942694894929561,5.925340688613758,5.928964356052136,5.928462212913407,201078.36773751397
2025-11-07,5.585823867433113,5.635116403780245,5.548388094960244,5.579738751726034,5.581067602663398,211634.04675769116
2025-11-10,5.639006496576587,5.66065736570362,5.608060410561065,5.6399180526408825,5.639106234478972,197602.69328729445
2025-11-11,5.570636569295596,5.570084482829903,5.508350424085932,5.566760262215656,5.5656453198585405,521573.9801613212
2025-11-12,5.101830540315606,5.117095174198568,5.021234994079401,5.100793988778456,5.098909596642516,449715.5331955893
2025-11-13,4.994120178835223,5.023438543262175,4.997836829807048,5.001132121345995,5.001324833378033,281169.7995163169
2025-11-14,4.837400960949689,4.868743101782429,4.781715039280342,4.837839550657861,4.838835488322836,214836.41732724343
2025-11-17,5.120833456346799,5.138153578261928,5.081106750803803,5.1271687095656615,5.129982762369437,496686.2414856592
2025-11-18,4.814828354076394,4.84065155072664,4.791796365416298,4.815348993645894,4.8171859560306345,265175.0052305289
2025-11-19,4.562876310107882,4.581464131829572,4.56285628391727,4.5662787851507645,4.565038799230034,164232.43280912208
2025-11-20,4.758829632807249,4.778849267235875,4.722177513699317,4.757012629832833,4.756910828765552,95822.30766776174
2025-11-21,4.994282113710723,5.023617952120419,4.968185953869268,5.0009952213377336,5.0015076226232935,205913.468492644
2025-11-24,4.865682418665844,4.902416474669296,4.836478706775307,4.86561088530473,4.864577342178787,422010.7937524824
2025-11-25,4.756351054380738,4.7932856394430585,4.748270315934143,4.75363000249357,4.755145251896857,1051704.998970971
2025-11-26,4.867302950658414,4.884947069618482,4.85845300923773,4.862889413772434,4.863664631554061,278442.3200917768
2025-11-27,4.459842010846808,4.481622115350548,4.457613320895611,4.463252684643703,4.464123522023596,169530.25592875344
2025-11-28,4.167481716874583,4.2226543256283895,4.153588275752419,4.16740774133559,4.168152805189586,131797.36059685115
2025-12-01,4.125321667023781,4.134708691579548,4.117614709876896,4.124562141390858,4.125520511050091,373686.6674850043
2025-12-02,4.373837387977097,4.39022222089466,4.366290477571115,4.3670809622555,4.367593008560207,93081.46612888743
2025-12-03,4.291196134643368,4.309947285289279,4.274058606134375,4.297562242781545,4.297764588478115,373325.9064033872
2025-12-04,4.309702550373836,4.322911120400888,4.284634380390453,4.313632712116347,4.313535149128693,438286.00852620014
2025-12-05,4.510374132137086,4.5219163937423135,4.464050240200728,4.497760331984718,4.499777932504003,348630.4201184696
2025-12-08,4.859666908409903,4.8736706210140746,4.845214483052906,4.860994432786822,4.861649427941137,235202.705246034
2025-12-09,4.74979914864379,4.770518176241428,4.75075783024729,4.758798006216125,4.758081245383898,376609.6022635776
2025-12-10,4.753134109255591,4.772142302202166,4.711410314290804,4.755904662198305,4.755725487993763,297319.62651807454
2025-12-11,5.072227333934609,5.105070985364688,5.084706233311683,5.086310683381873,5.087337817766547,168236.44756697403
2025-12-12,4.810033169557486,4.81539075220882,4.778847486072713,4.808874612059837,4.809241928611837,814432.9583326932
2025-12-15,4.998597187492627,5.0016225719372365,4.953088427494279,4.994552674852125,4.994870493524574,217290.9183512269
2025-12-16,4.80625020595064,4.855714712511876,4.79671337897459,4.810635881689424,4.810571982711864,427389.63926692086
2025-12-17,4.826625164136873,4.838415641780743,4.812443626773159,4.828898242057528,4.8281215935366,62870.44317253545
2025-12-18,4.790390679608459,4.794205561659892,4.759911376002709,4.785970098439563,4.784614815842582,577164.4593039278
2025-12-19,4.611904843612503,4.633316793053684,4.597932019561194,4.6199908229983615,4.620852274559136,647748.8006067366
2025-12-22,4.4497571607708375,4.468780762908282,4.453951418716874,4.455645613745727,4.458475580904992,273183.8449588219
2025-12-23,4.500298260128429,4.539684709958833,4.488868385987725,4.501325080717177,4.49937586702486,375218.0568326007
2025-12-24,4.666097344958962,4.7062987968837335,4.666912677508153,4.669610455582096,4.669949373648349,375160.4608249413
2025-12-25,4.646027480030504,4.675440173006555,4.639002308992354,4.647393195050073,4.645900272012733,182467.95694684895
2025-12-26,4.6535870986905055,4.663755166873825,4.628498634358516,4.659475512357514,4.659857596321036,372604.7119718623
2025-12-29,4.759681048709225,4.784266932546222,4.74547885011812,4.758661203438396,4.758855836016785,165185.0629621597
2025-12-30,4.590640685306393,4.632341658284467,4.580165171838077,4.591325863029999,4.592539564329668,186231.50807564936
2025-12-31,4.720865996841488,4.731228241271046,4.710030730748831,4.718274765191265,4.720920507925419,527638.0867621094
2026-01-01,4.863963134280873,4.896224463438516,4.840619117484154,4.862988593795835,4.862339815694775,481564.0939376977
2026-01-02,5.3539316122028335,5.359898381861029,5.334925161079968,5.35282523636667,5.352048319759804,175637.0095884548
2026-01-05,5.271567950947752,5.307599330822989,5.269998489878257,5.279203301508783,5.277889691807222,172793.7894285798
2026-01-06,5.193443694902938,5.202485287557701,5.174220631777686,5.190886707965048,5.190624715846748,182160.24369158427
2026-01-07,5.338404802249313,5.3414404295876,5.321790519549666,5.340171685639959,5.340095125563083,416475.84340494993
2026-01-08,5.50299425558732,5.543958437210211,5.462755669935435,5.50391119787834,5.503567399328941,147267.97001390767
2026-01-09,5.402154828395633,5.408853178904411,5.395579099283292,5.396497871919232,5.396512163950573,332377.81020137394
2026-01-12,5.313144981727125,5.337177127871267,5.312611426900958,5.316970199141328,5.315438558795402,420041.2023916952
2026-01-13,5.431471599993625,5.428452479384803,5.398864267193065,5.424142583539419,5.422879565155934,254499.138481146
2026-01-14,5.268861286181893,5.28303128273115,5.248361236551975,5.261261523867124,5.261963154562462,491903.6869693629
2026-01-15,5.186219880948239,5.193214071085787,5.147719804025926,5.1823187120723295,5.180525180807517,223555.25720758145
2026-01-16,5.194424568251071,5.212920944801037,5.186700520036959,5.199523329033592,5.19933422528642,236023.4962430031
2026-01-19,5.382197909070082,5.430862988546806,5.388434305373631,5.39399075462389,5.397061853530807,149290.93444982797
2026-01-20,5.280881801870028,5.279810474843496,5.243341054803298,5.275190741918267,5.2772592606537225,494007.7125868253
2026-01-21,4.929491525400587,4.9318400739859936,4.916606802855382,4.928942514836274,4.928281191296488,169411.80261291505
2026-01-22,4.589418969807149,4.605349628597662,4.559976707879403,4.592841543709405,4.591736129263111,330996.503423784
2026-01-23,4.389728309675938,4.402808278099107,4.3488540233909525,4.384582728492697,4.383677102493826,257097.420392496
2026-01-26,4.173883568680108,4.187455403358793,4.156128991025474,4.177482716013802,4.176255707692627,142675.7942351414
2026-01-27,4.1520352268335055,4.160094100039645,4.101104763492342,4.153797081707336,4.153759667083216,186192.825830036
2026-01-28,3.977855037243387,3.994321713888307,3.967810960561713,3.9757681948271646,3.9762428232915488,615212.7017046555
2026-01-29,3.869848854903793,3.891075072047868,3.8385108394666863,3.874163133939886,3.873256955556053,302850.4885494115
2026-01-30,3.7648307636674208,3.790103416760677,3.759061886790591,3.765242985894408,3.765484245724284,146460.31672958803
2026-02-02,3.708687277521079,3.763839535304212,3.702986450364749,3.704652402835676,3.706161636625596,322286.755226564
2026-02-03,3.89056717088667,3.8911101561489096,3.8749092249361854,3.889746003715328,3.889298910512273,245814.2826065384
2026-02-04,3.990831187954779,4.002231964162024,3.9516510142396224,3.98585912231074,3.983693526905885,2131694.6705972585
2026-02-05,3.992799647875522,3.996210304111765,3.986840855204034,3.988278525934138,3.9884307968629535,318403.3660957878
2026-02-06,3.9211628021327263,3.959779677693704,3.919873519294616,3.921132459098446,3.920178700415992,213549.7470481609
2026-02-09,3.850050256005229,3.871555429496053,3.8231337842070334,3.859067899640492,3.859847070337248,629081.9105613878
2026-02-10,3.901694829592596,3.915198395810076,3.881879886769636,3.9060139916492846,3.905535818391429,88909.8576115588
2026-02-11,3.994118396422516,4.011622625513615,3.983458120939588,3.9910718751152623,3.9931533928857887,283960.9744602006
2026-02-12,3.8538385484142457,3.867720534836658,3.841905801673294,3.859822243329016,3.8588685491939967,887937.9086237904
2026-02-13,3.863800424021136,3.875827748916413,3.845072776971374,3.8650631114940817,3.866066669462759,250266.1997590392
2026-02-16,3.5874858339541653,3.586860248029054,3.5660560865390165,3.58627195042353,3.5879507449176486,94846.90773628966
2026-02-17,3.619720995717868,3.625165088993769,3.6139277184394505,3.61440936563165,3.61481481554936,211599.2048906592
2026-02-18,3.7152847029980314,3.735132038514246,3.707095904627983,3.717422294037141,3.718044259176648,642235.812599418
2026-02-19,3.67692561112156,3.680994724564112,3.669766656577644,3.6792931910681257,3.6774615790192393,336260.6081467821
2026-02-20,3.9338960242224648,3.95011435031081,3.923023386397295,3.9341023512357474,3.934881868408486,162216.36901654478
2026-02-23,3.809763478662373,3.817149090187438,3.799404828023851,3.8084270522151753,3.807557542022921,177878.19827469235
2026-02-24,3.838525494277596,3.851344398931971,3.8148458937028296,3.839117665997576,3.837734784722785,191794.5138079868
2026-02-25,3.838122365257402,3.8536773047315465,3.829139392270259,3.8340993661460216,3.8343475951087447,333273.4924174568
2026-02-26,3.816946993654832,3.8234007946246327,3.8131388755627063,3.819999722875538,3.8196100301016234,598940.5837437138
2026-02-27,3.804442287581684,3.811324684159784,3.78957195990172,3.803985197169832,3.805640066543051,504565.9368604317
2026-03-02,3.820778382595182,3.821051814097491,3.8161174116977374,3.819078080492321,3.819783102974536,352782.60955859284
2026-03-03,3.9387891924637866,3.960250970429364,3.935639994259091,3.940366256322613,3.9404802873277247,120693.93339386686
2026-03-04,4.149148286419537,4.184054852662271,4.134128758245627,4.145667128538034,4.144779814163691,120963.06034976555
2026-03-05,4.145992001235175,4.156167878133245,4.142387062120232,4.145374512294921,4.145014662183787,369516.6993230772
2026-03-06,4.275252741314448,4.292476167447235,4.2257759460451725,4.2718828848136745,4.27254497557959,119696.82197058454
2026-03-09,4.163669905197897,4.2001647606402965,4.118726522735792,4.162861876606407,4.163216109011319,234370.80745594235
2026-03-10,4.283718506598125,4.290005607991211,4.259538068721223,4.282106702059874,4.282415855237481,322059.07412382896
2026-03-11,4.160939909232196,4.186122473674598,4.144536072807012,4.163572918424849,4.16337549928186,135597.14541870722
2026-03-12,4.331665900394859,4.347314501180416,4.311440529841134,4.334399917221626,4.334542580587173,145138.33475339072
2026-03-13,4.708146517456388,4.712185655180723,4.677535535281029,4.702388929004459,4.702673357408083,253603.5148478532
2026-03-16,4.684310856090086,4.703419935033932,4.672007570859565,4.68133581828326,4.681421164180886,363011.6377006295
2026-03-17,4.313562872645158,4.319728324431506,4.312805472819013,4.317980015789755,4.318437252048758,507327.1101735587
2026-03-18,4.232450683450357,4.236928068338228,4.189432639542946,4.231685326350172,4.231559454050378,386246.89211686095
2026-03-19,4.4177828080611325,4.430415907127011,4.428062881751409,4.428294587711442,4.430808282605165,280462.1218883645
2026-03-20,4.516949708689097,4.523614287939202,4.503584046664054,4.519543656315049,4.519153560660837,171490.499553769
2026-03-23,4.5656362279273255,4.585943978509963,4.549383884968448,4.561252737806235,4.5626004476209685,141132.691669057
2026-03-24,4.733476281365159,4.744073906293657,4.720145422330138,4.734068729183272,4.733360061972389,197496.02706660228
2026-03-25,4.819982257202019,4.830760200914198,4.793891292909068,4.819413987232559,4.818616275552754,343163.1781229184
2026-03-26,5.02549570915941,5.045761804088731,5.019284947294358,5.040700383264817,5.039203647720086,328395.58876903995
2026-03-27,5.212456463485354,5.217395753560223,5.179567842446214,5.214501870710918,5.214624443508438,76119.42812437468
2026-03-30,5.51724011378642,5.561682864129988,5.499174355697233,5.515374415817541,5.514557094266233,167475.73984975024
2026-03-31,5.591462163727634,5.606309556401574,5.575505245462387,5.588861722952943,5.588594547071984,552774.0076942213
2026-04-01,5.784107225483383,5.815570368155856,5.747096822605106,5.778546208536389,5.777391515643276,281399.0446542658
2026-04-02,5.71237432922213,5.734545174472976,5.687171522460938,5.713575652793474,5.7124211730703625,114667.8138494282
2026-04-03,5.58745743066124,5.619369382458233,5.57645856601688,5.588383178817982,5.586737441727506,1102943.0984955132
2026-04-06,5.943355049105449,5.987983452510425,5.878934641769145,5.951282856726242,5.949429455848771,263717.823629064
2026-04-07,5.997741758410194,6.007758701666819,5.99196990968752,5.998968676717408,5.997627304186773,337932.1367931924
2026-04-08,6.17187162817657,6.230988741931511,6.163972182854395,6.17966774289491,6.1794761429838445,341026.29121372534
2026-04-09,6.196519877629327,6.2225502933631365,6.183469528827895,6.207991439514413,6.206450678434716,215225.74226446767
2026-04-10,6.068718282915416,6.101959600103935,6.0624623873292816,6.075311085172049,6.076844086748456,173417.24506760246
2026-04-13,6.087015380455521,6.089216156663337,6.056341270150298,6.077845826185596,6.078283720307401,958385.1302482326
2026-04-14,6.406524466218278,6.444553459487904,6.39356573374883,6.408258292281445,6.410178893539538,489883.81110262754
2026-04-15,6.54226598629563,6.571015842670947,6.53315482537447,6.540827806325585,6.540296630560288,439398.6298354229
2026-04-16,6.137911788229032,6.173552677645819,6.095438421745439,6.141065202188718,6.142976628678664,379182.7337743821
2026-04-17,6.081706793100602,6.096858139365185,6.067565999781451,6.092615932770152,6.0897592208464495,146973.7922397419
2026-04-20,6.512436038876397,6.512966317663074,6.482930306259751,6.5063453635862185,6.505163255649735,577531.413196492
2026-04-21,6.441336337448524,6.471742503900462,6.41893157815405,6.455358655512128,6.458004116277766,161800.6668740573
2026-04-22,6.037619065530042,6.112187545232057,5.996205767493823,6.040970551752869,6.039450593283804,318052.6069976566
2026-04-23,6.477226588367988,6.485148239023969,6.46763715743236,6.477580360647581,6.4772440552007255,100344.65173807708
2026-04-24,6.644171708553642,6.644693629538478,6.6359015791054,6.642640648679095,6.640762484899228,78864.35967320958
2026-04-27,6.620790682005094,6.665054519013084,6.583108621709658,6.625603981909596,6.625021212859235,324803.19420356007
2026-04-28,6.523593008203656,6.547539656212428,6.501574008202524,6.535605198827554,6.5377816840011285,165138.60650693878
2026-04-29,6.796222419642628,6.835932149601757,6.720149194296668,6.801671192811861,6.803803280399548,81348.64509241508
2026-04-30,6.662244064412773,6.722832039869559,6.664773574827239,6.667236210780942,6.666490030277073,371151.5325641145
2026-05-01,6.950157931515513,6.971312244002434,6.946474597770246,6.955535210542105,6.956845688925146,957468.8459401496
2026-05-04,7.1028975288466425,7.133235071301145,7.049881857921471,7.096013979529566,7.098081259416379,617686.3943585844
2026-05-05,7.151693590268774,7.216599540388685,7.135444617602646,7.1603834515180775,7.161045338318492,229948.1824530708
2026-05-06,7.201143945630256,7.226811893739452,7.194710576185537,7.198977202695092,7.2012322226590335,269765.1875947116
2026-05-07,7.153923810873122,7.18461508854493,7.129499684563034,7.152791545163686,7.155645793703149,457084.5913046763
2026-05-08,7.4410580374434705,7.455009844493359,7.391577312347249,7.433918093065476,7.431918512498004,526115.9011824732
2026-05-11,7.19969943678455,7.223089344100336,7.18799916615905,7.2006580738716615,7.200436869615012,218355.24260077407
2026-05-12,6.788283363243472,6.792025896281084,6.775957927331229,6.782917187408576,6.783307248416417,273896.78831771127
2026-05-13,6.937164553530328,6.968763544310987,6.933536103323278,6.938359478757907,6.937565043783205,321376.5874326903
2026-05-14,7.104844380161457,7.121079842932844,7.077497478410096,7.101759428939922,7.10032308546239,374117.7222217641
2026-05-15,7.217802567796988,7.299703867845953,7.185680670004412,7.22866682817908,7.228449503012481,247744.7186706914
2026-05-18,7.318844069354538,7.385942409813416,7.262976413471039,7.338204292859736,7.334086515859182,249683.36471386996
2026-05-19,7.254849840685432,7.252472823787625,7.211850133447704,7.252111828682806,7.249560570491743,614091.6099376455
2026-05-20,7.468988107769227,7.535328427980346,7.4388756525316815,7.465768994156039,7.468645323113234,554439.194476023
2026-05-21,7.456879965558264,7.464410068966374,7.3460879679029425,7.453335886954252,7.4511309640679215,357341.199083002
2026-05-22,7.316967571571835,7.371766877026055,7.2963366693362,7.3208105030392385,7.319173036703804,752732.6836896009
2026-05-25,7.248010201856652,7.296571809727772,7.169555057450402,7.237228741156615,7.238085867841689,212805.21498635007
2026-05-26,7.793290765178498,7.881283121390977,7.776410848091574,7.796876375655706,7.7971139610055,710542.519480975
2026-05-27,7.317086558473056,7.352706557514001,7.265990879837273,7.314008245852665,7.314516984721019,371576.21100362914
2026-05-28,7.45450383582736,7.459638107609279,7.44204214439955,7.450073752095412,7.451144385159777,1910003.5780176995
2026-05-29,7.015124307043297,7.036716777150159,6.97371708910944,7.003087818766931,7.004260564175739,131204.28879321314
