date,open,high,low,close,adjusted_close,volume
2020-01-02,67.95798945902587,68.42095680217267,68.02092043798982,68.04449740304416,68.03834823132097,489265.25008640473
2020-01-03,71.11479672198922,71.28338592673045,70.68621722436316,71.16553375456954,71.1890047292139,530104.9828383565
2020-01-06,72.56777142035241,72.93551432591877,71.39315764483794,72.52114773910687,72.51499627595263,110623.99605441048
2020-01-07,77.23282877642393,77.47356455751033,76.90051653919986,77.27274345573956,77.30040683177236,411439.4026727126
2020-01-08,75.49193659131387,75.77083882047853,75.34249248056767,75.51729457763544,75.51773780331897,228024.97907983875
2020-01-09,79.55053006103671,80.2797050696964,79.1513869403039,79.60980043943964,79.64497376078715,258779.73170328292
2020-01-10,88.13485900171085,88.19536242635745,87.72768176497013,88.03223207408348,88.02904578598316,220803.2174069103
2020-01-13,88.34514222933304,88.6594836634858,87.90985777905331,88.26847840698039,88.26952086629039,589844.0476123117
2020-01-14,90.43179552320694,90.6112089104803,90.46998875904994,90.475599125989,90.50971742516104,250879.3405919295
2020-01-15,86.47085202548281,86.85882122489176,85.38624969786468,86.41173635112439,86.40340770298896,203213.3881761375
2020-01-16,90.29494903185902,91.25172514393164,90.2640543076966,90.31709812623996,90.30008019921276,205289.1376565356
2020-01-17,95.46930997439772,96.28436541238786,95.446385529409,95.50154644933394,95.5098920331148,218689.02586597332
2020-01-20,93.19408387599252,93.7279835826044,93.15541313512676,93.19871685640838,93.22861569962144,140403.9196671968
2020-01-21,96.00169597172707,96.36129356356322,95.61905792586936,95.93998411535446,95.9465898679405,202140.7600133964
2020-01-22,97.19447907548182,97.4319918197919,97.0161405453446,97.28127338040008,97.23157116589282,287967.17439358035
2020-01-23,99.23030233191704,99.20746817489967,98.68280954832863,99.18047459531424,99.19074104526742,342021.4905682923
2020-01-24,103.5014266202864,104.20110525782286,103.0312983100973,103.24354273390506,103.24571124114053,552618.6468258363
2020-01-27,105.94701220221802,107.23633116539152,105.57417179571448,105.927614612398,105.93341311722784,310080.5370715884
2020-01-28,105.20892806063404,105.31419796890737,105.0564927345014,105.2051703326872,105.24056222434548,201857.6777046993
2020-01-29,109.62102181529384,109.7167306167619,108.6289845606677,109.6302491379904,109.60003580139458,146294.35537251577
2020-01-30,115.88021828109603,116.14473780209627,115.46725072759074,115.8248294969198,115.8287145194816,320197.13388316217
2020-01-31,112.51726972474492,113.3576464443858,112.6538145085341,112.69876024381168,112.69951325770872,250090.34999753995
2020-02-03,112.88318967546884,112.95243628316231,111.99025100599724,112.69149194707336,112.66300758599505,255099.6809878516
2020-02-04,103.364431122521,103.39199463460616,103.16580005660992,103.26311070543598,103.2519402527192,314116.0272866731
2020-02-05,106.21844567562768,107.14267684253552,105.4164324214139,106.28694930138542,106.2666955646118,366455.8938067028
2020-02-06,112.91525150684213,113.16912922850636,111.97228412949902,112.91168945579156,112.92156900083371,315477.0240817175
2020-02-07,111.42580342251392,111.6457744219453,111.40075804697452,111.48794102574756,111.4780854531561,242241.18427112605
2020-02-10,112.26179957172614,112.56560005473617,110.96226766412134,112.2282169585432,112.22225566849824,0.0
2020-02-11,111.02323019832828,111.38639404092878,110.12849537402424,111.0164192451462,110.99541621798936,185781.9844629308
2020-02-12,108.9578696278146,109.16378182743256,108.31875332051484,108.93296389691488,108.92446071074669,446393.395572471
2020-02-13,110.07927008471908,111.07901762362714,109.32018905308573,110.19258349303264,110.17846739520436,208115.4508707128
2020-02-14,105.95556480935888,106.2177744586604,105.2914779920123,106.0066116047708,105.98767573995706,119655.77100237017
2020-02-17,104.90396446363084,105.19278689861488,104.74141367077658,104.78387607331268,104.80117651395238,538070.4663470982
2020-02-18,100.15239028750554,100.62283417696544,99.8481973622923,100.20587932000733,100.22124699935527,152447.09619742207
2020-02-19,102.89539460952986,103.3818174840581,103.03564779400696,103.16811896819294,103.18955783671788,274072.5858871764
2020-02-20,104.38180203567508,104.71490471421528,104.12433749082156,104.39752747545074,104.44619972039806,360302.0012520897
2020-02-21,102.44538329278882,102.89303845697978,102.03716732870706,102.19893147803086,102.16637628068254,268855.9532342714
2020-02-24,102.47576737583326,102.49492748651768,102.36912648073992,102.3888517666507,102.35616903850062,60664.70019959506
2020-02-25,101.22148300548874,101.5305166868332,100.74110405626948,101.28064566988007,101.25931159224275,339182.2314951651
2020-02-26,107.16755406507868,107.1936262792676,106.98085444099095,107.172977208183,107.1539783635241,594739.0102575335
2020-02-27,104.93656300236906,105.03272453745215,103.91255575923002,104.86526936640348,104.79468590397852,430162.93598810246
2020-02-28,108.02072202717795,108.24205103027002,107.70677501559788,108.2107673797777,108.23087813800385,75027.02123780022
2020-03-02,104.41796787375527,104.83253495949832,104.4044951731893,104.50743240129952,104.49976084719468,961593.029423926
2020-03-03,108.84399474992706,109.44154828453708,108.54812993010124,108.80065434923324,108.7789333162814,121114.18639989205
2020-03-04,114.70829687330382,114.57740319466224,113.0271720843859,114.52568720270264,114.51599003755618,140497.9706969108
2020-03-05,120.7803836782483,121.62160854827832,120.15333708101102,120.83346862213608,120.78304892833356,428963.2612462511
2020-03-06,130.1506054252988,130.61255214858355,129.61836231861233,129.94697625598917,129.95376190394546,352112.1002625236
2020-03-09,131.74222316318247,132.0693203894698,131.39758011475396,131.84167444906768,131.8376803853853,281588.21806808613
2020-03-10,139.68735888460438,140.41844812923026,139.50114793878558,140.16187869963676,140.17052730224898,190680.8285756881
2020-03-11,151.99127941314777,152.21222455372782,149.94337815022757,151.87831067926567,151.85807738743478,596308.8621731107
2020-03-12,143.76775911952808,144.00592840712167,143.5009320365822,143.69010913642964,143.67498627608535,262079.84543683863
2020-03-13,139.5762282798466,139.67421721216084,138.76502754481098,139.47355004434448,139.4826868602364,104873.46364030146
2020-03-16,129.63045401767488,130.2250824452191,129.41912814489945,129.54015094732037,129.52958410834455,562069.0409449692
2020-03-17,136.54337890724167,138.06176365037058,135.8680982951902,136.51720172638025,136.49753686680455,306070.5762804669
2020-03-18,126.68119070531982,127.23975264522258,125.96362305531972,126.71398620886984,126.72317064811,523872.7154622827
2020-03-19,116.0228428489774,116.42629575454784,115.46184028300694,116.04845339384858,116.03351770729056,378332.67270487687
2020-03-20,109.87520031365588,110.22389305435208,109.64371836036707,109.92581031080276,109.9368846177754,1126891.6494573702
2020-03-23,100.83976076395176,101.04647659013766,100.61980860265322,100.880152245142,100.86680486404886,222797.337531266
2020-03-24,102.0633132524471,102.7730282957294,101.59575844954824,102.24848881957656,102.28337663092267,270940.8864244697
2020-03-25,96.79775694146883,97.0488816601927,96.67961197809896,96.91544213303148,96.89177160714824,413287.34737624775
2020-03-26,89.13715542390935,90.09667941042888,88.67591880813464,89.15172471449236,89.14968216054365,223624.73337317957
2020-03-27,88.77025154744673,89.08930572671238,88.6543818784625,88.96962063260577,88.97178711208534,434339.8735127977
2020-03-30,88.86826387631613,89.39755938709972,88.54544569836786,89.04705610167973,89.00718760188778,45777.69123094
2020-03-31,81.16317370781736,81.25415668755436,80.99625362846798,81.19031418250634,81.18785020255218,256871.19372430927
2020-04-01,78.36874741096459,78.82563322838013,78.3608891787686,78.37880583493627,78.37870509114254,252257.20955540825
2020-04-02,78.06769715913127,78.09939529944977,78.03469965067822,78.09216775769367,78.07951080624107,246833.88818696287
2020-04-03,76.54657480103938,76.99136984513186,76.04200304643663,76.72918314653856,76.708329143494,158552.94127698557
2020-04-06,75.60909992100322,75.75333515037175,75.1266750853205,75.49190664573055,75.4822905126207,462163.3611506063
2020-04-07,79.90878890042993,81.32635157565261,80.01471529248417,80.0237214232958,80.02845099432817,198259.7077947044
2020-04-08,88.90766089344409,89.10364627068495,88.70876531701825,88.98046124286593,88.9856537857923,302599.26156817813
2020-04-09,87.50512211073723,87.83539208657133,87.12228356615203,87.61567276159448,87.5960085486908,262420.06915074406
2020-04-10,82.18420076872019,82.38564527490058,81.54510700436998,82.07757945983745,82.0482878694289,362296.6117243303
2020-04-13,81.16782685031912,81.44166000136751,80.67913056398191,81.13363550374353,81.15159522404046,633222.0815591494
2020-04-14,81.8795660472294,82.08227318831213,81.89385828852788,81.91833333497613,81.89580748150702,301661.95440288173
2020-04-15,81.66052499046596,81.87158401456146,81.05836514511199,81.70494436519712,81.71194866985854,444559.0699259241
2020-04-16,84.22528501826099,84.60192632762562,84.15364888569117,84.21016144302523,84.22893812114188,292705.4531758364
2020-04-17,93.82129745352712,94.38575567909238,93.7472417689248,93.93839676606596,93.941761696667,198073.82300434407
2020-04-20,86.3485653370763,86.4325005052839,85.94444867010645,86.3157015484729,86.28453474370244,246487.2330108233
2020-04-21,84.1356448791213,84.40106806290039,84.06641675907419,84.18183080599603,84.17622381469249,226358.3339715981
2020-04-22,90.89245742042942,90.90325922460244,90.26798806690576,90.8452506686882,90.8000456110688,377338.2500468349
2020-04-23,88.57690751294457,88.59826573288696,88.27062844040819,88.53390460244934,88.55179689728709,286069.8312938271
2020-04-24,92.00364598338824,92.86495994876276,91.8398440804588,92.05829285559366,92.0303673108453,166615.03495358344
2020-04-27,94.7808027634724,95.88472789991052,94.60053204402016,94.97576060130244,94.9805310624804,234878.26591643717
2020-04-28,100.93920441349096,101.32473632583348,100.91336836241388,100.96412490769548,100.9772579631203,107414.44836579743
2020-04-29,110.81751552805642,111.23555977802108,110.91822205201603,110.97837569268796,111.01061424711595,240202.6177575157
2020-04-30,112.831646176159,113.90383274654864,111.74569402004902,112.822774392733,112.8266279649332,268547.6167391472
2020-05-01,103.47371775868594,103.5936467518819,103.31738113750686,103.50027301695648,103.4241082148168,794182.7839576177
2020-05-04,99.92307024293454,100.27579414191396,99.54991870830712,99.98185906414514,99.96402051911102,602637.561727777
2020-05-05,111.24537077051188,111.42341919175732,110.9531970097644,111.38968304229938,111.37316934937589,144286.36381096792
2020-05-06,103.99721080987857,104.99778305172494,103.51002860535796,103.87393434861012,103.85547768233825,302870.8183791947
2020-05-07,106.40981289943927,106.70948348682612,106.3154626084213,106.45811105957851,106.44360204731288,306075.22635207494
2020-05-08,94.24282547916,94.21492539443936,93.92767213070294,94.021559760284,94.01059966233788,233686.92901372103
2020-05-11,87.95400042835742,88.03548228184344,87.35384942148536,87.95092833677927,87.94714438293208,242798.43319329547
2020-05-12,91.9258294625499,92.00205045539772,91.737373358235,91.89352067827166,91.89054795949042,216995.1222207755
2020-05-13,92.0628147211971,92.08325572840326,91.93485727176028,92.05920487776092,92.02350189065926,825401.3997387453
2020-05-14,90.39566724763776,91.05210564305489,90.26940469920449,90.364801186179,90.364961571423,209041.7868282808
2020-05-15,86.8976300672573,87.02630508765878,86.7678328370668,86.80278176714585,86.80553034700168,329246.59773049416
2020-05-18,78.7367182007436,79.00818322052365,78.348265373351,78.64987094233933,78.64175252911548,58840.27919923524
2020-05-19,81.24962136042552,82.09637820941961,80.79413013396865,81.39341158905744,81.41625385048334,439828.88390617823
2020-05-20,80.33315578485826,80.46961010372698,79.91612367004959,80.26448972261923,80.28218010000025,546097.5404864837
2020-05-21,74.48869210350117,74.97330666059348,74.42632916150387,74.45167923897127,74.44215710693209,142740.27263573988
2020-05-22,74.56732269171806,74.92259260617153,74.35808943988367,74.5646464025721,74.57644286014467,197376.4207871434
2020-05-25,76.87062003435234,76.7760756690136,75.82145680571585,76.73920024610409,76.78170684184973,351829.55271921225
2020-05-26,76.11704484403128,76.34078374336409,75.78947318175956,75.9838628504962,76.00709892148748,271488.8682643107
2020-05-27,76.49162361575748,76.98255322314878,75.95453022908221,76.42249211445511,76.39512104565145,354981.78394553805
2020-05-28,76.52685878838024,76.89965717197398,76.49428187601318,76.56847635766923,76.56098663133363,225856.5543010372
2020-05-29,73.85407101444721,74.07066869933723,73.81204586128051,73.94224589534262,73.93865131765448,820738.0145661633
2020-06-01,74.19850731039388,74.6362475797503,73.81945734602196,74.14257414266146,74.14895051506335,179540.46992967304
2020-06-02,76.99210771654538,76.96031888161536,76.68060406071108,76.88757647609049,76.88850775232022,1349095.367740918
2020-06-03,80.7585505873096,81.13372508156365,80.58684257227853,80.92271508134479,80.92810677012797,565324.0301396003
2020-06-04,84.2406639836061,84.58387454891074,83.50426133188266,84.14925309340366,84.10938892570216,442090.18222466233
2020-06-05,81.36964415820827,81.755226139606,80.83388362022616,81.39038776312081,81.38131562252616,143733.10472231472
2020-06-08,83.83987514838836,84.1641508043188,83.81712946967103,83.991816582654,83.9967838378171,463151.4707512827
2020-06-09,85.98850357836194,86.54823334321327,85.89805853904468,85.94815984258274,85.9542726682139,385525.6699206328
2020-06-10,83.0637325554301,83.01658566857769,82.1313546372479,82.98826413563017,82.99042350642438,75224.61311114687
2020-06-11,81.07937911740473,81.31851925454899,80.42146707017686,81.107876260839,81.11807230948426,115524.72042161276
2020-06-12,83.79161138431343,83.9544353949495,83.73963478667837,83.88030261077921,83.87539354582317,332560.3930604719
2020-06-15,89.94193915059837,90.24638112089578,89.46231114765844,89.78821356481203,89.7705213917189,247711.5310806553
2020-06-16,82.04659890974314,82.3891641280387,82.01000654995076,82.10149500593577,82.08392749702024,196833.4215772906
2020-06-17,89.13761088816429,89.78353832813502,88.78809293232995,89.03437799158448,89.02733597584957,512660.7076145168
2020-06-18,94.16593794773816,94.61745695621735,93.8204031353323,94.3086316535295,94.31667758719368,157902.40431497263
2020-06-19,95.2830828074256,95.7292686698016,94.7533427707248,95.24346104687407,95.28174287557728,204200.0509433449
2020-06-22,94.15604290074714,94.64628408823653,94.06634578838135,94.11957089335024,94.13764051071736,182003.66936281187
2020-06-23,96.039187557959,96.56226274817624,95.26492593572394,95.95537859438406,96.00128357980108,364434.2954288986
2020-06-24,93.10674943186096,93.41711497083512,92.61462110301078,92.96794982666673,92.95064554922496,95637.95892408004
2020-06-25,92.08247457763582,92.31527660372286,91.51578316110977,92.15745662249265,92.1665439596015,199067.03153842333
2020-06-26,85.72604701435063,86.98612441140183,85.66294599944538,85.68142628912011,85.69055938400412,95448.381033639
2020-06-29,78.51089613328303,78.82794563873466,78.24418922703887,78.61833338353296,78.60396732053448,222409.31286055665
2020-06-30,88.10233057437414,88.51613940266381,87.88499978721458,88.22389559910908,88.22087158309364,414086.1843309375
2020-07-01,88.45027707406135,88.73015331897143,88.1166300556514,88.50146052920402,88.5100898081295,418544.24960619234
2020-07-02,89.43550830314184,89.60938384492619,88.42454465474518,89.39891488913632,89.39350185686405,173414.68014707678
2020-07-03,89.41511910680386,89.34639168989358,88.78077865485737,89.26543277513191,89.28387263206676,369532.2042074172
2020-07-06,85.84920701846417,85.86577945891136,85.50306485941272,85.68991413049804,85.6880449139626,240121.88958069123
2020-07-07,84.37164842780325,84.86841099281315,83.60062774127977,84.40160182445084,84.40734604916857,607222.7575437941
2020-07-08,84.8107471550514,85.08048580052774,84.42626060661989,84.78484246411224,84.78875797020518,248207.97513241856
2020-07-09,84.04623573397022,84.10202494237919,83.54963918460244,83.96705434282059,83.98291071066866,45078.990871889066
2020-07-10,80.96724479086548,81.04202170118906,80.63417083402919,80.9053212585686,80.89272551720657,459001.4303306396
2020-07-13,82.83311961712019,83.17433222536324,82.72293603163017,82.84715862683535,82.84482154075542,203727.88400613732
2020-07-14,83.63029238053856,84.2119847097446,83.3977106585671,83.62392817831059,83.60970551275764,227630.73888110108
2020-07-15,85.25604756820503,85.9728152346816,84.836211896334,85.26544219321465,85.28559272892421,328257.6454186263
2020-07-16,88.27211966114056,88.45813890821137,87.94191676559481,88.29051710459954,88.26351473628196,114139.33891039176
2020-07-17,87.52192932833474,87.99831179824209,87.07750396749388,87.55182043271807,87.56620136570672,280629.941133745
2020-07-20,86.8159334222184,86.90706596370207,86.08600129552322,86.82632292891334,86.84419522851826,369792.8255783716
2020-07-21,93.38980711163096,94.03961533502024,92.84103414477956,93.42772139658317,93.41881331115984,333847.1437224302
2020-07-22,89.07056419757893,89.69802863752022,88.43777980630644,89.17181144710595,89.17235354907505,187332.66065280512
2020-07-23,81.35871943968712,81.62272217921053,80.80517527873712,81.28860149480118,81.29791652382542,486581.2510701376
2020-07-24,83.59617004286596,84.21839897654948,82.77862849142596,83.55303514228196,83.52083125130414,147488.0493984884
2020-07-27,81.14860786145378,81.20894349254743,80.30977941350696,80.99661012966658,80.98544920095988,184367.6278202345
2020-07-28,76.82767872918348,77.20450541780046,76.38354677949341,76.79930000388796,76.77373052087412,247310.30895844477
2020-07-29,80.2018039300161,81.07562087797773,80.14490726845082,80.2352588354716,80.23801659938331,320385.7493692468
2020-07-30,79.61537676035651,79.77101857889602,79.53497432221073,79.6652819115057,79.65841450260392,220857.7281099588
2020-07-31,74.8486399391603,74.90726093489005,74.80535849481726,74.8450948213582,74.85011186136363,560818.2401475108
2020-08-03,82.40211205269202,82.38343235330441,82.17405202462847,82.35657914554187,82.34887184198018,320350.73715615814
2020-08-04,76.03909486000873,76.23513186670843,75.61749066382171,76.05770698743895,76.05999668683323,280799.109047198
2020-08-05,75.62313832293323,75.93344982254222,75.31567030095052,75.73448751883365,75.74091026441933,313665.27573828417
2020-08-06,68.93486691775682,69.28420297955181,68.46606487484298,68.98584817097574,69.0198352917181,416542.4093509772
2020-08-07,69.91764946505218,69.99104295270091,69.6896251127313,69.91638922103095,69.91059861149597,310042.5843458307
2020-08-10,67.78797238740911,67.77701383819927,67.7061375553687,67.7378271807955,67.7459685811304,90607.28526489412
2020-08-11,70.4332792345463,70.74361338564525,69.98357989390438,70.53808639942424,70.54299751203428,515919.1356970064
2020-08-12,70.49791404377751,70.69055936191263,69.51807363859673,70.47923116598287,70.48722552236839,288313.9082789588
2020-08-13,75.36194679862452,75.40727372737335,75.11516864088664,75.34528648426998,75.35082690638968,404704.1900706319
2020-08-14,73.73077085754156,73.96705131803621,73.20056372581428,73.76408098271031,73.7609842823527,210330.1849876261
2020-08-17,68.10307156068288,68.34803782737684,67.67649831210002,68.14306624034724,68.15441725111815,89677.04191827765
2020-08-18,68.89846041774159,69.35999040824512,68.60940099629818,68.94922937227811,68.96457382523343,68367.59459206082
2020-08-19,68.10534950279038,68.29752932723626,67.91466541879406,68.0957611903823,68.11101286705085,152265.24720222986
2020-08-20,62.31291517379734,62.43447947919388,61.516499614274935,62.242778848969046,62.23613985961886,365995.5823082175
2020-08-21,59.152181730924944,59.13806056367244,59.03461091216799,59.0814149285064,59.0925904790052,0.0
2020-08-24,56.9054752670032,57.03722864114759,56.38959830845097,56.96950787424456,56.95923200468008,321638.2465854336
2020-08-25,61.51070655089831,61.523420055385664,60.96645168693697,61.52220986176899,61.5278763839704,142723.36916824797
2020-08-26,63.572719316578976,63.714260805520304,63.54269945978896,63.71247325118537,63.711806650653855,167631.8548678086
2020-08-27,62.63542214749808,62.91196650699769,62.13766873867241,62.628584088694126,62.647138848695015,607112.7844902286
2020-08-28,64.14275884795398,64.1906233866244,64.08860589081841,64.10444695855806,64.1112178106099,122214.31680755924
2020-08-31,58.05147220234032,58.051077034094014,57.40168010607293,57.96041863436727,57.94254566662683,947008.8608746148
2020-09-01,56.265549589815045,56.39059582961531,56.18029019248057,56.366245485458286,56.38222468295354,827051.7234287742
2020-09-02,57.43311319957638,57.82856281826936,57.079995465497625,57.49567193589718,57.49227177434073,965917.0519120283
2020-09-03,57.977216062102514,58.115324215678974,57.61816720517884,57.96886061592497,57.95160776464725,337196.4214438044
2020-09-04,56.35432336728888,56.60677192678404,56.43649274509911,56.445674390059565,56.44890033694321,218618.85609419103
2020-09-07,56.35000378808106,56.38225058079412,55.92135365253432,56.34030130361395,56.35121283369945,332304.7537012201
2020-09-08,57.32659248277015,57.74906600580784,57.003950060882765,57.29090010619462,57.27734699633186,462846.6046077132
2020-09-09,57.192441469497794,57.35382798968553,56.59460653004761,57.26581545584353,57.26774310942452,181595.04445358395
2020-09-10,59.76417859674061,59.76817156029652,59.57873491651787,59.75625579145379,59.75995628734948,138590.3941839839
2020-09-11,60.63265933779826,60.90783704396665,60.56228309363095,60.706248115587705,60.685130667024616,226304.81389574247
2020-09-14,62.34652485797979,62.327879687151,62.2362288746134,62.26088961977364,62.235111947864944,168824.557516592
2020-09-15,67.77802484966254,67.89033995474541,67.72244376057948,67.76402167937312,67.78551667776489,564972.246221505
2020-09-16,70.54888748050492,70.85647763104306,70.11488255778288,70.59407220678278,70.59666918426802,185376.1516128008
2020-09-17,76.84261273159827,76.94175765096196,76.82331290782408,76.9378726954948,76.94033958530115,284186.1840418628
2020-09-18,74.45610629204623,74.6720154913334,74.22073972003463,74.4271429921605,74.42008330773253,483992.31736728776
2020-09-21,68.89024836814984,69.25119542784081,68.74618252971084,68.79682671472193,68.78704925161018,578333.1618647645
2020-09-22,68.27054369432291,68.8238441602581,67.62379428054872,68.32325535291709,68.303652708536,304107.2058709203
2020-09-23,67.53778717270222,68.16302744785219,67.35730157610104,67.56749286053821,67.5521672643633,337924.4882521479
2020-09-24,72.56730082695438,72.7266468305128,72.48033967862885,72.6219227308039,72.65037406952281,145772.96024410764
2020-09-25,68.78636585982396,68.99711868208772,68.66426361903152,68.67953535279936,68.6945448890168,495753.4413955622
2020-09-28,68.28345456873993,68.66632117115296,68.25552432099062,68.41403235954661,68.38105595494497,572698.0797380643
2020-09-29,69.8890265618802,70.36147032922145,69.65233552552198,69.79929306376118,69.79475132463497,87359.59513711551
2020-09-30,70.12066060479636,70.6076169268553,69.96840455631184,70.14711996435699,70.15413742548277,772793.7638699105
2020-10-01,69.55178472483043,69.67186744701252,69.55282844271242,69.55676604096796,69.52587257702037,176240.41212037744
2020-10-02,70.7777864393432,70.9874379865511,70.26413165844603,70.80190402111874,70.79663048417862,383378.6924805272
2020-10-05,74.69942294075432,74.6931766824619,74.3861725027874,74.68152918053222,74.68455636256503,281120.0369584575
2020-10-06,80.5126578698702,80.67226766639835,80.40647713121645,80.57145882020086,80.58539168029174,258790.59297854104
2020-10-07,80.78956752254011,81.1552972264323,80.35348685425477,80.70415160942409,80.70659848086993,237064.89780511183
2020-10-08,77.60242246845162,77.5180009372829,77.5139083247891,77.5172312605307,77.5073641961773,147925.19721980215
2020-10-09,83.54356076252623,83.74278521253592,83.48171674963156,83.62579912934858,83.60844905376088,367433.19778921833
2020-10-12,79.34405968099415,80.52451991150302,79.19058486348727,79.29113546740997,79.31289652138692,226018.74080821752
2020-10-13,86.59774630336217,86.632110701731,85.71458553585444,86.62862887767747,86.60791999503554,122313.97791905324
2020-10-14,92.5848432152868,92.90216990540456,91.16940390186636,92.58006298352488,92.59654664971852,144205.86662200812
2020-10-15,99.80510303346529,99.89276269252416,99.54019933785578,99.6531169926601,99.63865591207646,123566.18986267615
2020-10-16,103.0189912326849,103.46685694497722,102.64887554473354,103.0884763880922,103.09929864860378,195877.68157853707
2020-10-19,92.95835781797727,93.01207217466732,92.1110965411856,92.87230703391933,92.8820138021524,358993.50847314205
2020-10-20,88.26642981110163,88.2953183121045,87.86348605861788,88.22609943960704,88.20420116442915,175137.93976401674
2020-10-21,89.55901160183548,90.24025645080458,89.16226123471753,89.57639194250281,89.56635213411532,481790.6362497266
2020-10-22,86.66907641962574,87.22518638677408,86.48224042698384,86.63724558651639,86.57786646688758,249813.84821569597
2020-10-23,85.32123505307003,85.34998917272621,84.97088917611065,85.30004550470719,85.28705650782577,225563.51176512596
2020-10-26,87.82284437583655,88.20758754084501,87.72550079698489,87.92469223430194,87.94230564767147,271050.18254929746
2020-10-27,87.1385232011026,87.37853835326956,86.79085296961955,87.191424317195,87.21673446220571,619763.3304430144
2020-10-28,82.01055387764546,82.36286379387772,81.77760775419469,82.096365299271,82.10122266521145,117853.40314116448
2020-10-29,85.74736906403889,86.15070138640299,85.519897296678,85.77109495895567,85.76238960000855,724922.6096664597
2020-10-30,88.10189023423408,88.17009913634426,87.9318662603221,87.98354925501273,87.99907699909103,477393.3510424841
2020-11-02,86.96026109167244,88.07002294099686,86.88419516795051,86.90976410249608,86.87969639900248,264873.09486877033
2020-11-03,89.891884111976,90.68398416618514,89.66415475596376,90.02084699412711,90.02121187642548,545694.9564935095
2020-11-04,90.42212029113108,90.93468891206756,90.1079189036224,90.4468455360989,90.45889196194922,221132.2656883516
2020-11-05,96.62216618654512,96.85017200963016,96.07415283278156,96.59959811886974,96.61247781502416,318509.32301423006
2020-11-06,97.39886727894876,98.25783772679196,97.051454849084,97.32644779031888,97.3327911260096,193910.3650549792
2020-11-09,103.8413979368647,105.01967436346,103.9078454218948,103.90901850104758,103.92584126048332,479205.64143811207
2020-11-10,94.60565818808006,94.77678132195078,93.99765573917568,94.72287128344452,94.68481043725606,175544.28686421475
2020-11-11,96.89378514552384,97.47695013318764,96.27214597334267,96.89924473034549,96.8760940813393,260193.0999877847
2020-11-12,95.06920208722669,95.79482308047731,94.79651306297475,95.01513565584143,95.0231941071989,403319.080628254
2020-11-13,91.0898434416574,91.59570420052415,90.75779869918368,91.0684563346441,91.04849050835654,503285.9541642482
2020-11-16,96.3509195221863,96.56714399143176,96.26356972654972,96.4362344871453,96.40266698193912,163948.39209545497
2020-11-17,100.94671794716535,100.93532524412556,100.17414691446776,100.76990517671736,100.77396782743465,421629.7933588703
2020-11-18,91.2513114649737,91.93810753031336,90.81177487386132,91.26032940369458,91.23668622923978,148867.0569366578
2020-11-19,94.56522055803732,95.35745992224894,92.9842827782858,94.5469058510556,94.53666496668122,73850.7545053116
2020-11-20,97.30180129040929,97.8202724035892,97.04360408543774,97.36625457696702,97.40055134211974,171298.30882328612
2020-11-23,94.05504159508573,94.44958050044993,93.78165095304948,93.95108396921876,93.94812168279208,442765.6869107068
2020-11-24,90.20588528528602,90.2900541657435,90.15311990233612,90.15433081136152,90.13622828591254,266377.5314302242
2020-11-25,83.36806959353913,83.52152652410274,83.32261111782915,83.34184496281055,83.3684922573582,194658.3436384496
2020-11-26,81.87093646548213,82.1758485755539,81.6405808827564,81.96533223569574,81.95253233108465,277419.7535893744
2020-11-27,81.3404844134117,81.43530832045286,80.81789345825803,81.25159271502059,81.24869011306845,271968.0305995839
2020-11-30,84.58138608739479,85.34158559829802,84.15655852141698,84.51741460501192,84.52025785813782,389702.586833988
2020-12-01,85.73898140752163,86.25419755510532,84.89448826686309,85.65205028112362,85.6347534277709,102025.0902993684
2020-12-02,81.28653105179559,81.46465169938743,80.82752166501069,81.28352117521568,81.30371799969579,252354.02100996344
2020-12-03,82.24450470286712,82.82106709992574,81.65627125012487,82.25066208315864,82.24090821192684,289111.111749048
2020-12-04,81.21178276511914,81.56633813473834,80.71871650258463,81.22657354597057,81.22529203075486,118276.20655167628
2020-12-07,77.73843500202143,77.67595011803137,76.7832493312731,77.56167211072379,77.55928302892747,117307.09834481808
2020-12-08,71.66563498335543,71.9652525154504,71.412790343117,71.7045308385019,71.6753402414383,215598.88547885805
2020-12-09,73.86694294699545,74.1469451444644,73.22180530500059,73.95467129446558,73.97102929960857,269713.23203158274
2020-12-10,75.57773206878063,75.6630184245393,75.59565951849223,75.60595245671475,75.62590158895377,270283.75080083404
2020-12-11,77.67537789583459,77.83300487230179,77.24749782826717,77.71681082568814,77.73186815798663,192180.6148545255
2020-12-14,75.0661409110565,75.08665631834758,74.63777108969164,74.97168806702024,74.99232537269137,187512.21036514983
2020-12-15,75.50748411574689,75.69114327659904,75.40032113131917,75.61001071553646,75.62213001848076,211693.38447614148
2020-12-16,70.60418715896343,70.76770953194814,70.29783270281588,70.64383889920745,70.65259439001194,320973.24727263954
2020-12-17,67.29694491342819,67.36777931872003,67.18480096604414,67.28412572889127,67.27348990213655,566239.6084433072
2020-12-18,67.48349661574265,67.53921817509759,67.33354023852678,67.39801619338802,67.39230422125372,70810.45003351473
2020-12-21,68.3278042030688,68.93578334363224,67.76727630539764,68.27911216232008,68.27211987271212,389960.7113024635
2020-12-22,63.10245378132365,63.09115712451458,62.67584995890444,63.00045495166024,62.98831653170164,251025.29835249556
2020-12-23,59.81488888769015,60.05393777301348,59.51062842480038,59.794212473508615,59.78978897425564,367851.0459089837
2020-12-24,58.71376118944784,58.82521718237589,58.61787939468319,58.72571888979539,58.7282225422716,546519.9015740352
2020-12-25,61.62832478312804,62.05640530359821,61.54352086722283,61.57564333949253,61.57539388422778,170573.97532944623
2020-12-28,59.071233894126415,59.25818527078402,58.77882091610404,59.15210434025685,59.15330747415818,472873.3188392152
2020-12-29,59.46403088221784,59.64864372848079,59.178661113262095,59.56588169127766,59.55995446360693,126446.46315509806
2020-12-30,60.35289842565388,60.43183285612293,60.07693243870462,60.29403555377234,60.28808548672739,289687.93595627334
2020-12-31,59.56867649523184,59.90940255441835,59.205005889179546,59.556135948717845,59.5576001644651,231999.3707588449
2021-01-01,60.40979185981688,60.474983024754266,59.90565231807138,60.35161267517119,60.34338526468377,275892.804787103
2021-01-04,56.42439866341652,56.79436452216576,56.31879511318064,56.47253429515454,56.48857036148975,0.0
2021-01-05,54.74344963669329,54.80816447372656,54.40954447684096,54.67320638660914,54.69427982876694,348756.7872684977
2021-01-06,58.72970889737876,58.69063324528079,58.48446576564693,58.69036528999973,58.721388414115104,695073.1420080216
2021-01-07,63.22028835307745,63.8761467550612,62.5324699923188,63.2222558537999,63.22396863495384,149774.46538778575
2021-01-08,65.92647988049494,66.2084431858328,65.25416013335159,65.9128129960303,65.94722042630305,300675.6274549925
2021-01-11,69.6218790066306,69.6918715815514,69.44796658937992,69.597733611486,69.55562335231897,448437.1750072507
2021-01-12,63.54026581187,63.89856303061334,63.22104710849554,63.59474947958143,63.56908728381315,224572.87934903376
2021-01-13,60.66041856544069,60.86561492099147,60.59218454236166,60.68378270481512,60.70374312139462,606970.6722241846
2021-01-14,59.77928538553965,60.5571035342016,59.38047867410148,59.75949768038558,59.75173162796341,207354.87889388303
2021-01-15,67.30898728085604,67.44329768311314,67.06968160812364,67.33761478472911,67.33994256795373,250251.8721030424
2021-01-18,66.20805807129967,66.72764135683884,66.00071208490995,66.30548860774428,66.30236034615298,147872.764274572
2021-01-19,68.81354543104375,69.23600654050463,68.3425875027672,68.79325907186744,68.79583620649808,289512.63354806666
2021-01-20,70.15188773497655,70.53240186596179,69.72604824340067,70.09328735138789,70.08532406746166,268824.4295648842
2021-01-21,71.41563872910918,71.45655905027367,71.25550687335492,71.33941009901139,71.32857983867916,392990.5115443648
2021-01-22,71.2961796968355,71.58932862990703,71.19436662605541,71.25824817859079,71.27833312106024,183189.49277820656
2021-01-25,67.21218617511506,67.6130386200136,66.82504155038943,67.1572309261008,67.136508596885,178225.0978961367
2021-01-26,58.82534528019543,59.05002751625532,58.686635078472726,58.76731202655557,58.780594854658375,354156.8845864601
2021-01-27,62.6166216275428,62.69295954774401,62.48501419795696,62.61163424663907,62.6176778177654,620520.7315106532
2021-01-28,60.60580933675031,61.25853983632698,60.27458648328807,60.73450068344155,60.72350574272426,391369.008075004
2021-01-29,55.44735227515841,55.66500166303964,55.117585679111535,55.383119972892985,55.353353523489545,812968.2616171959
2021-02-01,56.54557410994913,57.03748062911334,56.49243731929496,56.59613247033243,56.597169217646574,374439.1115476045
2021-02-02,57.71560502689609,57.919525797814416,56.98482490506933,57.78094816540473,57.765706782829454,366434.7370005962
2021-02-03,59.950792478082064,60.88441426061232,59.98823419360463,60.01701570053182,59.9925862045997,403356.3641213624
2021-02-04,63.57790213469677,63.68476539635183,63.32455325400204,63.420329383864,63.41399182919075,655335.4057931239
2021-02-05,60.63295505405456,60.7741020150554,60.50761735046274,60.60625510858848,60.605801832080914,563849.1553589023
2021-02-08,57.9826621621424,58.21345974665777,57.85426117959231,58.04312082918544,58.030369983432976,139954.55757270864
2021-02-09,57.09854077826212,57.27610347368663,56.861363889683815,57.13758954586826,57.11962619208747,433804.4487247238
2021-02-10,59.50655018796228,60.318665012746095,59.48361924557263,59.50659332880192,59.47071667868896,314649.2808758061
2021-02-11,53.6646258592536,53.75838202419147,53.41357396968666,53.63553374313202,53.62994983165314,238847.1270455313
2021-02-12,53.9927962667916,54.07604551599479,53.88791164598326,53.97772070298021,53.98197859442696,92618.34458889614
2021-02-15,56.47096362681611,56.8017909347369,56.30013069176383,56.52345166810424,56.511556883413945,106500.3397048927
2021-02-16,59.08741041716528,59.44472095395735,59.04011256905785,59.068676990418126,59.05882005709636,215630.08906112317
2021-02-17,61.13757512872432,61.44393460420099,61.0520422797949,61.17496452129394,61.1908881848263,111440.38853461764
2021-02-18,64.5432715931266,64.55491942677989,64.10466890144271,64.47577094005733,64.48567954944248,218326.2775249904
2021-02-19,56.29586095847711,56.57171454090876,56.22869957890418,56.292691871191295,56.284600773405245,411928.3690377675
2021-02-22,60.9197480823062,61.36172744692535,60.52347356944572,60.96604167656045,60.96308466834718,189363.96935639327
2021-02-23,62.01378868921656,61.991963583658006,61.88856656510887,61.97109344867644,61.98014003646776,282117.1140198734
2021-02-24,66.22288075609,66.26663748502516,65.92426240256376,66.19751089302797,66.21319285944347,141213.58705763833
2021-02-25,62.43643138737133,62.95782305533101,61.80216224873601,62.46609439298044,62.491762261211946,321020.5346641638
2021-02-26,57.32372634154421,57.42766814734226,57.251350643337474,57.2819052776503,57.276266341028375,363989.84026947
2021-03-01,62.609067687785256,62.73934678908303,62.507437569266685,62.56970401640126,62.570874784015935,114260.86992331402
2021-03-02,59.84294742117389,60.21439655981716,59.46605296183623,59.77111317054188,59.784751338950976,170905.8710178658
2021-03-03,58.90326385635734,59.27683016500731,58.52615665528165,58.86146406266732,58.8870981021927,125454.42692772756
2021-03-04,60.4043232522648,60.558639408039525,60.39050683980181,60.41724933428235,60.4156689150492,364225.65217040136
2021-03-05,62.6647125873396,62.87942416718287,62.41677240830671,62.770828546249945,62.77509642510592,296085.6164743974
2021-03-08,66.22051539981558,66.21086846038554,66.0179262087855,66.20815787259758,66.21685418112047,260451.75551322635
2021-03-09,66.96755413064936,67.31029784075417,66.76518620946021,66.94467215885754,66.95783217792922,248458.4921871851
2021-03-10,63.55111169576791,63.75429245649711,63.04020045225496,63.54785823976462,63.54220507389969,325689.9913912296
2021-03-11,65.60945438777773,65.92665672236961,65.19478778282046,65.80759278436622,65.82123059237874,329624.99062258285
2021-03-12,68.24762201402278,68.42354365312775,68.10834798178753,68.20132491147344,68.2100849151501,199317.3393581694
2021-03-15,62.29541686294441,62.41112996118206,61.98974107369826,62.35228528082347,62.35654904604719,183256.46845962323
2021-03-16,66.92770885673886,67.18244066079843,66.76456483721486,66.88184644895061,66.86745716464881,259005.06150417333
2021-03-17,59.249358401349646,59.28227260939335,58.7386393019545,59.14876500020177,59.137789566933016,239464.1651865408
2021-03-18,62.23651395396245,62.415999680085,62.05484250323725,62.25225117246799,62.2609762928834,923946.3951459056
2021-03-19,60.35981709870749,60.82438152644128,59.79960555218163,60.33336188289588,60.311357451601495,213131.19553947827
2021-03-22,62.477370683989406,62.49634849396009,62.293374491199046,62.4753228812073,62.48102107754436,319272.16098872473
2021-03-23,64.10563161927288,64.55943765707676,63.47847755574291,64.07195645103313,64.0586775172125,354887.4205565435
2021-03-24,63.96270924297991,64.55121785001757,63.86015914911211,63.95609329821536,63.94850948855298,621763.1891378936
2021-03-25,65.36546617476664,65.5934769299421,64.95201208993431,65.3992763129851,65.40711482529741,164932.11516001707
2021-03-26,65.06315910750406,66.03279643455144,64.91663051642097,65.12209083681482,65.10499918029566,599462.4988721319
2021-03-29,67.56949206243722,67.72374262204221,67.11869057551681,67.462195752686,67.45518884086724,245625.3423528137
2021-03-30,75.1896199344628,75.67978920678195,74.78136887063577,75.15665975700455,75.1465236394859,1203575.3433629149
2021-03-31,70.39719153947219,70.55275050561946,70.2295375121023,70.33877413819366,70.33822826278862,333554.4273712953
2021-04-01,60.11188835670404,60.14963281853196,59.545826180673615,60.087909501114,60.10380526133299,128366.21626150416
2021-04-02,58.92516405061348,59.13127113122849,58.76353645981159,58.86772280375487,58.856641977598464,238399.9004062602
2021-04-05,57.42635466792542,57.66165888899217,57.34508571560915,57.47785294361751,57.47101812513472,598248.5693624138
2021-04-06,56.42149205862145,56.54952387109848,56.29429487311405,56.41679922776933,56.44057880390581,281792.0573535008
2021-04-07,53.92087606687187,54.21082397440214,53.535114217999975,53.89363358342874,53.89547086699452,258907.14307241305
2021-04-08,56.34193069718911,56.465972702028544,56.23810676514569,56.26919322193163,56.27618045584367,413080.7189809352
2021-04-09,52.69834990790153,52.8844480211411,51.93233362362247,52.55785875183109,52.57816315728696,218163.7890532364
2021-04-12,53.76491209537841,53.79207822943673,53.49518382059159,53.74301081766559,53.737393640405614,236466.0901324771
2021-04-13,55.430269960091415,55.936211867784586,55.29356130801551,55.466939194646976,55.4648925431703,152237.2280501308
2021-04-14,56.2751491595921,56.40117620102782,56.01731061526928,56.34251469777785,56.36532434493188,757131.6811250302
2021-04-15,57.66441506999481,58.32776837056871,57.44747951723885,57.716637934372805,57.706244879882135,128853.73881364265
2021-04-16,60.44310642111232,60.66342022664844,60.06218200305052,60.48993285432163,60.47267839637165,297057.20119542856
2021-04-19,60.47577872620495,60.76816943905944,60.36634647356771,60.65173440738388,60.68011206223736,357872.0248002114
2021-04-20,59.58327912515547,59.975083805556814,59.363787910436265,59.62356408506641,59.62514640132311,266148.400296398
2021-04-21,61.11915075763881,61.32211732906214,60.68831214536207,61.07537555013252,61.07041715839717,126460.1253337464
2021-04-22,62.92069018128033,63.21774207088776,62.748803791582205,62.91594633533588,62.9531210626197,147375.8762256261
2021-04-23,65.72820070461523,65.77436834335515,65.70312734409366,65.74520403172984,65.76734825347708,367144.2681482191
2021-04-26,60.31445202584889,60.79725278577392,60.28817554622144,60.412438140027696,60.41843815880837,168059.3407624311
2021-04-27,59.93138102416136,60.25547207077798,59.38449480329359,59.86849456001276,59.854084181366765,77403.68486402444
2021-04-28,56.82875315279394,56.83112744092115,56.74184625686441,56.799682320462274,56.79305395485344,338468.7316060215
2021-04-29,58.39683570913682,58.418073747261445,58.2954249477635,58.39759088602786,58.390833433053714,158975.0851932823
2021-04-30,60.40088025378199,60.8869368535733,60.18915788270814,60.53420800993009,60.52141333808693,391888.0785654662
2021-05-03,59.69106364558749,59.95000885407914,59.433863262036176,59.72037276244512,59.72524710923658,237762.4205408161
2021-05-04,57.63299430888655,58.24756336258612,57.37267364810102,57.608008656407634,57.6017111652636,230986.05111374613
2021-05-05,59.33241432995959,59.81406448540738,59.138440895220825,59.3341093498482,59.32325457275417,276880.95011563244
2021-05-06,58.95748762388289,59.36401846625287,58.529898096317616,58.94617360919431,58.94473241647761,135523.9968253326
2021-05-07,63.295973075652896,63.677011428545136,63.06523014239007,63.2526168122498,63.24969717157449,163526.14216266933
2021-05-10,69.056449370299,69.53363349110528,68.61933739072956,69.04576529932399,69.02777328346332,229588.89390121048
2021-05-11,72.59474408175944,72.68819616163077,72.43272236186313,72.54761170972843,72.55611492514753,135049.17429560111
2021-05-12,73.32635445784658,73.43256437308781,73.0164309915956,73.38826105870027,73.37768606229164,411798.9796025217
2021-05-13,80.22007344921015,80.4549332797299,80.15853890157946,80.31828437887138,80.32351201357773,223144.0066396237
2021-05-14,81.32015493234951,81.66902598110471,80.84250224364534,81.28135440955248,81.28367088086013,112458.33078696846
2021-05-17,79.43541952936815,79.42089023028291,78.99509713725843,79.3812490932994,79.41787486086317,191871.7794824753
2021-05-18,76.81763058426039,77.37033081879058,76.69616373202746,76.77778492578221,76.80718829821797,285136.00015404867
2021-05-19,74.16619999989165,74.42829579842127,73.78413964145955,74.1564420370564,74.1764966554826,205324.2524714456
2021-05-20,74.11089126314981,74.29146614511518,73.23665512996382,74.1349140102267,74.1492150271029,341085.866279032
2021-05-21,75.86875372761821,76.29707757384216,75.18594702851274,75.85274985878895,75.89492903194243,378670.5367023607
2021-05-24,70.75824560680346,71.17316984869011,70.27425435117729,70.7314171846036,70.6791120321232,1133726.061303319
2021-05-25,69.21172219419496,69.43361522824745,68.9324439162592,69.18133101205825,69.17740645598491,535195.0403354343
2021-05-26,70.09679059908187,70.05157722333887,69.40190651980198,69.91451370481957,69.9046636922624,100526.61460696756
2021-05-27,72.10912301116932,72.51643592356508,72.10243318292675,72.17558256081213,72.17507056944704,216178.6674772024
2021-05-28,72.31749361138762,72.93297071270719,71.9976006615988,72.08494806457674,72.0577272955629,228665.4333543381
2021-05-31,72.87124887269549,73.03493935348199,72.90530421989303,72.96295024748855,72.95663151634358,378905.6670405612
2021-06-01,68.65963535610646,68.94030172638927,68.47255922819637,68.63316569050508,68.62081006840836,153253.44874316885
2021-06-02,65.5327313266454,65.65342310405991,65.50204773562555,65.61112629412428,65.6258020859908,195096.3272516668
2021-06-03,65.43573189842385,65.59498195952591,65.32406726831053,65.41569874773826,65.41185206750687,127179.2610396728
2021-06-04,67.15454972463608,67.22396735091135,66.63635840321892,67.0886604199488,67.09900169141595,186958.2419658686
2021-06-07,67.86372407662698,67.86507412090428,67.8567014745849,67.86151296667632,67.89765797928459,191189.5592449058
2021-06-08,65.13892444617841,65.1198400732236,65.06142059723184,65.07560065278004,65.0709172422644,222391.92056105868
2021-06-09,64.29364863031888,64.75478914121341,64.06271246290231,64.32090025157686,64.30877408698662,131675.04127966554
2021-06-10,69.16970585757814,69.64595524751567,69.12025644557492,69.31178560143042,69.28572125226395,483697.7192773872
2021-06-11,71.2475075049516,71.47809910779104,70.88145345366722,71.20288400728111,71.23871502610878,356228.7350515448
2021-06-14,70.63720336179102,71.05209595653403,70.60250693184561,70.63503922253717,70.63803616478523,112499.28402355908
2021-06-15,67.11317285214206,67.41220579620337,66.99825142281526,67.14537671228896,67.14877297388333,272551.74460032216
2021-06-16,64.79466919656184,65.2088867910223,64.63108755880447,64.82128232156663,64.82550897994759,104908.84111063083
2021-06-17,64.87034218576437,65.2362292094798,64.66916640223334,64.843977808751,64.8249815092453,600401.2349487409
2021-06-18,65.6822831248962,65.81523312108285,65.27848374209088,65.7358271186075,65.73311116075935,706773.1452669628
2021-06-21,67.62585669241246,68.398631065921,66.62610347251727,67.60048995943134,67.61444297069292,259511.84438974585
2021-06-22,68.99261540673841,69.2640626891775,68.78181547533475,68.91070559107042,68.94180310256307,160879.81903273214
2021-06-23,67.80249916474544,67.91250514745201,67.62004565152495,67.66310841520756,67.65202551693486,180130.77672674676
2021-06-24,66.06990387954676,66.16389503254132,65.6158750914209,65.97723709915276,65.9576917260262,204383.77400725897
2021-06-25,73.01360331088588,73.06388951794148,72.49885990037883,73.0017956038486,73.02325997099355,251677.468150476
2021-06-28,71.04182718910583,71.48942143690529,70.65182521496199,71.02352690495027,70.98745670084307,610651.5546219603
2021-06-29,66.6068257646864,66.96721197630188,66.32947021827707,66.63349572320816,66.63453274164891,476089.4740228061
2021-06-30,61.42337808332523,61.77835479375472,61.32335226197163,61.45199280289895,61.4482007145013,480509.70372243336
2021-07-01,60.44294484669648,60.60568056344375,59.73313505315819,60.390282599951306,60.38005579741952,297255.3944975641
2021-07-02,63.24356522833137,63.79478824462419,63.09225991574984,63.26301924306858,63.242975162745694,134300.21261367336
2021-07-05,61.51195360713986,61.76955047461282,61.04478880107477,61.48944234436678,61.4730352041687,169052.7328987579
2021-07-06,66.08466874283316,66.17647961943895,65.79961415767109,66.14833714623549,66.14476752721232,278293.8246965655
2021-07-07,66.21676800551758,66.13733650236934,65.56488170608432,66.12615449955692,66.12546978866817,130527.5953346229
2021-07-08,69.83210864929737,70.33125885690453,69.23564754647602,69.85463374143414,69.85038560722617,322026.7096568312
2021-07-09,67.36234682663641,67.40815207850726,67.07410548121703,67.28913764646505,67.3123319125244,434988.1693681746
2021-07-12,64.82188543156101,65.04714758763205,64.58850816800835,64.86754071016563,64.87337445029496,372207.6718597742
2021-07-13,65.11231453493473,65.37746741737597,65.09228187060972,65.16162301878975,65.16018581453753,363347.0378761279
2021-07-14,66.82432691015808,67.28985878659235,65.92754558403485,66.73569977989922,66.74614875761804,87573.21015697885
2021-07-15,66.10836270219477,66.26209727874108,66.05188522085724,66.14977295716069,66.12559346570386,597203.6628511286
2021-07-16,67.00911216211189,67.45154299145771,66.9193503674382,67.11434075378328,67.11328390700461,104774.82494076858
2021-07-19,69.02447100235644,69.65627698752468,68.56781760690107,69.09632707382045,69.08961483326499,244837.6144687825
2021-07-20,64.4693233292054,64.58268662592995,64.38560651760172,64.41413917699343,64.42261651971837,388918.90338251
2021-07-21,63.38776284555806,63.39623431105549,63.20900736376129,63.33958545565943,63.362441434485945,332753.9195963189
2021-07-22,61.69124038540711,61.88858118285979,61.55726445766089,61.73831591815522,61.73855804430671,124654.12783074836
2021-07-23,60.28399401902754,60.51035174844062,60.22385171550258,60.32210061808359,60.32733753282704,138829.88674654928
2021-07-26,61.59010266399043,61.69686657975689,61.53117861789877,61.54867942864754,61.55606011875171,318775.6916444217
2021-07-27,60.11288497626276,60.16021335164866,59.79676783811564,60.03388515338169,60.02234619875488,364582.0865610332
2021-07-28,54.36855316562673,54.41578571130047,54.300516919423366,54.37229395441082,54.3747352644113,138092.3154784116
2021-07-29,53.77162375930067,53.87671661454669,53.59209844647161,53.74183796818252,53.74330952194155,339610.8164185497
2021-07-30,51.03403370713145,51.26275423167727,50.32860767110193,50.98949779371174,50.97618642678487,108102.5845458281
2021-08-02,52.36929853097041,52.585430686592034,52.08224583312783,52.25678949430325,52.25369663162454,390285.40352660255
2021-08-03,54.31772125435201,54.39067030688324,54.22471935789382,54.380569747876415,54.38475704883036,157896.4799265433
2021-08-04,48.8080595661117,48.86256819138975,48.79194348501411,48.84072049918598,48.84906779965544,281618.35288818326
2021-08-05,46.98480861419632,47.037911651555866,46.90461824626525,47.008617225294536,47.01903601371952,254628.62361798924
2021-08-06,47.877424178476126,48.06944377255884,47.820601200730735,47.83783721296012,47.84982886221042,538420.1039266551
2021-08-09,44.610588787988135,44.95737437496224,44.43904036338476,44.62182981770957,44.63511711953175,310294.77669695456
2021-08-10,46.39697113295439,46.5141954687533,46.2359634086571,46.3824883939637,46.38785404975721,187313.4858576284
2021-08-11,48.858048175189495,49.15618852455791,48.642118392707246,48.85209589155728,48.8508521675293,332952.6688672233
2021-08-12,48.463822458775525,48.58702433156692,48.10635512072045,48.46373827116101,48.47627244108446,970384.7715552502
2021-08-13,46.651524629912494,46.96084019670614,46.607293956900754,46.64651495399937,46.63599114456839,418350.0297230813
2021-08-16,41.65734414863063,41.6835843771645,41.60912594526883,41.61448536040655,41.60564184450077,258978.3617331696
2021-08-17,43.28152551021141,43.44882564730604,43.10637526003213,43.32357475012462,43.32131536366385,162727.48625466542
2021-08-18,47.823931552211135,48.22283352192328,47.61126564868983,47.831032365084354,47.84744923590015,185369.25720762933
2021-08-19,52.206827467284405,52.33343199327128,52.05870515972498,52.27035046096476,52.28993943921571,403525.81929364224
2021-08-20,51.7821668455277,51.88427746836376,51.40946998542177,51.77043789415037,51.77386388454733,157710.83178450904
2021-08-23,49.040902815574974,49.32211158595461,48.9115005786224,49.05049360270787,49.05117129022073,268770.5328068829
2021-08-24,51.17922376538739,51.31373976234928,51.059268525581,51.12455918157693,51.11536517438493,635756.7797499824
2021-08-25,50.80605223563815,51.2224582665153,50.349588443355344,50.80629728561526,50.80582654922419,293676.8921899805
2021-08-26,51.99913914826322,52.24850171750024,51.907022169880136,52.022228649144544,52.01729323809048,140437.9348364415
2021-08-27,52.79460092457816,53.1540504644542,52.64635714521296,52.80762909729136,52.79949413365408,991236.7764884408
2021-08-30,53.143600258601815,53.17528752595422,53.02487899215473,53.05216886619343,53.0563303367869,772563.1088856141
2021-08-31,55.73184946562414,55.84976987913699,55.79850089387554,55.81949056547346,55.83056433679301,362473.24187221966
2021-09-01,58.80216549063938,59.00888674004489,58.3960004546569,58.83908796568339,58.83021258412188,576916.7456646151
2021-09-02,57.3423095322044,58.06645640043703,57.31156162898772,57.34024482214588,57.338883508863,228619.01138973545
2021-09-03,54.7499173196726,54.91689085492382,54.77692615057965,54.78478380495624,54.802590214339006,414435.5225112329
2021-09-06,48.445343671074994,48.43207979256841,48.38194375611381,48.42158408719721,48.43333927954931,208121.2490332866
2021-09-07,47.59883947800638,47.74438711876842,47.56516027662028,47.60152827118553,47.57011635352881,118984.7939536814
2021-09-08,45.110710098502736,45.15140910368876,45.02945889351973,45.09916539304089,45.12331573130631,1270795.406227576
2021-09-09,46.04964950007397,46.362470365265146,45.93923474529911,46.04422419499674,46.03426991807491,115390.48300477736
2021-09-10,45.28279543397439,45.31346965812176,45.052019180886525,45.28746209829963,45.2800436108909,320787.7211852031
2021-09-13,44.724650577982295,44.831496594332286,44.56426291036223,44.78245683618807,44.755535673057125,318547.2233908616
2021-09-14,46.62511870454571,46.86722175178921,46.33099471216058,46.61690981965407,46.61413840151874,365712.7069705499
2021-09-15,47.45836109072721,47.829551108116014,47.504651684391725,47.54219742173852,47.53058799319671,254279.5268450007
2021-09-16,47.23824238708633,47.303968053277394,46.84145680383674,47.27000598671081,47.27248816495151,255876.47668435736
2021-09-17,51.4043318816415,51.427158432783074,51.09624267085242,51.37919690692304,51.36927095505915,291573.39589724445
2021-09-20,53.35254148478747,53.91234385608544,53.153425999901714,53.28914405431748,53.28294472249779,357868.57491452777
2021-09-21,52.329191328243645,52.23974414021533,52.14134558231546,52.20653644966369,52.196163310682046,268045.00731668714
2021-09-22,51.23683314698731,51.361585694396624,51.22603793088968,51.25878492555984,51.269433644160806,257553.6462928543
2021-09-23,53.25027092996981,53.78297605510004,53.05618561194463,53.29637894009243,53.29328548312176,121459.24267312392
2021-09-24,53.86270754595285,54.10096725591744,53.7662660845475,53.83459062480223,53.82339455994276,898255.1890639092
2021-09-27,51.02970373383143,51.070769298288965,50.78805298950529,50.93445788598443,50.924285146378416,370059.6506434352
2021-09-28,53.31975794758566,53.74274041073477,53.13441891025436,53.23815743899485,53.23473792508524,304170.6150833889
2021-09-29,56.593209608549465,57.0525024000641,56.42843582212074,56.65184875913856,56.6399597585498,184484.29620058928
2021-09-30,60.05048469861268,60.27510670868976,59.69266263279074,60.05892352915762,60.0841559107909,146947.6212577562
2021-10-01,64.87315490073419,65.26181687018648,64.76668135026969,64.81803576376294,64.82669920434954,449545.28308343055
2021-10-04,71.86395932082225,72.37609391382254,71.7290532738848,71.79792596758806,71.79756220968848,243794.89803127345
2021-10-05,78.2536772453559,78.42599282601483,77.4647822027508,78.20738926948393,78.20781873653029,389507.6367874506
2021-10-06,79.50128162370717,79.94764702802092,78.63971801225266,79.536973728044,79.51256710372924,119218.10620598435
2021-10-07,78.76982136125378,79.57231798274763,78.56102899023614,78.72392804938396,78.75166466036643,678821.1069650599
2021-10-08,71.98750760392599,72.05747614301171,71.68631726355993,71.92066807316492,71.91338518383475,460849.3418254925
2021-10-11,71.89398869054452,72.31126563816122,71.81190874803191,71.9610578411175,71.93820344552661,255598.30866351223
2021-10-12,73.93094192212348,73.98426603938933,73.67112730841393,73.8327269781679,73.81201590717026,355249.36236035667
2021-10-13,74.06699968818843,74.20368772769383,73.90591790597453,73.99360103167255,73.99648851106818,418571.3380691598
2021-10-14,67.35359615940045,67.66639064955801,66.98397959296248,67.40360704075425,67.42509050271818,120308.1527412057
2021-10-15,66.5187807222253,66.6438896962348,65.63317235005648,66.45731369961815,66.46176257764692,734317.0296373857
2021-10-18,68.66814774383143,69.0582756182319,68.2145127468297,68.61235809852651,68.61382578666405,358597.7618755891
2021-10-19,65.27788631320362,65.40563174798409,65.04441204196253,65.22237211815506,65.22237211815506,175876.72939857864
2021-10-20,65.86381108689386,66.00237371273803,65.45904094537188,65.760174823317,65.7609677695389,138974.39770861392
2021-10-21,67.178735176219,67.18419283180285,67.0276425405346,67.17943799265733,67.16756299826744,485171.9508060648
2021-10-22,71.02033949966923,71.03381250006363,70.70431914979295,70.99680254626988,71.0008281862655,304581.9678765756
2021-10-25,77.06457131523302,77.68230204526652,77.00071873241582,77.26846178858733,77.28720414506675,358455.76481068035
2021-10-26,75.92572786898,76.25853404258285,75.6849276295539,75.84110264531513,75.83439657207863,272664.86865869525
2021-10-27,76.61279136746317,76.5958203016867,76.14948034126688,76.5347575681731,76.52075826128534,147024.3923713679
2021-10-28,77.45924510800704,77.93545105216273,76.79803590708666,77.3543499558426,77.37205856298579,364095.2084002861
2021-10-29,79.80389302981528,79.97500057671525,79.66567285951002,79.87871385603414,79.8604538920939,238346.05674084343
2021-11-01,82.10924490676328,82.05867114307709,81.88087401314426,82.03032800820773,82.03088436345553,264867.5911614337
2021-11-02,88.1065474016347,88.23295207022645,87.18932325963374,88.01688026678825,87.99405077730198,1117049.758288775
2021-11-03,78.39054147428313,78.68274534468472,78.22312673116699,78.4416004151232,78.45485392461373,452001.8187813542
2021-11-05,82.07283975370456,82.38697482319708,81.91377534782335,82.03485427645091,82.0426730601473,1372732.5542723292
2021-11-08,80.95112288015729,81.7394134812558,80.26843968264672,81.08881263873558,81.07308041523562,337980.78485511226
2021-11-09,72.55029317187903,72.77142661214245,72.37926633681592,72.5079136869967,72.52105827794338,288319.5007649757
2021-11-10,72.23600139239892,72.51320480030593,72.07959708893151,72.29146389967003,72.28834254869426,178523.51181250968
2021-11-11,69.68196273344053,70.00314345367624,69.7157474561517,69.79894100627904,69.81242480629118,204529.78362606437
2021-11-12,75.86262691588047,76.00853360282716,75.42484281051823,75.83482941075792,75.83870321336128,78569.41181941931
2021-11-15,77.25111793862771,77.42350167503591,76.81940897273998,77.25616513821481,77.31670810062012,431168.3962278856
2021-11-16,74.38437416006242,74.43347467253864,74.27167992865728,74.28009874938053,74.27495818367572,125473.19155322878
2021-11-17,67.12924845895381,67.31299425720655,66.98054894991732,67.11705200725622,67.14345214999497,461225.1461380055
2021-11-18,69.1601981499974,69.3150010398881,68.95760862693945,69.10639748395496,69.10982713850106,261498.64735200375
2021-11-19,71.56312229771785,71.8271856024576,70.90900247517054,71.52672882816715,71.46687567049591,289767.8108008947
2021-11-22,70.84211459061726,70.8068378721872,70.73427887129286,70.7698615799466,70.76287804705096,261601.92102693729
2021-11-23,72.84987617633526,73.19078789457151,72.88519786468156,72.91450813190337,72.90976817124739,616395.8546633351
2021-11-24,71.6864056095451,71.82829371485566,71.37970629458096,71.67217605723786,71.67184246546958,554413.1333948314
2021-11-25,75.54447934560243,75.57662852585612,74.86196585553739,75.55511266261472,75.5657585617001,263725.78697166353
2021-11-26,79.40749278902824,79.42272347381441,79.27376977278101,79.35561933925193,79.36591436360193,156466.55407659084
2021-11-29,73.20279800661774,73.28415180767745,73.06236302450668,73.18407656282206,73.18624832189337,467116.263167899
2021-11-30,68.26833757977201,68.33381498954516,68.17549104045602,68.31028267997371,68.27351853027473,149530.40321909735
2021-12-01,75.499075510388,75.61799245854657,75.15077428478816,75.52459780507519,75.54244540150302,105565.11289200184
2021-12-02,79.21720213485033,79.39508523041732,78.92992966346405,79.08682728585984,79.11452259562297,361859.0032288909
2021-12-03,74.18008320156582,74.47034448073347,74.2396348824182,74.30598362801574,74.3038909591798,557430.9694758672
2021-12-06,68.80843191276571,68.88876090627214,68.46244678410463,68.75965623937331,68.7844841318306,210438.53607479815
2021-12-07,69.55717708487289,69.92470669206458,69.13232404062994,69.47093265280049,69.47395814227959,342049.4557139561
2021-12-08,65.6977823783352,65.89354943054349,65.2821656338763,65.65977606052638,65.66940432361056,209105.8188197125
2021-12-09,64.76920171369572,64.82255033908227,64.15375107812567,64.64179220787531,64.62775024210661,413823.9865782149
2021-12-10,64.55305022145484,64.78669639995299,64.45509193821661,64.49252297951921,64.46776319100184,517630.9480627701
2021-12-13,64.23118442410092,64.57211299068014,64.07692865737552,64.20652117674034,64.22327216431836,229184.09578808732
2021-12-14,67.85201443403531,68.29708281921062,67.61763012995046,67.88369776231569,67.87380872978991,144847.69721748243
2021-12-15,74.35757059663733,74.50657441736227,73.94645120407988,74.32764127507012,74.31641057264947,111947.09117446245
2021-12-16,72.64056632097254,73.13501732418108,72.41458989458438,72.59108229260679,72.57221674250904,467620.8324630643
2021-12-17,68.64852411820418,68.8690988704027,68.58505033366222,68.6482838200792,68.68420031328422,135680.76713004685
2021-12-20,69.92979905353789,70.75479208012754,69.27255491946148,69.98178338439821,69.95855352551564,335445.42171920097
2021-12-21,75.76771920766363,75.99769008352432,75.40539286076337,75.8590704196852,75.8685713085965,427814.18840840296
2021-12-22,74.37817992988715,74.77869731257945,73.75545030343261,74.36439225953505,74.34666501806439,198633.93217454824
2021-12-23,77.44281776609063,77.87360029299766,77.48269668013258,77.55762757923326,77.5871673367272,242868.0303676872
2021-12-24,74.38154083283045,74.57330702123724,74.40381803061302,74.41663145136539,74.42242859111097,488661.8756767804
2021-12-27,74.3155536328892,74.5987737777992,74.04300881209382,74.4967102982687,74.5175259361812,165228.34869204886
2021-12-28,70.40018339378474,70.7626912791972,69.6306277194859,70.34158754795432,70.36866359242312,155464.55414231087
2021-12-29,70.46218899272544,70.59834806913405,70.23216459387106,70.38096607044355,70.36712799689772,233133.2056535284
2021-12-30,69.98435433270991,70.41492967621409,69.57129148518236,69.9788296398504,69.97181267161763,577663.9615848858
2021-12-31,72.24742731498027,72.51171809880181,71.78350945991437,72.11535100404816,72.12267072381134,705342.4134792468
2022-01-03,78.8461825971036,79.44226577731713,78.53163734000567,78.74008924398794,78.6911039171195,252895.13300593296
2022-01-04,77.28034319513253,78.24868963859701,76.72094548926567,77.24328297137178,77.2845981993676,175032.51281667102
2022-01-05,69.96930150307722,70.27907323414074,69.79682681550996,69.97722392976284,69.99525841252016,508117.89151691657
2022-01-06,69.25933998182774,69.68879149060372,69.08774016510056,69.28354752300183,69.2832858592718,98560.18452778916
2022-01-07,70.35716874100336,70.50475710158801,70.24302789530033,70.31761570979633,70.31751340304649,311316.8592377256
2022-01-10,71.01436644038887,71.40787743700685,70.41106485034035,71.02439699160242,71.02716411399864,261359.4244915393
2022-01-11,70.51440666608885,70.4833672820918,69.75173301171259,70.47576972064293,70.47778542093833,583206.5589595491
2022-01-12,75.90097443490228,75.97765252167474,75.8019871233922,75.85375898849709,75.85569874187492,619712.6140182801
2022-01-13,76.35037664015864,76.67409659181678,76.10837874095611,76.36790912729292,76.3478621805047,152433.370565728
2022-01-14,76.0585747479733,76.28468746869947,75.53465156238038,75.9753220677141,76.01333537375595,296738.5779601043
2022-01-17,73.09608893394635,73.32853326441382,72.65064431200274,73.11279895604852,73.14403812261796,190543.8050063827
2022-01-18,67.07002886128393,67.5514763325811,66.92062824753334,67.06859771474902,67.07209012007067,225033.2772312034
2022-01-19,68.1036631373204,68.57835645376188,67.92980973293278,68.17030128383688,68.13751325607106,388649.2965738371
2022-01-20,68.98505110115802,69.79121516810969,68.81425675705246,69.0037246638289,69.00367067557904,219490.34555914684
2022-01-21,65.62751468966026,65.57604908258114,65.1624330064814,65.48618251167585,65.47473774992059,301448.74295589887
2022-01-24,65.28551352197833,65.34820412632824,64.94621486101066,65.34434869589569,65.3534417891941,476566.8562538422
2022-01-25,64.91149406166268,65.25384498532615,64.86658056603461,64.88309392947043,64.88872359219984,666034.6893502352
2022-01-26,62.884383609390255,63.31047726616109,62.84977605687964,62.912977000798485,62.93432493402424,319083.49485790177
2022-01-27,60.362006499505895,60.50080359528968,60.41216867109255,60.49593854869446,60.4758928455778,287983.724170446
2022-01-28,61.75507416023056,61.91559720358187,61.680077826297534,61.720574184753,61.717509056491394,138085.16401152255
2022-01-31,61.00325395975348,61.10218116065333,60.51738570048657,61.03719822638492,61.02052210821439,694869.3160921299
2022-02-01,59.30084435161454,59.39077996299247,58.65585649979539,59.28193097225009,59.300766153413264,361284.364560972
2022-02-02,56.868384691373386,56.88281112962119,56.60268156109399,56.81215662265934,56.821347914800974,291191.11253322195
2022-02-03,56.46303790880623,56.60934430099801,56.26272294821138,56.44979487814007,56.457920640573256,282385.8093941734
2022-02-04,59.10920760427645,59.23420749511023,59.0212275550631,59.089808488345,59.08421045686583,333164.6476423616
2022-02-07,59.64590287791839,60.25941236517512,59.53116784637011,59.697716909784525,59.69141886535738,426374.90372773056
2022-02-08,59.04545787034021,59.01860157243982,58.73438590532116,59.003752521672105,59.0207290169388,459240.95975318056
2022-02-09,59.90017845991961,59.93811104134871,59.63000285086864,59.91154272181545,59.90897755292178,705372.3775705328
2022-02-10,63.96351491156828,64.14854260118325,63.76478268200973,64.0915973932866,64.07381375611698,310398.7701406374
2022-02-11,65.71964435659548,66.29302908367883,65.58680366926113,65.66532308391474,65.65858046818813,768749.7182196424
2022-02-14,66.59205593986273,66.57083117190585,66.30558155538989,66.51669366650482,66.51080438485091,506173.0914251137
2022-02-15,68.75226339485992,68.7042946955974,68.38659283651904,68.65058347408926,68.64990903403998,258828.55489882277
2022-02-16,68.26617639901589,68.28830816132823,68.01048455557317,68.11830361863566,68.13270298392595,98673.9010037318
2022-02-17,68.79555368607213,69.4685954122304,68.46670719760759,68.74237908096687,68.73181631703639,282472.74825972214
2022-02-18,67.13750974024887,67.18781305680524,67.0982197103856,67.10302065861231,67.08713214587104,683571.598862979
2022-02-21,62.22304494626008,62.84620483563804,61.73135849021046,62.15519957850938,62.15319850164136,168525.4611185731
2022-02-22,63.16260125947245,63.35524676606635,62.958399444564286,63.21867591819154,63.18009132481892,281947.9020861442
2022-02-23,64.20503528646006,64.59529335021661,64.00500735756121,64.3125639273852,64.31594905518429,296301.07024683926
2022-02-24,63.3760007761389,64.01573078794671,63.108706701652885,63.4062461140495,63.39250548707047,472255.7471923076
2022-02-25,66.82299380298565,67.30421051546267,66.6499119013834,66.73775339605092,66.72006051342935,212630.8986462928
2022-02-28,64.3589892264886,64.87860241101113,63.81067323785496,64.40156504525135,64.43256838453918,159272.1655581051
2022-03-01,59.03300608951232,59.27258489694626,58.59219196587051,59.005532488855046,58.97765902905613,377755.0658878365
2022-03-02,57.04163791285935,57.26510493716651,56.83127878217061,57.008954832823065,57.00531323573168,171779.6429139368
2022-03-03,52.84341337750592,52.87281730246382,52.7024734606558,52.83050872603083,52.83050872603083,89205.39410016903
2022-03-04,53.65306062959775,53.95946375669467,53.354411885565455,53.721697208125406,53.70665119803434,809541.368576815
2022-03-07,51.78087473457775,51.79809438710402,51.753747537924845,51.763135210704256,51.74874487558223,467997.57688139897
2022-03-08,54.32249339873573,54.53919371333879,54.27251151880346,54.34540289156345,54.351368804169496,830707.2050438562
2022-03-09,57.09468149609422,57.111732356417626,56.47817528957114,56.9976224567646,56.99001010507146,453344.5229916509
2022-03-10,54.51432743119834,54.83477435196173,54.21848440785429,54.452421645774585,54.42926563890521,403615.8963225866
2022-03-11,52.30194690999035,52.53848412473915,52.187520311776645,52.32215859757347,52.30773796965239,334944.9202256071
2022-03-14,53.818503189452265,54.047001049481786,53.27606088807368,53.72364139608182,53.74503947243589,239997.3189122166
2022-03-15,56.40957896872109,56.41844962809066,55.74631386412519,56.39019701463494,56.38376270111342,364858.1581187064
2022-03-16,50.96785472209173,51.06244858990059,50.7912295564928,51.05319711143012,51.04543437151669,192540.2514657955
2022-03-17,51.76595755952155,51.93286875512098,51.42542594551033,51.77001142490707,51.75967162426642,141274.84064392783
2022-03-18,46.51978618577325,46.44427908556158,46.36288287817816,46.44383760325079,46.44970476448458,219842.02733672617
2022-03-21,45.16595812103857,45.59392481791913,45.17025708045363,45.20301729506049,45.19146317693199,582389.8657144537
2022-03-22,47.71099741033273,48.02829978111196,47.710119874828536,47.714253426460175,47.69532821267295,128098.6549519406
2022-03-23,55.29146101628308,55.605089085930665,55.10405767265145,55.36675128915017,55.370652540017446,129325.79077929928
2022-03-24,54.6528069249559,54.749776084973405,54.676936209966414,54.71853115660848,54.74622880522902,382615.3661517988
2022-03-25,51.40663788991152,51.7379885995716,51.084162720651946,51.4495591569666,51.447128790136446,209180.49639095017
2022-03-28,50.10017309763416,50.7253309547344,50.13959514507224,50.16174153114517,50.18140825094867,359078.7587433978
2022-03-29,50.29588789255354,50.927203715503865,50.11808451422666,50.32700377474819,50.34302493234266,485975.9709291364
2022-03-30,48.77333208739389,48.73930192101211,48.599735108066575,48.68869733866596,48.67818418553542,353953.0267641205
2022-03-31,46.51319531379311,46.61830494054727,46.41169304346032,46.51487322462744,46.55738240847579,183625.3193823164
2022-04-01,45.580928012733615,45.652452556110525,45.094968280732495,45.54515130800985,45.5391983607243,579406.9069525586
2022-04-04,46.49601420268024,46.51737464480456,45.96760616833854,46.44531593482529,46.44365173987331,418852.2911074521
2022-04-05,46.00820761431071,46.32007175937078,45.98389490096119,46.05926137916845,46.046194023046986,272691.5856113734
2022-04-06,44.06024557145328,44.37919075208382,43.866061164975626,44.096912701714416,44.10945183783982,264884.8048183958
2022-04-07,42.69446383924038,43.05516635798145,42.610975197605136,42.66179263949,42.6672923255505,335841.80972295767
2022-04-08,41.772710333897045,41.807325207691015,41.35088264587789,41.79922287060754,41.790827626062885,222528.34814031777
2022-04-11,39.81389109896551,39.79612015767529,39.49892170398697,39.78605728368032,39.80573885299239,100838.66910896097
2022-04-12,38.48521016382025,38.57646980615744,38.29013865686764,38.4207661513212,38.43012639400828,420876.46940077073
2022-04-13,39.60560586813555,39.70100545688008,39.63554868453215,39.663331201624096,39.68493511136376,406136.9966837823
2022-04-14,39.20143879442482,39.51029584473163,39.124382812506006,39.21543612328802,39.21267671016376,67464.74341200563
2022-04-15,35.954340600177844,36.10059461368172,35.85648073097279,35.96147073034425,35.95276212577467,364545.1480029457
2022-04-18,37.81072493707288,38.0575789279359,37.63027436339798,37.83063771558896,37.83314383316453,769803.1588823553
2022-04-19,38.595177107307485,38.86830348321507,38.49888765460279,38.6186562464777,38.63205137909026,136409.5433831183
2022-04-20,36.050529812991286,36.36618542584039,36.04425095793777,36.06827976421543,36.07353507318623,256792.90591263623
2022-04-21,35.423241063717064,35.632642661506274,35.362742403484184,35.423781302098234,35.41863901240627,240580.63945563335
2022-04-22,34.070500275104735,34.413637943425634,33.9799231944665,34.06488349354722,34.06398733131159,726684.1174313016
2022-04-25,35.258019395097435,35.381186948152774,35.20042215526979,35.224436035854865,35.231686020933864,525743.2351810646
2022-04-26,34.583425111049486,34.6637548655795,34.56012939885673,34.58429382247204,34.58898730419662,158411.33451635306
2022-04-27,34.49952587374288,34.62946886630419,34.430567373859205,34.460992455320216,34.47581501171985,329480.0596226832
2022-04-28,34.12095172122147,34.179052775090774,34.00099715410947,34.14115646023492,34.14997648829129,1068325.7692371735
2022-04-29,31.695876502427144,31.799148377334625,31.58758884054864,31.734000551378315,31.74572228726112,184457.6654383989
2022-05-02,34.0065952923063,34.06797191512002,33.92754811933338,34.01696209874433,34.00507857666283,266547.4964551412
2022-05-03,35.165814567525345,35.2273974004409,35.143921752413675,35.149558155067176,35.14172772966043,365164.92582747655
2022-05-04,33.90509719237388,34.284137635038896,33.558992246455524,33.875948067024744,33.87192030292398,186086.5691895143
2022-05-05,34.249415536854485,34.30053635080518,34.03792744272218,34.19947631293164,34.19858136735786,772913.0604977868
2022-05-06,35.897222580110416,35.96104219444862,35.88349922810473,35.886808217456704,35.870089042302475,202075.9750602684
2022-05-09,36.01376774913723,36.13537580460928,35.795023723138385,35.98666885162862,35.996623578430835,116608.67182095889
2022-05-10,38.91836357540892,38.985592175863175,38.5510195419513,38.86516573843628,38.85159265037899,195831.67665259345
2022-05-11,44.85907049485213,44.93117521941086,44.88467291183741,44.89405404721329,44.8827933190759,397047.8382228272
2022-05-12,44.60684969369503,44.72795455969959,44.31837888647376,44.61622539188793,44.61919135815087,166224.65978378296
2022-05-13,43.47143142246843,43.41070451166344,43.010627915774094,43.35130870847423,43.35184687857104,321682.28128194174
2022-05-16,41.3191752977112,41.30465297135088,41.00414962170064,41.28382029051839,41.279742831205205,376069.8829774612
2022-05-17,37.02613948709983,37.03319730964524,36.839082494302815,37.00723987826999,37.00057825234307,129915.5073605024
2022-05-18,39.39768518455479,39.58993666667097,39.29894073595931,39.36250727219592,39.35947920443766,191334.5354480652
2022-05-19,38.63018928085106,39.042311618081456,38.59335419608588,38.6818557515293,38.67319287099885,330837.47302627005
2022-05-20,40.36660433050586,40.51116275136177,40.011127399406725,40.39273141670879,40.40660790934837,408990.5362491539
2022-05-23,42.557377391351245,42.938885530871794,42.531342535598434,42.60050178897693,42.60660343691231,194216.65400492836
2022-05-24,40.40259164071684,40.47057042764807,40.21502697238876,40.38568585662011,40.3726696355831,293920.1427569391
2022-05-25,38.556918894107454,38.87381739057306,38.44446555383378,38.57115033966735,38.56068617680054,226304.84706545423
2022-05-26,42.04902871314796,42.20522672655,42.03813243178099,42.04501810239571,42.040718774726216,415280.76078503806
2022-05-27,41.88769251232412,41.90528787341712,41.70333858311494,41.90072431836072,41.90894355731423,366461.2802907848
2022-05-30,40.49070185010987,40.55749035271509,40.32643425201739,40.55666344794064,40.56390263777106,214466.79229347943
2022-05-31,38.5502631747636,38.6784010924488,38.16601098487145,38.51617726543444,38.51968544012443,357562.80739904835
2022-06-01,38.18142368356216,38.3091753872333,38.10116945847366,38.2488256278082,38.254390152257606,209492.0304741079
2022-06-02,41.17866974871859,41.370849082707416,41.07245891108565,41.2086550922262,41.19652740559775,353068.4309865581
2022-06-03,42.57326983771527,42.85439474159325,42.50674219945172,42.62934756274804,42.63118970179452,356032.2968495612
2022-06-06,42.97715962352446,43.19704572097946,42.87560153126967,43.015001691448944,43.0093043700772,1113064.8751919176
2022-06-07,46.53805188268067,46.88976089329292,46.483823714135625,46.52865967430888,46.517872582467454,219310.2460080564
2022-06-08,49.913819865410034,49.89864270508143,49.79456096476893,49.85225119055196,49.83019670274478,246529.9849390837
2022-06-09,50.604279649932295,50.74759010894879,50.65054320387868,50.68339617738734,50.69582061064495,181981.63234135963
2022-06-10,58.10458022733163,58.3505627646792,57.89899174170795,58.136974615747285,58.12891057659428,144394.69713525558
2022-06-13,57.331460908811664,57.90831409155948,57.384069833036925,57.43191186649455,57.45826238913609,204050.68622346607
2022-06-14,60.59890721481898,61.02569492986627,60.305023088972746,60.63561674638262,60.65762893848126,399936.2414990227
2022-06-15,59.47518879106317,59.91687818030802,59.2531086012337,59.47091330408225,59.48678163979429,417682.5272745266
2022-06-16,62.233401313404194,62.55615935834475,61.96180974697373,62.1857000578921,62.19120448824133,320426.4060966757
2022-06-17,61.29846930433466,61.44321755943671,61.42683221224926,61.42860962156073,61.450213692302505,224704.40719861
2022-06-20,62.88128145382221,62.89580677704721,62.64252456018335,62.84668109916685,62.83892110556023,199580.91228290577
2022-06-21,70.65829539564506,70.7814700413661,70.61705962559634,70.72708739056625,70.73259287573961,154801.92782696537
2022-06-22,74.0448418316537,74.2535687957896,73.8059755095873,74.13500413995592,74.15595881055147,192118.45990375
2022-06-23,75.90953592874105,76.20390822499428,75.89130453486239,75.90441331483915,75.90362856516381,123367.52219458164
2022-06-24,73.10121936439184,73.06841151917122,72.9999483052193,73.05540293841543,73.04206437632135,606048.3135026116
2022-06-27,73.73246259894744,73.97054858488848,72.7702245864648,73.7398701180689,73.73747457008815,807978.6321488614
2022-06-28,70.08192446678338,70.1766280595074,69.72817546346248,70.15861700100797,70.1780677247615,83992.46302441701
2022-06-29,73.29636937060582,73.77201568719575,72.32615225879867,73.30377165885548,73.30882048683328,319195.2242140293
2022-06-30,76.43951856772294,76.67702798182289,76.25113254160117,76.49499109318397,76.50657637577794,316037.1892718689
2022-07-01,75.86663678223378,76.0789959215112,75.1704733040104,75.82083853348124,75.83689323434234,304152.73553899163
2022-07-04,82.40730379293618,82.57535741547704,82.0196784685192,82.3187816464294,82.30423946593439,188029.361399059
2022-07-05,88.84444086998849,88.9823457172941,88.17882676791625,88.75466889588674,88.75554374479556,495592.0439573342
2022-07-06,89.41382608660827,89.59769387823961,89.01120959962594,89.41559191024449,89.40284712465373,343274.73456517496
2022-07-07,92.05494792762902,92.11310004082978,91.46211598984104,91.95171734968255,91.94196692864796,499055.7302565312
2022-07-08,89.22743211350331,89.84008030221645,88.88857715805422,89.31862466851801,89.325550667498,172386.2387434897
2022-07-11,88.28464486357596,88.55634839871347,88.1061413521153,88.12752526581961,88.10247870146556,117018.85061917469
2022-07-12,83.47219446060794,83.76619378273324,83.10866029415716,83.55797357870755,83.55040127128733,348343.1435957776
2022-07-13,81.44242925627618,81.99554770831324,81.5915853474074,81.60810343314392,81.60303256901416,150577.5878941008
2022-07-14,81.30107245135066,81.66391553631985,80.81325031397982,81.1902123792734,81.17738403698773,505225.3081438316
2022-07-15,74.74358508377887,75.61068337873117,74.68370351111294,74.79670079560621,74.7991954323875,74908.84185780185
2022-07-18,76.97014217037844,77.20825709197027,76.34756495851865,76.9611578108193,76.97950480063227,202577.14644132715
2022-07-19,80.86663614269865,81.3013775129965,80.75945557763123,80.95008013670272,80.93741718882306,185432.6257234729
2022-07-20,81.11165357226142,81.2510368277085,80.60487271739748,80.92038986305778,80.92751311064121,219822.1336443432
2022-07-21,70.95380041101363,71.15773239842682,70.60551494988249,70.8247705924705,70.8319386785372,313846.54749079974
2022-07-22,70.0547582203973,70.2231279885694,69.93710485807294,69.94658205893835,69.9334424205742,340353.9694315124
2022-07-25,65.29998832284174,65.45249372667786,65.22810616858241,65.29421907338732,65.29779113526959,393896.1446949733
2022-07-26,63.420327574407615,64.22119635403949,63.32777356926762,63.35819224407548,63.36562154795522,422097.5884665146
2022-07-27,68.06897310617225,68.10820838046916,67.81688694223786,68.0725844972584,68.06588634109244,242094.7940999711
2022-07-28,60.42624685275497,60.63721751938322,59.7194629006104,60.3585124488186,60.36695880659187,950955.5660351124
2022-07-29,57.949734665886176,58.43058437662311,57.87181284498696,57.97353914390443,57.96067262797608,616771.6890011174
2022-08-01,60.496581975903055,61.15700661839344,60.19469495276648,60.40086445928011,60.3860746616319,222527.7452580245
2022-08-02,58.31631449322983,58.41487777792704,58.27079139138883,58.34320326027875,58.353107511501584,247180.91198986355
2022-08-03,56.12349901480134,56.49474225981065,55.82680494463138,56.142996966989536,56.17287104419378,219733.6311755997
2022-08-04,62.046802159296,62.3204941677194,61.34085903055029,62.07576230103552,62.0848639884737,333693.82780068746
2022-08-05,63.26106635786327,63.25676241974825,62.71098530675712,63.24889395865521,63.26354938190207,149767.19018058162
2022-08-08,66.21330103939727,66.38687760991186,66.17705409642247,66.23901474956254,66.21097056660648,167088.27147248833
2022-08-09,67.91281653993818,68.51962394578763,67.36587530941887,67.87974175773039,67.86305741557736,73099.75197310797
2022-08-10,68.39303894531166,68.974396488487,68.15397052645852,68.42595093703923,68.41047438595915,211251.34725469357
2022-08-11,72.89554459250758,72.99455862638149,72.54891927791226,72.83794518155138,72.81182801015672,508314.4394574731
2022-08-12,80.15236622686166,80.21079495871783,79.02989066166188,80.03085002375441,80.03279597692695,244932.85430673853
2022-08-15,73.65005477617507,74.02789413431293,73.47417041208341,73.64434386765147,73.62069970102353,253293.1607700457
2022-08-16,73.6808147761758,74.09020547863642,73.50403843809777,73.51772830900823,73.50277736318161,317075.59241640504
2022-08-17,73.44547234451737,73.76991021959185,73.19744538626333,73.36275368706134,73.35384310488134,147069.05837683345
2022-08-18,71.97828189859483,71.9170950286401,71.42576106089174,71.8247036947074,71.8149165946966,272439.4666260142
2022-08-19,75.38963382443353,75.55078120437476,75.32714450928198,75.39424787150915,75.36527125240197,457804.5829665804
2022-08-22,76.23238628413768,76.40008642610518,76.2914310515667,76.35925406933795,76.37685457875743,0.0
2022-08-23,83.92407349272233,84.36068657329028,83.56935889791914,83.98337728164003,83.9642031991618,482578.4796972535
2022-08-24,88.62442576329177,89.0137972706638,88.54196423550471,88.67799939633773,88.69806446165501,572907.2663456172
2022-08-25,94.77618010388176,95.20234328919987,94.65657500733164,94.86659037875,94.88853556489224,399334.1671395132
2022-08-26,89.21437837378346,89.67007642954927,89.28176900959211,89.41071577999367,89.34708682463254,174901.7707814382
2022-08-29,86.00944913819559,86.46819003074528,85.54525183757886,85.92141004543514,85.93294040806283,218276.6953809962
2022-08-30,82.75092824635843,83.37542503508848,82.56525946648915,82.90513338305955,82.87032428820126,855031.2626727646
2022-08-31,88.59101013372259,88.97802043729949,87.14980731331877,88.50879614654443,88.49883759639901,324000.74948499945
2022-09-01,84.56474832425221,84.42506685342364,84.28039799861844,84.38033089464157,84.36885343279376,299112.17638314265
2022-09-02,80.49805652265435,80.70227546065804,80.46772557603934,80.56075964233011,80.5329425063313,160175.3442594367
2022-09-05,76.2496602990665,76.3535518261118,75.77898849847264,76.22011962986727,76.22343623293084,254008.5753448075
2022-09-06,87.29464811155214,87.54111005917079,86.67096981394435,87.32946045447063,87.33214586082606,412430.980885356
2022-09-07,86.79168014072091,86.78868631784705,86.4707659427271,86.71995615088315,86.74242534928109,270738.15804240643
2022-09-08,88.91645163745838,89.74336208532914,88.97164795161989,89.02278140781657,88.99857557384435,196491.22623471924
2022-09-09,84.13498625454132,84.69102840035069,84.10592654546177,84.14607595673496,84.12669591553878,225836.8923058377
2022-09-12,88.33178510268503,88.23394826287668,87.22466494221052,88.23286016125961,88.22016213536621,548583.7251029684
2022-09-13,80.82700165667003,81.28123170428847,80.122250378425,80.83095190811628,80.837452473711,400579.88453015534
2022-09-14,76.8901671057708,77.27527403901964,76.58062987626323,77.01559683917212,76.97647113655601,369691.4937417704
2022-09-15,74.3759890465363,74.55367509208746,74.21333034529106,74.28375436909256,74.24197378378388,349594.5325105001
2022-09-16,74.99603009389853,75.10781841741182,75.09243551653263,75.09334926557544,75.09905952537831,131950.48591038465
2022-09-19,72.21485631924408,72.68743577564254,71.72780421229496,72.2091709920338,72.1658303106349,315972.18042048457
2022-09-20,77.90426751295843,78.36169284209697,77.85718914321518,77.85890346689374,77.84932320685304,509306.0981224252
2022-09-21,79.83074959275083,79.8502338849621,79.6712504879614,79.82118299856656,79.78652435401679,229451.52709690807
2022-09-22,77.34465780458352,77.20203961465612,76.9103019599303,77.14889732702869,77.1658462557496,482365.2264948876
2022-09-23,81.10879930077748,81.38529864030488,80.45692086157192,81.04932421970673,81.0537799252727,372181.1701050614
2022-09-26,79.4752931724427,79.9887592050427,79.14619206706871,79.49137826243245,79.50046516852872,440913.3745463384
2022-09-27,77.25407288735472,77.44496457139591,76.4462696503929,77.20754276537488,77.2188012454273,276664.7855692446
2022-09-28,80.72088104223108,80.77255788630207,80.56291942322807,80.70393768400686,80.7083136874699,456777.34301082033
2022-09-29,71.49677548140033,72.12345783081733,71.21133959299213,71.49360335221456,71.47931629267617,111434.3638966918
2022-09-30,74.15714129534396,74.75242953474738,74.06626339226747,74.1390671402199,74.13930577985298,273727.24465340155
2022-10-03,71.54280902141639,71.86778295848328,71.46218153704216,71.5738783097704,71.59253379763683,0.0
2022-10-04,69.10698999492858,69.48645077745878,68.87256577263676,69.09228013354416,69.08925317096678,320545.56564844854
2022-10-05,76.07510730032493,76.2444453968748,75.60147768557228,76.11358204154023,76.09624840948742,517815.45516406087
2022-10-06,74.00286474512144,74.33712990823953,74.0051510902936,74.14345528757991,74.16626346372335,244199.47844395295
2022-10-07,77.82021992389662,78.02303726900121,77.42470245975336,77.73159031714145,77.74116974810828,193208.8169674962
2022-10-10,78.7689695148908,79.52656469915588,78.65822843992447,78.8135344567218,78.8465623854626,100363.6130272648
2022-10-11,80.33260906021977,80.33033879466741,79.88916168172345,80.32125267626901,80.35767685357071,227799.26415730987
2022-10-12,79.2745909186467,79.39614918165805,78.20894289315842,79.33491896785537,79.3145118462451,365903.51890820457
2022-10-13,78.10186231264865,78.16865998611082,78.03759417767166,78.15893679469383,78.14917512237862,423625.5080707603
2022-10-14,84.2032273651585,84.42578294408341,84.06423029090121,84.29080459550488,84.27181508317665,115900.65155437472
2022-10-17,88.34262824460279,88.43472997848585,87.92807347125716,88.258932567344,88.215687162291,543179.4786009198
2022-10-18,86.21094246517448,86.50550819931988,86.04193790880255,86.10849732618637,86.10915811489237,149544.23395130364
2022-10-19,81.77548871458482,82.14879286399587,81.56799011081064,81.77336795789377,81.75445427642973,249524.18297374903
2022-10-20,79.4047392442122,79.65368553655298,78.95831850433363,79.44737529229883,79.47162239693121,190748.32557691
2022-10-21,83.25634426175799,84.02726565149362,83.04646551089135,83.39754214380213,83.39945930557295,344672.486383869
2022-10-24,88.47165308518936,88.4131627049723,88.26990958673694,88.40133590588736,88.37474159426972,283919.1605079278
2022-10-25,90.79976225125682,91.13907404456214,90.7917381774306,90.86123506215066,90.82881201942608,403035.9864007428
2022-10-26,83.79295285828212,84.07460119338612,83.84266567374688,83.88667614247746,83.83188037967305,811210.4295807356
2022-10-27,87.07481389174409,87.11834225897759,86.76438163474002,87.07226585932692,87.06630708374067,340684.2873311408
2022-10-28,92.83684630087726,93.37105028490603,91.79241176403572,92.86787584407776,92.869864039774,189850.5033232989
2022-10-31,93.5278366138381,93.95730359834737,93.3843643027634,93.6700328004875,93.66473172464605,353854.61530605296
2022-11-01,103.15688374175224,103.88823485636652,102.880847629675,103.29951150532004,103.26092907505988,862062.9269146192
2022-11-02,96.8069839611251,96.94084795823925,96.68077296308616,96.7744151923935,96.7618360677302,397839.588199512
2022-11-03,100.04201123910636,100.2847519539285,99.15580173762268,100.1076509584622,100.13978622474168,473267.556180097
2022-11-04,95.23689956185044,96.03022922765734,94.4906015515084,95.1883289008178,95.22596351252083,103141.19255861855
2022-11-07,100.31698484834205,100.6303170987724,99.4309605463142,100.30228742312332,100.3007813227995,338448.4801725923
2022-11-08,103.49712009449064,104.3323365394298,103.30970660729685,103.38881597091472,103.37815120747923,228476.6623682609
2022-11-09,112.92239871890855,113.37232228529334,112.64341018388824,113.01644479785637,113.02029900138804,178425.26030750587
2022-11-10,115.87163907351476,116.10784228519574,114.353402349495,115.84467995126847,115.84262288210824,264768.0936811729
2022-11-11,113.63019427413558,113.9348686758922,113.55576256105748,113.55771327127034,113.54313661054046,286410.2174190978
2022-11-14,110.76861327411268,110.99723113177812,110.73799634240343,110.83802198158048,110.8416325133813,184492.64161185772
2022-11-15,109.60232627183466,109.48686392641412,109.07157309666808,109.47892127534956,109.50598303983652,300462.5069011188
2022-11-16,106.5753097765776,107.17846631358096,106.5243458019554,106.75319023597297,106.76324283605052,241810.04074983083
2022-11-17,114.0089157689762,114.3856743056292,113.0723312836106,114.10395763320652,114.10330594846282,408997.0918913938
2022-11-18,121.3238668966607,121.81727693693954,120.87461589652808,121.53091763485024,121.53903335391924,307596.7357288138
2022-11-21,112.78751191767086,113.71070754739016,112.41525649279409,112.8705705457603,112.88466405469067,336231.1051004812
2022-11-22,113.0700011906573,113.83587716380173,112.66965548592717,113.08748271235451,113.07125637437493,482932.7945388062
2022-11-23,113.53432546878844,113.553138720986,113.22750068434952,113.4400000271995,113.39679267817952,374360.1256473417
2022-11-24,109.12961105517236,109.60934083611686,108.80781064117494,109.14656046135556,109.18582291524991,267359.47078955715
2022-11-25,111.47229636277947,111.7065236696442,111.45809051900048,111.53870357552712,111.53171914544876,76714.42422623232
2022-11-28,119.70520147402506,120.85345538662692,119.25671224145822,119.8909392501674,119.9058638470286,365213.28204476816
2022-11-29,125.14333998128906,125.79748366429814,124.01141883407546,125.29547106662454,125.28158410787223,155258.3866529867
2022-11-30,133.9642903093475,135.31586428248073,133.53814907307,133.9227466764196,133.91505137019274,254805.8865849154
2022-12-01,129.36867100809533,129.91871755247686,128.7466533044558,129.25473880317168,129.24383819584952,335248.7897536885
2022-12-02,129.43699885021488,130.22325638712616,128.59985929187815,129.49128443823466,129.4930432855882,597086.5843524549
2022-12-05,124.83771035933084,125.07705872002306,124.05315282261247,124.68671293915826,124.68710809742048,810489.5127751397
2022-12-06,126.05389106246544,126.3412955007216,126.1538567348742,126.17374569881174,126.10681194500712,154394.92206889362
2022-12-07,128.19764280758338,128.30321058240625,128.12912207147835,128.2477287549314,128.2037023419375,121842.22806135788
2022-12-08,134.43911128374435,135.09521081083454,133.61403757145692,134.48028182759353,134.41686140020988,326253.6096150774
2022-12-09,143.72116672288635,143.99681410531542,143.4826539648819,143.50169325457776,143.5037172968961,310350.21121836617
2022-12-12,148.49480681719723,148.94318384787144,147.91890984880197,148.47496178345347,148.4752342500046,130466.85296922532
2022-12-13,142.0439172346487,142.62926485804036,140.90057654834848,142.29983392187972,142.300741031277,265677.43428518705
2022-12-14,133.23250082635676,133.45590114052968,132.48294280025135,133.10583009009645,133.12989658233516,384048.669661256
2022-12-15,136.82591333179977,137.04768173434152,135.38923158436234,136.57380797341656,136.59112357064876,128272.08702102568
2022-12-16,147.05203765884607,147.55228915509858,146.35864043878908,147.08877171490715,147.03132252519885,147745.83786032203
2022-12-19,146.78048194643875,147.48163679957034,146.37512899928976,146.91227435109147,146.8711406135411,182317.33356453583
2022-12-20,136.35330543018475,136.52882857098996,135.93918462658814,136.235562834861,136.23799561198786,236249.52873888315
2022-12-21,151.31870990291142,151.19720616668909,149.6498679626146,151.02206260597038,151.01693490801193,406924.48369615857
2022-12-22,154.85390669874752,154.99154776205296,153.65898971140214,154.72258872464312,154.7169694705745,220601.14934075336
2022-12-23,155.78714593603956,156.17675854643258,156.00847824095732,156.04040049744376,156.03030423680303,277392.8733393058
2022-12-26,147.40437599698194,148.64492673677782,146.20073590585386,147.29321648497304,147.34329413849062,1032720.0433364272
2022-12-27,147.4744750713085,147.97342135681222,146.912287827469,147.4148888841532,147.38070268104255,151178.0908424673
2022-12-28,152.36241264188243,153.4726977165143,152.37088079449,152.50800140459037,152.45183399214403,181353.5938319073
2022-12-29,156.55160609826837,156.35936544160288,154.4822006554923,156.35009930007448,156.34132415173713,403065.0831640205
2022-12-30,151.2545925968622,152.0112509991638,151.11626460413473,151.18831902353625,151.2174393261616,485447.2523031848
2023-01-02,150.96452647203233,151.12597227691688,150.46709859150036,150.76627506316885,150.7947697248568,344166.39444415044
2023-01-03,146.0945218799226,146.62379479660385,145.04367399814407,146.24976251479188,146.2923735251063,794430.3065775093
2023-01-04,158.85181603152787,159.34949195974278,158.00974546367453,158.7884947137748,158.79010714394892,324640.45639986417
2023-01-05,165.82305387004024,166.59721630578952,164.87477451305702,165.97161419084,165.93564220141766,81988.78838564864
2023-01-06,161.77061128142196,163.34755190882848,161.00314084864198,161.73055596329718,161.76104486576853,284417.1883918552
2023-01-09,152.88615151572057,152.71258950481288,151.7231676119443,152.66063733699423,152.57515906818244,190500.44805511748
2023-01-10,154.55380951074244,154.9291645620953,154.6433399943742,154.7745827199397,154.70143859622223,615559.5984922433
2023-01-11,150.84791725273493,152.64919170911307,150.49144423484623,151.05471132802515,151.04974071737493,478673.7024515058
2023-01-12,148.10942096499474,148.84174709448317,147.8038379738039,147.96804124864477,148.03068288014404,103381.93688106716
2023-01-13,139.89766107855448,139.9305384982923,139.7665599165127,139.8996368496384,139.9064527648803,603312.6535801875
2023-01-16,133.23873952143182,133.41434863217094,131.83981161139516,133.08286445626317,133.04797280156413,471474.6718057456
2023-01-17,134.05188798722892,134.2494489577467,133.9044199406428,134.16019346882237,134.16436089257925,220868.4871366774
2023-01-18,132.41257718272004,132.48516254001913,131.88888383706987,132.4057992513685,132.44541587620387,256000.54781981552
2023-01-19,149.89670479999364,150.24334708895177,149.03610043326466,149.7936274878796,149.85658810038268,618656.9666814929
2023-01-20,154.29363913367715,155.70290911155166,154.2246554559502,154.2612133973052,154.1972160974684,82214.98391765423
2023-01-23,145.47024825271873,146.53625396745142,144.7498884435335,145.7309240538235,145.72524096927398,350543.0502008522
2023-01-24,135.466325020483,135.15231491205526,134.6018648426678,135.08503423840045,135.07060923983616,517128.0393135416
2023-01-25,137.80179712228332,138.218516575206,137.6043303188651,137.77254463812264,137.7831690549252,254427.7492074085
2023-01-26,134.91924456635644,135.30992839363518,134.815351100145,135.10033536414025,135.11980724525648,395832.2889926851
2023-01-27,144.33684134555634,144.3701636237435,143.76707201059904,144.29150497020024,144.28492700851808,285470.1422174108
2023-01-30,146.38162240744066,146.86381906024604,145.77904003650744,146.3188304066098,146.30324554901307,167640.3916299347
2023-01-31,132.7996569798199,132.79533559681502,131.0293604992854,132.66779533045317,132.6634295931554,165145.46813685482
2023-02-01,126.27038841501268,126.49655347078404,125.09009577034224,126.15342590942964,126.11635131682226,411332.6610704706
2023-02-02,121.9902356925848,122.05603176348978,122.0054577014759,122.0163282188237,121.9977694596888,183244.382544197
2023-02-03,124.4991034878686,125.16329446695129,124.34795817576853,124.71387071151209,124.68955688498914,107500.57087087988
2023-02-06,118.44954255193524,119.68124561405344,117.66284126207316,118.39491951291856,118.38826804931824,288785.4243522948
2023-02-07,119.09932109577304,119.64480947670565,118.12708379618276,119.29525353538487,119.24947474663207,197234.9915642125
2023-02-08,111.8116760976485,112.17422205247392,111.21320514959578,111.67596248693069,111.6918001021548,0.0
2023-02-09,111.63096907871665,112.1956241718338,111.68019222662438,111.71282754294892,111.69463120522326,280141.03726164525
2023-02-10,113.84924445397216,114.3459191726174,113.64428126914714,113.77700057161309,113.78739998255352,425221.73618524097
2023-02-13,122.22057971422184,122.37804322628988,122.13869487616245,122.30082970433644,122.25562540016983,271601.1852237497
2023-02-14,123.73608278479,123.8077155412119,123.02090252144492,123.79699532135182,123.7536596870866,141528.37222084205
2023-02-15,118.80792255532798,119.22104617181046,118.29038090021383,118.90316039790436,118.9117276709928,358284.3190387653
2023-02-16,128.1017563951051,129.1900710030034,127.46519652922989,128.010090733866,128.07086138583384,499365.62868844095
2023-02-17,126.78090103511428,127.04144563331158,125.605504842985,126.859724942182,126.84513771980248,1012386.019181612
2023-02-20,131.90732524482078,132.40105511474087,131.65680223915845,131.8060280828221,131.8604696524933,637370.5127695655
2023-02-21,127.80105351519148,128.79756541991088,127.66179902071308,127.87716477076452,127.87523930288974,146793.91830741757
2023-02-22,128.42548188729725,128.7157008641055,128.24856850638722,128.45520876723538,128.45221711744307,449032.0939303939
2023-02-23,123.47595211695582,124.04359147626516,122.17679773383298,123.47156085830724,123.48257552375551,312986.1916436147
2023-02-24,125.47583779322116,126.80684071344204,124.20903474424914,125.45653986678631,125.39531421486946,134422.15046224208
2023-02-27,130.42254333297808,130.8225170149095,130.29678644300682,130.54319191679397,130.56818452206403,318149.64317341865
2023-02-28,127.4828844916213,127.74990734036272,127.2512958778293,127.39322416598412,127.37706064662224,848483.5860007933
2023-03-01,123.94080836949534,124.12860176923328,123.76352330396786,123.97444749763652,123.96544729046762,549914.7396817246
2023-03-02,126.25143559898086,126.89041856380284,125.79710651137164,126.18280467848096,126.17344420105684,146082.9830467581
2023-03-03,121.14310741826954,122.59599686014607,120.58734539383649,121.14507339319492,121.12981619766724,270554.9043205556
2023-03-06,112.45935308666608,113.06963780460674,112.10860244504973,112.39343951567992,112.39940809840915,360412.5614086941
2023-03-07,114.32798569636898,114.96643076532972,113.25333327783294,114.37503292233654,114.3717344465644,95040.4471091324
2023-03-08,113.68091850521228,114.62436219599635,112.88898176457349,113.77075167341718,113.78124521299144,97026.29874159752
2023-03-09,113.09963927700176,113.74963406686643,112.60529461250655,113.0513823635252,113.05601008979951,294424.1537517637
2023-03-10,115.9456021215509,117.0577089010954,114.6067171320947,116.00287666681136,116.00225583001712,296738.0464054733
2023-03-13,120.030684716335,119.95623296312851,118.73845491135118,119.8558406400863,119.85437466575635,89028.21668950333
2023-03-14,118.91702864338204,119.19758314051846,118.27629076760024,118.9089836536847,118.8861880765127,338670.8990010039
2023-03-15,112.3402979576024,112.57772314012,111.58396870889663,112.49482436694286,112.48348101748056,515131.5696669097
2023-03-16,108.93930334243908,109.03561973546572,108.70132694757004,109.00312095857656,108.96990623431168,235394.70941596536
2023-03-17,112.090491566621,113.24153105626284,112.03118159637464,112.20261615033807,112.19503896872769,278142.0050300677
2023-03-20,113.0853967545459,113.1760089408911,112.200387370874,112.96419534784648,112.9983283691028,378074.68332133925
2023-03-21,110.02446721830144,110.06360175743906,109.52517628225708,109.9394246106096,109.95719361545063,349206.09807307844
2023-03-22,105.75586129823031,106.052233149637,105.16082313476706,105.76231737867606,105.76821104534623,98599.99586966024
2023-03-23,109.07522720027862,110.0897272146558,108.03136165718148,109.04359652040384,109.02954835165538,155893.3322506333
2023-03-24,107.8489642491546,108.17376501199458,107.67326071117763,107.85842121543756,107.8842170583547,211607.39752153456
2023-03-27,112.04478007583911,112.43306327187244,110.95515686179375,111.9484593918074,111.93324690869764,160091.9744751709
2023-03-28,116.98364689484588,117.38742728914728,116.61451277636768,116.92286668897133,116.93751721461445,0.0
2023-03-29,115.21269511232096,115.23916194971652,114.58623837363966,115.13210543573996,115.0969405338181,392654.5760315716
2023-03-30,120.64334173704486,120.96629397885688,120.64454616089608,120.66649111830829,120.64109876833548,137883.54851034592
2023-03-31,121.42083551212272,121.79353187155664,121.43312914557087,121.49756849275182,121.48468550710574,235955.50906473276
2023-04-03,123.20067078048172,123.42237895193892,122.25540155591928,123.1187890188324,123.06371364951778,528731.1096267552
2023-04-04,110.67183965085049,110.7862356938332,110.13035644175427,110.50041589711958,110.5369399515876,182090.00288450616
2023-04-05,105.44315765171572,105.8926756124886,104.92240091819076,105.3266652604396,105.26304178739504,447284.5787867645
2023-04-06,100.82374862023826,101.19499804368506,100.42383573327258,100.66453168752268,100.65268354343954,615326.2010211229
2023-04-07,99.11035751058296,99.17942610140992,99.08268405343892,99.09430107776647,99.07988060117148,556645.8939593878
2023-04-10,99.56158672798192,101.07445018085102,98.8559610957418,99.65825434697702,99.71319760469618,299013.04696351074
2023-04-11,100.33968123689186,101.20647150695784,100.06108267792536,100.42817725715337,100.40399303123364,568419.5096326513
2023-04-12,101.99927791355913,102.193943222545,101.77510672640088,101.858756644391,101.83638901666735,196154.3621128434
2023-04-13,98.28800674691075,98.5336866183494,98.05103515784783,98.47135484816008,98.48198417466972,1192459.814647063
2023-04-14,102.04936954990252,102.9077733793114,100.81641662077917,101.89604079922836,101.9143508766743,310056.4711467207
2023-04-17,111.34056608923632,111.44351726847852,110.95056910805413,111.42833090582675,111.43172276299155,533960.1540454898
2023-04-18,109.71305615788737,110.41880856655538,108.77047396908628,109.50244026277544,109.49769534895049,215948.38172040385
2023-04-19,105.96471486125937,107.4459014101323,105.73982730160382,105.97219668821393,105.9916448823735,362090.23219354026
2023-04-20,102.52006308070256,102.5081610883987,102.43066193028436,102.44603856238164,102.38452118820553,371787.6319542646
2023-04-21,103.12750391492628,103.05439233004164,102.43705550145567,102.88212527259888,102.92817423732222,153691.06505074323
2023-04-24,100.21301611229649,100.549513033447,99.60883344673049,100.2461121457858,100.27159670290808,150984.72897289
2023-04-25,92.00135508709572,92.94427758255227,91.79265122482074,92.03328447270408,92.054815387709,237351.7426697373
2023-04-26,85.58377633184138,86.06421039827909,85.38736487426351,85.6432846431489,85.62550034354719,520840.70545999135
2023-04-27,89.98334345155656,91.26953545868166,89.32734424178811,90.07357765464788,90.05654548089979,89423.91345402
2023-04-28,95.93394890379548,96.11774066328844,95.60037625615996,95.96560069290594,95.9833700141866,215839.5244494896
2023-05-01,103.80520401924068,104.47050886829004,103.4472454654218,103.86283136216068,103.90645791152352,588848.1230141832
2023-05-02,104.90205098988922,105.19893442471806,104.3681713560617,105.0333696918127,105.01136356701284,128119.969278659
2023-05-03,99.99572525424176,100.4216473124235,99.9549058730633,100.01677689627928,99.96860541815832,569401.1069872038
2023-05-04,97.9216743255078,98.08282908276664,97.8613619595872,97.87765027296749,97.90231067955924,136396.88870618632
2023-05-05,90.84465432023654,91.67734441941538,90.87752440776198,90.92611551821476,90.90537166158931,154828.76318240855
2023-05-08,84.29404068111923,84.36744321144612,83.89932117220629,84.30773645644352,84.30462286359138,245650.9569750701
2023-05-09,85.50006190254602,85.66342284209233,84.63338950219828,85.37997458625219,85.38347611736609,825773.2020641026
2023-05-10,87.56226583195388,88.33686428290176,87.67603270668499,87.68673988989634,87.70605074384375,182772.16974941036
2023-05-11,96.78537582092105,96.92750770815684,95.76259009163007,96.5987791225198,96.59483562535618,94866.15922744604
2023-05-12,96.14046271406018,96.88897809953326,96.12613601297608,96.2053073590651,96.18696154322896,115709.54082222332
2023-05-15,89.98237449896405,90.23674264402636,89.33357501225728,89.96430030207244,89.97100440016061,469380.4507253307
2023-05-16,89.54050663706198,89.60237056135827,89.33739054895874,89.426116043368,89.39332284436256,119032.97433293628
2023-05-17,88.32850089488852,89.1717439079038,87.97164865729432,88.18877986449125,88.20445934662548,547314.4314824218
2023-05-18,86.11642447943969,86.12504232870454,85.2487513550392,86.07598419997862,86.05421145446964,279812.3538475457
2023-05-19,87.49189260932526,87.7220040334923,87.29534393895918,87.55269844148896,87.58215860501781,263191.5213058924
2023-05-22,82.39051024408606,82.65180817469,82.18509539289938,82.45505699219648,82.449759146356,320738.85897360905
2023-05-23,82.94371081761061,83.64459647053398,82.47021910608674,82.99142195689868,83.00586266847692,165950.9926019965
2023-05-24,85.8709389554556,85.87621631743717,85.16593140336326,85.7090126424869,85.68528316244438,291478.97431659175
2023-05-25,91.9048725806179,92.055373742776,91.24896354850576,91.94009901638483,91.92012795857065,131157.76649527004
2023-05-26,93.3935374987952,93.56362195139616,93.1891393595848,93.36332256827546,93.334725846932,602796.2699200803
2023-05-29,98.20168756627533,98.6606493202336,97.82069861588796,98.30429338297148,98.30203966669424,144874.46127049942
2023-05-30,96.06263551613333,96.27811119651996,96.17058584602208,96.1738455554837,96.19027373107446,349174.9555780449
2023-05-31,94.7433876370924,94.78793883622734,94.59753508535654,94.74088721437026,94.72134877398835,144227.87869029035
2023-06-01,101.23532338177802,101.5161241611574,100.74644111030769,101.2682096599954,101.31341383961282,194867.9148138752
2023-06-02,94.610624560129,95.13828993347856,94.40311467758382,94.6344445853066,94.61346408819732,214421.8852090577
2023-06-05,92.63295815139466,93.29860646780534,92.53558579632067,92.77017171238016,92.77985874919568,1605280.0552109906
2023-06-06,98.08525878888511,98.24369734928364,97.79565481974012,98.09246733680888,98.07313663817504,266021.4830793563
2023-06-07,97.22726622158088,98.46049929875012,96.93526486801122,97.07686792623254,97.06498445999802,163911.5319251757
2023-06-08,95.637154778521,96.08563825806232,94.86866935269518,95.71880655780204,95.74121333418682,205513.42370195783
2023-06-09,94.5591081438748,94.95009479533483,93.6811260868357,94.47432355968364,94.48834309063662,108792.3685486125
2023-06-12,94.6959328709219,95.47697930257432,94.83916477825808,95.0251344676668,95.0026185262527,243367.6269328047
2023-06-13,100.18624268958656,100.65423410542677,99.830406306993,100.26669118752152,100.29201855147215,814762.5488317439
2023-06-14,104.75409831959816,105.31932195132076,104.85558580436388,104.95460261158208,104.96682444413707,328280.5045156566
2023-06-15,105.14642424876214,105.54784883173669,104.80525741029936,105.01660233405596,104.95572537607264,461409.2027675231
2023-06-16,110.94121944133111,110.916195020534,110.21644503950152,110.84381236807214,110.83000342614574,155442.91173955053
2023-06-19,112.61793673958375,113.78733558057785,112.30583548381522,112.73454182688828,112.79264436067668,237517.05216169028
2023-06-20,117.66034545516328,118.10523532944542,117.19236394402168,117.62631884874024,117.62332676364828,303258.7198812172
2023-06-21,111.93545265113666,112.02574551229692,111.78693086420856,111.8011002148034,111.80810936226962,173653.27221711277
2023-06-22,121.9987583811485,122.03777281798506,121.02555682998496,121.83340709352969,121.84913432811402,341124.92632656323
2023-06-23,123.11941404762152,123.19543486751868,122.90257635522472,123.1693950378456,123.11294816231118,388192.6628549485
2023-06-26,107.29358295805858,108.4618555070876,107.04703073137404,107.53110370097478,107.56116742144306,371650.3717797001
2023-06-27,116.6186752871582,117.2071563705696,116.67258640652236,116.72355606731236,116.69236595414874,245082.467173322
2023-06-28,116.84501664796356,116.76234633067313,116.708492758172,116.75556500290924,116.7773895857232,516353.4447331074
2023-06-29,114.7390864430727,115.13071048590189,114.29789754611949,114.49876565093396,114.52825053979674,229906.85713130384
2023-06-30,111.11935788442588,111.25416582633244,111.11682893408285,111.12539477167148,111.15669053750602,217663.92576935457
2023-07-03,113.49901721762204,113.60454090013124,113.13426679287544,113.56793271335084,113.5851130411646,637253.8757802511
2023-07-04,108.95372573853253,108.89539498910038,108.3016775366524,108.69293210326973,108.65081412908874,138111.99875725474
2023-07-05,105.6835857770019,106.16234123614446,105.45802300559436,105.64072388565845,105.6282462410196,96588.85564278415
2023-07-06,102.66999615027126,103.59704308705584,102.2914145811112,102.7962060431785,102.82178125178882,159422.0250095781
2023-07-07,101.31280930194252,101.51505162373236,101.0872696684658,101.32485759961487,101.33549327566244,338522.2688440592
2023-07-10,98.87902354119298,98.9593200336068,98.14849551139928,98.78025043783394,98.75451553985624,579635.4258001477
2023-07-11,103.02716074110933,103.70016665776537,102.2947020490521,103.03441170379024,102.99593788127386,180536.61603308248
2023-07-12,104.5092665390997,104.55545956019115,103.71593291704816,104.42631439084064,104.4403389274824,797233.1999684899
2023-07-13,106.30595576926676,106.60273417607004,106.32336669680852,106.4768519009824,106.50771188555858,272752.0480521101
2023-07-14,109.58374915652256,109.96820249568096,109.46241836824416,109.74113705766172,109.70980078074427,250366.78751244972
2023-07-17,109.1598603316239,109.58204903565093,108.5853949351889,109.2401361059044,109.19337061596832,161141.33491782373
2023-07-18,103.84227739624666,103.9330498975779,103.46171541681254,103.87158927205924,103.90116436916492,865284.039330943
2023-07-19,113.60351538117428,114.08931508892373,113.39480561061212,113.5655902862066,113.5524814725802,245199.3110243784
2023-07-20,118.97039602711716,119.64999944683817,118.7196038903135,118.89468861608503,118.86310566384948,120669.07786960808
2023-07-21,129.07863566057833,128.9296507199594,128.37037787919454,128.7610961428612,128.75674895083267,1172444.2161170165
2023-07-24,135.41781759210014,136.06015961782848,135.50866199516574,135.51790526162225,135.44057735659507,339830.4366005247
2023-07-25,132.43147804409296,132.88492867378957,130.8524994282317,132.47307313173405,132.42222321987302,433348.81946957135
2023-07-26,117.88033473047322,119.28598424168251,116.94659671526357,117.96416658394286,117.89780458900228,735963.7417011015
2023-07-27,111.13543448052418,111.085874275944,110.3843836095462,111.01560552990132,111.01261960747624,387967.7705151508
2023-07-28,114.6955900841232,115.2611130999715,114.55515295986244,114.56567828821946,114.56747125534024,481631.0359059491
2023-07-31,113.942866390085,114.7267470191647,113.74431880729291,113.99389638695736,113.99022205845672,277227.85919568915
2023-08-01,111.88666969550104,111.87412220298556,110.52929025402456,111.65601674427111,111.6859410157638,416748.9880689216
2023-08-02,98.6346800051882,99.28439530637756,98.3282101984561,98.70465163368908,98.7086450213712,262893.7694879129
2023-08-03,98.7446474040392,99.24331776133369,97.93234599223813,98.64305315943685,98.67150026745864,265103.0635711581
2023-08-04,93.64684263454498,93.69347567698264,93.1237437972998,93.51082902403166,93.49669761575872,288321.0957675061
2023-08-07,90.1021953676496,90.22862617024556,89.43948569334049,90.22504396439813,90.20276015277956,211485.3297909641
2023-08-08,94.15251109721608,95.39862607866117,93.49460961371368,94.09815696321164,94.12191542621198,363170.1372865352
2023-08-09,89.19099796826326,89.96144979085143,88.9122517150227,89.43471167526475,89.45389847454835,362618.6844711527
2023-08-10,85.47465229878964,85.87991336647649,85.3933979008679,85.40426105160715,85.40426105160715,438603.0022144805
2023-08-11,86.09819512856785,87.0670616437241,85.29061557197636,86.19314599990624,86.18844413443058,393865.1650489576
2023-08-14,90.0431724214864,90.11978885043388,89.4499846142136,89.99210463660553,89.97530806609358,890934.1793756469
2023-08-15,88.28778430533899,88.26507111343307,88.14256149333193,88.22117831543581,88.27406554247177,504628.5251341853
2023-08-16,94.96343314772956,94.9584513358229,94.66690441372202,94.85717997038256,94.88831334507933,236960.52990230185
2023-08-17,89.13058139508183,89.19726906342356,88.34749344718684,89.05130655504296,89.05614175144486,352160.70627000515
2023-08-18,82.88402374620206,84.02732158402648,82.86625270895608,82.87939120325636,82.9261188370224,626321.3571831811
2023-08-21,76.78183303678678,76.8119512324662,76.49476681756775,76.81105784009202,76.82115229832205,151754.00286405403
2023-08-22,70.78574740553213,70.87128751543356,70.43756263620884,70.79101350159672,70.80362653571831,898556.6887498072
2023-08-23,71.89955433222937,72.03597448819838,71.83130456662903,71.97988399178617,71.9798229594499,168588.5381523764
2023-08-24,68.57190742826846,69.11142372914048,68.4360613152919,68.58642634822422,68.58040860568099,460544.7173036272
2023-08-25,63.95278766037138,64.01931013205733,63.62835798439517,63.97138386327551,64.00863585507885,269402.0800929238
2023-08-28,65.13349904399908,65.68474895779165,64.90704277195469,65.18487897112259,65.18306423595025,260261.0800085209
2023-08-29,67.77706214998061,68.49742985304185,67.59265905178354,67.89528095271592,67.907863812903,122792.62990223488
2023-08-30,71.4244515302403,71.60779559497858,71.47518503669262,71.51577260325577,71.52512432118971,462545.4294517473
2023-08-31,74.44336404742349,75.44880935701761,74.64331773324453,74.67860999935766,74.63407281472186,123869.650859067
2023-09-01,71.3461263389175,71.44179056186849,71.27099794911321,71.36809909159275,71.33928301596399,112909.04479768
2023-09-04,72.37627616200997,72.67410524977814,72.07389993985205,72.35019401486339,72.35154320858386,538111.9005178912
2023-09-05,73.95144775756253,74.21564227632152,73.73804978646426,74.15036101254856,74.1597739792434,785254.6644577117
2023-09-06,72.44952885858385,72.76334690927163,71.87812879764597,72.4323830429787,72.42242637651758,179809.37488006364
2023-09-07,73.01730436527488,73.27389779517748,72.84210874373693,73.0262481937613,73.05444329676567,489855.4047507763
2023-09-08,68.56748733928937,68.74672742099148,68.63582955280243,68.6482695860567,68.64607930093452,432750.1467023401
2023-09-11,66.52493366427959,66.69993792677133,66.39733755445147,66.55363193695425,66.55960937787955,253999.80618091332
2023-09-12,67.86050918831114,68.2162013184072,67.56640902510937,67.7892759348018,67.80460940872698,598086.175634434
2023-09-13,72.9626317604278,73.0584650657368,72.4900490297486,73.03378047042585,73.03775130226019,243245.54656766567
2023-09-14,77.31767114600817,77.82714051696456,77.28151935324108,77.3115750451478,77.33679476779336,366048.26936238207
2023-09-15,79.90754412875368,80.2589059351265,79.59309505804208,79.87985809704246,79.90062350518534,126467.17533931918
2023-09-18,80.13108758624064,80.6265236860685,80.13886859434594,80.19702616710877,80.2049338339915,129752.26037902731
2023-09-19,79.98196451619026,80.30218266356438,79.7738006859161,79.90140224899652,79.91170052945232,541136.5770218876
2023-09-20,74.4174094455977,74.65391505554472,74.19398636890492,74.38736878030934,74.40972316065404,373518.6169697683
2023-09-21,71.36252878889893,71.53148014779086,70.99969565543192,71.38051032023398,71.41502193427613,246354.26348458003
2023-09-22,68.7679286705744,68.61660819220509,68.54561919637202,68.60579667526328,68.58405989460962,842987.2569666406
2023-09-25,70.65540722719786,70.67458207886565,70.01126610022979,70.58393545614331,70.53974673037675,837678.2895747017
2023-09-26,73.83501051300996,74.13095474002242,73.89320943258139,73.95971849745686,73.92481247351122,349235.1651309272
2023-09-27,76.6732425311004,76.87173223954822,76.29927610126033,76.70309210733943,76.728747336818,112039.51819385849
2023-09-28,81.5217841362684,81.95300482361104,81.18303536120087,81.32119381468976,81.33130697613072,250957.93318608223
2023-09-29,81.53390483923158,81.6386974455379,80.70285045374418,81.61406466175124,81.62295839536455,162828.1944279158
2023-10-02,77.75181282378465,78.25297350182385,77.72377472010389,77.74665559323918,77.75544912230708,283143.2279670941
2023-10-03,77.65242631127158,78.18097026864446,76.91800847497126,77.55695421432245,77.54645811320867,153004.36051300896
2023-10-04,74.87888930914349,75.44210631629707,74.38610808377018,74.83007603513614,74.85231537196553,130909.88246511332
2023-10-05,77.36603974302102,77.5014624847722,76.74167445128973,77.30446910309318,77.27799766712397,69039.35986459574
2023-10-06,76.00275290892692,76.02513215533756,75.69867042482153,75.94673525253762,75.95028901623218,296663.6807496028
2023-10-09,75.58162542676284,75.74938701797001,75.23154216010515,75.57970625194123,75.57700012967368,67558.02450765303
2023-10-10,78.1550141743169,78.27966538033567,77.55032854300812,78.21698661857131,78.24900463551248,221428.63008704912
2023-10-11,75.43908518089626,75.56962708580811,75.23731111903652,75.40630122123719,75.4267915406652,407028.37683947344
2023-10-12,79.05519650315955,79.23438551492616,78.57855688082317,79.08705091877529,79.07150381425517,173988.1700518431
2023-10-13,73.95834387378808,74.38435183202188,73.98573842396357,73.99396095575051,74.02114923638955,139958.73276852522
2023-10-16,75.23655085735453,75.32233286974062,74.45302533394099,75.1251798901513,75.11168317409862,257633.1171888281
2023-10-17,74.76182887210207,75.12810936543777,74.67406186499463,74.79032368563503,74.7973946109598,163217.1305999023
2023-10-18,78.04611249387371,78.57187787911607,77.8584591449359,77.9131824445568,77.91586934618228,299957.1031143226
2023-10-19,72.8179893879176,72.88582793723755,72.71173412853102,72.79929697879416,72.82503976227603,144394.1627843843
2023-10-20,67.48660154129091,67.9251088698474,66.97563537391098,67.49734359040384,67.52037910743164,252030.05979744715
2023-10-23,69.92030565147179,70.20780297564274,69.69810255906079,70.04762152721051,70.03737077669051,217977.59622849795
2023-10-24,68.85482642015639,69.18276730782368,68.41586656820118,68.70917288645113,68.66444373099024,266488.6761505716
2023-10-25,68.40283398298496,68.50065814386622,67.72141918537515,68.40324231991957,68.40300119115058,715753.3879748198
2023-10-26,66.06046423263818,66.42635305732725,65.77029677542755,66.21081441218303,66.18397920574157,302515.1158480769
2023-10-27,69.33577704911404,69.80358177316384,68.93151706444262,69.26735990226781,69.28335907637333,363184.5816323535
2023-10-30,70.29730566593479,70.6785597888387,70.03778631079514,70.30083419219062,70.27023773949705,184448.23789595865
2023-10-31,71.07733286867933,71.59567080103832,70.87640665698572,71.14359070545709,71.13659711794044,306800.7678786451
2023-11-01,67.21253807542102,67.20839426590271,67.01525545080237,67.1500091006402,67.107452006934,227548.33034217515
2023-11-02,68.66110338962552,69.09650069851693,68.77398551584157,68.83654933301068,68.81944796672445,273154.7120423469
2023-11-03,65.49774562914054,65.92487443606484,65.52122607494266,65.54455067779382,65.54591818423566,396078.3572552781
2023-11-06,63.428501847611145,63.46524269821183,63.29016886904528,63.44749818037522,63.48280108668135,198761.262156956
2023-11-07,59.36006838217332,59.55217050430743,59.22876548176168,59.30952551937684,59.3040635097841,211329.27442901625
2023-11-08,58.98580036991799,58.877996695715005,58.84836986210524,58.85395271144262,58.84359935137108,200416.14291784924
2023-11-09,62.01885501636049,62.19413374887095,61.93258841390017,62.03403901446076,62.04034888811129,198108.11855577576
2023-11-10,62.7632301434182,63.42641018533892,62.6663177922637,62.73437583144002,62.72058053370488,297729.6498184157
2023-11-13,61.54979104283973,61.58543432502232,61.31674402991419,61.38109196815284,61.38478090212708,215692.88469833272
2023-11-14,61.71483474499559,61.88481430683981,61.58147493656736,61.7145424150639,61.72356305048372,659194.4367510519
2023-11-15,62.06188748085597,62.449065822714765,61.449597684293785,62.03284376196417,62.041035872892046,1339085.701478337
2023-11-16,62.16020399275364,62.63632876236321,62.09944970791014,62.23721330183324,62.23713315391144,190848.39127759216
2023-11-17,62.909523574461815,62.96973629044545,62.357370043666485,62.78651429745628,62.80169947492264,320104.1577946549
2023-11-20,59.60033764838933,59.7006316199089,59.43854628349294,59.64286159784989,59.62588071784837,500220.6327789146
2023-11-21,59.9752450729878,60.07880197466871,59.71625492562166,59.95914176862512,59.95324737823133,228787.8794803934
2023-11-22,54.99235569955335,55.30251220002831,54.48880020442206,54.97914774072068,55.01038178002856,147763.0588917202
2023-11-23,56.57162694908435,56.69133032686332,56.47134132423114,56.56679963332187,56.51903095448361,761392.2824493644
2023-11-24,53.54492497385344,53.72836266329461,53.38943542137536,53.568190371632376,53.54107170066019,405021.07277695567
2023-11-27,56.79287700597655,57.01566881092272,56.657318182854695,56.7791747009514,56.79947506433094,324881.0101911278
2023-11-28,50.40654378086277,50.91593415424591,50.31324464978752,50.31811736435518,50.33515472506362,640697.9705548584
2023-11-29,54.784533615113446,55.01588145848994,54.57189087927858,54.65985808768267,54.63332743559346,425976.6895099968
2023-11-30,50.39935796535028,50.4097363362813,50.39810567102889,50.40818660002071,50.42087637502527,260729.55945115568
2023-12-01,47.48599885324348,47.77020256894922,47.4075898929428,47.50735166377449,47.5138589621076,149346.06571037805
2023-12-04,48.176790524499744,48.36530105790085,47.744586879694864,48.21578573684416,48.239043478212736,199586.09045766783
2023-12-05,49.84741180552834,49.98889880643986,49.66405064735706,49.71387359952197,49.7017868129088,552878.7087158964
2023-12-06,49.030084361203656,49.162050912805405,48.87176985753623,49.02376838898913,49.01549163097678,404032.8206539336
2023-12-07,51.2928457772358,51.58730950127897,51.02295660242384,51.23571577306641,51.22115900934027,239905.4168941471
2023-12-08,49.29372454572003,49.447256450899616,49.05093282567298,49.25940745533316,49.26917573447335,774472.8758261573
2023-12-11,48.40389920395834,48.328680697734754,47.95614280958284,48.29723949820881,48.28109107611803,244181.536127212
2023-12-12,47.57104187293501,47.69378330997388,47.124162102957065,47.58282815270039,47.573801076165225,485294.2934128785
2023-12-13,46.2834475596326,46.50681046094311,46.254521159707295,46.33474328553088,46.324821647339135,306209.08391486894
2023-12-14,42.19065580453828,42.177230438912,42.05165460343503,42.11234992170871,42.10630389419255,855782.7468084286
2023-12-15,42.10007208257678,42.19645253414867,41.66201692598828,42.06207713722372,42.05840339003742,421606.3308047285
2023-12-18,41.84382269840852,42.038545676822096,41.628611823926136,41.82473877684564,41.81897095315515,275872.9434061084
2023-12-19,44.18227590544304,44.33018713030114,44.068548526728975,44.11455157115344,44.10223941196949,241040.2263211708
2023-12-20,41.42082137412169,41.4005282528685,41.155117291379874,41.39956971289948,41.37986268480322,265873.6564998378
2023-12-21,40.17592402539145,40.33053739482362,39.79503112261064,40.11295067642094,40.10273325192609,173643.84927700594
2023-12-22,42.58233456863571,42.77793830993821,42.557824626758375,42.57183669872887,42.58105877904421,118181.64892707267
2023-12-25,43.23331763415491,43.3425795409974,43.02660045222833,43.194358533242095,43.17578894828124,322946.2675608176
2023-12-26,44.407465027911,44.40876280707053,44.32940308864814,44.384101621829615,44.36724733966669,194831.2137053394
2023-12-27,45.37613735806266,45.551942216631815,45.187372288085,45.39090228029279,45.39922127158151,194520.8957462465
2023-12-28,46.42118574839488,46.68859505218964,46.28758021352788,46.43072217500688,46.41294371797317,254408.3311318257
2023-12-29,50.78383665506068,50.95791720894743,50.511868475354575,50.803795546725325,50.80708319058631,276878.50062386284
2024-01-01,51.04891613715445,51.08706505521052,50.48075575997885,51.03536690583622,51.050989065490775,269527.47358879633
2024-01-02,48.52663770467286,48.72156326529497,47.91422750616033,48.5487663492025,48.53658655677086,761448.0368361253
2024-01-03,50.12874087926874,50.23860641478135,49.923590448913096,50.10689930370366,50.11153111337521,399283.78383611445
2024-01-04,48.74435379211001,49.09361520252032,48.61274075369944,48.72477123021682,48.7077698357757,950448.5851268484
2024-01-05,48.47192032966115,48.8695015643345,48.44699470761275,48.46197815452162,48.451423238184624,206200.80985545024
2024-01-08,49.368795148952,49.36630232940934,48.969550093156144,49.35781211425919,49.372467086843685,429437.8839617502
2024-01-09,47.36898863922815,47.49202572976283,47.18414652739289,47.39582218314586,47.38377754880132,213192.85884664868
2024-01-10,46.20374188543246,46.36487365597655,45.88224279537013,46.21677392347686,46.23920013935359,191629.8422469001
2024-01-11,47.23847792200021,47.389732600122734,47.27732506876614,47.3175270002319,47.30885772628046,972208.5089750064
2024-01-12,46.04755110536095,46.31222949941283,46.00077221856573,46.0530714569317,46.05423775927925,169246.41999218086
2024-01-15,48.27584818793753,48.84343035072669,48.12833463012881,48.32348602313773,48.340637334515336,70330.4127514103
2024-01-16,46.03085767832538,46.337423638926055,45.721631230279165,46.02626184420038,46.04375899699593,175471.23661091705
2024-01-17,43.79963484864504,44.03942650014488,43.76984334903847,43.830951586778816,43.82385256175552,80419.00460763533
2024-01-18,48.062278340801065,48.41284693935601,47.84726887990077,48.161040877273074,48.15577108290548,151631.01252209346
2024-01-19,44.75531333675008,44.6990505012378,44.49800180085647,44.65473110117226,44.66673821456527,160299.70647371138
2024-01-22,44.58658559471883,44.82313427271833,44.237339350820506,44.5969066288731,44.60356144059254,274078.28573170665
2024-01-23,48.9414203131121,48.99923321270916,48.73071795988929,48.870701580184495,48.88038720118637,78451.982101207
2024-01-24,48.7771774638448,49.162169414821946,48.54223319279042,48.80289608734315,48.79796495530638,549943.7810154585
2024-01-25,52.251051848624485,52.37823563408907,52.09632221534385,52.16247389497089,52.16897980204234,87076.16217349088
2024-01-26,53.81093838191018,54.050420235566754,53.690065611301165,53.87298378222815,53.864463248539614,248537.6212468953
2024-01-29,53.864609834689205,53.93686465569902,53.80448213572077,53.85512963135229,53.84840462160679,220909.21702370825
2024-01-30,53.45143456945711,53.57090394581792,53.4694953557705,53.509882848338925,53.48851331078435,440299.3942343248
2024-01-31,48.31607185397403,48.45788092695946,47.80450092016564,48.19074011486536,48.21232968289971,331348.498134363
2024-02-01,47.42613414258771,47.83934784457984,47.415445836235016,47.43795859810646,47.4381405802485,546956.0619944938
2024-02-02,48.026362384825866,48.46431649201107,47.87374162763326,47.98660775712179,47.99180631050663,216020.3780009228
2024-02-05,48.56214087779331,48.575520642211615,48.2652964918718,48.540269727986455,48.526874892129634,203038.71663916792
2024-02-06,54.8301656968156,55.27203425957833,54.48238756963898,54.83156475855803,54.83176217878271,343751.6029337031
2024-02-07,55.62825594910669,55.79208077506983,55.48113363401182,55.599470998510455,55.59275379973255,497584.7275516229
2024-02-08,57.43732330599449,57.38870282757652,57.2652631229528,57.35936201336682,57.33615554970228,440225.0963301568
2024-02-09,60.80025085796425,60.97020619230854,60.440091771663496,60.75965089886213,60.7563938673738,325490.4914537936
2024-02-12,62.41596516311348,63.0448292986422,61.764873072491866,62.405827032391066,62.39910234152983,308537.13916705496
2024-02-13,62.17482792633918,62.172632577182426,62.06446383416262,62.14255587165043,62.1341640743288,262557.7995977816
2024-02-14,62.01379492178341,62.11862749412858,61.85286537772166,61.89526309849855,61.90845854178565,343162.062055411
2024-02-15,60.80815645378048,61.03156814489747,60.83179319322303,60.83351249281832,60.81403018787462,909782.3432910526
2024-02-16,62.0698186004058,62.51729163700208,62.04346427284453,62.18510274805463,62.1550137465433,231991.4904929063
2024-02-19,61.59782411564806,62.36273140890484,61.555722908353566,61.66544033082608,61.67522582309382,215627.1209805126
2024-02-20,63.53595692823388,63.76430149486559,63.48950770322756,63.60096496964635,63.57431134454228,205945.4239579673
2024-02-21,60.45554938914886,60.56841367970299,60.23333897271691,60.50887462817853,60.5033887161703,338955.345966418
2024-02-22,60.89941374901625,61.14093368641141,60.92416316115417,60.95103360490686,60.94608375681381,75128.3180969362
2024-02-23,65.80958026776673,66.4105123390057,65.36384393008066,65.81113338255464,65.80777914514697,247449.79158269372
2024-02-26,65.10239124197642,65.2480135190046,65.04844748400986,65.08628772746751,65.07707581923191,455152.6384287008
2024-02-27,71.31059866855428,71.9293164261156,71.16289108192062,71.29372545953537,71.26564196163471,195685.00414198797
2024-02-28,71.82192842037283,71.98946347151534,71.41518411664794,71.87441671945055,71.85450069316364,300145.5425679752
2024-02-29,71.7469900467877,71.69826695085607,71.66802844324106,71.67575151250018,71.65111038400283,951315.7239672344
2024-03-01,72.13027069529113,72.25989464356164,72.04616651260757,72.09174084469453,72.08876245718062,327407.1966807827
2024-03-04,71.10483198235167,71.5124167786644,70.9806580353647,70.99257081692356,70.9923678902734,70014.94702932221
2024-03-05,64.429970944362,64.45420254092977,63.903379124967856,64.37546031260845,64.38146256212966,115159.0367297258
2024-03-06,67.2152566238839,67.659617964254,67.13585727169571,67.23875870545955,67.21602088822063,230821.05812103263
2024-03-07,75.03311485766598,75.90150898189749,74.46713550499064,74.93528771602337,74.93241312985462,165661.93507256694
2024-03-08,76.75839658377886,77.26498093263393,76.64737996252305,76.73740229821028,76.72252543679379,285509.3118491771
2024-03-11,78.88255627602426,78.85803725552121,78.39032764553964,78.81965987269841,78.85983727364291,224864.7493917886
2024-03-12,78.16987981095775,78.44238238378679,78.02077235115158,78.11360444762929,78.13416724154476,540172.0180180093
2024-03-13,82.70460353879938,83.00505090895687,82.34987591055774,82.71488663971618,82.7393514028548,139413.71127561154
2024-03-14,82.56506910885469,82.99402398041829,82.15752860294413,82.55654346320419,82.54452597377315,236925.34504727853
2024-03-15,83.64493390122975,83.88179188381082,83.26206390790647,83.6559241674864,83.65322217270062,305698.6501804074
2024-03-18,77.36541045240905,77.81243095882533,77.40359641390145,77.4314553248215,77.404540214996,329285.5762306023
2024-03-19,75.27240684459956,76.15156411014378,75.07316289645219,75.4341901583114,75.4388353326168,293045.4968062347
2024-03-20,76.76458180971872,77.30214129867909,76.38904829307232,76.81787848036018,76.84116984803995,63147.96775244072
2024-03-21,80.35785837350014,80.77907664416209,79.83834076711726,80.34185703480208,80.32379343737065,282088.2507274229
2024-03-22,84.2340494993771,84.3568735603497,84.09864508001382,84.1427054506429,84.1337208195234,245130.83717626505
2024-03-25,77.89024482629088,77.8773924485144,77.22893487609917,77.82829428322343,77.86451001138727,450658.8273119202
2024-03-26,72.32912172719011,72.44942488401163,72.11160920755705,72.34935155329832,72.35492942728854,414066.63134778
2024-03-27,74.41927795839904,74.9999377901129,73.91335537242176,74.4699306651597,74.44640178948013,310055.53531562025
2024-03-28,71.76071489339488,72.40013161149905,71.67399941505121,71.7736251161688,71.80467819861217,323805.5554252545
2024-03-29,74.94626309352618,75.29221170879737,74.57085060255325,75.01940750073322,75.03064021464303,604060.6341462482
2024-04-01,69.06863119895849,69.47327127686225,68.83913030793151,69.21503967012852,69.22494077813353,535083.2730129799
2024-04-02,68.77452613813584,69.1653485774549,68.37473104466356,68.88095717888392,68.91116254746574,316538.19777496136
2024-04-03,68.86073856396277,68.97717764979106,68.17463847082318,68.76620282090116,68.78910122465052,972135.9817482644
2024-04-04,70.55087921844772,70.6689782782447,70.16096273987236,70.42008905001549,70.40642432716568,184071.9891151669
2024-04-05,66.97389628937692,67.44158979266514,66.43904652623696,66.92343996587022,66.93177359115985,131759.57445443238
2024-04-08,60.72344800561246,61.24090379570919,60.56027467229354,60.72697943889034,60.73216813512284,266598.002944278
2024-04-09,61.15929128108659,61.27922625645956,61.14413614797202,61.24460381212761,61.22778146523307,214424.7377296068
2024-04-10,62.85006784182755,63.31138513124898,62.61799686589157,62.86019663263586,62.87688305253861,61132.27354622494
2024-04-11,66.11076314075146,66.24750118118881,65.74040910280681,66.07033871441888,66.0681958899113,181420.26302948012
2024-04-12,64.96550241457145,65.08336188591898,64.8446800884047,64.91163346559135,64.88863064002811,329770.1225206132
2024-04-15,67.49606821824513,67.73970686455243,67.19526994071836,67.44960818612587,67.47130501186402,259155.44970423452
2024-04-16,69.17351284028521,69.22707924172644,69.0882259946925,69.08994385040518,69.058652182057,168404.34009324494
2024-04-17,73.90052593339367,73.98245486527237,73.60918608314886,73.75721917739104,73.75975950680473,275239.0609975592
2024-04-18,73.52762921796626,73.77061786439428,73.33209271430619,73.55742161785787,73.55478894624348,288902.19596369646
2024-04-19,67.72199062524618,67.63857190223749,67.21705561843514,67.53254077497114,67.55433847276207,412109.6073951241
2024-04-22,67.17281727071156,67.37266948658447,67.25333847917231,67.30877679629708,67.28253646629474,182608.46654385095
2024-04-23,67.55263932703458,67.78965997832255,67.25029923182083,67.60525727254951,67.57940547417248,453302.10212965135
2024-04-24,69.37427840297242,69.38331276734611,69.19889111824958,69.36040630413464,69.36076220612779,139471.3127106004
2024-04-25,64.33820073003844,64.3847408886984,64.09191779745701,64.30289677281071,64.3359731978493,198386.7819703541
2024-04-26,63.30903573248133,63.54458563283835,63.26305485973144,63.32053699961358,63.32271413995407,743702.16734504
2024-04-29,66.06470727135091,66.14394323948471,66.00232779791105,66.09747614872867,66.08220864649702,145171.8278449761
2024-04-30,65.90483837312713,65.81104785118758,64.9461580849973,65.7599963643101,65.77504692755618,180726.40867608428
2024-05-01,64.74036479233257,65.13179346914006,64.35678113414818,64.77557177797335,64.79802269143242,126517.17689253528
2024-05-02,71.1031910071328,71.32430956539766,71.00005750103533,71.17574570883721,71.17385038190429,163348.32615845354
2024-05-03,67.62601613980722,67.67851167459378,67.15876767522673,67.51186534600626,67.52910828232432,291564.8980512055
2024-05-06,71.81631155951717,71.82649122131754,71.63294219943236,71.75538028524278,71.76040930561649,410005.3042146746
2024-05-07,75.55382864988566,75.72226295292303,75.40761820259954,75.47120901762794,75.45429604103718,265353.21914827847
2024-05-08,74.65258388620798,75.0299986486152,74.48814119516726,74.6379644557399,74.60299051282922,220838.31147919
2024-05-09,74.41603959238599,74.87481806837067,74.51849332921306,74.51857616140353,74.51256248281385,127304.31347859264
2024-05-10,74.3925565931878,74.77656258993717,74.0517126015103,74.38626204890576,74.4284987556042,173463.3690860011
2024-05-13,74.94628131418057,75.25693047364028,74.9855112069184,75.05989855147821,75.08867858721955,106125.5939996074
2024-05-14,72.90625804494111,73.41568014380428,71.75496314456421,72.88859662297807,72.87649763735666,417456.5620769408
2024-05-15,71.41109831326794,71.70279990960313,71.202921671698,71.36446856014307,71.32042305246802,435236.0990150618
2024-05-16,70.19985893887966,70.42912044343196,69.641458291981,70.12444572936147,70.14983425196796,261903.5120777381
2024-05-17,69.00838729800552,69.26841321176079,68.82706921232676,69.01476344085803,69.03240619658374,349713.87192269834
2024-05-20,68.01559133426554,68.40895788619244,67.92788586888979,67.9647476103949,67.9682409276784,453948.7313061413
2024-05-21,60.78732296693576,61.07884345893623,60.394892472906896,60.84231502203217,60.843422637374495,285137.0818641064
2024-05-22,61.19719271696135,61.448268207446894,60.64896664610187,61.138094711363706,61.12674727062309,619189.3555096203
2024-05-23,59.60679842045983,59.789241645641006,59.43998388547704,59.56661609551485,59.56554598158106,145179.23801259627
2024-05-24,54.27548065909888,54.50701009793798,54.12438478178248,54.318949811362046,54.32197074867802,217683.5895102776
2024-05-27,53.41707060858701,53.46472831479523,53.27237094153483,53.38875520723803,53.37200235274287,202674.13038739
2024-05-28,52.45150673730826,52.59045147613259,52.2678783318109,52.394411435877934,52.38061025160588,395672.78826848464
2024-05-29,55.80803605658673,56.12410353889023,55.534722772476165,55.803647327169976,55.815705397162986,113495.12942234371
2024-05-30,54.29299949169245,54.57117845365831,53.8887059577129,54.33769293035244,54.33766357168368,639719.2992919885
2024-05-31,56.17200244712858,56.55728762978617,56.05284478343119,56.16201932216984,56.16693149033544,375894.8121439559
2024-06-03,60.16842105473702,60.57021505387319,60.115393826118535,60.135199318959245,60.12597935563386,766949.8423108992
2024-06-04,58.250578599813934,58.50116608087427,58.21134706031731,58.298967877102754,58.281124107073474,261884.0878252795
2024-06-05,58.105110407810606,58.38644654544488,57.942936611336464,58.163718726445005,58.17502530560636,192877.08902969185
2024-06-06,63.38512309322835,63.74756985811474,63.20892218561445,63.35207723433993,63.32790888027426,398022.4357291619
2024-06-07,64.12726998442058,64.47849756146248,63.9890292011404,64.07451628491192,64.07117101172533,497991.8780556355
2024-06-10,65.41077773978085,65.34591870174619,64.27478609170954,65.27046208432449,65.25517708299192,174791.21713481602
2024-06-11,64.01423446322593,64.748038537192,63.64603476178345,63.9716468348522,63.99101989248008,80938.2741363952
2024-06-12,66.1023611882922,66.28242126132177,65.37336743338294,66.18238109420022,66.17280419887317,89701.32010815814
2024-06-13,66.189212393887,66.2405538708818,65.91742741250121,66.05447556200293,66.0689330229784,313900.38065989973
2024-06-14,60.40229811179216,60.344980110328194,60.26330909147236,60.33864162035615,60.34640475709755,676111.7369576447
2024-06-17,59.17128627324444,59.44728353884848,58.92309312531172,59.290179157307136,59.27584533665787,122945.54347779784
2024-06-18,55.86687940179925,56.06800940420997,55.83208868435527,55.92449785337872,55.947518655197726,227881.30814201583
2024-06-19,56.20926085566919,56.40967312979748,56.07270426965117,56.23690457968096,56.22124500958042,217712.41392102183
2024-06-20,53.792319863228975,53.90449463080972,52.94227315790569,53.74727436974609,53.75838890082738,849428.6621900556
2024-06-21,54.90263243562458,55.11515866154369,54.843034834395255,55.033582366396,55.04431835049916,1040505.7508974964
2024-06-24,55.15022430458633,55.35814035726305,55.09225138829762,55.15679416360274,55.13442062252752,346165.27485077496
2024-06-25,51.899855570210725,52.17952094172448,51.48241889099553,51.85935088355846,51.85288997732278,459916.4953565945
2024-06-26,50.47021053126189,51.07119049519788,50.47858686733874,50.61365532019916,50.60577088200107,452308.3409972863
2024-06-27,52.22998521183095,52.297200170215326,51.95609276284535,52.191011134854826,52.17264978450686,124468.38889857478
2024-06-28,55.28646619647411,55.33531214663914,54.984881676363074,55.23857747344168,55.2323039882562,408037.2748997047
2024-07-01,52.78603985519692,52.91505711344626,52.35837633729219,52.83076915991396,52.80463244811062,145544.34811885835
2024-07-02,49.98561858155208,50.06347786402657,50.01290074628744,50.04333292027378,50.04714282204659,242093.30837291572
2024-07-03,55.06184099882713,55.22915811247312,54.600757176720734,55.10936144606768,55.12817977590387,531704.0024173602
2024-07-04,54.93692233382428,55.2122358623964,54.949015119823486,55.084112474222366,55.07676251887373,281689.3073271949
2024-07-05,55.316948332846,55.65022867663404,55.25553343733849,55.334998050001104,55.335569382005296,519955.1644538996
2024-07-08,53.36277033834672,53.51052518471524,53.19125984456538,53.35105464650588,53.35780986671189,585111.7099673545
2024-07-09,53.85703077453719,53.97424972506928,53.78791554510799,53.92278080538557,53.91834297546313,93511.50752174004
2024-07-10,58.750443599969415,58.88890855934734,58.40838492061462,58.6933907140269,58.70086053469375,72648.02345818524
2024-07-11,59.44332228411013,59.75965109384882,58.79100831189363,59.43722597541585,59.41904858794308,538883.9243015278
2024-07-12,62.666635679314304,62.701105472781855,62.54405691055853,62.65034547756218,62.649425528853854,552077.8908846544
2024-07-15,62.71644740936031,63.13153079123988,62.47186649798777,62.74166935106322,62.75033681197407,312999.46798168984
2024-07-16,59.68638751411284,59.94656284745566,59.62296227846,59.64207083433186,59.64651290572064,339534.08214020723
2024-07-17,57.73790629424688,57.87290122261919,57.56134608439645,57.66348806354275,57.6653455493308,458551.83551630256
2024-07-18,54.54390366484169,54.803094060585934,54.32348670476379,54.566140384295984,54.570864817035854,453452.2935266077
2024-07-19,55.19985900914472,55.85129050715831,55.07849303037682,55.15788210844492,55.16084179215028,223572.18369497117
2024-07-22,58.64328018741535,58.70605539541576,58.13576242643829,58.59804089087267,58.58235087388282,476160.4428370613
2024-07-23,59.09224181550234,59.4101417885878,58.74329737131354,59.06755921850986,59.03755343562641,217970.73968792305
2024-07-24,58.27500064261079,58.17892639658706,57.89619242496356,58.17743393303105,58.17800708905264,310559.46027703973
2024-07-25,55.91182894429595,56.11981359874973,55.53422503956512,55.95247784160989,55.94246048493411,302553.52208320604
2024-07-26,56.92129249907656,57.20210126487429,56.79825328917427,56.94529769336848,56.9272975229634,160225.35000441747
2024-07-29,53.52545024763276,53.66019743526052,53.48645826828216,53.56706968468854,53.56638634397304,171820.84743251462
2024-07-30,50.68567063042276,50.64989928797903,50.348910578833646,50.648949046080965,50.66661161055296,1025268.7446270126
2024-07-31,52.93956620193622,53.018422993215,52.94042735170176,52.95399543835679,52.94687796625456,157136.25093663376
2024-08-01,52.19715284939988,52.76608783387577,52.12981460129405,52.23349425805411,52.222272116894125,335030.0673265884
2024-08-02,51.55822351579198,51.80837016834224,51.30891967965401,51.47261695506084,51.46901849469005,379982.1306075752
2024-08-05,51.13800770822064,51.24777936244725,50.95826550746387,51.04564032526961,51.05072485603686,259748.78340382225
2024-08-06,52.89368574951549,53.1239435728559,52.86663191547956,52.911077245268665,52.91111180912024,401472.3572144791
2024-08-07,53.27392094071175,53.58937096660674,53.22688104824766,53.34686787835996,53.33044766679834,326893.58201284724
2024-08-08,51.52065809128855,51.54599140003221,51.0655034020652,51.42482702873932,51.43759112461296,159189.25734542302
2024-08-09,49.68364810498494,50.04081362476936,49.60205904085546,49.66027149867773,49.64580080466519,370308.0021144702
2024-08-12,49.20568121648144,49.4972106955036,49.1523171768493,49.184987991489166,49.180219411008,193527.74116179225
2024-08-13,49.93148339275295,50.14754759434189,49.56005626067092,49.9262410870335,49.93151333290535,762533.3391634398
2024-08-14,49.800041605158725,49.84718721994274,49.71054715240567,49.83992938424213,49.86607631888399,347137.12935686315
2024-08-15,49.515014141354726,49.83889344600967,49.41737062832704,49.53548643745217,49.55113592354157,176293.92056907926
2024-08-16,49.68376709762631,49.65984223937419,49.41249002843379,49.65011821740097,49.66483402634445,329513.87205895927
2024-08-19,49.54035184036796,49.60070452970193,49.2376154161631,49.56253406598352,49.558337193140304,154058.44719815004
2024-08-20,47.70950614378869,47.95930802982591,47.58616042600401,47.6888576539434,47.69154612338024,313221.98894571327
2024-08-21,50.37219458397615,50.75575199603112,49.8219538893717,50.37152133952117,50.402686536558505,234352.4191722061
2024-08-22,49.13442951175036,49.51215733986335,49.03495227608288,49.186413992341016,49.18137541680299,163387.06536860694
2024-08-23,49.582947382892506,49.77925000259009,49.45943103297032,49.50269704381323,49.54165504498689,162159.4133308184
2024-08-26,44.738573848308775,45.215979583719154,44.62273394272608,44.71201344006778,44.70622756746826,1156559.9015947054
2024-08-27,44.25483394490112,44.27166815695752,44.107449456017534,44.24020602359809,44.24164592531162,283462.5710789314
2024-08-28,41.92482885196311,42.15248440937657,41.70268696451674,41.90157258999037,41.888155962796105,207099.8868900475
2024-08-29,39.85213240582353,40.05435260279802,39.83697641224548,39.92371129678761,39.910632388032106,186660.8924301552
2024-08-30,44.97880315023596,45.40829049750897,44.95779306872465,45.00099672389227,44.98829295626269,356004.86011220346
2024-09-02,45.49082431991496,45.63944868798628,45.429064780807806,45.560408756831336,45.56046532301591,182937.96389968443
2024-09-03,48.413118247561165,48.67442247543559,48.33354163380542,48.407082551426704,48.41030998104943,139139.0706016286
2024-09-04,50.51449605777049,50.62116140396407,50.26151521823235,50.49803813084369,50.49684933615482,263168.9135531875
2024-09-05,53.02089884573935,53.10770277168428,52.5262977678911,53.01340599323157,52.98604671160469,261978.71697117147
2024-09-06,52.55762602737382,52.5353141074805,52.40839846948823,52.495755099817,52.500443051288045,208935.11183748237
2024-09-09,56.74893783736826,57.093899137523,56.657180968695776,56.83403841062447,56.8264693026464,157192.21460482272
2024-09-10,59.21639396184562,59.520140477514325,59.13805615675442,59.2637605801156,59.24771092421709,212228.12565408496
2024-09-11,59.41098797728639,59.6202689113668,59.310370558120674,59.38638134897812,59.38482562086392,202443.79701700824
2024-09-12,60.18140534692559,60.40571620705575,60.11278037784072,60.16552545925427,60.18252666187846,186275.3984684188
2024-09-13,59.68323382337984,59.82962521686978,59.67435844128458,59.76184639277882,59.76287183198327,316760.1180307754
2024-09-16,59.98946742479961,60.23182112049419,59.62271755995847,59.91777401856356,59.943378402498816,1020432.1681422964
2024-09-17,59.88254997350332,59.83865644717066,59.2737378193298,59.79028029024982,59.80213982969489,596633.9780174396
2024-09-18,60.95562280072989,60.95390522903292,60.30942650413522,60.92969191549325,60.91245781220165,860399.144072266
2024-09-19,66.3015855469041,66.59223185428307,65.99324176174726,66.40179058989648,66.3865623801277,190877.1324786054
2024-09-20,62.57424247641371,62.71496704884782,62.558015007965125,62.56424938632794,62.54142697995974,732935.4707035775
2024-09-23,66.22161968999679,66.22476513895036,66.12074582981293,66.19908932207561,66.171568689149,307541.5533121363
2024-09-24,64.98934330089169,65.14407530479866,64.56768379256731,65.00701495841815,65.01116428621212,484958.2554760386
2024-09-25,69.31109706842817,69.56716989988975,68.29904296555405,69.21784370033554,69.23286035643176,353140.8888446471
2024-09-26,68.0804633042978,68.39006467199661,67.81096901483454,68.08835737725713,68.10688671615794,218390.42280674545
2024-09-27,69.63927952921064,69.49874209502332,69.04740548304629,69.49302850740516,69.4974102487906,413204.7745271427
2024-09-30,69.0053840549611,69.33096883984788,68.71398163978364,68.95138703680661,68.9287303364127,358957.16118368256
2024-10-01,63.31908263655545,63.65243088306279,62.860408990214985,63.30160632085559,63.30800985262253,92882.27409994732
2024-10-02,69.0468225488402,69.01761262392237,68.41768966390582,68.98332840433734,68.99861719251341,249079.0167202165
2024-10-03,65.94583897144,66.02618596915296,65.2667893718663,65.84503777280482,65.82684162029743,452907.1931972883
2024-10-04,66.17959009365059,66.3696181391816,65.9817387190856,66.12014464421452,66.11807545349515,316935.31167422346
2024-10-07,62.76626163089067,62.8610204252434,62.44991409043588,62.77102187238162,62.74518447208169,355642.9590664215
2024-10-08,58.72063773701822,58.84844845832838,58.64289463915062,58.75941426538412,58.76292308045667,170953.30084482973
2024-10-09,58.10351504388426,58.41560296960794,58.00456670284162,58.1687866662022,58.1847879797856,312927.35935280187
2024-10-10,56.35110543443322,56.495474261453694,56.414125730772085,56.48897916537826,56.47106716528499,253265.7048168759
2024-10-11,53.32943329076509,53.67086596662492,53.19678147435786,53.32014314198752,53.322271546224975,237501.2247387171
2024-10-14,53.20753256100017,53.26759049315093,53.03961507997254,53.22816750543473,53.23153926560365,178518.25487498182
2024-10-15,49.45440099417976,49.6077089030175,49.3277260394534,49.470930644005946,49.471335949580485,464593.1766926583
2024-10-16,49.83104238551432,49.9948263371456,49.770978726654846,49.77982603643891,49.77409452654661,330142.9923384333
2024-10-17,49.46327163710716,49.4734585109038,49.0879444693821,49.46881573148417,49.4688979668428,310745.2317613774
2024-10-18,43.84643872793694,44.07188510583619,43.63723587318581,43.763502354964025,43.75519578538137,918475.7646479728
2024-10-21,42.62335734836857,42.938570299026566,42.11880863946277,42.647798794673314,42.648341429784985,356567.7353286497
2024-10-22,43.60512295730042,43.65839646234012,43.56832260588727,43.64750255063873,43.64837508758269,551445.346251331
2024-10-23,41.36181130470289,41.76878548043437,41.31929069052543,41.41389492536456,41.41356253676089,316082.8673173594
2024-10-24,42.50633102704691,42.56279643257482,42.30689294477805,42.47563171929541,42.47677725495394,217097.48845553305
2024-10-25,43.44458277882365,43.451628361584255,43.12687706089823,43.39461448534564,43.38387001282705,142132.87052630977
2024-10-28,41.242757651119845,41.59337567346903,41.18306643098632,41.26728671572612,41.26017171681029,310157.05487539124
2024-10-29,41.19937297608352,41.33498205409136,41.1113432222357,41.243255086074505,41.25489516148071,54279.73746332627
2024-10-30,43.02611177276148,43.02277465747236,42.886113728773125,42.96037053923436,42.95871291661626,315994.5499841486
2024-10-31,41.08090964929633,41.16755550962538,40.91193443984266,41.14058002392029,41.14984603181722,324239.9268821788
2024-11-01,40.76643958875146,40.79431895322146,40.70377860062706,40.72529807089061,40.73780236520663,235498.41265366503
2024-11-04,43.08352243232003,43.31820159828676,43.05167402991589,43.10813637466822,43.0916303560751,253870.6548553844
2024-11-05,41.33684276687504,41.38037149615907,41.275070958432906,41.320434614136,41.334622007813664,126664.64585926406
2024-11-06,42.315216263866816,42.39650593500572,42.06118054017914,42.26969511100591,42.269802400837975,616221.7564944569
2024-11-07,40.0946872236952,40.2186767469677,40.04440156824194,40.07560097067748,40.08268703618219,219180.1835231954
2024-11-08,39.74734456495351,40.21843057525419,39.57664017185688,39.75908367545962,39.75658379469725,149753.2700036997
2024-11-11,40.704245730687525,40.70635735319265,40.53836711855285,40.64749787023568,40.657819275461,372054.87623633374
2024-11-12,36.10507870547107,36.11248836152797,36.02038258941151,36.0946436939906,36.09313998561922,286775.1289124837
2024-11-13,35.28442362621628,35.39216131636585,34.86622289097126,35.154965132931785,35.14463798805124,216424.95307895052
2024-11-14,35.8483899124988,35.925205614965314,35.879494791415446,35.909621370981405,35.89333154064847,203125.6395639157
2024-11-15,36.25104167577485,36.34768481245402,36.160634923058055,36.31349824089193,36.306424655974574,267430.9775987782
2024-11-18,35.42418962823739,35.45544486277842,35.24059254576444,35.38900373728295,35.371899923424024,601685.1508967878
2024-11-19,33.50893163393973,33.71995034835572,33.480502265737734,33.50999561537537,33.49932920686446,355659.0571445532
2024-11-20,34.59521632995106,34.63382383480612,34.3193538681957,34.56781755298309,34.560968007500335,262854.2648935836
2024-11-21,33.98492850297605,34.26098154525565,33.96939618510955,34.02229794486836,34.01519498081366,447512.7578410782
2024-11-22,34.95433300728244,35.23110753300138,34.87132092485067,34.95244093556286,34.9530739673267,272806.80091388896
2024-11-25,35.632504187514904,35.734496879366894,35.40765750069786,35.61621626920378,35.62211314236229,341441.4061913323
2024-11-26,34.81933663730771,34.87715932439256,34.56932468180346,34.838278587151905,34.83994612346455,293806.4920146371
2024-11-27,36.74390942412493,36.78247727557006,36.717194792370094,36.73539306875576,36.73281387979063,382264.574330084
2024-11-28,35.62462163463707,35.77773091915593,35.6610206192352,35.6731916189818,35.659247414304055,205564.16353039455
2024-11-29,37.85048058432883,37.86975176465493,37.82844700470999,37.83554224739912,37.83094378326854,135454.93512250434
2024-12-02,40.44762991064135,40.43160216845791,40.36066072744026,40.38924934996263,40.37806243903509,462364.53246363
2024-12-03,42.48877989973751,42.64349146061716,42.53469243747439,42.541428233898905,42.529777306998376,661957.7364679909
2024-12-04,42.10985296981099,42.39831300912745,41.8710710955062,42.164580628236514,42.15596690516633,139367.7427302802
2024-12-05,47.877968580914846,48.24292014642844,47.5236190470676,47.82106528803984,47.82872352112667,298813.52765365737
2024-12-06,48.11901295276613,48.40248314821072,47.66605942163444,48.18240354461702,48.17161525996737,204982.0895833053
2024-12-09,48.80194137218466,49.09036452063115,48.758375314902,48.76095286749286,48.74110621409377,455899.2928991579
2024-12-10,48.71171042069827,49.050690148580536,48.6089930564122,48.70901445049649,48.696257940409126,311136.63667440444
2024-12-11,46.04615986279202,46.42695971973269,45.84250524670711,46.065407000642175,46.061122458347256,1975798.8822220068
2024-12-12,49.18294128522587,49.667591653689136,48.98336846069719,49.11091890332796,49.099299578737934,223941.44912031808
2024-12-13,47.78676846843833,47.854580695323214,47.57187950635627,47.74245641215094,47.73327465613565,674937.5197148998
2024-12-16,49.97719422276171,50.18980148053598,49.746247184808574,49.96321872964327,49.98092666424533,715529.7004719406
2024-12-17,52.79701465060296,53.17215248674502,52.73220369059082,52.91091420407561,52.88128360042976,369593.2942898974
2024-12-18,54.55222747354101,54.58896440112768,54.332288138649325,54.5134001017249,54.50291404563279,274374.7060938672
2024-12-19,52.62580405940604,53.029898197380106,52.50861169272709,52.682219336897134,52.668882443661545,284049.16503873613
2024-12-20,51.79154827632618,52.26494395779591,51.29626283302313,51.80301652910138,51.80347387316762,269985.33218480914
2024-12-23,45.385613349312045,45.45386469523935,45.19647931573383,45.38528049055924,45.37350846531736,529654.3100037561
2024-12-24,45.21155030063811,45.22689678149212,44.80632389737415,45.125933889670144,45.12356612462455,158961.6443746244
2024-12-25,46.94108663089595,47.252488751105474,46.85799684980694,46.95297709944346,46.9615411842849,243630.8907637533
2024-12-26,46.34026174414669,46.60628895429913,46.23630131850816,46.40628730273681,46.42317919885173,226542.6316423842
2024-12-27,45.140042628348105,45.12899485174603,44.806853874089846,45.07380020147178,45.07286225482361,95252.19595088148
2024-12-30,44.448809112601445,44.555558826339,44.26357737061991,44.41657457355355,44.40097550494591,449256.3529842493
2024-12-31,47.202924325601074,47.27565168985137,47.06844507346763,47.16693709380545,47.17763937878348,507753.6301174614
2025-01-01,47.11156233277356,47.48799245628649,46.82759332010952,47.04154485050424,47.047014627576,183408.08831248985
2025-01-02,51.65485998305552,51.93640653510854,51.165227362569446,51.566000993854296,51.56091644989324,497862.629706924
2025-01-03,50.088559469597975,50.26706983284856,50.0811613899521,50.13326500973916,50.12117185584752,103756.84038877457
2025-01-06,50.60505603798455,50.82502315458981,50.49806767125122,50.675545202075234,50.6851496768605,272221.867445241
2025-01-07,49.6448105278767,50.18915912120811,49.44932379483462,49.60302150787058,49.62178951640946,248760.26427503832
2025-01-08,54.94442708489871,55.24467623979883,54.51316296261031,54.95885198731461,54.94755146191598,282843.55795769324
2025-01-09,55.44088544112331,55.86364623930984,55.328982423557605,55.45041060192369,55.47800033065901,281961.8627081939
2025-01-10,61.53141828224686,61.65515515679271,61.56784008225272,61.60051369304319,61.61672869909332,256215.71415595265
2025-01-13,60.37156243788287,60.85645072303966,59.91355723874192,60.33633225766857,60.29466909912775,212635.82736439625
2025-01-14,65.09479886967156,65.14073599800234,65.03507417630492,65.06863274400796,65.07467121078157,251393.9272014145
2025-01-15,65.44057720139568,65.67301172070947,65.07768158284443,65.4507546685163,65.43503535663969,608001.5701696549
2025-01-16,68.1203228126336,68.39630745838666,68.14017228003014,68.21502861878874,68.21153333021309,189618.34682091983
2025-01-17,64.30433001547446,64.27497046586454,63.48399501461539,64.22667033518853,64.19823944412839,1038412.8585659604
2025-01-20,65.36030678029402,65.71460718319918,65.17379954840327,65.34359812766809,65.35575845805602,183304.01331389716
2025-01-21,62.05193008418741,62.20020596725983,61.81516222931387,61.98264317513558,61.98467337712187,309909.47886235954
2025-01-22,62.64461537833429,62.946160290193234,62.63357854165089,62.77663542878527,62.80159333032123,378028.13456645736
2025-01-23,58.24361712233895,58.27962506994294,57.81416490627759,58.2403077244245,58.25866095064977,225245.5584105244
2025-01-24,57.9300311747801,58.010167075151,57.73999995795111,57.97159093926095,57.982276153056816,615024.8346208261
2025-01-27,61.20030478963395,61.31406203412787,60.8256994341416,61.19809264461376,61.17420437094602,372177.8349725564
2025-01-28,62.937363726839685,62.98607858921634,62.87299137264136,62.87805647963331,62.88028102012042,237294.81318313384
2025-01-29,59.18198320597709,59.16963766005526,59.14219429834201,59.16009708387697,59.16767683706222,610942.9509497988
2025-01-30,53.8651125314663,53.942972158016346,53.53957544012461,53.8641363929777,53.86626111778313,145904.1140262993
2025-01-31,55.20525089671843,55.406889314619455,55.177200204355785,55.204545358613125,55.20318108313798,191130.1499415942
2025-02-03,59.599192331730045,59.852269276903925,59.39308474918606,59.69229829999566,59.686699430770034,376074.39398970606
2025-02-04,56.865454782187925,57.363366481672166,56.47329511216766,56.917053965029865,56.914994417199445,434034.7396904234
2025-02-05,63.20485619165844,63.31736457044482,62.20452903704861,63.13406475121661,63.15406354694975,325648.2633518427
2025-02-06,63.083444149133406,63.40570739238847,63.103212447547406,63.11535128386298,63.09758784237542,248620.92023388177
2025-02-07,57.359666561497725,57.57026133039261,57.23198864590825,57.29432701980706,57.3036563580813,230760.0163524497
2025-02-10,53.08650537097836,53.08666131066516,53.03994405554001,53.04267244812701,53.03840663933919,529051.2333507973
2025-02-11,55.14941828006456,55.12212097089874,54.96319547626918,55.100973222820826,55.093888794265496,309971.85738823575
2025-02-12,55.47470302699229,55.65836969837178,55.42554852949983,55.456240846410495,55.47613359420217,158999.56360239544
2025-02-13,59.64587412250914,59.82616471587803,59.522813280804286,59.671891558522525,59.6673901281361,153592.54787546056
2025-02-14,56.234487589457984,56.30479526480329,56.07363576745306,56.24298883308922,56.238653648431615,665355.5161632424
2025-02-17,56.61088471280344,56.58742275598308,56.16192816858002,56.574655101345975,56.59776145324892,174336.57220266477
2025-02-18,56.47464161313199,56.92972351170544,56.58182381116427,56.594940618272375,56.57474472253102,316044.6058153906
2025-02-19,56.26766792650259,56.32550513070531,55.90932847567676,56.19777046627832,56.20179415305732,603525.6742342425
2025-02-20,55.11903426329977,55.25527076117204,54.945735765514655,55.14661415726649,55.12510084137224,371485.22623202536
2025-02-21,54.163706066327954,54.61925873957477,53.85380215366577,54.16837993944637,54.20795517619892,170316.63720626364
2025-02-24,54.63496303808833,54.81501571665451,54.213567641572304,54.63920645762055,54.63073608100738,145886.40397600833
2025-02-25,55.46143944038397,55.61706637258757,55.14675545011589,55.46364870061325,55.4798876226337,824005.9944703592
2025-02-26,56.0878020047268,56.43595050140926,55.89273789515826,56.1615781948861,56.14464018620389,143673.87380253358
2025-02-27,59.62062721917988,59.919606507788274,59.5937137353689,59.61158264979469,59.62362264084919,192536.00605468263
2025-02-28,56.21077997052859,56.3989949043652,55.89216515541507,56.177390116725086,56.17680674566631,335541.92259814497
2025-03-03,51.26302626937972,51.581509758846856,51.27670849536639,51.368045748146976,51.36513301600676,235313.26090249655
2025-03-04,53.9464211506925,54.18145474741541,53.49070039242028,54.01668528558542,54.02522844227986,378618.0237501616
2025-03-05,51.60350215361927,51.75428673648579,51.32063959256227,51.5573137423738,51.56279941042661,111227.921815803
2025-03-06,50.63670069696175,51.06680794209172,50.43061184931029,50.60078440470218,50.59858339285857,236513.45315111396
2025-03-07,49.10907822059114,49.36437958530421,48.7840631827964,49.09441169539538,49.08576627628559,402968.328457704
2025-03-10,47.55005199398507,47.8830400262829,47.42112262838986,47.5825103127632,47.5587199254597,403787.4264086951
2025-03-11,44.30716559640402,44.5566691117783,43.89491030723839,44.27548150351477,44.26771460994219,190332.5404534343
2025-03-12,42.99609181119096,43.216397851092765,42.78667193234119,43.04787412872027,43.058410587133,145360.7660741112
2025-03-13,44.44648742311584,44.59103155948883,44.16751259783007,44.45259236625102,44.45834472755704,305049.050646625
2025-03-14,44.38697510124207,44.44652164747604,44.389012147823216,44.44504223500226,44.45623756957841,122091.05681105642
2025-03-17,45.560700342622255,45.85144289851574,45.48730730251517,45.56808246051151,45.55914562959872,579871.819698374
2025-03-18,44.419902815131216,44.55032587484946,43.92090832419161,44.46571988703627,44.45712203049533,294915.8258619161
2025-03-19,46.53067101770999,46.990797291067366,46.474306187868265,46.49552919176773,46.49402874650895,176647.77448537797
2025-03-20,45.36284960374075,45.61016354521512,45.16806060819147,45.34320774999393,45.35250694386056,142528.77035898127
2025-03-21,40.83427811931438,40.89820621463774,40.82472664752028,40.85759046270028,40.85199726121049,183535.97944461668
2025-03-24,41.54812387401788,41.7605306801652,41.359917079172966,41.50287332375163,41.486207750610575,105118.2682332122
2025-03-25,43.0666889954677,43.387924033539214,43.0769485903346,43.107913755388815,43.11589244458598,361084.5578372172
2025-03-26,41.93251320958118,41.94369623646767,41.70343619805693,41.93399282822888,41.92276108976984,0.0
2025-03-27,44.46772824543163,44.74694255510168,44.26089078594821,44.49508477251785,44.49553597858828,341056.37222776125
2025-03-28,42.69616723424432,42.7408459827481,42.142393270550656,42.66449431816461,42.65239504274322,370469.8820784721
2025-03-31,44.13168364624932,44.10593641837946,44.01126141944518,44.10330570692555,44.10295131914652,479068.2445118842
2025-04-01,48.13822482871775,48.31518422401621,47.64173127214634,48.075632444666965,48.06062671366311,312109.247640672
2025-04-02,48.16814248340083,48.38790328430894,47.84825182875405,48.16414560833633,48.180131586751024,527097.3960559007
2025-04-03,47.488324043045104,47.73437075314553,47.49875492859,47.62928752801133,47.63086428916465,616409.1711236998
2025-04-04,47.36197279467699,47.87626635453434,47.1364176747964,47.38238837184712,47.39019567390866,313303.9555482868
2025-04-07,51.43400778516157,51.56633283708383,50.66021853268821,51.35362602362355,51.35260549585219,324849.0672356572
2025-04-08,52.37021386155302,52.49133365804219,52.38240670702382,52.38723943369053,52.37816746661761,192050.90011296343
2025-04-09,58.1323105964216,58.32828091087672,58.18280854287098,58.24399556684628,58.26079711813578,148364.17610511428
2025-04-10,59.08124693723612,59.17935795699358,58.83385441745938,59.05471177408481,59.03892677797889,579108.2536078948
2025-04-11,57.2086994246703,57.51121679055979,56.94559834071199,57.1787343730233,57.16490269157907,385943.485638048
2025-04-14,55.51457524706872,55.92215702944358,55.23855399664956,55.55497476797201,55.54359009181471,405184.3524476801
2025-04-15,55.71196600971616,55.77084722791536,55.35431176497601,55.72571628033895,55.72425739372955,188259.0532126239
2025-04-16,50.33741492820545,50.68629216202787,50.2450562126044,50.3801017837587,50.37373235627086,710946.8144839177
2025-04-17,49.23831098660586,49.66875501246928,49.14045174736447,49.21259397617901,49.21404368151609,233942.7357319914
2025-04-18,48.12761040075331,48.399090001029066,47.90326460364639,48.12488655864436,48.11559484543671,165859.37542277138
2025-04-21,48.64292395437074,48.843793518996506,48.68798144587007,48.69969685143188,48.693584842876575,190193.1711415977
2025-04-22,53.60490686162783,54.00862109742702,53.11995648112399,53.60541846247981,53.602989892635286,688806.0187165334
2025-04-23,53.71272657909384,54.16051146831226,53.50408067546169,53.75212819913041,53.72776899167984,137774.2044402181
2025-04-24,48.95303890809885,49.11629078864777,48.81057634336507,48.88161989462176,48.89138949204557,170984.21032936987
2025-04-25,46.766136287922365,47.01182693186536,46.612824138720896,46.7243788164885,46.74319799348719,1527442.904844436
2025-04-28,47.32926727193541,47.502477743003695,47.30247023544623,47.33505537145098,47.33975873537074,471947.31699162006
2025-04-29,47.55808742190879,47.91453087076609,47.51440182399926,47.55423247825555,47.560788126038574,172847.76115674293
2025-04-30,51.58233440386416,51.78942697426636,51.236197206772495,51.530094419118655,51.52804924376561,140242.95421442811
2025-05-01,54.02559976802585,54.58473771326194,53.738946587291466,54.03498080208367,54.03188564537291,98359.23158134148
2025-05-02,56.62071098613959,56.89292850626565,56.46968087086747,56.57780280344289,56.5925723913839,284437.4041371629
2025-05-05,56.05806490485514,56.11697051318775,55.91475847693625,55.97536767305932,55.99247090504944,415323.1673486772
2025-05-06,59.07200159713644,59.15027500739362,58.78625333686752,59.10101322460192,59.10167812420399,667489.4914193149
2025-05-07,56.63607508133733,56.58129289841444,56.49795680490548,56.54299710366384,56.53484053970433,86129.7234816911
2025-05-08,59.39602048289366,59.52017204869096,59.10095581430203,59.315640856098376,59.30538456061564,121148.34900469324
2025-05-09,58.50958141243118,58.66144512249695,58.08432428105292,58.49504195485766,58.48345949979204,249763.47611159316
2025-05-12,54.433038530865424,54.63976412380968,54.3139283520426,54.45721274119091,54.45346812336293,1429166.5976768197
2025-05-13,56.0918191261861,56.08139478946183,55.644733393063326,56.07857832680362,56.08674774808777,456590.1778911271
2025-05-14,60.07488948343931,60.42307328160599,60.07503352472624,60.08958143993429,60.07102253349622,335601.54734705586
2025-05-15,58.8490671227028,59.21634745498047,58.8653426328962,58.8957580220968,58.89233267527552,128675.09279569692
2025-05-16,63.65945534572082,63.63221709947301,63.58598986855168,63.625589022895866,63.6433199247261,75207.6941509226
2025-05-19,58.56805907690985,58.82705731772267,58.47682031650232,58.62806632741843,58.63373747720956,274665.6479658188
2025-05-20,55.24407101778286,55.598831626674944,54.93946630107427,55.262780485771714,55.25552849522967,252806.159610748
2025-05-21,54.84704280218038,54.91274475225621,54.839095781226,54.86489593224729,54.87057261166053,228505.48368942368
2025-05-22,53.796640753869816,54.02434616225576,53.283368615408925,53.87018753684252,53.87009143472043,213574.24424281472
2025-05-23,52.15886580768992,52.65722150483464,51.81206861790219,52.12454325423933,52.13861074689733,171268.46715914868
2025-05-26,52.45929348424215,52.77773236535469,52.22103000292308,52.47127467227972,52.47740411558403,149255.47645966374
2025-05-27,51.18612640104121,51.43908111810799,50.965961481178006,51.11972988187031,51.11919879283677,617666.9522372023
2025-05-28,50.20988339414342,50.27512973173157,49.53025782216078,50.22217039894233,50.2280807958121,157642.17399383933
2025-05-29,50.89844570330266,51.374290741611816,50.91839855328879,50.91914918370255,50.93403492249277,227364.82495053185
2025-05-30,49.22357984146577,49.50338143818696,49.04806219553532,49.26814991435982,49.27447269496325,262118.80563115003
2025-06-02,49.013829020705344,49.37703968624055,48.91891616277734,49.01191612453303,49.00280350252056,409940.86682341504
2025-06-03,47.47645450853846,47.51659392836425,47.42563632105247,47.47433343924525,47.46745765409428,160958.49171346572
2025-06-04,44.76294279169013,45.00561884892039,44.52948338694854,44.7297637408723,44.73023548147948,482550.4784798708
2025-06-05,46.45425724176393,46.64084480290624,46.41878898464429,46.45114413298431,46.446112311956576,189510.5894731318
2025-06-06,50.6483234799948,50.63343775665126,50.23832078516706,50.54249166232564,50.560411181561015,243497.43764870524
2025-06-09,53.29804477441546,53.377060102069855,53.23065343039456,53.273740374332405,53.25311386430371,719174.3892091758
2025-06-10,54.1020470811596,54.30984340724697,54.13323612682301,54.15548972133336,54.17627252070052,150010.92025684836
2025-06-11,52.41072462737954,52.87014791264145,52.23283062929507,52.46694171421407,52.46581943632254,413553.772562714
2025-06-12,51.75725204887527,51.89152931204716,51.626493509488405,51.7295871965781,51.74186694852958,490296.95681364136
2025-06-13,54.44914123494634,54.67437208745565,54.20562087810691,54.5046448471687,54.49157190860808,323171.5841203674
2025-06-16,48.7238034011392,48.697597818480695,48.69391201633078,48.69483755046618,48.70081669143018,250066.33626057053
2025-06-17,47.87256265273672,47.88350214250654,47.68853722971717,47.829724483976975,47.82560862051649,960704.7618668698
2025-06-18,49.64345720792368,49.74657568163056,49.36836006848543,49.59783998264435,49.6201750645553,266117.37859587173
2025-06-19,46.84551046651699,46.89119587993296,46.668031407982205,46.88626340888271,46.89899022115757,303290.5391113951
2025-06-20,47.92280513147957,48.22351684616383,47.86225238010663,47.87868630215778,47.88851803628186,219275.4400533308
2025-06-23,48.79588192130352,49.02146844158277,48.73834868957026,48.78014597116809,48.79163841584921,293798.40517152724
2025-06-24,45.37110284877509,45.579232484690735,45.26429293545393,45.398699404337066,45.40281278210336,478528.3746226275
2025-06-25,45.58808477413013,45.90660889171739,45.53838679150464,45.59535272559922,45.602822060137214,227479.81665860023
2025-06-26,44.24714956582039,44.29693739753123,43.86340233531261,44.22630660268047,44.20371253506231,75726.36967668746
2025-06-27,45.1157856439565,45.18451019443263,45.14102482789984,45.14616228881509,45.15274255972292,365178.7028827128
2025-06-30,46.68058847349994,46.86441649489625,46.001578605499176,46.66650174883554,46.681724040798336,140505.13783875637
2025-07-01,47.66554072629079,47.84451116628694,47.23883985370156,47.596734793728864,47.59668610970572,418790.4126038388
2025-07-02,47.8149922323242,48.09841181485819,47.73148093871272,47.76894029259451,47.77314525596312,268124.0863118762
2025-07-03,48.460852583813846,48.46292271699406,48.365336071298906,48.45687978869039,48.45696776880496,472534.2272831658
2025-07-04,45.73293910082595,45.86084094884165,45.60645001284412,45.72223357778133,45.72254089094295,151902.43811570312
2025-07-07,45.62935788118487,46.12728950033166,45.43326733460152,45.65392256489174,45.64718092908051,194632.2729924839
2025-07-08,43.870693085945184,44.060816395930274,43.779920578354506,43.893074006683634,43.894956256336485,218814.23009315808
2025-07-09,46.118537767650814,46.1988351901317,46.06609709697352,46.18954015767219,46.18175945730385,110263.7694443332
2025-07-10,47.78875504332724,47.82261503572601,47.4357312885533,47.776757835038914,47.790010423556026,522746.6062857868
2025-07-11,49.44531373499173,49.715786474276754,49.17640177904252,49.41159040203964,49.406890110831405,101189.0926950024
2025-07-14,53.775017271874106,54.04625877792595,53.60011612666536,53.77882715144546,53.78917389557724,518340.77450727625
2025-07-15,52.863918926139455,53.33681307551549,52.654632712860085,52.91033844623107,52.87582177357805,346154.0157433743
2025-07-16,51.49891066832839,51.85454097442075,51.35548971959837,51.49550534906312,51.50508294420492,238155.61906438065
2025-07-17,50.67267892301829,50.62515242507104,50.45802222148587,50.60477922329465,50.6032093726097,330073.1875081826
2025-07-18,46.795879363024255,46.94318830815353,46.36967530284809,46.75389522285006,46.756691162472215,324694.4849872226
2025-07-21,43.36298592428167,43.55001428439972,43.198953036035576,43.36426405838193,43.38199170965558,211027.3981441988
2025-07-22,44.80844386689209,44.947183045100765,44.53803983462328,44.71688914857777,44.71634746412955,320901.62424521527
2025-07-23,41.851655069701465,41.81787152703352,41.66959931015116,41.739013285406905,41.73279475459461,416112.1095763154
2025-07-24,39.56182810273083,39.70925951594671,39.5752663814362,39.580832547155566,39.59397609662064,152236.4799683266
2025-07-25,39.373660740135854,39.77644089750208,39.36075855609581,39.383344504669154,39.37879739284128,330286.90717571374
2025-07-28,38.61692667574104,38.78213798460555,38.54301528445721,38.59017090241131,38.58683341700704,55503.69878294666
2025-07-29,40.2806906559908,40.3300284633711,40.04585454062605,40.31749958028968,40.32217826401446,84308.67627115855
2025-07-30,40.47345880383728,40.58093979850109,40.34035921201721,40.43912056219696,40.45388389273163,376516.0636066546
2025-07-31,38.87953468253199,39.09735603719696,38.64709737407497,38.87559006607604,38.87559006607604,208835.5670774283
2025-08-01,40.803781736696415,40.79890624436133,40.64966133050978,40.78862311441392,40.78261708694141,160803.29012658226
2025-08-04,42.26099151262575,42.56925778604611,42.06018007278642,42.28532408836888,42.295103465099096,259934.43779327272
2025-08-05,39.40742228615972,39.449534015677415,39.18211649847491,39.4384881156413,39.4219159964285,211594.92760870085
2025-08-06,39.85487209304937,40.16035098251495,39.928561506953045,39.93415998861712,39.93519053760496,148276.68806195745
2025-08-07,38.60591114499831,38.79392624163641,38.538940261735526,38.54867480905806,38.536160196038864,100365.17794278548
2025-08-08,37.19780488868691,37.30666001543161,37.143540497746784,37.16281808578645,37.1593813382032,82380.62193590685
2025-08-11,40.78793890990343,41.06199206502456,40.57855072471283,40.76049246520243,40.748813841654055,418016.1851266293
2025-08-12,41.02684895479598,41.06652212295187,40.97097283387036,41.01256320651655,41.00677868822521,208251.18879529435
2025-08-13,40.48155830654117,40.59597501565196,40.51480020296963,40.57505246802138,40.58700520348483,480090.3471305465
2025-08-14,40.71612505396538,41.06473641404761,40.5092349443208,40.746729970724616,40.744006461999845,206986.7170272614
2025-08-15,42.53569317900129,42.83409657217384,42.50722599454972,42.54658854997111,42.56014284161837,332030.4536329656
2025-08-18,41.0533767348329,41.31360288528816,40.97464916259935,41.097817710109766,41.08221283705581,248887.76609497517
2025-08-19,39.96695826172105,40.10012434645533,39.76511145622071,40.03475800336028,40.04967624831191,275589.5878065079
2025-08-20,41.31573147027439,41.385094105313,41.03972292651827,41.35615143627818,41.34453052051389,283742.406551188
2025-08-21,38.37337706378775,38.87839216453048,38.3095256127308,38.37149137555948,38.37522181334627,205371.5272534382
2025-08-22,40.29980150342818,40.476745468423225,40.13798994243146,40.29781083261556,40.310708945929,128312.9001445704
2025-08-25,37.25962740207984,37.46860266805767,37.06014806113772,37.2258440985478,37.21813978274776,424929.7105741246
2025-08-26,36.85327181069637,36.9494812804987,36.7304537902169,36.77739343910106,36.78304408961853,698107.2863567653
2025-08-27,34.00775565098027,34.02389499256732,33.954846792042645,33.984450422598776,33.981080780754745,726162.6074883224
2025-08-28,32.251299477890846,32.3363200724743,32.141116533763864,32.25696217740328,32.25552441264767,192535.92782731116
2025-08-29,34.45588752769038,34.51556480775223,34.24502805247038,34.39396715676308,34.39971861998128,172835.8441418449
2025-09-01,36.15926469065506,36.22036626488336,35.80618488479758,36.21655698143827,36.232252391125016,192418.9935274145
2025-09-02,38.25794272190805,38.71051300305771,38.13979261575187,38.3376406616147,38.34443788953272,241469.284756738
2025-09-03,35.65784679563408,35.69576923155024,35.644489595638845,35.689493505025474,35.692886845788664,260022.49396988357
2025-09-04,33.911553111099,33.93841510745549,33.79401050715898,33.884032924873246,33.88484899558532,147449.7804179471
2025-09-05,34.46455149923808,34.78420392290787,34.37199964188203,34.45874312481259,34.45679613003002,110432.3606908296
2025-09-08,35.659117979103584,35.82399394729253,35.693731640497504,35.69939845665563,35.714647876942,276499.80201498634
2025-09-09,34.29239959795873,34.44834238362936,34.230914935262966,34.31735155674486,34.30483951155109,32265.52299059629
2025-09-10,33.30896075099703,33.42868502512844,33.19411761386616,33.35036467848072,33.34997261552971,252610.96800683904
2025-09-11,31.49870578826708,31.62110614786324,31.426248189523346,31.537860307068467,31.53227875846074,152230.55121061424
2025-09-12,34.28484705568218,34.54343397406578,34.0537188034736,34.23175163117129,34.219998280304274,428520.0109663457
2025-09-15,33.43372546299561,33.46159331704953,33.21338542509908,33.43852171631305,33.43986154832115,503118.4589687937
2025-09-16,33.55034954731876,33.52741232161564,33.48172275996815,33.491084324379955,33.48312013869265,510296.62646719546
2025-09-17,33.60068560160963,33.6618700234339,33.25179481489381,33.630617334595094,33.63444920674813,217974.17495084132
2025-09-18,35.5373901613739,35.56389618186791,35.45404236558266,35.519945427705856,35.51367865993697,135796.61844762965
2025-09-19,33.89544684215163,33.93148516256943,33.7879676384635,33.887751521384004,33.89148729995392,164595.23369001038
2025-09-22,35.93406535035485,36.13874821388202,35.71191127487408,35.90248259798848,35.922493365529725,318878.81200272485
2025-09-23,33.7135119740701,33.753575383490684,33.668158846647096,33.704932433914195,33.69902433709595,99955.59486250654
2025-09-24,35.7394834786679,35.804018200978035,35.69133478861124,35.70431175409072,35.70000773600075,619166.6213266297
2025-09-25,32.821708879784985,33.06548206519737,32.69900922035819,32.803529242197065,32.81133625202353,220052.62052115749
2025-09-26,32.599669097385366,32.8740290921434,32.55943849906316,32.63528306441298,32.63360068475579,362255.1958914689
2025-09-29,35.391446276274,35.58405640508115,35.29123966672653,35.36553342777961,35.37167937107795,92147.361659782
2025-09-30,36.60237784349798,36.81448448953694,36.52566233240041,36.60615190227831,36.60149688333261,153954.25388083098
2025-10-01,37.34798455349823,37.41475844827384,37.12716088877817,37.37701601364659,37.367252736782405,85527.43773332123
2025-10-02,35.51544822106988,35.58570287019936,35.44046739783286,35.490818381835965,35.477454249388835,495198.3638263317
2025-10-03,34.257657705419554,34.35919967806126,34.13147852550446,34.226116335352465,34.222392963809774,243744.8245635754
2025-10-06,36.56025215983785,36.68053969721826,36.469984423249336,36.57793997739309,36.56810307079687,378050.4654083132
2025-10-07,37.42950414564445,37.53992545719736,37.31309485533387,37.44263021824797,37.45938953163333,278743.7581999749
2025-10-08,39.07320630057839,39.14871947321348,39.04111294700788,39.1274808235682,39.11693261591368,355430.5080082855
2025-10-09,39.20050183703514,39.33355636099463,38.76613255019912,39.27137595456782,39.262003891283534,219155.07949738824
2025-10-10,38.72000939845753,38.763138586293785,38.72899020053101,38.72939385192722,38.70228107555391,237488.06446639012
2025-10-13,40.25759908290557,40.2395067050453,39.897007762514015,40.22573810674043,40.2200659041766,253967.2368025277
2025-10-14,40.72221152023703,40.84843350182161,40.21661886236769,40.74556955746339,40.744773935230064,342278.1511536786
2025-10-15,40.46348228882528,40.47593922925925,40.23954660617602,40.40579115622835,40.41343718798572,347761.1083365837
2025-10-16,37.67213640321445,38.02881759459039,37.577294745483655,37.679863563247046,37.68900534489831,1449692.6557882696
2025-10-17,39.491505543139326,39.66339367649911,39.21542437478596,39.49944529998183,39.48613566449313,735982.2469496422
2025-10-20,40.35701961484199,40.42874990203645,40.26363260208134,40.3686898684482,40.38173432837068,92294.95206416004
2025-10-21,39.21668077296429,39.630081874215925,38.98205445587425,39.17822371950663,39.17282794799727,246258.41061767103
2025-10-22,41.49021710540465,41.69474059162987,41.28571589956055,41.53004070041743,41.517456585122055,210336.20292751672
2025-10-23,42.029015238502055,42.04558097652952,41.88579712536659,42.03443600640288,42.02970861672218,578433.1656313713
2025-10-24,42.56284347600887,42.78563219657328,42.58059493509018,42.58615394225391,42.57155647047883,222026.3222322096
2025-10-27,44.46350069621393,44.71658206536885,44.27100869352378,44.48848400690648,44.48791804576345,354538.8913197788
2025-10-28,45.98583327458527,46.14245351641879,45.85980220020976,45.98421672958979,45.99059658317631,66023.30216694225
2025-10-29,46.65223896761216,46.87483969112651,46.64770710460834,46.65752635203812,46.66039116794914,108211.13086515524
2025-10-30,46.27449941127448,46.4101385788491,46.072208458333286,46.22588497479161,46.23418138570101,941637.733053353
2025-10-31,50.98718210193047,51.42128885758186,50.9814707651103,50.98773145395689,50.96057132322373,276549.9235345232
2025-11-03,49.200524943055086,49.26448084188248,48.91589075467151,49.17323351595437,49.19000687196519,147402.7604123584
2025-11-04,51.02971020510395,51.54029143698136,50.99388132504891,51.02089608272348,51.02016129690514,310432.7350953136
2025-11-05,50.8824791497246,50.8685027331986,50.72033796872921,50.81115253703972,50.81769976451687,142652.17846570243
2025-11-06,51.95131598237862,52.11754362648877,51.95851868990731,51.96703003113077,51.95898466112548,0.0
2025-11-07,55.21764783875805,55.47741963267183,55.01308488447651,55.23419442335403,55.2423788654102,112243.87477993598
2025-11-10,54.43215520247314,54.43732802743578,54.121198303671854,54.39163133827401,54.38593110304663,167170.12230617477
2025-11-11,56.017143709048,56.057735562218,55.69768413206233,56.0348508811696,56.04381676236902,209022.66840320907
2025-11-12,56.80468174188929,56.952417900427726,56.31146870850657,56.77638486378338,56.771220982562,525665.0956221691
2025-11-13,55.13533622586365,55.02034483838056,54.514009226858846,55.006735187267786,55.01909236254006,354487.2310178746
2025-11-14,58.47903259703696,58.63916402200098,58.36595825885331,58.53633689990983,58.534474434907246,393609.43761976063
2025-11-17,60.72437732196384,60.727164486922376,60.37111766293035,60.631509829026186,60.6328793040895,264219.4294833872
2025-11-18,59.31569636047999,59.43477161774062,58.98536961352114,59.34490631672555,59.33793670143539,439639.1074608864
2025-11-19,62.75639160254491,62.79968434142654,62.52472535872144,62.6725558619374,62.66999655078196,158877.45144464055
2025-11-20,60.1926420918044,60.35257977618959,59.97782485914623,60.15137548996337,60.163955497046906,172884.052671111
2025-11-21,60.102960952853984,60.39195427410723,59.49598122513294,60.066901130695854,60.05169670889135,342680.7870670078
2025-11-24,58.79887603680873,58.8966804591658,58.321869412613175,58.80775384040595,58.80018268704718,226956.02744062504
2025-11-25,61.01824344226493,61.1339014244119,60.75241916674982,61.03353254170497,61.04226803524155,266117.30611453345
2025-11-26,59.56228119204868,59.65197427440125,59.17042195361859,59.605316682504224,59.60116313558668,243170.67286426996
2025-11-27,61.883594903070936,62.21199737938269,61.64403505669225,61.88320652149887,61.90326247456405,569247.3044999872
2025-11-28,63.71779978983686,64.36301974331352,63.556192805255385,63.72952037809931,63.74860149809156,587323.9142250668
2025-12-01,62.5721781760276,62.65499734368947,62.1711054450392,62.5602280305549,62.55960886995467,184296.3877561073
2025-12-02,68.38517776821803,68.91147447927534,68.11914537382438,68.48178194327872,68.47431241037056,93346.94217439595
2025-12-03,66.00891469581371,66.13636593963174,65.76862456992988,66.00741994987958,65.99512167490062,175098.13365292357
2025-12-04,61.64723920172547,61.61461227910242,61.344228050259325,61.56949829088673,61.553622936956806,156658.55577973547
2025-12-05,64.2921702546121,64.70631956885755,64.03139883813516,64.23153257040853,64.22757684032892,441992.8588491554
2025-12-08,57.76198652207181,57.85816940547296,57.74993773865983,57.76065792433313,57.73047129876674,466166.65879247466
2025-12-09,62.34029585994786,62.25066144301044,61.59005095535378,62.18096223669877,62.19896555647602,144546.34910812086
2025-12-10,62.459842421778426,62.56817655057692,62.3561232370042,62.49592465041942,62.49303252853601,170637.57551664193
2025-12-11,58.237302536599856,58.272801245182855,58.150911685785466,58.24235052009799,58.24375484359601,110480.39326130452
2025-12-12,55.49640297205187,55.62189979245464,55.53868863303507,55.57701827054017,55.586234325309526,290868.6629234801
2025-12-15,51.24631235090171,51.56902463298307,51.24123912322802,51.26700552465193,51.27374687059546,261202.21163289825
2025-12-16,52.34088305116419,52.32958820331889,51.94589236422044,52.24747427842548,52.245584601473446,430831.8227338207
2025-12-17,48.91491284409124,49.180649295215055,48.46184507670725,48.93279686053714,48.92918999816413,361594.52875694906
2025-12-18,50.08659874664841,50.17263284352829,49.762254905662985,50.163239709025625,50.174820900893856,386977.48136581166
2025-12-19,49.45760989120314,49.73466101025086,49.37096072884552,49.4145204845221,49.39611329044448,106382.7561108968
2025-12-22,48.28728286453763,48.32524594514947,48.099585318910414,48.26849627141278,48.27172700744202,184278.6656323913
2025-12-23,49.5410990859617,49.66489730455502,48.99225354188077,49.49998212054496,49.505269573667135,474178.1542194609
2025-12-24,51.034903871744426,51.33025065251458,50.7343501413623,51.050068349592046,51.058098229448944,194240.88225351396
2025-12-25,53.97075492158583,54.03429939096486,53.94213059695489,54.02516495450058,54.03127237013901,101059.06989580876
2025-12-26,52.35111418434663,52.56838443555032,52.33770131367976,52.36072883432802,52.35281920153888,435736.83381253405
2025-12-29,52.31394418335561,52.6521020519096,51.8359282724094,52.284934149779154,52.29345307289928,189783.83690902925
2025-12-30,50.66656911486235,50.89095665433882,50.47394458511616,50.670233937836045,50.68439757949639,507667.6073570865
2025-12-31,51.10103650431315,51.25745545625972,50.76378903136524,51.08121928103551,51.09172101168919,265388.7914964601
2026-01-01,49.12882670065168,49.298030441756936,48.848066247611705,49.15521411853332,49.14297534279181,227218.71487809307
2026-01-02,48.157458996015976,48.42239843905036,47.968266262678,48.13699612604963,48.1269655277662,607990.4992994661
2026-01-05,47.15160020664465,47.324092634364455,47.06867353551699,47.15174231907072,47.16160667628425,122811.58473981314
2026-01-06,47.80763585883746,48.0946506757623,47.60272215507049,47.84140585934743,47.85139334817176,634462.0210085869
2026-01-07,47.85625640443762,47.868751376490295,47.77307004668979,47.84955985111546,47.84553073144398,182843.5965396342
2026-01-08,49.04400371341253,49.07919746128189,48.90801989513236,49.06297598088101,49.0745059841941,295794.99715642864
2026-01-09,48.83557056288724,49.29637330929521,48.67729148324508,48.80544957357159,48.80300475982839,297476.978343836
2026-01-12,47.46968428605781,47.82910458386344,47.24712769491672,47.428271962605855,47.42395860721168,207674.68208205563
2026-01-13,47.90387368706373,48.05083967359857,47.75565593326225,47.87986012775544,47.89841906126329,169860.43121051247
2026-01-14,45.68460377812279,46.01260821939316,45.45669305461753,45.75941985354274,45.734161207887205,214938.3854253115
2026-01-15,47.02038282786089,47.26782811640863,46.97703582154375,47.06579052606316,47.05374792788014,145985.47212179514
2026-01-16,46.37813321100232,46.68750761818125,46.33146023070788,46.40767526350033,46.407456700096986,870807.6434163561
2026-01-19,46.84286729913001,46.88949315368525,46.66618424819864,46.88019865972377,46.88056484021728,201052.5141986952
2026-01-20,47.36810226807338,47.74851919525037,46.97431516830972,47.39382986524915,47.4322170125593,537867.9444801415
2026-01-21,51.34563828938391,51.48293515667033,51.2706573378641,51.29817473149114,51.31956737479887,496979.36005190073
2026-01-22,52.3124060867841,52.29250433725924,52.13969888023678,52.275883308881816,52.284243956584525,333619.9812058753
2026-01-23,52.44440452453544,52.862439861988335,52.07019608286127,52.46664258076012,52.464921781798125,247358.1535087785
2026-01-26,50.73321502237274,50.796833144086015,50.533533720181225,50.70320918463604,50.69866077402874,301422.769542442
2026-01-27,52.77256400507369,52.95451970623928,52.2270366429859,52.755215871608215,52.74457507828506,378246.6822710428
2026-01-28,52.05507367688488,52.15426871416346,51.87052019980463,52.0567842009184,52.05578239431793,285010.4360666036
2026-01-29,48.333604964512126,48.40880239743755,48.09687608230185,48.27817077623027,48.264951521973366,104814.83598727622
2026-01-30,47.78454765538214,47.96264577093865,47.72049469564576,47.81616831092129,47.832405993812856,90130.43791564809
2026-02-02,48.27449014636771,48.58563230799147,47.92429974433389,48.27194334097423,48.25800871952856,663572.193744246
2026-02-03,46.310924760258686,46.69110362270416,45.928978795586055,46.35964225866686,46.37051229549952,55225.03477974401
2026-02-04,46.04460120723756,46.1947828690504,45.95480261593583,46.09082705528677,46.09425348439691,301767.1861224263
2026-02-05,45.86693171423549,46.01107298662749,45.69231957722831,45.92943087738642,45.925972100604575,233051.1395014745
2026-02-06,45.75868179296786,46.09492326599965,45.72112014525597,45.80383783404581,45.80779333397465,295516.7174055334
2026-02-09,48.69050002630405,48.71847995861668,48.5844761767548,48.68645415464313,48.69329378802608,135404.2402256132
2026-02-10,45.61850485734072,45.930947672929776,45.28183163990948,45.63230790854536,45.64707454190554,331176.4165073924
2026-02-11,50.44424763977101,50.68710700702066,50.19666094850659,50.45786476884734,50.46281408846513,0.0
2026-02-12,50.36222058744483,50.58877020545303,50.19028350031555,50.37729161509046,50.38264817565334,1406488.9470010193
2026-02-13,51.935711122315,51.96257411416269,51.48405139811854,51.84380539863958,51.85394763061374,290102.04747527
2026-02-16,52.11427651301639,52.36827441729093,51.959898878497015,52.1736073035331,52.157383230413465,602559.1200497113
2026-02-17,47.8497851002031,48.15590806837404,47.80483732434158,47.90938885082488,47.92392371101213,109183.86715807836
2026-02-18,45.43489525520782,45.53628002134121,45.43645802173104,45.47333944373332,45.47336792272194,494873.37009168585
2026-02-19,44.30830654948324,44.59089881115112,43.90183774781195,44.31149231689624,44.31177514505343,307356.6202178597
2026-02-20,46.5667490944869,46.80582523222621,46.485715788017245,46.54279020128352,46.553055008190526,315477.67899218336
2026-02-23,43.49343960040983,43.54334034383838,43.26045848319108,43.4665517298914,43.46098506082967,318106.3774405618
2026-02-24,41.70724833661775,41.68961233887687,41.63481645145081,41.66788725375567,41.664240149798914,746986.8818022964
2026-02-25,42.00517556184775,42.180000991533056,41.62287546800428,42.009722646589765,42.002400011991725,312719.7432465737
2026-02-26,42.98687356415644,43.24981907669119,42.94593846099449,43.00391692467241,43.00164928868942,167632.0655266561
2026-02-27,44.0279356016412,44.07444672057896,43.92178681728775,43.9561349828447,43.95049465494361,185430.82425963687
2026-03-02,41.754403693564505,42.07895826885359,41.840960752174674,41.87098123025675,41.8408433791241,438132.43046490254
2026-03-03,38.695259007655736,39.018216654759286,38.56508435241646,38.69283068342644,38.69447039174264,350976.052958843
2026-03-04,39.755401791450666,39.91144020156811,39.61397874664967,39.73831404045079,39.75733130059199,107121.15930376809
2026-03-05,42.7354372572777,42.94153339588173,42.49830964773432,42.65551430251592,42.6526399390373,365413.5826781798
2026-03-06,41.86525703431951,42.02854252715442,41.87077028277661,41.93489269855511,41.93324419104478,140167.66412270116
2026-03-09,39.61306239246426,39.85345901259768,39.56745097321949,39.62971232621263,39.6399161809274,349044.5389669512
2026-03-10,38.74504707747808,38.96983182504416,38.593897715722605,38.79771925692114,38.8007624797801,165490.25284836875
2026-03-11,39.490422315353975,39.88580715945846,39.51125008257095,39.56156494265469,39.57510081178094,226638.37379379472
2026-03-12,39.101365770876576,39.19681951817145,38.839916880406015,39.10936464076791,39.117997046842994,193515.8935573776
2026-03-13,41.96156655032544,42.07693070640884,41.63763382479264,41.926637730154766,41.93164842119492,667535.4589988242
2026-03-16,43.94142481233488,44.0395377651962,43.75701784911305,43.88849662013343,43.87973823206166,341501.9438894524
2026-03-17,44.26762146486059,44.35228532718807,43.85021758616913,44.29117873844875,44.30545083995148,571870.4744121667
2026-03-18,40.24176534464774,40.65764876699398,40.14213747402437,40.214961017867374,40.2486325485745,1524424.527939498
2026-03-19,38.85583534152509,39.096321361675365,38.66610442515832,38.86351938599069,38.86173263378009,275979.86942076136
2026-03-20,37.847195202206265,38.08643526910968,37.56857520256272,37.82614216331281,37.8269691571837,660791.8131297958
2026-03-23,36.49902010534208,36.486778742947465,36.260744378035,36.45693148034241,36.44530218598954,176367.75316279064
2026-03-24,36.79606823314796,36.84527855457603,36.741801204242826,36.80321653806562,36.79756319248469,569735.1404583917
2026-03-25,37.230720522104384,37.28421288208855,37.14279081353797,37.19066712634402,37.195533423791055,165296.2655405074
2026-03-26,34.19726974413861,34.48882140810558,34.13060638247632,34.238802345687375,34.241653887343816,265388.72609947226
2026-03-27,35.65176506226665,35.67300885123578,35.47741811613133,35.628374659600105,35.61583084736272,370321.4140310699
2026-03-30,35.69450102008039,35.69172685383249,35.46400072704252,35.657642667883955,35.66764815287965,406987.9015389434
2026-03-31,36.328049963009,36.36352368721239,36.13280290511062,36.29428868152961,36.293896614614994,125050.00980624412
2026-04-01,37.61127600093498,37.6579908060541,37.4647212358514,37.65589904383666,37.67270131330852,159498.02930646128
2026-04-02,36.24890526342935,36.25641244801568,35.92945506794882,36.25636722260345,36.25456519687061,387267.1512886341
2026-04-03,38.59601658919273,38.92503010105555,38.22452730409963,38.58435735598411,38.58725352756693,215210.10491070588
2026-04-06,38.33286887946953,38.41605672686662,38.1842611837308,38.31589292960091,38.306004880370615,116028.47274679504
2026-04-07,41.2951889975208,41.53225369640017,41.18877305019252,41.290404432707376,41.29398239814547,257149.7706460897
2026-04-08,39.56361803974867,39.70871508029637,39.37523790128915,39.50715495584159,39.51013730072012,249850.26972655923
2026-04-09,42.36316288944918,42.619818119372944,42.25775160340281,42.41812175968724,42.42365834225598,298387.71854846715
2026-04-10,40.55626872837646,40.57676520994614,40.5160458949214,40.56601474725086,40.56429497907086,368628.5559400784
2026-04-13,45.93426001938658,46.04543185528608,45.91715229931435,46.01191765026599,46.01426197325009,354828.8414565016
2026-04-14,43.92624698926845,44.16048158832406,43.47525356093353,43.89897480340266,43.91645549935197,169243.89907402665
2026-04-15,46.27861524961164,46.45355098492441,46.202817636613375,46.2529624571312,46.25826425686008,209714.6169941272
2026-04-16,45.58531361755732,45.77082535747782,44.91572580310864,45.4331759317172,45.44270695369962,468210.4793386544
2026-04-17,47.11657821655432,47.22658723773918,46.80306900744056,47.06826924381242,47.06633651171709,193704.4997766942
2026-04-20,46.99082160341904,47.13472629032979,46.87016673145224,46.97525564120277,46.96494053383424,211704.08747565595
2026-04-21,44.52176785609536,44.58443615164963,44.4405996434045,44.51042236861744,44.521513769887655,108818.7085108338
2026-04-22,38.75379337908719,38.94885547502208,38.57532233573459,38.76606713890544,38.76558963000232,263759.16657079285
2026-04-23,43.88663492718428,44.17084226533515,43.70502213830249,43.88090900855869,43.86398276778805,330103.7502923708
2026-04-24,44.0527766855807,44.14380586038204,43.70352147897138,44.04061051265862,44.04724683095152,82018.82466065542
2026-04-27,38.00502511334387,38.15610732050588,37.66045623780824,38.07984284015278,38.07800854110655,141188.30446519784
2026-04-28,38.662087764106495,38.70206483683632,38.57498520248483,38.65447617241421,38.63341421445539,114343.6147888649
2026-04-29,39.999350038122856,40.06605088260888,39.61533332098524,39.9953101291097,39.99075348412345,430632.93281866587
2026-04-30,38.67541418364501,38.890248451859335,38.51561839574533,38.60769577267593,38.60369608474762,85185.73216416054
2026-05-01,37.27570401313156,37.370096071185344,37.142309277609925,37.28061281702769,37.28850400227406,255963.27131230757
2026-05-04,37.21647470976256,37.299638579376605,37.2011899392168,37.24498743684828,37.25696392438811,412799.5045651016
2026-05-05,39.53693209740992,39.53590433934367,39.48380364847949,39.52631801293696,39.51238449582458,300346.77101256594
2026-05-06,39.72596114187667,40.01293870166847,39.62699207450152,39.72300781283646,39.72477715952928,206081.046896994
2026-05-07,42.69697720955927,42.90064945637223,42.67400847004106,42.7025541897454,42.71719741595083,330341.0987094695
2026-05-08,45.10086211126822,45.25717330194002,44.92887794231511,45.15861948029454,45.16705640012524,499910.3094925263
2026-05-11,44.64509206385536,44.888331764838405,44.34194480805963,44.65205865566762,44.65116032337928,251559.05036531977
2026-05-12,41.29492662987671,41.372959083256816,41.05633696805628,41.31885817670264,41.31308572993564,70027.10499093246
2026-05-13,40.85079190024059,41.06834137676045,40.75517502001566,40.85963725575873,40.87265645257949,534260.9533624137
2026-05-14,41.96830068568254,41.96326827738187,41.604516126405215,41.93759593964244,41.92018678347477,341177.7198340148
2026-05-15,42.03455178127823,42.063131805283376,41.676297360214,42.06292382654984,42.05617296968848,263064.4086520568
2026-05-18,43.39391747997395,43.51182800561537,43.21454526806549,43.403519748418816,43.40531038034101,81779.09201313138
2026-05-19,45.32102304243508,45.33664350339238,44.8433160110971,45.2965083471325,45.303056436729584,224361.7173651441
2026-05-20,46.48904746143111,46.64682868691352,46.48657025146342,46.50157509197618,46.49690848665456,158690.91555016852
2026-05-21,45.99401611692314,46.2160359573731,45.80930401713346,45.874321480144864,45.87699092198637,129344.21231292076
2026-05-22,47.0809406913956,47.20994423295332,46.89131942981551,47.06922673763672,47.07011716284298,247243.8415971636
2026-05-25,52.502737420043765,52.78780503830598,52.29564624856727,52.56802148992472,52.57673091577616,194545.21223958317
2026-05-26,48.797148093479066,49.1459829659872,48.59067844404422,48.838138076733614,48.85096019913179,202387.75557874184
2026-05-27,49.98257088881509,50.22299908103988,49.96219267091048,50.02959544603377,50.03613960223712,418225.4080866646
2026-05-28,54.72607731897404,55.2460600285511,54.5955444726489,54.77126505237884,54.764493172599856,312807.5061697093
2026-05-29,51.71178914681774,51.92349089893088,51.52039188090024,51.68403595045108,51.67719974357313,199324.8343130434
