date,open,high,low,close,adjusted_close,volume
2020-01-02,70.20804943808444,70.23422090360091,69.6679796283155,70.15468788028278,70.1814588880631,524394.462068639
2020-01-03,72.81322373045063,73.09668078780226,72.79363045225735,72.88651875779333,72.88750736129579,224920.1037414805
2020-01-06,76.23153101925406,76.67689841841208,75.73664209538876,76.08825390555859,76.10636805446323,490023.31129682
2020-01-07,75.2189614100423,75.5611849605579,75.11388442442183,75.44208540600833,75.45441519952155,227421.4554084846
2020-01-08,75.00769870367314,75.26111863820998,74.50544313184305,75.12523038083447,75.11308171469582,166565.37174867364
2020-01-09,77.81470713451125,78.19843915787763,77.62893150965732,77.75290241425628,77.75637635020593,124105.28273184244
2020-01-10,71.64859149487323,72.33200297843146,71.17588524735721,71.63559579268806,71.62215475351903,250129.00423711445
2020-01-13,72.91987204258987,73.06164884375544,72.65233316733342,73.04636716980845,73.03974526906913,168244.58997747503
2020-01-14,72.59052294844426,73.10570933602514,72.43203584893035,72.50524778693124,72.49620986237151,453035.2511708532
2020-01-15,71.56348633032246,72.21854147183798,71.0573118660679,71.64468582989893,71.65000212094215,106468.63520644968
2020-01-16,67.9553926818264,68.49850276160512,67.60207604140861,67.91329785489629,67.89223013971406,402093.0258054714
2020-01-17,68.34848020155029,69.23783697117163,68.19526526520926,68.532977406032,68.52963579613937,162046.0128284074
2020-01-20,66.04650411702569,66.72869116767389,65.45847784126259,66.14939742486774,66.15428476753513,301150.965711612
2020-01-21,66.85012483787501,66.99450604035525,66.48679001225257,66.78773132113069,66.79462244642292,181295.8418420704
2020-01-22,67.13484714769281,67.43552897345648,66.76209663943516,67.00422895641563,66.98662925106088,481275.97721905576
2020-01-23,64.89586861941106,65.36327959723332,64.82494156302654,64.88442007849652,64.86421801286879,230660.4324443229
2020-01-24,68.4080313901265,68.53242764926841,68.17192798254194,68.39939235441335,68.36535577271785,425923.45143171307
2020-01-27,67.51238579635239,67.72396131160764,67.25824823769818,67.61312704909412,67.63028350799455,314663.54245785746
2020-01-28,69.28633181794417,69.5373642400367,69.31324130598868,69.33489423184965,69.36720586775732,476648.4085858578
2020-01-29,65.81304632732763,65.93756152247123,65.81411412966199,65.87745143361293,65.85192820916166,199418.01423170156
2020-01-30,64.96958016205207,65.67973284503698,64.90841185955117,65.01831128332711,65.03831771711492,637029.0353185636
2020-01-31,61.9015749086925,62.035658044086006,61.65982299413785,61.99634541547523,62.0200351060228,197573.4275362583
2020-02-03,62.09899824571609,62.123467411864034,61.67886975002924,62.052260338380215,62.05314443138153,285809.81784684095
2020-02-04,62.986661205923525,63.383869569981904,62.82003157785431,63.01728040901136,62.99760161709181,255444.577243584
2020-02-05,64.06142354135844,64.43382982041389,63.38449832192859,63.969425602999095,63.98087234479323,421966.14054699824
2020-02-06,69.32089904986009,70.13108505501837,69.04072613075138,69.38622211276807,69.38957147632844,650825.7348684056
2020-02-07,72.47118346401619,73.02052547734404,72.30505742583577,72.48720773169607,72.46653856340565,260718.2615155624
2020-02-10,67.4287627755841,67.81008751958873,67.23214146248908,67.4211551004234,67.4264355673844,480681.6662690209
2020-02-11,70.08528345120462,70.12248444734433,69.54447788976543,70.12062589526136,70.13291175955034,140233.50215112453
2020-02-12,67.58521824357676,68.22596942348117,67.63192575208885,67.6883690727733,67.68756823552867,319120.3619900988
2020-02-13,70.30270835220374,70.65114000650534,70.27402261400977,70.28394429011183,70.29222163705599,714115.9803832776
2020-02-14,64.72558771364436,64.73114784400325,64.5989603429643,64.67361377342017,64.65951463782166,283136.8771267738
2020-02-17,64.07978392539357,64.18895639563905,64.05205496656268,64.05979762878287,64.08038419823765,338867.2809047442
2020-02-18,65.19941329135065,65.20812157750919,65.04173722176742,65.12960244027647,65.11402499678128,524617.3198613006
2020-02-19,62.10435343640401,62.56835569614952,61.74251262599356,62.15156659184655,62.14521366132158,196376.18410167136
2020-02-20,66.43436768636099,66.46385516270348,65.37436494575883,66.28692508322438,66.29686528673298,947163.559627049
2020-02-21,73.07786542335896,73.96728302685969,73.04018825881565,73.09111385387351,73.10582726714999,232790.38602601364
2020-02-24,72.77310085546358,73.00144983464048,72.72207023830288,72.78531221244153,72.77605210853268,335734.85699678346
2020-02-25,75.65824555309908,75.77003064186326,75.60371260005195,75.61504683891494,75.61236040401278,101919.31169013496
2020-02-26,79.11488880164444,79.46048122432474,78.70367470265597,78.9608160387427,78.98122821300193,522777.8428786263
2020-02-27,76.55618888353685,76.72703716821418,76.48466988948354,76.57988968821168,76.57432384081437,321112.61797255784
2020-02-28,74.28246203387934,74.49810269157678,73.61210164107453,74.18510768853015,74.21394214941758,248818.53488717176
2020-03-02,75.46835951547777,75.52360688209282,74.88089003786023,75.45541594157481,75.45765268404406,149495.53331766027
2020-03-03,80.93905524605667,81.21078505430094,80.42703353656874,81.07934503812928,81.05926303414209,880591.1805957437
2020-03-04,85.20071679541414,85.42525294118583,84.93945814719692,85.17871803863851,85.16482767721669,370801.0999916304
2020-03-05,79.09380807767934,79.17599023702041,78.71138348739144,79.10578757085152,79.13881384948732,756056.113709663
2020-03-06,84.01892530776699,84.32398908678796,82.8948093025523,83.88661755772253,83.86444609609974,321567.0299671904
2020-03-09,88.70506114250712,89.2648321524029,88.5263725708894,88.79447025322123,88.81787519063346,326474.65459272306
2020-03-10,77.12301248657322,77.62316816899869,76.98697088523642,77.1679957000873,77.13870137411168,320381.3747378982
2020-03-11,79.9580767713093,80.27905714999402,79.56627687516776,80.05130870759554,80.05095922759341,187842.6676410176
2020-03-12,80.26930417964792,80.27436073084823,79.66050930075988,80.20170497543243,80.18580200296745,204592.2423041257
2020-03-13,85.50940310219829,85.64046258434816,84.92297404767741,85.51159131725659,85.51578498158099,284144.3767415444
2020-03-16,89.82688451052861,90.30124303983216,89.15302144161018,89.79051773150744,89.76627894226498,795606.7943596732
2020-03-17,92.35801356601657,92.6066702017533,92.12002931983226,92.3092945911912,92.348810308427,70821.22959896675
2020-03-18,92.89608481106472,93.69618930580054,92.54932931403444,93.1031929705469,93.09324411009884,571245.6779079904
2020-03-19,94.58428660988946,94.9673854725342,94.26218301044896,94.80983122329631,94.8273841048672,152926.0057987982
2020-03-20,88.03182301528459,88.64169256142733,87.7373448787337,87.93059918008244,87.95830179172764,255118.1991966109
2020-03-23,81.16517948947393,81.49088623841557,81.07923146307974,81.22136582576374,81.22280967044743,197723.2704171684
2020-03-24,83.74740827764684,83.89032913599448,83.02271096819156,83.69449621092421,83.66959901391904,402643.2015363284
2020-03-25,84.18946493226623,84.67939395746218,83.93220034685113,84.18577281481242,84.19194163565541,647842.0538160588
2020-03-26,87.07215048285671,87.03624170629075,86.15160299919508,86.91394675923733,86.94017858696951,416956.5911779391
2020-03-27,84.98984829461283,85.46617047199298,84.92526576157556,84.9998858329714,84.99518086856791,165273.8169621095
2020-03-30,82.09840822886275,82.04899677337917,81.50793580002087,82.02932811264816,82.00243327079072,311230.5354658837
2020-03-31,80.09457676904898,80.11705513306245,79.91318177124144,80.0903469671347,80.07182523317731,452220.1613937455
2020-04-01,77.01404701687743,77.28232480614982,76.97990448027191,76.99733146418167,77.00144836872401,333772.7898981605
2020-04-02,81.0588762638278,81.29889340502147,80.85562188640495,81.08980607797142,81.10143646288293,426500.1923515778
2020-04-03,83.95598680659933,84.73027953887382,83.62907538649081,83.94602372450058,83.928479252485,521583.3141168861
2020-04-06,86.19845414227026,86.2902233749088,86.21409430914963,86.23689149480965,86.26978476759469,198800.9576612253
2020-04-07,92.35740529844058,92.67030906886232,92.16291133950894,92.45579163100216,92.44317925675703,272863.2141319998
2020-04-08,88.96997138562728,89.24542473558773,88.64459917971608,89.01126977264778,89.01455145809705,343630.4323144358
2020-04-09,83.4643740244715,83.80358898203494,83.37503518129128,83.49118443011957,83.49206313039183,437635.64793212427
2020-04-10,82.57901765916452,83.74064434148919,82.23723804775057,82.53610036729015,82.55238688747643,295484.3280976759
2020-04-13,84.07751858497159,84.36011095920998,83.58775043318622,84.18376987929221,84.18524476928319,108398.07823798236
2020-04-14,81.20736818019684,81.47830622294563,81.05849403750324,81.32465150408869,81.29861702576157,278130.8381333351
2020-04-15,77.12640142882465,77.4910004020738,76.62416619147746,77.08393148136022,77.08189980247309,241579.32051770383
2020-04-16,73.9803134190244,74.14389254387373,73.8117704130629,73.98720240031645,73.98320705511982,188145.3902453917
2020-04-17,77.13185207047636,77.02866773441943,76.0808778500575,77.00906547854008,77.02177190424608,151329.0286138184
2020-04-20,79.12755937975994,79.40731692008026,78.76981256690347,79.24023401074923,79.24665903064202,140342.01801564472
2020-04-21,84.83340810828257,85.01048983568397,84.62253759380182,84.87401557880695,84.83440739033674,206154.46940610145
2020-04-22,91.21110789225938,91.31271367783486,90.65042397878106,91.07398104443244,91.0637749336993,183938.04499163208
2020-04-23,92.22768055689636,92.73332745303236,92.07107829860148,92.38696721744378,92.39289195549988,226983.67351666457
2020-04-24,84.19318882367415,84.20144892697594,83.2392488189243,84.1497557802817,84.18297932993816,224092.1724190637
2020-04-27,85.2433607423297,85.2512990749211,84.8231390585408,85.23913001253727,85.2258641614552,134166.35303055448
2020-04-28,85.62024238682947,85.661112270632,84.86997293106529,85.55256287661317,85.54500165666313,70127.9075709137
2020-04-29,86.7725917796061,86.96553244680295,86.26067460426943,86.70056436295607,86.72328267750017,588175.9302243977
2020-04-30,83.88804465758135,84.02781583325421,83.57863163218491,83.97277151101221,83.95764984711165,323148.599653021
2020-05-01,79.30666752756403,79.7486197713912,78.59483758902086,79.1891943231828,79.14637235107504,176387.56852296222
2020-05-04,80.1910888931446,80.5010636819882,80.17633794323206,80.18031095509491,80.18868316613843,269272.59952405497
2020-05-05,74.41891982013281,74.4845858429351,74.19094729482525,74.39918966471188,74.42340820212618,691372.7567529728
2020-05-06,78.07804230624869,78.89369602194031,78.03171046602505,78.04182242140388,78.04946438801451,624043.5314788555
2020-05-07,72.83014008953262,72.8205934332524,72.15116766617173,72.7805130873558,72.75482562839606,102031.56924870017
2020-05-08,65.91528350767973,66.41770092393523,65.72182831326924,65.9957800929473,65.98962666726686,242385.4445424922
2020-05-11,67.35688603140503,67.58099145289943,67.15555926834337,67.3365050196072,67.34476945935548,319042.79874237085
2020-05-12,66.18832932625766,66.52794579544273,65.78435522659386,66.16614809167075,66.15008586685873,622437.0405616323
2020-05-13,60.1461648474422,60.67870113288392,60.04972152562298,60.18721620540052,60.18741003489036,0.0
2020-05-14,58.116615002275786,58.15400642725981,57.92841063155488,58.0910368702824,58.075993734505005,261921.65542734225
2020-05-15,60.04265188671892,60.08755485691216,59.63927163159565,60.0334676190689,60.03609782696424,157285.1658813212
2020-05-18,60.62486183210521,60.76189304090938,60.07047446892736,60.70590378938066,60.71548251325563,215306.66069352196
2020-05-19,59.543546292909646,59.64527722267101,59.26848556661803,59.51665719928408,59.51655730901085,279116.2598131735
2020-05-20,59.39814444841343,59.48745029439299,59.38353541098693,59.434198023088456,59.40946050247633,161192.00928329333
2020-05-21,58.87440915267004,58.87796349058591,58.59424663886743,58.789596467000806,58.75950843849808,212272.895798453
2020-05-22,55.53534760774493,55.555184125408886,55.392057864926,55.531016295829815,55.51014891651386,283480.34434088704
2020-05-25,51.31031743281934,51.47133340380822,51.19327222843352,51.36481321901408,51.34829232793689,457704.10216412233
2020-05-26,50.91693538029849,50.937320691325965,50.61123123931883,50.87452526532276,50.83732831356358,165853.31603772132
2020-05-27,52.41737262765734,53.26951333110013,52.324603286584974,52.475529746349785,52.47345335284993,336063.4094222766
2020-05-28,51.62489164352149,51.63847596675839,51.08894244485396,51.597313794682414,51.61626644906144,251983.6505700274
2020-05-29,52.35375113306643,52.62937028701012,52.31019110009025,52.39256173535161,52.378837969410505,424956.2850245797
2020-06-01,55.290734697801824,55.4794304233249,55.079477559588845,55.27201250980388,55.27975139844952,102816.89774567638
2020-06-02,51.63280655645833,51.76640024015534,51.46889093301812,51.72807353561747,51.72780744021495,149852.44573656798
2020-06-03,53.47591423927812,53.67733163620833,53.54127961909965,53.56824994288085,53.58454015557124,173828.66747737638
2020-06-04,49.60062023929922,50.01537147967609,49.414180398632446,49.54268977926775,49.544181814354246,121502.87673683622
2020-06-05,55.14427710893328,55.199933694280695,54.85738279977852,55.091204972946414,55.07740146273655,288745.7061988877
2020-06-08,53.69262537515887,53.79860882241236,53.369748926958096,53.659352206709634,53.65147951434677,262258.94766767754
2020-06-09,56.66421260893546,57.05343130292296,56.12832713806041,56.60368412403338,56.62726835976597,327631.93871789455
2020-06-10,56.81830541253565,57.03022724948873,56.68784470181247,56.84537688650472,56.84489633899679,290314.3923924048
2020-06-11,54.09951215542917,54.278048188943,53.97945261774896,54.14226215865581,54.16902869046599,864167.497197751
2020-06-12,48.856114487049055,49.18512615574649,48.88397650503797,48.8918513226097,48.88170262264627,412949.0916826424
2020-06-15,49.51153347642271,49.6018373332759,48.98246903409932,49.53418013053649,49.53741749240468,375891.092777388
2020-06-16,49.79337682152257,49.8232962676254,49.53287782177704,49.7344532900115,49.72458794285012,242061.58069096453
2020-06-17,50.33957305517077,50.55820454726921,50.14743092761355,50.35743277986845,50.356320740141,719970.2748566341
2020-06-18,48.764215618239206,49.0337865087933,48.54967166947424,48.80650239553993,48.79901991691792,226446.85836882103
2020-06-19,48.87226383687968,49.14331800068497,48.7893602370254,48.84758139791428,48.82870837538502,381134.7482686906
2020-06-22,50.00603317983616,50.440582902906485,49.7908305260538,50.03594682068849,50.01964826119177,222169.80560627807
2020-06-23,52.32993450585339,52.46929552131455,51.88913163815494,52.326421810962685,52.33857468475574,309298.8277581636
2020-06-24,52.32069866907069,52.38644100547002,52.00735279505936,52.27033745865781,52.27414047556452,363663.01099373575
2020-06-25,47.655802438288376,47.72056009365844,47.46187014716824,47.6603102095938,47.65938130883156,465039.3489345274
2020-06-26,47.30629297262247,47.48268710044752,47.2814298306856,47.29506779260597,47.29749604163992,142617.24650737303
2020-06-29,45.86927959771773,46.142158369294975,45.81399102814494,45.8326424924533,45.83039306460879,294458.2994501639
2020-06-30,46.35587595864538,46.39512295402026,46.08829324208951,46.32123588837433,46.30614105627928,150704.128785563
2020-07-01,46.61673735767143,46.70113964945614,46.36809135280758,46.64967720881614,46.65064255580438,217624.0473775177
2020-07-02,48.09409308376833,48.28976731970805,48.03641930269171,48.13134122645023,48.12961300665991,284696.68746538745
2020-07-03,46.41658454409279,46.783575280928616,46.14053874215756,46.46068104693169,46.45902829861471,318768.74508373125
2020-07-06,44.84127822107709,44.96390136329082,44.4944690846524,44.83222772124895,44.8425957605521,262314.4500211069
2020-07-07,47.05460732023078,47.205567046687534,46.872220963033264,47.0636769960421,47.04765269834089,151443.5706123659
2020-07-08,44.63677705601373,44.71836240760038,44.40160877406918,44.61583220382201,44.626551670042815,429075.0419506738
2020-07-09,44.23399737034702,44.32764543277441,44.17143565937881,44.29255861806702,44.29027449490695,100120.81971836487
2020-07-10,44.24980627033808,44.33312163615042,44.2434970547576,44.28177396251605,44.28541540105845,323632.5012355207
2020-07-13,39.98860275473564,40.17908378366576,39.88789835979081,39.95093829020601,39.943578819221095,288683.165187087
2020-07-14,39.994774556492736,40.14546975965682,39.98960890470434,40.00457649628377,40.01335541453274,278601.5723877063
2020-07-15,39.986172767867885,40.07313460953884,39.89313620150314,39.993483362012014,39.99902666260212,602042.9758352903
2020-07-16,40.0601521284275,40.35956217468386,39.97252088053347,40.11223752872124,40.10053545235285,304711.4964510073
2020-07-17,38.3200153827535,38.33318777245999,38.11891738158012,38.28688839056831,38.26573585924058,779070.5823496453
2020-07-20,36.1289103778597,36.36493443411301,36.04948144101818,36.09881244513537,36.101215362378696,648099.1411824476
2020-07-21,33.7902947389957,33.85501872199092,33.73554027389391,33.77958820292712,33.784809546993856,188987.50707217125
2020-07-22,35.651577191296965,36.03142929652708,35.513386392538855,35.69328419603853,35.70385914224787,273399.78659189574
2020-07-23,36.05946160917978,36.05405391045763,35.9679284100777,36.02779751306211,36.02441508133916,207168.4794619284
2020-07-24,34.7226697038506,34.9348656251609,34.56624755388935,34.78978683052172,34.795463099004046,584505.3789259885
2020-07-27,32.78011323834454,32.83927969908826,32.70704615199895,32.78182715308921,32.786980269482136,373674.8091266184
2020-07-28,30.701067445127467,30.76753527756303,30.550295342930617,30.70979686767104,30.697439788613988,140426.1875265982
2020-07-29,30.75095778140059,31.070525916260426,30.650538298340223,30.70883267362996,30.70001137759954,454821.57808451634
2020-07-30,30.57394533198019,30.773598712139076,30.469164750982934,30.54266103008395,30.55399740037964,287430.6034681961
2020-07-31,28.19690782232867,28.31269463430862,27.9789916762218,28.1344003695258,28.142599174768726,460841.2069363006
2020-08-03,26.50446060339416,26.627398007457067,26.351258913461493,26.53608469958794,26.53233730563756,125319.75376385488
2020-08-04,25.48729973329553,25.63959692737886,25.396973486105207,25.465558238427786,25.464776289534,255192.54664790467
2020-08-05,26.50524296148965,26.5518231647056,26.441241931952305,26.49539526413617,26.49289505271044,345093.68283780897
2020-08-06,25.319523404478332,25.37517563805078,25.289457048291148,25.332796067939874,25.33611225029716,192543.64436803
2020-08-07,25.15910354734684,25.174552274025817,24.98139766529705,25.168552591763888,25.17709178113143,358530.12300875067
2020-08-10,26.378549943086867,26.357047903338984,26.148345907173717,26.339316949552437,26.342286633774915,198322.9265049962
2020-08-11,27.520693134237945,27.53519077705581,27.306916732844304,27.522819438069185,27.53000829748707,0.0
2020-08-12,28.295045153274444,28.330793858366903,28.237405261117832,28.32377575609221,28.321846137282808,438295.7726469621
2020-08-13,30.37879121238527,30.46408343167153,30.29351217296525,30.343589244592277,30.32985419486069,333217.4732128823
2020-08-14,30.64079012585024,30.635836712231026,30.61529048029418,30.615754376019154,30.60533990602383,115116.76916999144
2020-08-17,29.407338665645323,29.57819032312964,29.34695910096008,29.39994854213376,29.41148909352848,639062.4592161298
2020-08-18,31.75193956112124,31.861612158769244,31.62495677125145,31.7889658480548,31.79833977535279,449579.9331552008
2020-08-19,32.44238007085332,32.65332816322181,32.5035019057524,32.51161167520054,32.508190570849294,327322.33418984304
2020-08-20,31.309825042013653,31.24399104807005,31.16656948184673,31.23848857134728,31.22823236763785,826129.3375757121
2020-08-21,31.9992005414051,32.318849039902766,31.971518341790595,32.008755300863804,32.0111924023347,261335.66227439325
2020-08-24,29.143342871484677,29.40916530117208,28.969938619517634,29.08348611496823,29.0745286424694,431599.5245096362
2020-08-25,29.25320206438008,29.26503914118092,29.163952222207318,29.240827605542894,29.244052344410647,88108.89747628158
2020-08-26,26.23905218836877,26.308769497901405,26.20862683076969,26.22027232117408,26.218461822915444,669125.4735361915
2020-08-27,25.12876652099374,25.255796783057924,25.096747391575164,25.16140108647734,25.159323471728385,422222.28426388826
2020-08-31,23.00065832613888,23.29774608853278,22.930266676240688,23.001612608817304,22.990408311410658,188866.8791349349
2020-09-01,22.94253705042769,22.97570666562907,22.82705760451385,22.94078713948002,22.9441364943554,972465.7347654712
2020-09-02,22.033218969948894,22.024245548710105,22.002988213677916,22.014992414185212,22.015499423524695,433121.9829011135
2020-09-03,21.959912996474493,22.009361747088803,21.980154948437413,21.983809671597083,21.975470002586288,451858.1064646975
2020-09-04,23.27521402999573,23.317107124665885,23.110815479930157,23.23749356068261,23.236865392906523,161134.60098612492
2020-09-07,22.06463595285745,22.196489445127963,21.913762713739903,22.089713837557856,22.09075782494172,370995.1166821103
2020-09-08,22.810223305474352,22.981973672928497,22.76166745783486,22.80368202891314,22.798461308368843,329292.52757762966
2020-09-09,25.380126137609192,25.663999178308742,25.34784664899413,25.37598295341233,25.37011992518341,294055.91075733164
2020-09-10,25.440412459703083,25.42842176935092,25.382397145065543,25.40341702352762,25.403185901322804,357252.89698635973
2020-09-11,23.389501823227683,23.515245147018454,23.306537788629697,23.42623600627575,23.41782354638288,0.0
2020-09-14,23.77720543789012,23.82013697331586,23.65143135165974,23.80225300005991,23.79489202024844,487480.60030023794
2020-09-15,23.484705528898893,23.70048410593014,23.29171004384539,23.477367445844564,23.476390871322955,165005.1424101747
2020-09-16,25.030645062383037,25.2407171190659,24.866865514485887,25.08127545366974,25.08215848762,268269.73194322496
2020-09-17,23.59387966229912,23.752186272886195,23.59350813642058,23.64111104576676,23.634679744142048,235126.49473288917
2020-09-18,23.330160530422653,23.473506615466583,23.167108102102468,23.3518815727187,23.353473940004832,271149.1262933711
2020-09-21,22.99049558672271,23.07409178329379,22.852770405983808,22.99251886599661,22.992700923301538,119116.76359490924
2020-09-22,22.722525065265163,22.78274077235473,22.638371317610748,22.757830377455623,22.75758382204273,110718.4493211883
2020-09-23,22.03210764680416,22.089205027455403,21.962852739498423,22.02354278338081,22.027945542218472,217087.49634306767
2020-09-24,21.984510680212622,22.17204523071864,21.838654967413856,21.967380660931035,21.96315643164232,99622.84373428738
2020-09-25,22.72965650847427,22.829529261362783,22.713768674204733,22.76634429468136,22.75225095323753,147295.94185460938
2020-09-28,22.71908473664625,22.74102425670301,22.50602686205424,22.70060404808873,22.70475474568527,374620.74928000994
2020-09-29,23.393953252904577,23.471592991798698,23.358160705443503,23.379294885195485,23.37739498789964,218600.3732944016
2020-09-30,24.55486867999728,24.5744045018054,24.44718090452616,24.54927884927737,24.54703700476095,229653.88763563737
2020-10-01,24.102903789725648,24.2005677955957,24.009027512878504,24.067667770107736,24.06557253736692,647205.7856146873
2020-10-02,22.07316258469546,22.359510709699023,22.01273548658773,22.05500658944977,22.04921270364073,60069.593164749946
2020-10-05,21.57285140417689,21.65863712016949,21.37739160010266,21.568928923547315,21.570343461148987,201009.06025593443
2020-10-06,20.267862592740688,20.457516255891843,20.258747844611136,20.2677927286781,20.265840240859166,294090.5742316481
2020-10-07,21.314424458396545,21.390965580326807,21.178267780882475,21.300700593762645,21.2972574269811,344649.85046994936
2020-10-08,21.26410940426915,21.380752753993697,21.19362332989425,21.26506794245524,21.272147800164667,118284.10508540344
2020-10-09,21.872732757617136,21.93401104325505,21.78968121080955,21.854295750595995,21.86075427439565,331233.39060910256
2020-10-12,22.48195541551684,22.480651904282464,22.3201661553347,22.456357811020236,22.454797018460827,209233.52056197845
2020-10-13,23.6993451188173,23.802100783673755,23.538340386939204,23.691414962996067,23.689099115866096,614883.3835759216
2020-10-14,24.765356757194308,24.96328840272798,24.742795780929644,24.77298827776221,24.7669165950094,449413.0887149664
2020-10-15,23.41185515260028,23.58092602936172,23.30257816042292,23.432621102277054,23.432275961020228,228871.10604838535
2020-10-16,22.44620518605495,22.46754757853251,22.411844298656742,22.437038499546308,22.43819501337592,263661.7255618173
2020-10-19,22.37287834597812,22.406747152604915,22.295156380828036,22.340502188528355,22.34287056253203,317896.5635875265
2020-10-20,24.077782773243197,24.160810908087345,23.89329447743727,24.05910044670168,24.059733228332156,299270.6526931378
2020-10-21,22.35649469991806,22.590928668577558,22.349344697175475,22.39952763997584,22.383405048506784,260197.4287149709
2020-10-22,22.37729932867888,22.43743679016476,22.169245735622862,22.352966374118665,22.344450888192224,234209.2430982588
2020-10-23,23.063087558196862,23.23017135939359,22.985049916555152,23.075043393083707,23.07619029460514,868196.6365435517
2020-10-26,22.64721313001467,22.76690931130764,22.580830075747333,22.63903142332984,22.63770767608786,450756.8962069455
2020-10-27,24.564198091961146,24.606140294796187,24.48400916099589,24.585208421838075,24.581093345763097,322769.6218244232
2020-10-28,23.684175042849937,23.745835099427897,23.627792180045734,23.68935326984901,23.68746429530809,386013.27677671297
2020-10-29,23.161365386266738,23.46738921442399,23.088314312862696,23.21412636051994,23.21542595641088,174361.4122841
2020-10-30,23.884438143938517,23.932676894907807,23.75585926968,23.892588331295684,23.88451160987623,235834.3482406691
2020-11-02,23.42871799442992,23.506570335054025,23.22546089880342,23.453398408660306,23.46418182917949,137007.32756020836
2020-11-03,23.98023274038028,24.11488349934695,24.000218035918287,24.022212005635204,24.016146310810218,262443.64552444883
2020-11-04,25.681400042464748,25.82286628114141,25.4030451595479,25.63595586283204,25.63046456819512,146159.89171720328
2020-11-05,25.11917659183128,25.23076465581365,25.096382349149373,25.127328219772235,25.128716957448034,221247.1520604209
2020-11-06,22.245571914774366,22.30471136735117,22.183528713888148,22.20527824447811,22.19757363732392,232728.70832095173
2020-11-09,23.69012071859272,23.771382401882963,23.5695712865084,23.6947900810694,23.70466874636437,186133.87955885357
2020-11-10,25.260736561474445,25.34923384905458,25.15344273559265,25.251037469325567,25.245520855048724,445607.699122962
2020-11-11,23.030289060517784,23.05000172507288,22.886621984066853,23.02297280042663,23.029300618799645,1084378.0797224927
2020-11-12,22.87943492063406,22.96312744780724,22.77471982815993,22.89428629830165,22.89096082206133,108411.2251003886
2020-11-13,22.920984767527305,23.0734561482669,22.764366766432538,22.909339975863997,22.908555264348685,429714.52989354817
2020-11-16,22.45418314310022,22.551660871743284,22.34558663783388,22.41122414149939,22.4137834195553,255108.9738352315
2020-11-17,22.78984243171142,22.79017027577685,22.62792414534072,22.779887518524752,22.77708927104524,134927.37510875534
2020-11-18,22.7930625673823,22.873091147587004,22.464950699069306,22.80063822612714,22.804431250699142,169956.99936820054
2020-11-19,22.656434366475366,22.67567323780414,22.620821015396537,22.65033284593041,22.651503930713183,290609.5899328251
2020-11-20,22.93730018697353,23.026883830798734,22.90373509639495,22.92068334138185,22.922852752069275,278259.34280080744
2020-11-23,25.07363911491485,25.15268690524564,25.0414728065848,25.081811051275928,25.08166543452404,329503.64112410985
2020-11-24,24.01604747942029,24.126236915597765,23.935170185001727,24.023526573968187,24.017835467066277,163802.8331668812
2020-11-25,23.083231528029035,23.1077715056826,22.866056438360125,23.0913234092519,23.082750178968464,90160.42888560676
2020-11-26,24.05187599301369,24.13623152190024,23.887397456850053,24.0435055116283,24.03339195412675,284426.7024594808
2020-11-27,24.96838894003162,24.996272895645596,24.878770413494102,24.93752600050365,24.931556577470232,504847.5067772553
2020-11-30,23.563586016643967,23.715811753881532,23.525529537388763,23.5609515328044,23.57072655273061,131792.3573693262
2020-12-01,22.713341997187136,22.837857307448186,22.649226445160853,22.70006169680014,22.703054047502967,410982.5779187749
2020-12-02,22.162937213064616,22.213167996835818,22.11279637951552,22.15410227502788,22.151982947286857,298130.4794072642
2020-12-03,21.43921128100118,21.611135736279792,21.37427580156232,21.486952860233718,21.48542294509233,608257.9745391747
2020-12-04,20.33155537541482,20.404982833563647,20.302476454502685,20.337035943564665,20.339306138395497,357075.2378787671
2020-12-07,21.732597734216355,21.824294346284137,21.76408634534962,21.778917330792027,21.778492599591495,805102.5765948716
2020-12-08,20.963528058364812,21.052520467527057,20.977034340418985,20.98493202454025,20.989806776063663,545261.6524995174
2020-12-09,21.231928151574365,21.26952583756752,21.18619941944844,21.26939738190946,21.27317132578255,89435.97602981121
2020-12-10,21.229677589641145,21.493983025437064,21.12735220849164,21.23309501442128,21.232284285520173,191028.4154871862
2020-12-11,21.276437193087784,21.47554075406797,21.20480673005988,21.29173881367765,21.296120769535573,95211.49519662753
2020-12-14,21.634814450023857,21.650812119083323,21.424365387003984,21.63137004806215,21.633691287283195,581835.4149199327
2020-12-15,20.96058779550131,21.028728499677147,20.853057185288936,20.947602145360666,20.946310358577804,233425.37930751548
2020-12-16,20.9837783204359,21.138291323239613,20.825338176448582,20.993207674169376,20.99184324651678,333513.7733478837
2020-12-17,18.774513523805425,18.94271930615677,18.64673666512294,18.787135904347604,18.78722326675582,93727.5584633457
2020-12-18,17.613989516102794,17.661270023675954,17.565979688273142,17.614182458609807,17.610367444804748,98405.22903676066
2020-12-21,17.758873368288345,17.770372232650118,17.68704808310166,17.751092578418493,17.758393905139993,203331.7988821337
2020-12-22,17.458292587547632,17.47692372986682,17.397772291890824,17.47550546860462,17.473990890113697,248214.4208622542
2020-12-23,16.40515166005124,16.496294821392308,16.324726562414412,16.420135862298697,16.41923431289292,160635.94683579128
2020-12-24,16.086778569864826,16.12364713186793,15.934014283165208,16.071866085341195,16.07379516367696,239649.577531864
2020-12-25,16.76806442262564,16.84939323781813,16.64019977160783,16.75536805970432,16.759976087498014,291557.9703191724
2020-12-28,18.54845910450534,18.61153436815386,18.47503104241324,18.529600006056796,18.53459900331386,341097.8935637149
2020-12-29,17.209729088341795,17.22203035257693,17.108116949229927,17.199710214087908,17.19414462080146,222482.5261183944
2020-12-30,16.20355759693993,16.295824506997775,16.187811199606493,16.210254608536097,16.21115165932397,442560.3187920106
2020-12-31,17.753461622471,17.830490399653254,17.72737569014387,17.787990823973168,17.78748689149399,421695.2134844951
2021-01-01,17.62243962355716,17.642507015831598,17.42648050598568,17.62176759936289,17.623130153387233,677467.6383160367
2021-01-04,18.179098208954837,18.176109742955628,18.146258667478573,18.14886312986054,18.156356494393982,699504.7229422921
2021-01-05,18.328377465579948,18.39792097753009,18.276152099783108,18.32403118635379,18.324920249182806,213704.21375290243
2021-01-06,18.64158970959713,18.76294347690496,18.539574707715083,18.651310430435032,18.657094241185398,130263.19275077897
2021-01-07,17.722291099263003,17.76736200778197,17.708669968142928,17.753498192431223,17.752304619708944,224064.46512917613
2021-01-08,17.742159856370233,17.905017354185503,17.60042737403231,17.771330062991744,17.772913324015384,349663.4757827947
2021-01-11,17.520410193302517,17.54217225056948,17.437359271740874,17.52630308785877,17.525023822119827,230133.10389983343
2021-01-12,18.220972821828088,18.30676763410101,18.05408276125521,18.22395225151969,18.22758463340413,235254.43354580732
2021-01-13,19.65002990066812,19.75797057239075,19.649973717340423,19.66344148208135,19.660979190846497,284882.73447985365
2021-01-14,19.08811998652841,19.14528573721358,18.917380298991556,19.0750312065831,19.08403123135062,208982.942838536
2021-01-15,19.38656649091248,19.410895618088208,19.22341891074489,19.397722230388705,19.40119858831489,176313.49002877506
2021-01-18,19.47223652547753,19.68381815110713,19.366613150946723,19.4947464909245,19.489606981943115,147899.71979900732
2021-01-19,19.905473435601188,20.1435431385375,19.658803371527203,19.885307194244486,19.880719155178205,470661.7481674164
2021-01-20,20.24090879949892,20.279092639594698,20.219298892955408,20.238600995146868,20.24380062845751,244343.9484654291
2021-01-21,21.17091535198645,21.32886582882402,21.143541162171147,21.174994536638565,21.17239265639877,370148.97807534994
2021-01-22,20.56524161732464,20.67089083879251,20.58263247986392,20.582980160814092,20.58430524713449,266198.8374206014
2021-01-25,18.900197099126043,19.034156719643207,18.88136541600129,18.92222881949568,18.92231422413873,176308.94142687853
2021-01-26,18.246869476795307,18.313392661623237,18.16531516794051,18.27083407425283,18.269675635491783,209076.32882789063
2021-01-27,17.820575214187656,17.823371856720588,17.78582793176456,17.819287769666154,17.815823254693754,105921.9852081577
2021-01-28,18.87669424425395,19.15649266733961,18.69129535663457,18.87071055688389,18.87153734383837,314640.1858501868
2021-01-29,19.58172520656979,19.63397376149048,19.565091699635506,19.600801983239307,19.605930084879027,767066.7750389199
2021-02-01,21.27561151703256,21.417818666290653,21.23393573616304,21.288590641203697,21.284922842311143,309511.6528567914
2021-02-02,21.244748429243383,21.35586540313305,21.172394430459427,21.2537461371966,21.259412234607844,448427.7193915653
2021-02-03,22.203235730232016,22.376714575062664,21.98873000840943,22.21691391534564,22.21386099306037,129251.16015088584
2021-02-04,22.2253855296263,22.28682549161438,22.206511669263957,22.24436143528592,22.24528359162367,83477.88922097758
2021-02-05,21.2771911663734,21.342763389321316,21.17184572522422,21.27001329118206,21.26560811752964,213327.31225381268
2021-02-08,20.252817833536387,20.273337595472334,20.13180680967554,20.26571164104289,20.265663143902817,1233021.4392234867
2021-02-09,17.411301130104963,17.62464251970207,17.322691690357853,17.408345625706463,17.40540919839247,94247.427647866
2021-02-10,17.812859107617204,17.833814698185606,17.80953226824189,17.817351693655812,17.824126106295225,523065.749649838
2021-02-11,19.201693787612754,19.322059419740715,19.19864189904241,19.20531696264201,19.19634478924092,320014.1577528013
2021-02-12,19.8474473861929,19.91370161793701,19.807013780880887,19.860417574222907,19.85710738141151,374686.5395254984
2021-02-15,20.16373040596338,20.25640032517677,20.050633928129265,20.198350629089514,20.198603417496876,303869.7561126894
2021-02-16,21.287667026873915,21.32760143917112,21.2087174876918,21.30047695138888,21.297610012922096,189761.3476647269
2021-02-17,20.312343825396656,20.39307337760762,20.201133489188585,20.31819900798133,20.31890889412142,213814.33702021049
2021-02-18,20.42674865105555,20.71691729723362,20.381472833851905,20.432432686836496,20.43321704464512,421925.4882101578
2021-02-19,20.14366457153042,20.25685812798401,20.0533846719084,20.164143965808368,20.16362198000513,455928.5287784058
2021-02-22,20.69113548593704,20.81470792580775,20.616939571421156,20.709785058655683,20.70706162117984,107374.08342386936
2021-02-23,20.255585005922203,20.29802082074837,20.226522994336584,20.24149381225924,20.244570212568743,279384.0821398387
2021-02-24,22.065320800331,22.169923811879887,22.02214676112252,22.096905836131896,22.105087239943245,221873.3104825389
2021-02-25,23.73782623217129,23.780903273463903,23.588944454589868,23.71831468743336,23.71048663562156,125650.58504975308
2021-02-26,21.96815167081978,22.016845041656797,21.85556280279651,21.99393124599188,21.991302728824053,564222.9144483466
2021-03-01,24.413099375605373,24.637868009058533,24.38720871718026,24.402212743494847,24.39599148403577,215328.57886953477
2021-03-02,24.673492587075604,24.891029067521533,24.48241334979478,24.671515406199,24.66087000317257,290347.3326527481
2021-03-03,24.745667240249148,24.918943424830307,24.78165068191626,24.816788870573447,24.81016489890492,552252.8585713408
2021-03-04,25.61427480292798,25.637257115860727,25.52941248128736,25.56360907627788,25.558156922974064,451944.2654255529
2021-03-05,26.72210107900252,26.907345765286657,26.4186361900062,26.67932405136169,26.68969978093737,591225.1813770444
2021-03-08,24.931237610481336,25.01681509666125,24.84480252700361,24.970426568683536,24.97036260187793,140114.2599719871
2021-03-09,26.13216529240063,26.15207117933937,25.900950738067568,26.11564317703029,26.118492268591304,686830.8972781196
2021-03-10,25.628260435427904,25.80846506634101,25.57769660652397,25.64482337113801,25.640326444869142,190139.2861846132
2021-03-11,28.50131967221717,28.59290532643013,28.515352648543928,28.543052601424908,28.545183305768838,156789.7884268664
2021-03-12,25.591678486569048,25.77935245298588,25.55019835922293,25.62058079578988,25.62865172368198,369503.9284317152
2021-03-15,25.30519521423363,25.376172973511053,25.20710239430184,25.30521574508621,25.303293336994106,208608.4237819145
2021-03-16,24.440589211038432,24.50804919620788,24.3430319179856,24.445398411837203,24.4347369477996,422514.285656961
2021-03-17,24.69522477166935,24.76144479192685,24.67515304430677,24.6810881836495,24.67525077290606,169400.0653310975
2021-03-18,24.39726755336614,24.50242498996063,24.315756749689072,24.38638209680148,24.39248604525167,287477.86344508256
2021-03-19,23.82653939390148,23.899364401294324,23.688229414467237,23.81548009845329,23.81248626553256,726394.0618184847
2021-03-22,21.931757994510345,21.989429400935872,21.76315173756404,21.906253846268328,21.91151268751909,362304.1386868492
2021-03-23,21.438329513957687,21.679148394970227,21.34305955883321,21.43621863109286,21.42559388931394,253720.93613234517
2021-03-24,22.247503314840834,22.369390008732505,22.209281181365704,22.2562515921948,22.265526476875067,325312.19508824655
2021-03-25,22.684787603655487,22.755782703935264,22.58075527065647,22.682175070994838,22.67946313239215,66890.28994233385
2021-03-26,22.540775677064005,22.541013976085253,22.35777381004265,22.498786892253463,22.49682469288942,234653.6888491266
2021-03-29,21.74598943127744,21.843256715497603,21.62054025167096,21.74458402791564,21.74818051541016,127142.21736074964
2021-03-30,20.95824422628307,21.136583580637865,20.928752163660064,20.980209063532847,20.98793289379921,224789.8646925336
2021-03-31,19.999670101422865,20.025116188536053,19.91394624004898,20.008205178084552,20.00393644670884,134355.46299066392
2021-04-01,19.52788400819504,19.63255991195737,19.39826122485597,19.538737954760908,19.536440818952528,314097.5112472052
2021-04-02,19.86335970111534,19.903181388314493,19.833064572866007,19.846450018481693,19.838366752112105,81143.36873811232
2021-04-05,20.05775110952441,20.150894741958325,19.966518620522244,20.07495990387658,20.06374268831499,255059.7019539956
2021-04-06,19.40513164893831,19.63369163595947,19.323760658699214,19.40296377454621,19.40296377454621,588217.2049220507
2021-04-07,18.1809457165862,18.295460362681958,18.160289266243137,18.17107402816252,18.17753270717789,474571.67972675007
2021-04-08,19.58107735703457,19.620092120904328,19.533772726436244,19.555981435339444,19.548383538008995,254180.32203560695
2021-04-09,19.103159382569416,19.36005870572093,19.058164831353263,19.109331782434698,19.10686323149815,487548.3946041772
2021-04-12,18.260258323407683,18.257568874986635,18.240151184134323,18.245010131589694,18.240630154919707,252486.10130916865
2021-04-13,18.39227696553506,18.43230196429026,18.285006949618072,18.378537714728395,18.378096376371552,272687.3273837801
2021-04-14,17.99692841377748,18.081407162475635,17.869636214090455,18.019773199715377,18.02155138193146,154007.36886291642
2021-04-15,19.11425673962969,19.13877272828701,18.966120992863328,19.11508190924651,19.115245350285267,236360.1884267017
2021-04-16,18.42512816312798,18.45033020715454,18.363627064256494,18.42490181089909,18.42496214694657,498324.3334175992
2021-04-19,17.473773546770445,17.50051758986735,17.374168867232182,17.428150028237717,17.42830758008926,397161.4371196194
2021-04-20,17.394838085154248,17.481953071611215,17.352582277827697,17.379057532034135,17.37482442261001,770949.171495302
2021-04-21,17.255643127668627,17.294082754997817,17.199950230952794,17.244344345020618,17.244572917267355,451654.2229646316
2021-04-22,16.694784279562477,16.816169608053045,16.668890605263595,16.719359504763496,16.7142507476252,146834.2225535554
2021-04-23,16.341833317811734,16.365783395150682,16.22417824181593,16.348653618550276,16.34865750558987,79283.0299751432
2021-04-26,16.735037323266994,16.809497355430086,16.67053064494813,16.768881868236125,16.769530232764296,369868.7265225628
2021-04-27,17.72613447411312,17.808157704475633,17.66235694536632,17.76124880656152,17.767477346951164,396222.8916554319
2021-04-28,16.69369676457217,16.84666826753217,16.67328481074047,16.694814420756508,16.705009783708654,273562.66146302246
2021-04-29,16.459716741283845,16.63029535008499,16.32231941404755,16.475435844029562,16.474641390057418,694717.5205013577
2021-04-30,16.9914729710222,17.019472379396372,16.894705222135048,16.99625241474203,16.993786187933445,304796.9146898576
2021-05-03,17.81930404285902,17.938572740168887,17.756682479367864,17.80739441404299,17.80124207774772,481562.86022071046
2021-05-04,18.8915823094821,18.93247506222906,18.90675081155249,18.91249374355647,18.91841861013532,321322.6942367652
2021-05-05,17.690991209200952,17.715469807032164,17.622657982598284,17.685326699293643,17.683229620479143,303731.8193490822
2021-05-06,17.478814307241322,17.55666620926976,17.450101884907795,17.470750387147252,17.46818260042137,547375.2134784703
2021-05-07,17.791600188475854,17.885832816472803,17.73553917742187,17.783866558285023,17.78433735579661,965727.0589095524
2021-05-10,16.854387998101977,16.87863917346488,16.709006188413362,16.842677382730496,16.84195081133773,259488.52912797025
2021-05-11,16.864308558808894,17.143517031172266,16.692763218092853,16.856793890945568,16.85483641090176,395152.684845004
2021-05-12,15.5021025587023,15.596341415359994,15.444619788230831,15.500017172290647,15.501889604846673,356373.0755186092
2021-05-13,14.728777975030148,14.7928195244614,14.719138079705402,14.740175640309708,14.733149462443311,234326.323048112
2021-05-14,13.53216357614949,13.59189302746432,13.511823173290564,13.541811398029015,13.54144192106734,168898.0222540067
2021-05-17,13.0145322695628,13.12191931040437,13.043537952648371,13.048246580909383,13.047782998020544,518713.6106876992
2021-05-18,11.409763942208532,11.434222245477688,11.355685697918394,11.392587066068613,11.393912929804245,666704.9171362249
2021-05-19,11.853795659448595,11.82684775711901,11.78314526490917,11.825880406742892,11.824150380578608,278225.14904716314
2021-05-20,11.937409342672447,11.981465802796436,11.86156533576051,11.942297088581538,11.943419769409129,211775.75655331323
2021-05-21,11.84371733452163,11.854437002079,11.831932567777931,11.843679886056949,11.84348663533356,515414.9312040824
2021-05-24,11.238870830713685,11.247668934142276,11.184916655376265,11.22921406670795,11.234858890071148,158537.7543213898
2021-05-25,10.10364683910556,10.11847934383894,10.009406807654486,10.101217988257464,10.100314215506812,347156.7052497119
2021-05-26,10.26371271272048,10.277625299200096,10.213863275611113,10.264872412688034,10.2645001557616,345824.43378594384
2021-05-27,9.75359794792208,9.7616113980421,9.662274852593304,9.750069057030515,9.749349810487614,289569.6999455409
2021-05-28,9.653160247216409,9.638741019806892,9.626028495824336,9.634717119737084,9.630750702291426,520714.5727487907
2021-05-31,9.976686611188722,9.99560203020804,9.921546721767788,9.97728679913087,9.975356840444846,338536.075172799
2021-06-01,9.12863223095314,9.140646561028795,9.07917915835933,9.125209522551952,9.121738484615172,273933.65632015665
2021-06-02,9.153463282505344,9.22185703008432,9.111666201070088,9.157627640228268,9.157971875227686,198972.60194209497
2021-06-03,9.139118434857242,9.17237304053061,9.060686204486904,9.13901648430437,9.137504395383882,248124.1709645345
2021-06-04,10.867833634109576,10.94443194074591,10.792573800936388,10.857808748135186,10.858524737775156,214826.72256887436
2021-06-07,10.554298523626056,10.609914800444024,10.442387205764527,10.554798825204852,10.55566473247,235427.1055812078
2021-06-08,9.4928729093474,9.523336832154271,9.442781143869098,9.501113999173342,9.500661319631377,418811.7931166202
2021-06-09,9.171081631261671,9.20901407412843,9.146585276154068,9.186286458538694,9.184724221766484,185195.77618680743
2021-06-10,8.422351493741656,8.451252439651274,8.411861683923657,8.430052820402004,8.427572529666127,437518.5956123535
2021-06-11,9.023189623844068,9.050632929024562,8.947713652223374,9.00984746526122,9.006744190520996,479163.4831379258
2021-06-14,9.72869832559488,9.753206417049649,9.702875775812124,9.730523268363406,9.728464741369926,688909.3071142903
2021-06-15,9.580058133905425,9.6337214157698,9.588038028111718,9.597048683768689,9.595328335063265,393811.5695399692
2021-06-16,9.820035711273034,9.922777772336964,9.758762378799103,9.83798376103342,9.83609883955828,336452.2725015248
2021-06-17,9.926073814922692,9.923447592969191,9.913630793507204,9.921584947812542,9.920938547024791,443114.57018864015
2021-06-18,9.80691092001056,9.85652538945579,9.819429756069278,9.824240782987529,9.82469257991837,397652.6378137237
2021-06-21,9.199963718184025,9.214713160162544,9.161598246591764,9.212914622915331,9.21107199909128,451796.69384019845
2021-06-22,9.50076529511981,9.54432939749739,9.43909510293914,9.497330708093768,9.49736721503188,127529.95663547068
2021-06-23,9.582233409922114,9.635433578447492,9.487880056920904,9.56898837706938,9.572026457576245,153934.0380047045
2021-06-24,10.797190882647444,10.790165235156556,10.64535466445584,10.78907958168792,10.787328955615594,172448.94498233293
2021-06-25,10.730311436327646,10.857774741797291,10.72868904378186,10.745328308967446,10.746550680148996,668615.1614531699
2021-06-28,10.98813153194448,11.040911465958562,10.83979901025052,10.980994073091598,10.985184712589906,71490.75220417608
2021-06-29,11.091709235925862,11.083740202358362,11.00283887497108,11.07788554434815,11.077698621734054,540146.7391217608
2021-06-30,10.787800363802884,10.823169705920147,10.769955387858731,10.798553001207592,10.79904622056437,256457.75777391292
2021-07-01,10.887751494275854,10.892670505237762,10.834220786004224,10.883428648135329,10.884520718874104,284646.4321151593
2021-07-02,10.785950935452696,10.846055612907731,10.76699808116091,10.773638014380222,10.77818012422581,315476.27559011785
2021-07-05,10.138087599562573,10.138449472401556,10.100627122768335,10.13016079650723,10.131026762488284,80326.14681901305
2021-07-06,10.640764101140086,10.663019045517329,10.615884014245278,10.660766993776273,10.659701039612736,190470.94413669323
2021-07-07,10.349959379195932,10.396361948539782,10.355318526913736,10.357838436048542,10.353846979724176,358792.0973035356
2021-07-08,10.774240039733264,10.85258481605006,10.673667713497537,10.777548902882764,10.776061076477731,447622.6958673247
2021-07-09,10.773551187755237,10.795746929512918,10.7214935310808,10.775488165172982,10.776084624680363,450722.5762829524
2021-07-12,10.95962854439976,11.033839197625518,10.92085703974867,10.962770269423366,10.96279461275754,284837.97240438435
2021-07-13,11.028447241950571,11.15601352250207,10.99992566383442,11.04356777585648,11.043540817555252,611677.0358556551
2021-07-14,11.824381747150731,11.899815670984491,11.816262652993622,11.83316028410392,11.832442873015005,260044.18387419236
2021-07-15,12.594981289213443,12.605622735810735,12.601229525110364,12.60403416964934,12.60262017441984,333054.66035513737
2021-07-16,12.637292273789893,12.683638335337283,12.578094823048852,12.635163992045136,12.63143624178728,387749.0797304272
2021-07-19,13.211211714901872,13.286422224356327,13.1304446891782,13.218092976857326,13.2201770835147,195750.41853278168
2021-07-20,13.276150218188668,13.279485805210957,13.253276235163764,13.278884842535303,13.279677612017752,354136.43436890777
2021-07-21,13.462412043858802,13.548708711787652,13.43232228005366,13.489919978585652,13.491633644205786,237273.9358232977
2021-07-22,14.86960574516564,14.92288754946718,14.856303335959115,14.85946982021415,14.85716017601331,239685.6221211278
2021-07-23,14.707831847290375,14.80798220339901,14.63413138063311,14.707936419935317,14.711719927922273,351438.2934763548
2021-07-26,15.470780470997804,15.506214020018206,15.34903916151509,15.463376072271618,15.4632218055273,391970.20965420565
2021-07-27,15.834720673057443,15.926920830439569,15.752162057686952,15.84716721845461,15.842949093858952,287880.88776865235
2021-07-28,15.791040804554845,15.942753741810222,15.693822059362065,15.792303392247042,15.7907129393056,265939.57282186503
2021-07-29,15.975507389341644,16.219877475565184,15.967660738638523,15.97376158802726,15.97207830023779,358597.40776681923
2021-07-30,16.154364713515218,16.243602671068857,16.147685986121513,16.1601226899462,16.15871747943068,304797.78291360213
2021-08-02,16.36161305172136,16.464823467133392,16.351658151177233,16.362188207701283,16.36287357845271,168021.0971533155
2021-08-03,16.679869171881904,16.84397295488127,16.522711261628533,16.66643872643098,16.661742344730012,490419.00616760895
2021-08-04,16.797297252988304,16.837464533332003,16.776981078833174,16.798553924536403,16.807341441442052,178569.45417982986
2021-08-05,17.094895932658552,17.181094509454145,16.996204586942742,17.081205910020902,17.08118978297789,516274.8965772117
2021-08-06,17.94578068894416,17.99574933507573,17.89543503916805,17.933769212741552,17.93133265862261,386884.8690992249
2021-08-09,18.834201789504547,18.867682230457167,18.69910005074816,18.86450410409803,18.866737002834792,376081.7353592544
2021-08-10,19.477571099138185,19.458324867588725,19.365576313378764,19.457160623574357,19.453613667969144,549625.2683879144
2021-08-11,21.17629132244836,21.34168398375511,21.16751356627269,21.181258630121857,21.184348917491043,341154.8123893854
2021-08-12,20.87034743951676,20.89915840308757,20.844129686725047,20.855843895262,20.86540619322232,1096960.7924021713
2021-08-13,19.76208221454701,19.972728100329565,19.667417196240745,19.758804175193323,19.757277860443107,269576.5902706031
2021-08-16,19.832340994322934,19.91869105875468,19.72062124040303,19.84875407632721,19.853346558192648,84136.99022242434
2021-08-17,19.145141471572533,19.286919217708025,19.162075268935844,19.20524202379071,19.21522104421707,223349.95696685996
2021-08-18,20.526231258176484,20.669567405030403,20.374865506306858,20.47352152308375,20.474182679549784,663397.6536295862
2021-08-19,17.921800848246075,18.06547736445503,17.784174295440067,17.936228834538575,17.943475350033776,1032641.114646692
2021-08-20,17.4710889201457,17.486815331672787,17.2876422315508,17.47783750416656,17.478838390385906,998978.1710826798
2021-08-23,15.949942472525906,16.032600389839292,15.856772212643644,15.971294623273227,15.971728233890635,681432.5741968406
2021-08-24,16.099071560516446,16.15073014323417,16.097603836044627,16.116582714337948,16.11185967712093,289561.4617798096
2021-08-25,15.229217887056684,15.269302073927268,15.110275324318955,15.23289794879219,15.237910681418072,249208.99821701983
2021-08-26,15.252053498406326,15.276369841886778,15.253709320071229,15.2665714150665,15.265365954804896,913382.389674629
2021-08-27,16.459987680524037,16.67770203549403,16.41760341585564,16.470207354975454,16.47041505150471,398671.7809836263
2021-08-30,16.380120082503208,16.424635667206232,16.382836037787175,16.38415487629501,16.38965427654325,234048.724837416
2021-08-31,17.265305982381506,17.301570361408853,17.23978676470017,17.25117490783365,17.23992733911295,492977.5997592936
2021-09-01,18.19329383929852,18.25337755062264,18.05983288303499,18.18805572866226,18.18341680117853,135023.59527579023
2021-09-02,18.977573056064426,19.16930194232935,18.992231948156984,19.00415354423979,19.000450517659385,166822.4888148215
2021-09-03,17.4840082537243,17.537666966929663,17.432580791929038,17.464658381891965,17.46377005982846,122831.8505021432
2021-09-06,18.71905555840564,18.736847522586316,18.60309677693403,18.73378270246704,18.741506455246693,306637.5597857077
2021-09-07,18.43138501622383,18.53209661170009,18.43257945877149,18.46345209067432,18.464816822942247,478121.63208632194
2021-09-08,19.0190450396972,19.14867850234897,18.96550066810301,19.01680184097241,19.01675486598215,351192.3878004013
2021-09-09,19.170022741534964,19.252562245919297,19.07293121742318,19.18133878206657,19.178675091742967,125208.8462789346
2021-09-10,18.395402888732256,18.469235466298677,18.40416701073159,18.44474489619448,18.43663782156891,328599.0284058757
2021-09-13,17.603469470183008,17.712141945841392,17.542395732866364,17.61223363260199,17.608806469191382,194492.6469926012
2021-09-14,19.729714257640637,19.82615379271825,19.669141846403043,19.71098695200277,19.71824704282712,141074.08850185532
2021-09-15,18.713608021847183,18.801249231207944,18.668070293414186,18.71301353894683,18.709723616833845,139232.8749070195
2021-09-16,18.709052630586893,18.9699680764924,18.56137144145776,18.73494776955058,18.73179715445932,523846.7276935286
2021-09-17,20.54999647116933,20.778154219066643,20.51786383074957,20.540695393399,20.54539596620717,335059.82009009726
2021-09-20,20.024658230029125,20.147419596705912,20.001535041466187,20.01370468817073,20.01276798291329,496708.7497623367
2021-09-21,21.53151243091037,21.649158890407445,21.387275924654205,21.52876346446501,21.535919807329297,991959.4765297566
2021-09-22,22.193710697921496,22.17681333393227,22.154063127382013,22.157977081568323,22.162758487411462,303573.4801014186
2021-09-23,23.81581199356031,23.918764527514195,23.763929690334475,23.78515883241584,23.784483356323303,583301.4633790865
2021-09-24,25.991733767476703,26.15010021908679,25.86655849935144,25.97343771204275,25.964493914214916,224596.8072299204
2021-09-27,25.96182768095905,26.04967967391821,25.884580306071577,25.992250033045877,25.9887142915517,256543.82629971963
2021-09-28,23.29528199118909,23.372166826490883,23.09595314152429,23.286126558783348,23.28339728049218,337774.7217204252
2021-09-29,21.08718963110241,21.09961198019807,20.994254345672147,21.087635511100284,21.07910597478056,294336.877116508
2021-09-30,21.23740801766493,21.287963673214723,21.04475855456462,21.246481848134465,21.24007118904627,352183.51075864915
2021-10-01,20.537356078251964,20.589881096751025,20.33630479581725,20.543581044716337,20.559558818673025,126126.5562139597
2021-10-04,20.169377778037997,20.28782690088284,20.16041075947118,20.22507353830097,20.22309008147597,523907.17292419967
2021-10-05,21.118556830398056,21.34957770221732,21.101347152361683,21.115119492679995,21.1194920268043,194566.9602080781
2021-10-06,19.456042925935893,19.56961005885184,19.27972997386966,19.460402327415053,19.459241615584016,282863.6867971058
2021-10-07,19.0761430010312,19.19169848899443,19.09205645520803,19.1098460278299,19.10867865355237,322299.8733877626
2021-10-08,17.4543215207587,17.490795715464838,17.203747733303974,17.469730476352495,17.464533599758123,622874.6241991619
2021-10-11,15.93101936933383,16.018526347235447,15.92712110476172,15.970233859419858,15.96569791123291,448317.3412498743
2021-10-12,16.695559690299483,16.813442354167947,16.511045789590227,16.67718686365742,16.676403883588243,221205.2427814369
2021-10-13,17.00331849815526,16.991965174775455,16.851513318669205,16.96821674200967,16.96990637377597,83588.93934141188
2021-10-14,15.578218070009967,15.595684311518498,15.558725957230136,15.577045513161067,15.57669261891822,414891.5975510757
2021-10-15,16.016115836210712,16.114237629345997,16.00282168479436,16.015793260111604,16.00992703012663,618100.5922278955
2021-10-18,13.940524452118304,13.987038098243127,13.88722713261178,13.95945795854717,13.955353154722038,165496.2292011952
2021-10-19,13.463492973483977,13.477883068532073,13.425352200843426,13.452829215400545,13.45479885838494,365102.2802690401
2021-10-20,14.29629829900007,14.36688011924373,14.177606693048292,14.312490591129038,14.303613657120266,367603.8149089661
2021-10-21,13.412441467004918,13.469385842088244,13.318537304075056,13.422860007807046,13.42058793587277,559258.7421557143
2021-10-22,13.600690364906225,13.68451574940952,13.565880038412766,13.629414067040528,13.628258558341171,202847.3267979108
2021-10-25,13.993782947221852,14.019293423519434,13.923412278339413,13.993736866686456,13.989426496023478,464267.5132566233
2021-10-26,13.55760028861053,13.60371283674555,13.530598830084068,13.57121632324596,13.568581638544222,231407.70103351367
2021-10-27,13.21318057586587,13.31052790850887,13.163092327470382,13.242126920585443,13.24208411635984,155873.98900854867
2021-10-28,12.573641718416733,12.624264415124562,12.530252125701464,12.591728066018062,12.595046126719636,181167.11941291296
2021-10-29,13.166996986136118,13.158678892841882,13.137988275315706,13.14373990256984,13.138391630922868,275809.9527918019
2021-11-01,12.672051714463365,12.759597443969213,12.601101582439224,12.661315855888942,12.661283070144547,387171.9824102522
2021-11-02,12.240941528453456,12.260719659160866,12.215936288836382,12.231263523222571,12.227350249408538,316443.9235002153
2021-11-03,11.61539296404588,11.696348911150311,11.56684336652012,11.640107204842952,11.637960626279163,224639.8827713628
2021-11-04,13.243956727407593,13.33501060968015,13.142276145824187,13.24142745647534,13.244043071545429,230241.16930327928
2021-11-05,14.34876758236246,14.38840153350056,14.265179372553437,14.341002215965196,14.33582819096962,129086.5351647402
2021-11-08,14.652542445063872,14.65317746024108,14.570569348376033,14.64027449151756,14.641158935170724,91422.00239100856
2021-11-09,14.800807416365302,14.835693900021925,14.7650734105382,14.803202120617104,14.806568926276766,136682.29640840745
2021-11-10,15.87675220140722,15.92631782579448,15.845981618558335,15.875480145125612,15.87935833815703,118919.4740595606
2021-11-11,15.312027379561377,15.34310094616683,15.27225309004369,15.30861872141958,15.313602961171972,712878.1845080291
2021-11-12,14.566128839611428,14.563299792623775,14.499903444612483,14.550488904264206,14.549236568187723,353088.067771405
2021-11-15,15.394701104004165,15.494103643778384,15.375864033901088,15.404278823530168,15.403815560610845,442308.3579400438
2021-11-16,16.93027579241675,16.94939390110913,16.88286579813075,16.92780753007022,16.934519882433055,329256.4410583399
2021-11-17,16.433501832364286,16.448061584970045,16.398691177688782,16.40088049758456,16.40246560745823,194745.57192315583
2021-11-18,16.681287698582867,16.898814196954735,16.64465413204045,16.678659819970846,16.679578452207902,221454.18948783024
2021-11-19,17.17987850580849,17.265970380481313,17.08402799408987,17.18132269364431,17.17425472562716,88576.4086979285
2021-11-22,17.367926011895253,17.40222380394238,17.289519767610848,17.33542919948775,17.329855031231926,185445.8716965584
2021-11-23,17.731075756675562,17.81872109051948,17.58728838006647,17.731062383085252,17.733577174162765,171571.37814408503
2021-11-24,17.63820924855548,17.796683483928803,17.540910403781833,17.618627458989174,17.618158815938134,90182.77104718948
2021-11-25,15.53876124323168,15.52992144203916,15.487803567880446,15.516933911736263,15.511278681524107,387987.8682158625
2021-11-26,15.440083136690449,15.45912721083673,15.275504393673453,15.44682383954021,15.443744538932169,232151.08712729017
2021-11-29,16.059245315859194,16.1106638141447,15.993950445576676,16.052826379787614,16.05985423966402,545928.703798091
2021-11-30,16.463681277195757,16.558019872816075,16.373892481381343,16.46529761124156,16.467303533820004,531676.572676622
2021-12-01,16.090049785252006,16.146405662006664,16.08879432806379,16.108407901686682,16.105761808580247,830312.5601549058
2021-12-02,16.91590386932921,17.067882342544962,16.824185783268646,16.93449529642585,16.93235563928185,536322.7017026366
2021-12-03,16.957028603865915,16.959147315396617,16.897542365155907,16.9461735608569,16.93848938678615,325058.08086270624
2021-12-06,17.293774338836965,17.29129362040621,17.254181756885338,17.283065953279163,17.28316091251675,252571.06340877197
2021-12-07,16.785924876890423,16.800312449392322,16.728432147161435,16.77679785867993,16.77921252080405,195398.60863300943
2021-12-08,16.45017115945831,16.473044189221,16.420963073245932,16.452304258051036,16.44975779916528,560728.8500558287
2021-12-09,16.65240426214893,16.811904307480187,16.58258139917264,16.669839878972155,16.66452116871815,149270.46186943524
2021-12-10,16.74354605385856,16.88684564113847,16.69873550975309,16.70954815224652,16.708118366217263,263727.4462015053
2021-12-13,16.434795575241008,16.4679826368712,16.429372800878507,16.44880852464287,16.44075523516096,284263.8447892453
2021-12-14,16.060158115025764,16.177433662939137,15.944081612458618,16.053853027928366,16.044474502483784,272856.3738269973
2021-12-15,14.31593657240179,14.360080127183734,14.261540283746896,14.326665440231675,14.320179849317713,99043.35288520252
2021-12-16,13.475611781177914,13.5801104518028,13.450863084747608,13.48254881746761,13.479397290128873,264144.802841855
2021-12-17,13.384163422259236,13.396709095563692,13.348542301556476,13.3917233509212,13.39373641033314,232428.23566399
2021-12-20,13.302333809165049,13.365641690086475,13.274479434133315,13.302430665187334,13.30749390523749,535431.2985496183
2021-12-21,13.545272975093994,13.586183822891126,13.53825885983773,13.53913331465615,13.536849404962318,522550.7115229344
2021-12-22,14.413484022144536,14.486000599204408,14.278981512485723,14.402799721432404,14.406906607434614,163271.8441906284
2021-12-23,14.02855921604142,14.08527140331208,14.002499082279456,14.049998127688434,14.053814578309323,508515.1191514587
2021-12-24,13.195589952146449,13.29490609265981,13.190939610473215,13.215454618576969,13.216476285997553,176257.75453289278
2021-12-27,14.201731831572932,14.23118065407692,14.184889457111684,14.208999120887416,14.206741269876776,198751.91741813635
2021-12-28,14.514537073985302,14.617571651858627,14.470983274852395,14.51617543053165,14.520423605432535,281098.652438522
2021-12-29,14.102259928990405,14.2605137742883,14.004922165303457,14.11415184546557,14.122447094944912,383345.3034461315
2021-12-30,12.940428023563284,13.027991468525077,12.850344166834835,12.93714461600673,12.936903463912188,134105.9594716641
2021-12-31,14.53450427662164,14.586934926676973,14.353810916573908,14.537075986721668,14.532842514152469,365616.4287965048
2022-01-03,14.349042341994636,14.403255400859958,14.288290631724143,14.36173543634654,14.36580565870571,228230.74354697453
2022-01-04,14.648571507962318,14.670401475010117,14.522724080611102,14.636502165947745,14.632906377683932,185915.092367465
2022-01-05,13.975846641561914,13.98180075021375,13.901272193123392,13.970121973525291,13.969304846467244,137968.49011285134
2022-01-06,13.24001291356778,13.384557159329256,13.103488481488569,13.236540889860024,13.23563643949656,331019.5967420551
2022-01-07,14.062917402681675,14.227490797513717,13.990921184463849,14.06839093788558,14.067553337634154,449520.99648049
2022-01-10,13.7353603669833,13.930705108691692,13.690924921040615,13.745544135672256,13.74261119837039,111978.26173244152
2022-01-11,13.37454504466256,13.42858322868885,13.29928323599355,13.360192562633967,13.360857432468954,138228.97877086408
2022-01-12,13.38375793952238,13.388901352494184,13.301272703755608,13.383614261597517,13.385284508267707,150622.81568010058
2022-01-13,13.385348661921542,13.482989413097728,13.348904951724355,13.402356216478656,13.402255141396832,348878.9941596101
2022-01-14,14.123141631878823,14.253755751177415,14.087140474251678,14.112815665843248,14.107896673616509,357578.3710076696
2022-01-17,14.051506501216148,14.091909432630583,14.009833898421224,14.022711252331192,14.022779657392771,292287.5738621426
2022-01-18,14.4259841332452,14.444696812685496,14.379600164846858,14.437661122674802,14.433312877641445,111793.3183375204
2022-01-19,13.959522578375724,14.090121262481748,13.931339387353663,13.959305917438364,13.955884725559386,250339.98671870303
2022-01-20,13.318292748441458,13.334990714046366,13.27196053393662,13.320198131250155,13.322159884667164,92764.57265571645
2022-01-21,12.726986619480464,12.808671763860984,12.715358490316984,12.71850177338103,12.719056089468598,303951.95696130994
2022-01-24,12.249743234332009,12.320393465205573,12.241799765160131,12.25047139519655,12.248972137732734,435209.4016338001
2022-01-25,13.27977363821629,13.45795314862061,13.22541103141939,13.287619908457376,13.289797228547584,71629.47247946201
2022-01-26,12.934206773054864,12.944360857431793,12.909565632677175,12.9257485520602,12.925396248815556,100747.0125428754
2022-01-27,12.576775792845549,12.579860461177176,12.555019108453408,12.571814838204414,12.567511906570155,170082.7990810886
2022-01-28,13.052694503363211,13.12303946378785,12.986201866150967,13.035518160196776,13.033378901955215,182838.21815894608
2022-01-31,13.50799144754505,13.629485214269623,13.461776513037394,13.49036242366326,13.492935808636748,265678.3113845053
2022-02-01,12.775252110666669,12.81410212060057,12.75338240270385,12.778032822108608,12.77698954065769,698803.4867723285
2022-02-02,12.647080936305867,12.764823526194156,12.600816060242217,12.63630025550011,12.634346330342131,283640.9018376238
2022-02-03,11.181997058359206,11.188116007166611,11.164917429370378,11.173017608937933,11.171867812686704,142109.43118083454
2022-02-04,11.468936876626298,11.47320554089997,11.409586303419236,11.45585244095274,11.456362023921836,41072.11600150713
2022-02-07,11.837947274274232,11.857896181536056,11.823155317284597,11.836555563152803,11.840120148424948,536157.982974044
2022-02-08,12.191303515334758,12.222328297709527,12.177271977445743,12.210545654766191,12.21344165340907,214159.40326249207
2022-02-09,13.45999586883704,13.54654068220897,13.447187301013445,13.475049849205837,13.47598491271081,466975.4870942612
2022-02-10,13.76990353289433,13.79282873848988,13.770808223987608,13.777330958032312,13.776121206496729,289273.06383956585
2022-02-11,13.82475598366944,13.939632440416943,13.83044326076724,13.833166363222018,13.83487770232339,229679.88820209928
2022-02-14,13.958561011552613,14.084464460262822,13.842553438957951,13.948657435011258,13.947149490152174,185609.21746861967
2022-02-15,13.54747604147424,13.602978522003902,13.457696425428606,13.542345848041656,13.538435636855056,348709.10065460537
2022-02-16,15.003279223123627,15.024311282928831,14.962145970234,14.999612177448746,15.000580628281716,461044.1810545697
2022-02-17,16.37605725721891,16.3798317595482,16.242693075030886,16.373417201069316,16.368815419256382,478725.71182887454
2022-02-18,15.918116171468093,16.06066627473869,15.888549589274108,15.927972304963356,15.932219728150354,350381.33420467563
2022-02-21,15.069411739851564,15.05805668233448,14.957671244104446,15.042727369911743,15.045202141655826,258371.03249841512
2022-02-22,15.092236859828486,15.135299719212131,15.021793004575503,15.08851247106142,15.087622313699995,429798.5898382312
2022-02-23,15.052127346365614,15.082801697338446,15.02599084223193,15.05023796878389,15.046276129667444,170482.01121337982
2022-02-24,15.095183330930189,15.17845201711302,15.02228598522614,15.096226187691784,15.09542036767786,470089.4875858421
2022-02-25,15.222071814668087,15.358667996478156,15.159657535707524,15.242305941109034,15.242016470124202,140951.14287470467
2022-02-28,14.014048499504334,14.042435278503891,13.95739198477097,13.997379027291016,14.001237140705117,417895.6765997653
2022-03-01,13.840998963587507,13.852984566991498,13.674930305143013,13.83183597844237,13.828668808184204,462580.4259102497
2022-03-02,13.950936532751792,14.066355282632452,13.887978276989392,13.92190261419712,13.920969891816709,297814.3310637249
2022-03-03,13.24658717705008,13.262510019483097,13.175244026749697,13.23684533522744,13.239650476561616,309292.7639542437
2022-03-04,14.07088056468258,14.23207306269552,14.008880331056144,14.060415323258962,14.054784457446088,307037.1789575369
2022-03-07,13.650552246553858,13.661956491994934,13.6510256490546,13.657724827489576,13.666439800255295,221037.5949647203
2022-03-08,13.483095221145426,13.533694187686343,13.476388935414546,13.478711390184577,13.480997897564295,182151.79317944727
2022-03-09,14.670078767568445,14.728101882559177,14.624566133133085,14.661277316761549,14.658173759744248,334243.49586307874
2022-03-10,13.488997576618004,13.584844462435024,13.458030585240929,13.515153109306477,13.515373715485604,265421.9786381337
2022-03-11,13.4710290516233,13.46824082204915,13.412606745694209,13.446532141804342,13.45090111691808,309386.275612924
2022-03-14,12.794588778186672,12.805142783282594,12.749463372507268,12.788184637835558,12.788620177503418,380982.754416542
2022-03-15,13.036252181262764,13.053668674170565,12.999058160592654,13.020433684970692,13.02208930256694,473583.19686773454
2022-03-16,13.327560113430131,13.388766122568654,13.183879542977394,13.312556498776711,13.313360097299222,220501.3136076563
2022-03-17,13.323246227798403,13.35257414007193,13.329419745046463,13.336172532958743,13.33816144593237,174155.59057523936
2022-03-18,12.7301122049642,12.805804037673864,12.649375193614114,12.739650860511214,12.74457635219548,260540.82963640115
2022-03-21,12.172209708016911,12.221222523379854,12.09490475031096,12.173991144945676,12.16823024657037,239149.2026086574
2022-03-22,11.824737432792244,11.897201866248878,11.76214186960268,11.82838550776909,11.828323410063636,108101.86057105524
2022-03-23,11.261559613348862,11.322400352492528,11.246005194183477,11.258026534044491,11.254198444069758,217889.78641450687
2022-03-24,11.522819138891402,11.542609590790612,11.495340267707196,11.511446901203952,11.512190830395465,173527.12446178176
2022-03-25,11.17375057182024,11.203163912340596,11.106602603784024,11.192539441352206,11.195320920303212,220505.83961565015
2022-03-28,11.265742298531688,11.35757677664269,11.219798154166384,11.269131087188008,11.27061745611042,318162.8892655159
2022-03-29,10.974693335468606,10.99479781888653,10.89662552026594,10.964299862855936,10.962807490335344,72088.08637483683
2022-03-30,11.62784109719735,11.684200646091533,11.595181588845811,11.646506766501927,11.647274765434036,298884.99026448355
2022-03-31,12.220808725002778,12.22588387542881,12.14110644682568,12.213407414759208,12.21072577179985,427883.7962667472
2022-04-01,12.173493750824358,12.21182663246491,12.116307471369629,12.160284710654969,12.154792881170575,344534.8042848211
2022-04-04,12.428803152529204,12.49799531207726,12.27645091031135,12.441022479875508,12.439283771663266,167430.13320230637
2022-04-05,13.052451710029208,13.065987934490584,13.04786727923976,13.048488640003402,13.050975387350922,802315.8104315497
2022-04-06,13.048941878456596,13.058861029126474,12.94314451032344,13.03976228248044,13.040442511859329,141646.2995840624
2022-04-08,12.991488700518588,13.029906525512216,12.908358129801115,12.981712332305904,12.985048622567756,776261.6551249903
2022-04-11,12.896852204986985,13.047631326856784,12.83923917015706,12.891911264167105,12.89339316968013,202445.89714954185
2022-04-12,11.896077934538594,11.9256337397853,11.864041039770775,11.892457464620854,11.893835127583772,233720.54361276847
2022-04-13,11.642494785452373,11.734517226513866,11.611130404174082,11.639265466748965,11.634454277424055,289311.5517704479
2022-04-14,12.344312087811677,12.366077272755785,12.272724865652943,12.33162929547531,12.327119924888834,378272.3244132672
2022-04-15,12.406495706176944,12.47570492992991,12.362661167689213,12.413413266090876,12.410758653810792,1249778.7507649371
2022-04-18,11.392895731972086,11.429631961057805,11.370181625000132,11.384217537699469,11.385407082844743,320307.635675339
2022-04-19,10.998949018579234,11.035332423574935,10.951268746918265,11.013030457266895,11.01491749718093,269567.2995556136
2022-04-20,10.764657689375817,10.911198532631852,10.749024643074206,10.779448654557193,10.781467803766864,348519.7341986794
2022-04-21,10.20386475091182,10.280391413842366,10.196079260971052,10.229990286765098,10.22653859477212,89146.65514373711
2022-04-22,9.541113107940898,9.574289338945691,9.522050708431255,9.546373595695204,9.546789169461116,547405.364496446
2022-04-25,8.631643806505117,8.71492478824945,8.6127538291937,8.639594149584486,8.639316829193756,1032072.1698013505
2022-04-26,8.573467192650169,8.627695647546037,8.552538508465807,8.575134917901941,8.578018795129255,1091425.7082202504
2022-04-27,8.72440330360519,8.728506129051164,8.65355635138204,8.723267390316318,8.723347765867562,336880.66238412337
2022-04-28,7.801625503162951,7.824199771426891,7.797084046801048,7.807391443599897,7.808263048187666,157321.63141133284
2022-04-29,8.601459165448095,8.64135078695977,8.552863549470452,8.594620474948528,8.593395429091427,194519.93961310328
2022-05-02,8.153277541556184,8.17123693863255,8.11629764788476,8.149206257765838,8.150924878532331,259458.2755981056
2022-05-03,8.275265761317302,8.301145564666909,8.273107430731677,8.284947123661096,8.285574788313147,223839.64018613592
2022-05-04,8.464627972338093,8.528565927411012,8.432445033002221,8.482074454503664,8.482662424206996,193131.5872115186
2022-05-05,7.903244216068571,7.959104360175414,7.902496860963633,7.903806262506408,7.904471429654371,179780.85927232393
2022-05-06,7.791881463113695,7.83425527219101,7.768536158675196,7.799783600633678,7.801305669473575,168239.82490306534
2022-05-09,8.183050960203623,8.22085834939985,8.16692470722918,8.174718388111922,8.177255905271528,120179.32303543352
2022-05-10,7.731930712873887,7.736047372897198,7.714261338584714,7.727615658579916,7.725244887319104,336675.949411966
2022-05-11,8.23561439558261,8.242435231739158,8.221118272337801,8.2401752530529,8.24201216828026,560920.236495642
2022-05-12,7.2252212101155475,7.272196175480191,7.212635320886805,7.222511067274397,7.222585526808196,356521.6007046179
2022-05-13,7.211283039671409,7.220523720516922,7.182862192768051,7.210110661747301,7.210569767825668,720406.3531087236
2022-05-16,7.409456824845535,7.436343293236306,7.348614959020504,7.4018308883398225,7.40068901134326,499136.29170928616
2022-05-17,7.211515509446873,7.218207490721169,7.195143168886226,7.216816942171293,7.215314901912051,460724.2057942959
2022-05-18,7.526062146396806,7.55512348833477,7.47767112515284,7.506101459721528,7.505200479604293,129597.40813308972
2022-05-19,7.28392077643545,7.307822302126591,7.262416548657265,7.279851358442942,7.279528217613594,156279.1868022553
2022-05-20,7.301260881877087,7.324775662444566,7.26093907352637,7.29999930109003,7.300042768484659,205459.0649264757
2022-05-23,7.614229592042857,7.645063331373349,7.509512707828924,7.610122900414617,7.614268525617574,228039.6352712985
2022-05-24,7.1351149145415285,7.215269030845089,7.0647083528844,7.138233676232511,7.140344731174786,136981.88770140128
2022-05-25,7.299402916813862,7.366002874793796,7.299550800784351,7.300472819858811,7.298551640185972,632524.3716384616
2022-05-26,7.091530542543535,7.140768555938447,7.045292683898495,7.098337819547857,7.098496853173509,643410.4377496452
2022-05-27,7.33242702238839,7.338214461149242,7.273945511041605,7.325110330597981,7.323952845330681,161681.45345737957
2022-05-30,7.004140559432357,7.010901572686573,6.996672928826078,7.005532639049267,7.005187987483436,227697.9263201296
2022-05-31,7.345519382092276,7.354087471890618,7.330775878266208,7.345978158689242,7.343400062440942,155768.1433691164
2022-06-01,6.206009896707584,6.213897723860209,6.189457343899561,6.207690442139495,6.2077002029252455,164996.61786724237
2022-06-02,5.891027148592841,5.896763588896486,5.886450346441985,5.892449879655825,5.893484232853184,525823.6095694622
2022-06-03,6.4926751993329725,6.532273059894377,6.484734991909427,6.49743449662668,6.499218053390732,154927.8809546085
2022-06-06,6.669649115202335,6.6988830864010085,6.659010860819565,6.6709206024955785,6.6678917198235625,305091.0604181112
2022-06-07,6.327873565872493,6.350865207394778,6.338735232301066,6.344350922646767,6.348024131416335,47895.93353293096
2022-06-08,6.014545105537036,6.014248476521754,5.9795534070648255,6.007187999850685,6.0063681724212,759210.9280273066
2022-06-09,5.850185114653216,5.861040328299728,5.770247327684328,5.851774187481756,5.850875496037756,281867.6321070144
2022-06-10,5.798081058716714,5.806625693586244,5.797697592993479,5.80150575469864,5.802872892338823,451843.24822377454
2022-06-13,5.734476141119391,5.766102286038737,5.716290647946913,5.728548038718997,5.730797683148551,321017.47664650175
2022-06-14,6.081007604904671,6.099389200412843,6.0418410619831615,6.070066457595694,6.0725231537812485,325266.72774556925
2022-06-15,6.715028118323649,6.742452579267906,6.6808525255661975,6.723979814654791,6.724190560375496,166370.52533394776
2022-06-16,6.67919367378434,6.716869966180042,6.623368092510394,6.6706258677832615,6.671077915987051,140157.73241511892
2022-06-17,6.757828969944454,6.784955222734636,6.695416578883834,6.766241588565467,6.763384562614723,80300.40053597631
2022-06-20,6.651243791114589,6.655392728994644,6.638241612327882,6.65043139041365,6.652566561884939,803955.5749474539
2022-06-21,6.341097581492703,6.331861024120775,6.308141330865244,6.3318009247194444,6.331879462241145,600982.9262520252
2022-06-22,6.54283991657803,6.556191551768284,6.527813361193871,6.549339336751434,6.548776557952948,575762.4385086849
2022-06-23,6.562589049492916,6.6192738896249015,6.548824574531304,6.56828154074387,6.5672994921259455,220086.88536542532
2022-06-24,6.984652910136323,6.986957808192419,6.925800001288038,6.975694029928258,6.974169782723401,416089.0620812181
2022-06-27,6.713734110650096,6.7752962448169685,6.714361079782765,6.731799926533552,6.7358653430042805,178886.78956619042
2022-06-28,6.726416775802464,6.73906737431931,6.68802081226511,6.71683187926313,6.718748219410744,553619.3206122793
2022-06-29,6.238260341490814,6.277478669546499,6.231187067781545,6.24653753844114,6.248400291447178,250268.58458894776
2022-06-30,6.243302966888388,6.263700556048389,6.19388860527924,6.241236569842954,6.240522154000462,208602.94582672816
2022-07-01,6.3241080145073685,6.340217381618485,6.320894159232165,6.332659503413287,6.332571134906713,156208.92771901868
2022-07-04,6.131800079878822,6.151085480591021,6.111680293795102,6.13236949153186,6.131221890613821,242458.78427459535
2022-07-05,6.152129517135881,6.16243263560745,6.136318800489708,6.156081433824763,6.15739725697378,141672.00897307604
2022-07-06,6.2401396654310295,6.246421987294371,6.196183107954369,6.243171773462568,6.2445482997558885,106170.0960244634
2022-07-07,5.703771197749339,5.734855073105922,5.653194524036553,5.708829591260859,5.708288995686232,204307.1823415165
2022-07-08,5.356344911560536,5.373570672193639,5.330654428060229,5.354807114257766,5.356102485407913,331067.2909753909
2022-07-11,5.316142175133404,5.345705650468132,5.270320135529276,5.318690938933577,5.31716001533609,218678.52011347475
2022-07-12,5.178148529668404,5.187191328021937,5.164520912979137,5.175087918545215,5.175620383707506,157736.8190658674
2022-07-13,5.443703945933184,5.496999272512039,5.409235457699145,5.442308598902534,5.441897842363962,1735167.7019377295
2022-07-14,5.5528450186156375,5.57466429202866,5.518135913210575,5.553206943765408,5.551543436391095,207256.4277512512
2022-07-15,5.598255425693093,5.597412565456587,5.572446234917639,5.595609794626716,5.596627403207838,578157.1478507393
2022-07-18,5.772545984341657,5.775036237459444,5.755399704696304,5.772097978419121,5.769339564817108,80643.15358524333
2022-07-19,5.955154035859128,5.988953682523643,5.9179313843721735,5.966901551974302,5.967848465320793,50455.60706274819
2022-07-20,5.772914189992651,5.824425214967272,5.748492948041743,5.7707936192363,5.772547888646413,646502.2011146344
2022-07-21,5.929585637484045,5.955831720156541,5.925538712155081,5.932714212548266,5.934867992876602,316393.75046646263
2022-07-22,6.450504932721542,6.490698691240415,6.442312224710669,6.45697816801788,6.456623131213119,462088.8857729275
2022-07-25,6.695302783851241,6.73870761461902,6.680756369874394,6.703471036911785,6.702654902085034,381262.4668283569
2022-07-26,6.585782355610284,6.620496480573462,6.587220254632055,6.59143345955798,6.588653103353324,104249.06994875104
2022-07-27,5.992276688900927,5.994686426648392,5.98517125540254,5.988819163627466,5.9881883765159785,313833.3126043871
2022-07-28,5.57721570828786,5.593748722484191,5.5743354395536695,5.588482349498221,5.591518909475884,517170.04304764
2022-07-29,5.63104209733201,5.644392021090344,5.595882561782548,5.627835841035743,5.626676166906808,93856.68983182052
2022-08-01,5.377780612074166,5.399177406148363,5.361505938848487,5.385234242202412,5.383410258680138,208508.67007120216
2022-08-02,5.06337807969277,5.078915262251877,5.062025880893844,5.0634962272108,5.0651424286344175,385864.9972193413
2022-08-03,5.272738583315595,5.310437262473794,5.243715052955604,5.26307303151124,5.264065556649227,140675.0184238759
2022-08-04,5.570095461639558,5.5953864801426505,5.562923293716019,5.568134406801631,5.568561285264191,492824.6972752242
2022-08-05,5.278933858182682,5.330791380766822,5.252247715120284,5.281820530916211,5.282364451446721,161358.7980550996
2022-08-08,5.682487263027671,5.696324463809946,5.671092549416058,5.69228757632787,5.6923125448886704,74135.98316753122
2022-08-09,5.528845012037375,5.530982166690055,5.502666210359646,5.527384403914959,5.527199727764535,337107.23377918307
2022-08-10,5.572303231682214,5.584617187452427,5.575276085311704,5.5768530969478,5.5760304315577045,506954.5518299349
2022-08-11,5.114233399550477,5.131172331841845,5.095667866101136,5.118003909539392,5.116516221222453,626657.0948177498
2022-08-12,5.3468516769617045,5.350873453262571,5.330563802934808,5.335413990693723,5.3345852760583545,777867.3328186274
2022-08-15,4.929218776817962,4.95447516599294,4.92869639040801,4.929711915413055,4.93003790430592,104698.2300040131
2022-08-16,4.564234028217833,4.575867971369282,4.544702213649829,4.568692564537675,4.568443130458162,266396.08449279505
2022-08-17,4.604358845536366,4.630417816544418,4.587050333120287,4.605728391505142,4.607114811614352,540959.1584792034
2022-08-18,4.251030410872255,4.289313564027869,4.231525654798756,4.254929647328197,4.255459772752171,400146.5310082874
2022-08-19,4.21747855366268,4.243470879435709,4.197989272492898,4.218776770806009,4.2185127088030185,220504.35592476363
2022-08-22,3.93775771707492,3.942699100503564,3.914075368140616,3.939994749130655,3.941403203656184,716166.2623152353
2022-08-23,4.128773782874389,4.138132611295253,4.111707547136548,4.127828067937771,4.129020176923212,400441.225232943
2022-08-24,4.291008748471422,4.3188844567473845,4.292175305593297,4.292800130993856,4.291982536017193,561510.4441784177
2022-08-25,4.120961688457776,4.122234389294444,4.103379920586289,4.115015755708444,4.114430288554123,123924.80511724886
2022-08-26,4.25511593872865,4.255776160744363,4.220826478383393,4.250577108518216,4.252070205909238,213151.95719923623
2022-08-29,4.0862133945553,4.091103656708489,4.078905374656693,4.089714555158227,4.088663469788979,176005.65463334898
2022-08-30,4.249634929560596,4.286627079101301,4.21984854287378,4.25208161843491,4.25167305998253,259099.4297022553
2022-08-31,4.27086460252877,4.314945284344064,4.24842590351943,4.274729771820493,4.271948675391525,218309.24585462987
2022-09-01,4.544447449784477,4.556528711609739,4.543200520179012,4.544015507403194,4.546193563173381,591768.9419096761
2022-09-02,4.401113306570965,4.423221773462774,4.389972695223534,4.397644290035595,4.398677781630609,176760.18807117263
2022-09-05,4.372088759109414,4.383942252660817,4.331823197266957,4.373068968025202,4.373200855490033,232573.18067206533
2022-09-06,4.465390090216575,4.4828813008014885,4.455552614720396,4.459385076953288,4.461393410331708,430434.1136756443
2022-09-07,4.812349237906275,4.828174925236522,4.762430524028325,4.808989658718475,4.809812072046859,125311.73062143454
2022-09-08,4.826227406565792,4.823707427984177,4.8174337508289,4.8229214874663375,4.824116983361116,245427.21868710747
2022-09-09,4.598203801165511,4.611223442305782,4.579883111718639,4.591873450051271,4.591296798493569,300632.58249632345
2022-09-12,4.211824311551488,4.223450139108731,4.205117512328283,4.21088112843561,4.209390352020849,207018.23100991148
2022-09-13,4.149514555998623,4.178120815365301,4.132678877473509,4.14768407937484,4.147620655714103,200224.0282828412
2022-09-14,4.142027166249359,4.189173496906357,4.10677643471926,4.140553595769759,4.141382032443112,320729.32019702287
2022-09-15,3.7269698262977062,3.739636261897009,3.7148879513171487,3.727286679313027,3.726985122608304,158783.22454876054
2022-09-16,3.726319445217322,3.7428442069394503,3.700708559915565,3.728909599394671,3.728131277267334,311502.2063239518
2022-09-19,3.8766635885842096,3.8734515537039127,3.8634212632649136,3.87286876312196,3.8734979340613234,202198.07117351145
2022-09-20,3.611308715970288,3.6243213073953737,3.5987250919755494,3.613465599484008,3.612406700205402,311143.9872073347
2022-09-21,3.4919720883496144,3.500839353244241,3.4915325177062018,3.4924266132409483,3.494164700193093,408150.3028710164
2022-09-22,3.121220003035877,3.1194312869520737,3.0773016401667426,3.117654357880334,3.118108633043104,351073.1344104843
2022-09-23,3.04137106476084,3.03846026270512,3.0251902934664834,3.0356266293369405,3.037103591136519,227751.88490983643
2022-09-26,2.939680878921804,2.94028361877882,2.93337242118006,2.934370560037509,2.9343933003665943,1124307.9040654327
2022-09-27,3.0583858806869038,3.062378609877625,3.0378782614111053,3.056299129894645,3.0565971865125285,374491.36491959554
2022-09-28,3.031671812874369,3.035188223067121,3.0291067294848526,3.030911435207148,3.031045762143706,152774.61053430138
2022-09-29,3.1030187823390447,3.11047419123556,3.093659028228329,3.0999769580584693,3.0995693920872114,422567.50003602746
2022-09-30,3.2210521465050586,3.228282632853302,3.210789420011384,3.22301317521332,3.222586063432647,216815.54117884728
2022-10-03,3.5925511682402766,3.6082877575150234,3.591160686458891,3.592434773072969,3.593045000127882,383435.1243190347
2022-10-04,3.619174623627021,3.634173718470232,3.589524733119681,3.6128300280816297,3.612681476166352,332878.7634243384
2022-10-05,3.4417580625175925,3.4523819848737567,3.417064950865917,3.4412020631839457,3.4404074552993187,303110.07536005706
2022-10-06,3.284509264085837,3.3001322764865426,3.2560211726147514,3.2842672927761702,3.283610577087356,354377.5461327229
2022-10-07,3.342432624582904,3.366543761312065,3.3350573273333057,3.342579936490183,3.342832120913965,128320.06582286557
2022-10-10,3.434410608850265,3.4304352999017085,3.403484239930914,3.429279202715169,3.429089909866015,174451.88071139946
2022-10-11,3.4758324066315285,3.475561779258857,3.4563019515199227,3.4748371732706564,3.4763032938463634,185265.185910205
2022-10-12,3.3520460871377,3.358068972708777,3.3168796467126493,3.3547570750274254,3.35527636850828,202582.3336930802
2022-10-13,3.5955783826628207,3.603891612374869,3.5630942321961907,3.5970304533732214,3.5974231855004986,658477.4409775661
2022-10-14,3.580786529223701,3.5966871680220622,3.5542070217860022,3.580162336694686,3.580688444721978,363282.0378342522
2022-10-17,3.418312585070629,3.443222320106535,3.391590213914053,3.4222218601484107,3.4222218601484107,324796.4045610309
2022-10-18,3.650190582374286,3.681703297773864,3.619449806021677,3.650480823111933,3.6498132296094976,259528.1304939403
2022-10-19,3.993669229750811,4.0004045500080325,3.9846509394762353,3.995867731194618,3.996168101452752,1072805.789775507
2022-10-20,4.318839334184741,4.334877088718185,4.304019990617176,4.324746680259847,4.325076852204155,182900.37312996076
2022-10-21,4.060370920249282,4.073312089257485,4.0433487640726895,4.0591711489625855,4.060050018165406,449640.4589928937
2022-10-24,4.439586886363412,4.464426119610576,4.423575155329811,4.436258436408962,4.436296379640731,458413.1586346009
2022-10-25,4.328442879728679,4.324653777476576,4.297878902777494,4.323573861540314,4.323421837457238,436054.8419355872
2022-10-26,4.176935248688145,4.20279048149246,4.162225666409201,4.176979944812579,4.175989295299797,215148.24384405624
2022-10-27,4.241640960126867,4.263687335859038,4.215344069368842,4.243375646067894,4.244812758598302,144793.14657186109
2022-10-28,4.175628370247091,4.19178527499243,4.160367008175683,4.176496928101484,4.176694908916582,347919.5400938153
2022-10-31,4.059524273337838,4.060783393255901,4.020551771228044,4.052653113516834,4.0516584238368605,284873.4954256249
2022-11-01,3.9569052462254777,3.975953835837141,3.946212383545273,3.96048989684562,3.958586533814528,234944.41083200637
2022-11-02,3.983288721786772,4.000085828128976,3.975208480617324,3.983548342204254,3.98297285500075,210333.13781618053
2022-11-03,3.896939004609828,3.907349392173021,3.8938195863983824,3.899738798955019,3.8997072824823737,445031.5358882572
2022-11-04,4.04721374144574,4.062868236046964,4.019961018403973,4.043367427535015,4.041224759292959,242901.9561956376
2022-11-07,4.004264652732091,4.028212926980848,3.988706184230633,4.006376134297594,4.007510020002769,155378.54821279223
2022-11-08,3.8320299511563936,3.844305408788115,3.837555686693301,3.8382670106171615,3.8394499526689567,1247759.4271269436
2022-11-09,3.611601472008164,3.626786429914422,3.5959769578057705,3.613255178233448,3.6142741217506,637030.579048888
2022-11-10,3.6876786570293394,3.693249813944824,3.659181169484085,3.686986893254481,3.688347686449752,210747.81931543897
2022-11-11,3.709526136717017,3.726029014906514,3.7002155592544894,3.706295376438368,3.7051032306117606,791470.1489958696
2022-11-14,3.7851568181611928,3.791759908047612,3.779934771815016,3.781105432771722,3.780332277845935,116729.53843367808
2022-11-15,3.7904668380426334,3.810398009782886,3.78587838356949,3.79384489055956,3.79440482873862,131039.27997892264
2022-11-16,3.872220751741133,3.876638900739904,3.845561001329533,3.873897649323614,3.875727241313675,200588.45447457608
2022-11-17,3.739915395946487,3.75433845687778,3.712264663284985,3.7403052361895273,3.738165339337279,612040.5038574501
2022-11-18,3.703281482388785,3.712352941163537,3.689584242042458,3.703711962881184,3.703311878214661,181438.7271295936
2022-11-21,4.002926900271866,4.023755730939142,3.992088209402624,4.009371930477258,4.009616123388571,455121.5981351209
2022-11-22,4.060716406116464,4.090418181070274,4.048272751846024,4.061256771002928,4.061944041101912,153865.48159361375
2022-11-23,4.279182870481704,4.285356292659662,4.27406485884425,4.282504444035009,4.2827811479673965,301533.2095435272
2022-11-24,4.014701442982851,4.020244445682998,3.972211389229421,4.012086316821659,4.01101069980491,305773.0391844232
2022-11-25,3.916868523762546,3.938839845520241,3.8785795303397617,3.910425352385406,3.910561937395287,182405.73189040783
2022-11-28,3.761370679354946,3.776229303781305,3.7425904045464526,3.759224021346154,3.758542340329111,364326.781761162
2022-11-29,3.539472269003823,3.542456503294763,3.5201258546718823,3.540936854061562,3.5422533608317943,157173.61049156965
2022-11-30,3.529168727566637,3.554311762745297,3.5130813725720134,3.5296483104734118,3.528607363453595,131292.48643052345
2022-12-01,3.4523305989903066,3.4512617898299056,3.4336998818153366,3.4467978900778107,3.4472611119457035,194728.42372464156
2022-12-02,3.4058239210901324,3.425787336559549,3.4089587810757185,3.411505873734625,3.4125895747195463,134803.11073747347
2022-12-05,3.424236400651783,3.4364369973000803,3.4079871640208625,3.423548719504279,3.4232189379124573,127017.15788183412
2022-12-06,3.356802321674468,3.3857150551818767,3.3309012856004245,3.3543609944476014,3.354321084344984,744821.4611939212
2022-12-07,3.4319794310411207,3.429252909489237,3.408635894055541,3.4277804979619235,3.427376919611572,237891.51514611364
2022-12-08,3.577278594893663,3.613702352164778,3.5811541359367918,3.584197531633605,3.584557846316063,244250.93373169567
2022-12-09,3.2706572980752693,3.282973963549917,3.264578077128908,3.273480153424709,3.273672947484205,228525.43472147017
2022-12-12,3.1976715553186774,3.230766217067572,3.179890434093817,3.1991131533684283,3.1998836629707825,199858.404053092
2022-12-13,3.327960331829441,3.3382377781394417,3.3222352896269363,3.3287801298849136,3.3282695102316766,59077.08935721507
2022-12-14,3.2129204362392336,3.24947273295776,3.183581491233864,3.214721387927796,3.216865296238638,480562.9632259452
2022-12-15,3.4681040932082423,3.4758474909734467,3.466869948757222,3.469238437117568,3.468648233440457,939199.474675796
2022-12-16,3.752667364465811,3.757001244596137,3.743317719287193,3.753412041707139,3.753713234834069,199728.57285434843
2022-12-19,3.5690176341146373,3.586562877171961,3.560104615226758,3.5694291127190634,3.5718624680583493,289854.8144092172
2022-12-20,3.494841277263156,3.50957173396587,3.4712474657454697,3.4955646775980123,3.495630316295327,319323.12145916093
2022-12-21,3.558748934639302,3.5612202211373547,3.5459780378444186,3.5569049887674007,3.5575053864113166,206179.06667011985
2022-12-22,3.848524497637537,3.857798392045348,3.836997332763401,3.844033979179057,3.845341684497952,190292.75859314893
2022-12-23,3.938899748246679,3.9436901346955424,3.921895551585491,3.932474648218428,3.932299756446797,336233.998059844
2022-12-26,3.9876920456275777,3.998649792182496,3.9876527395293753,3.988407855385391,3.988503900278695,120697.70562346194
2022-12-27,4.038884232469288,4.052012804729923,4.019110435406599,4.034172100350839,4.035817362356616,454115.1226905369
2022-12-28,4.125984039871204,4.145948699695758,4.1082732034807545,4.125150903525808,4.12711721734463,201557.5402038945
2022-12-29,4.125152982721438,4.139112446954039,4.118785803694082,4.1297549091963885,4.130214926622014,71051.45184637637
2022-12-30,4.129994525338578,4.139676263756501,4.130490331168815,4.133297767564561,4.132492429464629,140067.73861284816
2023-01-02,4.100013435795327,4.11202022114402,4.089492403812425,4.096009408737661,4.094711119657685,220066.324828532
2023-01-03,4.088949761873377,4.108120874333364,4.075996124411893,4.085608235305342,4.085354366454412,452970.22878213687
2023-01-04,4.047742985802033,4.0595278479699015,4.035637274900068,4.042834226804025,4.043665863954129,606505.4220398214
2023-01-05,4.331341008757687,4.333968113143562,4.308610888737137,4.33029451157958,4.331352014684621,436090.7325858243
2023-01-06,4.476408014033954,4.483903603225955,4.470045180651508,4.4818810366770325,4.481061392619869,347433.7988883669
2023-01-09,4.4909571234551855,4.511650757641831,4.482164493485993,4.48278558302292,4.482176055804275,437182.0762919669
2023-01-10,4.931121661108598,4.960835282192762,4.930151434344007,4.930865068644006,4.932370842520737,183923.2893684344
2023-01-11,4.5023584752305,4.520390821203272,4.48308662957001,4.50431085541234,4.504457584723799,379753.1068767068
2023-01-12,4.417953572199978,4.434677845978984,4.4123785742691215,4.423134723161351,4.422225627918086,532722.2195874507
2023-01-13,4.427102156621189,4.438834994434033,4.404355903230094,4.430681625865495,4.430074940559707,162098.58143473687
2023-01-16,4.416351547640834,4.425486624901851,4.400114562499715,4.413562290555952,4.414046514093308,169559.53747445517
2023-01-17,4.53704260729797,4.56880167009292,4.500778947587061,4.537522626323131,4.537955248450797,201876.9099511284
2023-01-18,4.670653975045033,4.687841511613072,4.635382849327336,4.679485008494717,4.679268038231991,110272.91703642864
2023-01-19,4.757720767751168,4.798117622105688,4.69456758573329,4.760890130312749,4.760390637710716,569209.4571093577
2023-01-20,4.50071473273921,4.510677036843824,4.484914170409279,4.504783648309502,4.504838381782464,196746.1901018996
2023-01-23,4.717500363813991,4.736154085618034,4.719339916376396,4.720804490898744,4.722480817144906,100692.53346527886
2023-01-24,4.592887548449281,4.653547314781863,4.573840875421444,4.592241651208633,4.593869434851572,65588.5326951787
2023-01-25,4.581664671920811,4.636020427213523,4.568661456635848,4.589603267668708,4.590049164072181,678040.3136432156
2023-01-26,4.690022667551412,4.697605440116011,4.683753115483295,4.689725195263641,4.690558778824484,501618.074774371
2023-01-27,4.19326049069662,4.198674935225477,4.169498966253301,4.183276599329534,4.184123766097283,164528.66439788183
2023-01-30,4.122479209462062,4.150409857576862,4.124739361339426,4.12559520612898,4.124123033102474,404759.3677145497
2023-01-31,3.7351476462734,3.7308468932187,3.672060739974752,3.730330791356592,3.7305794402049073,133688.28831189635
2023-02-01,3.69561020958374,3.727383408892192,3.689915343648372,3.6976275288762808,3.695845228546716,257639.8320207272
2023-02-02,3.343431953194083,3.357593341755271,3.341902934089421,3.347840926411234,3.3496024890551066,170612.84979762687
2023-02-03,3.531607437054745,3.5680418123838438,3.53760094527867,3.5402012568846577,3.5401172937065404,133653.82507290354
2023-02-06,3.447631369648761,3.4639605872278607,3.4392646860384435,3.443960988483901,3.445313893742876,460676.578594565
2023-02-07,3.3263530598875963,3.334167853111925,3.313339263950967,3.325363260333248,3.3255167417902087,336036.08181852754
2023-02-08,3.683896824435812,3.7109824728776513,3.677896559775037,3.6936460693936666,3.693464046473226,217764.4146210616
2023-02-09,3.653490927738591,3.679076177350901,3.622909510096247,3.653419428070521,3.656167428692031,411207.9754915752
2023-02-10,3.794674861386962,3.8114879553863754,3.774407856592449,3.800608545499263,3.800563953108844,290615.0401680115
2023-02-13,3.5957443670895377,3.596046769260973,3.584543883176139,3.587842352110622,3.587982745865607,168855.2677012925
2023-02-14,3.404769483281552,3.405683142409857,3.397117883610834,3.404864671232003,3.4032038397587114,152029.9677339059
2023-02-15,3.373244445093777,3.3901435975308787,3.353167894009928,3.37461815007169,3.3739301999324187,436067.4557555544
2023-02-16,3.260887871789216,3.2705895490627084,3.255152293640114,3.262258042767355,3.261855249590728,0.0
2023-02-17,3.161407232175665,3.179182125532593,3.146978987475064,3.160307056454198,3.1599682686648864,229219.8960693853
2023-02-20,3.127578487165151,3.130579122165878,3.119404810142201,3.128845259662232,3.130493593433844,233351.8579099388
2023-02-21,3.00343630712489,3.012692603782176,2.9981228310285184,3.0068211375120417,3.006620063636286,525792.6071508214
2023-02-22,2.7728306085071663,2.77162034169265,2.764344949317317,2.771412303253023,2.7710191418394774,0.0
2023-02-23,2.8155813962669494,2.8333958803347965,2.8104360335796628,2.818200989844223,2.818652022358871,258441.2340699713
2023-02-24,2.8008941366428064,2.8003729191584865,2.7929591171625265,2.798375259366316,2.7989689696243487,1065297.9450183702
2023-02-27,2.7176311490646574,2.746975550293711,2.712303431879082,2.714210925966954,2.7145174682981,265814.8177077669
2023-02-28,2.9405267901900958,2.967605812678688,2.894544294942304,2.941620126166266,2.9418280571402806,369286.8125657223
2023-03-01,3.032243355077614,3.04104504354764,3.0213569950890435,3.0374251064827646,3.0378478137408247,422465.1280417773
2023-03-02,2.961215659702044,2.9802607209347123,2.9584006883503897,2.962144560627146,2.9612967759844224,95846.04980730749
2023-03-03,2.9142933957340755,2.9165492547841336,2.905905004687721,2.91442891773493,2.914449111969839,231965.6705171702
2023-03-06,2.592195049502044,2.6079855444362616,2.578527390711399,2.59590617635422,2.595729027143115,250811.7215304742
2023-03-07,2.4642527432431693,2.4734681004727253,2.46830509484708,2.469379710846861,2.467712438613896,62469.57193622141
2023-03-08,2.4925621016259285,2.4984184726268617,2.4751400864258613,2.4976552943579104,2.496851130794615,324737.0441091816
2023-03-09,2.686084114403618,2.6853034433119656,2.662932937875885,2.6829974907683334,2.68366692433163,90580.37461914188
2023-03-10,2.5843626051057136,2.603514336008344,2.5669444716966,2.5823023528142195,2.581134117638578,1399437.820902198
2023-03-13,2.52627656735168,2.5606857807361307,2.526791370752728,2.529706547488455,2.528926948352948,435219.8343012133
2023-03-14,2.527068525846499,2.536633468349777,2.5187016183636417,2.5244356693973526,2.524024732382564,157968.1276690529
2023-03-15,2.5471913841611378,2.568478701570724,2.524764684780048,2.546716833340337,2.54642699853588,1066211.6469442267
2023-03-16,2.404736977443809,2.421605927922693,2.402631752387541,2.4038807292813025,2.404861703900566,538780.1029606368
2023-03-17,2.247258438513006,2.2599724825387963,2.2514871098875275,2.255899452731968,2.255619497418176,395654.8936423758
2023-03-20,2.5490941250133345,2.561669514511665,2.547474839378832,2.5510526844278667,2.5505611166365094,348290.4564916015
2023-03-21,2.356314196319798,2.361973450472618,2.344434377071315,2.353797425876329,2.3548516620443656,225901.618134208
2023-03-22,2.499755375018782,2.520684810077007,2.5009964051391598,2.505471848933876,2.5059019364752912,235946.047140722
2023-03-23,2.5542940347271883,2.5526440144891804,2.535660913432754,2.550138584109811,2.549133947768729,385457.1561116442
2023-03-24,2.5370271713750223,2.5387644892758376,2.527828055293996,2.535321873275437,2.5358917607104896,961465.359041517
2023-03-27,2.563801810780044,2.565851817773511,2.551829893337505,2.564474451952756,2.5645248491153683,439332.74003190384
2023-03-28,2.783193770250497,2.7963651918300574,2.784005187681589,2.78611005604051,2.7856407557732825,764209.9463886868
2023-03-29,2.7961447672359583,2.817228269444484,2.789285926726866,2.794012905479055,2.7959486893793835,304675.94540044904
2023-03-30,2.861698018827709,2.8750216937327857,2.8349043326237475,2.860904270550108,2.861422635809584,199115.32656415552
2023-03-31,3.102777933973847,3.111665023344571,3.1032975234868085,3.1038973811290376,3.104622976107287,796216.2931236832
2023-04-03,3.2547728618800544,3.2570694173645363,3.2306292346325893,3.2530402525014948,3.2521073581680837,896686.08386053
2023-04-04,2.98530707062778,2.9989501656883317,2.9867975559760307,2.988685229046924,2.988101585031316,141816.5417194353
2023-04-05,2.7463315092536407,2.7625696234132584,2.721427212119201,2.7480706325981483,2.7477784587091434,262217.65783476795
2023-04-06,2.775365914174254,2.802391393134034,2.761256198154319,2.776421904623787,2.7756749297722125,546989.3080639512
2023-04-07,2.663526935123636,2.6717873123085045,2.6434744623249364,2.66523182122256,2.665573781868728,196851.29514956463
2023-04-10,2.686499553457568,2.695615785407877,2.676444446426728,2.686349356019281,2.686251730073593,246773.59328084785
2023-04-11,2.7293327057857413,2.7455150972117,2.7051698683484102,2.729877218416404,2.729918402071008,613183.9735009432
2023-04-12,2.9729540202338014,2.995517104821158,2.967757840649923,2.9712295317553687,2.971353996088487,295651.13374436955
2023-04-13,2.9184541920943228,2.94328280993964,2.906153581280026,2.917453721106186,2.917724434942348,238075.51411540536
2023-04-14,2.8897078633263438,2.9337456513823645,2.8818742259737147,2.886637933775565,2.886678106828924,361666.0016521597
2023-04-17,2.7211608245569727,2.728396064246421,2.7189748938578697,2.7256526674088817,2.725372726606992,429881.5252637698
2023-04-18,2.711833720376472,2.7093405418153416,2.6971537205748475,2.7089657796368964,2.709199479485349,53312.92857664105
2023-04-19,2.5580958162285667,2.5629630003332644,2.556742742115179,2.559536154659792,2.559187835427084,1012082.397821348
2023-04-20,2.6192308216516533,2.641395186821843,2.6033455869480018,2.6213459395186822,2.620279569442504,318467.8347862969
2023-04-21,2.562979209402537,2.568944189340933,2.5622319734705834,2.5650878645647306,2.5658100705115205,499043.4932419772
2023-04-24,2.519411069183194,2.524538593314002,2.511524716586974,2.5218123840414477,2.5211187449740757,546631.2136491336
2023-04-25,2.6156917381856117,2.62921836833155,2.6163473733534484,2.6175465554770394,2.6162361747942064,147453.35298298878
2023-04-26,2.6133951135136986,2.6320060648886594,2.609093238929664,2.612604691257689,2.611419631173731,86957.89043758651
2023-04-27,2.718640329154069,2.738121612376976,2.700023439415381,2.7147367828613507,2.714775824021702,506320.07974809175
2023-04-28,2.6229686010079774,2.6385698552728223,2.608400359796568,2.622057277363294,2.6226420513258244,513448.9569748709
2023-05-01,2.718080825863364,2.72471259244326,2.708329794015433,2.7204228033146727,2.720207710818761,171364.31014888594
2023-05-02,2.571800550611056,2.58973406354456,2.566942600639197,2.575403342995193,2.574307542410745,666545.487819452
2023-05-03,2.683234063154768,2.695441062372287,2.6677742536579823,2.684421732079357,2.6845249313823034,162950.51431642522
2023-05-04,2.591545850440101,2.6033070694074723,2.578925161335373,2.5920375393521877,2.592396320233545,206285.53786843183
2023-05-05,2.446743438646965,2.4584088501952253,2.442674376892429,2.4487203199270167,2.44860474602638,261228.6276692898
2023-05-08,2.464384209988987,2.479310346007455,2.4608668572547896,2.4649561083294174,2.464947341340112,136449.4269995401
2023-05-09,2.6650805042907257,2.685686239547864,2.6650757633060103,2.665930125528864,2.667271157200927,209278.0338221219
2023-05-10,2.6683544980540352,2.6846746578213287,2.6563033703494425,2.664696050082568,2.6654820137383908,352463.2894854943
2023-05-11,2.6616383481251,2.6713057076020053,2.665538674051466,2.665987125087852,2.6654056006250717,545897.7088698313
2023-05-12,2.491221803746216,2.502015602093754,2.4853917913735306,2.491147345738714,2.49178109196177,299303.979694747
2023-05-15,2.8269713950118662,2.8494238221399093,2.8253177399796137,2.827600023448696,2.8271826373677187,228966.23964739832
2023-05-16,2.659638551791979,2.679920316242875,2.631066631509971,2.6586004843783915,2.659025400675184,146352.83704684358
2023-05-17,2.6934105130702317,2.6963288227544044,2.689690409204562,2.6922821317058947,2.693255745288587,260211.68588072807
2023-05-18,2.733626054516233,2.732883278625195,2.729157886500508,2.7301289294275564,2.7305388699249917,163460.81449102357
2023-05-19,2.708489388385636,2.712666276365214,2.691129521466688,2.708722750867713,2.7096740742706404,154643.7603731077
2023-05-22,2.77794376976854,2.785239786241506,2.777745451088147,2.7792160320922377,2.779546389430063,161508.64630340794
2023-05-23,2.8893276680533453,2.8960423313541046,2.8827764545964234,2.8883756432672825,2.8881285425845413,321932.60110968404
2023-05-24,2.625909449680066,2.6559534365943818,2.62039329691555,2.6311932470713493,2.6307494250520893,347211.5922029122
2023-05-25,2.853651721194855,2.8590447806402746,2.841111507264515,2.8536438341302484,2.8527560452652603,244921.9898223109
2023-05-26,2.7438426424030102,2.745961240636628,2.730362963930593,2.7430911846821955,2.7430983918168934,541516.4047638233
2023-05-29,2.6831218961440078,2.697404756050046,2.680004080075033,2.6829507713809657,2.6826666383014666,497228.2229956426
2023-05-30,2.5768888582669685,2.5914828531945795,2.5747810439063974,2.578143260458549,2.5790806639233312,160742.6184938326
2023-05-31,2.4358752539549307,2.4354108128494376,2.4280888821111075,2.435197743715517,2.435559613779324,685141.94693652
2023-06-01,2.590640889659286,2.597701645869028,2.5729060176514817,2.590153671524197,2.5898388937629875,73211.0280468745
2023-06-02,2.5509727390145667,2.5686251170386365,2.5350511681224432,2.549514160265154,2.5508506446636274,470321.6132929368
2023-06-05,2.657789534897936,2.6568419045042706,2.655843097175137,2.6565474931423223,2.6564843057198573,311513.96598077286
2023-06-06,2.7744228163961115,2.8091433017297227,2.7628341203210907,2.773810475089264,2.773700148545044,215891.1422072897
2023-06-07,2.9842080570206204,3.0062774124022185,2.9743621578899573,2.983969921314781,2.9841158648346577,218953.33603207357
2023-06-08,2.797642014641959,2.799373229537159,2.774740363268947,2.798894564532821,2.798061207343322,330398.1019715024
2023-06-09,2.71835529540126,2.725682845574145,2.6916329990439194,2.717041529977029,2.7165221406064366,208346.65607360276
2023-06-12,2.782174722204921,2.7907348535277308,2.7728161358852117,2.776803361185392,2.77655877647439,406573.7718365453
2023-06-13,2.9197557514033665,2.925809954321837,2.9053442605299216,2.916883164551772,2.9175857482748557,75004.06433600627
2023-06-14,2.780725045509068,2.802218190996568,2.768140782594469,2.781959770289045,2.7823780358160977,211717.5389572037
2023-06-15,2.6305880879954664,2.6463797409648797,2.629454623859973,2.633370613796538,2.63381355884292,342896.7620081185
2023-06-16,2.718358132453348,2.727124394895155,2.7135574508883944,2.7174563198152475,2.716969148636112,263118.162551409
2023-06-19,2.7256320048404934,2.7244704201333483,2.7229683314859945,2.723122798020858,2.7225149148731917,141914.38528691232
2023-06-20,2.628234834189411,2.640256197169487,2.619113718894526,2.6290092825650486,2.62929365460197,263682.6106954589
2023-06-21,2.4451702321804176,2.4463169387525694,2.444883117051364,2.445640981478161,2.4447069471749185,360460.091757142
2023-06-22,2.3211866802908667,2.3267271360486244,2.3206547032753537,2.322135366659848,2.322076078754763,340747.35795788566
2023-06-23,2.3941039488654026,2.398260336284732,2.375234019495641,2.389073391505244,2.3893613728125183,227189.37529552128
2023-06-26,2.520733199089224,2.5261888693817567,2.511352254335959,2.5203213223957976,2.519927273672499,390052.6677127967
2023-06-27,2.653392842653606,2.666661280903244,2.641066395016682,2.6514066723226697,2.652092085307355,210149.03264879985
2023-06-28,2.5238245565359043,2.5288133289288885,2.518192565184312,2.5264895889226984,2.52699779025128,219832.7317734548
2023-06-29,2.664641469681029,2.6952451419718364,2.6601966810088657,2.6654460658659787,2.6656115788977788,457717.1014200492
2023-06-30,2.843501806341948,2.8425483496650736,2.832592392648684,2.837474218881962,2.837824680816945,147476.5174776027
2023-07-03,2.888886547680742,2.902277058019884,2.8740639181144694,2.889066174969986,2.8895233494151498,285837.56462813
2023-07-04,2.9084879600858584,2.909765871560812,2.8874508167615724,2.906420959566172,2.9065204908135645,127336.0131767776
2023-07-05,2.988704463380395,2.9979036592939914,2.985361393751575,2.992317017678218,2.9914236268137198,468747.5262616707
2023-07-06,2.770230517799983,2.771436079569896,2.7697017346757518,2.770189546750787,2.770637038302543,321545.77920161764
2023-07-07,2.532047252678911,2.5477659919678763,2.5371345339164635,2.5371543344513023,2.5359547493973764,593687.0321899229
2023-07-10,2.5243902003340954,2.541875551519363,2.505264079059238,2.525687002448272,2.524948870172876,636073.9715751054
2023-07-11,2.5069445508243398,2.5098115362047646,2.4858183232592563,2.5070140235883795,2.507920269617032,284708.24569797784
2023-07-12,2.1688312458064094,2.1768994064064007,2.15399540010024,2.1666505652119787,2.165748592943264,124117.40658847798
2023-07-13,2.187649043769662,2.1897216838637497,2.180640265162439,2.188023356194395,2.1871753911788714,204277.73871643792
2023-07-14,2.292982116498175,2.300548605219234,2.285229662280296,2.293178623308292,2.293013953456838,190635.9223204944
2023-07-17,2.44663086726103,2.4715565992201323,2.427627553514242,2.4489446767584977,2.448653696852131,871134.3462306393
2023-07-18,2.487014023203033,2.508420302472097,2.478024033154246,2.487414495726591,2.4880109739377305,350330.2578767157
2023-07-19,2.424565781090619,2.4430175289356564,2.421594227200764,2.422775455386173,2.424801826650743,421248.4853041353
2023-07-20,2.562896207722507,2.581167918812157,2.566560165202485,2.5696207788223515,2.569372771604184,697042.0310758501
2023-07-21,2.725111810862009,2.7454147591707385,2.717891890635485,2.722794833447977,2.7226403080377617,395576.5542804815
2023-07-24,2.7450488673139835,2.7496491756087806,2.740204753087652,2.746079253417103,2.746161973225905,325645.25894836115
2023-07-25,2.841052523875871,2.842929383739546,2.840195692173239,2.841568853466921,2.8407205490335503,496377.32172527135
2023-07-26,2.9421999509130585,2.960430071266178,2.941301115315296,2.9434936362973856,2.942810851479816,87136.57953203395
2023-07-27,3.2614392585886582,3.2695901305973107,3.257443721368479,3.263537853904682,3.2629081160580053,134808.36181732267
2023-07-28,2.7683575865487984,2.791089956353565,2.749921491614039,2.771756257570144,2.772287586622193,305351.484680814
2023-07-31,2.886598163640392,2.890960430073098,2.8695311577878866,2.889221583007253,2.8892710323535624,496198.3973834916
2023-08-01,2.857323268931678,2.8710519016273413,2.8351884876660454,2.8605238839947718,2.860238306760724,282080.45395596593
2023-08-02,2.8697849830480378,2.8752984154187384,2.8453327679994684,2.868060183584714,2.868678673267673,295994.49818673165
2023-08-03,2.985751212037888,2.986201772015165,2.946841762935384,2.981376586471444,2.9801233275226875,91041.34458021756
2023-08-04,2.9811587258983803,2.9964095473757166,2.975915654801702,2.9823925076587887,2.982403826829319,550602.9282632286
2023-08-07,3.0185163421315533,3.044371570007156,3.0020597559686686,3.020252031420685,3.020368910555032,760958.9818037278
2023-08-08,2.989886955575824,2.999867972734666,2.955946655302015,2.990317275152516,2.990417053477202,120572.6214527887
2023-08-09,3.064726501646071,3.0889570812850566,3.0513902553838443,3.0682393022976786,3.068433267281319,87489.2759871798
2023-08-10,3.131134570978075,3.135223166865621,3.1221887428457884,3.1300309165994773,3.1310355694109573,440343.3538135559
2023-08-11,2.985582470049783,3.017246576507321,2.9855988928387207,2.986000885006637,2.986127134121912,485056.99152342114
2023-08-14,3.049861066562632,3.069505300866633,3.0472553103304603,3.056475132919984,3.0558710418782926,35674.86647765784
2023-08-15,3.171521548019792,3.1726380727131454,3.1529202408061243,3.169771708791515,3.170055569050834,367294.5351634117
2023-08-16,3.206077433509733,3.233502874582881,3.193747525144523,3.210406483596915,3.209792691162113,227994.09412491776
2023-08-17,3.40425286397555,3.426239248751925,3.379433802183606,3.405076117268845,3.4046493034410203,189614.7371337858
2023-08-18,3.384349152357686,3.416564790798548,3.3739514815412366,3.385722752104888,3.384695752336143,109650.08669496502
2023-08-21,3.228385677945358,3.2356559467470585,3.1982731344224926,3.226193099220571,3.2263108062712265,318824.70733433584
2023-08-22,3.2441007952585545,3.260949537948029,3.238053368166982,3.245793708531968,3.2451371442396635,184767.8407543948
2023-08-23,3.242692253365974,3.2619697732481647,3.235793987893551,3.238276173980903,3.2388290713689067,224832.51686793228
2023-08-24,3.0204781052763714,3.031064938686004,2.9992676467270662,3.0171676466744493,3.0171538133505376,918043.205530604
2023-08-25,3.121678836965972,3.1397906964348588,3.112156389084787,3.121947199948061,3.1222754453868373,806439.0933523318
2023-08-28,3.449759839744628,3.484863487924674,3.4335522735797785,3.4427364603279096,3.442372688153943,511222.47657599946
2023-08-29,3.4320822867160894,3.453496075062396,3.421317556917362,3.433534878385117,3.43323955699062,164604.45291176182
2023-08-30,3.3266487169831604,3.336530495022447,3.309920044305832,3.3292593956322007,3.328571815066109,190578.63884005483
2023-08-31,3.007247275506752,3.0125349319806234,2.995084236942356,3.001823441076245,3.0025209835517197,251433.1597038271
2023-09-01,3.061126369480645,3.0748411388477512,3.0506510708395416,3.05868425892528,3.060456424562483,519375.4932256368
2023-09-04,3.2065748638258595,3.209399997751312,3.1822452295013406,3.203721231755281,3.203499631114755,125543.4365286758
2023-09-05,3.153075838305145,3.160575632655397,3.142998548012357,3.150693320352836,3.1495788425966973,175148.95695169084
2023-09-06,3.130533789741466,3.143190979924861,3.10037873948245,3.1280793373936944,3.129188524378996,299645.12560509314
2023-09-07,2.871796903203376,2.8847071193058027,2.8616158133933265,2.871109787331376,2.871584895752755,224316.4218464438
2023-09-08,2.905188404478271,2.9076722039965777,2.8940004058838915,2.9075285748370256,2.90718636529984,161922.7948306075
2023-09-11,2.7429682545195546,2.750347402260584,2.743050780997376,2.747090393839169,2.746636312306774,305753.4676436441
2023-09-12,2.823019123501876,2.8275119113631946,2.819831959354396,2.8243678506304364,2.8246038380530742,127130.57498746236
2023-09-13,2.842393644866867,2.861739476409199,2.8095872871442062,2.8416911226738586,2.842175818932573,240741.275015282
2023-09-14,2.8143785422608443,2.817203523051545,2.8108400342673425,2.811264669163127,2.8105589561667905,108254.84524935434
2023-09-15,2.9748423541490325,2.985962076337439,2.9661662147308863,2.976154496414261,2.9748982434053635,418014.1259360832
2023-09-18,2.808784038201382,2.815294455100353,2.800283815181421,2.813728573537413,2.814426368601344,92341.07981814149
2023-09-19,3.0787219095046727,3.1045347561988232,3.045561329638677,3.074432245336793,3.0754092113844496,96461.00061049948
2023-09-20,3.148519855189649,3.1550848594705045,3.1332855553522743,3.1446469907213266,3.144920351134724,165615.1128537869
2023-09-21,3.139478853431624,3.161249551810028,3.1217717440703523,3.1406730816533925,3.140162065299704,104465.29172894212
2023-09-22,3.05632781625504,3.057891266594847,3.0525258217936195,3.0553188308230843,3.0561610531917145,223115.51688874225
2023-09-25,3.1964625309779424,3.2079163867891407,3.196664539162048,3.197793808369295,3.1977854287193708,194825.2093051864
2023-09-26,3.1207648431874677,3.129190669408444,3.112954697213806,3.12432559977938,3.124145773713048,338948.51906638814
2023-09-27,3.3148041958065297,3.3160116013372427,3.303282612898578,3.3152724316734483,3.316176669525001,209175.71382476328
2023-09-28,3.5399976522142858,3.554042144363169,3.5434650666305347,3.5456247548552065,3.545159849493241,334402.4328939347
2023-09-29,3.40217700710504,3.407492317960604,3.400797924954324,3.401532376813562,3.400189539410978,233065.03521918211
2023-10-02,3.4852460841197908,3.4933536438900754,3.4654832751801115,3.484036199449066,3.4854776709584243,1120629.6850281293
2023-10-03,3.2361456910401025,3.2396774393430925,3.229933940958781,3.238899932972465,3.2387104448733908,121812.77829788443
2023-10-04,3.4180739056917098,3.436948851202513,3.398153480867055,3.4150744649599587,3.4152300769465698,102589.42200953062
2023-10-05,3.476539341244651,3.496752195000327,3.434852421667696,3.481520120228142,3.480522355779363,266588.5640477058
2023-10-06,3.449148688957195,3.5029126923281746,3.4079481952802877,3.4531100449706007,3.453043849952472,131123.27705641353
2023-10-09,3.14275776589348,3.144441946552725,3.130344052380825,3.1404105810338043,3.1407734796730504,233922.7244754395
2023-10-10,3.236365870872917,3.259197112545042,3.2350457225721256,3.2350577698824328,3.234848306252988,540123.7033168044
2023-10-11,3.2315349235189506,3.25366627694557,3.2252402442520185,3.2332913329566844,3.234705601472419,326483.63300812175
2023-10-12,3.063952222298276,3.069732930896014,3.059514088082067,3.063631003061625,3.062934242169616,415564.6955133168
2023-10-13,3.1028583954269084,3.1273765874280928,3.091485259495662,3.1045035046832385,3.1048584546356963,183808.08943119945
2023-10-16,3.328431871367896,3.353110151951465,3.324843908880211,3.330347060070995,3.330252218263892,175131.09498484817
2023-10-17,3.592429370456614,3.613247990134632,3.5688558354939626,3.591495496856669,3.592114606155516,444684.6581572334
2023-10-18,3.5466663814724075,3.5738697646889315,3.5122676297739908,3.547535755576047,3.54752626801174,103151.92397657038
2023-10-19,3.3450953299235846,3.3643825831128846,3.3377841496412075,3.346565023555007,3.3458397360302707,305234.87721377664
2023-10-20,3.515255848958426,3.540846066688163,3.508717900003113,3.5166348987010303,3.515830467712739,213252.1452917926
2023-10-23,3.292013611549717,3.289300146696997,3.258734515818399,3.2841435916332835,3.28431711700937,169974.7022103719
2023-10-24,3.1346156187780405,3.157941911267669,3.1278425041257747,3.132464266978136,3.1331208489455724,228971.13605682467
2023-10-25,3.2448669648848387,3.266363332815175,3.2326116245045315,3.246644083040107,3.247260229935472,215069.7994232956
2023-10-26,3.442730181665715,3.4543860018693557,3.4442269512426007,3.446237336752479,3.4463841545499574,351488.6972218238
2023-10-27,3.561060367541978,3.566944559483716,3.53545066364404,3.5614331033023707,3.5605048522579907,294292.6593735921
2023-10-30,3.5167471080389485,3.533602816601953,3.495323253233617,3.522819209181978,3.523241386196265,148823.69352437524
2023-10-31,3.6445881941271834,3.646767357690841,3.632447767110926,3.639830658646965,3.640099735860342,554935.3606269147
2023-11-01,3.8507346965657168,3.866677289416808,3.851713538136738,3.853347384244166,3.851326316879102,634161.4464177304
2023-11-02,3.951829821882837,3.9657208118808938,3.945900437823918,3.952239455491605,3.9535639030738814,313009.66038057767
2023-11-03,3.569426645359275,3.580022517839051,3.561314801546821,3.5660898847606552,3.566172357936005,481839.1344564098
2023-11-06,3.467889603511563,3.4683435825533047,3.445098895141751,3.462574612064183,3.461894538332273,262391.69588246534
2023-11-07,3.6277299364941378,3.64037027231022,3.621226859769783,3.6300974426864743,3.629893046577136,150588.5518157875
2023-11-08,3.516132357264079,3.518377986823249,3.4947370275532506,3.513777579169095,3.512206638733268,394481.5621979996
2023-11-09,3.687977991033197,3.6925542186173472,3.680102852438554,3.680597476798261,3.681472201177331,260749.975576988
2023-11-10,3.754280345058685,3.7882671491800335,3.753587486644367,3.7602282095164727,3.760216763543919,291932.8776439042
2023-11-13,3.8234899315075257,3.855262254653471,3.804740900613616,3.826374825167969,3.826182947154442,252153.5142221459
2023-11-14,4.066238410184385,4.084693056915121,4.048013341498371,4.065029806850849,4.065585414889041,464642.64369669935
2023-11-15,4.015918973626065,4.029380440018377,4.008815879042729,4.019416105555365,4.019833773084458,247000.81225599544
2023-11-16,4.167932969700989,4.182993104569901,4.153387968069916,4.170237045209591,4.171388890145582,272819.0668677221
2023-11-17,4.141217290948983,4.142845625279699,4.135341125717818,4.138822954538813,4.139625428352651,438286.09239755134
2023-11-20,4.226328302714744,4.227312214825012,4.202047903896012,4.220467937696017,4.22204818802784,837264.2556552481
2023-11-21,4.428329498795209,4.439857772981726,4.407104090518731,4.422772537372428,4.421938266094253,230414.3142508816
2023-11-22,4.240270341669244,4.265228411939983,4.22341065909308,4.243598358838495,4.243855431113608,938330.6447489292
2023-11-23,4.2923087143524485,4.296708315234851,4.258727167791931,4.293093775355966,4.295397770508714,525925.2103461918
2023-11-24,4.072659100753045,4.078775576720532,4.056422370410851,4.077092444357464,4.078738604318735,352636.457965174
2023-11-27,4.009678974847241,4.005306415077484,3.98506803816144,4.003113435757841,4.0015649636725845,432368.5793336109
2023-11-28,3.916635536540853,3.924716739449608,3.8758931866397455,3.9149628838486663,3.914873865187984,760748.6390004442
2023-11-29,3.786354795275929,3.7921336573347193,3.772341825540889,3.786810353277189,3.7854273506199823,240708.7187738641
2023-11-30,3.963966304445829,3.967138912256536,3.9278046524247774,3.963957925958413,3.963152622634657,83926.02223949505
2023-12-01,3.965983502532909,3.9680404747646056,3.942437999446277,3.966632811174034,3.965811980142481,110697.9071346499
2023-12-04,4.502134673996181,4.513542084827504,4.486821925239874,4.5045391949537725,4.50356911660768,154927.69988596236
2023-12-05,4.517424584081518,4.518941334832029,4.503847704851892,4.518653036881815,4.51764826076966,392394.6803733276
2023-12-06,4.393884856365757,4.435487091943369,4.377649162969813,4.396334396559058,4.395453713718792,256703.6884286544
2023-12-07,4.579547407267725,4.609989629586194,4.538300947404258,4.577241187525467,4.578692038391958,784680.490460896
2023-12-08,4.687293790099843,4.712903598372125,4.672099801493427,4.692763428785081,4.694639552264671,464225.4816445679
2023-12-11,4.933078558406352,4.935250170335239,4.9101543778839725,4.9317236762234415,4.930038651832473,281325.1862053313
2023-12-12,4.819936822562202,4.835090528307356,4.823068332721928,4.828472129454893,4.827868113095134,266743.12441233115
2023-12-13,4.750434363027023,4.748773341564103,4.725148559667288,4.747339886637662,4.746563292546174,219123.46131380345
2023-12-14,4.80587203875119,4.844653391895953,4.796961857010385,4.810961814016696,4.812244829798124,222510.41660997405
2023-12-15,4.777394365562392,4.810717466865599,4.765815735298752,4.78010199077127,4.7793577501441895,282210.5477390107
2023-12-18,5.062580700187425,5.066398708067326,5.0575305694029735,5.064109550742954,5.062753688674934,116985.8166881924
2023-12-19,4.788185935298379,4.835506317412169,4.771571763254823,4.790275383580152,4.790087395368321,106742.9571234116
2023-12-20,5.02085720976404,5.03014128163605,4.982574013969203,5.008273998601778,5.008861660420161,243835.99131983635
2023-12-21,5.529113556133838,5.537458792030096,5.532999587537878,5.533757759670345,5.532574778763628,297843.7835090865
2023-12-22,5.78149332784068,5.808450980686732,5.740941316040343,5.782527894900441,5.782444391314654,239243.32502111568
2023-12-25,6.056138442408422,6.097719851787917,6.028969977655587,6.063736581060143,6.06456073665283,186688.41359326933
2023-12-26,6.096929907349255,6.103114649343203,6.079693020787647,6.08571908623413,6.083950592155063,601414.3586219699
2023-12-27,5.760750742512115,5.764543168539237,5.728883970572256,5.761753560239963,5.760753725413102,406141.4002613892
2023-12-28,5.187614939427529,5.201945769641389,5.190361448955888,5.194170432924347,5.194174223852154,248518.7924178682
2023-12-29,5.326796152916587,5.3397241235979545,5.315214465138855,5.318678445316551,5.31880262657837,179793.16579300436
2024-01-01,5.297529515634503,5.334510550334641,5.272713509089173,5.294177614985028,5.293480355255773,157615.36999484585
2024-01-02,4.98228431622954,5.0076635757599535,4.962360821485001,4.982440496866644,4.982035310377882,424117.7096677992
2024-01-03,5.420048754971352,5.428038950011693,5.391318141538502,5.420136280501488,5.420144446128834,156655.86077730014
2024-01-04,5.30135613062772,5.327078535308634,5.26558786675642,5.301121191755072,5.30096274549126,611637.1842429598
2024-01-05,5.340612369859129,5.392769545555904,5.318740504323988,5.33484206794776,5.337241398634429,391652.9357402754
2024-01-08,5.3896769958834,5.409872156936118,5.372578468779431,5.382882000225147,5.38104178875211,240251.90955481815
2024-01-09,5.572129476947936,5.587328220599354,5.584715430808821,5.586291794907503,5.588062151351005,171982.301127482
2024-01-10,5.723305829406059,5.752132806253115,5.700222061576492,5.72688290972341,5.724678544808657,342819.0642497647
2024-01-11,5.463856536430869,5.468334056140823,5.459362373163973,5.463640820638787,5.462919757353621,229606.1633918509
2024-01-12,5.08031094737595,5.111712512929989,5.076295836171207,5.0842078713914045,5.084745064713614,205257.3334106269
2024-01-15,5.060833223263154,5.067530606782714,5.053774365137968,5.065271582065235,5.066378823138336,188063.90782576645
2024-01-16,4.979041820974247,4.985742177229972,4.943421666690694,4.976559369507328,4.976228841240504,311014.96063787374
2024-01-17,5.174302887312368,5.178022038934975,5.164919687670322,5.166346272399444,5.165697387322277,176192.60787365324
2024-01-18,4.987490347745927,4.999864765135688,4.969311641508161,4.987441557821382,4.984543332331338,283518.5698105569
2024-01-19,5.053596328351564,5.085498053997428,5.051027854981126,5.055329138720595,5.056173407546704,513465.04046621046
2024-01-22,5.293002635582692,5.334058954556227,5.291150297270861,5.299601914362036,5.300841399510157,185367.0176482343
2024-01-23,4.953838052182818,4.9542226442287545,4.927534596262678,4.946470724425651,4.946512692848598,146798.65925277668
2024-01-24,5.047417606741621,5.060888632871839,5.035757537264634,5.045492870869004,5.044268583594506,841110.3310947609
2024-01-25,5.085570210221224,5.092381755498707,5.073936821406334,5.084300267421778,5.082759982421966,234399.1050238472
2024-01-26,4.953355127155196,4.984382358471884,4.936676524813183,4.952195195906851,4.952880273984147,421734.2909538822
2024-01-29,4.575689696390042,4.5903488247026525,4.553106740243111,4.571129386531879,4.572282848903443,246742.10152412436
2024-01-30,4.07606409831643,4.112445470880326,4.068248456907357,4.077487279245854,4.077621048592928,217890.00956930203
2024-01-31,4.010943220494679,4.03252559049476,3.9905107995316142,4.008338322789317,4.0080725032093465,450651.1820480598
2024-02-01,4.046440538344964,4.051802025813724,4.047363348050085,4.047698673064756,4.04656614006166,556982.5891092181
2024-02-02,4.12865557794978,4.152079928569184,4.117782040535989,4.131466954613486,4.1314349744127865,135497.35142645668
2024-02-05,4.016676805072417,4.021206110825204,3.9991208795255777,4.020271373753771,4.020169756074916,72578.4126973123
2024-02-06,4.257051866733453,4.281369681878673,4.256124131410009,4.261399623600748,4.263957877424355,391502.6600967221
2024-02-07,4.483802314735668,4.517479490944084,4.471271686758511,4.49131669209789,4.4898011622459455,591809.2533470046
2024-02-08,4.402600325911994,4.420067680785179,4.383937820346033,4.395543048720996,4.3953351955162105,269392.0491890755
2024-02-09,4.352581667858093,4.364043620684632,4.293808315594997,4.347782201512766,4.349177822167812,221496.21445974044
2024-02-12,4.314683530648782,4.336911952794057,4.298706217695834,4.315980462471498,4.318254361380457,274046.4595256252
2024-02-13,4.342477708514446,4.348991411321504,4.32817120889616,4.342554805409252,4.344323204335447,452411.9708934726
2024-02-14,4.438241619483615,4.440240738281574,4.420442306456411,4.437819334357925,4.437764132066648,375340.0094032344
2024-02-15,4.810942390943036,4.808542932079863,4.778041011675264,4.807972901916224,4.808288729338631,151440.51950444735
2024-02-16,4.572227368961519,4.599574570999515,4.564148785810814,4.567687292761008,4.567923280724664,123446.04360754704
2024-02-19,4.482540553607215,4.480038678721131,4.469438890741187,4.479824341858258,4.4831822716283645,101544.78245005308
2024-02-20,4.519857204051984,4.539322737492998,4.5180355331464455,4.52472285603155,4.525598984236779,285402.037261216
2024-02-21,4.330688065133033,4.342047646814288,4.328480317238369,4.332158659762172,4.331986023651658,676292.7698216572
2024-02-22,4.224369919070201,4.226989410950812,4.223301861508285,4.226179240230888,4.226828630213795,64975.293202420864
2024-02-23,4.618546950618719,4.660473503832391,4.610199608207512,4.63472519775976,4.634948982123727,150501.664816788
2024-02-26,4.89513969763444,4.926613133915414,4.839280899268732,4.8944867177196505,4.895299320030325,477699.87748780905
2024-02-27,4.986444811307615,5.008925050297838,4.972643976089927,4.999164673397673,4.998903395238445,162700.91374998572
2024-02-28,4.97235610321842,5.009819201902629,4.938969200790249,4.964631340171727,4.965116222272126,390516.4990994695
2024-02-29,4.745234610839094,4.781505628901809,4.714337259229493,4.752248231360433,4.7489563973229965,173002.41535820602
2024-03-01,4.93983792542438,4.982201574128856,4.906504067295878,4.940253941822633,4.939331242400242,139729.4139486626
2024-03-04,5.163132735748607,5.175388665072126,5.152910921365055,5.156483885851184,5.158043444417135,365664.5521029991
2024-03-05,4.9673451234658135,4.977172655246892,4.970820548373646,4.972151247967396,4.973838195066808,125681.1896518034
2024-03-06,5.113751294292573,5.150186511221962,5.103626336127268,5.112416522438937,5.110887623698679,245026.83626371232
2024-03-07,4.737706018632704,4.749605087544038,4.718143205454833,4.742691076532872,4.742859678689501,242750.98112363025
2024-03-08,4.955675952615899,4.966968689855348,4.927307615516032,4.956943964694318,4.9542754601363095,793056.4144898986
2024-03-11,4.6925725333468655,4.712607461295398,4.675088273190371,4.695994622652142,4.695877830597523,180251.75388909865
2024-03-12,4.922380052800445,4.933065668096249,4.878937854763346,4.919402549879372,4.920222020812132,186233.98844585184
2024-03-13,5.14148105700209,5.144915315232914,5.134576124521143,5.139973215601104,5.140797977879702,393672.59442018304
2024-03-14,5.614506501550852,5.634867953203163,5.603600364337193,5.61190272045409,5.612463756164929,325902.35591840674
2024-03-15,5.84000232724294,5.84656876896866,5.835151222746236,5.839719096143748,5.841339275922945,169447.54404694546
2024-03-18,6.407727283116102,6.464748075604765,6.398836583631978,6.412156155585732,6.413458886094372,179176.02541740963
2024-03-19,6.15104921086466,6.155079315332584,6.097480814980543,6.147695204189159,6.149614302894039,0.0
2024-03-20,5.815448359484599,5.843480290996297,5.809430908351254,5.813755065326943,5.8156070243972655,224094.280290934
2024-03-21,5.855166671187318,5.893854011888297,5.843954169699104,5.862588468901056,5.862058116943006,343736.77322688524
2024-03-22,5.467682986663494,5.463628863761286,5.439117226023784,5.463225088450828,5.462213787787072,161940.1867115993
2024-03-25,6.213259135055635,6.2387461770620645,6.2024625839326575,6.208879109774416,6.207824091417161,180724.52593095263
2024-03-26,6.639502510322463,6.650670558541509,6.609311955691288,6.633148157969395,6.631562254949282,642349.0847679029
2024-03-27,6.399517532175479,6.4174741422344805,6.383256464521899,6.396782002079471,6.398279590453847,238626.45981398155
2024-03-28,6.06874581657115,6.1508458762757385,6.063299878334595,6.074305087521659,6.075789974899046,420991.8711924952
2024-03-29,6.070292306127112,6.100727390895349,6.050078094184096,6.070139601180309,6.068722647261196,306451.4119406188
2024-04-01,6.05090634202082,6.060145357616689,6.047163770029821,6.059155726552962,6.057830872465928,256251.73588493263
2024-04-02,5.613693731824408,5.623028512885921,5.585341155264495,5.61018055776361,5.611702184686688,469728.3903005832
2024-04-03,5.64813787370999,5.6682694576671695,5.610511870904409,5.641028317821116,5.642738849814961,220954.68525692075
2024-04-04,5.717889227993997,5.74036691042488,5.680748013000192,5.70614682009304,5.706590447402424,292683.7322697563
2024-04-05,6.293494632727583,6.296873939511794,6.273903184001403,6.296069373523137,6.298811513935196,123372.49792922588
2024-04-08,6.405583226928648,6.437416541366326,6.390804009913155,6.417181489428534,6.415646168408775,128768.28374721562
2024-04-09,6.757584783302124,6.766670147640023,6.747844196483426,6.762951758140537,6.766271755599226,135692.33364613162
2024-04-10,6.965672491527656,7.027577620457119,6.937583557154852,6.971130475920655,6.972292256670436,122460.3604227778
2024-04-11,7.15053354867344,7.184782622123707,7.132269077110444,7.154987865878864,7.154651124214297,584768.1113634607
2024-04-12,6.933936027330732,6.922850138162823,6.8907577014421175,6.921936384238925,6.921727480197033,165509.8946662483
2024-04-15,6.577189324332933,6.5766547801229285,6.547636254247906,6.575817459699957,6.576612745031545,230522.67719493696
2024-04-16,6.697103552002959,6.744514589716782,6.679178364270364,6.687663971675004,6.687345170772234,437796.6871095505
2024-04-17,6.5631735319397,6.5717205426605005,6.521926565429325,6.557129646455812,6.558532461607643,644959.7141612398
2024-04-18,6.263288483017506,6.259024462643626,6.224409333110486,6.258148692402328,6.258070670373606,238382.23640055003
2024-04-19,6.322546788190313,6.387097625965174,6.3151169706717445,6.319170606875943,6.316809917894581,240394.9075814148
2024-04-22,5.993671050023613,6.022191147063452,5.9760275469072255,5.996509685389145,5.9992452249070345,123126.7979931546
2024-04-23,6.459448972549881,6.4729405468419365,6.410430115548455,6.455921214087291,6.455556042953607,88701.43160679634
2024-04-24,6.300392709452542,6.289310266163384,6.259794642089041,6.287001424298503,6.286616718017196,485505.6329639271
2024-04-25,5.512912292562067,5.536377054425061,5.472145725842607,5.512352902241013,5.511824281671958,252867.23344347568
2024-04-26,5.798418257586452,5.819655181591084,5.7698888928103536,5.796279989808722,5.798199360633579,373762.4307712895
2024-04-29,6.278539368876816,6.311730354996517,6.259551757085539,6.2841307194419445,6.283219920961516,335903.16886328504
2024-04-30,6.229147551457829,6.271020933524556,6.214542496707428,6.230980585507273,6.232282341899243,149383.4693634681
2024-05-01,6.216888469935768,6.238494872938527,6.205218130102591,6.2195326025871385,6.218349801246693,0.0
2024-05-02,6.102160850042717,6.108406135150188,6.0700620605776185,6.091709550457804,6.090964562681405,358190.1780514125
2024-05-03,6.685591899321039,6.696763864571088,6.6501673313917085,6.686629040736164,6.685154940200396,327021.3755122479
2024-05-06,6.641651224794191,6.662686747284322,6.607877705998131,6.640043565780816,6.640754250990824,498504.9159113514
2024-05-07,6.269268472569111,6.272827125048401,6.25398591776452,6.259057582675234,6.259454245384366,166600.74900508835
2024-05-08,6.064514176829788,6.134386404733472,6.043618773320834,6.0600436302609335,6.060198139930233,152598.28410736378
2024-05-09,6.316898968675623,6.339794708509325,6.292508145171919,6.315821334708057,6.315733648118521,290304.6102920484
2024-05-10,6.68338752804224,6.703728095217887,6.6463909565364006,6.681427479725292,6.681868195132083,597929.2359590138
2024-05-13,6.964362260535207,6.971230766162629,6.927602808508872,6.963301675961837,6.964169419264901,643636.7680345844
2024-05-14,6.839747416130658,6.911658365284107,6.79232630147321,6.832175590467272,6.834613239051498,142773.50135574292
2024-05-15,6.946884098010071,6.995399568189782,6.941020733660501,6.949694922802552,6.95082219650135,275108.7878598382
2024-05-16,6.511651938596585,6.519805208419877,6.509835105790009,6.513009669510683,6.512174011068359,577787.751623124
2024-05-17,6.413556470697768,6.459933345303415,6.365287676623893,6.416596655348537,6.414696280139933,403082.76263729465
2024-05-20,6.167131064321302,6.186899656485506,6.126498880404166,6.16015456063808,6.158300407055474,105750.48411717224
2024-05-21,6.931186482489998,6.952077679606186,6.914417959260403,6.922609433973526,6.920041281772703,457779.0604050035
2024-05-22,6.733795357854443,6.7437788562741,6.700325146704569,6.733179471637206,6.732432444599281,168356.39982252434
2024-05-23,6.989557468277373,7.005249170433605,6.937372865907633,6.987608402638586,6.989496356397712,327346.57716246694
2024-05-24,7.468000152810546,7.5369058834826195,7.364335461398642,7.455776605851428,7.457392823080731,348548.91064811
2024-05-27,7.806973516061954,7.818523583782158,7.797981804641581,7.801839616115395,7.8060614555870655,422264.321521985
2024-05-28,7.565602175677179,7.65232609888979,7.553984571484718,7.5712645159048515,7.572492819149525,256026.22965075745
2024-05-29,8.416117315178864,8.425102260868515,8.392702851826359,8.421590809923336,8.422916087698486,324268.2203556203
2024-05-30,8.206774001003778,8.225449152569198,8.171128282014013,8.204289117953076,8.203684389509062,266660.42657627753
2024-05-31,8.115993240717025,8.132116744210618,8.099610818997485,8.104232085817406,8.105754033668134,291720.3722870418
2024-06-03,8.863091339819285,8.912531928004569,8.81079075743845,8.858057337788795,8.857901761821836,614117.1868025291
2024-06-04,9.093768077149845,9.198092844201092,9.060428179211767,9.09841532609671,9.100671855770068,330105.8320250624
2024-06-05,9.14658178588863,9.15090233173508,9.06519063937644,9.135335973322473,9.134870609009486,153957.57821379878
2024-06-06,9.170327530171004,9.204631543417852,9.159939848101851,9.174626773129855,9.174809762638583,310384.4360438128
2024-06-07,8.39242954759393,8.460229499415952,8.336936599637408,8.392407137744334,8.390924956320465,214785.20874025577
2024-06-10,7.67670007936389,7.696143219730433,7.626875073110154,7.657770131842752,7.658900742591717,452239.2517878989
2024-06-11,7.867911598111118,7.884040724170884,7.849836830362172,7.871467055411623,7.870193083874742,408879.8289153372
2024-06-12,7.765907274718886,7.78550384211598,7.744749895963607,7.76465834682434,7.766256696543946,362288.4776263897
2024-06-13,7.449593712046884,7.551113240169506,7.405826883687293,7.446795528676245,7.446468017578423,123484.04054067549
2024-06-14,7.616336046564109,7.638030388908152,7.601811971721004,7.625278236960938,7.622688047053079,307048.0821824364
2024-06-17,7.199319273231812,7.196178382588284,7.170275023656831,7.191803282886492,7.191542721101892,136365.40180885865
2024-06-18,7.1985362241127495,7.229634538602579,7.191672824731357,7.197972806969207,7.198783522813631,140385.79886847315
2024-06-19,6.966021313864878,6.965545872778565,6.923489431187127,6.963196204679936,6.962062042041694,238240.15367180656
2024-06-20,7.247509503220868,7.261364655182571,7.223891396120218,7.247484305624369,7.2477026424204976,371512.09782128606
2024-06-21,7.1317406281849385,7.161758874507904,7.139116107081639,7.139643451325751,7.140949000893706,313040.2820985119
2024-06-24,7.505497465817352,7.51669663409295,7.449671265010325,7.499272039288776,7.500578580690506,195807.8746171358
2024-06-25,7.353427194441271,7.360279133646843,7.295761200957583,7.343642863595524,7.344941985457239,276027.8067765908
2024-06-26,6.992764721533947,7.070969951860543,6.989266948270848,7.000193846540459,7.0010893706320125,676840.2896478003
2024-06-27,7.011549751627991,7.045134379485536,6.9561738748833415,7.010604654761894,7.011485832090693,181794.59488662932
2024-06-28,7.378825512375657,7.403688131754987,7.346257714227139,7.370720810362926,7.371440287952133,87266.43470225351
2024-07-01,6.998818013565159,7.00822184063311,6.995895266420764,7.00041752358671,6.997770040864768,258701.68743420945
2024-07-02,6.637522709736646,6.66485379813663,6.594042971341271,6.637858964493436,6.639489476799865,144000.4259040014
2024-07-03,6.365143501466312,6.384806385128914,6.3225816330116,6.362655957967439,6.36087908166354,315033.02150790615
2024-07-04,6.904528515613519,6.919445077469655,6.88197601391089,6.9062033007132415,6.904908328089372,103911.02364721772
2024-07-05,6.672977029017977,6.6987611431154725,6.64491269720471,6.670293848154061,6.670677479431675,79013.56309371733
2024-07-08,7.065298424049805,7.114072205084916,7.042465367374011,7.069296885529316,7.071155208138545,172395.3708851049
2024-07-09,6.9990699601757465,7.015073157467695,6.940896778467664,6.996954615705986,6.995703309228901,497727.870620024
2024-07-10,6.808099720424615,6.8530098066251295,6.758163638537595,6.809736777052743,6.8091821291800585,191976.1531267899
2024-07-11,7.051475839989948,7.10999112158769,7.021864725935709,7.049995808329934,7.048107943843522,426940.4633934343
2024-07-12,7.030893664433493,7.029635241363409,6.978404992577044,7.027138386578301,7.026092033012407,264853.8037404784
2024-07-15,7.408534769684972,7.4771256956194065,7.404135816142174,7.413524894640746,7.410498247823024,95000.1037379724
2024-07-16,7.148566216856198,7.167785421008733,7.121418172544876,7.1525210817138,7.151752621878186,264639.9432335766
2024-07-17,7.233579277259747,7.28522432471916,7.156546271875978,7.233080188783308,7.229632304713382,560984.4815137836
2024-07-18,6.833602196518602,6.882709761597203,6.70557265745606,6.841686244320437,6.838786563181251,320146.25163944514
2024-07-19,6.334292150926967,6.396274648209278,6.336998599552981,6.3374911506064375,6.336373810087211,537604.1934573827
2024-07-22,6.15620265448885,6.181541352938949,6.12199701835954,6.16239143449653,6.163876380035315,293196.5095008954
2024-07-23,6.087947108499401,6.115792680111141,6.085808780025375,6.0882644011025855,6.089446793209532,564958.3445783139
2024-07-24,5.973433247325936,5.977820098110909,5.958175747831494,5.969413688469028,5.96975835575271,317526.5184194889
2024-07-25,5.596943217769082,5.605112724601731,5.563379164471885,5.591515680073715,5.593175006521635,101560.21133929271
2024-07-26,5.510808154327148,5.511413029993671,5.454920223372353,5.5031724701094005,5.506852473838007,150816.85276503267
2024-07-29,5.41249880165364,5.449837393342984,5.411433923582805,5.411443093599185,5.4133255452561935,517696.5006848898
2024-07-30,5.821269073085238,5.83521029023631,5.7811691707128015,5.827899559681934,5.828563767865377,175288.5661239796
2024-07-31,5.963779981452102,5.989629995720557,5.9700121853618375,5.970795190183472,5.971925653378318,269651.67201992567
2024-08-01,5.460331573860575,5.482329680102127,5.441349221563945,5.457970929737392,5.458808067630705,328246.31185562274
2024-08-02,5.2772680053501455,5.314897627273445,5.272966789044342,5.279081246997554,5.279832132964038,243550.69350904285
2024-08-05,5.423049011246696,5.431688265486685,5.422004944093108,5.427627828220735,5.426089146384759,205567.8795398428
2024-08-06,5.297077877294254,5.29849150539942,5.286430889560213,5.29208432546024,5.292061433460195,352429.02076938865
2024-08-07,5.097533892197415,5.117912665168065,5.081488347043907,5.089443735992868,5.088230099206059,256158.91791315624
2024-08-08,4.808999284639959,4.823767694614165,4.802768880613477,4.806716344944066,4.807160906470633,447123.068054396
2024-08-09,4.821480088880973,4.863899049838925,4.79364898294696,4.817048475120145,4.815720357764924,138619.1222448996
2024-08-12,5.255688050278238,5.275988392351936,5.226426178912691,5.258107781490916,5.259016216136112,195594.58796434267
2024-08-13,5.021145065199326,5.0535502148320495,4.973425726154456,5.023156126006639,5.024206632889783,750825.0643414365
2024-08-14,5.301053607341345,5.319222205290465,5.306184547185129,5.317058852788564,5.318001970004433,726292.0286204092
2024-08-15,5.43424700054578,5.440100102062905,5.381157076586893,5.428267441974228,5.428215840452433,253204.4107375953
2024-08-16,5.279081014984638,5.333384895739561,5.270200881266669,5.275189097395906,5.274960135538575,139454.22015853738
2024-08-19,5.402747965933229,5.431911772187462,5.367565789424155,5.402584987277384,5.405836995200483,517450.9407917501
2024-08-20,5.0132682234520445,5.034741889503406,4.975674042794804,5.006656086016504,5.008056409671814,1080203.6304595282
2024-08-21,5.173670770699872,5.197039267844585,5.162936487591405,5.171262228510045,5.170549357532368,113918.94261464536
2024-08-22,5.1236514602061565,5.125018814971004,5.084168039689459,5.123170164415353,5.124250987754849,467610.3199893362
2024-08-23,5.108021069954267,5.128654857012758,5.0876474206105975,5.1020126908876255,5.101000912438121,373734.9484577411
2024-08-26,5.107294758442773,5.177863357578647,5.104424688641027,5.109518850619039,5.111130068284026,155912.37414609993
2024-08-27,5.343892030189406,5.356183876170654,5.326696254333629,5.346238072669728,5.342334870753622,483446.37268811977
2024-08-28,5.128415707490698,5.153487958006039,5.118549502762709,5.130508596869825,5.130022681531669,145687.3248656613
2024-08-29,4.585518798283895,4.604604245596311,4.580930094617321,4.590697011669508,4.5927989970099645,211400.2275152047
2024-08-30,4.082262399346683,4.095780530952215,4.073112813795674,4.07474991057556,4.0739134493746825,232989.64323196717
2024-09-02,3.99483211248675,4.020177541768981,3.946362327418803,3.9985363367698903,3.998580387747026,133609.0320619519
2024-09-03,4.461430683990299,4.466024088269757,4.456858435861901,4.462517353310166,4.463165708803982,260284.1615107073
2024-09-04,4.377349033840464,4.381660847515825,4.373696678293069,4.375820230897792,4.377024905347618,131976.03973895
2024-09-05,4.698948001682885,4.69964802819059,4.678845627444024,4.696334667578434,4.695861093772274,202346.092604498
2024-09-06,4.534507359110842,4.565369313423968,4.466426957588231,4.531635049882676,4.532151134974408,597036.8850237791
2024-09-09,4.694585094416161,4.705469184192471,4.687012557377383,4.701618839102886,4.701910094969544,434266.79324841656
2024-09-10,4.552873281767288,4.571582817774411,4.549740219746146,4.5587232427151685,4.55963165990734,398041.6026468977
2024-09-11,4.261034137686354,4.263218741412142,4.247443445718065,4.259276569617915,4.257896583823113,490832.518015411
2024-09-12,4.268426334079599,4.292158756980948,4.251969228665477,4.261732571668243,4.263297080657393,653256.1689709657
2024-09-13,4.312090771534768,4.3230062504018045,4.300189746775023,4.305529458582576,4.303731820031348,97512.85478917576
2024-09-16,4.356656192339791,4.358509042595176,4.309093943491519,4.351587321101535,4.351665057936279,320728.19799994136
2024-09-17,4.587393483301029,4.597124696290481,4.582413745229963,4.588174376522636,4.589305730693909,148668.09057254222
2024-09-18,4.709212266919838,4.716597365973723,4.700542077399204,4.711197189316539,4.711719284443252,176342.8051694443
2024-09-19,5.013754481361678,5.057261155211772,4.974317961498285,5.019566532647284,5.018343893211888,127261.04891662407
2024-09-20,5.348836120166368,5.353716693067272,5.333292759435041,5.345860934548893,5.345339364412487,966052.8026875012
2024-09-23,5.339484949352637,5.393388611558544,5.326571830315293,5.334768046562295,5.336078778510247,86488.74470113017
2024-09-24,4.880103615457792,4.884015038842334,4.832294000505782,4.8787826513977794,4.878881462163678,0.0
2024-09-25,4.776384827566614,4.78477895175414,4.755460958872598,4.771071635058982,4.772231276573121,748300.131044488
2024-09-26,4.889973060230478,4.924382233049345,4.880269392971472,4.886492637730393,4.8860216733367405,256919.8274800068
2024-09-27,4.9170675726484,4.92247979963858,4.87832555010842,4.914780433390712,4.914430232909296,53868.56003257625
2024-09-30,5.349551550398445,5.387274702994676,5.348433635413067,5.349538705549768,5.350469829600832,1022236.9646536032
2024-10-01,5.698665165713038,5.74113775624684,5.680790931696111,5.708022045922138,5.70657823395576,889028.9909019341
2024-10-02,5.887816288682526,5.947493897927662,5.871459839759308,5.887675957910818,5.88765622989552,143365.26405685666
2024-10-03,5.9557591381464645,6.041359906824676,5.948061277197848,5.963593691748255,5.964789550222024,518381.757376009
2024-10-04,5.874145636369443,5.91634982965036,5.839912703758995,5.874124486281077,5.872673542005878,329515.7425666548
2024-10-07,6.07719624697498,6.1344873103659,6.091122986858765,6.093209803519959,6.093215200849869,117429.06858704706
2024-10-08,6.076998482818468,6.095188742650249,6.057566891851996,6.078413271886554,6.075812496105509,504066.8123216044
2024-10-09,5.755062518248788,5.757351428530701,5.715933380579375,5.7517155915266605,5.7517105875625,197126.4897778971
2024-10-10,6.077251629416742,6.096595898379911,6.060918391197999,6.086772557446242,6.087534801460782,282283.52514185774
2024-10-11,5.535030643414984,5.567974492274175,5.509854269313668,5.532032047858293,5.533260752005146,412490.1991959127
2024-10-14,5.338317330569091,5.366589869231335,5.333277426719748,5.342846890970651,5.340813579951502,368779.8501466579
2024-10-15,5.236702038444878,5.253506554005545,5.2139586961072,5.235040727236709,5.234715267691468,379332.6231366476
2024-10-16,4.994555865231192,5.035551934533829,4.995285193793549,4.995470060705812,4.995319983533233,133770.23768731358
2024-10-17,4.771068517055801,4.780872644634833,4.763627733076053,4.771992243520992,4.771855166252266,51980.762574975655
2024-10-18,4.816798076193624,4.830374207925334,4.792770137779962,4.810881531783894,4.81088192122096,171495.48672691744
2024-10-21,4.699994221655076,4.737823946194449,4.689209067093554,4.696685501068435,4.698577195059764,456362.73180736974
2024-10-22,4.800903557570402,4.815201711793676,4.767204362290528,4.809889753089098,4.808761119875115,129153.35095085106
2024-10-23,4.824865318978543,4.82919603026704,4.7659082518831495,4.828928926641826,4.827001207954651,250413.38435967205
2024-10-24,4.840669833225481,4.848286325867823,4.823341794719712,4.843184423872207,4.843748962685886,317637.5347548131
2024-10-25,4.995454478275255,4.993495288976703,4.921832514045079,4.9887070523715655,4.988546627328978,252672.5194407008
2024-10-28,4.753373985452313,4.7618958085673615,4.741778518407461,4.755394171221245,4.7573163694289775,597126.9201636312
2024-10-29,4.302944534819673,4.353391105291479,4.275723317987212,4.307660655784982,4.307731670476279,192824.66406925448
2024-10-30,4.460529267557535,4.462111667919978,4.460079866747245,4.462058940662934,4.460082425163806,247721.8826369928
2024-10-31,4.416033801210526,4.483178280517341,4.4077181754102845,4.41843567056692,4.418995167036676,311078.9780472479
2024-11-01,4.520006011077206,4.544267929181775,4.510102199705574,4.52260855717657,4.52226442625927,295131.33590566745
2024-11-04,3.9616662041443975,3.97990736142754,3.956692875857793,3.9614902265211818,3.961349076183798,107502.40210216652
2024-11-05,3.8488389617273766,3.8577173299044714,3.831915036828597,3.846000257119487,3.847398878204074,644155.9449593773
2024-11-06,3.811975494696308,3.8116837774906105,3.777084071596156,3.809808534070777,3.810149475395644,494836.2585488267
2024-11-07,3.84096154240089,3.853033184946368,3.832789467504368,3.835016620081947,3.834506502225916,157651.82952455527
2024-11-08,4.033879213851227,4.042928788996006,4.007489420058173,4.032014820219498,4.030380645711789,373633.922448266
2024-11-11,3.908556105675752,3.9137428051787153,3.896725735161122,3.906323289946411,3.907185703349163,213688.49359700744
2024-11-12,3.521902492290689,3.522931974997816,3.4928389445338253,3.521133432231343,3.5209534438251517,452913.5082473632
2024-11-13,3.3580361696422547,3.367475583708049,3.354966525684459,3.360082713190057,3.3596267288849355,660370.926261115
2024-11-14,3.3005224506544653,3.317969961794084,3.263187765419246,3.302264101141627,3.3020162678936065,101227.38530929468
2024-11-15,3.363713915926666,3.3735080256917005,3.3583368500334307,3.367264674183019,3.3672600051018677,789146.027560178
2024-11-18,3.4177945022973937,3.4360147985060103,3.402700728462767,3.423818677265924,3.4233149967399767,724906.1500370238
2024-11-19,3.2327015739971245,3.231512787391635,3.2161268115662898,3.2309102328343333,3.231478493738098,150328.99999471268
2024-11-20,3.3924518017046315,3.4225281875262854,3.3627074486406974,3.3915483140029656,3.389757521819342,63440.27213830007
2024-11-21,3.138735480393368,3.148630912089382,3.1330246971635853,3.142474321311076,3.142237456041573,275614.19833784824
2024-11-22,3.5516763779812006,3.5608084861140377,3.5253025419990047,3.550570863691918,3.551456453862384,328944.51956244046
2024-11-25,3.5115787286571885,3.522567648496644,3.50277594170964,3.51058538214763,3.510051276719608,146882.04835504477
2024-11-26,3.3124781813150457,3.3136842806154183,3.2971396258251477,3.3102027918704424,3.309618199935128,158194.5977197142
2024-11-27,3.23436037977161,3.251054011971859,3.208757019175017,3.235604354358364,3.2374117479711795,398954.1461836861
2024-11-28,3.077044886582425,3.098114201431577,3.049963201006068,3.07921135969906,3.078243972333537,266742.9850457868
2024-11-29,2.938305091380691,2.9460035668610955,2.9273036652668045,2.940210327034499,2.940124801662201,172212.14421592336
2024-12-02,3.048408864659093,3.057071537390629,3.028354484685178,3.045985080062889,3.046937073036782,420669.6252443738
2024-12-03,3.20760415285026,3.2160458082613737,3.1783205787449686,3.204793226351815,3.206339766049606,280072.93938266643
2024-12-04,3.14319999504282,3.1743026797104297,3.130059606649472,3.145879169224031,3.1462016199767087,888331.8484880922
2024-12-05,3.113409645899966,3.122536406784028,3.0723586848986875,3.1133480875710995,3.112598111595664,1042882.2944188628
2024-12-06,2.9271977189846403,2.9487867254207227,2.9214913607167627,2.9283003704375767,2.928695700343348,313915.3935171608
2024-12-09,3.08086440861925,3.088761398585518,3.0716782000396297,3.0825941901014677,3.081834437814663,249315.8457526528
2024-12-10,3.0015493505327804,3.0083436379428163,2.99830070998116,3.000339481633342,2.999831807662728,279405.456567792
2024-12-11,3.1448832685052603,3.1628393607166525,3.1430644375321486,3.1444326861589444,3.14290304386048,178022.0025385712
2024-12-12,3.1646749064013635,3.1803377630626817,3.168495279854893,3.172262423052219,3.173039212824601,349356.53109106363
2024-12-13,3.0910368040495784,3.09243071677887,3.0851764479227226,3.090379151647431,3.0891973608923022,157540.89800159092
2024-12-16,2.9285591590935227,2.935216997783884,2.906262631459944,2.92429218977179,2.9252005388918905,309662.02673509176
2024-12-17,3.1789440071510184,3.1797330238521013,3.165264113637493,3.1788722348229705,3.1789095017442826,175920.61409781975
2024-12-18,3.2610174717150677,3.2602034051125712,3.2302899395614624,3.2564266988961137,3.255010399761883,166476.80176540898
2024-12-19,3.248369127562761,3.261860165811515,3.2421595805204517,3.24740340562226,3.2480231380842546,200422.8463057973
2024-12-20,3.425869074112834,3.4208797716889605,3.4136493137063786,3.4190846844312315,3.420169967074809,203167.70762957816
2024-12-23,3.4558158599707345,3.486650587490331,3.422874652924141,3.4489173432688944,3.4498467238316217,332297.40361509135
2024-12-24,3.3880509676221995,3.40426818260812,3.362452779616171,3.381292003510744,3.381366525706321,342072.18040356226
2024-12-25,3.143130909572017,3.155343503813622,3.1357606362580395,3.1409873463463027,3.140570095373829,274380.607429539
2024-12-26,2.944142570092969,2.9491960340373167,2.932730748361924,2.9434315269316875,2.9427117027858256,310258.7385561499
2024-12-27,3.05946459963025,3.073212521239641,3.05158245028276,3.0632676120277287,3.0624374202446725,362498.0898256758
2024-12-30,2.9693454374983674,2.981301652986871,2.9692084758629758,2.97339332523042,2.9747086196956687,161694.75700501516
2024-12-31,2.838829183975456,2.8484167782245997,2.8267382652232604,2.834873302408865,2.834697880120928,285745.63609524944
2025-01-01,2.9301959353168296,2.9425003839227486,2.911842236997685,2.932689041922772,2.9329129762966595,231118.9680362552
2025-01-02,2.883276511058447,2.891312115726765,2.8675781383665377,2.8788615817300576,2.878111283309186,173447.8815092324
2025-01-03,2.807948320300936,2.8310168597340013,2.804975489801457,2.810031369224016,2.8101213658266757,466036.9299099832
2025-01-06,2.614772841622362,2.6414088860347382,2.6193658192471774,2.620182460168593,2.6209597960347963,835583.1696163539
2025-01-07,2.466751961577453,2.476085452006761,2.4585405748285973,2.4688692795716385,2.467379580459806,543665.8484527265
2025-01-08,2.4623365952803806,2.4964023743301187,2.4461433901106853,2.465815903589503,2.4660484981273485,448010.7574189491
2025-01-09,2.4542508107558847,2.452768302731293,2.4476234836552995,2.450689065211637,2.45198596347886,328980.3723401457
2025-01-10,2.401452634504789,2.412427984703628,2.399496108468832,2.4021074165222647,2.401854721586468,309934.4040577946
2025-01-13,2.5891776247203246,2.6045323342464197,2.57689720538888,2.589964121240177,2.589408005556141,332882.77614920726
2025-01-14,2.5813079846260907,2.59356733207966,2.576718097357707,2.582666226977954,2.5818943097606546,355191.5469120093
2025-01-15,2.6239420427356195,2.64660707935813,2.614297798142484,2.624000305191072,2.623778698843494,536744.5209763742
2025-01-16,2.461867895480621,2.4621657737790894,2.4462569059093475,2.4611645107404527,2.462189509011182,229916.50161354605
2025-01-17,2.4344972669151006,2.4436209845972177,2.4280365981160674,2.4358715835548166,2.4358847301605224,290784.19970647886
2025-01-20,2.39918762698736,2.4093329371188656,2.393064914509015,2.403096908170565,2.4031469623029893,525662.2715375741
2025-01-21,2.3305604976835443,2.335023339069984,2.3307269264886905,2.33423379245587,2.334882203909598,185599.37536036968
2025-01-22,2.5814739351537863,2.595926117933217,2.5721855551344333,2.5839248811319733,2.5829223458413475,199183.67879844373
2025-01-23,2.5498646772386464,2.5674579573235765,2.5496302581679706,2.5536716738787706,2.5549617737351644,193803.08965918588
2025-01-24,2.585927537932045,2.5929893142881544,2.561882242236765,2.582588822886267,2.581952386689194,216394.6836277737
2025-01-27,2.6501549912594857,2.662064921886161,2.6328897587732105,2.6513822249144794,2.6517410967193817,485906.6368709384
2025-01-28,2.6217383154812945,2.6429961174549845,2.615497840400701,2.626291854088787,2.626145337676249,853859.4110997614
2025-01-29,2.61948944761034,2.6223059038653176,2.5996627669633607,2.618398082668005,2.617678255821025,172667.9735143655
2025-01-30,2.7168356810977934,2.7349377673817075,2.714080983167435,2.7188938873947186,2.7182315455460637,113132.1484565656
2025-01-31,2.541291921511507,2.5459255481457284,2.531494091186582,2.538765257598283,2.539221386595006,193272.2284698552
2025-02-03,2.7343826677352814,2.7514029115927605,2.728123620086156,2.736278072756096,2.7363269529753214,283965.8595060073
2025-02-04,2.7813305241693613,2.789579252863314,2.7811700188750548,2.782479370060303,2.781658853125364,212591.24947582855
2025-02-05,2.9975923232219195,3.0124900356506816,2.984703846905355,2.990880574423312,2.989942929920811,343517.4398415321
2025-02-06,3.0845044838500755,3.088576367734476,3.0763303339011823,3.08420548098891,3.0861040643954,250849.87326555388
2025-02-07,2.8226357777975206,2.838862990461377,2.8163714657464918,2.8225857958510523,2.8219153764560225,478738.0455321324
2025-02-10,2.6999884816465785,2.7107360716476943,2.688635472217865,2.699651224484776,2.6993622977883738,341695.4833074009
2025-02-11,2.641061556712289,2.651201597410741,2.626875833773135,2.642744898246298,2.642591967249856,60034.09642464437
2025-02-12,2.4585302331323478,2.454685455212381,2.435261229520248,2.453402366737708,2.453569519500054,137755.39428007638
2025-02-13,2.425301219971566,2.4302244052091506,2.416829992947009,2.4274623198352923,2.427073360211364,225349.43121334777
2025-02-14,2.2881269791291743,2.29537301807167,2.2788525313013515,2.2852466622138325,2.285983183426588,107794.82553145188
2025-02-17,2.245744423765049,2.259021157112156,2.2294290576780247,2.2465563105037805,2.2473545116464098,352923.54859759944
2025-02-18,2.147312565941246,2.154481848548058,2.135413534352094,2.148290204118546,2.1478758704430696,456142.7891309724
2025-02-19,2.12252039871353,2.131412944912065,2.105869594417296,2.123813976276001,2.1243569211771742,312510.0986932564
2025-02-20,2.242329265772736,2.2746462087329617,2.232043486924676,2.246898789132003,2.246740523802501,231924.7138071285
2025-02-21,2.1601926178030912,2.184400128600588,2.148329588871083,2.161074793325634,2.160941141336428,240195.4857336252
2025-02-24,2.1811977429635188,2.184657317750067,2.175699012080718,2.1794031401683585,2.1797280616075763,172136.7052947471
2025-02-25,2.080713598222814,2.094249889631162,2.074485711626326,2.0808062874100632,2.081001997588374,253819.09961585168
2025-02-26,2.13002920186458,2.138752211594452,2.1264312067143587,2.132481640213607,2.131983506823039,138890.4656807799
2025-02-27,2.062294279841588,2.068841382780068,2.0544709628633973,2.0610319726231454,2.0606166102358583,203145.57696377076
2025-02-28,2.098933631297606,2.1078232335727667,2.086696364591752,2.099168699882123,2.098407962001364,172347.91203999045
2025-03-03,1.9059294620323075,1.9146243800825595,1.9042613564700988,1.9064594871411709,1.906748185305408,173601.5123237742
2025-03-04,1.7786766633460849,1.7987335894386702,1.7778116746419388,1.78152313774467,1.7819484251687685,985023.3120187538
2025-03-05,1.8215775255220157,1.8287189215427413,1.8093221880047723,1.8227350484591696,1.822487304067813,225912.58612774697
2025-03-06,1.934934892745132,1.9425659523308532,1.934316047445272,1.9351759092330765,1.9346460316901932,341896.0326022125
2025-03-07,2.0257552592270422,2.038236403233158,2.0254804204469967,2.0260434198533623,2.026338357972594,252084.45918592936
2025-03-10,2.0475284019350646,2.0464652296949004,2.0352396492759284,2.045800455837297,2.046416765213438,139181.76980341686
2025-03-11,1.9741719344395323,1.9938152603011636,1.971270137743921,1.9780176828144889,1.978735126493887,312987.9455434628
2025-03-12,1.8545121959775208,1.8643729051162783,1.848649488310356,1.8561680876628237,1.855958977762144,117611.84973599928
2025-03-13,1.837234834033548,1.8570631480202608,1.8260972598474268,1.8378648499225971,1.8375322129517564,306525.58414959285
2025-03-14,1.7402997526304709,1.749643876944159,1.7262622817539617,1.739539112874037,1.7396673770640754,316686.3991239991
2025-03-17,1.6961507661389517,1.7005507889536635,1.6909629227324716,1.6960585111706834,1.696059681452298,238251.0285388086
2025-03-18,1.7297788034893773,1.7362051135987215,1.716798208871615,1.7301424927443396,1.7302851957284135,139821.7316792399
2025-03-19,1.6780399343872725,1.6767770942829785,1.6688546875718324,1.6763644946218277,1.676567763637109,397961.79138978105
2025-03-20,1.642660562861732,1.6470992129257436,1.6274283295843954,1.6365892303037348,1.636647676925062,642997.8109684122
2025-03-21,1.615449311616875,1.6221378123402848,1.6016429701980162,1.6157735612053703,1.615715499703409,73905.15607244038
2025-03-24,1.6496386472436249,1.6617852504784585,1.6417179002746098,1.6472526816202755,1.64721784787786,167154.50549400126
2025-03-25,1.6198288201241644,1.62299715743088,1.607566145159432,1.616928695424834,1.6167670510355518,142074.24697008092
2025-03-26,1.7110417007129215,1.728109580727072,1.704827155998321,1.7120909958032726,1.712498937099822,179969.11892117898
2025-03-27,1.775266335384929,1.778023968545163,1.7671570485962285,1.774956526270996,1.7746132817033582,210163.01360204947
2025-03-28,1.877317911318078,1.8821590038868257,1.87208528384751,1.8809903422322585,1.8811290681803097,236636.4271154005
2025-03-31,1.911703520462981,1.914126601569458,1.90665389157096,1.9123502657908191,1.91244782587634,800331.2273788573
2025-04-01,2.061547010049744,2.0704852568401475,2.0472897877434386,2.060261672739285,2.0602958912514646,216053.8131377253
2025-04-02,2.074851163168536,2.0819420973608014,2.074124136714002,2.075565324253536,2.075996583921078,357673.4015408673
2025-04-03,2.124465930924729,2.1373218497951303,2.1186887302145307,2.124128444108045,2.1245061433064536,310090.8881138448
2025-04-04,1.95883733650172,1.972902724342369,1.947937768830202,1.9578629784346595,1.95738005306138,274047.3249243665
2025-04-07,1.99161456545615,2.00851149852074,1.9900376373742945,1.9910464003631096,1.991619033494174,451504.7834810918
2025-04-08,2.0484789011436604,2.0657130435591684,2.045059727480243,2.047962473011877,2.0475911973100627,225693.89509117292
2025-04-09,2.0860818207798,2.094390471486799,2.082760637556744,2.08550814198035,2.086209844051475,457955.9298510438
2025-04-10,2.171532121635243,2.177086542731,2.166414246577009,2.170730692584985,2.1705212364854742,757934.3381490349
2025-04-11,2.20216643250377,2.2089121357270574,2.190368340248078,2.201773133810716,2.201876228188896,152790.48439928357
2025-04-14,2.18526508904845,2.189390829516237,2.1772887872842146,2.1867595626817296,2.186760258856573,473042.9066753335
2025-04-15,2.3253460760672917,2.341370695849537,2.3248044242139496,2.3280463309607957,2.329261794911909,319174.7548479556
2025-04-16,2.2026346195055364,2.2120495226641816,2.188377827301746,2.202587960769862,2.201943200591771,326081.8449141074
2025-04-17,2.2822352743469785,2.2905364820620746,2.2775249141922664,2.2837220784602703,2.284284887574306,238321.76148465075
2025-04-18,2.279474959193732,2.2840731844037,2.2730051834382623,2.2762311417448915,2.27745844935594,452356.1306616246
2025-04-21,2.31572570263582,2.338088341516071,2.3193571776814896,2.319609280606708,2.3194435353196607,107384.64083366438
2025-04-22,2.254927136959528,2.2650349021184866,2.247516074523232,2.256054592615348,2.2552944492860227,245304.836848688
2025-04-23,2.320957789833131,2.3446939915656624,2.3138289889416543,2.319295624216607,2.318964400649599,127226.48364503542
2025-04-24,2.2033496114567286,2.2071070428086608,2.2005110684707465,2.2063811948627743,2.205944496713429,85985.2806694981
2025-04-25,2.158808727341815,2.174480670464203,2.1521888938645537,2.1604353042390807,2.1608153762846354,505091.0255543109
2025-04-28,2.183804918214002,2.206940223271732,2.182824453827426,2.184595389663418,2.1841672788575317,115168.24232660858
2025-04-29,2.099718884132906,2.0961141682185933,2.083397803705215,2.0959933107891997,2.095786725583681,680757.1284101204
2025-04-30,2.204181247217552,2.208666241715278,2.200451771143896,2.2051614841668736,2.2045584709590758,354683.1974069878
2025-05-01,2.317472483468299,2.340781025827785,2.301088977391249,2.316442805050983,2.3164744825660346,291294.05695947906
2025-05-02,2.246176132148181,2.2505672945702506,2.233774256188401,2.2466051895401806,2.2459654507785243,166554.61496532665
2025-05-05,2.320914214564215,2.328729226808016,2.320647614154096,2.3219162734499044,2.3209376104139405,453480.20237050846
2025-05-06,2.2614638913944933,2.271541442875432,2.2457442722602394,2.2584876334659785,2.258865630439726,509209.4867572222
2025-05-07,2.427780499561786,2.4642150243747163,2.4191684048216904,2.430443324537271,2.429403879956461,277509.68542804883
2025-05-08,2.175712728286318,2.1816680880570303,2.1656787645482245,2.1755810365760286,2.1762761544579385,687367.2483610224
2025-05-09,2.260358835415908,2.2686032120198334,2.243189160738602,2.2599868134424703,2.2590746480952726,253682.01342893596
2025-05-12,2.3573829434456792,2.367645660798389,2.348419071523636,2.354386963057744,2.3537750956642607,218095.4593134905
2025-05-13,2.2762275445706086,2.281403365340377,2.258124881473383,2.2767096099556605,2.276659657817828,303682.2978610796
2025-05-14,2.31740891472972,2.323446385528966,2.3196775250666244,2.3207568305214195,2.3223322100237938,730898.6254956085
2025-05-15,2.2461434654851997,2.2527155972042823,2.2475131227524674,2.2490022011720048,2.2483459677331963,164964.53304151958
2025-05-16,2.174160567106959,2.1856689913444307,2.171468485986314,2.1762696039465173,2.176231556207376,511045.21187038405
2025-05-19,2.2848959699083617,2.3003603147609653,2.2818058670482064,2.28294906913747,2.28287510603872,373709.67700287246
2025-05-20,2.4533078959701493,2.4639806675050244,2.4417056901014824,2.454282027964043,2.455023253162961,390885.9173385472
2025-05-21,2.350213738503661,2.3491696095635297,2.345656229027015,2.348876143647761,2.3482025638659363,234591.2836081269
2025-05-22,2.473354592352841,2.5023428727031107,2.4670376965489536,2.4691216738463417,2.4695826259905,187208.32881272817
2025-05-23,2.5842678758088797,2.5938597570427357,2.579973925736608,2.5823511511664994,2.582333908947924,329683.29632824595
2025-05-26,2.395764033725804,2.3987232152725184,2.3927350245916803,2.3937094343359333,2.39416247964823,183543.78821664915
2025-05-27,2.3175423559725887,2.325764995066099,2.3166696945059573,2.316865467211131,2.317018658413835,299060.9289320297
2025-05-28,2.20613838759872,2.2382640591691136,2.2043895667247875,2.2082468644342064,2.2087767908961053,236170.8962875544
2025-05-29,2.221137529499034,2.219011398978146,2.2160375819046854,2.2166138239680118,2.215957025991954,380259.0200547079
2025-05-30,2.135144318823691,2.145156300330879,2.130188017471633,2.1365352178244734,2.1361227119653003,413912.8644577946
2025-06-02,2.137685259546929,2.1370780075263,2.1285920770155635,2.135711545571777,2.135833573821992,465919.6022262523
2025-06-03,2.2347381353365936,2.234940806039177,2.2236299443272367,2.232585577373253,2.233134473571533,249681.0074402511
2025-06-04,2.282257582099439,2.2972703183250625,2.2842492118306703,2.285290280356909,2.2852850486828635,463769.6744570476
2025-06-05,2.2087251572537023,2.2172961507555944,2.204948891510744,2.2120275279822166,2.210813593120167,560232.5164034707
2025-06-06,2.313694053177985,2.328123735833915,2.293615351269432,2.3124294325885586,2.3122707687311195,125642.97552090432
2025-06-09,2.4164195303757605,2.424487110590525,2.401415155070639,2.4188251733292767,2.417889961283107,329799.6128326571
2025-06-10,2.539896748300083,2.5382269403326894,2.5307398643091745,2.536329638664949,2.536266758223702,107389.83658051048
2025-06-11,2.643614771585544,2.649282275773749,2.63690268769634,2.645128451735057,2.64442141624335,526606.60686538
2025-06-12,2.497167345980264,2.502896923407564,2.4859405491297566,2.4942998410115966,2.493292827366764,1079236.701497349
2025-06-13,2.5983742901543647,2.615001263182924,2.586684916308017,2.5955455028138315,2.5967939649874494,309541.39861348306
2025-06-16,2.5534739774842565,2.553431837853654,2.544349365736972,2.552709867627467,2.552832528671735,216271.8425497577
2025-06-17,2.507631710307153,2.508464455358073,2.500721175438661,2.5078153782574595,2.507869973000646,277773.0526859799
2025-06-18,2.5065543213765475,2.509578693154092,2.495163782352871,2.505257808069965,2.5055775480976905,198014.25828816608
2025-06-19,2.5100710653088325,2.514808420775344,2.5066508242019507,2.510488884614727,2.510577933179434,130100.21309642776
2025-06-20,2.293160760963148,2.307136325596616,2.2816614711799263,2.2938015891628067,2.2931355651090763,71031.13939905913
2025-06-23,2.344761392443145,2.363374498668496,2.335727932868464,2.3477076966840253,2.347788090126393,162721.03650568906
2025-06-24,2.3617482140870143,2.364931129046926,2.335598449839459,2.3597387266103818,2.359535072839632,217142.50516676717
2025-06-25,2.380256641219197,2.3846309884295955,2.375279844055369,2.381245219837267,2.3799036115228502,191270.87737855423
2025-06-26,2.217842791250765,2.223027765959632,2.205679502537411,2.2165144066765774,2.215793935433605,262212.9779557359
2025-06-27,2.127726304248741,2.1351617428566767,2.1144789285861085,2.1266489212417867,2.12521758630959,273663.00386974326
2025-06-30,2.0814473239583178,2.107085496518737,2.0791620797340307,2.0843004800141256,2.08471779159807,164338.47896997593
2025-07-01,2.121139629324863,2.127205307117064,2.115286997719957,2.120291563720403,2.1199957778933305,257195.48279132217
2025-07-02,2.2089288819644777,2.21053198629063,2.2069133080914733,2.2073801270512385,2.2076223803965767,271415.8467219965
2025-07-03,2.1327368202889327,2.135141555425394,2.126302855462825,2.1326783702353658,2.132442481909924,223822.86189095167
2025-07-04,2.217120356435937,2.2176876201916578,2.2015103816979718,2.216167760884557,2.215628205047213,405752.8461743423
2025-07-07,2.146688296966846,2.1513676213784496,2.1436600473841447,2.1459264537973644,2.145869033959901,1270942.173645518
2025-07-08,2.098516550280422,2.0953125861702806,2.0820856308741527,2.094920294602337,2.0953134378627105,438181.726569066
2025-07-09,2.078220054687464,2.090203704803045,2.0759021255115333,2.0780337081446723,2.078275615305304,237598.0007839873
2025-07-10,2.0270130310206262,2.052815558609077,2.0242223767937477,2.024972385491274,2.0251306886832743,153025.0413468669
2025-07-11,2.0531739999427865,2.0627660654508664,2.046608963374153,2.0561693488320105,2.056486042281187,1235175.78311925
2025-07-14,1.98492073927883,1.9861395510724296,1.9840072811093683,1.9854586762316848,1.985457136946166,388994.4551343023
2025-07-15,2.033284201633383,2.0463474948716,2.025828758628533,2.032089286679564,2.032458164349638,261414.68207435156
2025-07-16,2.038038518296525,2.043067961878419,2.0369368415885405,2.0385221070443595,2.037278572819533,425417.2288409365
2025-07-17,1.9144788682855167,1.9222447031235332,1.9116563173325456,1.913458743093153,1.9129574458109644,319392.77146740985
2025-07-18,1.9980389902902305,2.0160997775940284,1.9901560302040335,1.9969283608817805,1.9974514377791448,427095.172251854
2025-07-21,2.035189231651857,2.0438972826834028,2.03231374732138,2.03414800785534,2.034341914186138,292448.15311365674
2025-07-22,2.053568405917602,2.0606021102134577,2.048553157524225,2.055352298174641,2.055065609986081,154564.44023695614
2025-07-23,1.9995365435645056,2.005074396918167,1.995345112271264,1.998601958212899,1.9987965679860848,232997.95399251065
2025-07-24,1.8527929129162128,1.8578174803729952,1.846281028372837,1.8540610737300445,1.8544549023157069,122080.45201233673
2025-07-25,1.884534426346192,1.8903362253049687,1.883137965472577,1.885220333602159,1.8855096778500415,386180.5527248168
2025-07-28,2.151301122428123,2.148328187426821,2.139778512366518,2.1475536305513767,2.1472832550894565,374491.1594694459
2025-07-29,1.892025598181176,1.896237025947344,1.866727354143075,1.8903165619207387,1.8909316479658176,434459.9287908577
2025-07-30,1.977320592538301,1.9856766062804851,1.9633042037736776,1.9771770399370296,1.9770027360112816,497508.7159815267
2025-07-31,1.871830698956015,1.8808656961662595,1.863422936695035,1.8719234073737432,1.872270027441683,57995.87881927743
2025-08-01,1.9285528786940496,1.9305969967397911,1.9234415424770508,1.9269127353038549,1.927085061724826,225285.11860574683
2025-08-04,1.8324087341353708,1.833751636570427,1.83010870097756,1.83021680619483,1.8305084507330724,230511.41020415124
2025-08-05,1.8877444264040475,1.89383510612014,1.871759483916283,1.8869068593218985,1.8859071572397836,195198.13381822308
2025-08-06,2.0018859876107777,2.00209175281596,1.9954386857385216,1.9995723497208016,1.9994805338404256,270578.6814270115
2025-08-07,2.003712366168714,2.0177887457317314,1.9940370076756315,2.0037633299061848,2.004303398480412,137181.23411664873
2025-08-08,2.0523350897082384,2.061633448162348,2.046055323283982,2.051175290072945,2.0512411450550574,551957.8351001394
2025-08-11,2.0733703890331374,2.07858571008411,2.0628270101302566,2.0745531164576416,2.074732996936028,89108.10714289377
2025-08-12,1.998533969445488,2.0050900312165125,1.976638201480516,1.9984333187021737,1.9980340677112136,114125.36305726157
2025-08-13,1.9819843387299183,1.9887614999864929,1.9767219774380704,1.9853167612361944,1.9853787085145624,133086.63005708746
2025-08-14,2.0350632000069377,2.036472740086848,2.0355528152917213,2.0363598236899265,2.036253202091753,375287.1308182509
2025-08-15,2.1683906438875447,2.172818419505918,2.1409532226147774,2.1695372751850144,2.1697102978807705,170741.49709779862
2025-08-18,2.107973525806365,2.1178415841326776,2.107867332866101,2.108148705170904,2.107843293571118,510862.38976916665
2025-08-19,2.1560096634161807,2.1755808152701137,2.1365721670875915,2.1568563899142466,2.157105380448697,127080.06889294367
2025-08-20,2.1154907710645423,2.127631740102606,2.114507400066553,2.119565159755357,2.1197455292825738,250938.5808140289
2025-08-21,2.1868293917379917,2.186380634802032,2.1753488774397347,2.1843300693346555,2.18377240025291,318565.10492468654
2025-08-22,2.261735502692835,2.272899250604032,2.252598011865821,2.2615635388673883,2.261862169387024,334201.7440258241
2025-08-25,2.2487658514050057,2.2589497961864566,2.2165337470093696,2.247411893729993,2.2480853567992947,136554.01865311273
2025-08-26,2.294989233250782,2.3021457148486477,2.289790448060286,2.29362111237227,2.293566822510288,276399.1665661438
2025-08-27,2.1295540751550623,2.136358621831519,2.1304343678863016,2.131370378269881,2.131306486790786,74840.0983829472
2025-08-28,2.1900944306577137,2.202979991334609,2.180526029256918,2.1906898099921617,2.190900105990357,1267453.156046962
2025-08-29,2.2312969758206176,2.2370909322253936,2.228237389683742,2.2307340710133703,2.2301660413444795,497166.9592890416
2025-09-01,2.347768495590488,2.3545001038407336,2.344436188873362,2.346733161644388,2.3457614661002357,464612.030273477
2025-09-02,2.145798056288882,2.1610998598370443,2.139996808286166,2.1434233783936696,2.143105803897879,224745.9590712673
2025-09-03,2.134463478759161,2.144479664925466,2.116169737693137,2.131752744899145,2.130992754727043,245751.00185913948
2025-09-04,2.0107387063941835,2.013789515007813,1.9994213923399773,2.007735392201962,2.0076530502279266,389886.2572137248
2025-09-05,1.8947116660556989,1.9059214509050235,1.886961144713052,1.894950698483174,1.8951773687553763,229037.64237589395
2025-09-08,1.7137246834555573,1.7180576501183784,1.7097611144144127,1.716642251708722,1.716755161613875,373254.70980331086
2025-09-09,1.7391462463349303,1.748876774022408,1.7224412000046234,1.737565830835212,1.737489785545833,639686.2068142353
2025-09-10,1.6873942089898413,1.6977073887556735,1.6724969658519229,1.6868102238844518,1.686894978907932,140338.33829879042
2025-09-11,1.693525253963675,1.695653840603708,1.6859979194290946,1.695318129173194,1.6956143548186011,482145.0214124043
2025-09-12,1.7039464478120616,1.7069215548149153,1.6959993376661484,1.705452625408986,1.7051624783442902,153854.83545759993
2025-09-15,1.7400004416398098,1.749512916507654,1.7216761818783168,1.7406754874017982,1.740891339336926,151849.51927859336
2025-09-16,1.7940147085258806,1.794326930192129,1.7715229417185252,1.79429307596862,1.794029791780677,261474.60893441472
2025-09-17,1.9108785826850196,1.921038639830606,1.911254305691588,1.912381570865423,1.9123962274296349,350416.87487187126
2025-09-18,1.9073147750483916,1.9270638689226964,1.903329999057376,1.9059387954567704,1.9070687141034484,97630.54408552196
2025-09-19,1.8737611116844397,1.8856366336253616,1.8719977809757136,1.8725879125999767,1.8715731352675955,559812.094729524
2025-09-22,1.7686983544612491,1.7844340921779178,1.763872550974691,1.7684429443229046,1.767970579292868,139756.08981206315
2025-09-23,1.8094201936959569,1.8129939022620545,1.7954120080857063,1.811354926415076,1.8117750618690265,58613.65424561016
2025-09-24,1.7411604868432875,1.7462793956974778,1.7355369371131486,1.7405559781305446,1.740516528012286,188892.18182746432
2025-09-25,1.755479041487407,1.76856689149558,1.744931734905316,1.7559941953158265,1.7564636871717527,131853.15897954127
2025-09-26,1.9323735886972428,1.941577323245281,1.9335598148045372,1.9360260717283415,1.9366311443000237,269354.926455172
2025-09-29,1.795677600534641,1.797190835170856,1.7926164132428528,1.7946969201987983,1.795380835993128,301712.6373468601
2025-09-30,1.695466156507888,1.711544402482421,1.6880571836411755,1.6969691940335228,1.6971782193220042,118122.71205365164
2025-10-01,1.70354914075698,1.7167847047890503,1.692781239365744,1.704376957653969,1.7043337093502675,233340.2209923252
2025-10-02,1.61175169375074,1.6294455805148094,1.6086811765283244,1.612146827650634,1.6117341103668252,495290.3012809115
2025-10-03,1.7069986636551175,1.717786365748424,1.7024654716091612,1.709857223510684,1.7106528793441829,941054.9149067216
2025-10-06,1.628150699672377,1.637725157869424,1.6238922794577662,1.627459245880235,1.6274045566134878,222475.6213316172
2025-10-07,1.6207857314173972,1.6324365357182649,1.611359762457567,1.620750463656659,1.620395108082067,317590.83449738147
2025-10-08,1.6550980885568518,1.6567771246738257,1.6431406164846574,1.6548767800259745,1.6549355538861106,156894.86471131886
2025-10-09,1.5469969826848118,1.5587633872549902,1.5381468122369488,1.5480314966220547,1.5480100490316786,231450.37796570765
2025-10-10,1.5511444108337538,1.555183549940172,1.5506893537543476,1.5507039506515958,1.5501563303304724,535002.9811034197
2025-10-13,1.6573174268985638,1.657525624650267,1.6541421527577014,1.6567737803274862,1.656664218827688,205172.66198446703
2025-10-14,1.6972075748359825,1.713825942308202,1.6895775010345018,1.6972433408288063,1.6972088763686457,165201.14113472923
2025-10-15,1.665487428853859,1.6745751838998255,1.6471391766768513,1.6645800164752298,1.6645137911962813,244422.4572764674
2025-10-16,1.720905806584428,1.7216523392196097,1.717885808902482,1.721044031325469,1.721018789298682,163034.02784802637
2025-10-17,1.5331076137282529,1.5449037340303935,1.527018068498732,1.535615136675567,1.5360514289431455,171544.6874166524
2025-10-20,1.4913924732431565,1.4930293082590465,1.479882792611902,1.4921439221812338,1.491725824500123,299578.1259582034
2025-10-21,1.3839445145686466,1.3910390810207027,1.3771481199795286,1.3845249871592784,1.3843668668851037,155529.67171921444
2025-10-22,1.399719006407924,1.4002087203090443,1.3930747334362263,1.3992603499486076,1.399285141462535,58675.47549872777
2025-10-23,1.4025667778252753,1.4087615011983066,1.395296095854088,1.4032936222741128,1.403250551024849,186487.77141496044
2025-10-24,1.3407457298865777,1.3458670653651288,1.3315287565693077,1.3411384250218232,1.340959196901092,180486.45808552596
2025-10-27,1.4100937500904065,1.4111237523327198,1.4006503461945468,1.4094240553412234,1.409375451824717,269912.32159028924
2025-10-28,1.277890944828065,1.280644640686624,1.271858281606324,1.276995242908647,1.276674458483018,361517.3812417071
2025-10-29,1.3825436062016356,1.3854217609689343,1.3745047294562134,1.3819971463784742,1.3820192660581214,273849.059232724
2025-10-30,1.4507174304311274,1.4537035893831578,1.445465893656729,1.450355137429962,1.4501404001644085,168964.2801778248
2025-10-31,1.4566357476808989,1.4612436708417769,1.4526119781839006,1.4561594079208435,1.4561237327073484,304289.4071228578
2025-11-03,1.420105053129275,1.418680959140722,1.4108785238098414,1.4169306028662592,1.416668394803894,399146.6648785065
2025-11-04,1.397611621888957,1.4134915814554467,1.3918983725421268,1.3970693466862694,1.39778544952731,173557.60626347878
2025-11-05,1.4164736033677383,1.4208007072667004,1.4164256147590557,1.4167838747717991,1.4171973494188268,228327.21526257083
2025-11-06,1.3699661775295289,1.3734046857527706,1.362797263293527,1.3702028431785211,1.3706968107540858,793837.9604201795
2025-11-07,1.360452805849648,1.3695413700759302,1.3575984327346364,1.3585453044712326,1.3587522185136398,397831.83211630495
2025-11-10,1.3772379384023408,1.3800173858937554,1.3694531862157902,1.3782266546173088,1.378201085848468,606552.6747194263
2025-11-11,1.4160775491271016,1.4260873546038038,1.410681278535186,1.4161159804328334,1.4154654837216591,302799.01415862766
2025-11-12,1.511938408720087,1.5121090135095605,1.4989473517010603,1.511016636799866,1.511328151672968,180923.51866222647
2025-11-13,1.6231771131200954,1.622950593322337,1.620330096069215,1.6217809674054238,1.6216345151708635,406761.156241453
2025-11-14,1.6102499250545017,1.6215614321224752,1.6118773563930124,1.613043420792055,1.6122625118936007,207008.12249257797
2025-11-17,1.4915354075882372,1.4922027088301189,1.4879479597657357,1.4910685573175642,1.491255080606151,122398.0592101358
2025-11-18,1.4859526579357167,1.4965795338415306,1.4788046528741083,1.4877783329276777,1.4877775680847274,159998.27248908946
2025-11-19,1.5900975541797286,1.5895738071271948,1.5838377089666054,1.585558737491621,1.5858837394229262,335453.1079018379
2025-11-20,1.5748314695744507,1.588043440133442,1.567598972118135,1.5752714446157456,1.5749971308993498,251962.7327120907
2025-11-21,1.7013120764870029,1.7022252455021958,1.6942417975483015,1.701936442407825,1.7019064243585578,216958.8849092294
2025-11-24,1.6035413066871294,1.605810520270352,1.5936979482561755,1.6001842890450453,1.6005395808072265,210335.6881997077
2025-11-25,1.6311337743916514,1.632967062564703,1.61621081362839,1.6317525210338724,1.631901189828144,255499.4137942985
2025-11-26,1.6624470883539275,1.673046670814848,1.6618529322107316,1.663841246591044,1.6638194639474722,562006.4834787899
2025-11-27,1.8116164043524583,1.825037898856913,1.8046853402029412,1.809101743063068,1.809328536101392,88842.98893245135
2025-11-28,1.8168749183981363,1.8147332995085088,1.8026459473431165,1.8124976866975857,1.8124384883028892,310718.87247097056
2025-12-01,1.8501999711080048,1.8578690287440047,1.8386704165350976,1.850163438372038,1.8497005691386763,524321.6279455342
2025-12-02,1.9119831898759037,1.930127205692386,1.903955551367009,1.911928408573508,1.9119570506913124,305080.72690962965
2025-12-03,1.8097554421000095,1.812417790324795,1.8114838968127531,1.8118697082083008,1.8126408006694672,355248.3984286628
2025-12-04,1.7614702458383038,1.7590417565029015,1.752342168136828,1.7588277617689865,1.7588744942272652,512182.3593801161
2025-12-05,1.7856422062936934,1.7993727728131037,1.7740699653637608,1.786253023160895,1.7862986230115918,159433.9714490173
2025-12-08,1.7991238795623588,1.8043425448260788,1.7958081609356007,1.8004639647569876,1.799887683914101,292433.0313234539
2025-12-09,1.775852994202019,1.7911922644739795,1.7674612908681024,1.7738168910730685,1.7735801253350971,130875.60507506336
2025-12-10,1.8049975526336144,1.812619584325864,1.8065885745884664,1.8076600760576031,1.8078292378861536,424022.5501539145
2025-12-11,1.821807852110443,1.8237826067218048,1.818005130480278,1.8207324716538849,1.821535244864117,699511.0966534448
2025-12-12,1.9030334375956168,1.907610284927633,1.888255431473628,1.9070450263643215,1.906360654972496,394294.4528262549
2025-12-15,1.8574468796130763,1.8613698561768164,1.8530680593204367,1.856098276774033,1.8559162829402769,148324.54949604676
2025-12-16,1.8826616138364116,1.8875559437498768,1.8814209624803373,1.882717881078652,1.8834346060610443,1228690.4758726992
2025-12-17,1.848111459919404,1.8542476138941364,1.8443806549987525,1.8464722361958028,1.8466511115670057,509044.4452370193
2025-12-18,1.7965679991338863,1.8118606182468795,1.7860385332419475,1.7988875541813407,1.7995171010771922,167108.34405783698
2025-12-19,1.9141114685432687,1.9229249725602169,1.911216722772302,1.9143416017852055,1.9153166821325385,297217.2222994823
2025-12-22,2.003071393679149,2.0301924421725546,1.9981831189147967,2.0050547611407072,2.0051607596436725,203532.99638928424
2025-12-23,2.0117578871282844,2.022505353713623,2.0142060182707437,2.0143694519665365,2.0149915468900748,273835.3985514837
2025-12-24,1.960902717861952,1.963967705931799,1.9561338693012809,1.959928657642396,1.9595998117504825,449222.8371698731
2025-12-25,2.0912074624597,2.096974300449612,2.0604543978643024,2.089274404963942,2.08927748903924,212564.0071640433
2025-12-26,2.2775512462649257,2.292914728849598,2.2797714021633624,2.2831877150037125,2.2823111505771188,135038.98719089502
2025-12-29,2.128540487406744,2.141217244364136,2.122006620097972,2.1261225253969,2.1249552255990483,121160.6637471288
2025-12-30,2.064684002066949,2.063623889917721,2.05489955383806,2.061644384898994,2.061889465379012,264793.57156213914
2025-12-31,2.010018199529106,2.018788902619147,1.9971132362626276,2.0058060395126835,2.0056828204534565,438843.7027149812
2026-01-01,1.9785535807222565,1.999883844742556,1.9775353383643228,1.9825421458489048,1.9835513353134004,98589.68980454517
2026-01-02,1.945808411096576,1.957127937920704,1.938681692739928,1.9431083561497664,1.9433311838401572,255994.45875374245
2026-01-05,1.9283375148000612,1.941744193892044,1.923495252363367,1.9279526352394796,1.927950379306297,269638.39823749464
2026-01-06,1.989450111094461,1.991179029499368,1.985664145964808,1.990003270837545,1.9903716428460616,176434.7311693124
2026-01-07,1.9625826771379689,1.962647830335652,1.9578280474291423,1.9589689755628463,1.958662644291588,123752.45503557513
2026-01-08,1.9167840317210327,1.920633206465545,1.9055181352836927,1.9169591537540367,1.917901263831089,300092.56346603285
2026-01-09,1.9049075143500311,1.9087872636430512,1.902280700990217,1.9048822835196348,1.904453339491592,326525.0622775328
2026-01-12,1.9228977842781545,1.9316142856058132,1.9061549551409915,1.9261904130071796,1.9258255471147503,258320.4253024436
2026-01-13,1.9309080632118372,1.9478420053733896,1.924981096726111,1.934515663130507,1.934699783748518,0.0
2026-01-14,1.9632581659247088,1.9834710882587607,1.954467227252841,1.963040019632208,1.963396593448899,217819.4476704075
2026-01-15,1.961723133958739,1.9644396072704493,1.9545591228892063,1.9578315480755448,1.9572310148042125,240072.2996113093
2026-01-16,1.9037356869244848,1.903948926977142,1.8979824665356984,1.901663247955209,1.9019296574259057,810023.2914664317
2026-01-19,1.9320441044096128,1.930796883815884,1.9276272699214,1.930172367432292,1.929711995122797,307743.80654345226
2026-01-20,1.7845690672858583,1.7880828793311323,1.7844140510559772,1.787151990481715,1.7867931648408186,430508.76189361984
2026-01-21,1.837185947817362,1.838606009042334,1.8261560011159017,1.8360975895700264,1.836023392191216,158446.33209494135
2026-01-22,1.9196574624221383,1.9213471291499535,1.9138241674808825,1.9174965554736263,1.9182123529601864,158553.6447037206
2026-01-23,1.8174090864006496,1.820106297179298,1.812129435085284,1.816687472404067,1.8165250520302911,288950.6144921791
2026-01-26,1.8969229898182525,1.9042558964457952,1.8982933368283603,1.9003032385515557,1.900610121881828,176048.0496072206
2026-01-27,2.04442514567411,2.0458411084075294,2.0242919400821275,2.040652552568031,2.039938521182616,149317.4865642883
2026-01-28,1.9551765234160905,1.959803049250968,1.949113116039429,1.9544058761011835,1.9539700291509836,0.0
2026-01-29,1.9763322736939195,1.9929532927987312,1.967935283513924,1.9790695266933576,1.9786114738719065,195375.7553661369
2026-01-30,1.9442867225770493,1.9468648014883496,1.9296917992935627,1.940999856340948,1.940476533293624,1008795.4363724444
2026-02-02,1.923050539252045,1.9298794738940592,1.9200372566639397,1.9234224715062531,1.9229699819709791,854759.8195030858
2026-02-03,1.874453643524272,1.874171389543697,1.858141648317428,1.873125238310456,1.873130577621588,553331.1297215774
2026-02-04,1.7604078414124515,1.7644550210798609,1.7544410758013185,1.7614217583759846,1.761796203814121,542342.627238474
2026-02-05,1.8864373694250585,1.901673728865532,1.8879589089811069,1.888072483858115,1.8880511879845063,440422.2398884775
2026-02-06,1.883258218851339,1.8889987877223064,1.8798418639036576,1.8816497376636088,1.8819889994303665,113632.98027256834
2026-02-09,1.8886793582055517,1.9058643944747824,1.885194022429013,1.8911677612612592,1.8907578144515729,434488.1334407079
2026-02-10,1.9600695542242408,1.962516536111889,1.945212505909285,1.95657667042256,1.9562249862743333,99140.77206701336
2026-02-11,2.0066043072210444,2.009815980013164,2.000241711703028,2.0067556942203817,2.0064539037654807,680265.2597787465
2026-02-12,1.9581447705800143,1.9607632384975957,1.9553349809762848,1.9581074386187216,1.9579078688629552,365270.5351619014
2026-02-13,1.9131971517130235,1.915317450692872,1.900885055331155,1.9132224365182264,1.913333520692192,166235.52883108536
2026-02-16,1.8894002631302829,1.899254677015768,1.884496962529281,1.8884466143182568,1.8877910572045296,342923.27866158815
2026-02-17,1.9873652918605436,2.003684548961937,1.9530465965564947,1.9891147026358087,1.989312790575702,145991.7916487469
2026-02-18,1.9485223993442384,1.973453528293417,1.943659942647265,1.948637507440844,1.9484465058001703,242241.6824750479
2026-02-19,1.897585102029559,1.904263955536428,1.889683599985289,1.8936694845036912,1.89312730336306,256810.40467633112
2026-02-20,1.841594164678144,1.8405526151871707,1.8287797757389352,1.840149001657344,1.839770108086842,220041.04015402685
2026-02-23,1.8421201548355168,1.8527918853971648,1.835315625898967,1.8429739743795748,1.843048177251307,787393.3230191018
2026-02-24,1.870635975252176,1.8730809031222848,1.8659348403176343,1.872382333499285,1.8722929535642223,390559.864717283
2026-02-25,2.132399406734153,2.1469782568312064,2.132084548784416,2.13574122335969,2.135375071377396,380484.3481145328
2026-02-26,2.01945318378423,2.018273742246335,2.0012470954678974,2.0179628965023277,2.0186792497524984,200240.6809625503
2026-02-27,1.9085078015903767,1.9123187938478092,1.8913119866212649,1.9103163749703225,1.911071056467996,230616.87128428163
2026-03-02,2.0638535525170654,2.06599271495345,2.0529034538239004,2.061989615580744,2.062164227152353,490686.4395141777
2026-03-03,1.850188390773108,1.865882793118795,1.8420159108836809,1.8500410953523383,1.850642474026376,196410.04046484135
2026-03-04,1.940712580979317,1.9460277351236115,1.940055960394044,1.940345431765087,1.940318286921949,196666.7355486838
2026-03-05,1.871216611185271,1.8780475802224412,1.869222064689301,1.8717109712616595,1.8710607142415452,290058.8582439965
2026-03-06,1.8571348235283016,1.8616744404445171,1.8430279951783548,1.8583110356297017,1.859097600709308,316775.40444533434
2026-03-09,1.8430356723923045,1.8549237162652428,1.8356296013335656,1.844364749487932,1.8437186603837907,223627.19292893045
2026-03-10,1.983481768994928,1.985380109999242,1.9719448034685945,1.9825206174724184,1.983206042944332,214326.42842112025
2026-03-11,1.9465145726756048,1.9524970321483013,1.936831319901535,1.9483411652574776,1.9484291927853803,121122.26253662223
2026-03-12,2.025760944755252,2.037892163048696,2.012230887728517,2.0268448369311383,2.026682224858245,419585.68718669086
2026-03-13,1.9794924636382407,2.0023191835011027,1.9808904972539176,1.981140840835058,1.981322568076859,178073.41607917062
2026-03-16,1.908670705643608,1.9109925935882772,1.8996763597548776,1.9056906906524151,1.90620068198682,260992.96667575213
2026-03-17,1.8426244301272448,1.8553284636613696,1.8309159559191293,1.8463049984490807,1.8461016371314296,60020.8657653374
2026-03-18,1.805378562339924,1.805214302895046,1.7966984793204326,1.8042623727266665,1.804103209228248,409676.3533015289
2026-03-19,1.6943742410252254,1.6928562013431574,1.68931182849473,1.6907759578893446,1.6904919171261554,511243.6858729465
2026-03-20,1.662840188658185,1.6685870830530398,1.662530178644114,1.666274294893853,1.6667711951786772,414510.2721536844
2026-03-23,1.7787650489118043,1.7825696221187834,1.7693999679998278,1.7778375282792485,1.7770783400178067,423579.8849881894
2026-03-24,1.8418951497880045,1.862283084556396,1.831288196492992,1.8435331039856964,1.8430431308983943,230210.4375806437
2026-03-25,1.8407382829785015,1.8413728902105084,1.828413745959268,1.8391987929140188,1.840195621370451,815915.5873699528
2026-03-26,1.8722309670663488,1.8852435848569005,1.868548113185371,1.874575604346332,1.875410381755855,233804.0063032208
2026-03-27,1.8431381188207725,1.844536940908558,1.8240393111906996,1.8413077322069928,1.841349675280592,652433.9650835568
2026-03-30,1.8469642590434867,1.850700893043966,1.846559736081829,1.8480231450522129,1.847736025203089,199900.0759796952
2026-03-31,1.8789757166176693,1.8996133112829556,1.862403619869888,1.8813198929736408,1.8813728118122264,808526.7128134939
2026-04-01,1.760264109108889,1.781463853542277,1.7532939026929095,1.7603916401529505,1.760394604459233,278748.3867179204
2026-04-02,1.8003015391797683,1.8236376456516392,1.800723530909852,1.801630166030295,1.8015083151342663,156392.67089998396
2026-04-03,1.8379683752676412,1.852587610655566,1.8363621232695533,1.8423531528511683,1.8421128414815613,74862.8242605376
2026-04-06,1.7806876642440983,1.7894714874369215,1.771918902062417,1.7830297133206277,1.7832981856628494,200182.7794987269
2026-04-07,1.740247741901866,1.742360156785057,1.7360270027717104,1.7378285949866588,1.7377920110719396,477377.43131289294
2026-04-08,1.8219955291018617,1.8302417984798347,1.814160487596932,1.8224256813126607,1.8221007933715296,167260.4847319677
2026-04-09,1.928263731549309,1.9336296434439555,1.920769250433289,1.9270569820722696,1.9273820813658544,105556.25701366038
2026-04-10,1.8881378901311283,1.9124349031517016,1.877180972501482,1.88994917411432,1.8908521366186304,239905.26727523527
2026-04-13,1.9497671696174688,1.960234284958392,1.9483151723489271,1.948680321254432,1.9482968511402696,732030.390987345
2026-04-14,2.097306250042009,2.100255079317892,2.092060626039692,2.097015914787402,2.0961962247210906,726767.2950427814
2026-04-15,2.1203275566382334,2.1263822181714134,2.115976827437159,2.1174836670850685,2.1177637406129985,37625.58835766871
2026-04-16,1.9900524718058703,1.993854417121992,1.9858500135540036,1.9898756270738265,1.9906267644728943,381600.05005602463
2026-04-17,1.9435183196091947,1.9550034475066091,1.932064424045188,1.943953252872068,1.943995494543792,357480.9046521097
2026-04-20,1.80782363273146,1.8158332288884027,1.8050114481880664,1.808316068220635,1.808991260547036,113069.56016644492
2026-04-21,1.9223182541073656,1.9244506260153735,1.9091464271198848,1.9226783922454067,1.9218491697116236,262977.0696315584
2026-04-22,2.126324887941525,2.1330302979632334,2.1129961060540268,2.125315141243453,2.125013263021033,798557.1208556592
2026-04-23,2.1673703806233084,2.1695271473341844,2.1640324734967487,2.166353969922981,2.1661811550069663,334500.0112319024
2026-04-24,2.071479026033864,2.075244243093437,2.0534779009531188,2.073952475053221,2.074068698521596,578883.9039067536
2026-04-27,2.1698499717484148,2.183136532292625,2.158147873904116,2.166805740145117,2.1664413043818067,122205.65394661628
2026-04-28,2.071807441333433,2.079485005781824,2.072207474741408,2.0741082956280854,2.07359811517063,458980.3797119976
2026-04-29,2.2763252942717256,2.2809988472970844,2.255928815947536,2.276823509754214,2.2769141734499905,254883.13928433676
2026-04-30,2.186712575317316,2.1963600779575496,2.164900976497324,2.186967817503274,2.1869009439848086,218105.07400798888
2026-05-01,2.204223052522037,2.220225203635057,2.1911182147788306,2.204606195227447,2.20447132754256,163838.00453023837
2026-05-04,2.304032612238143,2.3255154438872534,2.2967210773823394,2.303814200823787,2.303519093023188,187230.56853826548
2026-05-05,2.3200258643976763,2.331228917698079,2.321173036219652,2.322166233388703,2.321726773027436,272679.0464425329
2026-05-06,2.127308325031629,2.141037860674255,2.1165179101901708,2.127075492463088,2.126997303488575,192368.2554074433
2026-05-07,2.175505296776132,2.1791909803063496,2.1715416364919973,2.1762460325247908,2.1765309255826573,455662.7221108721
2026-05-08,2.0935861574130263,2.100058854623336,2.086332232795627,2.090534271015513,2.090462778316937,75768.10739880204
2026-05-11,2.1141119451892783,2.118622369620761,2.1125906282616915,2.114644920169628,2.1146511000236967,475406.0896425087
2026-05-12,1.9927394643416605,2.0014889633116004,1.9883817274647857,1.98965342084618,1.9900028275705175,95345.68789258432
2026-05-13,2.011791565738001,2.02485421156279,2.009318096122925,2.011152482151754,2.0115462321793065,159073.6042743957
2026-05-14,2.0734244769951915,2.078654576275304,2.069375898202167,2.0741433357114403,2.0742803733123965,460463.1727892614
2026-05-15,2.1868347621219835,2.185948100990804,2.176352196020747,2.183554918946092,2.184468425511146,470566.4328184775
2026-05-18,2.2795739397060784,2.2875029234129847,2.257039246518986,2.275558648724368,2.2759818671644534,343324.56977229746
2026-05-19,2.448683184762754,2.460324469283856,2.4429223516975536,2.449721925691157,2.45010797346018,478652.4484081086
2026-05-20,2.527611399351505,2.531883102912611,2.519499724086739,2.5270698842389248,2.5276284013499204,318912.453239915
2026-05-21,2.4948102139147377,2.5151603238934634,2.466036938989639,2.492945525366857,2.4927214022953645,240264.84444912945
2026-05-22,2.5096457178310576,2.514457860887473,2.508051855158167,2.509318299916833,2.5094135268008526,215380.14276767336
2026-05-25,2.6015030482457044,2.623896937082314,2.592965761387575,2.6024011303155667,2.6026122879970672,250614.84120649248
2026-05-26,2.4052704079011744,2.4064973775717915,2.4035220884049293,2.4062791948755318,2.40639545167065,279436.8454202614
2026-05-27,2.1850427771257834,2.182529026503912,2.168224773632092,2.181738579786031,2.181482633655846,228582.01541670048
2026-05-28,2.2179410807703976,2.229095837779065,2.2028646119426507,2.2148217834369963,2.215511099708134,162453.34454584404
2026-05-29,2.458750261491292,2.468082223331229,2.4565782120391164,2.4598135937213423,2.459836789696375,106005.38758626457
