date,open,high,low,close,adjusted_close,volume
2020-01-02,26.95980014709511,27.200098304493316,26.9253303324489,26.96268728649515,26.96386266618766,464817.8198572951
2020-01-03,27.458217536722213,27.670918529347865,27.23304717350129,27.467638042481777,27.46311431113492,381102.7094995564
2020-01-06,27.75688400936449,27.763323872078686,27.735768726815408,27.73892259322065,27.72951766492945,97901.73312700268
2020-01-07,29.08743683454554,29.119919191868394,28.855214133473,29.10268353942771,29.10855025153283,206289.98935791757
2020-01-08,29.45091454621092,29.460320455061016,29.35464071901063,29.40775449441974,29.398422169916245,246494.47872155427
2020-01-09,29.737437770280383,30.006787096614968,29.576262362522712,29.80734044295357,29.80953442143192,235153.02070557303
2020-01-10,31.2183430434962,31.31757606984666,31.15439143738557,31.20783813967984,31.206376169125384,89601.45943347336
2020-01-13,32.655241364767065,32.75991452470621,32.53064270563075,32.629275045010814,32.63604484077059,363482.2972987484
2020-01-14,31.76340487627389,31.791025993884823,31.485035941528626,31.713219879080132,31.715363501218384,476508.8617218743
2020-01-15,30.8277454290595,31.11196035819967,30.637406924022525,30.88866099296028,30.885805988026505,47458.84180286097
2020-01-16,30.64692465352281,30.901583398606675,30.441161409326387,30.666777085149885,30.67179315717388,410614.8543428175
2020-01-17,30.18807561355403,30.26490918561001,30.191367940945163,30.226824739409015,30.231828378747256,153274.4798749687
2020-01-20,29.3952489901942,29.7452769652396,29.10808918688945,29.43917091298469,29.42994253942724,178625.39525766045
2020-01-21,29.49419235563428,29.59243023901299,29.344834533482494,29.476995474406777,29.48455817215905,200633.69919903623
2020-01-22,28.879228473922996,29.002466540614883,28.84350411494809,28.89245748586918,28.89102683209846,64332.91768423106
2020-01-23,29.497021381378143,29.73540623651707,29.340088075368268,29.517384288643186,29.52986242943544,114125.37568193706
2020-01-24,28.889585407134263,29.047172710062178,28.87407140201596,28.93315638363157,28.927932945376124,178569.70246011697
2020-01-27,28.79050624893559,28.856824169970157,28.60689999179099,28.81023327655262,28.813225954098403,795350.7784642057
2020-01-28,29.610807061402816,29.83051120294555,29.49353838244452,29.599078561409325,29.60198385680953,257883.5646626285
2020-01-29,29.70062088041013,30.15481634743972,29.638839799155654,29.692827201017973,29.68235839029857,54975.37005471104
2020-01-30,30.17740183669436,30.17601884274121,30.068269900108,30.150754478340648,30.14963430112257,271051.5558240758
2020-01-31,30.714648305120576,30.770141310094395,30.61078997201115,30.6724322577484,30.66543852085057,1153775.535823126
2020-02-03,30.698226079637543,30.937047561396117,30.668544388334958,30.748928872345857,30.7611209594057,249777.1704520588
2020-02-04,30.956392925980484,31.09626922699465,30.89114110737373,30.948692310708484,30.966863452900235,410663.3426206654
2020-02-05,31.835767151198432,31.840192564215517,31.784243704690617,31.81176472132181,31.79687212911098,66376.83748316712
2020-02-06,31.45412403111352,31.44635717238031,31.071944441421746,31.445122474382945,31.43923368293069,302835.00001679105
2020-02-07,31.72390511338455,31.757344823806992,31.697312231911663,31.73624979253453,31.740098906461785,1255743.3606564838
2020-02-10,30.890425784802662,31.134362435532815,30.844487913578632,30.983147733436144,30.9842126272501,185272.588647811
2020-02-11,30.43664908054744,30.69017169741177,30.194043826930848,30.428703177639687,30.422372182839915,842386.4655888607
2020-02-12,29.22887813970404,29.443308195854488,29.16149519121732,29.245143939262668,29.246732040970222,137492.48793745544
2020-02-13,29.592441702201377,29.585753791638687,29.38995981010712,29.57121639918141,29.56976782907464,275121.9234803572
2020-02-14,29.16195030895878,29.24966262806232,29.03288170783693,29.173593177594064,29.169117488010123,125025.61673053996
2020-02-17,30.016155903692628,30.09014119282863,30.012327615753076,30.017918332768676,30.02626163377208,80620.93045992895
2020-02-18,30.04747889787736,30.097579165431647,29.93574489137769,30.06357757568765,30.05981615514552,513501.118402478
2020-02-19,30.352434857571904,30.42335793755227,30.324878122267865,30.3475572735534,30.34721986765821,146160.66218056873
2020-02-20,30.835480770655277,31.006730071264275,30.71534110029133,30.867473884555736,30.861061999045575,165492.20452010137
2020-02-21,30.567345752607324,30.648554016344608,30.488734356901453,30.599259225947552,30.600223876157017,848337.1834085942
2020-02-24,30.574885755694385,30.60150334852993,30.47215342666988,30.566667757784806,30.55654096641612,446619.7410007385
2020-02-25,29.65842322736999,29.73839193134096,29.305376527440863,29.68886059928675,29.67554616418741,80315.43189042204
2020-02-26,28.452252273739344,28.53740377928316,28.21717287520947,28.469246941950747,28.465799712986325,280585.0077683484
2020-02-27,29.225186915798407,29.33736799383749,29.22396018437493,29.23777802231585,29.24396189249377,337476.10569237283
2020-02-28,29.11783145595918,29.31075250995505,29.08433554919368,29.10009431727271,29.088164344366955,277197.1670912112
2020-03-02,29.06943946208092,29.168423240023404,28.971185099240195,29.089943819132426,29.08290743247083,1107978.2008453952
2020-03-03,29.52265648645017,29.692997207024547,29.402191292090667,29.52078297004309,29.52328313739174,148633.46931149892
2020-03-04,31.18060925219838,31.1462013511648,31.106968269069267,31.119081090060284,31.11536971527521,917281.2574081994
2020-03-05,31.931012668105755,32.091416598088124,31.806216338617205,31.97535262584471,31.968988596779244,191164.98176028012
2020-03-06,32.83893615617073,32.97858368808162,32.81895549809186,32.85283722539546,32.85402855270004,450581.42458900943
2020-03-09,31.962705114615883,32.26294276096615,31.86669420564808,31.95148700110867,31.947198212506077,173272.43947234738
2020-03-10,31.35157658572055,31.46145668322273,31.27213085828968,31.39466267737273,31.40651096144753,402522.3970329727
2020-03-11,31.03335213714353,31.320240502797944,30.98665143073792,31.128272342117697,31.125709685869804,137946.04025278272
2020-03-12,31.973969795787983,32.09770398989597,31.83233220019481,31.998177525437555,31.99059272684783,165729.88837023827
2020-03-13,31.89339328171227,32.06423906772727,31.83030214726269,31.87912354146484,31.86964989626884,550564.9821382
2020-03-16,33.00374201728786,33.08874757317717,32.86834564084893,33.04829480029491,33.05783724686757,453328.640565894
2020-03-17,33.33966149235027,33.69319473462956,33.31691898200731,33.36761032549236,33.35280875778205,848717.2495658068
2020-03-18,34.130491799561206,34.23086837644895,33.872892655420614,34.129381746495234,34.10413648928969,339745.9785999321
2020-03-19,34.903465800226705,35.069565094861936,34.839499715500914,34.84336092804447,34.849007274138046,286711.9234842038
2020-03-20,34.71724087916114,34.78910833334943,34.62944695962098,34.70675947334967,34.71032223169193,469557.8573627778
2020-03-23,34.39542072582543,34.601909564685535,34.20869600928951,34.40920932904727,34.41364989949337,475397.2606187156
2020-03-24,34.57372697357119,34.76303623904906,34.30769672670206,34.55947613583121,34.56013356881088,154767.40240032892
2020-03-25,34.572152611971454,34.75790442531376,34.25095984100866,34.542802261800105,34.54311500249421,159888.94160896886
2020-03-26,33.391950405046266,33.45541345553445,33.33254673367081,33.372007902798764,33.37630429358198,995748.1482033927
2020-03-27,33.21226664074173,33.319397639324286,33.09613896150226,33.242058913995216,33.23508170188293,211754.95422610609
2020-03-30,33.86641886395426,34.1298852929505,33.82618859559966,33.8888142475879,33.873916231248344,225111.84054731592
2020-03-31,34.1083037199562,34.210363746175084,33.93313726992068,34.12211434682552,34.10438333916348,643369.6590899061
2020-04-01,34.4783682433127,34.82087796360299,34.35312159000647,34.48098938495342,34.49670309626774,772786.3070737661
2020-04-02,33.67426797636984,33.875667257725375,33.43208705714311,33.70816650151832,33.71669318645154,370771.3930845429
2020-04-03,33.11417753750365,33.35897006405618,33.0677118462436,33.08461768332055,33.06107878445421,91279.49466949812
2020-04-06,33.54249219729451,33.6675551577835,33.49981958177293,33.522215509484106,33.51406421606405,124734.37520798433
2020-04-07,32.957335542879804,33.05100022357997,32.47710395275461,32.899896006474094,32.89549869215795,598156.3723926042
2020-04-08,33.95827044238256,34.02463241619116,33.98529526068692,34.00473564595528,34.005408121030186,216597.8465601813
2020-04-09,35.244036854547545,35.33570910986989,35.00354315760515,35.22397738091058,35.24091050620803,139442.03298175952
2020-04-10,35.39444483327712,35.532929567565915,35.09155835166376,35.364545387498936,35.360261598238985,202072.77111900703
2020-04-13,34.527567685811846,34.536647794375625,34.33891925547766,34.4860725226951,34.49406412786685,172653.21799963224
2020-04-14,34.00210140784446,34.06281020106539,33.89460515041173,34.00818474869487,34.01134660791635,418680.8147218018
2020-04-15,34.3711259875345,34.46564914172973,34.11716974593082,34.41954179313597,34.431645010050765,406062.97432785423
2020-04-16,35.17607671939715,35.41418889003897,34.855409428803654,35.1938559157101,35.19996017047194,409496.4617275855
2020-04-17,36.13607930787324,36.12400689333032,35.91072828220737,36.06797021088238,36.08715140280568,354653.63104979275
2020-04-20,38.01896970326277,38.23563320898751,37.88809537866351,37.98887431534989,37.98011130614135,271600.6525646899
2020-04-21,38.34275668306368,38.515371103311416,38.25848913368012,38.382638199235,38.38579255934204,437918.7426369231
2020-04-22,38.31020693423356,38.37787869202322,38.19121685657275,38.31088050829591,38.32067586678736,837825.0194065691
2020-04-23,38.38197739937412,38.48301482119632,38.24435996552826,38.41167465322457,38.41860311933981,375404.2919791666
2020-04-24,37.46887870494475,37.82016381920963,37.31046195167812,37.49433470136452,37.49971783357223,149657.2392734835
2020-04-27,37.53774530280029,37.537670546848425,37.49218657552638,37.517640004246175,37.51463892006255,279486.0897845022
2020-04-28,36.97072751546232,37.00689128741092,36.64644850204818,36.98672502804137,36.98275224234168,229295.4209885109
2020-04-29,36.98570000596396,37.19531983100714,36.73073297075748,37.03362954460495,37.03831601005445,1231354.8689409886
2020-04-30,36.011416971030016,36.3309595480955,35.89612414428185,36.01061021985349,36.00616961836041,242892.04190588385
2020-05-01,35.77788183633372,35.78048029281012,35.72760777715507,35.73993744901692,35.74657801246328,289733.30951818265
2020-05-04,35.59000232870096,35.83316881463544,35.32984372906087,35.54790151631803,35.53767052158457,315745.5461172797
2020-05-05,35.579359042407475,35.666095894485444,35.4748638826969,35.60928038130914,35.611271964094975,63617.03629607278
2020-05-06,36.289284540476366,36.48962021760505,36.29446963937293,36.32595657922156,36.336831247897614,238696.9300101721
2020-05-07,35.60608705107461,35.866326080143786,35.58065606318932,35.63801647808388,35.63852234637127,376554.2687628125
2020-05-08,34.349578835866915,34.44680748578907,34.21798520520855,34.36278114104282,34.35530636284851,271846.217746696
2020-05-11,33.89212854688688,33.92489706888241,33.50201586392608,33.848940345073856,33.83593932990802,328484.840220738
2020-05-12,34.70762448633413,34.84945206497952,34.31907086235798,34.71690146488701,34.7103452441902,168454.0823256609
2020-05-13,33.816428709882686,33.91653146319651,33.17954594797548,33.77680007699618,33.77261330936523,238208.09927831424
2020-05-14,33.40663596924721,33.507149530404405,33.30090865359686,33.44132508642248,33.44404224954983,339556.742887524
2020-05-15,32.77886833571767,32.93174113588155,32.501124878955345,32.7973182521846,32.80675136460579,553820.6948565945
2020-05-18,33.19622227063616,33.19819876764356,33.0796692891901,33.171605517116966,33.1723446615396,350663.7168638099
2020-05-19,33.58719233843948,33.77018504650436,33.56442420586043,33.60120489226343,33.60958556317148,623447.9835407162
2020-05-20,33.235546393481634,33.254525597733696,33.19116280878024,33.23648007400432,33.24081135909405,255802.87447784693
2020-05-21,32.11420955975638,32.18995477096975,31.814491629721044,32.114007592206704,32.10377570052746,143664.7570312047
2020-05-22,32.967894209504415,33.33229276811381,32.92250940653489,33.01267111118359,33.01332635042201,116016.7511800078
2020-05-25,33.65081159183413,33.7188687252563,33.49286879809515,33.64200140391941,33.647945090907,302754.6113498017
2020-05-26,34.261840147388384,34.323484255048264,34.20336939260632,34.2596604581007,34.24850972676832,215471.5630539202
2020-05-27,34.695227855799295,34.872282032568414,34.66943489444085,34.686318377468524,34.68307227370279,941040.5014217572
2020-05-28,34.8839454056509,35.07987714316893,34.81466232364664,34.92618754223992,34.91463732736507,543148.9780895293
2020-05-29,34.63769812843427,34.9609019212334,34.7046597988,34.733525738503225,34.7449644781528,237864.26626526017
2020-06-01,34.66280663606763,34.840844879495364,34.63130393681102,34.65982993893695,34.67981904521901,0.0
2020-06-02,35.31254392879313,35.648386187305505,35.29624910190434,35.32885874540658,35.329649655083415,469840.17338096414
2020-06-03,34.305401999206026,34.48099462658275,34.177903771577554,34.32276633469772,34.33214814958683,517766.5687273568
2020-06-04,33.510503168184464,33.710669500705734,33.494516208496435,33.54736914427309,33.554658726685304,139108.2230447251
2020-06-05,33.70524397678793,33.794299439301405,33.533351944335,33.71750961015503,33.72101421819158,184486.77771786496
2020-06-08,31.975952930390584,32.1282941592979,31.80603021393714,32.015658317912745,32.00408135017636,271634.8577769601
2020-06-09,32.11741449831637,32.10131224608053,31.954339287971276,32.0972133158224,32.09988663495878,124108.42663310871
2020-06-10,32.65509639027674,32.70574131756324,32.59358641961166,32.67681115032064,32.67580104914099,547599.217238845
2020-06-11,32.228351652603095,32.42293341672627,32.23135013616976,32.26313213438045,32.261040354789884,1713201.336248402
2020-06-12,32.72798075196324,33.051089489939365,32.694639537575455,32.70177824282341,32.69712798197195,517637.78094839066
2020-06-15,31.90043797993871,31.94513918849474,31.83750289065967,31.85997480016442,31.860046743523583,458883.76279809134
2020-06-16,31.74056291562072,32.100992714403546,31.682245429380032,31.769993117822803,31.772750478098484,86589.72016137968
2020-06-17,31.284570077663407,31.40489477275357,31.272088266981125,31.31840570162225,31.31444279803743,206692.576662883
2020-06-18,30.988371981994995,31.067261478563783,30.86400115763338,30.93306413845597,30.937368741660325,143855.46246488584
2020-06-19,30.0948558158351,30.141592660310028,29.973190602864342,30.12007407820566,30.1369262316469,329113.7346954067
2020-06-22,30.02924382405114,30.28191987168966,29.93664495635262,30.03779659445881,30.039589648773177,360666.79916751577
2020-06-23,31.519387671592806,31.534697542093628,31.388190247744006,31.526902572422284,31.53067886731495,248449.24800331303
2020-06-24,31.427672018047176,31.55801828545106,31.449399337896107,31.492351355913637,31.49832006858215,187199.3640715317
2020-06-25,30.94384463896632,30.967816628456053,30.89317472044943,30.96741803362565,30.97287724564766,194546.32868480455
2020-06-26,31.809878054064107,31.87674060920932,31.704797133052523,31.781070163596237,31.78518364739223,240579.38323825752
2020-06-29,32.01428173767149,32.289451498661066,31.996145165519223,32.03590305713597,32.020449946287734,535092.4518433387
2020-06-30,32.61066069500323,32.61593035439476,32.43064879790736,32.61108912248141,32.61633587816479,174727.13497123783
2020-07-01,30.78538961433202,30.81140427848413,30.50856166631317,30.779249732533444,30.78873931575464,189057.83551543445
2020-07-02,30.202393866179158,30.43125108131726,30.181754718916796,30.191220018235903,30.19001079828477,247135.00969008316
2020-07-03,30.33990839708972,30.39977497944891,30.185254511109004,30.349922100449195,30.351156516640184,238902.74155361543
2020-07-06,30.48319164540808,30.689674135841244,30.403840504302103,30.448051757436417,30.45995757367043,154119.36390153845
2020-07-07,30.00860018730541,30.02688277747887,29.830445287039076,30.023017951884285,30.030379664845785,764970.8156086915
2020-07-08,29.47776801896656,29.730157214578465,29.42630952718181,29.486590591605896,29.479207476100747,605269.6834521734
2020-07-09,30.267338891072832,30.369640627457564,30.231414276309845,30.235972103845786,30.236212597350544,612591.8666523702
2020-07-10,30.32944281992487,30.505127828215063,30.226434444278883,30.340925438363357,30.350326968429652,134981.25485813717
2020-07-13,29.81248866226389,29.841812110916084,29.641148871035345,29.80342795225126,29.79560986306653,366885.71273539215
2020-07-14,29.73022863436867,29.819044142555008,29.441410758103533,29.72111162656321,29.722905560961344,212157.1908197084
2020-07-15,30.778535222995984,30.963328789771506,30.732657085042305,30.794380817247603,30.79939582203499,74040.44189757845
2020-07-16,31.24297660559277,31.474609059334867,31.117226875142645,31.281903092980397,31.286373874928973,347387.40439255576
2020-07-17,31.949764311023063,32.16183467229249,31.90394784939001,31.913323417174063,31.92199706096309,198737.5532094208
2020-07-20,31.55395711872153,31.641906344419468,31.54105865337238,31.571880776449543,31.563211194777782,234521.3230562201
2020-07-21,30.909793004514427,31.16965690317258,30.80411498958591,30.921329768815543,30.9216408886848,250942.56256287164
2020-07-22,30.045255625726494,30.133228198166567,29.98066653277164,30.069508876925784,30.075694529099263,324914.5003607533
2020-07-23,31.34593416934902,31.44097623104093,31.33149941014346,31.358250470924048,31.354182591969284,668905.4153413811
2020-07-24,31.5909994617675,31.588774729393208,31.44177059580996,31.5873167325017,31.59549808161534,129718.00001093977
2020-07-27,31.454787482943683,31.466596661779832,31.26970290612657,31.444071687165483,31.447445572844984,105875.08600632045
2020-07-28,30.782854885507497,30.877288193844155,30.395423214308384,30.795010648435795,30.793688229191915,369052.0914242014
2020-07-29,31.179829895950174,31.37890939083692,30.989838858896995,31.204272207232844,31.2076227045637,92234.86054845428
2020-07-30,32.461080736894914,32.63121071840986,32.24138894506263,32.46979389424299,32.47446752702016,233686.9537523412
2020-07-31,32.76673774034309,32.84617151752742,32.70187334366583,32.80220047010152,32.80982514065713,131356.19089793062
2020-08-03,32.466342183333026,32.688242019186795,32.43652721876547,32.45964242201169,32.45273677290947,127104.83668683303
2020-08-04,32.63568052619522,32.83402491986784,32.61305737150016,32.67353204440016,32.65927183649232,345439.95683716855
2020-08-05,33.70832460089513,33.673185357225485,33.47187465228412,33.66910004305932,33.67475653623401,337915.82689974696
2020-08-06,34.03011369389456,34.1870709520888,34.04418325804954,34.071801697377765,34.06032946343456,389346.8749670428
2020-08-07,33.73597334331809,33.77802692355396,33.69903885699494,33.7189916523302,33.72440015328073,231092.94517922352
2020-08-10,34.78657059314302,34.88564049760526,34.641538630325044,34.7985651277106,34.79152452689279,543287.5195720271
2020-08-11,34.9251084912224,35.07730210828329,34.80863860530565,34.93304626745561,34.934023132047905,231883.67235946507
2020-08-12,33.94911233664527,34.276669294242446,33.84328341249951,33.93217327212649,33.91964392909588,951298.0443772804
2020-08-13,33.534171437190416,33.626743494221934,33.376101139795296,33.50717673532156,33.50677385302787,293079.2115875949
2020-08-14,33.569167471257174,33.74957489688341,33.459954286028164,33.50304175856415,33.50103743615946,104583.95791427894
2020-08-17,33.29783548564719,33.28370244722543,33.23066668983083,33.237750639159074,33.22745348576431,1053573.3009743455
2020-08-18,33.296325766126,33.430599238491965,33.1465472601131,33.29431963898183,33.28919235924741,462024.1881732701
2020-08-19,33.40065335989552,33.4657407488225,33.16016982435509,33.41595095825992,33.41606655625995,741679.7006451786
2020-08-20,32.9054747139933,32.91030341397718,32.60500981366837,32.89655643072699,32.90975200716166,87866.09054341636
2020-08-21,32.17767212341278,32.14344066864329,31.733573469548933,32.12131634404683,32.120754981657555,167780.80909576738
2020-08-24,32.77179786902863,32.78634884978986,32.71860774919453,32.78047505763942,32.781591394104005,310235.6213840519
2020-08-25,32.56375277057068,32.629064317115045,32.261736200181524,32.55695793493595,32.54793940076296,81117.01543092707
2020-08-26,32.33008447954545,32.416961168661246,32.17072567221722,32.36827362921822,32.3639516016819,434427.1491181709
2020-08-27,31.9450462102219,32.13458079613107,31.856657626506102,31.933886572451637,31.922677845238574,236150.74611185872
2020-08-28,32.253892444103414,32.66875590564506,32.10222314189305,32.27131533197692,32.27131533197692,324892.9125512605
2020-08-31,31.85713853008682,32.02950165683517,31.812188139279616,31.865095905994448,31.85169398508074,138151.41843839097
2020-09-01,31.734559139491054,32.00282951661416,31.69942344451773,31.73452807969252,31.7247827624248,105356.9767134423
2020-09-02,30.94898528778649,31.05072319877003,30.91653741570573,30.99231120466991,30.977855233042263,86573.79620634664
2020-09-03,30.341203696311805,30.443149586294293,30.23313492693044,30.324818880928845,30.32267538268477,282997.6834916579
2020-09-04,31.353793806788765,31.59508693298994,31.217418244871563,31.38370113519199,31.38953715613471,286491.89651501435
2020-09-07,31.69604470750638,31.721589091271493,31.544929833217044,31.621570068776716,31.60994611308284,230350.0957436846
2020-09-08,32.76802838603394,32.8266095828946,32.68594577218913,32.77898480929755,32.78068859797919,108036.13070284916
2020-09-09,32.963451113262416,33.04339393435431,32.86116119091298,33.03670356364682,33.03073637022145,262461.5274259636
2020-09-10,33.04413375886229,33.22271729400348,32.890104903910746,33.043950947970814,33.05037618943309,328493.3874209942
2020-09-11,32.26554897974074,32.29013996030117,32.087192178809595,32.25961557260074,32.2640028616348,451448.6191864309
2020-09-14,32.58074942137189,32.66510231836193,32.23399091829201,32.55315280042089,32.56129093479616,367923.7573997169
2020-09-15,32.316039590042884,32.43788475432176,32.21744053262198,32.32855444442027,32.312659488730745,96339.76607017971
2020-09-16,33.09706472266465,33.12342243377119,33.049207466913884,33.088057868771365,33.0941183179691,431535.7630484988
2020-09-17,32.84778068757219,32.887347572144506,32.68159255297695,32.83759338563811,32.8349130247182,316943.6370980437
2020-09-18,32.06941393488437,32.20849253729232,31.987533586868064,32.047238997401315,32.053775236799545,58694.98346180445
2020-09-21,31.34062433325025,31.299091863664486,31.28743380186926,31.28880571743252,31.289349111622965,491541.11072666815
2020-09-22,30.415185744606266,30.68468140739673,30.347294759638825,30.462296548144227,30.455966815621757,168264.06148321283
2020-09-23,31.407723244006164,31.44551422960047,31.38295597202073,31.422468706922643,31.428294413935284,523303.019769946
2020-09-24,31.51653031941272,31.530382318283067,31.296170084476568,31.48049436844746,31.473883204481,230871.2281317729
2020-09-25,31.257153939197103,31.469599192203017,31.07203987701811,31.299105845585984,31.29398198411397,193262.30101473336
2020-09-28,32.085813603804475,32.30861120226587,32.0412786621766,32.07948361555672,32.07360552527335,242942.7326621216
2020-09-29,31.61554717814944,31.79090807895192,31.60869129407109,31.649728773866357,31.638072196283037,618040.4020822757
2020-09-30,31.862613416480748,32.0294269026493,31.74913669723417,31.959532221191715,31.94719524733611,921812.3889360873
2020-10-01,30.86144756180953,30.942507432861696,30.59153918398703,30.80056748671753,30.81206271022658,145549.4515563328
2020-10-02,30.53936905961917,30.536841812289502,30.409673434326415,30.52914418355076,30.51705986118852,128672.05844742071
2020-10-05,30.070367528403757,30.1169764944458,29.99542446141784,30.072756664884427,30.072179098484373,401080.1935206223
2020-10-06,29.37814015942958,29.4920212537841,29.20118933411267,29.37840627253751,29.370176804062403,715508.9564362124
2020-10-07,29.97061059871225,30.128951247817746,29.747060373485425,29.941574194709016,29.93897984699844,671136.0126190092
2020-10-08,29.746694714276625,29.811173912286925,29.519016512598032,29.69111152521588,29.698957953487746,179034.08291997862
2020-10-09,29.367871114828468,29.652998049563134,29.296196477608728,29.35637812700029,29.3691253709309,161549.705698774
2020-10-12,29.131416171060238,29.355897339982963,28.85721122657217,29.184492872062457,29.17763846288533,699149.8339441797
2020-10-13,29.538543959780878,29.653618520128067,29.419475257695503,29.58279116041348,29.57386173153005,264506.3789148953
2020-10-14,29.78251815813082,29.920930611442145,29.7611559294776,29.765575212876406,29.77186280814253,253193.85545792492
2020-10-15,29.34520367272933,29.53475237091502,29.118635956787323,29.300300262757304,29.29625699768936,261311.36548822012
2020-10-16,29.52155627122969,29.69038948824118,29.358312362128142,29.491127674943208,29.494558465002303,724781.8449427843
2020-10-19,30.55096567494597,30.634736729580712,30.33609644361294,30.59276137485271,30.574435808451742,273720.6536738196
2020-10-20,30.760121529336867,30.80686887537376,30.766551251939905,30.775072010917462,30.778812201034192,130242.8289988217
2020-10-21,31.6488094613074,31.77003812353296,31.644301997780527,31.68082545597296,31.673586897351655,307740.3278630596
2020-10-22,31.53833699996984,31.6063922367598,31.43154650669887,31.510999361883613,31.511710360570905,208993.0016098988
2020-10-23,30.03075008590724,30.153344630333816,30.068967343527277,30.069085696267948,30.069017415384533,123455.35743443652
2020-10-26,29.696518140096384,29.873488955250725,29.551858330915252,29.707395741161125,29.71564034131745,0.0
2020-10-27,29.9747592153071,30.03620105133529,29.66598655464394,29.989733099028538,29.99132808604429,537404.9713125323
2020-10-28,29.803628374710406,29.832533150656968,29.763295088423888,29.827029610409937,29.835319435488525,455276.8072016281
2020-10-29,29.13202399241883,29.410413174895307,28.985144444976424,29.158757842839016,29.158757842839016,416546.6853128053
2020-10-30,29.40263403612487,29.47423329122253,29.23190322024059,29.380207183015003,29.37894326760494,214645.20307379236
2020-11-02,27.881355637854465,27.93242172010376,27.87313303651115,27.88485892385836,27.88518737761524,116363.19227680926
2020-11-03,28.39948532077954,28.430037849356214,28.32426115445091,28.379681089120567,28.371987151270357,308725.54515393154
2020-11-04,26.9018812075025,27.061453478747904,26.82726919742932,26.92600670883836,26.93440131573969,364011.3043403654
2020-11-05,25.945234796566087,26.016747273629328,25.76927287693096,25.94639916541614,25.947061921070123,97663.87392728544
2020-11-06,25.994931256926343,26.103773064520908,25.69074787652513,25.98909786483044,25.989571529436283,344352.13876238343
2020-11-09,26.9348896214888,27.0067058593648,26.805960403176712,26.894533563390684,26.88724482455441,530696.3584457795
2020-11-10,25.753048418337155,25.91880992266072,25.673691581067636,25.726332084396045,25.71762525128743,92951.38061995328
2020-11-11,25.876073396784072,26.00915499308136,25.72500259858893,25.848574045272517,25.848473376359262,310703.2921901846
2020-11-12,26.269467206422487,26.369009214685757,26.2014384811315,26.26078758259765,26.251577322572736,180755.8572377989
2020-11-13,26.12242976172718,26.18972250000346,26.103896921753417,26.11684509169871,26.113617036631258,200194.2709725381
2020-11-16,26.980610937126286,27.052177189280474,26.791369729580968,26.98532479452526,26.977028869620224,334323.3476952817
2020-11-17,26.678426181934643,26.792027136335424,26.68097510234853,26.71498587392873,26.714622829113424,100773.2446618226
2020-11-18,27.00888137938984,27.042792947827824,26.82498024404378,27.01590793737852,27.01703679327292,304173.0640572434
2020-11-19,26.481225720107265,26.6634315508449,26.32177511181936,26.5130933969302,26.50601985247075,589759.5049727146
2020-11-20,26.57933257628168,26.685196264685658,26.46101789395681,26.592883982219693,26.5959342629074,382278.8198787438
2020-11-23,26.657853741080505,26.85023942557508,26.679199397646265,26.6846351307665,26.68571582473118,364495.16352299374
2020-11-24,27.40068271099329,27.58262274519518,27.093875816372183,27.36904959771796,27.373848451880686,64724.05634072692
2020-11-25,28.75629106083484,28.80090889986597,28.719076787700168,28.722548143315773,28.730151440091834,574474.6560253965
2020-11-26,28.04146942853788,28.093614624481557,27.963323596216004,28.081229149972167,28.083014904156016,427362.2780143924
2020-11-27,27.704159814279524,27.841610290419496,27.658285181432326,27.68142934951924,27.68047795838392,263831.9219125913
2020-11-30,28.07764140953876,28.26360544170748,27.733766642703323,28.084781995026766,28.08819590296049,213645.57494736637
2020-12-01,28.15162104274995,28.43853550089764,28.03823483046442,28.143597201050333,28.142625587249373,339740.6041352836
2020-12-02,27.607707607489274,27.65501584058524,27.40741845359665,27.635942388676263,27.631841070642896,183157.7895541808
2020-12-03,27.45276379174618,27.553328038980368,27.41733529746788,27.475796823533862,27.474047057137625,335982.5367066987
2020-12-04,28.064494766313494,28.128601196711887,27.905321923087413,28.074472467226823,28.0745601994553,449425.9382778986
2020-12-07,29.28028784986883,29.402320562958995,29.24174790669876,29.27526535308805,29.285621041711146,167524.9326937981
2020-12-08,29.182998410039865,29.19195349914077,29.094699115421147,29.17311706700844,29.16348304551125,208926.7616110703
2020-12-09,29.521000775619328,29.74741856360486,29.547847143729104,29.57651020265441,29.568894896659728,358848.6900167441
2020-12-10,29.83824221483788,30.15203351756978,29.80196894518364,29.87983510416189,29.877190317029832,195371.7046569508
2020-12-11,29.8395232205361,29.91002847730264,29.48883644639811,29.80376933843917,29.80096817210097,285668.5556842855
2020-12-14,29.362952933015087,29.486551824633093,29.25231144005152,29.387356568825773,29.40408073928049,270373.3347136678
2020-12-15,29.59134034626022,29.7532911217256,29.60737506653881,29.60979353148052,29.60151258900532,86918.65695393157
2020-12-16,30.093259232555024,30.172202290058145,30.008670250271727,30.122213057251315,30.119807306103564,333915.0346336031
2020-12-17,29.51088735862029,29.68361651297494,29.410833173693614,29.528999742589686,29.524304613508384,600978.9469472434
2020-12-18,29.3292646106574,29.44070957803699,29.07170248317509,29.330766963666367,29.322455896890062,104889.69831314286
2020-12-21,29.8298126089293,29.848833936378565,29.46707834445477,29.80077196050584,29.805707337970627,1167527.3502901518
2020-12-22,29.765357334074935,29.77152436285105,29.59798718015236,29.72119320331049,29.728963397726474,303728.99036382826
2020-12-23,29.379843944746103,29.451354874521247,29.286486402193727,29.370713825339717,29.37219587722202,136230.8028175672
2020-12-24,29.506047433585618,29.717038844052187,29.509858466002797,29.523894813481576,29.53630291414061,103303.99434712384
2020-12-25,28.47531893113845,28.61152809065475,28.38598306145035,28.47102206437124,28.47112103856748,690690.0458628166
2020-12-28,28.853265227868512,29.04634185413836,28.60294152163089,28.857482522461027,28.853620711231024,252763.70716682987
2020-12-29,29.2911650867626,29.488238904755686,29.256061300395437,29.304193736301546,29.294411536147376,466514.2818942556
2020-12-30,29.90554307030529,29.947683408784023,29.857395396176123,29.8785427504273,29.87157451270295,365849.28897428064
2020-12-31,29.281299374870585,29.40911916419103,29.171254809219626,29.270807877634716,29.269497898016848,172297.26917611904
2021-01-01,29.377881739401072,29.415496544670063,29.297987148988675,29.385683678017404,29.387322103782143,0.0
2021-01-04,30.127531763091948,30.36122620798031,30.030470128194874,30.15346800534088,30.161857185670684,162570.91643453282
2021-01-05,30.86141746907653,31.01925248849788,30.76592690770666,30.83143848347352,30.843599257304028,152146.67045009232
2021-01-06,31.100240633808674,31.230743858639528,31.00410200486425,31.051302518001787,31.05102889874922,813639.5655937914
2021-01-07,32.11683885284054,32.218929734466805,32.01645342749458,32.06686035218608,32.04829098810511,266596.21649616
2021-01-08,32.47422820503329,32.682049390042295,32.19198619971237,32.48815475803892,32.48310197143,278893.3120012621
2021-01-11,33.0052171817121,33.02582548407872,32.63511713074578,32.99165226134767,32.99446599756888,0.0
2021-01-12,33.45276961527392,33.6836661983475,33.38058972985254,33.4374838265826,33.4426524400796,115008.15545316656
2021-01-13,32.3766346690582,32.403537808451155,32.34734674395625,32.37607598607494,32.373269960267535,358421.02537677606
2021-01-14,31.926117163654457,32.04788619361756,31.89283164777154,32.000269839387514,31.98266833778661,274325.13952537015
2021-01-15,33.93848082567778,34.255151463127035,33.73771155307192,33.920455199565126,33.92706839373071,339026.37719978363
2021-01-18,34.77454422674712,34.993159007232485,34.75165768372239,34.76984820222693,34.766991776387165,548574.0867737958
2021-01-19,36.40160986305625,36.46645574240725,36.19836338786791,36.38204193439691,36.37794814659703,320240.5245707913
2021-01-20,37.773341829907466,38.00472316140116,37.73563567984475,37.77439701844989,37.77292728449127,289155.56007789954
2021-01-21,37.0372568651792,37.24672598354704,36.68651635216284,37.04670307480134,37.03681292913463,106399.1559532526
2021-01-22,36.1745587807993,36.165578890446106,36.00438274129329,36.10308346646902,36.09952628276052,241805.6638000793
2021-01-25,37.15281746364894,37.40197320650537,37.13601468216833,37.15866287917285,37.16965954168817,153164.01604968525
2021-01-26,36.78917700891351,36.93515431231575,36.389264653164936,36.84561851202108,36.85380011092987,341197.2667086045
2021-01-27,37.83535860963259,37.92739130532598,37.60787511844622,37.905996767968425,37.90417484557412,293286.1286000177
2021-01-28,39.09731158675979,39.414417799108016,39.10879199199072,39.13253803230843,39.1203059555224,200562.9313843884
2021-01-29,39.46582394254205,39.51921469720925,39.33643119478066,39.51373267268561,39.53039902099415,133729.64362201974
2021-02-01,39.23965513014856,39.30489418309799,39.143882788264015,39.257557870095376,39.26670559172111,670988.2465860568
2021-02-02,38.69230736234677,38.73642475264319,38.59268305775367,38.68245618145702,38.66991798779815,546356.9439928548
2021-02-03,38.064415366396645,38.1125138639233,38.03816445013172,38.10110941571085,38.09836052769655,294308.37169104896
2021-02-04,37.71526197389057,37.805538860753934,37.73149847342362,37.7727425608858,37.76535667505676,673338.5044027015
2021-02-05,37.45482427969108,37.64193972344632,37.15891642957873,37.48174892847232,37.487662479623616,339518.41397863417
2021-02-08,36.5569835100528,36.815039319511456,36.34901636141752,36.56767478871655,36.54935472896682,134353.1413345032
2021-02-09,36.97544128714868,37.00189946283585,36.92819518773252,36.98961553276214,37.00992623221959,670020.867267153
2021-02-10,37.42333668907924,37.56505928602496,37.1455154573959,37.440592658473776,37.43231111671879,469474.7023784034
2021-02-11,37.19166358017386,37.304043591504175,37.20341055611635,37.21780583817928,37.21863991940937,112687.4917628449
2021-02-12,36.5875979189086,36.61996909617135,36.55688427618848,36.57464898351041,36.58185456017552,176370.62495758975
2021-02-15,36.82090467470315,36.91258558142929,36.71552705281358,36.87877905811251,36.88622934739764,237117.0941995811
2021-02-16,35.910415350398594,35.96492443089693,35.79065632298567,35.9296234542247,35.91959413138366,1027932.8519867964
2021-02-17,36.3032000909207,36.35404942447835,36.252469731420064,36.26061848271737,36.25882401843143,192405.27861771465
2021-02-18,36.19176276793272,36.24483831529548,35.78182955498565,36.14473259980333,36.12916873149226,193165.3341218855
2021-02-19,36.09397224702139,36.29752672494941,35.84852019935093,36.13260483382682,36.12584040145024,342335.9386006145
2021-02-22,37.94187752540632,37.99312116315046,37.70574268768121,37.97914594637266,37.98257573776066,166434.25272562352
2021-02-23,37.862188079283214,38.16129802236589,37.5841800709485,37.85280523682969,37.852484964269465,181403.47534662412
2021-02-24,37.24342157035465,37.48731492390164,36.92168285192647,37.231893658519226,37.22107266588249,293964.72247951693
2021-02-25,35.39398722685639,35.49431954615165,35.10962594764684,35.388215205347265,35.38052011392995,220824.75253472984
2021-02-26,34.50425280648432,34.55227924909926,34.382712790409165,34.465721741600305,34.46979106454028,628427.8107522583
2021-03-01,35.62551448718397,35.84100797883573,35.57229780222001,35.596588691103285,35.578390426199235,244747.8829243953
2021-03-02,35.257218565609115,35.31786546394622,35.234939022721264,35.25030996864324,35.25430061433034,511063.9204255511
2021-03-03,35.014074070695465,34.963815374320305,34.5788906930675,34.9309387397819,34.9139918761744,262739.19467880286
2021-03-04,35.31693546050583,35.35451434025984,35.26385609318489,35.334668047432515,35.342378767581835,577808.6911174083
2021-03-05,36.90293712291254,37.00041618165064,36.75847519864066,36.88496050202156,36.88302877983317,598814.76441106
2021-03-08,37.01824395841024,37.01062373550401,36.8636876318897,36.97237390658487,36.97764572991234,594165.5310097251
2021-03-09,35.64785670581559,35.64167791143497,35.46202289648008,35.63900260666066,35.643302285276654,230411.06876525216
2021-03-10,35.31891925669886,35.46633495024397,35.31433882969016,35.3302777399879,35.33016637791899,184162.6727666224
2021-03-11,33.87380609692814,33.915888580532865,33.7762527191804,33.85148934264004,33.853556366701575,337144.23133952485
2021-03-12,34.34644191564028,34.50862311073916,34.3806361910202,34.39055490625272,34.38092437255946,225989.47751712237
2021-03-15,34.738414380152754,34.940590510733834,34.5987156752512,34.74412608311585,34.75846586214016,118722.90737800502
2021-03-16,33.47916704078042,33.558335673812664,33.28413754605587,33.49016800907057,33.49709801943253,1077935.8677194803
2021-03-17,34.558350030957044,34.73290835796661,34.506383055235155,34.59951629787006,34.60312467681026,257979.24338469395
2021-03-18,34.13278097227413,34.46941396139937,33.926423728407514,34.10530777934458,34.11266176288756,188238.8776419021
2021-03-19,34.84039281288401,35.07060088831508,34.80521349962607,34.871472484856014,34.87087509947638,145487.03098160808
2021-03-22,35.807344604132666,36.12790338254605,35.632391180767755,35.882315614500804,35.89279414895282,431346.109086175
2021-03-23,36.07928537760912,36.13192939993547,35.86572821313317,36.07939682593914,36.08702719662597,422574.3738615354
2021-03-24,35.87851998290723,35.93228120961228,35.823798855993346,35.93108075386932,35.92654451690089,185858.08037268903
2021-03-25,35.266468299298666,35.55622660763102,35.027302294314744,35.317807221847254,35.30915374580168,268634.0345784997
2021-03-26,34.88264294960805,34.97332233095899,34.731519336027304,34.89717982293087,34.89089755914347,331056.2721928719
2021-03-29,33.35877625661044,33.450879885981905,33.283664777242386,33.36926196762015,33.368700199260694,180691.29365442035
2021-03-30,33.15098601853017,33.22187301592647,33.183144636755,33.21817607324513,33.22326028493274,584914.0114298885
2021-03-31,31.81852484232054,31.990514384857786,31.600086835098583,31.828901864836244,31.821620343777408,487599.1512850938
2021-04-01,32.4339474908686,32.62988638530497,32.33608777051805,32.43944618172827,32.423629397210995,709683.8727669963
2021-04-02,32.93107322511391,32.958597808388305,32.60931507525371,32.9430801531861,32.93280866144502,205157.31512671307
2021-04-05,32.92596662464814,33.01763544910278,32.83341124484438,32.95978204916067,32.962024385214384,74704.86458864242
2021-04-06,32.94989464789375,33.024350958724206,32.92140936880662,32.925026444123375,32.9299238423145,221283.14085726385
2021-04-07,31.85651587260723,32.00086114306442,31.72271768510177,31.90857084037084,31.924538202370098,171152.9475339492
2021-04-08,31.239419298156022,31.410310845181115,31.232526139858688,31.25251096215497,31.243942599093867,207468.97303116808
2021-04-09,32.24518867894585,32.33961949788822,32.14329613418825,32.269162627916536,32.250589874237164,128455.44620089476
2021-04-12,33.089945059104586,33.32066174913549,33.02478391642454,33.10016796731413,33.1044299380801,328884.5405768994
2021-04-13,32.85408762993286,33.01476160050532,32.689244414153706,32.82934845018607,32.83573016325311,500645.1284404099
2021-04-14,33.00053050337207,33.052055386633285,32.75359169124732,33.01224042089828,33.01913563359886,919239.9225800124
2021-04-15,32.77444629902353,32.889601170216686,32.70434292162654,32.81324413681005,32.816352310430226,367129.3249134962
2021-04-16,33.55611846701273,33.898654765712514,33.355887592600574,33.585206785205315,33.590119113313015,277117.1519498213
2021-04-19,33.452123024339144,33.502458939358405,33.19037396684426,33.387649448187084,33.39687438749725,524431.8194643889
2021-04-20,32.57835191085901,32.64989143444592,32.30317852981521,32.62861666998679,32.64033763120703,595063.6673949701
2021-04-21,31.63278205642628,31.68852953273032,31.62629141613853,31.6483953181036,31.63616188669345,327956.5753588957
2021-04-22,30.91948549034805,30.95459859706831,30.802479241555883,30.93039911547424,30.934499833335003,78090.1103241212
2021-04-23,30.35648055248466,30.542788208083287,30.07689213571441,30.312907530810318,30.314581346908827,272440.7390037792
2021-04-26,31.06631633857528,31.186829977069344,31.041803879905835,31.043152698918863,31.048670020969144,283981.7359833125
2021-04-27,31.37684731163781,31.547753443610542,31.13242350774292,31.425307316969672,31.43092907234957,152296.00758847414
2021-04-28,31.600636963363108,31.696446119586778,31.440758497558388,31.591888865044087,31.596405245492704,358717.55130751734
2021-04-29,30.96969318151049,31.12876266282737,30.962778756894743,31.023088610538693,31.0159619922538,105209.35756009004
2021-04-30,31.367457824809343,31.417468795682744,31.324859892579774,31.356206703784856,31.37169851036336,103072.68684317025
2021-05-03,32.095040942551336,32.090408244972544,31.936994196577032,32.08917690053849,32.079432651406115,168600.38538932265
2021-05-04,32.53893573656525,32.58881390343135,32.38057223730507,32.46543342267308,32.47101310966073,200814.075847099
2021-05-05,32.789098998716625,33.054345207014606,32.43036024221037,32.79876062909711,32.79479972650575,213571.4080292705
2021-05-06,33.23339125902466,33.2447196188588,33.10747081689799,33.13796111322365,33.14277121512446,551155.2554199271
2021-05-07,33.082976986667866,33.41590384626083,33.01109917494341,33.12831351133017,33.1247298311178,124684.6418140702
2021-05-10,33.303486563188386,33.424585914548885,33.0108054312016,33.31236342749554,33.32147841451366,437915.57108952827
2021-05-11,33.20384685007059,33.250215534204635,33.11622972697719,33.20135627035895,33.199244755084294,313346.9821863939
2021-05-12,34.35339469883454,34.35863713526292,34.14647577869516,34.32414118906688,34.32734554300635,451099.4829341265
2021-05-13,34.525235108250044,34.5309776787762,34.45464152732115,34.47871918659865,34.49253212757547,302405.58672811586
2021-05-14,33.69836429209175,33.77898823983484,33.45390319727762,33.69173405246469,33.68698410946055,422932.94136706495
2021-05-17,34.77843299514244,34.89998824327255,34.72188064492598,34.80028878386937,34.79661073040834,0.0
2021-05-18,35.26942308918865,35.3239527699906,34.91819413119234,35.23778579764152,35.24987147176031,132711.50491927212
2021-05-19,35.916265009268834,35.955218591896376,35.7002247701184,35.91663106725285,35.92217301556767,149573.97584079587
2021-05-20,36.54007113593159,36.70091265825949,36.10381440777378,36.46920655575244,36.47642800198335,117411.63461716325
2021-05-21,36.72368971327297,36.96421028215411,36.72360195386313,36.72538481742235,36.71795657589128,289921.8687892172
2021-05-24,36.89052793528284,36.999510776458486,36.89088631784348,36.9031972651436,36.906618487005055,467713.282806813
2021-05-25,36.75800784106691,36.71919117588134,36.57423240229229,36.68724923792947,36.70213807230356,188824.6585080845
2021-05-26,36.95091524750911,36.99804955023399,36.67662672743816,36.92854793674592,36.92801155266994,687418.3046169712
2021-05-27,37.15603260007601,37.58317178785961,37.09309476740365,37.13901737865474,37.14715639652268,240725.60134040323
2021-05-28,37.82803908909227,37.86078775980106,37.788163845254,37.84807591374239,37.85464288296889,123186.25241789108
2021-05-31,38.38649897509573,38.814905198677096,38.19968014699505,38.34949398128667,38.36399485301379,168915.56207844804
2021-06-01,38.03137427732178,38.28693919981965,37.77591299777567,37.99021929219132,37.987526412098646,259268.19500812097
2021-06-02,38.02926597681915,38.07538657751751,37.864677392361045,38.06618414876873,38.068806440691255,439651.7096177943
2021-06-03,38.09094896557787,38.23004390800069,37.73277067129686,38.16179842509958,38.16506928594812,424619.4227311442
2021-06-04,38.0145327918303,38.02585529763532,37.72090998310684,38.0176570013514,38.001279060427656,753804.9506315923
2021-06-07,38.04344645559335,38.13849234519135,37.75352486668992,38.0204859160142,38.0152715884462,162171.76149032355
2021-06-08,37.5977958532959,37.73541375244418,37.62012638750157,37.63885509633875,37.63720476071585,681590.3725752811
2021-06-09,37.86269148191546,37.942071773717466,37.68797920070971,37.86453107254456,37.84895709687678,266999.5560124668
2021-06-10,38.18794430943776,38.205140405104544,38.10072574890832,38.18617420056349,38.18127362402095,246110.7505611903
2021-06-11,38.814893815791926,38.94874497086707,38.700338373623495,38.826168575333,38.82021647898053,64984.1552775527
2021-06-14,37.675804909726686,38.01464083983213,37.59071023247726,37.683717768339086,37.6782588409989,283480.80302412703
2021-06-15,36.10672911425499,36.13824756810404,36.00971231168606,36.07371314034092,36.071779681493176,183188.0857786325
2021-06-16,35.3669818828363,35.470178260326925,35.27323607753671,35.33143299184285,35.32305422001713,511663.90335075103
2021-06-17,36.17540441800816,36.43421361065122,36.124525516151245,36.163913877617325,36.16528106449413,146158.5366637718
2021-06-18,36.84989629628081,36.92860405552749,36.73995392584462,36.85903648718136,36.86477911462512,584287.2356847818
2021-06-21,36.47789685887464,36.58677416916622,36.23826515436527,36.51284598633431,36.50451440275866,145827.2689008678
2021-06-22,37.82521222085176,38.09200743340084,37.68776257427639,37.83308543771813,37.82343999844924,155579.79875833873
2021-06-23,37.161913491124594,37.42303657207484,36.740126698547606,37.162980205945686,37.1704846134037,477861.1605684611
2021-06-24,37.30751175087747,37.47088574178205,37.1307112182051,37.28619122119348,37.29051117919436,196675.70297366564
2021-06-25,37.72857362486265,37.82817368475799,37.4458046962281,37.69055771585987,37.685860514547045,76151.89957118724
2021-06-28,38.187636630382165,38.28016648224546,38.04714420573525,38.212348099968224,38.2142278969265,77793.35139892995
2021-06-29,38.87866246218868,39.12198307427236,38.666780151627634,38.87713369048674,38.89353225393022,323556.0419579382
2021-06-30,38.96132774765275,39.23205132821485,38.854838837322816,38.976133287033605,38.96801874618986,815070.7935887764
2021-07-01,38.901348409523365,39.10858589813705,38.88947169423267,38.90194726297612,38.91383386037565,195554.76584260463
2021-07-02,38.52239701740416,38.56579223523104,38.31093914894812,38.54939556212073,38.557002557427616,234628.8245152199
2021-07-05,38.80178878270002,38.9003607701916,38.78983260122089,38.80923168063701,38.81896222212556,577594.0435497661
2021-07-06,39.29469103575255,39.52710638210139,39.03074500307357,39.32952180572566,39.34653725382923,344056.0744088273
2021-07-07,39.47200814273536,39.61305862135978,39.44670753102156,39.47045703055552,39.47479688548414,346200.72733002587
2021-07-08,38.06221576913168,38.37012081339657,38.05256030469354,38.09984723126083,38.09957337384303,394002.142499692
2021-07-09,36.25810717506853,36.29160318864449,36.2597792532601,36.2733044490651,36.28399659333923,238346.3198119829
2021-07-12,36.81549594255623,37.16769069744095,36.5255874463821,36.84857468667588,36.837489419481614,307281.5246187237
2021-07-13,37.15582093077921,37.31618876587633,37.11493623578619,37.19165301897933,37.18415696134996,450663.374089374
2021-07-14,37.87721717995823,37.94177016591935,37.566387756965625,37.82047791093576,37.83317676601684,134950.92424975825
2021-07-15,38.20519611648539,38.25875265322532,38.08208344128733,38.25331331659866,38.24391488112602,987828.0406654616
2021-07-16,37.6900981980334,37.71768810676066,37.566013606100064,37.696847906137926,37.691197917787136,243820.241233361
2021-07-19,36.8744177105288,36.91107515646786,36.73994814634356,36.84355544385568,36.83817083204836,183774.20513898192
2021-07-20,35.615482298789416,35.70169926410662,35.65028775984466,35.69344006266702,35.6807263813778,222247.93165414195
2021-07-21,34.86294692170206,34.99083473507423,34.82335613664325,34.847226925878665,34.85542900206971,148614.11300326494
2021-07-22,34.20294901972153,34.38411651319949,34.17961687913992,34.20576486941395,34.19990393625104,93341.28226509002
2021-07-23,34.17256491161997,34.332755318967976,33.96704131960892,34.18412349419697,34.18385914731241,115786.10105226812
2021-07-26,34.141002599417845,34.292582533145165,33.86789789937185,34.19485431864066,34.19648693829293,467976.5744693151
2021-07-27,33.95652782382641,34.04019518758601,33.969238739135804,33.98694798182092,33.978650836275605,118999.44181891686
2021-07-28,34.03205783874668,34.1294300729356,33.82253503227798,34.05381212838893,34.05451746677981,595295.8975282196
2021-07-29,33.32072975154583,33.383322991609454,32.9310926789807,33.30435774529142,33.307561185649,86862.25312069757
2021-07-30,32.85638381257157,32.876953868871944,32.736122194028646,32.829327786655945,32.81929831565279,281383.70801307313
2021-08-02,32.46912242902755,32.60797940861066,32.474000004294,32.514801249345936,32.50155428290802,71758.1234623662
2021-08-03,33.5832275633398,33.67979420600883,33.57412263495297,33.58360386149332,33.57537182102338,406866.6576017255
2021-08-04,33.41410996779437,33.6213372649519,33.395195232390535,33.43677950391733,33.44653939560874,112568.35185006444
2021-08-05,31.80386259417743,31.855613705361534,31.515251858706435,31.805498404898557,31.805675567043316,123483.68716478856
2021-08-06,31.644518586197936,31.71370246610536,31.58501497222552,31.673706319342656,31.68597666709405,100273.13371219805
2021-08-09,31.32619807822495,31.40612388143463,31.328069180238398,31.369812559472063,31.37557412540709,334600.833050643
2021-08-10,32.2080030131285,32.38748888480269,32.23637336985946,32.26245020400581,32.26043477379511,238629.94334916063
2021-08-11,31.64640185386,31.70758222431442,31.36318145090015,31.58104332773389,31.581006636296863,137302.93268626148
2021-08-12,31.3486564987876,31.57901381386051,31.139674946756937,31.35792287469373,31.36584381170042,192994.8188125803
2021-08-13,30.164926679640487,30.31015870374107,29.86452875900617,30.188525638565984,30.18641108424072,139920.6688881712
2021-08-16,29.502320367690743,29.57579486061215,29.267179086889342,29.464651979789245,29.47061954120193,305539.2686278106
2021-08-17,30.460299079302832,30.67667656572588,30.38292378644156,30.45044252634303,30.44913452578219,291895.0645874777
2021-08-18,31.33040289195697,31.525144673708365,31.16779188273594,31.31133819210951,31.317917730203032,164715.9882333485
2021-08-19,30.434489114020128,30.479891236595368,30.102002292358467,30.47974039725817,30.48851696243951,63832.851465146014
2021-08-20,29.337474130801382,29.341357794637727,29.05733998126689,29.336322930097744,29.33464839722353,125019.35812189264
2021-08-23,29.054309922851843,29.144841033479757,29.01522939924292,29.05682182109241,29.049955285108368,456708.3266160746
2021-08-24,29.115065926943235,29.263366629204093,29.10283460566652,29.15987572358493,29.161057314305257,193730.8647387342
2021-08-25,30.497523226445484,30.6525238946399,30.538992623238755,30.545916803225825,30.54847779488759,285265.3354908585
2021-08-26,31.305900638832995,31.458689862028876,31.326708783293007,31.34878915920726,31.351073398566644,528905.542398759
2021-08-27,31.407221405951187,31.41239248915557,31.114641527297326,31.409629065295366,31.41375729685804,611339.5751247096
2021-08-30,30.71445895947558,30.84826862645678,30.431979338560488,30.716593595155867,30.704490531877497,204088.4249911713
2021-08-31,30.81413765461184,30.88085760911468,30.703766175555657,30.819796085628617,30.82832335569916,627609.57807504
2021-09-01,31.54277025436759,31.64105566910219,31.389251198258755,31.50308953420191,31.498946508601925,368453.12063192384
2021-09-02,31.15303097671596,31.32723381701875,30.85342566740482,31.11491713105529,31.116373045676752,141569.38009085972
2021-09-03,30.91498876802564,30.95930976019952,30.72735439499138,30.87606412324745,30.88411542092249,297513.468810314
2021-09-06,31.21860297163828,31.29778727355473,31.170546253531185,31.260219021442115,31.26260269098195,263452.07171093463
2021-09-07,31.136558386176556,31.20052617800816,30.91998359947814,31.120164789672344,31.115091625663368,503807.173726501
2021-09-08,32.73429380432592,32.91756598830019,32.647866811054065,32.71484094122502,32.709645470087494,97558.44249307868
2021-09-09,33.11178409628837,33.15782836870463,33.02539519289143,33.107138043121665,33.12439155952408,142200.2331989488
2021-09-10,33.341520464464885,33.40809699668869,33.293508567815884,33.33075118777049,33.336399332180534,220675.51896849705
2021-09-13,33.84779033687712,33.870336450618474,33.72176775711771,33.8662859234176,33.858439078543896,399845.4122066923
2021-09-14,33.88146572866947,33.91125492874402,33.478382270511354,33.8993255162404,33.89940422731976,234065.06594755952
2021-09-15,34.34448411302658,34.45407250639018,34.06862397068132,34.31462507178743,34.30918762550557,195246.8649541532
2021-09-16,35.278459935487675,35.340917075582624,35.148157944841,35.28254535087001,35.26454207594391,265347.1438971321
2021-09-17,33.607367180889895,33.84875313299071,33.52147877431867,33.60242126219423,33.60263104623273,145836.1994012502
2021-09-20,34.27670341909636,34.310943289386,34.14481727580024,34.25677549154904,34.25635922291082,653566.8715299596
2021-09-21,33.01621373856458,32.96383427124843,32.614306077390545,32.928259641754416,32.93576775795412,365540.8314298691
2021-09-22,33.61369517321227,33.66770532642832,33.571948170965335,33.58834898284128,33.58306135102017,99537.8082449734
2021-09-23,33.09461241912735,33.36050333926486,32.98828784070261,33.08512734155397,33.07040446779804,447024.6358593496
2021-09-24,33.7506684401777,33.94693808497131,33.77426805813863,33.812464246526524,33.80542097702887,484030.6998130106
2021-09-27,34.64076076846634,34.78891156324757,34.61956700669589,34.659748529937616,34.6549944819413,588509.4232691005
2021-09-28,34.70524918940714,34.76098034263034,34.54731015076757,34.727333615841545,34.71475132951006,519462.551845696
2021-09-29,34.6999972101172,34.88535533227969,34.57179655713146,34.721554274878244,34.71316280031401,200180.6122058054
2021-09-30,34.29306993380739,34.37138885979505,34.18063829361189,34.33193036407606,34.33243503494372,108083.67060244588
2021-10-01,34.46851372875218,34.68696846106878,34.37944144263874,34.54451623619824,34.53898183334837,211043.0313926112
2021-10-04,34.970297919208384,35.00932905512036,34.77769588198443,34.95801761115907,34.95063223971278,780038.5068731117
2021-10-05,35.3557790522565,35.58087290843913,35.26752734570891,35.37507339258602,35.35452022947353,364247.31455573865
2021-10-06,35.358742355425484,35.659878976033326,35.28680769713118,35.375683932265574,35.37215452346482,135462.40872931472
2021-10-07,34.790700141385614,35.37733529436242,34.67150863101995,34.847337668685014,34.83137470052329,276117.3006789037
2021-10-08,35.09009191313195,35.14521714465861,35.066196761435016,35.0931139381073,35.094299727907405,342298.05882804346
2021-10-11,34.85886243632855,35.1309105675378,34.7310163057848,34.79489388311063,34.78186311690071,126374.37091499708
2021-10-12,34.713703959038895,34.91905090515978,34.47992102775911,34.70273889565081,34.69207227290363,624930.915496966
2021-10-13,34.127405006747466,34.36240088600936,34.00429741099564,34.128546425320955,34.123859867093785,256130.91335449723
2021-10-14,33.51925677702596,33.770478585539905,33.3148606489318,33.51368215784976,33.52309117437184,290239.3630388575
2021-10-15,33.041567021219834,33.049756447942755,33.02325716969925,33.04170918710704,33.04490253092361,227010.42624494387
2021-10-18,33.14785103044962,33.214119766822805,33.02974594969961,33.14919633514085,33.16000234246819,214636.69853573796
2021-10-19,32.19564546453628,32.52081373091233,32.046505509162884,32.170588058501465,32.17138391163455,291890.6623815991
2021-10-20,31.555901021962228,31.632573909558133,31.480700770909653,31.556930011328188,31.55056062823565,316204.6375542232
2021-10-21,31.435551880813367,31.52568027353695,31.41617835520226,31.44669544686567,31.43914344638072,76086.40041347979
2021-10-22,32.17906484206919,32.225271002567624,31.97599683267669,32.183068318901874,32.18801482576609,428027.7948121426
2021-10-25,31.662439997478376,31.69628460547407,31.63549019153503,31.6882190307786,31.696286000408268,256162.42851998727
2021-10-26,30.879534829534848,31.00503163284415,30.77801134318207,30.89240130237618,30.893328703126365,651829.4380389933
2021-10-27,30.275867568077143,30.44149104591236,30.18306913161293,30.282828166282687,30.273008671365005,414207.9972295095
2021-10-28,30.44151450247009,30.500671381690417,30.40743807735133,30.43122558252085,30.43562883344276,375550.7476943814
2021-10-29,29.803783864953598,29.84784952441957,29.841221189624644,29.84628024829741,29.843625839097893,69665.8284220452
2021-11-01,29.29931134083751,29.41433956529557,29.24906767104465,29.31572247402173,29.31502401725927,58877.67317212448
2021-11-02,29.07344307867312,29.343060543498225,28.929352393443825,29.06265422353216,29.058168820343088,192118.37923099412
2021-11-03,29.743754291440197,29.71667706713261,29.54656565512844,29.69881804456885,29.702555099171835,43267.18263534168
2021-11-04,28.490345901218237,28.55592109170951,28.43332374630821,28.460158620747983,28.454632452153277,189688.9936008084
2021-11-08,28.00846392885909,28.08535917458696,28.013347886346327,28.024466519577206,28.026169904544204,142779.95871293667
2021-11-09,27.741388142045142,27.821371987051908,27.66078478353127,27.754734747203827,27.74196927203848,153987.5043174538
2021-11-10,27.129636225406696,27.183919846453467,27.09941846801257,27.13442398548042,27.139165826005573,254413.39409786853
2021-11-11,26.596737204294367,26.642696584285854,26.516396376456417,26.628956130903347,26.62394605016264,179056.04939749368
2021-11-12,25.599638448507548,25.787989466773933,25.536425447192183,25.59630270858847,25.5851726914044,182667.4206747996
2021-11-15,25.380128013545463,25.57647345096931,25.38265757677768,25.405192038030773,25.406271430831243,342507.74731814524
2021-11-16,25.102193024668225,25.194110369962583,25.010885878915506,25.13521640059163,25.12780844954911,111414.38602406956
2021-11-17,25.2140828752084,25.303739201453887,25.232619636101514,25.258772131721955,25.254502478778218,556422.6703904449
2021-11-18,25.860551834738857,26.069331727439334,25.8590873190062,25.864987417436705,25.864061793731857,227490.88354990457
2021-11-19,24.652369156834418,24.62744615573789,24.572922789938445,24.623788246924214,24.62759307186437,379227.5478598565
2021-11-22,25.446847328479222,25.52665326306581,25.35700739076678,25.447375520248432,25.443366339708867,240433.42559532484
2021-11-23,25.682988885131884,25.72416953800201,25.60043984409968,25.70592379800935,25.709941312067453,314312.3806075537
2021-11-24,26.15475500787534,26.16289000270083,26.106660585215053,26.11506897021452,26.10650997799324,335107.02314849634
2021-11-25,25.53974818547474,25.71304944370556,25.43677916689141,25.54419499758941,25.549930544897435,203772.092076216
2021-11-26,26.155234474566583,26.31248888351851,26.136113554711365,26.188847075635174,26.20152803402272,192150.43930021147
2021-11-29,25.748315206861445,25.878178867820605,25.72802103970515,25.79620665422504,25.80076309635161,309801.84743783507
2021-11-30,25.503762331656244,25.49134166840008,25.45120367811295,25.482062142798533,25.488343721972367,118314.11991174569
2021-12-01,26.09856405599133,26.104485934073544,25.82194337089475,26.05691910290282,26.058837298939142,431142.0492143761
2021-12-02,27.029196666408374,27.05634122746742,26.7872621757204,27.01796895499882,27.02394205495696,277304.5008422078
2021-12-03,27.04962394535507,27.185937440920675,26.999662023093144,27.039198944926905,27.053489400742567,228136.1958617811
2021-12-06,26.69719962307787,26.70986412512053,26.579044758184278,26.66145754516756,26.662812738624325,342363.389827263
2021-12-07,27.129996051935933,27.23600262479904,27.082568022375472,27.180694903394507,27.17933332753676,272657.0333731152
2021-12-08,26.502236160147053,26.59549941224172,26.27337244108908,26.511566503196388,26.496158699118325,135885.9425986413
2021-12-09,27.253817839362263,27.53706721051502,27.211161601156714,27.227922951226223,27.235703923071195,660803.1887473799
2021-12-10,27.515486938168834,27.74718192667297,27.309365770913224,27.501309555207857,27.507622221908942,327693.8837437195
2021-12-13,27.1872522820284,27.26885036696546,27.16262972979635,27.16652698273208,27.15939757409165,1013749.9407915864
2021-12-14,27.11743618890647,27.15568917791004,27.074935578097183,27.134263861442435,27.12775235607225,222337.093196174
2021-12-15,27.59254178563112,27.614864381635005,27.52625544735232,27.590347305083224,27.59688131388823,142913.52719325543
2021-12-16,27.95265565179803,27.980187559512235,27.91218261449234,27.95708096864197,27.9571273093049,285533.28970263014
2021-12-17,27.576387300313492,27.659406617878314,27.46931295102816,27.56221771055184,27.56721291117965,123828.0249524248
2021-12-20,27.783862559331805,27.940639423212364,27.71142583854162,27.81455092175615,27.807571282352534,385340.38165952975
2021-12-21,28.68272382693359,28.83854769822914,28.55386356465688,28.6943513936783,28.68179328824204,185234.08635189332
2021-12-22,29.792388217819077,29.80507067970478,29.6592033307394,29.795547004919136,29.81268166184262,360030.0542488917
2021-12-23,30.073545148917933,30.166895860415877,29.90052616852132,30.064659899107784,30.060467863447727,229474.8464871625
2021-12-24,30.207852654134207,30.291629447859297,30.13427954542421,30.207391536104577,30.22387099171196,335363.0813549883
2021-12-27,29.50328614203742,29.72160270552653,29.46258526127155,29.52160518428925,29.52429099891316,597599.3591115074
2021-12-28,29.168270398426888,29.337195814556893,29.063252331349855,29.167138620958266,29.170542789171297,98024.7148869934
2021-12-29,29.01373626796845,29.022736210972813,28.89427001008069,28.990276125591723,29.00037256502988,297332.597904131
2021-12-30,28.62787146929687,28.89259907701581,28.46481364702452,28.634263681367933,28.627132942350364,229003.45608175485
2021-12-31,28.904804461596903,28.93608674365598,28.83013632716489,28.907008856090403,28.908098011036877,431030.0318581984
2022-01-03,28.95475702214261,29.00623553180049,28.86017694090087,28.93433969577934,28.927390762116417,97069.403614606
2022-01-04,29.2920915033771,29.53860241598962,28.960330030200623,29.283082198630908,29.29744017227376,130179.48436743193
2022-01-05,29.62930604388085,29.813196619389227,29.5551193672355,29.65592937816592,29.6609150543518,223956.037811129
2022-01-06,30.16850835257227,30.142577532837787,30.05894566487047,30.10171237107209,30.10173708017745,231141.10691359977
2022-01-07,30.85602077610526,31.096764764178136,30.564245474913,30.839931351154497,30.838026835000765,155784.62836291592
2022-01-10,31.71902759591567,31.7712938141162,31.624536099070507,31.69073930839212,31.687479904495383,335767.3992288131
2022-01-11,32.05458717938622,32.158871939697946,31.934483951301868,32.04153512168142,32.0409432705183,230465.0440299437
2022-01-12,32.5667876682637,32.52095312095213,32.36646125677594,32.513319312188635,32.50076829321126,67513.82753804668
2022-01-13,32.31099276217751,32.30936228341152,32.27223654066395,32.27476715109669,32.28596736591864,346604.1605750795
2022-01-14,33.520000178840405,33.71238419613645,33.499543929814145,33.54543240136001,33.54955535618618,621238.7787428692
2022-01-17,33.79383991235779,33.78769154846866,33.7106628985473,33.73936690825678,33.73233095449647,510934.0451923721
2022-01-18,35.08394153132809,35.098588509858466,34.97282978649004,35.084909307974755,35.0766237220734,898940.0983136875
2022-01-19,35.26798720745057,35.51186225219541,35.021934184646526,35.2683569275327,35.26695920656787,153630.37237293416
2022-01-20,35.52500301426594,35.587126239645805,35.41125324383288,35.524591393434136,35.52556892361597,628347.2257163022
2022-01-21,35.27335995121816,35.40914485491847,34.98471673936138,35.28372462090512,35.27809295090877,152117.97063386108
2022-01-24,35.060020409468805,35.04441338170984,34.70609561502915,34.9946961097264,34.999136318416674,138492.57636605448
2022-01-25,34.984407456769645,35.09519285094742,34.9358425338036,34.969067439637215,34.97829692327477,328722.16657975427
2022-01-26,35.0693560283693,35.275559623981124,35.02233917436081,35.055408174448075,35.061150070821334,333785.966730262
2022-01-27,35.08851463261831,35.26198931016199,35.0084638245897,35.11740712442029,35.12580398602981,424063.18360936624
2022-01-28,35.43944385196793,35.532620988626945,35.30343677243464,35.498989259739176,35.511350996516335,259464.05272103669
2022-01-31,35.23777546386695,35.24617863752972,35.1017135342859,35.239165709798584,35.22901312424531,350416.31994070247
2022-02-01,33.76611834894164,33.917356411676884,33.55157757661924,33.78123110012457,33.77205419010804,207548.21204312053
2022-02-02,33.97883039096086,34.09544947456771,33.69611898447758,33.931985884326075,33.93860883396256,206104.14375737892
2022-02-03,34.09248428620902,34.106398448055266,34.01346890668995,34.03874023640235,34.03552384286736,165077.03605393675
2022-02-04,33.37084400280525,33.66105815708448,33.36824591139495,33.40936181871943,33.41499129380421,211094.56224365172
2022-02-07,33.92230854954786,33.90470318412415,33.74736167054888,33.895498529406794,33.897472190551355,301593.6023406295
2022-02-08,32.58045122668068,32.6679114073742,32.49347718259991,32.56086973498582,32.551667565822896,123919.47168643576
2022-02-09,32.54346419097124,32.65848568904228,32.525285436762296,32.54200908162606,32.53575989693026,249026.97091823493
2022-02-10,32.79815252225977,33.14583134098864,32.746469649290134,32.791781343364974,32.7892272204573,286846.1933483284
2022-02-11,32.487578477200124,32.66531412092774,32.179091879046176,32.51562703076616,32.51341201407759,242365.3982933864
2022-02-14,32.98844550593749,33.00857861845711,32.81183027589914,32.94865561341984,32.94802805317696,1026578.081281227
2022-02-15,34.17601928570707,34.37458467743852,33.97390301223442,34.2133550887077,34.20140948574572,288074.2878266506
2022-02-16,35.61028100413668,35.682565391208875,35.38402594632381,35.66113562122172,35.66599315760783,479483.3061045554
2022-02-17,35.518129514693705,35.83720784093631,35.47735633499498,35.51907751076373,35.510976703734215,577765.9049768919
2022-02-18,36.16148804957901,36.50907497663636,35.96821266141197,36.17510556986308,36.17345113582376,400409.5253804984
2022-02-21,36.19739268232784,36.38723041695712,35.81079035994664,36.16031210275122,36.158907456808606,134813.9027080714
2022-02-22,36.54416297936931,36.580837382400055,36.32905247371816,36.53814676162932,36.54570134701119,422504.6595883432
2022-02-23,36.7577753301846,36.92657614047518,36.31045901882276,36.79433742392508,36.79450708567447,84859.96306034035
2022-02-24,36.11950510390872,36.40878115198163,35.99687493435694,36.10365850381173,36.1218944709075,918058.0220274968
2022-02-25,37.08180396319367,37.06108754584924,36.78570010783125,37.04840477021057,37.06412306370038,161658.72054891748
2022-02-28,37.51792540084627,37.71103229452014,37.480083722878,37.51885545000647,37.52604151306479,220058.8384991657
2022-03-01,39.58691474917698,39.646430686786886,39.57486343337513,39.60802548340317,39.59557011888701,252354.31781607564
2022-03-02,38.75446793729494,38.85938044421059,38.63221490875995,38.708773266725984,38.71509299775333,100047.23939128952
2022-03-03,37.86532096272863,37.92028260558104,37.7517903346351,37.87730390653049,37.87574340173635,394751.7749592467
2022-03-04,37.92623337924103,38.13948926213119,37.798449291761806,37.948471590662045,37.94375368928649,161484.9604254514
2022-03-07,38.24204148058976,38.41974556944066,38.07720045095175,38.24592163676017,38.25898978107696,133567.29981122992
2022-03-08,38.125515597948834,38.43622215540331,38.0755808423071,38.14241213123364,38.1410519669666,425791.6825387751
2022-03-09,37.18025120980017,37.52829483694284,36.88582341991922,37.17382344703242,37.18051258025899,480880.9435397227
2022-03-10,38.168078340483646,38.39490092125181,38.03484250243822,38.193754503434896,38.19322464922222,201571.5898600824
2022-03-11,38.93146743170006,39.033010735228125,38.62594946139636,38.94484674411098,38.95775525531509,218898.78703142688
2022-03-14,38.58078950501192,38.78381202577119,38.46755327264234,38.560216519525824,38.552599579200994,76133.32873681415
2022-03-15,37.48529233327853,37.48512622601023,37.30425291420601,37.46730920822365,37.47269170765336,704458.2984038467
2022-03-16,38.23198321229008,38.25975255920238,38.20676214148072,38.23919872646209,38.22684578363996,515984.3005538447
2022-03-17,39.64510137963877,39.73748558708897,39.61833856675821,39.634607900869,39.62638909672793,510808.2690748567
2022-03-18,39.806918959143225,39.79049370900196,39.68089550293239,39.75533685897867,39.75796907751316,330843.98936817126
2022-03-21,38.89621880443767,38.99813509116217,38.84349383303846,38.89420506577829,38.87998519840912,443009.4809042242
2022-03-22,39.84600220061719,39.91496359006245,39.79964220343366,39.833852705775286,39.849896297930194,438267.5971228436
2022-03-23,38.76441991985657,38.8791458067575,38.75142390269136,38.77597041775608,38.76592003548236,153189.5897909557
2022-03-24,38.906722609219536,38.99619636691664,38.83676741465536,38.92653982142741,38.91798840728223,177612.86164775555
2022-03-25,37.89093238425712,38.0488192432392,37.66729423809222,37.85613375343371,37.868069908635896,607172.8020215873
2022-03-28,37.97500013434641,37.94692337622542,37.41783054258284,37.90707949459967,37.91183413725796,652128.5294940394
2022-03-29,38.00017623685252,38.008477365252425,37.89770393114311,37.93573532613245,37.92049757590312,379232.2988280798
2022-03-30,37.96464614904345,38.07426804287615,37.94648446662957,37.99056048553056,38.00691629797247,342801.65793905326
2022-03-31,38.77159995543997,38.92154432673407,38.56906063711791,38.800434775264286,38.79694886585807,302339.930067415
2022-04-01,38.18674482942568,38.34562740178841,37.97545575067503,38.16181140563007,38.15796693275367,484852.7907124592
2022-04-04,37.22988386426208,37.22179213469618,37.08718194700387,37.19574678485613,37.21484558898365,207046.5948940192
2022-04-05,37.173911571247615,37.43849941017346,37.23416575545811,37.25480896130392,37.25917847063909,202719.0167277459
2022-04-06,37.41929618809266,37.55407843483861,37.38595456596986,37.45913156587084,37.44531447435471,385781.5504105839
2022-04-07,36.9689168308519,37.04143166187246,36.84284681302588,36.87930219392003,36.88289986382126,144946.9196299875
2022-04-08,37.39598019480358,37.56219070592565,37.02560224677264,37.41286810883382,37.41971730833739,83818.64236647236
2022-04-11,37.2024769960463,37.310202913849615,37.12224371590676,37.25540581971801,37.24527300489703,192326.61409262093
2022-04-12,36.42163266302797,36.45716401945138,36.25822970493953,36.43386549242138,36.430581455035785,172228.94422969644
2022-04-13,36.47841221236055,36.46302089544437,36.41811044828739,36.420219166529165,36.41173519968838,378721.1121955888
2022-04-14,36.45533104723872,36.87963438436024,36.23341188461617,36.50419589149784,36.50816168192811,198900.9669611246
2022-04-15,36.61077404514834,36.92653579999126,36.40771517968847,36.61443921369341,36.61110175978202,316397.04308252584
2022-04-18,36.36780483385338,36.534791867586,36.12687983835042,36.41998929974567,36.41634884200335,202835.14444727
2022-04-19,35.907556752672605,36.09052413075827,35.82866232797899,35.88028759036193,35.866860340453265,165445.123872443
2022-04-20,35.39888004392321,35.356911658239504,35.244184705335925,35.35285928101433,35.36166400784586,415658.8939619588
2022-04-21,34.76295402280313,34.690880965936664,34.59984038524329,34.67481317866701,34.670371058607536,267875.3361619092
2022-04-22,34.20466420010188,34.19350277449923,34.07426115138381,34.174991148437094,34.17363077806043,417988.5981922696
2022-04-25,34.26092442530312,34.43134091820091,34.09385393206855,34.25024810943564,34.25454046847184,174064.60106496315
2022-04-26,34.40089782688454,34.52704168776406,34.39582376879546,34.42407953332941,34.422211047145275,261744.1775679752
2022-04-27,35.26112059950936,35.38220865974441,34.992645269944866,35.208297646884475,35.223043173811575,211250.4302010969
2022-04-28,35.43827463449553,35.730409327112355,35.379184759801525,35.46785567013617,35.46739353488285,167249.8509384206
2022-04-29,35.66129432778537,35.84011808070394,35.672187561325195,35.73012744166224,35.739705372122714,166757.01934666472
2022-05-02,35.36256132032308,35.47553113219803,35.35901094324939,35.384047667820994,35.37991464518792,419148.7370767476
2022-05-03,34.05169179194525,34.084739275763,33.92400242826044,34.02124027220822,34.03283329892305,622984.3011145622
2022-05-04,33.67354862025203,33.81355456865801,33.60336982377324,33.72793086755419,33.736454167158506,204896.1745336601
2022-05-05,34.74511741004853,34.895916575215765,34.688007864717726,34.75786448557789,34.76224396805843,308069.0462991649
2022-05-06,33.692293644658136,33.70564687573294,33.61876610226426,33.65912091266163,33.648052953240125,549150.5821912161
2022-05-09,33.43794374175082,33.688913925566254,33.42653863723091,33.43002132581871,33.43899489631688,194794.97099465004
2022-05-10,33.27604769990959,33.56932071017992,33.23831416546762,33.282506520789525,33.27166375554067,120369.27830941611
2022-05-11,33.142549167246784,33.23315411207438,33.047184675674764,33.14017748322735,33.12947392215426,262525.6909658321
2022-05-12,32.07327741687798,32.26953851782689,32.018122781100054,32.02029604721546,32.028460632757366,182608.32317769865
2022-05-13,31.12651990064877,31.322841509114987,31.012917766056542,31.13785072109628,31.14046731638839,244881.89589397248
2022-05-16,30.770849167117337,30.895717723372243,30.57547225807573,30.72483424449789,30.71697984172589,140834.2247680938
2022-05-17,30.3870553397296,30.431854756752216,30.287939672287585,30.38921408145807,30.38299826183897,336937.3327570044
2022-05-18,30.355115037537924,30.368206438275426,30.28429548367793,30.300723142945284,30.29861437991933,455284.9906153584
2022-05-19,31.025391926591578,31.02142514736093,30.793771326297204,31.00101682746577,30.998915093765948,303199.18531398376
2022-05-20,31.934217530492585,31.994286938541137,31.577957625218488,31.86065602939861,31.855862635655257,480781.2977544398
2022-05-23,31.65310999435502,31.77289806266736,31.55863562815903,31.62744866630361,31.62958634421182,253209.00365659103
2022-05-24,31.819714794118862,32.055871350184034,31.699101848977087,31.795339010752976,31.795266242223157,368294.8589875997
2022-05-25,31.365872055814894,31.53101904832788,31.28184471510845,31.378873172428317,31.39466944785765,326319.5299666271
2022-05-26,31.452149534909204,31.490287503357223,31.3084672581714,31.46344733824426,31.45479133033285,455108.7110546538
2022-05-27,32.19668957046258,32.21900497611709,32.022797266498934,32.162355395058775,32.154342139233485,391746.7940284864
2022-05-30,31.818296427515055,32.13845220192958,31.801650705558966,31.83009046747613,31.826012728283263,665900.1090040319
2022-05-31,32.261133598758484,32.297972080387446,32.22277175087995,32.27666564250968,32.288286998192206,200410.46808000785
2022-06-01,32.15719564565419,32.35558780169772,32.06627606575044,32.157918937918154,32.159038248229805,132948.4648614479
2022-06-02,33.64839427478047,33.75064702243959,33.300454415665726,33.62037780035153,33.643902534085,192053.71614198064
2022-06-03,32.97362546331391,33.16314270115018,32.91013932212615,33.00704774339518,33.00571918301012,347769.8798353526
2022-06-06,33.75197238018832,33.7353634092166,33.693110224977936,33.713470044506224,33.71188785042279,306130.93780244153
2022-06-07,35.49673886009482,35.49420036798278,35.40859281701096,35.45117152665783,35.45601613197259,92128.7122073404
2022-06-08,34.52149740222815,34.620297990245454,34.49086376575762,34.52882462867395,34.52833906153093,0.0
2022-06-09,34.9833588284888,35.123948194801315,34.90875694526164,35.00267934161959,34.98836301042204,189106.39417128745
2022-06-10,34.763907955972826,34.86561504762791,34.51431407393736,34.78337865522032,34.785380880188846,368865.1454196396
2022-06-13,33.63091911469511,33.767455828521214,33.33509204559652,33.6560177979021,33.654569079116285,574242.3153036687
2022-06-14,34.304911377972616,34.25829614269526,34.15329449336026,34.20584042762815,34.203406220584384,397334.0840938626
2022-06-15,33.51678299191897,33.67090388697508,33.327484130697364,33.47098584521038,33.47140513033119,312983.6925219701
2022-06-16,33.491312297478935,33.61962937708793,33.42203012363328,33.49559460578284,33.48843497177581,190410.24445283617
2022-06-17,34.319101417724035,34.426921095172986,34.2199546042643,34.30167504425064,34.30118684403022,521015.49809821
2022-06-20,35.50176400892104,35.60286455171705,35.18659752748771,35.46386883737732,35.455095223243546,438867.39230033255
2022-06-21,35.750040085074446,35.9556418675615,35.73143911060804,35.760547817228215,35.74986027149786,126066.08927306546
2022-06-22,36.63481324236113,36.71455946269668,36.33582125535549,36.61548100441042,36.62282085248458,510804.1396969924
2022-06-23,36.83637238266871,36.84489489295484,36.80554213063074,36.807026998533054,36.80466965323462,234371.38353975053
2022-06-24,37.36159744940208,37.57251047383349,37.27786468628098,37.37069443793729,37.36533186232265,472995.0626878311
2022-06-27,39.00672170673294,39.12630441806883,39.06564825898591,39.07449252288804,39.08134471522497,283308.2491601647
2022-06-28,39.5933229264668,39.63631229815661,39.518013872001866,39.59948072775092,39.584773419665815,202021.7551877135
2022-06-29,39.15671071135959,39.39826962697661,39.090515274113216,39.1769776993815,39.1871152600639,533426.6262599227
2022-06-30,40.33791149837652,40.436253690501225,40.1523464193096,40.28628340159768,40.26827880037551,924742.2954277452
2022-07-01,39.64302370258545,39.66044827799437,39.29492311404429,39.645800950231255,39.637128721779504,216064.8373838724
2022-07-04,40.548743935827446,40.95155238294964,40.519943245965166,40.55493875206246,40.549608342497926,161759.74168160153
2022-07-05,40.24777146064088,40.48949838448818,40.26004600535657,40.28965653788623,40.29202782743714,387415.5384540293
2022-07-06,39.880100792904734,40.01544174702759,39.67615437031001,39.83983442812781,39.83119107390728,293465.4867471908
2022-07-07,39.03199232024222,39.13813547094545,39.01766834828259,39.04923554170537,39.07066894577847,113334.7736384344
2022-07-08,40.1860707032856,40.33215556624655,39.88255425067014,40.175423202235336,40.181927441438106,609578.1020502384
2022-07-11,40.92152868408515,40.99643365836883,40.67079814836814,40.99017110506389,40.99415899187425,282448.584844553
2022-07-12,39.89708439178178,40.09933138143281,39.65313677981506,39.977216207546284,39.97833635897784,344631.2623397396
2022-07-13,40.062484525319896,40.3499221937821,39.78532740662548,40.11953353644554,40.12741987709482,135268.9460693996
2022-07-14,40.44853230552403,40.76806674883184,40.29809029147602,40.483081924533,40.47438843579703,222441.56764319667
2022-07-15,40.9159710454671,41.111057893225805,40.469912158873285,40.91219771885626,40.902822844725264,103049.563129987
2022-07-18,41.34331302101416,41.4061794571315,41.26527064235368,41.36513677215669,41.34853976413479,329125.0029871371
2022-07-19,42.79714339963563,43.08632438017947,42.352802175305925,42.75478809987636,42.7574690806988,382050.5987228445
2022-07-20,42.69156901286035,42.83063134984763,42.46113230908565,42.66080941721762,42.65687684799777,199594.6881414263
2022-07-21,41.52805982994519,41.51546613241637,41.297824667808975,41.41806640442834,41.4046771044554,284470.8892272422
2022-07-22,40.86867764549832,41.08253071441973,40.74169231199,40.88300758912603,40.85985242864559,244808.7118977701
2022-07-25,42.08991823663165,42.36900774239326,41.86796410695701,42.08607099615209,42.08891970528874,86783.15655156456
2022-07-26,42.54984726679204,42.67462113498574,42.30707770464892,42.532477962995856,42.541702833161125,97700.51011265948
2022-07-27,40.386345164673735,40.44551857689037,40.2970271367582,40.40606705242081,40.39392728824553,98732.04140654072
2022-07-28,40.67044597375412,40.659998655318006,40.3377709429115,40.65068413961932,40.6425221108544,364953.4516647278
2022-07-29,40.86348178967846,41.020003658287344,40.75576053528582,40.89330092231275,40.90817465887937,851891.029490246
2022-08-01,40.51337094242988,40.547354215092064,40.14144323855695,40.46858026603793,40.46563240719667,131077.82888432065
2022-08-02,39.564507853436375,39.60986293731036,39.19728049126155,39.52475016114917,39.51785047377545,222401.92135503827
2022-08-03,40.26369279980704,40.24772173157087,40.22762053009856,40.23948326079336,40.23298368754601,452748.3593345231
2022-08-04,39.82691126072184,40.10594738957688,39.57979617778616,39.81910664249817,39.81193969780232,350976.2371828009
2022-08-05,40.05164782570707,40.25625172930137,39.93565811482015,40.0130357995532,40.00876070478586,430290.44172350125
2022-08-08,41.08424516111516,41.05825575630814,40.95967153234605,41.02574275985136,41.01351204535224,199320.16601742603
2022-08-09,39.73749547216072,39.76992290755504,39.58866813521624,39.72731881697253,39.71680015680893,142721.58663165788
2022-08-10,39.21414939100235,39.3508927444131,38.94773935558285,39.2296743692644,39.228578259035366,178567.45951654072
2022-08-11,39.82850758167888,39.8294008637716,39.69348075417533,39.811460337071935,39.81751990758074,126780.61180521114
2022-08-12,39.46417719204381,39.631143555923394,39.191646745813394,39.47783064418702,39.490413858696,783395.7237864858
2022-08-15,38.19162503986728,38.55486499841103,38.22707011587106,38.23994564753211,38.263961567463376,346241.74762088625
2022-08-16,38.26304122877431,38.488023970274,38.029346023558006,38.25664274157688,38.24088967815046,180874.8401047949
2022-08-17,39.42133023999635,39.82179507174816,39.33186856626807,39.37244141791268,39.3513263505736,246581.67390713503
2022-08-18,39.2102743221654,39.70715223387676,38.909494354995545,39.253081740114375,39.23138103943607,393659.6168080163
2022-08-19,40.02047066839821,40.00004926858555,39.74705595829744,39.99723916083658,39.99970764174336,417434.4042314477
2022-08-22,39.67804802112961,39.80782762371717,39.44673633398005,39.65390350508209,39.66096413920658,291820.17449254653
2022-08-23,39.04858543668753,39.213737332653295,38.84856879991468,39.01562988689487,39.00542828376005,132399.2492687562
2022-08-24,39.62319923161693,39.81289859041073,39.450677137761154,39.59382515135604,39.60274966185626,189205.4138503905
2022-08-25,40.290942371723226,40.355072907043024,40.09935781102605,40.340830976141866,40.32550382566041,192253.74137193637
2022-08-26,40.54411951233726,40.78332203224332,40.37225177669211,40.53836748646715,40.53045859824614,547203.773296082
2022-08-29,40.410670728688274,40.48268970875956,40.348700688135786,40.44924216449205,40.45954052371364,253853.3960290484
2022-08-30,40.63740005783807,40.6616473239351,40.50241068149175,40.64630399050678,40.65555221769252,264290.8943850071
2022-08-31,40.89887567488103,41.04350273640306,40.584855759863245,40.88907840790391,40.90439415717097,190524.54884553052
2022-09-01,42.58477026099665,42.76262405790545,42.5717802463946,42.63750900096851,42.633117175137805,81743.27071821618
2022-09-02,44.228856537670936,44.22984778311299,44.17289894641176,44.2155083643658,44.21628309228129,431176.4034953646
2022-09-05,43.65101808266471,43.79231141591866,43.271956117891904,43.61477986206826,43.6075827689323,514700.90042296535
2022-09-06,43.15232280256372,43.172783900703166,42.95815216791382,43.13449368923465,43.122361131158215,156804.4675024992
2022-09-07,43.76520252845869,44.16811544277034,43.58152734168803,43.73036981259428,43.73003044153399,238649.44470539552
2022-09-08,43.69748809652405,43.79245813004013,43.57782357210694,43.70218242450613,43.695442392690666,209294.5911678363
2022-09-09,44.472586365570855,44.731958222143625,44.52428852377664,44.54493170287264,44.52536199130609,277732.1072369616
2022-09-12,44.60938384347556,44.57844690990712,44.31668574008338,44.54987771900723,44.550870443985936,434046.1576061837
2022-09-13,45.591926647756495,45.6378785634459,45.30020789281109,45.559327071171424,45.57430520577061,118885.83990148205
2022-09-14,45.63441933508947,45.67694816779864,45.55016180386854,45.59192026848818,45.57711244297273,361095.7630748656
2022-09-15,44.19765045313247,44.33260298841013,43.95708610397132,44.21870675360197,44.233323300559285,163027.9735193624
2022-09-16,43.84482437328966,43.94722121289137,43.25636510939867,43.73043734795347,43.72014962917363,220418.74350964365
2022-09-19,45.39592175452525,45.64200772568152,45.326630012876166,45.41438596526647,45.43027996915936,203619.14249777116
2022-09-20,46.28934833974692,46.46909674278088,45.923206635678994,46.21471537209549,46.20974184808856,142456.72928033816
2022-09-21,46.626876387603325,46.717563657319694,46.50308044380532,46.587689734036985,46.59438542840744,221884.6827462676
2022-09-22,45.7137411864503,46.10739515347725,45.60586871523739,45.73507606118831,45.75073678237923,527712.7522195955
2022-09-23,45.919513631814425,45.95137670374776,45.829007896053305,45.94044848450057,45.93896110151669,237952.11113913005
2022-09-26,46.980516642350445,47.03545585521658,46.82421755179176,46.94531309747218,46.94362907849535,447366.69332933536
2022-09-27,46.453074710490505,46.503308641546056,46.339921150220086,46.36240741789212,46.38905469849567,416121.3966377205
2022-09-28,45.33920509148994,45.55567272398092,45.36082441035661,45.39746492380318,45.42011081807338,129982.04452960091
2022-09-29,45.744713542337614,45.97902969542038,45.48035856664303,45.71180308833957,45.73399658866958,131411.39850024928
2022-09-30,45.88306069379204,46.00937828297689,45.78643988622992,45.867573679184126,45.86276238897638,244397.35631685483
2022-10-03,46.7146901816693,46.99904002786023,46.50726143266289,46.66967198238295,46.67042408177532,240246.0941453462
2022-10-04,48.11161186798933,48.71279766862273,48.08575848184312,48.18360734984927,48.17678658600811,955187.3761331036
2022-10-05,48.2678448271576,48.45802773002464,48.08925712449231,48.25493987247585,48.24374246751614,186177.50077800403
2022-10-06,48.99889677295491,49.10283474182044,48.78152760088633,48.96783088552836,48.95400375006456,419965.1972738754
2022-10-07,51.14436116079467,51.23709890233848,50.87095470582688,51.12907367091719,51.10454234751494,325361.5568967852
2022-10-10,50.6219337171777,50.74503378096728,50.56931882741913,50.646797880081024,50.65477262022594,138366.64154383904
2022-10-11,49.94175873467709,50.16233501423974,49.41009892859861,49.888348176956114,49.87956163245106,421387.2712332865
2022-10-12,49.8838533957294,50.09079052581497,49.83796631810143,49.865996010861146,49.86438938057928,381186.82433102286
2022-10-13,49.8053978161576,50.20837959770643,49.232046985297565,49.90146939355397,49.91226703588299,557652.9992063498
2022-10-14,50.324021154031335,50.37628190460279,49.95167286402307,50.20749057514385,50.21851116135753,578946.6004483706
2022-10-17,49.01739245699163,49.05480116129458,48.946191402107054,49.04304109702925,49.05053602117139,61356.30890139826
2022-10-18,49.52779609386645,49.64960234682255,49.49723533806517,49.59618601340834,49.60466076952624,639023.8212733195
2022-10-19,50.52011716810773,50.73473341149589,50.547529041990565,50.55857624667864,50.55762335581397,361529.76081017015
2022-10-20,51.60743000110303,51.95934978086564,51.64344933513557,51.65960660163783,51.65100774218362,257412.1048725609
2022-10-21,50.92592757099935,51.15884300488543,51.0070356187072,51.02441894964986,51.01259532877936,105656.15950454878
2022-10-24,51.33536303168595,51.48544045185432,51.177152302893376,51.28316020006204,51.28512917717416,437933.0560416859
2022-10-25,51.60874217777252,51.772418763076914,51.350587072951065,51.624685774954514,51.61909387699438,1098543.6448881023
2022-10-26,51.90442341205264,52.362710136334286,51.85913503761172,51.89331527507717,51.87901469056333,89022.05975184133
2022-10-27,52.331015518531046,52.51100909148721,52.18408263618082,52.36538385237278,52.35971610934614,409585.6099765635
2022-10-28,51.39218009007289,51.87513546269246,51.17967693550598,51.37481587608919,51.38329604286555,90514.67053637208
2022-10-31,51.40439177378237,51.580003509835095,51.155850006581495,51.45609474965333,51.45174804119721,157083.03651263673
2022-11-01,52.04513059026726,52.3656546627383,51.657607330277365,52.03229698419626,52.033836583284966,495644.71948799386
2022-11-02,52.291094722920576,52.52277719286979,52.09434375424258,52.3162071252892,52.317995705688446,81252.6651571029
2022-11-03,53.13481214948717,53.21995331071082,53.11168544725437,53.14162749257287,53.163502234791714,481974.8653953616
2022-11-04,52.09612269469196,52.40840775464784,51.75990825589812,52.07743415752283,52.07344435004151,365581.8325780782
2022-11-07,50.15763936825082,50.63292524933291,49.74400980844971,50.17920191906972,50.14760950296849,233512.96904048376
2022-11-08,49.41253323787456,49.78650901452635,49.090715704626405,49.424555894344536,49.42488070817739,74589.57027533556
2022-11-09,49.85537134257124,50.00227191277441,49.30376336147716,49.8392608812871,49.84345982120447,229519.1705672553
2022-11-10,49.22806874175336,49.28731291874251,49.12919096632061,49.246553040423656,49.24357303662505,378788.2006940872
2022-11-11,49.31303365934767,49.467157643540375,49.19430372099135,49.29261889553633,49.29742940013264,492278.6780580292
2022-11-14,47.73768166519202,48.09620597008503,47.51160479041374,47.678013648118345,47.69162966271272,296604.1344162209
2022-11-15,47.06933314279604,47.14203903295508,46.64338645577445,47.05662621476897,47.04852500195981,313370.2872429497
2022-11-16,48.27017148174824,48.435977966332175,47.942433318707465,48.20780330627102,48.210240732776064,449332.2007639257
2022-11-17,48.3601622533476,48.4177705766607,48.02325784716459,48.38167206970615,48.37975783155494,194636.3528616977
2022-11-18,48.61544818631099,48.85862653517744,48.66173012394646,48.68982480780208,48.702816480236535,311271.09515374334
2022-11-21,48.421313638324975,48.83423187002398,47.91291897007357,48.45690951958883,48.47516418203697,187744.96406920796
2022-11-22,47.84812922595848,48.24698464744517,47.71969849102734,47.79435970432954,47.78673793423212,138849.08704286462
2022-11-23,48.0159861728705,47.99690559748672,47.90295110081722,47.97709787337134,47.9872997562595,211076.25157770116
2022-11-24,47.217935913541226,47.28892785665175,46.75664873128129,47.1324052849851,47.12622900515421,322454.08165399084
2022-11-25,47.664612518592286,48.046994887060166,47.45613231693069,47.55457401374855,47.54685097441368,581396.6264634068
2022-11-28,49.20848720824989,49.39002864542141,49.01258065071211,49.09405622986807,49.08008991094794,324784.07930396806
2022-11-29,50.06363384411775,50.16638719580402,49.939256490923846,50.0507781764351,50.046622961844335,206539.5416768735
2022-11-30,50.878124319090695,50.99758777327322,50.82844665293421,50.84559330028587,50.84127408513515,320062.75318122824
2022-12-01,51.63744910273445,52.32557975636925,51.45484272211638,51.68681040922224,51.68025129857145,277538.9117979948
2022-12-02,51.17565531467431,51.3923711668836,50.885644478919886,51.13605086632043,51.14133989698304,340485.2563863197
2022-12-05,50.171105111186,50.23279362932132,49.94302441609055,50.17942656974954,50.19073042022029,350860.0065923667
2022-12-06,51.993100467971615,52.539957376658826,51.88713176552651,52.08024216832152,52.09413709472041,399255.1043729782
2022-12-07,54.04517133678256,54.0547394710546,53.88927796076836,53.94845121913838,53.95760705875464,495233.54202972125
2022-12-08,50.459972771149104,50.566062760545165,50.42045578689312,50.53517001098872,50.54221679710016,245032.4703760557
2022-12-09,51.55473408511468,51.91316084132624,51.25862961747776,51.65111366678285,51.61762899345693,609699.9573005949
2022-12-12,53.36676798910338,53.72942157676894,53.20289831986236,53.31865862332723,53.30609266453834,156159.0164184213
2022-12-13,52.255515521503455,52.41168639672421,51.98613477420941,52.27726301978359,52.27338929452116,371179.3231807315
2022-12-14,50.8212644476305,51.45914182920088,50.78846825462286,50.8700105500983,50.88165556628073,442188.1074771452
2022-12-15,50.61885306709213,50.78649676234129,50.289230325963466,50.56564170837465,50.57695872207013,235915.53521057783
2022-12-16,49.07843242036133,49.235139841804994,48.62114544043697,49.00747314574153,48.998160359767546,116919.75813627732
2022-12-19,49.35498747862944,49.526606793117,49.36817572353762,49.422737865385386,49.42944235333216,309953.15137561626
2022-12-20,49.71995087033036,49.8888758178988,49.36088719269831,49.7628814733904,49.76880641397055,549868.7166598304
2022-12-21,47.99734507166631,48.57428772883642,47.87449116165363,48.02193219818793,48.01835764403961,783568.8218112233
2022-12-22,48.22404072344226,48.512621846270825,47.911927842354025,48.2150381347043,48.2152735940936,137801.06541392615
2022-12-23,48.704721193885725,48.764856661872784,48.360684613027786,48.6808343829555,48.68116205528906,298019.39461662446
2022-12-26,47.77011858967008,47.885460651470446,47.463760738094585,47.74178670571808,47.72910812072275,257517.0145254005
2022-12-27,49.33767452011673,49.538220378621496,49.32792406349968,49.34275189953086,49.35096314234439,228089.40729084017
2022-12-28,51.4463168408769,51.56628721246231,51.50146228586085,51.53271954322192,51.55144091530848,112551.6747821346
2022-12-29,50.76438052734571,50.87519806431907,50.40569318110963,50.81155368388698,50.7885694385381,251440.11229434184
2022-12-30,48.89159008080285,49.11489929277837,48.768483796748825,48.905819483815534,48.91055953751968,425095.9002745096
2023-01-02,48.238210404562,48.285015147547874,48.13513198761506,48.19966477748091,48.19326619510478,790391.1631400005
2023-01-03,49.483281054969886,49.47177791499178,49.29044332833713,49.467871570918255,49.45297276856427,562213.5634875444
2023-01-04,50.84441491769107,50.94473138915652,50.781075370430585,50.85102239348163,50.850846963415016,119794.9443131261
2023-01-05,49.87704369493281,50.07456232577601,49.21138449388896,49.82300348169344,49.84145998344314,101351.26096616212
2023-01-06,50.68824754114877,50.92542198713733,49.92923596866948,50.60632075221942,50.60030770175557,731219.4003368523
2023-01-09,50.38270955607858,50.368634959804766,50.18880862703815,50.3487573655908,50.337472450573074,240545.4982985776
2023-01-10,50.03718561654718,50.06291605600936,49.71402665569603,50.04550445334959,50.02965964285952,170813.56789643373
2023-01-11,51.31808317300175,51.2858449691683,51.04122285488827,51.230272233838434,51.21985273240857,835218.6307189312
2023-01-12,48.95511196658207,49.05769275597249,48.72276948357744,48.973110255996126,48.95388892653152,227017.86355007396
2023-01-13,48.4041116027385,48.568417050208765,48.11909771497768,48.364985823028434,48.37687970701629,230230.32471253627
2023-01-16,49.80233074758025,49.99514616568506,49.70179949362396,49.825315348398384,49.80210565219525,211355.71043463392
2023-01-17,49.629100855134766,49.72241468414577,49.528604890197386,49.6013468575952,49.61253001067384,132196.6389905719
2023-01-18,48.84441132362944,49.13904544017357,48.8927742867952,48.92626230189181,48.94020315344672,196552.3974825202
2023-01-19,49.69200035337224,49.898074434085686,49.58136192744419,49.71246282269419,49.71497063680235,152495.6790508513
2023-01-20,49.90646418723727,50.315145652462895,49.64198329135907,49.89495682239551,49.9006056192954,154451.50840460954
2023-01-23,49.07571499351665,49.23451863489962,49.10447700768116,49.11360335725362,49.10519801605117,75884.8428351955
2023-01-24,47.92200468089908,48.03958199568066,47.66910806117376,47.98624642658767,47.98336666833507,289913.039650784
2023-01-25,49.51836674661779,49.57077888468944,49.54892373747507,49.55093923109585,49.54471760306975,95399.28023266522
2023-01-26,48.282781991822446,48.39394036320753,48.29894764990287,48.30791337540919,48.30360317710727,203473.14733964024
2023-01-27,47.42797522939512,47.57299991287317,47.31443445865985,47.39138724151754,47.38875443213425,296734.5275019022
2023-01-30,47.242648279911485,47.44087001942757,47.23317962268034,47.25975355742507,47.240688623685536,136541.09332199596
2023-01-31,47.63340397025355,47.68943327541587,47.1411951800149,47.606968258514215,47.613407867784375,261445.0607170681
2023-02-01,47.33830124906847,47.31727138485038,46.97344775364953,47.266470091205946,47.261898472981606,245092.44662692767
2023-02-02,47.76813006934635,47.97222989755589,47.55200996411586,47.70706908260262,47.72086097445239,172968.413251798
2023-02-03,49.1203879680286,49.41672603111155,48.98938674743307,49.076137775534825,49.08405274505587,231441.70729636156
2023-02-06,49.0929760526418,49.28810560813466,48.5778979309253,49.04123801805317,49.0406830074506,300949.20929909986
2023-02-07,48.45076529996659,48.89064798686279,48.13813092253616,48.48816443826412,48.49887330355168,107209.28347212065
2023-02-08,47.825909440171685,47.812904799117895,47.76447202373159,47.80937114241475,47.81157569131325,165163.26991076034
2023-02-09,47.585067978630704,47.86467455417433,47.4874122660145,47.61851770396654,47.62845069954451,256398.53671561976
2023-02-10,49.48325697560425,49.66676150765039,49.47345893708066,49.53562749797165,49.529695109044376,251146.31161159973
2023-02-13,48.47434414445062,48.91032060113528,48.18812288828899,48.4630757887563,48.45270398173654,249120.10579736685
2023-02-14,48.71932190185028,48.88701587183892,48.604350568291245,48.72271966765245,48.74489738818221,69121.04720522836
2023-02-15,48.8570401233908,49.027136330352896,48.16334259301804,48.90130590419886,48.92502370718988,138954.74384831992
2023-02-16,48.24700569622353,48.38176521997952,48.02683752205253,48.29006205568373,48.30147913092673,213874.4636380068
2023-02-17,49.42323478223776,49.41326939629352,49.19555047329633,49.34696644796501,49.32668520316841,120892.16987220348
2023-02-20,51.14599633688199,51.427920298087365,50.77753403211604,51.13092166348418,51.13470977807506,295310.5298582065
2023-02-21,52.49357006790742,52.87229000718866,52.22680414727926,52.575595870380575,52.57438047281145,274228.405708772
2023-02-22,51.78712470859187,52.45154275306895,51.12365514086525,51.74498552190758,51.72921322033381,251523.04780468924
2023-02-23,51.86993267452906,52.04595898035401,51.78175223685052,51.88908218574479,51.877274402885895,219655.6736233588
2023-02-24,51.675661922606174,51.87400620658813,51.32851573666982,51.766571200220525,51.762800308755736,268254.5723624073
2023-02-27,51.06746393388852,51.48053211823188,50.90437409755064,51.14814004849504,51.15298503372221,0.0
2023-02-28,51.77443317199731,51.90824961557696,51.50745188995585,51.78898131255763,51.79815491796405,468133.7664159309
2023-03-01,52.30179523517774,52.40183945684353,51.95558960711326,52.39550261996707,52.405866560239865,492973.0181318309
2023-03-02,52.800141245006095,52.79908241535311,52.69651295714955,52.76608499545883,52.77869234348066,291705.0805580631
2023-03-03,52.707009452761845,52.99803827131395,52.65473555282607,52.69947307996836,52.69551263256456,158323.79421182393
2023-03-06,53.05849834864426,53.43534074651408,52.60056685556538,52.94839421843566,52.9293716586926,177939.76670485374
2023-03-07,52.84479622356746,53.2216132936556,52.52043802749828,52.91794811899117,52.90449252875509,814986.5556416323
2023-03-08,51.838651069865456,52.03017806604111,51.55745502919656,51.78175445092811,51.77461297048624,302765.01995606185
2023-03-09,53.88513756541106,53.92212782912705,53.45914811677781,53.83653717602923,53.85720526715471,303386.18279157067
2023-03-10,54.778100880566136,54.83072883828694,54.50999527755708,54.77631655241263,54.77596114896043,171464.03092687152
2023-03-13,54.29688481255332,54.5240636075375,54.14261092225732,54.2745933478136,54.29084671004903,478585.2424942844
2023-03-14,54.89900421805516,55.05321178702624,54.85193453987398,54.95241339571841,54.93492714555812,330209.9241324786
2023-03-15,54.32908894377166,54.30726561173817,53.99233423207665,54.28060785387799,54.27777510749628,287069.11762436706
2023-03-16,54.08473371962482,54.22236856804316,53.94752248440993,54.20308982658721,54.2116151141602,504274.65521999873
2023-03-17,54.32228499860872,54.26631528743232,54.08443240883357,54.24783860073467,54.24731412765242,543985.4505165789
2023-03-20,52.8563923076939,53.23159720439992,52.77768990065389,52.899964995161966,52.90891977076345,549759.4606335552
2023-03-21,53.545422471151824,53.58931603833168,53.27874975920078,53.56471506531887,53.57938905959393,284197.2142415498
2023-03-22,54.27753939700387,54.35708302579712,53.68180342996614,54.224408774136336,54.21262756052077,188812.24824430625
2023-03-23,54.86636084014344,55.18123764227831,54.609024867701045,54.81038363710851,54.81368952762347,359243.5852614645
2023-03-24,54.99802947719073,55.04984595415221,54.76843396471693,54.91914113004316,54.9096753262411,205919.56489161585
2023-03-27,56.74776407424624,56.8498820435454,56.79657632248261,56.8095902193104,56.803862752872654,240867.48899494475
2023-03-28,57.79309522896808,57.934892354302576,57.48967872989398,57.81138468461708,57.80637791625841,448725.4592348233
2023-03-29,59.88180185116665,60.0325770651765,59.8452293620228,59.88293935986447,59.90659895337933,948810.7504314234
2023-03-30,58.9773917420604,59.45676573202277,59.0589741207193,59.09825412867855,59.08503003800966,625055.387287889
2023-03-31,59.23648609546638,59.681057049261305,59.16915363228773,59.18393204878886,59.199883572976425,595516.3987196578
2023-04-03,58.997269508810575,59.22433460671757,58.75967616352315,58.97559295277462,58.98973128319923,296425.0277795963
2023-04-04,59.03500474445581,59.24840448082517,58.80888386394544,59.03195172088734,59.03610327044322,197542.4372739911
2023-04-05,59.64804708988466,60.23732955022066,59.47571899460653,59.75106997405882,59.73433863626827,496320.3626927255
2023-04-06,59.953259454003295,60.25773722462526,59.93765060246725,59.99517967338042,59.9922780878919,287943.4158898117
2023-04-07,61.1420006988273,61.17184594510192,60.60496582989748,61.07601288465874,61.0980625896024,270955.209847556
2023-04-10,61.824226714670296,61.9456801402114,61.54598516178407,61.797915727247705,61.80393448210475,199602.55676509623
2023-04-11,64.36859586846262,64.76613979246781,64.07997742584803,64.43066999918807,64.44979055892503,277815.7095096521
2023-04-12,63.27535002858644,63.47008619962371,63.205522072274896,63.29524449045525,63.2951776133544,148572.57998436768
2023-04-13,63.51946679446616,63.75731100724542,62.79773467433369,63.53737531058366,63.52998853766002,392698.0578983033
2023-04-14,62.20695432069793,62.37721234565666,62.114776456950544,62.276325095402896,62.25409238522391,152249.8223890928
2023-04-17,62.86176134469032,63.17946826784358,62.788358992702186,62.84689501280551,62.85886626681644,96495.258027667
2023-04-18,64.24843673296664,64.3279283914875,64.1567935414647,64.1631379704654,64.18847735190256,219977.59110539185
2023-04-19,64.51946624180752,64.70351986722227,63.97919218389523,64.60533807907366,64.61743246987528,117788.89876659634
2023-04-20,66.02247802075684,66.45997094158318,65.53139827363675,66.01429303186183,66.00665454208479,419801.462068624
2023-04-21,67.3576256602099,67.77107283400328,67.33678841260468,67.35771362607032,67.3683217427603,717116.2008060692
2023-04-24,66.77960673111996,66.94354074958373,66.32367337246302,66.90850033562896,66.90727932082937,279566.093502439
2023-04-25,65.33653968005159,65.71161500921208,64.99157597525667,65.28865259398955,65.2883791062118,730035.3458757645
2023-04-26,65.40213233749662,65.82751121633919,64.9005145314778,65.49101192859976,65.5093313999643,370537.3743105073
2023-04-27,65.61996672886943,65.96090277791602,65.17148595456007,65.60470465770867,65.59236882906681,188056.55589733672
2023-04-28,65.65480498199736,65.87733550028565,65.5490754979721,65.65066220036832,65.65952303543223,212895.6277194383
2023-05-01,63.31612042764193,63.43430258508817,62.76355891039211,63.385208217944026,63.39100606972404,749602.3642567119
2023-05-02,63.41770240561153,63.72999028990834,63.471362873148834,63.52123177775615,63.49328035187231,168835.2906515504
2023-05-03,60.8843699093676,61.09870469895825,60.63376699543984,60.93047753878894,60.92506797191427,275101.67715099367
2023-05-04,61.59233932506279,61.66776555898458,61.08491925574271,61.55426341846043,61.55689816224134,261010.42293619076
2023-05-05,61.1781425128763,61.61790887489284,60.68946385545608,61.11945356426126,61.12755573430141,430895.23238160834
2023-05-08,61.2807137918908,61.36779299877312,60.57875468560321,61.14958799277625,61.1452632729628,124130.97794869464
2023-05-09,61.92767591046563,62.1691534687984,61.461131497898585,61.89370952943413,61.89352367272571,338001.5525952983
2023-05-10,64.5160388026549,64.58875820763578,64.37372773289216,64.54667724672734,64.55522448396411,180966.4851178093
2023-05-11,64.0410335746031,64.57489305786609,63.65303111020364,64.12228185876707,64.11895562787828,211520.13271531343
2023-05-12,66.06205964925078,66.24027703946305,65.55041367593276,66.20100499284501,66.2036096484253,121421.68589005715
2023-05-15,66.64060701104617,67.09994317643772,66.08613932302674,66.67589799024198,66.67817900032594,112583.70541580304
2023-05-16,68.24147446449702,68.50587153804116,68.04655438769439,68.34471860052453,68.33150942198031,205494.74559693717
2023-05-17,67.92305410314765,68.27119740081996,67.24059207501381,67.86296128455855,67.86340927478447,190083.71622266437
2023-05-19,65.8081024818075,66.15511363364062,65.62845134974742,65.80234376621377,65.79376613679825,303706.45279690245
2023-05-22,66.63704599591104,66.75770922279429,66.33478764243809,66.61780580784956,66.60077455018158,339859.31833778584
2023-05-23,65.64629695085067,65.71162079903307,65.23863087998558,65.69339228223488,65.70198164231162,239613.484758266
2023-05-24,66.06695961959268,66.21177074263558,65.76759610419572,65.99389471344588,65.97438142941176,533106.4636356666
2023-05-25,65.26033311754121,65.55988991549854,65.07733397358709,65.25051449019776,65.25761285970437,64442.98989838142
2023-05-26,65.71020778797782,66.10982636921383,65.72291585090905,65.74335419925006,65.7375568880257,198135.2714215621
2023-05-29,67.60682437201734,67.71833540010216,67.51052719815766,67.58187381181857,67.58758685669414,293471.60380344995
2023-05-30,66.35005872752707,66.74436960696633,65.80644010474948,66.22215267013217,66.20011960556849,211242.03844488968
2023-05-31,68.30978699987145,68.84277501926536,68.19553768591796,68.27358078878164,68.27871832256443,178580.37362974774
2023-06-01,69.88496493574185,69.82375359918947,69.53788924595328,69.81116149162531,69.83082913812311,285661.17489042063
2023-06-02,72.0186719872441,72.27439467721915,71.50464770430904,72.03653423917072,72.02198133223172,468116.21376888937
2023-06-05,70.4470551422808,71.29756261821714,70.07694592614266,70.48816328260492,70.50936497393488,207462.09458127012
2023-06-06,69.98852910703039,70.11015787443267,69.5037266814246,69.95533304220754,69.96572441531893,172282.50726573082
2023-06-07,70.09344328320566,70.26052551626509,69.73022026604538,70.10145126104854,70.10366833528985,118921.25535655438
2023-06-08,70.548265813722,70.75663402091895,70.32257414082117,70.60492617816543,70.59567269605556,364609.6325930912
2023-06-09,70.83010879239546,71.11713603612442,70.7361717943723,70.85403750421332,70.85073461093874,395589.7240345393
2023-06-12,71.90240974387542,72.5240272531293,71.87616288560486,71.99059850738736,71.9995030474689,102736.68180340358
2023-06-13,73.09654184648609,73.40377212358943,72.88479106493739,73.06406347931576,73.06407380764588,181591.73621261408
2023-06-14,72.53651273486297,72.68088727480811,72.57997299293658,72.6156004454485,72.60388832040495,535292.6341879579
2023-06-15,71.80902803919798,72.16063343094075,71.43359413092033,71.84717428314184,71.83263061992653,640079.2992787259
2023-06-16,73.17476040592099,73.37703158781773,72.97446113408517,73.14211461569542,73.1258070870084,539713.847068159
2023-06-19,72.69426159817456,72.70340113970343,72.57797736596704,72.67202451147877,72.69970807586867,884273.4357748692
2023-06-20,72.76353038964092,72.77104786404651,72.52793867047276,72.7603712114213,72.7319856466861,252878.7145554069
2023-06-21,72.62707835386887,72.8292916160685,72.59713241596282,72.62819215112894,72.60956863895136,191230.31005242583
2023-06-22,73.97412671695304,74.04869242891783,73.72720738913947,73.99055924709762,73.97048313914469,232215.3957161859
2023-06-23,76.10865866276585,76.28425218171446,75.51569699158203,76.05177277875181,76.04417866824751,286592.05677759537
2023-06-26,80.14018848234251,80.71574343942767,79.78383735260127,80.25866444454961,80.27548502435539,212463.01988580343
2023-06-27,79.6740152005323,79.88236993520907,78.87216757845387,79.640630326914,79.64496090379834,228135.9273534868
2023-06-28,80.05937516271807,80.31752502868284,79.87066281832124,79.9232024406376,79.90418085760108,321104.4549927881
2023-06-29,79.75831804330092,80.04501097233018,79.12059291416898,79.72222871097598,79.70785947772838,260840.19863541063
2023-06-30,81.53465182455211,81.82290935039852,80.91710150434461,81.428408458199,81.45578173442938,147582.50611956368
2023-07-03,80.02261031829735,80.54236926127088,79.70231074438989,80.12615402611428,80.12172636105399,288756.5375973513
2023-07-04,81.02147146317154,81.89469695671771,80.66403522373534,81.11059238320404,81.09792776676578,195583.6776749186
2023-07-05,80.68048238043153,80.88036188260948,80.37311594371353,80.6676260550466,80.66777646937616,415098.1891870354
2023-07-06,80.48787117526781,80.56381850718957,80.40074540568666,80.50553878775334,80.5227680491624,464615.9249169382
2023-07-07,75.94209121149777,76.01570503134491,75.68288643349028,75.90672636110625,75.90552076937807,244539.16899916943
2023-07-10,75.84472343858889,75.86407528644426,75.59981558718096,75.79549390433868,75.79679808319932,92589.60961325324
2023-07-11,73.93666842041102,74.27786068845042,73.6005313937744,74.08176563206159,74.04966048591479,476037.9856169844
2023-07-12,73.97854413444416,74.55085481632693,73.96807715863396,74.00171732075093,74.02285702859051,358717.91704296035
2023-07-13,74.43605199900834,74.5923052159574,74.29954001522374,74.30835543897393,74.31230157482194,401896.7142818753
2023-07-14,73.95064742941807,74.34178152666163,73.97803809547267,73.98914073529272,73.98915139524362,327287.31503027846
2023-07-17,71.88544806246348,72.05534373400802,71.06245668694362,71.76761102533929,71.76294632664211,139381.19306559057
2023-07-18,74.18926219779527,74.7118290351802,74.09964161749119,74.12851381321686,74.1215742233794,923306.105757672
2023-07-19,71.88850299904239,71.91610087350178,71.55973768744259,71.90470363332744,71.90844071664111,387774.4993933716
2023-07-20,71.95345306640056,72.19857279756118,71.35253441834034,71.9649809242018,71.94226281252953,406780.67050994287
2023-07-21,71.17278016551874,71.8023364202291,70.95798257958981,71.17615357093895,71.18161421388521,135454.7150260708
2023-07-24,74.1848457708943,74.74021900457544,73.8515432473611,74.14993839246112,74.14288678049537,285017.3382107041
2023-07-25,74.18936051733218,74.65265553953498,74.15480391045367,74.20859398062002,74.16551664141706,141360.09257257075
2023-07-26,75.23933815271329,75.32671567985575,75.03310860401761,75.18524434237055,75.18608975109304,312655.0651831201
2023-07-27,73.05179275590562,73.5205486488316,73.02668825721548,73.18898441463742,73.18080322662266,186898.834210626
2023-07-28,71.24568278994721,71.50843864216583,71.2931930686058,71.36289636169187,71.36636707200789,156142.5339528424
2023-07-31,71.3979660620459,71.5281090931517,71.23232302501809,71.33179891382359,71.33339495396139,120003.12851297672
2023-08-01,69.35682820695502,69.45765734373578,69.0188348237718,69.39359739330239,69.41747315084896,403346.1812983609
2023-08-02,69.53399255839977,69.67738571951392,69.29402984662715,69.46192121948263,69.44420812546993,347364.1778333532
2023-08-03,69.34273046602158,69.51889311979492,69.16580341465482,69.2209573101335,69.20284893599131,72442.91277549637
2023-08-04,70.88822193473395,71.00039854798554,70.52262753022374,70.85428252251535,70.84167299251651,171208.5396890929
2023-08-07,72.18492562370038,72.41745567097345,72.03738726957741,72.11154102260159,72.11263968766188,320912.3452894682
2023-08-08,71.46733070405776,71.89945072884939,71.29414793542087,71.60775707922359,71.61939694539102,486040.6704060881
2023-08-09,70.73032997883881,71.0630552972261,70.52280678612993,70.8789598760684,70.85775672188419,217359.9918630664
2023-08-10,69.52777428173896,70.05697079666979,69.25790367162267,69.52264197864343,69.52702600081365,613410.0006446469
2023-08-11,68.48729361372716,69.0624653733611,68.10991031092105,68.6246816201463,68.66520279008007,676381.5401694481
2023-08-14,65.52512594666504,65.7441629501149,65.2173832163773,65.5925534631654,65.56987201700913,300899.69239408453
2023-08-15,65.05759969870995,65.19574343149255,64.8159480439698,65.0110493444552,64.99016127287312,137536.6858483156
2023-08-16,66.08655194958081,66.28200158247324,65.6121733597801,66.12528461663318,66.15674182480538,265003.3256062043
2023-08-17,65.42931915768304,65.83065626417097,65.30974599986622,65.51235618137316,65.51215888271585,185356.1872393794
2023-08-18,66.34828141898902,67.04364033558323,66.10156371097544,66.28850355917785,66.29309296151807,224688.6155027684
2023-08-21,64.85022480041604,65.15988768934464,64.76747486345845,64.96340226768253,64.96016970217246,467135.93964483344
2023-08-22,63.78535197346872,64.46309679611683,63.65238991465938,63.8816315476506,63.89959314441901,160897.18206006842
2023-08-23,66.29143398116574,66.58747098794015,66.04000763359693,66.2493965767958,66.24408434509277,625360.8381975223
2023-08-24,67.35097863997257,67.36916050270659,67.19050867906162,67.36062310270209,67.34861187421612,235460.37586373516
2023-08-25,67.93287211941795,68.13772015976338,67.72043584819173,67.90436680940643,67.91958907300175,322117.69206363737
2023-08-28,69.40672266038663,69.55988230481617,69.4461376982193,69.53728789240648,69.56385586301518,662650.2551212781
2023-08-29,70.59630376363391,70.89874175158161,70.36433955762182,70.66443778681402,70.66027178829161,93473.6320153267
2023-08-30,72.18833121377266,72.3988321292557,72.10473114598165,72.26470977097411,72.28207810628372,319885.40643493866
2023-08-31,73.65019817454025,73.89157453361464,73.06424659501722,73.56430108942222,73.55775623276449,153423.07713402543
2023-09-01,72.53323521191808,72.75743001143069,72.50822736535804,72.55145791486909,72.55879068989692,225385.28145769547
2023-09-04,71.80282855277403,72.57553973353177,71.31496770556289,71.70163749391659,71.69207544944783,610884.653297249
2023-09-05,70.1786430970094,70.39978369836511,69.95863407472513,70.26884051522465,70.28053584606964,154180.11816117546
2023-09-06,67.94086419946822,68.34266575022406,67.66478305545121,68.02354710653195,68.03587794667912,159421.92575313395
2023-09-07,67.79704814532012,68.00910667201805,67.27055578352532,67.8639259607198,67.84493887158136,443333.3856138525
2023-09-08,65.91613495209032,66.43299512020262,65.4959960609463,65.87288967651088,65.8901930823458,159858.8846269657
2023-09-11,65.79350630604225,66.54889302765542,65.70498913048262,65.8654961505684,65.86962763936936,460058.1481090789
2023-09-12,65.02377578880835,65.28657034415801,64.98721878310927,65.08250637151224,65.0814112800885,446807.3706895606
2023-09-13,64.2973884075874,64.48448380754414,63.98900354333014,64.27248092305442,64.2581110202393,189817.1621841305
2023-09-14,64.80593535556895,64.98460240149535,64.3921484100932,64.71420931550881,64.71459349247719,507708.36957282247
2023-09-15,63.26088275230806,63.46397222444412,62.93454731303272,63.29838405662599,63.31841596287919,322372.17320712376
2023-09-18,63.232678707047945,63.2283375629199,63.08604180840546,63.161318898050354,63.17554208760746,563009.4155657536
2023-09-19,63.13419718432514,63.23501185161316,62.919053030119606,63.11954500260418,63.13429723282667,172501.23305954065
2023-09-20,61.586956808002206,62.0259555011859,61.62638009303879,61.691070516397296,61.69718108901898,123893.50209827127
2023-09-21,60.216547433960464,60.697543541863496,60.03007997981267,60.24938140171994,60.24976725186466,322750.07692148443
2023-09-22,60.18826771215488,61.01770600312272,60.02112320108253,60.10656646169671,60.095613732591154,372094.9426356034
2023-09-25,62.68576078510223,63.219360614267245,62.39294928649949,62.66244430318435,62.650643269928565,199932.6639987024
2023-09-26,60.56073660825856,60.62372741882463,60.53198680233528,60.62058344019197,60.6465287123083,157001.604583478
2023-09-27,59.5789090929108,59.74875527484668,59.64782151704956,59.74457063905207,59.767311368214855,83598.00142389745
2023-09-28,58.98311626873548,59.09313437647337,58.86602928443855,59.029664860109854,59.02024681806502,622079.146384007
2023-09-29,57.71766680171165,57.67858403376715,57.50670729780986,57.675346819329015,57.66830464887209,269947.7519329817
2023-10-02,58.92993008220756,59.52122939766622,58.9251936490718,59.02390637825201,59.035085905471405,585107.9800407415
2023-10-03,60.568233010839606,60.76549187380032,60.34920682131598,60.58314067993844,60.60298731130024,223456.632406112
2023-10-04,59.55593548817472,59.86413383836065,59.48303977433177,59.65633590437582,59.6731829221662,562732.0974177751
2023-10-05,58.73014605006356,58.708946882639545,58.59835596237982,58.69194558063966,58.67452908151319,338981.8441356528
2023-10-06,60.22193434824818,60.41873840827412,59.85355729174197,60.19174601239585,60.195642053596615,169917.30182655543
2023-10-09,59.64317498631781,59.88419809467681,59.60940536176061,59.66299323212613,59.70541225066412,107005.6042382859
2023-10-10,58.43640299740108,58.82808879429744,58.37611681042468,58.50073429152058,58.50006466385213,296087.60612268327
2023-10-11,59.38964369314599,59.646842431520064,59.02580807272799,59.39121297310316,59.376725164268834,314717.3757465882
2023-10-12,60.660928665548255,60.8803311527202,59.71710395817041,60.72723421970011,60.76472953067704,875468.9643445241
2023-10-13,59.50573656247585,59.61856804626788,59.19034071403412,59.55121306319476,59.54980088135349,167721.0324431114
2023-10-16,57.76758567118233,57.99607141084008,57.64180013313633,57.68774338924583,57.70824236129303,264327.3926222066
2023-10-17,57.9337928384618,57.94426881891295,57.57017252250814,57.88986577885553,57.88334989625406,340652.2756311636
2023-10-18,57.595890683222656,58.13093891100257,57.47843090651016,57.50037941209731,57.48521814151755,286522.3278937267
2023-10-19,56.595818881344,56.688306380293206,56.32660522088076,56.538346845939394,56.519281460397536,263156.43611069873
2023-10-20,55.32667631080814,55.53150690073544,55.1290224269993,55.28870422922082,55.275541072609926,345220.2757036651
2023-10-23,55.53720537523432,55.622704188886026,55.39310522622671,55.505802569443645,55.51453662553433,238351.6765887815
2023-10-24,54.37520537461565,54.59005630751834,54.2921652619678,54.36464585886961,54.37558639047184,232397.89533573115
2023-10-25,53.97623129652364,54.45705443976664,53.90000404836377,54.04853042339353,54.06649174017494,553054.9026122201
2023-10-26,53.85623126175568,53.80353502990396,53.75558617764424,53.78227626563863,53.78136832903325,311369.1217978418
2023-10-27,54.108682003300245,54.54404856270792,53.91030229773285,54.10725981830032,54.108815003464976,629028.0613691896
2023-10-30,55.25799381610753,55.38764870336436,54.844587987585655,55.25882095652472,55.25068253203157,591358.9339541489
2023-10-31,55.01365277156741,55.15478608576424,54.875616908357664,54.95632673352603,54.95721784980879,168472.61740515943
2023-11-01,53.14964289961925,53.28631646370589,53.11783357279651,53.26229626765634,53.25972525451054,490872.0584013279
2023-11-02,54.85824715043919,55.00539580976012,54.52329166002704,54.795244608826806,54.78220041360056,412653.194860541
2023-11-03,51.777658435528544,51.89010246365682,51.52076321130004,51.80099373272656,51.802410197964655,286244.69968402904
2023-11-06,51.25670122354163,51.33759813309209,51.15348939272876,51.26087086668548,51.2556873492018,473345.56241338106
2023-11-07,50.583239426534256,50.85566522161605,50.44224301949772,50.52248541846978,50.526731107218055,461443.550482337
2023-11-08,51.78681069089785,51.76310370853256,51.63208105858276,51.68403075161157,51.69352554937769,355992.3138658228
2023-11-09,51.75584177105789,52.05306292139674,51.31194541303747,51.690521775013416,51.68917053700303,151730.9051083388
2023-11-10,51.68304532091728,52.09255179967156,51.6035305575856,51.709614098660914,51.70798379050673,202555.19944952783
2023-11-13,51.24254507682438,51.48871086200408,50.94197985346756,51.290115394160125,51.32382946621257,172645.5472949552
2023-11-14,50.20907333167166,50.31606788835334,50.050095023961376,50.22654152757663,50.20345487444787,178068.61724508414
2023-11-15,48.893453026257646,48.91096023152945,48.62250370513599,48.878782041530776,48.88085017101479,253089.26196084425
2023-11-16,49.18131057199029,49.40398360963012,49.043874679458746,49.17933221862715,49.17340987686448,151059.113757337
2023-11-17,48.66067938789056,49.07639667560253,48.49528059343896,48.657138814035065,48.66830665972099,319123.9331007248
2023-11-20,48.58339456021181,48.72072084813794,48.581132370524045,48.59008885858656,48.59798446395933,250872.17106268991
2023-11-21,48.33603973958509,48.63237406828553,48.28041059282253,48.3411073099585,48.34227502928952,528298.9965560987
2023-11-22,48.46610722338813,48.4388483233444,48.33319915924445,48.41320315829703,48.40351270809551,594682.4409229893
2023-11-23,48.98694779924898,49.04716538038562,48.57811533012805,48.92352909111963,48.92147164265898,98627.97819266834
2023-11-24,49.44459342048701,49.75667209736751,48.99477469370996,49.39685243168186,49.36538276732653,266897.0483654631
2023-11-27,48.49272835694316,48.53291252065036,48.19971425732686,48.413851450339145,48.41439933158026,102212.44943217518
2023-11-28,48.27673767911542,48.289186057231234,47.84691654771945,48.28100620627086,48.27122393743264,252064.1474894193
2023-11-29,48.62362566192728,48.75894270365782,48.57443971075284,48.61179038553856,48.61803509828077,146596.9219850545
2023-11-30,47.66128969087845,47.71771668650178,47.536617006540496,47.66285924605278,47.67810950014031,126676.57923857209
2023-12-01,48.682878226053056,48.719162015866864,48.26998140920957,48.62868526993675,48.61468077087844,222503.74067765928
2023-12-04,48.72121033910676,48.81735065510208,48.56886507334975,48.74880914734255,48.754142915975294,186348.965710942
2023-12-05,47.51773145956084,47.89607029955698,46.85048531290952,47.44552921746437,47.45494001710567,714619.4765154404
2023-12-06,48.724382584547726,48.852998435623306,48.4885466443293,48.679073556086166,48.68070336992262,714569.0064367244
2023-12-07,47.20975926035625,47.40386737376822,47.0600230126209,47.26888357736294,47.29689928792493,385384.0426707007
2023-12-08,47.32297134205873,47.43652479466211,47.08525241367437,47.23130384513298,47.23607383623212,123947.98741408031
2023-12-11,46.32733098654907,46.42191609791112,46.287728122907865,46.29734993693052,46.29475608417986,360665.7798427572
2023-12-12,45.73259087964498,45.77833706941996,45.63245282685021,45.7161916295516,45.7356104449536,190811.49450679444
2023-12-13,45.87627825828847,45.88027119942112,45.70401406295459,45.83605028241843,45.84542620511468,221147.71520021447
2023-12-14,45.32496018107371,45.56711179699209,45.041333997303845,45.3493084981039,45.36440712240993,166658.8262585479
2023-12-15,45.505866644035976,45.594959499844734,45.30330378554703,45.50760951380869,45.50143155871576,262894.39795756136
2023-12-18,46.07969152953651,46.37271842446693,45.86632360786924,46.062676250950354,46.06201466902732,358798.41926992446
2023-12-19,47.36348082317275,47.36642984701848,47.0424158397215,47.36122185114806,47.34860313619444,315323.69962722954
2023-12-20,47.56110079692594,47.750939291584025,47.56965497208028,47.60342831112919,47.58124304291937,92606.11274450086
2023-12-21,47.62575086860165,47.74628120209395,47.28317276453762,47.60177992911717,47.59191953826674,81108.58152205066
2023-12-22,45.69668140168321,45.808492892120704,45.60564743747951,45.72711528632954,45.73190057851312,510843.80188745615
2023-12-25,44.82985573781256,45.09200367136493,44.78516238735066,44.817056115303934,44.81607391012672,455576.881975778
2023-12-26,45.01642769982808,45.41984708657935,44.81988642197632,44.9901371226556,44.99950040262871,208782.0411014299
2023-12-27,45.02567454775386,45.16359334983706,44.88022529701586,45.01525308877462,45.01443807104531,111481.82409917386
2023-12-28,44.155321868081735,44.226421017413216,44.12100433682895,44.21991413734253,44.21561735296853,278310.2609650716
2023-12-29,43.74929072669107,43.63845164814026,43.44318866180328,43.63368373628783,43.64595749499844,165956.30621759812
2024-01-01,44.09458122410823,44.32447498256781,43.94325280753899,44.1062736814276,44.11067549245252,169338.83474403934
2024-01-02,45.85964469609368,46.05765017746249,45.823766924639,45.878798418582114,45.85698394804459,93974.70672679048
2024-01-03,46.87167140548903,46.94070896062614,46.733629278200205,46.82536864914061,46.81519178903649,230468.1010851227
2024-01-04,46.87324204810665,47.11698677834576,46.65039034307999,46.91120429704922,46.90399055013014,548322.0510884139
2024-01-05,47.935271464512674,48.16435777142161,47.63581986037999,47.88574865295105,47.90511579550513,151110.7653159559
2024-01-08,46.34363237298073,46.50561392283735,46.27493143803592,46.303661529490206,46.29158558278399,231153.28658110969
2024-01-09,46.37285623543769,46.417883421797264,46.20056801982488,46.34254241733624,46.36610945821881,488586.3099717416
2024-01-10,44.4966001706504,44.672902135807234,43.97983802216034,44.44496268774367,44.44105289463198,172035.0234724908
2024-01-11,42.98998396316932,43.12228793396646,42.79634511212812,42.97906241737714,42.991005244730914,112072.18910900944
2024-01-12,40.97494170484505,41.20103631671296,40.74235208455272,41.01081150446871,41.00116432678766,277656.44641877664
2024-01-15,40.62172085584946,40.97156563006804,40.51759408090923,40.56491325832548,40.567439574173925,308911.3434864623
2024-01-16,39.99399757751522,40.13122109914012,39.75172003122313,40.013058822492766,40.03109199011814,309812.27554841293
2024-01-17,39.71311352597892,39.90868085735223,39.38236924900845,39.70839307563884,39.70227479853226,264990.48669882974
2024-01-18,39.48668629797124,39.66321867917087,39.31035151440006,39.5617826650652,39.54424001846257,164249.73395337872
2024-01-19,40.362132920119954,40.447446901260015,39.94247592663437,40.38172895388893,40.38788981799483,795607.2711547231
2024-01-22,42.55544099856783,42.68183662513474,42.399489255732135,42.49123885953343,42.490054763515744,256306.5870902728
2024-01-23,44.34220925548656,44.410066009395806,44.060016891061984,44.372940407128056,44.35446516750661,355077.5635973809
2024-01-24,45.60943089286634,45.639647829134816,45.57269785887789,45.6274230069415,45.64091653855107,628122.8203212009
2024-01-25,46.72235801130959,46.73884614231992,46.53139960275317,46.71402343412612,46.71792267954645,481524.9173197908
2024-01-26,44.89725655593322,45.00106015763623,44.77805045686138,44.91942605708156,44.92026656395957,243867.57104218155
2024-01-29,44.5512085083194,44.74889204082036,44.3794652954508,44.494861556792245,44.4978041138461,225569.556759668
2024-01-30,44.2899787969114,44.43164168326736,43.951764217994594,44.24065584508783,44.25284861385097,573010.2937850903
2024-01-31,45.2785277226363,45.3530712832681,45.15832691134582,45.21278474027313,45.19750172802738,450608.1804393999
2024-02-01,44.22313154385771,44.4012874418491,43.90124171160506,44.26011202846844,44.264150379833566,573002.4345162369
2024-02-02,43.45543904579257,43.55561586612196,43.18750499653134,43.43238986141967,43.4351179367272,375905.7401499922
2024-02-05,44.62894888999693,44.72066632532072,44.31973699792326,44.65412352107106,44.66820640587207,139851.92279129388
2024-02-06,43.88232051823472,43.98655089785685,43.75075339191357,43.82806036290998,43.83581090583053,204392.59429507045
2024-02-07,44.30904754080069,44.2944098447353,44.13163819522484,44.24472538958303,44.2389346621735,561369.8043348681
2024-02-08,42.0852720398159,42.32054194980013,42.085670570104966,42.11586847864261,42.11800379005626,0.0
2024-02-09,40.98526586297305,41.32539549624531,40.777494886721314,41.01575306856707,41.0100457260042,195972.37264923783
2024-02-12,41.11200945758891,41.23099093470416,41.017018182010986,41.10940857945931,41.10341980073905,1140319.8211890266
2024-02-13,40.76001907770001,40.78287130463275,40.72573333313576,40.75507247891191,40.74344205089864,185413.59003623488
2024-02-14,41.09065007638497,41.353119176920586,41.060864885249984,41.09721983426521,41.09270619371578,378731.1814754452
2024-02-15,41.18498242694168,41.201664194336445,40.89671861709169,41.19939598875621,41.20663963229526,194559.7784568688
2024-02-16,41.4198388955774,41.54144528339213,41.15841240881291,41.39068998057231,41.40497149255802,315943.7377763546
2024-02-19,41.924472095401725,42.051421106758056,41.57658319755196,41.898909198539776,41.90729780987041,583233.9654104925
2024-02-20,42.958331857005874,43.19769349695744,42.80422457833856,42.96714560246348,42.95429985250721,559573.8658403235
2024-02-21,43.90012533594456,44.24039344095842,43.66308348226458,43.958920757996296,43.95169238015137,176727.31037276422
2024-02-22,45.11100681651031,45.15261522191506,44.72289662158716,45.09238084677664,45.100896637867365,536963.2886479513
2024-02-23,45.7580176656525,45.87596297715765,45.73970527094604,45.78504478849838,45.78300696396293,104427.00822115796
2024-02-26,45.52292725338803,45.86338545657319,45.36944907781457,45.55706348090191,45.565603162606095,348281.53516125365
2024-02-27,46.192607681761935,46.28099186816811,46.23790861694325,46.24620929502704,46.253044039191,620793.3420677399
2024-02-28,46.431367663686856,46.63553054300128,46.355406266939376,46.381945769144885,46.38877890950127,202957.8978154701
2024-02-29,46.98954024242849,47.062299973535175,46.83539682455279,46.95077676550058,46.96121470608667,166248.71100904915
2024-03-01,47.93430879321522,48.06247944036701,47.93425427872844,47.97778716900021,48.00610525485794,582481.0679105166
2024-03-04,47.27444237036604,47.29014964247096,47.17975756153041,47.27287293693551,47.281699922157976,441014.0050422653
2024-03-05,45.808331393009375,45.93610654145934,45.69019739204717,45.76538329685,45.77868288775479,256361.41873216303
2024-03-06,45.90118721003623,46.29296818141052,45.89560656662263,45.91622464713563,45.91752677232665,266253.27052223345
2024-03-07,46.580932334939575,47.18078709366002,46.45546308000743,46.59214231136007,46.59099737764187,151811.25388160374
2024-03-08,47.29580226393957,47.31222641732312,47.1385885420797,47.26833141557139,47.28626470646237,96708.9487231994
2024-03-11,48.1152922138808,48.42800020681583,47.98986178173318,48.06552110538308,48.06289994206456,121546.7274912858
2024-03-12,48.86599027591103,49.37487938933729,48.62327979736683,48.88353320861171,48.89606459571258,158851.05378559022
2024-03-13,47.69875943387216,48.2854365598961,46.9898564597512,47.722451671309045,47.709413254633766,224524.7035163247
2024-03-14,47.47786653068313,47.833071042587605,47.24450761942951,47.527624633532575,47.52639608767663,186452.58665946615
2024-03-15,47.0061440603076,47.064163026111146,46.804175113201694,47.008563849019545,46.99400826030485,172202.6764120746
2024-03-18,48.04391778930342,48.13686519207643,48.04800923654773,48.11170027451447,48.13788746098615,114931.14072889356
2024-03-19,48.76406067187138,48.93961876453128,48.49762009079393,48.83413125428192,48.83669577950946,238140.81072501192
2024-03-20,47.79073554599008,48.20456894789203,47.83571895434247,47.83613665747534,47.80642226826223,362754.6133777955
2024-03-21,48.71917020600605,49.00312616228763,48.50317165729647,48.68132740998305,48.685170619839525,378633.7022843991
2024-03-22,47.39543069980963,47.54216620240537,46.92650175811394,47.37205653731854,47.36610042198602,380556.11712650594
2024-03-25,48.74991625962932,48.97393055190471,48.73972232925251,48.758533653124026,48.76000893677156,469584.3907736276
2024-03-26,48.78346594507921,48.78257670404323,48.61794521956383,48.71771303047991,48.73440518346574,59097.64255721743
2024-03-27,50.337451098509085,50.48931018938319,50.28816111466083,50.39284427189556,50.39297169541285,1155033.7654051783
2024-03-28,51.56352673446227,51.78163246145754,51.346245347378215,51.563054282039566,51.5553575648749,599253.1982643206
2024-03-29,51.457594832292685,51.46504590229453,51.01978173739227,51.31290400804676,51.316392727410346,302202.9906927129
2024-04-01,51.48689299291669,51.542606219566494,51.20524219282458,51.46881712006861,51.451839193621545,219789.99712340825
2024-04-02,53.05744889340357,53.42549914483733,52.63019142029364,53.02010379857241,53.04002513156047,228569.63015986411
2024-04-03,52.5463407735908,52.55127686225795,52.391492312475,52.51457879923669,52.50808891975425,225554.73217656705
2024-04-04,55.21731412949637,55.60532410281101,55.042866454916826,55.15648825665079,55.1317798076518,71992.18099103971
2024-04-05,54.79702559510685,54.94765224239266,54.68532751854798,54.77247127686013,54.78555750112941,237692.54507155303
2024-04-08,53.73473992624609,53.74853405459207,53.52155124674072,53.71367015366544,53.700181635146464,255399.18731925
2024-04-09,52.94558691451871,53.11744709496474,52.72167648936441,52.86746218990511,52.87248223878456,347713.4200650305
2024-04-10,53.46918905821823,53.57621313800921,53.21367988592772,53.40537526103428,53.41461094716718,362785.4911918658
2024-04-11,53.19111962902853,53.33592866886628,53.05754522946249,53.18805913262407,53.18077796196099,572346.8027915742
2024-04-12,51.39059982409978,51.73871477364675,51.305458966111736,51.43183271856226,51.4110227405712,229052.0091729372
2024-04-15,50.70785645089966,50.837813584206025,50.65919588691194,50.68737002135702,50.68365366314826,309772.08544076665
2024-04-16,48.13579368712969,48.65941911659682,47.9754999617176,48.17540316519936,48.18680258542785,271405.5804386068
2024-04-17,48.75589108200544,49.03026524734894,48.637548382278034,48.81934707840898,48.80565771407144,403585.078304875
2024-04-18,48.78276788711431,48.90105338374636,48.39603040975901,48.75522346931587,48.73384760757041,188738.1337327733
2024-04-19,47.74586001400736,48.220904359275806,47.50735846199777,47.78338485501929,47.80137934797724,564486.853856633
2024-04-22,48.5825637316966,48.99244895993651,48.27113316059328,48.56940728315664,48.56940728315664,310357.1486579033
2024-04-23,49.66837584485712,50.10548990985486,49.54400617280668,49.61596287990532,49.60892441569372,102988.68052437477
2024-04-24,49.81723934321647,50.59236998262144,49.525387300067344,49.88620870534224,49.90368129050632,273850.8684462928
2024-04-25,49.42672111732049,49.61501097927474,49.1147559144578,49.38857400148219,49.39102789644736,286760.6664531894
2024-04-26,49.45220480262319,49.4921499317603,49.28991009812909,49.44608632206671,49.43570607462591,404778.2716121013
2024-04-29,48.948420069523785,49.099413299844784,48.80346890222023,48.92348002519128,48.92931350401956,372808.93113979127
2024-04-30,47.69947218660395,47.751513903920056,47.53755590915981,47.63832554655173,47.630051725016685,423348.5582548086
2024-05-01,46.74332681776776,47.29290511856967,46.786112021613945,46.79438077966821,46.825286959758735,91718.31074669356
2024-05-02,47.213713967179615,47.37220294722749,47.13423923565581,47.222973640438056,47.21043686758527,502682.96757602267
2024-05-03,46.59005417300608,47.04913478554403,46.15660989058426,46.57055175354381,46.59791258853613,401228.3096074372
2024-05-06,44.16834776309167,44.51587258520874,44.09780636730826,44.16475256118523,44.16586792382424,277550.60395718773
2024-05-07,44.21942281926757,44.54346699273658,44.065187705455706,44.23998117826398,44.22816684291091,336696.95007878053
2024-05-08,45.68216879283145,45.77775553975453,45.41653316701502,45.7270366401378,45.75067569965152,177104.0973830112
2024-05-09,45.78627744413076,45.85381354498368,45.65822659814708,45.75602960876356,45.74260895334378,154163.27925434517
2024-05-10,45.44227410952794,45.41463585505279,45.22850008611447,45.37585803395199,45.35531477210608,155929.15412895125
2024-05-13,45.97854491156034,46.11003327274808,45.77665509582767,46.03362289282977,46.030859720707085,591561.3714958794
2024-05-14,45.57109719149332,45.60058723453879,45.38076232137693,45.56434493803971,45.58369097597982,210770.0762733044
2024-05-15,45.24996078484793,45.45102170995398,45.25079098301485,45.27125467163679,45.273118669655496,330753.4043144277
2024-05-16,44.41753077864827,45.03060258812969,44.15009892668475,44.52172647635526,44.50492561982444,132365.13524083345
2024-05-17,44.49521049795933,44.42702395523813,44.36650731854085,44.39101540521272,44.381757777678594,285168.4917720794
2024-05-20,43.93180729721155,44.05315849120332,43.77365445783495,43.92921074792433,43.933694587401575,398529.81088227575
2024-05-21,43.86107991955939,43.91070853721279,43.71132088530136,43.8586614469648,43.85545766170252,179676.12201014668
2024-05-22,43.43441510355533,43.4254558276928,43.04863090234468,43.39626897457822,43.40601832791692,331113.03153202776
2024-05-23,43.291495139551856,43.35660968900822,42.93542859816568,43.24210049176078,43.23771909732525,264467.3074230264
2024-05-24,44.59697012707976,44.737037977197765,44.59044210173504,44.64052809018996,44.6350532261611,509330.989136993
2024-05-27,44.76306630568204,45.09597383294824,44.75477167508167,44.79043597248633,44.76851430300233,284959.91939052456
2024-05-28,45.24278292047029,45.43786854774967,45.21078647366471,45.212873481961466,45.20665343213051,370137.2471075603
2024-05-29,44.38442130961258,44.280018753930776,43.92040555329266,44.270471200943085,44.28787343622509,138028.1437886751
2024-05-30,44.5029189116708,44.647286660056174,44.45183992269632,44.549447812864095,44.53902219152347,763903.8225835757
2024-05-31,44.72539713045303,44.98998854227348,44.56740801391907,44.74264787233272,44.75192634687197,212209.8252941035
2024-06-03,45.99234252480145,46.05489037257301,45.84325507316103,46.01793398845796,45.99827990595775,122201.24380880044
2024-06-04,47.27298015940748,47.30286417002304,47.082508895041805,47.28609700451726,47.2813657535835,455484.6115163912
2024-06-05,47.570219000996815,47.719688259072825,47.33006260026,47.52563506601539,47.55683323002294,681691.0836868144
2024-06-06,48.20783632538362,48.22814648378734,47.97841278369248,48.22783075743624,48.22668368443994,309497.360552633
2024-06-07,48.71081234217985,48.78942157246809,48.41053516729492,48.712101857576265,48.73020150010972,111849.76331817146
2024-06-10,47.6937968585871,47.76216693616875,47.54944616366507,47.68235396127746,47.68867351582124,902867.8777718786
2024-06-11,46.51540078977142,46.58146163845674,46.394385015212,46.47452848190866,46.47692110186021,198128.61155738612
2024-06-12,46.78249973182049,47.02909564941725,46.45265647161712,46.803644254357565,46.82166088982466,213705.03843335147
2024-06-13,44.53629234341814,44.666014461368256,44.580130663133474,44.61716424898431,44.60277074089404,241588.361687457
2024-06-14,44.73322380587632,45.28971006968805,44.4667795340231,44.77551097852768,44.76334966047405,163370.30806414984
2024-06-17,44.38081105044306,44.401462299060334,44.30709072817229,44.39701111393708,44.385563512541104,115378.88687753514
2024-06-18,44.74055750591035,45.08033120031059,44.48706876718825,44.72762354296954,44.70514504336528,105677.92144505472
2024-06-19,44.84315159007669,45.11660555290187,44.47120682439196,44.84167962471013,44.85072332572169,213021.40171914597
2024-06-20,44.41775117252397,44.43447944815853,44.09326644805963,44.43244888596131,44.444740010162086,230542.39048215657
2024-06-21,43.8137443938578,44.02519465651984,43.59973923929181,43.80162026677709,43.78158396225411,131067.92396977232
2024-06-24,44.49045726177635,44.50250579490168,44.43171557360599,44.47541320155649,44.48537797880988,386990.4075883267
2024-06-25,45.09986180894367,45.09024280540728,44.94167956020993,45.05137978400045,45.03277875569321,354367.6219887755
2024-06-26,46.6258323129037,46.86371739172347,46.46720666581384,46.60530091158064,46.58989991562158,337886.5541234131
2024-06-27,46.736429703304864,46.78375657486279,46.69165427031017,46.75124161451899,46.7615185969559,480413.9210728158
2024-06-28,45.548193863497154,45.63068277978372,45.568894748398485,45.623646656448365,45.62007876091867,569294.6176344113
2024-07-01,43.66810567215789,43.7111107940132,43.48541575327172,43.6783276134661,43.68805308635528,184338.0430664715
2024-07-02,44.613505115473146,44.87260782088406,44.35614317670124,44.65423158521377,44.647648409048905,188268.1647333822
2024-07-03,45.81617013331679,45.9161008550365,45.7337087971078,45.85044118304133,45.84218449476691,83104.49461490873
2024-07-04,45.57776032640248,45.6614015640835,45.36383487815348,45.569347673980765,45.563789413650845,139932.64902564624
2024-07-05,45.614977958355695,45.9017028680566,45.44308288321796,45.538393952792696,45.51594976113967,292461.6455873407
2024-07-08,47.03037383059608,47.20286616697104,46.660555751846296,47.06124212462792,47.04849389433303,282424.2966000087
2024-07-09,44.71711118780787,45.029430854539086,44.714516853755256,44.8310876353317,44.83927165832501,851373.4475403299
2024-07-10,44.85057672052687,45.0879365209777,44.58962986716353,44.85640618318503,44.84985315395908,359945.9411734721
2024-07-11,44.61883860693301,45.10021079962164,44.53109359879264,44.70077059711538,44.70434736770546,344019.1462018169
2024-07-12,44.09663490906695,44.112291397256016,43.95834604132665,44.09851720897321,44.1065890835407,422363.711647238
2024-07-15,45.6056435661875,45.670869645970726,45.53319961544984,45.543493757140354,45.55761060452683,62943.90996706453
2024-07-16,45.88922995697556,46.19821444528348,45.47531784457707,45.940202825505246,45.93897776167334,337333.69918509567
2024-07-17,47.01765701251384,47.08912277832339,46.82391219669103,47.03396662271617,47.03629287226973,236822.04873869783
2024-07-18,46.29797484300124,46.61883544796598,46.2173505763359,46.30177828662064,46.30001907690503,489222.8619650346
2024-07-19,45.712915545999145,45.770178716535575,45.618535211142095,45.690838655102745,45.70259476825441,230285.78240147288
2024-07-22,45.68289189148424,45.79717608973253,45.27246990598752,45.6857702139603,45.67197144583046,145172.2508143441
2024-07-23,46.43596576498452,46.59603117204355,46.165057332731934,46.49741937787314,46.48254521391973,276700.4528679676
2024-07-24,46.15014405100416,46.252594426955554,46.113279618729386,46.1408384723012,46.1474667335214,514464.080830357
2024-07-25,45.56204015661511,45.67844125276747,45.404874963009625,45.51972474409657,45.51903022036751,178996.21341710322
2024-07-26,45.58503430815466,45.88029572308015,45.43111117688194,45.578000321285096,45.56783565483961,283234.33983446355
2024-07-29,46.956065354932186,47.12364470279909,46.87260355328559,46.87690459834941,46.8749989156355,494105.3867598052
2024-07-30,47.313270642882856,47.32479046140364,47.20870375125379,47.27987334084525,47.29045711359142,450555.627486238
2024-07-31,47.22026931006837,47.37772752728964,46.96095668979397,47.19823850133442,47.18882571086192,245054.05367260068
2024-08-01,47.02969750511325,47.24808790917019,46.88794484980334,46.98025190514658,46.99580289911101,117704.00163699828
2024-08-02,48.2814262086446,48.63797786192935,48.02148189661883,48.20498569277503,48.19389540692203,137326.81435535892
2024-08-05,48.58650945864124,48.821876738950046,48.53803109833235,48.57197308459671,48.5660665506451,338510.0919360477
2024-08-06,48.83967616571336,48.96802625846153,48.724353912623066,48.9254449596366,48.92814683813835,305475.94086365786
2024-08-07,48.42227810704925,48.55881968466784,48.374139161049854,48.402101596405856,48.39411727995164,182871.90657131045
2024-08-08,48.88470888969811,48.9988963535256,48.8278573791806,48.88808453453664,48.890522202648,330842.0010751884
2024-08-09,47.86298781600765,47.99136513460949,47.63177666015199,47.882706535416,47.90056754411777,201465.4937115513
2024-08-12,47.15375835414268,47.11239518305503,46.92979787315942,47.08388168546895,47.07871592332627,241136.39880378684
2024-08-13,49.20450232838733,49.29006650880424,48.66923419205639,49.18239634966636,49.20027113698024,692378.3966030956
2024-08-14,50.7767338558554,51.51648069488382,50.63249214035987,50.80242440581135,50.79857157884324,722434.2106441418
2024-08-15,52.11987864044946,52.24019809770294,51.98769516930457,52.08126910255768,52.08409291755209,260843.6547593752
2024-08-16,53.86754730699998,53.86072416468755,53.508792978424005,53.819481404662696,53.85095524181683,266101.7399458373
2024-08-19,55.02417688621208,55.4795918179427,55.04465430069074,55.11262768105104,55.09932509902946,217976.05101314816
2024-08-20,55.14020696638603,55.59696348871645,54.99655545279101,55.24132714903675,55.233045348958896,544434.3627244149
2024-08-21,54.31399765884786,54.52154778976862,53.82432397063333,54.257296622722365,54.266468352997926,169688.7689984111
2024-08-22,55.45048819332394,55.77956633371808,55.23444627905455,55.4532993757982,55.44316121299968,71145.31298844345
2024-08-23,55.74974316000736,55.84851355709292,55.309674231532185,55.68605401485437,55.6890775375752,316308.3996382092
2024-08-26,56.40244165910897,56.56324654526384,55.81958693736193,56.2833540618256,56.290860486555886,711903.8325208168
2024-08-27,57.2053238549292,57.24279770840797,56.89091803231889,57.18828965703855,57.180304052557474,1063915.502002673
2024-08-28,58.80628957192587,59.02251508977253,58.77516324190552,58.7949937267255,58.8006537021824,170898.95536075646
2024-08-29,59.22625642402753,59.41098016887698,58.96524532486983,59.24604772594526,59.26149596600253,581326.5222574217
2024-08-30,60.28316226507327,60.31237969985181,60.11998433919403,60.27612421388519,60.26190028923099,205029.57447268884
2024-09-02,59.284902538592846,59.491212371831885,58.78293051466414,59.35100148112543,59.34211298507367,642434.3724203298
2024-09-03,59.61085431525078,59.90588384436943,59.40942888967633,59.587832541007934,59.59456402871756,166626.70647845883
2024-09-04,59.03277671415469,59.15269471630005,59.06531080620095,59.115647198932585,59.11912716372375,566005.8351659792
2024-09-05,57.89580623296399,58.24049596798413,57.76995562882821,57.92251618959731,57.91243286537168,355954.3965945677
2024-09-06,57.96349478179875,58.2819171583732,57.71172848625466,57.9381485319697,57.92139350873393,646556.5087977371
2024-09-09,56.87952326598224,57.17258247784488,56.69562101561192,56.872762690544334,56.85619877709457,272085.6177888245
2024-09-10,58.372322849924345,58.47032522195826,58.0031956378026,58.314944802022055,58.33160654093685,463239.8095548582
2024-09-11,55.378146460797296,55.6768060107899,54.92993923903699,55.40874085588196,55.41840496116201,145899.09852564393
2024-09-12,54.33091689400884,54.40381358711377,53.97319733909393,54.33035162677951,54.336076930319926,140714.48043609664
2024-09-13,53.27630218207864,53.4034112460774,52.89178173488349,53.22737757354815,53.24948728646893,360494.848593851
2024-09-16,53.19362255218905,53.32871785997696,53.14939097974998,53.16255161980779,53.1692756271452,212054.3923498793
2024-09-17,52.67045028413361,52.5304402947136,52.447651346152135,52.50025610790577,52.52751533312264,209977.25760456343
2024-09-18,53.17999700327861,53.71890070138452,52.99787446885048,53.119901867105824,53.09318429403698,219866.7160139455
2024-09-19,52.93909222633407,53.02774047149221,52.8431135002048,52.91759522990976,52.92238437685499,218523.93013225665
2024-09-20,52.67025118453197,52.79448665889564,52.68288037223519,52.76403132665023,52.764635230852136,216057.04732519548
2024-09-23,52.83228929093367,53.10410689975687,52.43662770284085,52.79770079905506,52.8168683748188,426207.494914328
2024-09-24,53.02313827768866,53.11535653404545,52.97132895207453,53.04752243492699,53.04784038066464,75061.64390343474
2024-09-25,52.39559540327496,52.51155191116784,52.015876636772056,52.42476204057079,52.42476204057079,237193.9052963846
2024-09-26,55.17926061015476,55.337679253033606,54.67756801639902,55.08062530607273,55.08761642534297,275760.9957803497
2024-09-27,54.63197874737722,54.76908307030232,54.52298256548518,54.64618004556972,54.636994783104,158122.28074312324
2024-09-30,54.0636060762273,54.693012554945454,53.94777603286472,54.104246119915416,54.10226816556426,132392.680883234
2024-10-01,53.32850593161773,53.56542264398664,53.19351964611286,53.24396790240228,53.22943693509534,244308.17368126748
2024-10-02,52.80329673370202,52.91238313765536,52.51892179027694,52.815785573868446,52.82114260354288,178519.90424452227
2024-10-03,52.86964121572215,53.086906506487416,52.54350837350595,52.853162986806346,52.875183722043744,187671.9805347893
2024-10-04,52.2377090478377,52.276834062845886,51.69100270311164,52.24519537161331,52.2565424323271,400824.1463445951
2024-10-07,51.95330363223796,52.14813633360628,51.79779693709209,51.94732881460692,51.94867039176096,187846.51134812864
2024-10-08,51.787442637114246,51.8055289243494,51.55102233982123,51.73160794715496,51.73829492396229,244865.35053087684
2024-10-09,53.05667769810577,53.153573232844174,52.695650716732295,53.053236662470624,53.04732774129751,140650.28034378254
2024-10-10,53.85399665305542,54.03659199213876,53.48641490156178,53.83018601600083,53.84895843741579,889450.1050930482
2024-10-11,54.10938785218365,54.18546963019854,54.0827954412647,54.13171469400751,54.11731034932848,142716.8125265832
2024-10-14,56.74738082896106,56.97497405875372,56.463340927434,56.67477901437756,56.65053416439509,116066.30518188058
2024-10-15,57.142790168084574,57.61556558549449,57.13883116710627,57.20556786061088,57.21014548736263,242714.89486900347
2024-10-16,58.23465358888922,58.42592530173279,58.14164532927459,58.25361449315076,58.251618218722406,164789.2983475997
2024-10-17,59.36880320928588,59.75076211285605,59.21639880570208,59.513704468253785,59.496746801760125,357772.57101075974
2024-10-18,60.0747838819427,60.48817563125583,59.97327653706293,60.12416271509104,60.10945603462986,159523.5108066612
2024-10-21,60.88207940698286,61.34942954951013,60.70754605703881,60.81737402048172,60.8110882595352,446962.7868704016
2024-10-22,61.46255150000759,62.12420556106552,61.095271058814674,61.51315500024341,61.5078727087188,355645.8472395562
2024-10-23,61.87435349958034,61.94575537163038,61.8774778143078,61.9000900104218,61.90130206171428,145837.0114681142
2024-10-24,63.917366200805866,64.03664875967156,63.68597232422042,63.911669497253165,63.91351333519769,204985.28145227567
2024-10-25,64.95614393500558,65.37541946400223,64.6580167281064,64.98315145575677,64.98470343405737,117079.29275270471
2024-10-28,63.98896790476532,63.98535551738782,63.91390762859243,63.98530318330229,63.959854927331484,342455.85999264865
2024-10-29,66.29409319820743,66.96541492311022,66.23262462475556,66.2799953854784,66.2799539165491,207727.3878693199
2024-10-30,66.13942370957709,66.33045800154656,65.84676942155049,66.086563262479,66.08946729625711,201380.7147768432
2024-10-31,65.30312523691904,65.72789899805258,64.96975827021393,65.29806195196869,65.26330367381293,335136.3834015699
2024-11-01,65.98278201950723,66.33976772629394,66.02442427138561,66.07602449717228,66.09262160888787,272893.2206827794
2024-11-04,65.10072152506446,65.43301649648322,64.5957295956174,65.14923621028615,65.1524994767816,228974.62498550516
2024-11-05,67.97880588244335,68.09463849870767,67.89124229885888,67.92243647176251,67.93383915755737,341986.3297621609
2024-11-06,69.52884803308459,69.64041021055357,69.04878458759593,69.52441776236013,69.50786052006032,204348.8749078455
2024-11-07,68.7084345685868,68.72442335147996,68.56075875224565,68.61032009285833,68.63056626063991,233744.83933029292
2024-11-08,70.95481545850903,71.15437762830881,70.84186934720209,70.97841231566457,70.97330133976996,255649.64939164591
2024-11-11,74.29194021318703,74.3531470344706,74.32949724983382,74.3487485366858,74.37678209988589,294200.0498770869
2024-11-12,73.194033762165,73.345273635416,72.99345067733837,73.16788958581867,73.15024778390557,242589.48892035836
2024-11-13,71.39022524107921,71.45790686707042,71.32435129897823,71.3938830158379,71.3901821406478,403625.4808936202
2024-11-14,73.1382034850278,73.81774544684018,72.943905799284,73.28143388437276,73.2641963666468,147436.29283479732
2024-11-15,73.26100892047872,73.45386015481172,73.06896861251225,73.28609984603226,73.28279439227701,147250.06527182704
2024-11-18,73.10859981782853,73.59516354545902,72.93332540809251,73.11894188822558,73.11902131703187,110113.98510401032
2024-11-19,71.77318060267042,72.03830469750508,71.5100774482881,71.71609556231797,71.71870011108113,366522.24961116567
2024-11-20,72.45152640096795,73.52233328207222,72.1914127834413,72.43306459971548,72.43634641014705,225653.0109069649
2024-11-21,72.31399125152912,72.98982726109925,72.13406617175927,72.25059429700543,72.22526384433449,259500.82384320785
2024-11-22,69.09858034019129,69.31763739060433,68.71277256617823,69.13478377645951,69.13450833083046,93230.46491753586
2024-11-25,69.66573820097098,70.03350042553983,69.26559005250509,69.54946897685534,69.53692594299325,356200.2776398315
2024-11-26,70.09913609637105,70.04801929057024,69.81670878247311,70.03329829756515,70.01174410144858,263946.9027684242
2024-11-27,66.74737210417737,66.96857135083117,66.84194175750734,66.84797738042187,66.82938127441844,322249.91207210906
2024-11-28,69.38825194599612,69.74905875319185,68.96598615562489,69.32519874469328,69.32666418837032,783647.4933539825
2024-11-29,68.80049730740014,68.88336083890144,68.62984984480798,68.76129897552607,68.76527632094434,184082.6370892633
2024-12-02,69.73158268929974,70.08345175706407,69.5874093696736,69.75153698602738,69.73913022136536,166834.89166231916
2024-12-03,68.06065480834614,68.1246417563211,67.53540408385653,67.92996262593991,67.94381185161731,368051.5612554853
2024-12-04,67.28670560488999,67.56252331578702,67.04243480453378,67.36250455514929,67.37522039071168,252868.15266543737
2024-12-05,66.19245012047489,66.12546194083234,66.09683198626605,66.11426997476585,66.11687466855082,150896.074370784
2024-12-06,67.1505920181096,67.61814323504332,66.90072442591332,67.16398492406937,67.17981482797738,362533.70923412463
2024-12-09,67.25952844054054,67.44917539304137,67.09141176144487,67.35940987025529,67.34695918390746,182699.4392931055
2024-12-10,67.53704476170329,67.87079670489948,67.42564356448685,67.60120061767034,67.59816973856854,102685.17027845506
2024-12-11,67.63356341576511,68.30819066570523,67.6902030183935,67.73882953932623,67.74231954415062,208784.49803940463
2024-12-12,68.94434274871851,69.06752639522789,68.5929057800066,68.90618551730203,68.89686896823517,548314.1938447419
2024-12-13,69.27356306232399,69.46023718573544,69.21590052841907,69.23715600905639,69.23690279476176,428138.9691576867
2024-12-16,66.23219973369392,66.68187835735286,66.19462302525163,66.27881745584874,66.2486324750534,523948.0591174943
2024-12-17,65.45183831887424,65.93246510624844,65.4522774790569,65.56443720806445,65.57661940883334,230138.73307064897
2024-12-18,65.64412907376348,66.11069610490595,65.65450974769415,65.74233783522234,65.75477199247487,203926.68057674737
2024-12-19,68.04892902778573,68.19308163850098,67.14657718791,68.01865470317814,68.02286068560186,0.0
2024-12-20,66.73905362617506,67.22167864974556,66.74641440187433,66.86682101293162,66.8727333160023,103837.89478686638
2024-12-23,65.97149203612838,66.15313304604699,65.83320264728776,66.08999585560477,66.09763051428388,452171.0183043968
2024-12-24,66.18143469726041,66.5554339924187,65.66319680108302,66.1813132276244,66.1767854474631,212488.0739628063
2024-12-25,66.42803673351663,66.99441375666599,66.34394035686579,66.39480065002135,66.36899872094193,47825.52331069627
2024-12-26,65.53984797760525,65.56659148662062,65.13494044792613,65.5353262862621,65.49997699026432,305515.3476392878
2024-12-27,67.3236412717933,67.39830655674908,67.13577746123644,67.28734365311831,67.2984408947111,280590.18404253194
2024-12-30,69.27275391073611,69.90250615075925,69.15712177118074,69.27897138751254,69.27310563550543,654103.8295710383
2024-12-31,71.27106246249555,71.79604791742099,70.94020474195645,71.2077861289305,71.23041396784237,248357.30286517052
2025-01-01,69.81566917937648,70.13486372294074,69.6979258655528,69.88813880228138,69.88757910902936,242162.1543346556
2025-01-02,70.7303757107703,71.30520476855722,70.419498681982,70.60374240980123,70.61593069242143,1646802.88777415
2025-01-03,70.87406418302227,70.97407641417003,70.35844859344867,70.81701299071781,70.8073559915355,273590.0270146798
2025-01-06,71.80387132442831,71.6826452032809,71.58284863486725,71.64805495150542,71.63492257946591,467755.034788398
2025-01-07,71.90077424182881,72.19526805885666,71.51970619356037,71.9723065289055,71.96424891117572,108284.4974661168
2025-01-08,71.77008111426568,72.2490965022246,71.33109803635989,71.8147459273958,71.80175538054037,605743.6597368434
2025-01-09,73.28247620382349,73.51987982267194,73.27031308930586,73.32122411679326,73.30168218180431,247036.39544347627
2025-01-10,74.1451445220552,74.38822865933064,73.63979188962733,74.24912539675223,74.24541063191347,145908.38136632883
2025-01-13,75.69502474752689,76.35472406349221,75.13393953115045,75.64663737045336,75.65554854781823,251512.61652985492
2025-01-14,72.49527723043163,72.69486606161354,72.26635993286594,72.61195527486096,72.59601116991092,491727.10293193744
2025-01-15,71.98544648838782,72.30893564736013,71.38096908226923,72.05473441049993,72.06411446941817,456722.0179014437
2025-01-16,71.30657283576288,71.67915616777182,71.1917457667409,71.23045394592698,71.20291259757843,135974.1138777292
2025-01-17,69.30861288978255,69.55959023790074,68.95961665716973,69.26282712647664,69.28065529099788,308218.62540700386
2025-01-20,69.89762466438471,70.13300287888977,69.83496405370643,69.85185578354104,69.86371503768895,290206.0156712597
2025-01-21,69.37646748929009,69.54087296149437,69.3829475487129,69.42334219897222,69.44016223252521,121640.30111361496
2025-01-22,66.14783613854512,66.28141497555231,66.1356395825902,66.13724539987538,66.1294103352814,118964.34954508024
2025-01-23,66.13407144980062,66.22923539228931,66.04824157646536,66.15555337705214,66.14865944032434,389968.328638363
2025-01-24,66.42481989104779,66.90721493087747,66.31638939625384,66.45929034497064,66.43051212585928,253571.8909999349
2025-01-27,67.30803221115937,67.60402461269129,66.64337377388372,67.19689233350311,67.21026321658017,324861.592126619
2025-01-28,67.447631827133,67.72037318438413,67.44867058921358,67.54778520709857,67.54201217733974,243847.84841914437
2025-01-29,68.53922037636028,69.02922036437411,68.5069719748968,68.51043506230017,68.50921132118118,220898.53256097436
2025-01-30,67.3178080103572,67.59058225558987,67.19286389116198,67.29529347617553,67.27898531893739,271741.21065910434
2025-01-31,67.72789873591425,68.00639077906976,66.91859828939717,67.69208167124266,67.6681589233305,294906.1761397259
2025-02-03,68.39852131787575,68.62560244476238,68.39556250922409,68.4592012938351,68.46050643011485,179897.8330580919
2025-02-04,68.51843416076498,68.67296955821493,68.09193335034047,68.4967683237475,68.46012775090352,167507.89704020965
2025-02-05,66.23725244160502,66.58640179248457,65.82347208083904,66.24502658457007,66.2448537777945,173800.3290158717
2025-02-06,66.88387046262257,67.11431436190094,66.43453116063888,66.88428358847395,66.86528343685995,241027.4105543052
2025-02-07,66.60402476914695,67.05443874592866,66.55504288128846,66.56640188244576,66.57471073027051,271197.10269983555
2025-02-10,67.30118019628897,67.36826356980211,67.11887221324756,67.27544300610876,67.27132851427834,378940.7395237851
2025-02-11,68.05316018427851,68.26546358856375,67.39755860604471,68.04007302779588,68.02319959232,431742.4764841287
2025-02-12,69.8047423498842,70.35129433268965,69.82443882279709,69.8445557407777,69.85944152011973,285788.54822841875
2025-02-13,70.75581370747904,71.43835889884367,70.32794576259728,70.73777668553635,70.7507409095525,236040.4181580602
2025-02-14,71.74098411930962,71.93948909118313,71.56475429827267,71.68366159707149,71.69869445571207,379166.2017421432
2025-02-17,71.60683525163888,71.7991136100612,70.90124685330844,71.63570124359084,71.67066670496801,90389.13703617392
2025-02-18,71.30913327180845,71.42399634571872,70.91774661126041,71.35873571117251,71.3631168921947,403255.8958613549
2025-02-19,73.19535949756856,73.2996171923355,73.03186498954149,73.28215800822854,73.27410150239318,274396.66995902575
2025-02-20,71.03089281938482,71.07899153889015,70.6927219924645,71.02739267641643,70.99687575834538,180317.49674935435
2025-02-21,72.86797637555122,73.41667332910886,72.85745358006936,72.97472943197236,72.99483730139809,292208.11879079445
2025-02-24,71.63880304426915,71.8170463701761,71.2648613404918,71.41360741054513,71.43757354494147,228449.3839355817
2025-02-25,70.77783601322982,71.14413109415365,70.49884834509028,70.81224966088635,70.82541656905126,157393.78135130147
2025-02-26,74.69625453470412,74.95422182629424,74.58548861694182,74.72966877957003,74.72758320118432,420376.2430298562
2025-02-27,77.27273448124177,77.42084397691764,77.16847812861067,77.32293583767589,77.30862142365984,278255.65293834696
2025-02-28,75.561604657541,75.77730707922069,75.24087771572076,75.50306221526104,75.49476734356593,207784.40866763907
2025-03-03,76.43767158825709,76.48025181899266,76.22031459529873,76.41690709212712,76.42684894956201,174682.81927302323
2025-03-04,77.36980915671485,77.47861414828658,77.24980173355173,77.37049410813107,77.3793233870556,1127160.9655297264
2025-03-05,79.75391731462736,80.30949099903255,79.6092707643535,79.66616841467622,79.6536225467182,71842.36111075104
2025-03-06,84.81552559634142,85.07820724564162,84.09871268713262,84.78389713818113,84.83641211293785,224921.40121357492
2025-03-07,86.9975663052466,87.31152355330232,86.77358279320474,87.14587800750745,87.22077077860747,93769.0081805222
2025-03-10,86.37187409146577,86.54238475599502,86.27032347470109,86.39573108401159,86.40212505531963,219266.6865875565
2025-03-11,86.51817441066642,86.53546369511882,86.40336948009312,86.42040940594435,86.41200385340866,174696.8137607679
2025-03-12,86.63158969953497,87.11333878922005,86.67176204945441,86.69305265399679,86.69242530601781,570075.9109196295
2025-03-13,88.5089054083037,88.79417562090966,87.84128412292026,88.52799175701267,88.54506263265802,168966.54556872972
2025-03-14,89.02544392548681,89.13502259938171,88.35808490795446,88.9884283090203,88.97890406947384,713611.7750020691
2025-03-17,92.58269291694072,92.74135142680964,92.04841856815942,92.69340575737613,92.72489308514903,530934.8272012767
2025-03-18,91.28711810662956,91.49946345409424,91.23705809949706,91.26703001721756,91.31379146448658,185391.19155041105
2025-03-19,88.03812782285681,88.0577368328949,87.69271933673323,88.02435507030144,88.00811653327035,384936.0488410398
2025-03-20,87.7601221399158,87.76308407950842,87.3780508102144,87.71193493248086,87.69061433087927,121863.099362718
2025-03-21,84.89795297857997,85.2266592860601,84.73823128005623,84.94693319616397,84.95720607905827,374965.9175607225
2025-03-24,86.3111674422923,86.38655111198565,85.75393979507737,86.21160767387337,86.20386853503314,659420.7298018693
2025-03-25,86.77261596431703,87.42350107470209,86.57088451000845,86.85742987417495,86.86670784638233,315419.5215907565
2025-03-26,85.95101899964666,86.7940274033028,85.77618349662994,86.04821849451136,86.05880060718833,214386.36600405144
2025-03-27,88.1033344438814,88.22810251722588,87.42595132407592,88.11361508360321,88.14988308494901,255279.020062233
2025-03-28,87.40829182549604,88.04381547590373,87.09224074943958,87.47009303175092,87.48738624997911,178323.3666553086
2025-03-31,87.02665826947258,87.4274264928423,86.71994894054578,86.86694998092509,86.88743435306472,108738.00695584044
2025-04-01,86.0609248121565,86.4554021805059,85.62173159158681,86.10802118882104,86.08092696475178,120761.5368245428
2025-04-02,86.10632414951185,86.4387447546285,85.7057696802645,86.00009984579972,85.99368444950736,395327.1717125728
2025-04-03,87.84093198262218,88.23375146832642,87.65533043123615,87.84639107267608,87.83351573828566,99232.36161455396
2025-04-04,90.97410207490894,91.27312709232768,90.55649826804108,91.11056834467152,91.13057138744809,420144.64277496544
2025-04-07,88.838448378761,89.1715560491878,88.78271492807144,88.90822201759507,88.90968196187069,1206116.593214816
2025-04-08,87.92966920617121,88.6271279434616,87.69774753925432,87.95607234120509,87.96868662914261,506382.4739302321
2025-04-09,88.59364363173866,89.23630737751706,88.0353864549285,88.49807320742177,88.49321839180868,793341.8042305198
2025-04-10,88.1212226402246,88.19315625960928,87.37820938117761,88.14301407626958,88.18867207612473,517599.5588200711
2025-04-11,91.68862515244297,92.54088382442522,91.721138924729,91.72436298785776,91.73011696460084,128019.99820629584
2025-04-14,89.24691395150919,89.4401859170281,88.98196713683163,89.32088932846528,89.32188496636628,545081.3092149408
2025-04-15,87.22189350153475,87.6617803717771,86.7425497735052,87.27584492072886,87.24441712336343,214472.64490809647
2025-04-16,82.88509190637468,83.18730796235768,82.38095781699081,82.8473624369471,82.87521435467988,386768.3945825963
2025-04-17,79.8806899211048,80.65023966004658,79.68300878815771,79.80046533841613,79.83255254935368,266136.7475027216
2025-04-18,79.47981033719401,79.56482474601378,79.1065447460015,79.42651328634065,79.45360459776187,239136.0640890977
2025-04-21,77.23461713503751,77.65311504075457,76.93825972342167,77.1582079229712,77.15180391546008,102446.86087399429
2025-04-22,78.33268246559805,78.85483970900502,77.80607900639058,78.45204770541847,78.44879814179781,316358.8107172634
2025-04-23,78.79930575194652,78.97220686718862,77.99451789170458,78.82461390100534,78.81221790828708,147498.15301238408
2025-04-24,80.48101769578389,81.07650216321775,80.25859746192913,80.39107042605593,80.39529786927496,215752.2414597417
2025-04-25,81.7388408342902,81.68682869207846,81.55224945073803,81.58319322455291,81.55958707033301,403442.39435087866
2025-04-28,84.88267032331768,85.60463347131048,84.77437425647251,84.949686729002,84.9714657696868,162835.40183823134
2025-04-29,85.9625690188329,86.19717184059007,85.64679979985837,85.9293821794924,85.91514518657864,153311.12944242786
2025-04-30,85.04147275266288,85.24730904616634,84.7636053559526,85.07539905543562,85.06664855846604,349193.2698721117
2025-05-01,81.66648900645606,81.91411377141299,81.56254096561561,81.60080866754538,81.60156437347318,374145.38223967806
2025-05-02,81.35245069809744,81.36029782890557,80.47174486343678,81.2528511052596,81.26572581524104,271090.69003668387
2025-05-05,84.50678929044817,84.90952863725842,84.4049026569178,84.61627671240578,84.59814258110634,575036.1627592894
2025-05-06,84.33254441965138,85.16400368464082,84.17894849893128,84.269451989856,84.29729255129526,242548.4460120261
2025-05-07,84.68983055642092,85.62663465212093,84.18575829486313,84.7107276886151,84.74062245654495,319255.8327970568
2025-05-08,82.14651446808759,82.3321320174103,81.93582764616852,82.21619693772685,82.23482347260871,170078.23190558786
2025-05-09,85.23902460404257,85.51380159408538,84.6739383499591,85.25373340556031,85.26475334098465,259452.69944361984
2025-05-12,86.82877622455263,86.89341478044976,86.69350038194905,86.80647783792536,86.81136498542268,85185.42317387654
2025-05-13,86.7991113732921,87.1954086374139,86.40014149998967,86.85892079420651,86.89940515335138,96686.1309798519
2025-05-14,83.13372998581163,83.42705118586835,82.63607691150408,83.11593116326142,83.13641129594517,391479.5865699158
2025-05-15,84.725214459522,84.807248185491,84.3297113692374,84.7088033163677,84.72813175706649,130474.82774903697
2025-05-16,85.08871895034919,85.70334553174717,84.3870027165206,85.22920826138122,85.23504719690735,230043.0911075742
2025-05-19,83.55251293342229,83.90942507414547,83.37620182873027,83.6374850956079,83.64765959414599,319174.28513609315
2025-05-20,82.93636000763104,83.11782964421205,83.02129588753404,83.07066677726637,83.02723233489307,146170.05516410546
2025-05-21,81.12866005735806,81.45194167397077,81.07222181157967,81.25622709921551,81.26370184695706,238242.70719127049
2025-05-22,83.39523192294995,83.87974709225723,83.3901397387624,83.47853700339081,83.490995085073,182846.24519773605
2025-05-23,85.02939351135986,85.34571813214204,85.05144267185489,85.07725537135424,85.09912650082867,104151.09172845833
2025-05-26,85.02311736433847,85.78516846566724,84.36545046828299,85.05340816268924,85.04893951242214,336768.81139939226
2025-05-27,83.3140767540254,83.81046043072045,82.88584528672314,83.40616985593317,83.41271249502891,133169.47257774486
2025-05-28,80.52571830490027,80.55042659691081,79.68885620656295,80.54608901485369,80.52893578913792,262563.3292164501
2025-05-29,80.53162039005295,81.01269528910288,80.12975628778446,80.55409256493698,80.57686797177243,1170857.9706453178
2025-05-30,80.69029403551033,80.84769537509635,80.2134602075347,80.63585650775339,80.64232003961168,184762.96263952408
2025-06-02,78.90346258960211,79.43830843563839,78.7353940705522,78.87457410831314,78.90120239177806,556275.9274956923
2025-06-03,78.39004146115317,78.61688885733075,78.07206309783712,78.50880415005453,78.5074932242799,394580.95731890335
2025-06-04,75.63635846773927,75.95965548260055,75.47999577950307,75.64673349691266,75.61151396848695,89207.04866428814
2025-06-05,74.74805078384912,75.25435050517028,74.38295844490247,74.74083436809254,74.76650689837162,145526.08281836298
2025-06-06,74.29942328566958,74.94214265737266,73.72442001534108,74.2356227473792,74.22199456980208,630312.1026123998
2025-06-09,75.12153445920228,75.38186682835605,75.19487617491518,75.27192084721604,75.28406294190847,484005.74423310434
2025-06-10,78.1368702159739,78.77770681556537,78.06201634403685,78.16586241751217,78.19957287685848,280427.69777804497
2025-06-11,76.31569064064725,76.64855130825205,76.11543458566578,76.30027449829323,76.27306220907829,487579.8256799729
2025-06-12,76.29549815276015,76.50629102795497,75.82813809626579,76.24703532533657,76.25025688053684,203507.7601904824
2025-06-13,76.04085606144172,76.35352102605223,75.99936730805895,76.02680482289169,76.03782589787653,494957.4525217686
2025-06-16,76.68591432998362,76.61933700392972,76.32585121052594,76.50327917276157,76.499566963417,236339.8378842955
2025-06-17,77.67687328737945,77.80365698457408,77.11034704622809,77.5892073900362,77.59481004647343,303096.3014278877
2025-06-18,74.45013930182131,74.39170454050576,74.12002434493778,74.36733095983149,74.37363300773613,150241.26118750294
2025-06-19,73.13124206183069,73.34200733368522,73.15371724771113,73.17409175458567,73.18257650754141,150789.9981826722
2025-06-20,73.05143564972073,73.33543816779606,72.93909756703219,73.08401579446279,73.06451504864064,476346.2889106058
2025-06-23,73.50569799555697,73.8826891369461,73.47706611150458,73.57294260297981,73.56071845420315,345013.7998422762
2025-06-24,72.10002217399129,72.74589867280979,71.73940977580286,72.18339132645784,72.1817182818092,254513.5814772804
2025-06-25,73.05198391943657,73.75439989164099,72.94313363055602,73.07430752061562,73.09823589675119,200429.9861377807
2025-06-26,71.58239616365147,71.62901015026675,71.34275616631126,71.49488928526513,71.51993770049228,453341.3165932261
2025-06-27,70.61996660573251,70.68477915316686,70.60522182062373,70.63240536803575,70.62253986865231,125933.63096979167
2025-06-30,70.48685485096632,70.71969847513016,70.16092736079305,70.57699282548502,70.57827753749865,232186.3227907669
2025-07-01,73.51624852080367,73.72361258643998,73.10833889760758,73.44058098354498,73.42321087426843,583881.9256203164
2025-07-02,72.8775802848107,73.21212400477395,72.69664908178905,72.78494043900633,72.79764010843812,208906.7507916357
2025-07-03,72.88869046290209,73.04514859487374,72.4636955527396,72.84743994042847,72.8519526414819,209754.24422011964
2025-07-04,72.64895195290603,73.10628935839509,72.5185113421496,72.69904709728057,72.70188203496619,116111.2741687913
2025-07-07,73.0252146450846,73.10925806655655,72.7566116297395,73.05714411802239,73.06843349097215,449151.0206977772
2025-07-08,74.40662969505554,74.81115434359297,74.1721283152236,74.27552233649422,74.27654418064091,131879.7160412093
2025-07-09,75.07237334562589,75.23213718989938,74.81573170910322,75.02349994689439,75.03554976944484,235468.8130102042
2025-07-10,77.96696009666536,78.42060109134859,77.9483034763653,77.96642820470655,77.95362709338288,173000.1664937532
2025-07-11,76.62785594980701,76.91699594789027,76.71495798884696,76.74319876140677,76.75213482571445,274415.1068402177
2025-07-14,79.79854940011035,80.28793899261659,79.57000769144241,79.8014123755798,79.80252710461444,261711.5018920813
2025-07-15,81.88710139978234,82.19164115388068,81.94604457035719,81.94841671304056,81.99069886092045,91661.6673666098
2025-07-16,83.82338144851205,83.83895731367667,83.64626641506416,83.76287406908295,83.75067283493146,75929.92127915553
2025-07-17,84.13843388374141,84.82013826232078,83.78695971965446,84.0995135371334,84.10642551255201,303627.38150593464
2025-07-18,82.75390807216367,83.28683275157653,82.07401549609813,82.68128900956403,82.67088674254728,368160.7663322177
2025-07-21,83.3920731826665,83.94372318272072,82.84218878499723,83.42237187265196,83.37811884365733,282589.8169397955
2025-07-22,87.17139751278812,88.43508285625686,87.37529661307204,87.38797375658646,87.37454259571133,259932.42109787263
2025-07-23,89.55490790591499,89.80119342701974,88.36063682320592,89.68076350754593,89.6740650199436,351243.90679823124
2025-07-24,91.00543081758876,91.10687622998245,90.88414315491804,91.03873312376996,91.0434483206768,222134.4182276452
2025-07-25,92.15479286338272,92.55168590283976,91.88076909120788,92.09511841593373,92.11781828044364,186987.6120666842
2025-07-28,93.35031445046194,93.40850818965365,92.85596238355704,93.3642524006968,93.4072090766386,473832.7878085187
2025-07-29,93.5229196008128,93.66603336577217,93.22570007269582,93.52154958732892,93.52657416718988,850412.8093010953
2025-07-30,92.86219181336476,93.32528052199524,92.54605104881962,92.78797486837088,92.75587997045784,558170.5623664728
2025-07-31,93.87009262712334,94.06254902828584,93.85722068145584,93.92411418172196,93.95462952467258,229297.00079051263
2025-08-01,97.39093464588105,97.50743440989524,97.33365181099092,97.44548492973009,97.432622693921,694626.8500463081
2025-08-04,97.43602123725084,97.8883836726268,96.99212407126474,97.44399373870388,97.44103835246491,115176.4676252316
2025-08-05,98.75182315396796,99.63814661055396,98.22514247068618,98.8734557836535,98.85278033027434,133574.50545097757
2025-08-06,99.53752104696282,99.89627689418953,99.67188587616717,99.72162031472016,99.72313417289486,859163.1808571939
2025-08-07,95.62747924851276,96.11505165886184,95.1565206965418,95.733828997542,95.73296029558986,263753.87052015594
2025-08-08,96.89795110489568,96.91103357637564,96.58412183538704,96.89206487277605,96.88013936208289,191967.8869750868
2025-08-11,96.10929539379704,96.60464380707135,95.9317906922862,96.22391528986375,96.22411941377705,86882.48896732366
2025-08-12,100.57098203392664,100.98644318720989,99.67844689616382,100.53259648599604,100.56753970063876,448878.9617165561
2025-08-13,100.68325514305089,100.7279181896342,100.01913472955152,100.57035605850136,100.52688789646923,263076.0504220257
2025-08-14,98.87920013336374,99.00129326727802,98.5495615962716,98.88820798054384,98.87462054268798,354474.70227322227
2025-08-15,101.85157887949318,102.27096963061244,101.65466048189326,101.85939408515344,101.80921623829865,541044.7795848483
2025-08-18,103.71698804556804,104.11512423947924,103.69819564616964,103.81637386373907,103.80280682641737,553555.2767618062
2025-08-19,100.28324700860183,100.53273437396804,99.71301928679372,100.37770516869516,100.34543837550564,285826.9554123812
2025-08-20,100.6846399783348,101.33496879244986,100.09728867029456,100.66782258297896,100.71906182910868,408954.7635800794
2025-08-21,100.38126469450926,101.54984330654511,100.32797678144723,100.55883023927444,100.53257014086093,184329.7075718223
2025-08-22,105.24589704713908,105.42876042801934,105.20470432026498,105.3831823913083,105.3485177932547,78872.62014817094
2025-08-25,104.3569812352384,105.0661914302148,103.750865478455,104.3226853779456,104.32350869832378,183969.4381084807
2025-08-26,103.4915113672451,103.59371511900068,103.22706938702196,103.49539421500992,103.48279281258564,200297.17262346635
2025-08-27,103.55769379659776,103.85887174718933,103.55202135014898,103.5657347042228,103.55785319832128,175201.7863586203
2025-08-28,105.3891984625986,105.4556534855403,105.22079515994751,105.39026832382284,105.39249406711204,216473.87744259308
2025-08-29,103.45853959467334,104.1809572892706,103.26841953885447,103.39753845384168,103.3919387183188,216115.1805629466
2025-09-01,104.0967664950693,104.84967316787996,103.40029189284144,104.21891214564144,104.23885894488971,280768.5764734124
2025-09-02,104.35318733283896,104.37117551993695,103.67627322860754,104.19671916717762,104.18476843115492,309231.3530453952
2025-09-03,103.1519606630166,103.18460034816782,102.43952230915995,102.82980471722917,102.79256706158957,92518.05620715568
2025-09-04,102.46141403622816,102.56539878984051,102.08982934041752,102.53670788877676,102.53467843862975,242546.9295083732
2025-09-05,106.51126385457712,106.84534432272716,106.3396129627071,106.55544717326686,106.5168200817345,410487.4717679122
2025-09-08,105.65958761528,106.02186610931906,105.805955921657,105.82580751645264,105.83080403611528,472903.2200566031
2025-09-09,106.23129094814716,106.2196838468846,105.67154372493366,106.17218745444964,106.16886812899872,344191.6811730917
2025-09-10,106.369976346216,106.6060380548996,105.9748710357251,106.2047598199446,106.22565281754063,213898.26866798743
2025-09-11,104.64170246457456,104.7169284643633,104.37435272149652,104.60293003018808,104.6304898780488,219818.7593638855
2025-09-12,105.95404253781092,106.09909189403136,105.43133619688828,105.82592450728406,105.84729037610524,138867.81436695874
2025-09-15,108.1376189192775,108.17428841385517,108.09421225251344,108.14394833753644,108.15654579018292,353963.95358473907
2025-09-16,109.19392087270892,109.09778483760792,108.42167613415188,109.06324295788984,109.07608082223616,482957.5086165444
2025-09-17,108.52946063080356,108.84175701442528,106.8568676280056,108.5081773105556,108.4705512407124,335594.7013963399
2025-09-18,111.61983908860998,112.69614250585444,110.8579913647999,111.71098095485588,111.74902044483775,413695.9645959539
2025-09-19,109.02264407189894,108.99407073416924,108.59872283121726,108.97425763845256,108.96861048467844,296711.3212353148
2025-09-22,109.6271749412359,109.57787360732414,108.89402611560064,109.55787977394432,109.5679760605063,141738.40647966444
2025-09-23,107.5369288650128,108.42182312652004,107.5333300864682,107.54139809069734,107.50203778038832,530146.5250074508
2025-09-24,107.02432919775192,107.73654239165124,106.43959365716697,106.81473797661832,106.81205082066664,188495.3886969513
2025-09-25,105.51199979453328,106.14581874107104,104.9819061060088,105.4222511841982,105.40154461746896,281654.10750538285
2025-09-26,106.89682698802694,106.91900071149232,106.38261304805371,106.86671427481436,106.8963297657875,231180.84854303263
2025-09-29,105.85747591274507,106.11534178509147,105.55531309565713,105.80934681846767,105.79108763150272,213953.09674932563
2025-09-30,106.39010231326128,106.74309038209287,105.52662476698428,106.34271378791688,106.29774844254008,222618.40291542368
2025-10-01,105.48397814862744,106.22173121015726,105.0487199560902,105.37856612338464,105.39191721725388,359900.8689650815
2025-10-02,104.88763865274905,105.51323828562904,104.22094555036055,104.72529422833152,104.77796649102328,190357.30835418656
2025-10-03,106.94519321132638,107.13312310802156,105.27832480223589,106.90927355919813,106.89905946230056,894306.8407380453
2025-10-06,106.19701256239529,106.52674863350704,105.69351046273376,106.22029133226866,106.22352135197046,67689.85983177775
2025-10-07,108.17539920228069,109.49748306152335,107.83140248946812,108.14490277557952,108.17862607697424,257904.4966143721
2025-10-08,108.46524465825128,108.4048658018436,107.23000364039272,108.34590260675792,108.31390142161656,302830.2554297536
2025-10-09,109.67392304902395,109.7354425921436,109.27748894127583,109.63234692378744,109.6487274999292,127949.50726526378
2025-10-10,109.31344251151518,109.19680572242322,108.61284693512025,109.08518669960208,109.13343878783432,412165.6478478155
2025-10-13,106.14803678939134,106.31515855793434,105.63777200329504,106.23780369970274,106.23502528027208,479342.6821340549
2025-10-14,102.35632706622027,102.85765012860732,102.04774334936198,102.53770940153484,102.52871311473136,231594.91325577756
2025-10-15,101.12318038843873,101.12530158197006,100.37953705518674,100.98836431159305,100.9907974432802,332371.566608969
2025-10-16,98.25315569065978,98.65385993292333,97.97467880823724,98.40446620428456,98.43664962511065,107935.1151058165
2025-10-17,99.21695547093351,99.2837439462224,98.81978490961062,99.23486877201462,99.24701838101936,142184.70909673633
2025-10-20,97.55014368847102,97.9722746378158,97.00770471934617,97.63657987104756,97.617557039212,334204.16247150744
2025-10-21,98.18929896796332,98.26652409489728,97.95316628050826,98.25798860649148,98.30871350781948,199131.1539790478
2025-10-22,99.58358722236024,99.77874502562054,99.16971875855783,99.4695501284333,99.4656297993306,161689.8460221822
2025-10-23,100.4912689390721,100.83306804009592,100.45954817511137,100.47862009440117,100.448895037544,168524.91337901613
2025-10-24,101.61022311881035,101.81182469586764,101.03826622574287,101.63688813007788,101.65060522438324,87851.54307233397
2025-10-27,100.3592846282391,101.3493670362536,100.27021287713782,100.53051751229252,100.54588205460016,182022.66861525472
2025-10-28,99.3710059586069,100.38957924111514,99.33832996327388,99.41048895552356,99.47332988744344,577729.3597730439
2025-10-29,101.1310426293078,101.43494262736944,100.54214082845569,101.20480824866422,101.21210021731947,51178.75233809322
2025-10-30,98.69296481567406,99.10316625426589,97.3038126612566,98.60050594130824,98.61610074303832,240876.33390781315
2025-10-31,95.58254192979904,95.80737949826204,94.78420453707544,95.64996259920105,95.69604941599424,665689.4431666915
2025-11-03,95.94298604106184,95.94468554710352,95.72853942570134,95.88772173723628,95.86944846467706,185837.12804172133
2025-11-04,100.74078291762989,100.71482272316544,99.77212221311127,100.6220144725162,100.60549383478748,430144.17977522017
2025-11-05,100.24606179650448,100.47450129004751,99.73668514358543,100.28514702078168,100.3083470138443,187677.3137482889
2025-11-06,98.62900418436192,99.24339408272742,98.739215476441,98.76033234254268,98.754289492213,352306.5911755076
2025-11-07,98.81556348095856,99.2148221080252,98.72187633510184,99.03055766398668,99.07059155547864,111633.01332924116
2025-11-10,99.8009961154032,101.02767436669288,99.46233020936812,99.68061036900004,99.67735624519142,769844.0784336432
2025-11-11,99.76076440557624,100.33364181983418,99.23444280983408,99.61536469128032,99.59869188452558,372434.0743566053
2025-11-12,99.29918052176356,100.19084461489024,98.4911692504367,99.31890133761,99.28953271231168,97743.39794000046
2025-11-13,99.48202572018612,100.67494460652716,99.05096297971173,99.54937809622048,99.56612125574205,243498.85398729244
2025-11-14,98.78246414752756,98.94765117779887,98.38727976119807,98.8793211006754,98.86423914951703,165411.3943588799
2025-11-17,98.68307385657212,98.79943643663304,98.34777618395032,98.62680161762724,98.64415133898248,55019.14128229403
2025-11-18,97.39090516896827,97.63779051649776,96.80729196409598,97.29180531243928,97.27441886027314,314323.5634460494
2025-11-19,97.13738737782128,97.2941189415049,96.8956367923046,97.11961255749335,97.10006762136192,147083.36861720053
2025-11-20,94.50563209299249,94.84005694862604,94.1840737235233,94.47291143482236,94.47448187892756,115077.1072695434
2025-11-21,97.67455030693768,98.43971504096297,97.58284969960071,97.76174272777428,97.76715849992276,223498.62546133308
2025-11-24,97.07795099185957,97.62469861150116,96.54445263085492,97.11758669305314,97.12225889825685,353897.6676209273
2025-11-25,100.0495195449198,100.704031264592,99.82115611847846,100.11989920925804,100.0938885597245,371813.8128851688
2025-11-26,101.51158282804371,101.7065025935931,101.28597854198232,101.51976485610469,101.5460093754026,176384.1954025142
2025-11-27,106.64512329991804,106.8637412763284,105.98715450596175,106.5220046414758,106.56151019533766,702207.6423404558
2025-11-28,108.05553015876684,108.58026791214922,107.24486626014932,107.98937858825612,108.01326220327216,381806.0905551684
2025-12-01,110.07209331485038,110.1536774643325,109.9078211355108,110.12229210172306,110.1001710302311,192995.3346606426
2025-12-03,104.3902925367556,104.64374034867495,103.94391941667456,104.4290386224598,104.3976436714902,248729.03069036308
2025-12-04,100.99609232435496,101.66633516211014,100.70837059302276,101.08864118015596,101.08161263353632,199833.96869105627
2025-12-05,106.3461529057165,106.60598992210076,106.08002212912676,106.29419334086818,106.35309164866028,930202.8561545196
2025-12-08,105.73728989350442,105.91045569183754,104.73261664317788,105.59668936207052,105.55917643618112,118102.51423178376
2025-12-09,106.36625083883877,106.6098538276456,106.25034361108686,106.38589309680434,106.37754138378232,217381.61357662576
2025-12-10,105.29331821586906,105.50967120258308,104.94378363515732,105.3120290991259,105.33416822988816,259203.84588586635
2025-12-11,108.35746822536096,108.74529067984568,107.8470366882188,108.2360187806046,108.20117165681664,508531.133337614
2025-12-12,109.37258429401876,109.98091049486688,109.17960453105778,109.39530021340548,109.36341098878744,443906.49573332863
2025-12-15,109.68248026406827,110.6765364119804,109.18674542549168,109.74705988920522,109.7828296285362,366563.1034226861
2025-12-16,110.8590914057793,111.10005427895392,110.63890956662952,110.75413495992578,110.73761650382238,214721.6776673541
2025-12-17,111.32733091109344,112.46517860742958,111.30926885563387,111.44676961746352,111.38857819866604,255917.1264391688
2025-12-18,113.1948196273321,113.2737823493243,112.85743667084763,113.23349048085753,113.17366021949648,389318.12828375306
2025-12-19,114.64032295432985,114.83494521769512,114.0433188232523,114.6109183802697,114.6116009795886,144749.95960427806
2025-12-22,119.80823336415384,120.38409546428942,119.45891781127008,119.8412670782169,119.84034792015092,130443.15570303514
2025-12-23,118.96167181913016,119.04530869487893,118.28818184138882,118.88513453270392,118.84692461105683,260208.85938254095
2025-12-24,119.15033948373896,120.12389644995176,119.00504335080304,119.32842978624254,119.30512189660932,463037.41868331295
2025-12-25,117.03347311607584,117.70302955368622,116.77379852720604,117.10184024005112,117.11661999280048,378222.0218409567
2025-12-26,121.23739323647122,122.23048167130766,119.6811604804791,121.29884665858287,121.33458462082164,198645.2392285333
2025-12-29,121.69430193620953,122.52485651062868,121.0527365581962,121.6833278014365,121.74185706058952,292599.5807314415
2025-12-30,122.3412366081466,123.1459191772015,122.11168462109288,122.15499210790884,122.12267580214422,392262.4044289405
2025-12-31,121.08115912566872,121.70779700356272,120.19426641947716,121.21302712494884,121.2358072334672,115235.12584283765
2026-01-01,123.54287713158789,124.1126362821934,122.36520687296272,123.55214042790128,123.53415954374276,105080.6955724362
2026-01-02,119.90450563373486,121.4331642839825,119.42056996387475,120.13220594993037,120.10629798490405,379242.2277006047
2026-01-05,120.29667168093457,120.5499874419616,120.0585760435415,120.26895768290665,120.25688763597954,174973.01586109464
2026-01-06,115.7052287965964,116.20064660845446,115.51682495358256,115.81650026708748,115.78327280975338,231665.65528160124
2026-01-07,114.14944945502133,114.93668041850592,113.36297490516866,114.35006061347386,114.31347739624292,571820.6320397747
2026-01-08,109.46729048559756,110.05677885733073,108.55578433779706,109.4646094521221,109.40492502823167,603328.7617254603
2026-01-09,106.64434700632157,107.869701893315,106.4228815891935,106.59413646301448,106.57918482034565,294389.012291962
2026-01-12,105.84541842415068,106.4512586263329,105.7498072669664,105.943722297097,105.9730312857628,327539.3898998499
2026-01-13,102.05430937298544,102.41881052550016,101.75638041602218,102.06612697067902,102.12067636405588,208469.3202992751
2026-01-14,102.6268751388994,103.72009697040016,102.28681573316726,102.5849630279926,102.60430317389928,287812.31033324724
2026-01-15,103.69268767805164,103.92158457055608,103.66505706048032,103.68701923087202,103.68483766647763,250514.9515856972
2026-01-16,106.45168012062672,106.67212499389132,105.99100627144988,106.46995001679124,106.48633768527156,214728.1042282007
2026-01-19,103.83380400170223,104.61676378337404,103.53298716689436,103.86396309123366,103.86018163319868,157254.8128321081
2026-01-20,105.0818474733369,105.3314533372866,104.81650667677204,105.0624243232261,105.01463338955024,164715.90970251942
2026-01-21,104.764086195521,105.080154433064,104.04120705550127,104.69703578022371,104.6911202700848,355037.1763224981
2026-01-22,101.48689813506472,102.3736743114658,101.0677931779472,101.40198385148916,101.41634524668424,305384.0939767991
2026-01-23,98.20915563942636,98.48324413898408,98.27018320227948,98.27303755299629,98.28317685086618,217857.8783161569
2026-01-26,99.85427977861237,100.17263164385736,99.68348699972188,99.79037168861252,99.81326390166949,165487.8902870773
2026-01-27,97.26060382939768,97.62195986186916,96.53991613289988,97.2331541980962,97.24592447346346,317880.1058697212
2026-01-28,95.08473671721296,95.72473458352556,94.47438443261352,95.10177047239624,95.12245846309422,199373.72653915652
2026-01-29,94.46880702226012,94.73464951470557,93.97884202433497,94.4349208163604,94.40777156152788,334364.0605193804
2026-01-30,97.34897070288248,97.35185339247232,96.84032200710216,97.29040466390666,97.24437433918358,83952.36728620336
2026-02-02,100.73082156895084,100.80259571659748,100.06846943387336,100.76911539787632,100.76394157424222,461603.625518089
2026-02-03,100.2414271985576,100.40342429465612,99.78774057825908,100.12620093403795,100.10329484405618,513181.0713495052
2026-02-04,101.51865398385648,102.1405913079506,100.98968786094152,101.37355347944047,101.36641482635233,436748.4893038731
2026-02-05,99.1684689036055,99.08408097812118,98.58549769155228,99.07200056508924,99.0973448569145,344820.5016222252
2026-02-06,98.00167280831616,98.29239355426036,97.82748751035967,97.96179147472128,97.96259135364618,191385.656290237
2026-02-09,96.74786619589588,97.02129292574006,96.67419727942828,96.81351787758584,96.84072794813912,591386.6889761675
2026-02-10,97.2277271304682,97.13767873602606,96.82662087482306,97.12901725681496,97.15261273633976,425468.2630856577
2026-02-11,98.04299502805232,98.26949087001717,97.10923318057314,98.08808645989028,98.09245924222412,177780.10667361008
2026-02-12,101.41786034774256,101.46640727546588,101.18061834963976,101.38576686339164,101.4449374607274,173947.96396570466
2026-02-13,102.84779835724734,103.85614000192288,102.710085415991,102.84861240042665,102.80782342551026,411555.7479806128
2026-02-16,101.34416962496152,101.53064535472892,100.95488871142804,101.36378172244598,101.38144300031382,185448.7958195085
2026-02-17,102.21018075692528,102.54365258339608,101.5947391100914,102.1278330163472,102.11045485903468,713412.2919296657
2026-02-18,102.47331075037242,102.66588447122476,102.07656979862242,102.3581977885475,102.3836323179984,186255.42483362416
2026-02-19,99.37476782691849,99.43226354786611,98.90091036019224,99.14944652244766,99.14154517186036,295280.3606851219
2026-02-20,102.19458727135056,103.48077518450678,102.12555776778645,102.21138438449546,102.23348427096336,381190.1427608087
2026-02-23,105.47283365839866,106.50267595394487,105.4475037813394,105.66453043427838,105.67543699225985,342089.7938107532
2026-02-24,104.2340948616362,104.54276409609088,104.12957481611096,104.22627184128878,104.23999825778732,267793.2458572756
2026-02-25,103.68765104146544,103.71970962243984,103.33347356359236,103.53744317305824,103.47935459430836,225687.4008605656
2026-02-26,101.974698962394,102.23629578183284,101.90088801014198,101.98095665337831,101.97923274143167,703247.7297239703
2026-02-27,101.3372297390646,101.754036160636,101.2910861802303,101.4205279433757,101.42898689532224,117197.81126450052
2026-03-02,99.06281154331673,99.35516384454831,98.97523641161762,99.21808464135012,99.2668126269109,1023389.8089589902
2026-03-03,101.72148900321464,102.01807478151544,101.57773301393854,101.67864905378345,101.653589789977,106111.62412407668
2026-03-04,101.03148328953486,101.455647833411,100.8553262064187,101.03650272342026,101.05386475424228,255908.93596013376
2026-03-05,105.02849009985644,105.46235785681174,104.69936327765,104.86417887891106,104.86767729717968,316095.95949095907
2026-03-06,108.0706804773574,108.46332363511306,107.53938790147066,107.93901875964198,107.9678128280434,253982.40631919992
2026-03-09,107.3196764471288,108.3569723967288,107.1189148635695,107.32701849113708,107.33758117702408,389388.9096401113
2026-03-10,106.56623819338928,107.96326463477354,106.5747396813891,106.61135841283416,106.64097801438646,351422.7557882369
2026-03-11,108.10333478424316,108.10744481275096,107.68549116401206,108.00368958336774,107.9698358233726,223634.57947076132
2026-03-12,107.5943877284678,107.82177548247932,106.30803973359497,107.44774629838987,107.51339845369756,265599.3733116625
2026-03-13,106.2824825202442,106.59856837759266,106.2611678170329,106.31875827691049,106.29873553508185,246357.84652427217
2026-03-16,105.7972425210936,106.11275966233444,105.61064809841837,105.73066554827524,105.75894630794248,225274.59840443404
2026-03-17,105.79672066969984,106.00802482417484,105.61009809108204,105.7885900727846,105.75457726875624,255940.4016734728
2026-03-18,108.44191202389862,109.10182653837596,108.08909051513638,108.4083666535493,108.38281103665844,250398.32903796417
2026-03-19,107.42140338929528,108.27418578415694,106.67882357152683,107.44389272170022,107.43219569801823,225848.10574343707
2026-03-20,104.73945765798544,104.98699686990012,104.453287345781,104.75745678851744,104.75230375601612,147771.99490543045
2026-03-23,103.4742735376931,103.77435224877284,103.58328938077224,103.62456152236062,103.6399708977668,251582.3652526672
2026-03-24,104.98218232643596,105.2218256613309,104.88135021688474,105.19415152492414,105.17453140939814,254120.86760873
2026-03-25,109.4935257854291,110.49382336325364,109.39475929285776,109.40344876658806,109.37117260681909,234513.70884242264
2026-03-26,108.4629851046719,108.4965751318136,108.01362590004304,108.3538017506704,108.38768942467362,281505.9356579042
2026-03-27,110.14551263801984,110.81001118138614,109.63820614627784,110.1414668503328,110.16293973961974,339836.2923893235
2026-03-30,110.10218852297868,110.91670428545126,109.88502412296916,110.10413450639044,110.08935047932464,305354.86901304376
2026-03-31,111.6478575039546,112.77312325663992,111.23468046362166,111.72261712609678,111.749381449929,140960.29511848264
2026-04-01,112.73981494963596,112.7910343323593,112.60910242356066,112.6257970617106,112.6604099235845,332130.8739940082
2026-04-02,112.31856518829866,113.24701656479868,112.14163611578871,112.47080228969622,112.47326627893666,174114.4915745053
2026-04-03,111.28037944641405,111.9968882926656,110.87915867897485,111.1334553224629,111.11003666655448,190436.5980424316
2026-04-06,112.77702147127911,113.4162156417505,112.74611149527232,112.77675074481095,112.7806698540034,188707.2686988
2026-04-07,114.4825818179377,114.91637912016974,114.51192335046149,114.61087616943291,114.64496721687806,292863.79267508944
2026-04-08,115.97887896028404,116.8498554810064,115.34714645697098,115.96438019262224,115.96163919316275,375682.6447735603
2026-04-09,118.65124972143644,118.80683362621238,117.8748087972096,118.48183235982782,118.48846883140266,104729.98570860736
2026-04-10,118.17317864986894,119.19855929666453,118.4109362692082,118.46211894249394,118.43271481122385,1297260.240871912
2026-04-13,118.78735995870764,118.87790047105112,118.22245353913628,118.69939774403262,118.67922040280206,454359.4145158934
2026-04-14,118.55739258280455,119.18603824163486,118.80534113681078,118.81433587228508,118.83032535624412,234121.24116600375
2026-04-15,124.29235337802898,125.17810138106012,124.40984085338694,124.44675267385756,124.4378977152731,351013.9854453027
2026-04-16,125.1094098350712,126.02729438917434,124.4223618924051,125.20084338801269,125.24104919469652,187675.65558046024
2026-04-17,125.50331428603064,125.52982759789232,124.88341349932396,125.3472877444733,125.35797924056436,415999.4016871647
2026-04-20,127.54512301741194,127.7731418196152,127.20648038984152,127.6355824707598,127.58886993329166,426651.80909693096
2026-04-21,126.13252558569768,126.61764973384444,125.7542727740599,126.11897285953272,126.18871243363016,435089.3847385919
2026-04-22,127.55964597315348,128.42095284679203,126.5805898330052,127.63399398896544,127.60089308166523,167951.8729175134
2026-04-23,127.44856431958831,128.10182061526535,126.43561619436171,127.34187541903064,127.3488058618518,318452.3671803948
2026-04-24,131.56018366629496,132.2120482392101,131.14419634832757,131.34777698656413,131.36780050768814,264057.71062498074
2026-04-27,128.03044678265746,128.29534654188757,127.79922497004873,127.95624071470044,127.93990036842932,1886052.04896958
2026-04-28,124.54510366914268,125.018290340493,124.68829410018974,124.8111045104431,124.7183909491712,140623.44884233078
2026-04-29,122.99307353097043,123.65983821221508,122.99187774511552,123.1442753757492,123.15998379009326,270718.11449740146
2026-04-30,121.1582142398946,121.65062309699024,120.69479467340405,121.21999702164882,121.18634026441478,413415.9805146583
2026-05-01,121.18750467398144,121.78086521603105,121.13296824044686,121.27614195438176,121.36573458551852,514651.3813019026
2026-05-04,121.49470838188095,122.63482727671672,121.25155364092466,121.52114745981444,121.49098461476778,554972.872352221
2026-05-05,124.13789567620748,124.56308131966472,123.53236660389793,124.16170065003064,124.19575112493357,477433.12784413295
2026-05-06,128.95474809324526,129.9476244106926,128.43998552323328,128.9647117676209,128.99076238085544,297632.8144840092
2026-05-07,129.90380633245616,129.980897851458,128.454865500176,129.9125237787471,129.9355379415173,180002.58558755895
2026-05-08,132.0729304106314,132.3251781308707,131.37129743915895,132.05545940014193,132.0475454075189,90351.20524749528
2026-05-11,128.00400436221565,128.39602351936938,126.79913576891092,128.0020596800874,127.97637264962316,907698.7598674695
2026-05-12,132.51516069393656,133.03844517863126,132.39677796093903,132.4361814760754,132.45448706751688,741726.8233302397
2026-05-13,133.42100783901375,134.40515551901564,133.17131395314755,133.30277424052315,133.21440732825857,237262.36864007745
2026-05-14,135.43370049064927,136.45126636317625,134.115939849412,135.42846374394165,135.5088789935117,703578.0354196829
2026-05-15,134.45120148763957,134.92521155112587,134.24808508950903,134.61382959604873,134.63246464596597,132667.9830293199
2026-05-18,134.1917195713027,134.34966054421312,133.85854715454155,134.2530300919322,134.31263834286247,199954.5534104001
2026-05-19,133.47664881307418,134.43514698569626,133.3168434195109,133.56912193157729,133.56119625429824,103994.09684533984
2026-05-20,129.56924846159876,129.8204812020888,128.69605986363126,129.4979280438701,129.47825565201867,523193.4703647479
2026-05-21,129.54350854714662,129.70940283478797,129.307492811643,129.52600561955597,129.53122488412558,434233.8999479074
2026-05-22,129.19756917294953,129.15907923765218,127.8814205075461,129.1108780615494,129.1294643591295,257805.055922864
2026-05-25,133.92477656907386,134.22753620764726,133.2546985175707,133.96563045889096,133.9808220849689,349684.3036069982
2026-05-26,131.7627479432135,132.48481760507633,130.77085642252916,132.01610354186593,132.00188599397865,113609.21369819406
2026-05-27,132.00891651297692,132.02802411161187,131.28414333290016,131.92968306452352,131.95286737094054,207057.0443792559
2026-05-28,129.3318161965151,129.91267419775193,129.30632072636192,129.36844771026648,129.45503110240296,200484.2768841161
2026-05-29,131.76772083085916,132.30992637362618,131.15990033691125,131.73949878215888,131.7610178043123,401157.2848399721
