date,open,high,low,close,adjusted_close,volume
2020-01-02,22.75665309733347,22.823808102594292,22.49652795792321,22.7334128785611,22.736667453977457,278590.2025794211
2020-01-03,23.24414292591321,23.25171354460653,23.18116561757887,23.23984035436315,23.239459461647165,257724.089269764
2020-01-06,23.213539148889318,23.27130024818428,23.08775694382859,23.20380023123012,23.21062722776794,420345.24699021934
2020-01-07,22.376351258868272,22.5305632849956,22.359458337602582,22.40654857527555,22.39866953547964,340161.4792751748
2020-01-08,23.63219981774873,23.723219616833735,23.477512134813622,23.62052409698991,23.616214264764004,196311.3045559815
2020-01-09,23.20230523950295,23.24569710023,23.12579611219059,23.17858504969445,23.171324714340773,298766.2657749434
2020-01-10,22.61089211044925,22.640200062408173,22.46133751036271,22.57860843699289,22.580435024850768,94756.1272231449
2020-01-13,22.539126156797003,22.530827915700115,22.340127804886443,22.519757463749738,22.514117061219064,196723.473226151
2020-01-14,22.767491828316256,22.94971523396703,22.647130118561957,22.75166173855117,22.759049994236754,597191.5270252936
2020-01-15,22.3324099315924,22.47607070934774,22.31032947908676,22.3286008001342,22.32586024468535,524450.9231222576
2020-01-16,22.85865547313813,22.91903598034824,22.83597700381837,22.859105411402982,22.86164352646357,643728.7251336251
2020-01-17,23.55058158847372,23.65065392689853,23.347836472494524,23.56640099621682,23.57301728848635,418490.8783917493
2020-01-20,24.60590269990819,24.66809871148724,24.30382928664392,24.592127980230877,24.587366469299152,133540.98338775826
2020-01-21,23.37663327393187,23.533103277593817,23.30124963547767,23.38112725371825,23.388275775714284,368642.1202789498
2020-01-22,24.12311248006946,24.176136763160013,23.92416618838556,24.10516322318463,24.10777718718189,376118.5210860624
2020-01-23,24.475605239573287,24.608252583245257,24.352520833025583,24.48316085142324,24.49193497948551,354448.9951039224
2020-01-24,24.33780532275369,24.500514303301607,24.284079812614884,24.33804910104832,24.336547710398964,721394.2067147073
2020-01-27,22.84742850992572,22.997904693030502,22.650448444767285,22.84255785368028,22.84354474901449,320876.61580625054
2020-01-28,23.97081460268057,24.10147154762879,23.954534663923575,24.00060179848185,23.992420942603484,176399.60242597392
2020-01-29,23.755327125084563,23.830184704909307,23.692099421504373,23.76041399785282,23.75369234139761,448234.40131377766
2020-01-30,22.20794852334071,22.301569588326124,22.08362781599248,22.17701899632225,22.163426869665027,220854.9200893865
2020-01-31,22.071288019921493,22.13762763741817,22.019238476952285,22.056139019434184,22.05752984180696,346075.01939616847
2020-02-03,21.644163786299004,21.703134469888557,21.41118494244705,21.642964339889797,21.640528790411,481763.39695489046
2020-02-04,22.928427330952776,22.96216092299204,22.81846906869856,22.93520549296716,22.933404589066512,110388.3257336557
2020-02-05,24.39521675066409,24.404367717639477,24.28916812264259,24.37283041690402,24.364450828670478,299181.07324946526
2020-02-06,24.81194358214293,25.09713785179748,24.73588582205351,24.84590962146166,24.83453433043401,222939.0285467954
2020-02-07,23.05522206688678,23.09233408723776,22.88319190375382,23.075876773303445,23.0720536512229,532899.5008725347
2020-02-10,22.967953299347915,23.02411286816272,22.87247224278343,22.914448173894648,22.90911402125735,219469.1505689769
2020-02-11,23.354182278108727,23.42945462642012,23.25052415077849,23.367516307081065,23.366731232111093,534751.9862592566
2020-02-12,23.50409982879304,23.62616141893503,23.369312500972413,23.500067344441614,23.501894675962305,423024.6848030823
2020-02-13,22.751462705831624,22.7915991975435,22.648510353940548,22.741201008891643,22.742065398964854,166808.995926091
2020-02-14,21.706574039202348,21.755477459062188,21.570783971908394,21.70716710868088,21.70613587617103,723378.5466270295
2020-02-17,20.03585681672188,20.042087346951693,19.94245658717588,20.02775196218016,20.03088399054408,225968.6710329796
2020-02-18,19.43977704778029,19.504202745396174,19.340437694386463,19.482261903866583,19.49139243903477,707320.6720850018
2020-02-19,20.31804017100393,20.31332286658035,20.10911883965829,20.29835808915632,20.29706887048887,466505.4926135478
2020-02-20,20.004054488866423,20.07290568599377,19.9750903257009,19.994181385747574,19.99368203643596,239249.0871438625
2020-02-21,19.639365250929536,19.71730380015764,19.51052264481817,19.622165768079604,19.620706426639348,692685.8784492612
2020-02-24,18.83042222573132,18.915844288489296,18.642369498195485,18.83579449523293,18.831331178877324,515510.3707437661
2020-02-25,19.609028899187766,19.63725485314269,19.44324773084113,19.61748256078842,19.62075499852014,91228.97557963374
2020-02-26,19.545578475060587,19.634575744228595,19.48348212865055,19.53606913410268,19.52672472265199,154997.62403131067
2020-02-27,19.151332860927223,19.23794051907673,19.071601682443283,19.15515538671293,19.15108191626866,210965.55274005287
2020-02-28,18.89206392820328,19.017326652993127,18.733094031305225,18.902157472806888,18.91209011896307,479628.276306684
2020-03-02,19.061644923617685,19.209050957590087,18.966615954482656,19.06628201859698,19.06312922676405,261536.1168291641
2020-03-03,18.65083997195461,18.787502902159872,18.592583314660125,18.66362280039275,18.66997061127733,174450.83078130407
2020-03-04,19.896180657229795,19.91395175337325,19.836236069589603,19.904919361536123,19.909233754362173,105077.4516910871
2020-03-05,20.15578796370278,20.352695775152046,20.10696284490376,20.17465744852453,20.16554668125959,123099.78634888445
2020-03-06,20.533967295338755,20.60129993977166,20.22775456906796,20.525415035768404,20.526198665767986,247078.0514850861
2020-03-09,20.74524294718337,20.872215920985003,20.613706522107783,20.762739082029167,20.758868324854912,497056.8930903338
2020-03-10,21.13624378660091,21.14995457090677,20.966099564163063,21.09091635337901,21.09653456241302,255842.7312273681
2020-03-11,21.641382587165776,21.72993174715021,21.606271205001484,21.64224902965543,21.63987675132321,286810.0865291165
2020-03-12,21.763700277108487,21.894138189460083,21.634513149907345,21.79977689257536,21.797503611413703,358335.09224056423
2020-03-13,21.833136526483123,21.904989485932,21.814344051223085,21.84670235209024,21.854692067402155,282759.7449218627
2020-03-16,21.009622357337623,21.03820371580316,20.894113675014022,21.017072257899915,21.012071978009303,155745.10881663955
2020-03-17,20.00451532400338,20.13069871852086,19.95094502472929,20.009099202463208,20.009709913469063,249684.55949004024
2020-03-18,19.57235397018345,19.66919438162637,19.430483621590117,19.56658721061616,19.573905967226462,270927.7218579857
2020-03-19,18.496665542875505,18.534353479462577,18.44012213123771,18.491089755896084,18.494642116253093,164498.2995132618
2020-03-20,17.151319258065264,17.16276471574255,17.104664229409938,17.143238578814962,17.15218144595862,111779.41990584326
2020-03-23,17.46528933791494,17.598125369252042,17.40690501660651,17.48358027280408,17.48400471255745,196520.2033157384
2020-03-24,17.385209160596013,17.452006154465593,17.347184744108265,17.410060517902117,17.410114343373984,300280.68980593083
2020-03-25,18.718975603064823,18.793506007949315,18.639322489444133,18.73459453789292,18.726922419430235,269373.7347771343
2020-03-26,18.619513176620654,18.721353775073748,18.53322852065177,18.642868983487794,18.63843920698128,232560.4061139321
2020-03-27,18.431845395741615,18.448699017443456,18.3813162057626,18.424052015827247,18.42354398770161,249811.6562739671
2020-03-30,19.364618494466814,19.625560258079176,19.260988404244557,19.38100493427563,19.37873187750458,185924.31997857365
2020-03-31,20.76426922247268,20.93798651234956,20.561687814727648,20.776007325539357,20.776933170749864,273300.5476840932
2020-04-01,20.40358737126333,20.515578186863525,20.297897221093493,20.41704718407588,20.41381258334399,289969.5836114829
2020-04-02,21.204251195599383,21.374030415146656,21.15125655947524,21.23104020960753,21.230903615116556,448182.7165282847
2020-04-03,20.932972139218585,21.094152263610173,20.83124710588489,20.91655383670858,20.91810402138501,78678.65538250805
2020-04-06,21.362851460310416,21.39779568254784,21.259856001508435,21.353520696868305,21.35513981734614,289445.755478763
2020-04-07,21.153847926948437,21.155439590625058,21.02245245929733,21.122667345519453,21.125563206642443,391416.5804426126
2020-04-08,20.362504257395532,20.538557411672528,20.22020136005509,20.357894005377062,20.35094792275981,151420.05839716145
2020-04-09,21.473456641979112,21.55769644880005,21.29413537624256,21.461856309404784,21.461021403963507,725264.307330829
2020-04-10,21.072084819187523,21.13704188292096,20.97841982293081,21.062495199600377,21.0719982907404,0.0
2020-04-13,20.49541604414373,20.604475989854794,20.46628810306184,20.480051990891628,20.4750774500331,449233.6566300164
2020-04-14,20.73618863848831,20.84412363718674,20.57181831474872,20.704872035904465,20.70496130552997,259205.4928092482
2020-04-15,20.517073417826104,20.569326734121542,20.49587675491464,20.522148519133797,20.51878508425961,336438.79769031686
2020-04-16,19.44644332826614,19.51063829000445,19.38915402355338,19.4307968427526,19.42628943186149,398603.2089669255
2020-04-17,19.64527261274685,19.840041774383916,19.644876344351783,19.656430517564523,19.65168275138389,434799.0251768961
2020-04-20,19.0726237437826,19.23349406275668,19.04478859285797,19.07779883650978,19.08123462063355,138969.9281470508
2020-04-21,18.85659178626764,18.937784950410585,18.83469871098533,18.858111718837527,18.861781574392783,411844.5376364319
2020-04-22,20.074755963500834,20.22217045294097,19.99939617475239,20.066603132703914,20.060610678078994,519330.427636792
2020-04-23,19.27673815620495,19.36116763835874,19.28481767223744,19.3020972300225,19.313956692104146,641164.2379638639
2020-04-24,19.46107488379138,19.5323920780039,19.431158596345654,19.479857271962597,19.484373341883924,465220.51920637646
2020-04-27,19.3324966375222,19.393552627052205,19.069605401301377,19.33686421489115,19.332332759197826,215117.3014177213
2020-04-28,19.08743858849928,19.173635845588095,18.97729062827079,19.075216861547847,19.077636619535333,321007.78440367634
2020-04-29,18.7543756761249,18.816184830677955,18.715426447143106,18.752566889394785,18.755779454607485,301734.89238509705
2020-04-30,20.668210386552108,20.73641944464586,20.57650666384253,20.67100233476494,20.67035413278737,293836.42518191127
2020-05-01,21.282578586565688,21.429174696805344,21.28097561301204,21.303968782572213,21.299585940024876,345819.72661507834
2020-05-04,20.204962253797937,20.234502701323684,20.078808747032543,20.204621249639267,20.20821695756144,558953.1651546691
2020-05-05,20.43246439106304,20.45363145325413,20.33708840714393,20.417130992965888,20.419964259896133,411370.6945187298
2020-05-06,19.740075142296824,19.78806533479065,19.724638252624032,19.732048752990465,19.73048488330448,386968.7708519253
2020-05-07,19.868071799586943,19.94242906066042,19.759637757168584,19.8586675771215,19.861567054744512,263876.8478040538
2020-05-08,20.38601276342727,20.408477285360743,20.25182565133759,20.389937394918935,20.394904163502403,521216.9462594945
2020-05-11,20.46422027598049,20.52898144876281,20.397450858453716,20.43866676038309,20.438956895518206,138326.53468531996
2020-05-12,21.977004081139853,22.025454040084654,21.99831779890421,22.02450125792862,22.02376246659828,382342.3732107068
2020-05-13,22.444235561396283,22.60395774214864,22.30787869839504,22.432145487144837,22.435791123868174,188603.374473538
2020-05-14,21.445128713575254,21.49084987646396,21.374694572696686,21.41658718779369,21.41614916870469,41177.43336702913
2020-05-15,20.64192047745523,20.826161939460498,20.530196973895624,20.674189592388466,20.66789033533425,121320.91489469784
2020-05-18,20.491356483843788,20.555446146259765,20.486764454210384,20.490728776595425,20.483150362952923,185152.0378050952
2020-05-19,20.290537612510267,20.3393558289229,20.21524851702089,20.30184830203786,20.30539629300132,375346.9197767658
2020-05-20,21.295991470390646,21.402083179715525,21.2778520259742,21.345554590181745,21.352786307518617,490300.2704770798
2020-05-21,22.02907304214663,22.03404493287619,21.97062046913532,22.009920319728536,22.011715879095835,195425.98510353357
2020-05-22,21.29001088581308,21.317032823559888,21.227009635662675,21.31672691098488,21.32241320211528,521021.0877930887
2020-05-25,21.523710403883584,21.638369645999056,21.512918990986076,21.51705020896456,21.52661080404524,359508.75588145014
2020-05-26,21.435967266906676,21.51028804082721,21.251632759434283,21.45573877518901,21.453516987403717,153249.32586867712
2020-05-27,20.90298818578184,21.015661490472507,20.84356214637298,20.94268932786148,20.93602784576282,88721.59399787964
2020-05-28,20.67633631639877,20.754244834146245,20.60141876893732,20.64890892354639,20.65467618495142,260887.07627899692
2020-05-29,20.190297891002352,20.340799242038088,20.124212513044576,20.197967757269463,20.19977095160597,221695.5047156758
2020-06-01,20.11766499725025,20.16373175685488,20.07501309516749,20.10149863472913,20.098710913175687,219895.17496901992
2020-06-02,19.87898966998709,19.914897838897904,19.66020047644086,19.887090581370536,19.890723914891325,136460.89352863235
2020-06-03,20.069614775778906,20.141364035843758,20.056635140699683,20.067463855193843,20.07208683836774,199742.621478586
2020-06-04,20.234083464681788,20.194618452571547,20.11621947385854,20.179037787857855,20.17635992941632,470978.64817403967
2020-06-05,20.288136670014666,20.349867687933724,20.09594988748416,20.2929623759379,20.29276733203888,170863.91063974032
2020-06-08,20.312362765238603,20.355433620984865,20.265546603992597,20.306333691451112,20.307178482734034,181514.66412565912
2020-06-09,20.304020083382383,20.40734570866229,20.285893955497844,20.319395989179306,20.316978014180627,401960.89622847165
2020-06-10,20.52210332772863,20.69106956533992,20.51084268906735,20.52741846647911,20.53303194955923,361229.5138107028
2020-06-11,20.23988353457657,20.266014004517643,19.969987746741506,20.23897308020561,20.24468002485301,477946.29950768605
2020-06-12,19.364660054383883,19.44869925433609,19.297492160618805,19.380846720184348,19.37789989467373,126476.62064699382
2020-06-15,18.237065217954004,18.27092866477427,18.204206037864594,18.22982169409095,18.226549135712634,90730.24114620632
2020-06-16,18.804855530901538,18.833784253284957,18.567896668730366,18.80217467396031,18.80444108533384,0.0
2020-06-17,19.52797459496305,19.624606166233363,19.43520273066716,19.53411759411121,19.536589035364084,469384.8153062517
2020-06-18,18.98655609286584,19.06147647256537,18.85797119818075,18.962110665853555,18.956108966177656,193238.65455062143
2020-06-19,18.40932309832321,18.480716357475004,18.324819144834407,18.40736499775349,18.40911207084429,395225.5426912189
2020-06-22,18.47368489431695,18.507850768962243,18.37807105380776,18.45189047459271,18.450333986680324,162743.92161353485
2020-06-23,19.520173360175683,19.549357395953358,19.37527009429806,19.492643245208875,19.501908075753928,276817.6072973855
2020-06-24,19.93760845059081,20.07233394887013,19.93815775320647,19.94604276704615,19.936059667816377,340109.06107990973
2020-06-25,19.824975731772284,19.958330203098967,19.76908328705503,19.88004263642523,19.8786643752224,178195.26977334212
2020-06-26,19.927783138345333,19.917154830102625,19.88797705836185,19.917138931050683,19.92841981860256,81166.76923806951
2020-06-29,19.8610314779512,19.88901984470248,19.79712011418688,19.857130945533356,19.855927635807117,231520.54514588456
2020-06-30,19.84928745743372,19.880580677135544,19.85698791153142,19.863029192760543,19.854696042137505,323354.10463166534
2020-07-01,19.700716655627016,19.71282979533596,19.604668022692017,19.687421891604053,19.685599119104094,619198.8437045881
2020-07-02,19.591407704793813,19.64231589490032,19.4878191878929,19.59753210636366,19.606054654352143,355668.0456004341
2020-07-03,19.875397912083532,19.97512702043254,19.863179672427968,19.888756542959356,19.88472819149602,315897.16487001884
2020-07-06,19.0114958315622,19.10249318179487,18.983240003427017,19.03558664025,19.03147140285956,275261.49507075746
2020-07-07,19.05159845614103,19.04447194329215,18.987026961166816,19.02521496899969,19.02930364038131,342282.3588861548
2020-07-08,18.91338517242065,19.064773244767668,18.777110040085564,18.91474303649345,18.91322365041845,154699.16322095168
2020-07-09,19.858376795632942,19.96249184265128,19.83831453560115,19.841904181483056,19.844821968384323,181620.44169718187
2020-07-10,19.164532192211265,19.31574719685552,19.144672067211808,19.14873314699057,19.153701348388093,156777.84467633447
2020-07-13,20.34405092914608,20.35263117539699,20.12642970573722,20.33624804611813,20.331471923116343,58897.70913702597
2020-07-14,20.28840488270381,20.27216255322165,20.147170967596452,20.269676128548276,20.27626328628267,200856.82307066527
2020-07-15,19.833093668548283,19.99000460191081,19.674570431744023,19.835719300907417,19.8393328859076,113551.50639528022
2020-07-16,18.81281854852284,18.813729082248088,18.781516082774527,18.79219989815779,18.792052331357944,722141.4794911961
2020-07-17,18.899191123066505,18.976286018053592,18.84745273478309,18.887916559363426,18.88946621122101,650508.6865958986
2020-07-20,18.190904423009247,18.35557876013999,18.152993621179363,18.171568889941017,18.16785290409122,104040.49082626317
2020-07-21,17.348022006639418,17.391945386554355,17.218628213001328,17.327692672226124,17.32287310595238,241341.8603317009
2020-07-22,18.07168016639232,18.05326260876538,17.99533955431931,18.040105110750613,18.04225732114036,407723.9664820138
2020-07-23,18.494305802225664,18.617931454644133,18.27207707985754,18.51520006098857,18.504201343304764,234764.8748632443
2020-07-24,19.312401585495685,19.354311291876236,19.296206449631327,19.30884241192865,19.309411243608707,233752.4982387243
2020-07-27,18.42076463336016,18.514294291904363,18.39105972920577,18.42870228665903,18.43536572589912,350216.5430679333
2020-07-28,18.518875908079934,18.56124590130599,18.37648313826403,18.519877693758144,18.527022163119547,391761.108634492
2020-07-29,19.04297187975357,19.139835030118643,19.043101945506532,19.063271777798796,19.057292515422088,625499.250160153
2020-07-30,18.801268228395173,18.811886080834935,18.714607291117414,18.7949639834914,18.79459992862846,705280.8708030669
2020-07-31,18.335382872077066,18.35591848164661,18.181638690474475,18.309863895028872,18.3124870268946,233285.560266946
2020-08-03,18.472788146230183,18.471448555383237,18.387233037752917,18.45237026466721,18.46177349115079,698265.8484575363
2020-08-04,18.49807729181988,18.57120653075987,18.39863562336648,18.517496694564883,18.516523043491908,236243.3068347596
2020-08-05,18.52288071208603,18.63103012163538,18.398894958661007,18.53519855440289,18.53832139170625,355185.58137185744
2020-08-06,18.39744818238288,18.420658046896623,18.246817525220703,18.408437554717477,18.40166234546392,485298.4923281156
2020-08-07,19.040959962421965,19.151440158359986,18.898142202002848,19.04169861799264,19.034247662166752,315010.4400786265
2020-08-10,19.37599771341478,19.44777728950385,19.194032093234974,19.35869470844747,19.354548084468743,144640.83102061972
2020-08-11,19.792157556514887,19.938904040989097,19.68820341515252,19.79910703529317,19.796401717397515,184800.95299691168
2020-08-12,21.144083424378657,21.13145336090133,20.890735003582638,21.105098509848712,21.110878816846625,173093.90236220596
2020-08-13,22.83855230403598,23.008010145229417,22.76358746876249,22.847774457952355,22.84653456957857,480872.030210836
2020-08-14,23.974626698173275,23.989743132874967,23.935486899742195,23.9398715115614,23.94373003628765,341430.26253057056
2020-08-17,24.395021307669666,24.5635399228351,24.26779887930833,24.404147656753448,24.409054868323537,249597.3999412219
2020-08-18,24.565535611063027,24.750774357512128,24.45962423687608,24.576559309180805,24.569376319988024,133176.1707061348
2020-08-19,25.09810145096653,25.2400894780002,25.051399335059585,25.086061339641677,25.08778243781269,478818.0721637111
2020-08-20,23.667937039840496,23.703432892406838,23.450585179803145,23.67972798129584,23.681668293403536,114680.99363596288
2020-08-21,24.880989240183457,25.002201829632323,24.86563195056585,24.86646995976301,24.86654590887683,205393.98593673343
2020-08-24,24.957238873901428,25.098875116059475,24.97776043819704,24.983524916552252,24.99313230187313,547713.4321958084
2020-08-25,25.222804311085333,25.250849267205265,25.203583009941465,25.20997693324318,25.211556992288404,119546.78849695068
2020-08-26,24.743757995170547,24.877533824100063,24.647597369828016,24.72469747587952,24.722795225123903,305499.9328497039
2020-08-27,24.082677028677505,24.25922101879593,24.06701362590211,24.086160929979894,24.08053402459035,129812.01205280807
2020-08-28,24.8249378601011,24.9344150479513,24.781564417350918,24.8168794706644,24.802020228024706,478199.8216539172
2020-08-31,24.5628573609098,24.601837559411585,24.512951331299256,24.535372700238952,24.530716816827645,546172.6092547853
2020-09-01,25.59522072590148,25.675188834130218,25.574802791996348,25.60844689563165,25.605513733386985,480442.1835283439
2020-09-02,24.74623116845417,24.779914565750023,24.722889691926653,24.725455563339214,24.72249360062572,410660.0097137203
2020-09-03,23.938746929231517,24.008040363288824,23.88067769972917,23.93542341699613,23.938272787798397,194647.7377413241
2020-09-04,23.196719760099047,23.232784428817595,23.04084032808365,23.21287735155172,23.21469202698893,351280.814537318
2020-09-07,22.17619741558208,22.34077486338497,22.06021267075809,22.174416554401883,22.182922607088745,574858.2110489524
2020-09-08,22.95245545135394,22.95225415663989,22.8097744156997,22.94850419475425,22.949481316473868,453393.6562291731
2020-09-09,22.84513273173103,22.97222358720033,22.849800575825192,22.8549713217728,22.859841072969505,171045.6956125117
2020-09-10,22.40734695791625,22.44952958565213,22.26589343469556,22.406465766321325,22.40613819548993,305439.5818926533
2020-09-11,23.243155007149586,23.38606015630722,23.05046249202938,23.22501870046492,23.227425761304843,107921.62786817463
2020-09-14,22.143142795540022,22.207891782748423,22.04244670940201,22.148422598147874,22.138067631564084,59251.00900028852
2020-09-15,22.7101683186037,22.956390479448583,22.54986313081722,22.705657951876173,22.71378039104029,269099.6232887842
2020-09-16,22.44283016257676,22.5064837496502,22.41763014893856,22.443316434439847,22.449559942715112,250075.77779097648
2020-09-17,22.62936088991258,22.766130075939216,22.58670371535574,22.66309495024741,22.66946522680758,216212.17090103048
2020-09-18,22.95834979011293,23.048405301114062,22.91584633164455,22.96627273955211,22.96857145983136,199612.82628351627
2020-09-21,23.74211344126481,23.96462032259474,23.7316525444476,23.76889214032088,23.771096349783047,192726.13250742495
2020-09-22,24.20827382498062,24.357089237538947,24.153488806746537,24.2543959392396,24.263801238889087,130026.17754088818
2020-09-23,24.82984168008713,24.854790927703966,24.805112350909464,24.829721582312104,24.824319525417767,353625.96425703465
2020-09-24,25.36904350212656,25.423295927372187,25.02818911623299,25.41626406921128,25.42271731271955,156752.22131566887
2020-09-25,24.54584581881711,24.642154221602024,24.4357795010264,24.56463513801772,24.57272464148337,438036.27002020617
2020-09-28,23.64863329557934,23.71933890820864,23.668363014841734,23.676914800988538,23.674241330060752,159766.07492576624
2020-09-29,22.327936375730918,22.33294494721281,22.20477761593515,22.316027312978672,22.31140231989452,259787.65385726368
2020-09-30,21.605795055870928,21.86651136214838,21.6207714448066,21.62890248609236,21.628154198590934,760697.6143244717
2020-10-01,21.85130951024452,21.93606802847992,21.824362308164087,21.862206222319735,21.86847594576327,420270.8701354236
2020-10-02,21.003849408076025,21.06995310106369,20.90457566994574,21.04316619740315,21.048366626924214,278230.58189197147
2020-10-05,21.9927879699974,22.10515683048488,21.990075928425465,21.998438206875072,22.00448251858385,118324.87649890417
2020-10-06,21.00439899433353,21.06093705450241,21.00560756515814,21.017836923797613,21.018413254903013,207789.3797227709
2020-10-07,21.498204724305538,21.616798504586708,21.48018060725069,21.515472130811837,21.506326421907087,1063050.5072033578
2020-10-08,21.318495876972293,21.32714300614749,21.189523469457693,21.32498457828546,21.3271344825062,351615.06864382623
2020-10-09,21.139408459331783,21.177658974450168,21.13456609787037,21.158559946532822,21.151584219208875,170500.36641761498
2020-10-12,20.54689613571204,20.744092208554807,20.322345294463453,20.51080598643549,20.50729054898032,293271.95383790083
2020-10-13,21.85409450046652,21.92092039017237,21.66554073889109,21.8530965815805,21.851353579837856,187190.2386493482
2020-10-14,20.87682386651578,20.895355539287063,20.604428616304663,20.845183779312663,20.832617530477467,381449.5654904028
2020-10-15,21.09018890729366,21.20429695164209,20.96136738495568,21.10044488783467,21.105931348725537,198003.2976952904
2020-10-16,20.359103366780342,20.443595621857604,20.26795562826263,20.374676380187594,20.3685906689124,187718.1646594703
2020-10-19,20.59531438924824,20.59365504526916,20.537362144431945,20.587570228794828,20.585821138716145,105179.65394502632
2020-10-20,20.33416813249165,20.35500400728524,20.24631700630933,20.33717133828014,20.32958780041749,216028.5058413112
2020-10-21,20.76243747441271,20.956202671548127,20.6361450325383,20.766833792286317,20.76664415993492,162048.26349739367
2020-10-22,21.13860187046478,21.26990659751912,20.95722687462467,21.14636218511259,21.13996924457156,530074.5464163183
2020-10-23,21.212131348061764,21.280233743173245,21.155372065996342,21.227689812781914,21.230463601146862,240015.31602680043
2020-10-26,21.757224716544737,21.941617427281667,21.530291104662595,21.74014149671629,21.74263810969493,233385.19723248924
2020-10-27,20.50883908565279,20.62995321657116,20.50542363771389,20.537972868612435,20.547849269921503,252336.0993193892
2020-10-28,19.93535894516762,19.99299062637092,19.85325038754054,19.95298106183979,19.9590649797931,602174.0258643589
2020-10-29,19.215455673396143,19.424425561393807,19.204504096272128,19.221634712103494,19.225491746386584,124429.25114272292
2020-10-30,18.301780858143196,18.3982298658736,18.249289834428005,18.2910750970982,18.2943592406917,567338.2852730186
2020-11-02,18.57241132191865,18.655035528631235,18.430109098043445,18.579901437432955,18.57555465810476,202817.00059520817
2020-11-03,19.10453094003917,19.240670485443214,19.01679201329616,19.12069616322009,19.125266633246504,321837.81180971384
2020-11-04,19.734438578937677,19.86684780619871,19.72175172094708,19.733754308465016,19.732220289322477,398690.9510978636
2020-11-05,19.47248245597695,19.631817881517428,19.43082506196428,19.462536623565644,19.44698587397301,429193.60474665154
2020-11-06,20.221751770371316,20.327193379461253,20.094884534100377,20.216390437844748,20.21340116573501,623473.6085535354
2020-11-09,20.66530974399186,20.66136921706769,20.59751715810814,20.625318653882257,20.62594773557713,149435.13804783789
2020-11-10,21.37828272501028,21.471317693051848,21.34595015600621,21.369171343308984,21.37306693819481,163351.23814495592
2020-11-11,21.235518256393117,21.271948049145955,21.135903713504437,21.232269706084036,21.22985993494961,287904.35521099664
2020-11-12,20.61148552406378,20.655347849195948,20.456700178956886,20.59975761949355,20.609709138650608,172713.6946461448
2020-11-13,20.815807996174986,20.87979106710821,20.65144742419436,20.767118772134737,20.770364916709237,189054.5764553448
2020-11-16,20.734071179472263,20.822792696893533,20.63256031906412,20.701352607130215,20.69854866217156,782027.7325208259
2020-11-17,20.632220295495863,20.65702182301491,20.50561966022725,20.639438992293854,20.638863548172463,140650.5925334209
2020-11-18,21.37509022163609,21.41817594083718,21.212626642873115,21.36211298196197,21.363873679026145,132418.12609372326
2020-11-19,21.06548288872384,21.132648634711018,20.97960293479009,21.034909613514944,21.046244840772506,189813.5949836085
2020-11-20,22.508015930979003,22.764625459847256,22.48860758042356,22.533287560095697,22.53696005124704,137347.4476475643
2020-11-23,22.43013002404091,22.53453774487697,22.162434650660902,22.442634709350937,22.44918558702814,206124.91548283535
2020-11-24,23.115646056424414,23.321310533791724,23.145597710580567,23.146311285517378,23.145170381682952,334356.2383761148
2020-11-25,22.357042656511798,22.34678893056795,22.225990269468102,22.34575237285792,22.34445747635419,236270.55059357517
2020-11-26,21.544014414241147,21.68901055410915,21.43680559122513,21.509000131349072,21.50454927206332,440358.66917951545
2020-11-27,20.823311211973248,21.05159501029948,20.83103409348221,20.86425065735205,20.86912563580453,314429.5251935312
2020-11-30,20.06613684439398,20.121858845754325,20.077506894525207,20.090613141203047,20.08386295670406,579053.064520722
2020-12-01,19.359634137359745,19.34535563350303,19.11595029641889,19.320105792546137,19.31446890220169,228986.98365633303
2020-12-02,19.98548080193304,20.04418658620784,19.912226543738846,19.999042342699585,20.003587230448638,535286.8419526158
2020-12-03,20.997341294116637,21.27245914110095,20.78701344205936,20.973590545695927,20.973491942412963,418672.49284439534
2020-12-04,21.696119706730983,21.708294367143807,21.61276876484954,21.65276479557904,21.655988569223865,294654.72376914305
2020-12-07,21.66500345167989,21.77105817442124,21.650903910876924,21.69778492903167,21.699277084001626,200429.9185024668
2020-12-08,22.475032918454204,22.57865049621545,22.423946978306727,22.47358115392601,22.47533391083052,244263.19275205597
2020-12-09,22.33363323511521,22.394107720824444,22.051435848786536,22.332273996651477,22.330636095571435,144505.6490077488
2020-12-10,21.993538138067997,22.21165658113268,21.89991179462702,22.004211890320672,22.01372356542134,616013.7791659188
2020-12-11,20.795685174576963,20.870111203505058,20.76192011630169,20.798331578580584,20.79721873063161,354146.80691066023
2020-12-14,19.871433852179937,19.993083988539954,19.82665099045721,19.86549436759736,19.855313606129123,268832.13664933003
2020-12-15,19.787190175419603,19.847375396100507,19.61614007964617,19.79085429011624,19.790437908608304,250328.898388618
2020-12-16,19.87723849731683,19.92590903936864,19.802528540476988,19.865371551526064,19.859767819933623,332016.9483761993
2020-12-17,20.56651469046613,20.649942870204352,20.549774220745093,20.564781107038844,20.564485747266456,352725.3796713342
2020-12-18,21.01350617153436,21.335619309074364,21.02212292984132,21.03500375299624,21.03212299890868,200916.69795770705
2020-12-21,21.60286095542778,21.78056488035204,21.428866731280603,21.636716511057475,21.641208062467893,97309.15467622434
2020-12-22,21.620277554555933,21.6323758106275,21.581735109848942,21.623079798300346,21.63328940754293,584241.2326958699
2020-12-23,21.576055846100108,21.628540815663275,21.56674261134731,21.597004801996157,21.597958391131883,727807.2567382879
2020-12-24,21.16322361914347,21.19952931311951,20.919271986386807,21.14743177299286,21.147675917567557,217070.30092259683
2020-12-25,21.419767904816368,21.46158351239608,21.30376976938,21.40828796739034,21.411034536461884,129879.47720585782
2020-12-28,20.623069748930497,20.85114376826875,20.61768228073865,20.664543098723268,20.668620551512426,59117.76251589419
2020-12-29,21.25746831942164,21.338112532254275,21.02411980344059,21.23790372265208,21.240984828578437,116074.41777126316
2020-12-30,20.462605553178136,20.45429762177715,20.321899062333586,20.44439271803488,20.43551043120766,235663.6429433866
2020-12-31,20.66385635238455,20.655568413870423,20.621141963993388,20.654825704038487,20.647806328495253,415725.5951796562
2021-01-01,20.320092615699583,20.478532829494256,20.207961233624065,20.308194772547967,20.30682117483628,181951.8611924053
2021-01-04,20.52230987136592,20.51119183711531,20.478487935226077,20.508778062625385,20.50954954796634,120778.75371667367
2021-01-05,20.475490151775755,20.504656774379317,20.30099802390748,20.476382762856908,20.475460847372165,211222.244975916
2021-01-06,19.97448445520132,19.972181274358743,19.88011320299335,19.92238064635411,19.926331729844275,341082.301069844
2021-01-07,18.60801846958824,18.60037225757625,18.56290952525989,18.582694044865523,18.58826019399398,191163.66551927116
2021-01-08,18.209001376102485,18.271919450906378,18.09424826652191,18.226767092620587,18.22870540531692,349679.7756340718
2021-01-11,18.262868936249856,18.49582371477109,18.22600624012815,18.30703193763433,18.31136480878503,84135.45530555073
2021-01-12,18.0169812132657,18.107369036904156,17.863534879464336,18.00536762066655,18.01072782216962,786377.4178103637
2021-01-13,18.50110546514145,18.60677474153537,18.47585294536009,18.482222401000264,18.479319167778527,626740.5026410286
2021-01-14,18.08397396278344,18.17738777927307,18.038284780881188,18.061019747615276,18.068627643362635,208553.06548122107
2021-01-15,17.903155038024025,17.964415203097698,17.853896394179344,17.90589773049718,17.904143143359295,232908.95937392436
2021-01-18,17.836274205957416,17.90261588410444,17.756798565402388,17.824873651516285,17.836528633095217,289078.57356272714
2021-01-19,17.610439614363017,17.636555632265708,17.531309075507156,17.581220905220896,17.580508797246324,173137.39510930097
2021-01-20,17.745635573809377,17.840261786837516,17.70111498064597,17.7358246221359,17.736763866707648,66552.27868986428
2021-01-21,17.578867711407334,17.801361712182132,17.52739574299768,17.582536971908997,17.58265288129859,404769.1169039752
2021-01-22,16.673523533430792,16.760345337883038,16.64092866472407,16.663405602261918,16.66569135821759,169778.6696516878
2021-01-25,16.86394371076496,16.960314088979697,16.693439100001534,16.855625214213745,16.857938541422534,830341.543254208
2021-01-26,16.530378992716035,16.561751940282168,16.421155188506614,16.48036603201822,16.479952322492217,295722.5194723521
2021-01-27,16.378990572667966,16.413689272748343,16.37337182324158,16.39197780160457,16.391060722159537,702507.437690651
2021-01-28,15.634130412485517,15.637945854068995,15.494013762408876,15.621942283692094,15.62158423032074,159553.13898096915
2021-01-29,15.240766591657408,15.280759302932935,15.1063526700046,15.23692426496399,15.227920308329155,231980.64858727733
2021-02-01,16.06179269349076,16.16523638590189,15.975704483261405,16.02835286658615,16.039460405494808,363981.7137816791
2021-02-02,15.868249470938188,15.901189738175686,15.837761587508094,15.871491866785531,15.869625090415454,197255.6666710536
2021-02-03,16.341803498788547,16.38755148217865,16.260921360630803,16.33267530127151,16.333157051672025,81517.9716374126
2021-02-04,16.286877751616267,16.412888287185645,16.190270172768383,16.288977066804982,16.28787632064794,471105.5546840256
2021-02-05,16.230174615815347,16.277038633487035,16.124861953572236,16.23140936052223,16.225010939356064,579733.5501057318
2021-02-08,15.96805146598368,16.017309863698156,15.87395627207672,15.968689203542764,15.969446088862378,538584.2355888959
2021-02-09,16.608016160057563,16.640086339393395,16.494206630929085,16.59057720911045,16.585179636194262,605050.3200170434
2021-02-10,15.874865000181948,15.949704824064874,15.83648675497826,15.881912473309413,15.883275019131364,204022.926167438
2021-02-11,16.866490182505558,16.99324090878215,16.864210050059736,16.869095555822796,16.869715946113743,369520.1292474187
2021-02-12,17.70494066959532,17.746250227495953,17.650395342043456,17.718518068112086,17.72432447649203,230813.42227129603
2021-02-15,19.02024288906622,19.0715149324683,18.943031846145217,19.008399202032148,19.00574308597051,243376.80039895943
2021-02-16,18.188850766756843,18.21808376692334,18.07400435146881,18.19109692960575,18.19397141446552,92892.59218923352
2021-02-17,17.641495444875215,17.741229230036677,17.63886776957302,17.64985672924057,17.64270019311542,529790.8468317259
2021-02-18,17.605038009106035,17.711080067113908,17.57066076214752,17.623709240175142,17.61797847356862,1480296.0751496968
2021-02-19,17.70957753106236,17.81639458066718,17.638059458500425,17.71244632017718,17.717726876997304,226670.32976479403
2021-02-22,17.120813195573604,17.171860901882578,17.046941626696967,17.14343707172166,17.1436131364047,585583.7447285946
2021-02-23,16.58429706914917,16.585289398895227,16.5449000026751,16.581822860594844,16.575255959448974,329978.8617654182
2021-02-24,16.24301678764651,16.345846143662502,16.182846599908412,16.247638377513603,16.24259799382819,165546.18350331666
2021-02-25,16.121842192558198,16.180254569126213,15.949875486888198,16.090531867134256,16.094022364340525,342351.0177128602
2021-02-26,15.58041637778136,15.599110384068732,15.494272420706672,15.53988597271322,15.546691643312208,135456.18117855777
2021-03-01,15.568552691410952,15.611693218918749,15.553515693947828,15.58194114273799,15.5909205660506,820182.6334041472
2021-03-02,15.470155461459315,15.538954054372214,15.462974430207552,15.481777884134864,15.485041559240072,272109.96463112114
2021-03-03,15.637983552763613,15.676732327865164,15.465257466111568,15.628888876042156,15.63220746902798,226489.9772806675
2021-03-04,15.379765420427272,15.399553652715262,15.372448925617144,15.388627691232704,15.395376488884729,529945.1162764955
2021-03-05,15.581177866241116,15.678266685096428,15.539009251695177,15.577470720512943,15.577073141224371,118153.02422818106
2021-03-08,15.388153813743925,15.405277649027164,15.3182818762637,15.381372316987234,15.38051032885646,471091.4200019318
2021-03-09,16.38319681618838,16.443949804675032,16.305004385110085,16.367077800849405,16.370029496246353,435507.6787251672
2021-03-10,16.675939418157196,16.822363786826678,16.699921500234876,16.715503362134214,16.712371914346065,458991.9844182744
2021-03-11,17.60569706220167,17.76888699719926,17.640546948487742,17.644951964565116,17.644826546893093,256400.9994738645
2021-03-12,18.078238392431167,18.37500427274604,18.0855191975201,18.10425621275101,18.105980724711376,173331.27873965708
2021-03-15,18.21233314966362,18.39915260666199,18.122024985710336,18.259788190529378,18.25831891655696,123626.0014256098
2021-03-16,18.58788954468891,18.68377624461833,18.43278002880653,18.58409956171516,18.57792773774184,159286.2725722347
2021-03-17,19.099821500138727,19.1568301260121,18.98882272778165,19.095497953030137,19.09583591689836,344462.3634346524
2021-03-18,19.702055670841244,19.85531194171509,19.63491686437256,19.721399564387763,19.722274278346784,189213.56417662516
2021-03-19,19.320194460566096,19.35022393816759,19.13974425246158,19.333017380615832,19.33290382972713,140249.57346811914
2021-03-22,20.261052068696525,20.311058700463388,20.18360842336311,20.26654323691832,20.267382220673788,166978.29294831326
2021-03-23,20.581129407649865,20.69047875620838,20.459138037577272,20.61813840783022,20.617729366831,486441.3181189792
2021-03-24,20.225981503006945,20.280981365065315,20.15090449758779,20.228653155776925,20.230363073910453,228429.1323677321
2021-03-25,20.810505204502213,20.91476159510741,20.73680181143631,20.811570773957047,20.80978580507199,130991.71079046011
2021-03-26,21.2513526763391,21.272845835370383,21.199634600865892,21.25270539810529,21.2485692628047,225421.615065636
2021-03-29,20.33279476966968,20.43127336000062,20.20898964075722,20.324485275328307,20.33132536315124,348468.90415162424
2021-03-30,20.334068097260435,20.48725404123469,20.236998536108903,20.340064122807483,20.338608429702116,353412.04916845984
2021-03-31,20.58257271243813,20.619384709181567,20.55579319596005,20.566702357354867,20.56065606646409,139945.16287762186
2021-04-01,21.459438756549428,21.49401821821909,21.36077517029836,21.47469013124457,21.47383472733257,250547.3113843736
2021-04-02,22.354782230821897,22.5203996465653,22.3267405188142,22.400662628883747,22.39846694069193,191238.44957598145
2021-04-05,23.253379846189507,23.303761807647398,23.107177030408,23.272027186929265,23.26609433287759,244253.36892987057
2021-04-06,22.80152433675893,22.829189176925254,22.726989889545884,22.80436129650308,22.806971092836704,147229.23613534396
2021-04-07,23.95370910652178,24.00661246545045,23.89525098555664,23.952227152772217,23.95577810001919,393352.3597959266
2021-04-08,25.95547761481764,25.97621692591908,25.824494427999976,25.92338127366383,25.922790242147865,564480.9761222663
2021-04-09,25.06573185478677,25.1579276545706,24.887335559725766,25.01520647988906,25.02583168417925,155847.48337193418
2021-04-12,26.268392849973363,26.388158314909184,26.211795030293167,26.255159536916977,26.264628662442576,196696.4912187547
2021-04-13,27.470335438127385,27.436835309235928,27.411587322337446,27.435540372637085,27.43073618783009,280715.748971392
2021-04-14,26.215465025234444,26.25410883981285,26.075914664388566,26.175042009705784,26.1764873005803,185075.3865447197
2021-04-15,26.145795332639004,26.21686342618056,25.759565425198947,26.156629936778653,26.159164626112297,226185.61749277575
2021-04-16,25.11653749325036,25.266361492587176,25.04333239129508,25.091039647151646,25.0894347788564,456688.9684024844
2021-04-19,23.79332562404993,23.847383662322223,23.780847017909952,23.80100983872244,23.804870328367727,86826.6443624477
2021-04-20,23.596219884635747,23.754536691963423,23.45464027905262,23.56865574297404,23.572445707762064,144882.93910510995
2021-04-21,23.68773954258537,23.776065796167963,23.66779232325567,23.67244222684289,23.674115765374445,100835.75685174824
2021-04-22,24.027719873039512,24.157729228449803,23.977079959224437,24.07128523069841,24.075741856584752,226801.19616091505
2021-04-23,24.28403776301233,24.350952304364597,24.11072916683844,24.29645410775272,24.294948238965134,137314.85816149256
2021-04-26,23.630783837691865,23.74854525255033,23.57480372959112,23.64103880301241,23.642344597715017,330131.09593941533
2021-04-27,24.07265529531297,24.08339571603509,23.993074911901505,24.056748861308638,24.065320303157936,145884.38079454735
2021-04-28,25.97082566628893,26.125964989791463,25.9516513991768,25.984412483045304,25.9903796710874,365573.3829856031
2021-04-29,26.664263000385727,26.715335919484147,26.531935793913075,26.61410963894545,26.61240589067215,157690.01632120906
2021-04-30,26.37969372387357,26.53263827937202,26.21819380935509,26.3759883246379,26.372219336302702,332124.1841786325
2021-05-03,26.939979344111983,27.041057182592738,26.987282379615632,26.995617194117067,26.99151710339023,226769.57645727604
2021-05-04,27.99575757340325,28.102785496936544,27.895314281164527,27.99900647582512,28.00601244487509,424707.76855321246
2021-05-05,28.63982990804802,28.830468376643456,28.635807600196674,28.646715404539904,28.63492455077922,226516.9612918181
2021-05-06,27.97254433739496,27.982649245091984,27.863308360448883,27.98239637836372,27.981799304939685,385402.019554728
2021-05-07,28.3929997792373,28.45873597425884,28.309006920514044,28.35004959805505,28.344935594517292,118485.23409409563
2021-05-10,29.394867607685907,29.39195409056482,29.23121844434341,29.380205052747115,29.389891526607784,217273.82296758515
2021-05-11,29.47841880876069,29.47737933944172,29.35473561428078,29.45102794673921,29.452521615244063,419961.6249326727
2021-05-12,30.808173682556607,30.992495101911345,30.632997715840723,30.824723698113534,30.83460365559755,311241.4955159378
2021-05-13,31.48848099040828,31.4749880093907,31.40009164730491,31.457058167614505,31.463485178436443,235936.68010261573
2021-05-14,31.42017997651,31.58431673435936,31.34360121023508,31.411254137463576,31.41654672744602,245167.3918531593
2021-05-17,31.27785646337048,31.32077437055643,31.215683535603752,31.251666881851992,31.251583141660557,346274.92534563143
2021-05-18,31.392200100394184,31.374240999690223,31.238637740258696,31.37308255863873,31.37845971178923,487896.8377320676
2021-05-19,31.687884478771423,31.70443142896244,31.50153562156977,31.675035725853476,31.682550007514543,280043.221915321
2021-05-20,31.023130465004076,31.12577030917107,30.87730042393468,31.00106184535306,31.002578881701425,136799.6253408417
2021-05-21,33.20836371992123,33.205938503040954,33.15437435328105,33.183726312834224,33.18102503911675,219409.429706677
2021-05-24,33.198568485983515,33.286717535591734,33.01139308822694,33.187769306510525,33.18727292905358,480145.0465906019
2021-05-25,32.550212562343795,32.90526560586073,32.33518748656221,32.56026628206315,32.56314854823278,338613.57530392904
2021-05-26,32.834831672896826,32.824426544766766,32.68566734777988,32.78203845753333,32.78076112625719,152610.54565211054
2021-05-27,32.72139509012146,32.86924034973099,32.69440752159818,32.71419858643479,32.70826609009167,435494.97578008514
2021-05-28,33.01611114241261,33.18807160097349,32.94285698922429,33.04002724938403,33.032457945945424,320819.7401770441
2021-05-31,32.018189028330404,32.246617593380634,31.830842112095144,31.993952201987717,31.99058151256237,513016.0677669006
2021-06-01,30.425940288612544,30.529207989120252,30.350574630797382,30.461389396799618,30.459942292440857,305356.5863985705
2021-06-02,31.298875276939256,31.46418491216012,31.31217990931156,31.335202154375924,31.32966360552181,392986.3877742791
2021-06-03,30.98429485366047,31.037201935062978,30.83143589441732,31.000425208296026,30.997823715270236,150263.52752905284
2021-06-04,33.75184190673436,33.8143915228575,33.69293753970317,33.769074220542684,33.75410264136351,763803.6201852374
2021-06-07,33.30746864659207,33.435364515047894,33.12559505284204,33.31267741266219,33.32106291665728,435108.2908015265
2021-06-08,31.610330069212026,31.668500959067966,31.45740316550652,31.62425256474047,31.63383409684845,384368.6255120275
2021-06-09,31.77468745617698,31.82280221834732,31.752366354157164,31.80089769283504,31.80678190684096,426583.3529474684
2021-06-10,31.177345230782556,31.121124440670435,31.07806239466625,31.118446482541973,31.12499548144736,489459.66898937215
2021-06-11,30.489534654847574,30.53917879789264,30.40306443251413,30.49438391486693,30.497278093315188,129433.23116017084
2021-06-14,29.655572998676963,29.891660861366077,29.452036661316072,29.630999975418128,29.632336052558436,619960.4749289098
2021-06-15,30.34745493221685,30.5289506220534,30.333956534770447,30.335962695073096,30.33043536785501,671689.9172939253
2021-06-16,31.25158570099865,31.413169886848557,31.12058326821988,31.23221074842421,31.222499297446834,523782.67602456594
2021-06-17,31.48641025567423,31.55552960972957,31.18591016180399,31.42691976303796,31.430124679560937,280878.25920570025
2021-06-18,31.81160839638219,32.163886195318085,31.75539639493632,31.818528537789323,31.81462426980856,1046756.7824675912
2021-06-21,33.19451804576505,33.22237146049772,33.10421715114981,33.18383546086752,33.18527578396811,273139.7340178556
2021-06-22,35.09852570482731,35.1511993564601,34.675639353791446,35.06991791419909,35.07112939318216,321918.98066001385
2021-06-23,34.27302039686139,34.308870229803524,33.94909484945532,34.268461109006786,34.26083057935585,222563.614713442
2021-06-24,33.49649915914043,33.725546232180506,33.290099298215466,33.42654188672613,33.42685101287292,184317.1452488715
2021-06-25,33.13271310683864,33.28911773975067,32.98038405261342,33.153595745067875,33.160802323509614,608328.5944902578
2021-06-28,33.699929782172184,33.73298503159082,33.656660544994814,33.67335919075104,33.676793093422056,303782.03688227857
2021-06-29,32.626608243449155,32.689609053555294,32.604311648901124,32.666020532373224,32.6670695670742,448046.5969796407
2021-06-30,33.18763490301792,33.381026751076725,33.029819848815265,33.174347985917265,33.16504496735857,95385.90468488292
2021-07-01,32.47859824442813,32.53082860401579,32.27922697932347,32.49881046894358,32.5011292458059,372407.7082995766
2021-07-02,32.79936671605161,32.89418180120856,32.462301952216535,32.82084739290145,32.820615433817586,162463.25381468303
2021-07-05,32.22052505121082,32.23326885362915,32.14655952557229,32.17517301331303,32.185432520040905,605146.051800687
2021-07-06,30.681789240948937,30.94285024002652,30.58935630568137,30.65813974814269,30.65243090048822,295568.64325802785
2021-07-07,28.492430194763266,28.500631254339226,28.35814803975886,28.46601151538436,28.46917229413732,170289.4054097206
2021-07-08,29.36238380519633,29.481821634361477,29.138461849684056,29.353531286250966,29.34398481243945,304927.843383391
2021-07-09,30.33561133813497,30.41543433586948,30.20300382041778,30.37775490734882,30.367068811576356,168515.78901913014
2021-07-12,28.92726751134756,28.96847396012049,28.900351723975973,28.902550935170748,28.906726706685795,694475.3759202787
2021-07-13,28.68260481959155,28.72681979451962,28.602634500513485,28.692918095776456,28.70334781963949,92566.34467601344
2021-07-14,28.79925889253436,29.018479552131776,28.593778239818207,28.832600142074316,28.83509541564936,351049.39457779453
2021-07-15,29.186752989364997,29.217825197167627,29.136047788853435,29.215441763358577,29.22033142538509,687511.9624134237
2021-07-16,30.270768762283847,30.37170080879137,30.068285517042,30.296326400687335,30.29142104021166,323671.98093035
2021-07-19,29.595033524930653,29.902027729811707,29.522349519278094,29.541859008522117,29.55716115982614,477176.1678754344
2021-07-20,29.87899508074862,30.026301082644306,29.78051237833468,29.8698376349789,29.886010058584787,173997.01505600117
2021-07-21,30.52979048312136,30.59698696268286,30.446233197480968,30.516507395426245,30.52348603030866,255886.19584471307
2021-07-22,30.436516148580232,30.57261309338951,30.417697443626587,30.44818737478478,30.461354889342363,329791.60596025205
2021-07-23,29.96109274419272,30.256022412968854,29.9244753045306,29.954244690026893,29.944595825315528,479772.7427999589
2021-07-26,28.741537658982157,28.893387301847813,28.660965732820856,28.682393711519385,28.681673921644432,114076.18897489198
2021-07-27,29.37214495812245,29.50805837610444,29.3215423435601,29.419538034039075,29.4136272423285,110979.19291721232
2021-07-28,27.877143536705443,28.043449715841387,27.767807674262635,27.87188936635836,27.876691560826973,128066.14729396543
2021-07-29,26.84231687800953,26.920233370195614,26.82147680123708,26.839284979193085,26.835467270001114,145566.56799471594
2021-07-30,26.981334116513864,27.071874183960045,26.93555955426864,26.98373600796762,26.982007655404544,168502.6818955805
2021-08-02,28.19780750152096,28.35875426019496,28.07590638004417,28.17143012040409,28.172861878899383,205926.68282874677
2021-08-03,28.931136051624023,28.966223594512098,28.9091830276506,28.948566642456026,28.95509416413669,78155.89574344314
2021-08-04,30.364117837509813,30.626909561483743,30.3154844961594,30.34772845053383,30.33369022348781,171569.06888127775
2021-08-05,30.79075136728088,30.99285763482329,30.51279008875972,30.7769456651844,30.76843103830255,232112.55746873937
2021-08-06,29.709312956660003,29.766751452146497,29.58798483046268,29.703707561896582,29.708216196936814,198172.67358328792
2021-08-09,28.52224068611897,28.716290915078197,28.321112001886565,28.58844659495817,28.594461019184127,178055.3854456868
2021-08-10,27.25066232014847,27.47647512737785,26.96979084275669,27.20005436284625,27.198863668348714,298134.9749437483
2021-08-11,27.673501339213963,27.69335821468389,27.52752488889409,27.67567757763016,27.68340926499888,586755.4688078777
2021-08-12,27.538173452561868,27.599551510151404,27.375469025913805,27.520234694930988,27.521293751375133,426211.8289138107
2021-08-13,26.695263178481085,26.85336336427222,26.721056663793213,26.733141725915395,26.736780731894186,352682.5504153197
2021-08-16,24.5469188768388,24.64526484534566,24.56244114843532,24.576726964895347,24.578074436340728,1066737.331620325
2021-08-17,25.19382319308567,25.518526047088223,25.020332325368884,25.23765638147348,25.242426491075587,527165.7265723951
2021-08-18,24.08659797611327,24.182232477551043,23.922059408751085,24.085549923415776,24.087048084921648,102455.446329574
2021-08-19,24.37114219274935,24.610814992099204,24.403591461979524,24.444190275409703,24.433727735863943,351657.6264268755
2021-08-20,24.26901940522537,24.358577081065448,24.143845043128472,24.276495354456102,24.26787448945877,139257.60896076454
2021-08-23,24.193161727988088,24.233149141774454,24.12268441407289,24.192256551253276,24.182614326080103,189628.34943602583
2021-08-24,23.422011266949674,23.41943980736237,23.372861150908676,23.400093668542727,23.401178953983784,281584.89044664544
2021-08-25,22.468406077470014,22.55206263867603,22.45465138682391,22.45559025019974,22.45438534837872,256490.61680766853
2021-08-26,22.40158407662324,22.440408377318125,22.364919311150025,22.40510397921994,22.39400630612133,307516.82569268235
2021-08-27,22.26787335367833,22.30454788844532,22.243772710988225,22.249643972868085,22.241752746869278,136430.96407672146
2021-08-30,22.29137794249587,22.455527246528423,22.20929170213602,22.28049163340724,22.28484820587831,535586.4685017279
2021-08-31,21.964538896251625,21.999410581688245,21.890933252804,21.986091656586677,21.98486817927484,157851.53099762494
2021-09-01,22.16466811073516,22.32537602470473,22.03053594789839,22.14052862316347,22.140258026823894,243792.99209128012
2021-09-02,22.41327275857471,22.487690148800777,22.252597184975365,22.428180577810487,22.432693706671454,1095778.4625364137
2021-09-03,22.59982684962002,22.759922896203516,22.54417939556486,22.56200925141555,22.55345760588736,365911.2242936656
2021-09-06,22.738436409569346,22.779593125920385,22.61094683520557,22.699581507106423,22.709796978182112,209046.6112590614
2021-09-07,22.010405726893136,22.098028585708136,21.867414111996357,22.033553377916817,22.033404396744604,233055.05095496983
2021-09-08,22.223647222784308,22.283342351156243,22.13890718885219,22.21694275619912,22.219490371474397,1183610.0415951954
2021-09-09,23.352340309400788,23.419593575544155,23.27068992612992,23.336432960325723,23.33777300369466,153518.6102315197
2021-09-10,24.56480581261228,24.62991043901104,24.463643880079744,24.54876538988301,24.53603277368168,149878.35089266143
2021-09-13,24.922089766670474,25.132819698606863,24.833582719580487,24.93344904289211,24.923329548451875,169553.39836672498
2021-09-14,23.81510779169047,23.861929241866992,23.772340432617217,23.803768409819767,23.80851702262315,588338.6764051714
2021-09-15,23.66975341716629,23.85612811046404,23.5192953731807,23.64930352457714,23.649445878015324,697804.2468360107
2021-09-16,23.5702170777582,23.62949829575377,23.535712628380427,23.605085030216827,23.6071198850358,95316.07051681283
2021-09-17,24.381088575401865,24.55838243346452,24.247836816209205,24.352682643081167,24.34865229657503,115241.77167239954
2021-09-20,24.609485782867807,24.88311143311866,24.58389613234463,24.62917600725165,24.62057758836525,246502.8680292977
2021-09-21,24.525381487405333,24.58142065617182,24.508108965891907,24.550501416791608,24.54371784884493,513466.5948838588
2021-09-22,25.22445245787481,25.354383300639302,25.18984518941411,25.210736229780466,25.208022414608475,182683.33838852667
2021-09-23,25.66213713569237,25.698736261076256,25.286203180436647,25.6297005214712,25.635165743679675,166144.05989925796
2021-09-24,25.450755921108414,25.534202467755303,25.36742309671356,25.49270531682009,25.490839600957017,54386.25931914071
2021-09-27,25.323933405493054,25.480437354219813,25.320851377619235,25.32797072816909,25.33787693589464,357144.66603168624
2021-09-28,26.81133276657122,26.866914520965217,26.45570966495263,26.78353539842661,26.78543471238469,871590.8272456822
2021-09-29,27.306744543065527,27.39675353451984,27.230517207205143,27.310137493889545,27.311332324471667,227401.88201283183
2021-09-30,27.11817158705889,27.13016414963666,27.038014009489427,27.11816109208289,27.12287997620664,216647.4524798225
2021-10-01,27.38050819603878,27.548514998237067,27.268620829096736,27.381730418510475,27.393662084823404,498908.9767995779
2021-10-04,27.14643938551456,27.228994717964767,26.984533982519554,27.136867428473817,27.13677344578274,125670.88888994836
2021-10-05,28.1031356750022,28.140377678976304,28.031541303686694,28.062132891992107,28.066947820501685,258400.22330716596
2021-10-06,28.493930922023708,28.669529665325648,28.44342196766604,28.498623337645636,28.50313038814174,326509.71124005987
2021-10-07,28.101117094850466,28.268850972248234,27.99495828966538,28.091507977408927,28.089860264968472,330083.7448906287
2021-10-08,27.96855230685609,27.98370884375927,27.839705433472623,27.962024239883377,27.963998765696097,822777.7246268996
2021-10-11,28.139755281423664,28.153179841638742,28.02421060386329,28.10619614674288,28.11590276515437,226855.97826669764
2021-10-12,28.396849807272016,28.50017981872019,28.38463982975735,28.469090710001336,28.46515137831788,295431.418645422
2021-10-13,28.148471974217266,28.288573256605748,27.999559220201377,28.1467755748678,28.13632227660357,234531.3932641825
2021-10-14,27.54013831688988,27.511016009679285,27.46865935054445,27.490926915293848,27.500847899563475,812332.2208998642
2021-10-15,27.205576960718403,27.32706546139584,27.053219179595175,27.231481343304296,27.236400071115305,252205.36585524245
2021-10-18,28.15560381365439,28.404346533543293,27.936425458422832,28.189820316395352,28.172026823345803,642650.6603679962
2021-10-19,27.92205740405928,28.06373367198367,27.83534826107059,27.867453280992475,27.855529658808567,671776.8094426142
2021-10-20,28.19413214040988,28.168956578354813,27.890880788070213,28.139191511168303,28.148970771878734,194063.00918623607
2021-10-21,29.52582298031591,29.667717222544205,29.32593301265988,29.498105067848584,29.497457005620205,792751.2588700379
2021-10-22,30.26541430553006,30.385782620765703,30.214297224849545,30.27860561297121,30.279937014719422,201531.24568526036
2021-10-25,29.199758723027166,29.238286704907622,29.035989186775574,29.217449710777085,29.21917546319037,420389.9659073722
2021-10-26,27.59871868750893,27.646212053620197,27.49914196510494,27.596735778995978,27.59833095270127,331006.529085064
2021-10-27,27.56850248612101,27.5721881424754,27.45984360882556,27.570158351521066,27.572806497139112,150196.32758397955
2021-10-28,27.411103418217117,27.44917492940448,27.404638843212325,27.44552710319793,27.43812989518753,83076.59744399584
2021-10-29,27.826834240884075,27.93346694434805,27.74271911693319,27.858711384191714,27.8586837439636,461680.7541620982
2021-11-01,26.631527090660303,26.64851355619764,26.474900676777946,26.63306302755274,26.62985488901709,216529.58771504357
2021-11-02,27.299262951825096,27.40245932575606,27.20049893855189,27.31721945974524,27.33344685935766,305607.02033813664
2021-11-03,27.276414542463343,27.477960779036295,27.29905264594858,27.31192304584677,27.306375239427616,125159.4130442981
2021-11-04,28.121427697966663,28.297123062051824,27.92653729082125,28.15570287696422,28.16097407136013,164114.61789598333
2021-11-05,28.524627566838525,28.67239593495851,28.44721220300904,28.57072684288461,28.57157176270601,167978.75481314334
2021-11-08,28.13374077666449,28.240692506852195,27.98869872557507,28.081473125089264,28.076541898413332,153284.20516227875
2021-11-09,27.7121212123284,27.84543823555564,27.75081523106769,27.754009994345047,27.754981755791757,178901.67853861855
2021-11-10,28.057385731276423,28.31447336195749,28.05201620417336,28.067324820920422,28.06476107550749,417984.09299398
2021-11-11,29.188380112050908,29.29307981430225,29.15715830230728,29.2266586486942,29.23131512421335,339203.27071951964
2021-11-12,28.21617823176507,28.39956355961477,28.16090610866127,28.193813507022387,28.18096685833859,328304.15064644034
2021-11-15,27.321668432396866,27.381258321697494,27.2228903580512,27.34813620105965,27.34520278960962,319251.9090499284
2021-11-16,28.89829230965945,28.94883897117563,28.91048532003774,28.92233373061718,28.919373168042057,391522.6523240532
2021-11-17,28.859401481634,28.88739626620938,28.809886983345063,28.827139515055237,28.82449743762415,177561.4526520238
2021-11-18,30.50501621546292,30.7615726173418,30.42782750482156,30.52703403491629,30.52597230137926,202297.24840549607
2021-11-19,31.68389241915281,31.69618319473365,31.570225178250364,31.67336639267821,31.692674833619243,178032.98968130068
2021-11-22,31.164805793210665,31.311936160087058,31.13613304431756,31.15737634900881,31.158004427598097,508137.1769877281
2021-11-23,30.388089952738017,30.420147172880498,30.293651711961967,30.36616231981367,30.35472526110824,885740.0270520839
2021-11-24,29.943788157166413,29.993557508051016,29.96174592501208,29.9686206073344,29.96246491776298,237866.2837366461
2021-11-25,31.119751086004488,31.30342239913651,30.84598753367775,31.10977868960441,31.107600865246845,374624.1353189673
2021-11-26,32.109704676334545,32.210696379923654,32.109664301136604,32.157151105013575,32.159532237915045,841743.319636747
2021-11-29,32.89471469788085,33.02371828074818,32.85435152797653,32.954750247243155,32.96338971663472,421601.659384174
2021-11-30,33.065174272559354,33.31736876490092,33.020805046764494,33.12609952028407,33.12614554537294,168748.9269165353
2021-12-01,31.9612921690844,32.17906787121468,31.997644229862107,32.013101664316295,32.01507527796247,260289.98513752013
2021-12-02,32.942939079262395,33.227621936315415,32.865483301188895,32.95207250863678,32.961685737940506,259098.8442353976
2021-12-03,32.75246889276615,33.10686178042217,32.55784747622624,32.734726235138105,32.73305224036338,189980.8663887424
2021-12-06,35.135920731171005,35.37647249397793,35.007058607743105,35.16886230546007,35.17443597292303,305349.0399072617
2021-12-07,34.68068807119327,34.902902372653706,34.440065316654525,34.66073955816927,34.663724648140416,296804.1868230941
2021-12-08,34.49778706029195,34.77281689046723,34.41945892269237,34.486876662490474,34.48973743175263,1130222.1305606177
2021-12-09,47.91826840733842,48.256826805709125,47.9131792965465,47.923472061996,47.91984171635744,448242.3525128724
2021-12-10,50.70536993715345,51.09575206949839,50.740619007770725,50.77719876251831,50.773035399732905,200414.15945225977
2021-12-13,53.64192231635311,54.113954186913446,53.66837615626077,53.68654425951709,53.68654425951709,174425.6161797292
2021-12-14,57.31517061415471,57.66988034880978,57.13560575056201,57.27761213246364,57.28970608889623,240247.9698058948
2021-12-15,54.92445015269218,55.24296647744233,54.73329520472359,54.98186683164109,54.982600639469226,222770.98252280772
2021-12-16,55.51351753837624,55.810019509247255,55.13730122583013,55.52545052289837,55.499474678446425,246095.657635455
2021-12-17,53.71692127299009,53.80984363865795,53.38865323268102,53.70541987812434,53.72701041960217,196599.41989237076
2021-12-20,54.83913020332399,54.92742239136098,54.8504857617122,54.91133488363409,54.93072323599125,277918.365565431
2021-12-21,54.846813338305154,55.27839358924049,54.6448628783302,54.91384447785472,54.909231266313256,202532.18485500017
2021-12-22,55.55805896133407,55.71817980435929,55.19623631738622,55.59457552408635,55.6087951997396,555912.4857260198
2021-12-23,54.64928066489188,55.08344952979729,54.45037276472984,54.658360606044575,54.66644315490191,199260.76820401335
2021-12-24,56.70133546368941,57.27325434231472,56.51325980233159,56.74777295675392,56.7429981892038,138529.6629115846
2021-12-27,59.435159113005966,59.5868647951154,59.03108882767904,59.42512321002353,59.45346207536885,450270.1384695011
2021-12-28,61.05103960982181,61.23064159356912,60.72150934510292,61.000070548484864,61.00952327502802,85366.83012539614
2021-12-29,60.311892660072736,60.62419441517594,60.22335385568898,60.33693013380177,60.30185012864189,243798.48797267937
2021-12-30,60.96165126866193,61.13842841752315,60.752962824353546,60.90547770711427,60.8948582448288,187132.0787551432
2021-12-31,59.216557318335056,59.30208337717525,58.94661134381027,59.213964263266064,59.22391506643167,277862.8277479712
2022-01-03,59.7158697030248,59.741431972112494,59.207994013561645,59.6654107979525,59.67296608791007,228250.4989688587
2022-01-04,59.576367345996864,59.73772307386799,59.36364615970807,59.43359261344317,59.45180047739824,139385.1641549732
2022-01-05,57.68103650982393,57.64121201424278,57.47671894011604,57.63941507450753,57.64229840051259,460808.7240948789
2022-01-06,57.26546320082301,57.38783816102311,57.02870496745079,57.14742760970665,57.13751333127574,861766.8395831664
2022-01-07,56.64689630755297,56.814044772383454,56.640667800881225,56.71389003106153,56.73437300435146,133560.6161975818
2022-01-10,58.51877469558366,58.620145008070736,58.2887491608881,58.55521429829615,58.53230613941307,136283.60744222498
2022-01-11,59.20576727345775,59.808492792892565,59.17911375003006,59.22924291334189,59.25634008446234,188417.9886259944
2022-01-12,59.56444671340691,59.69363203969615,58.98871269730385,59.48679381133229,59.47991447447057,112563.66723511658
2022-01-13,59.25339856134773,59.520980394873504,59.13005159263116,59.27215835912273,59.28646409834023,971382.8924148596
2022-01-14,57.30916001573147,57.29035904612963,56.73651399734631,57.196016005960914,57.17799531726893,620525.2341783654
2022-01-17,54.19562520271278,54.341813051140136,53.78362885420154,54.1499607953714,54.130043094145954,304447.1698875084
2022-01-18,53.2006549087252,53.21864902868728,52.91191097276745,53.18029968328263,53.1987733256666,186033.5161899473
2022-01-19,53.18030602842356,53.37440249194498,52.76682150126645,53.054715068169685,53.04553454915361,242172.5075641012
2022-01-20,54.83894818727428,55.20709956604468,54.64172715388517,54.783727414081135,54.80063363358531,382845.838761122
2022-01-21,55.69276505999502,56.0079539677176,55.36525867774463,55.68198245666598,55.7058496024523,479421.9294818737
2022-01-24,55.8676141536176,55.98270970158411,55.54855955833036,55.77176471761155,55.7905323549809,197008.6788765043
2022-01-25,55.61506709005812,56.01053494167296,55.48213152426594,55.63824018593907,55.64711708716685,463795.20316072187
2022-01-26,59.34072890022512,59.41473262723771,58.81871982610587,59.33504671282118,59.32484538956359,166517.9769064727
2022-01-27,59.22001409759236,59.62366360824253,58.70996880434345,59.21250297010102,59.20646520633252,213139.6677484176
2022-01-28,60.09250196433731,60.28947962091462,59.66206414050874,60.02989592261709,59.999154559176006,266221.65955530654
2022-01-31,58.22583346911679,58.31322909987895,57.75851506674563,58.25104747491894,58.26440655868768,695798.3227798574
2022-02-01,58.43775114674947,59.00983844811142,58.38173566844429,58.40466050513766,58.39954060873954,246762.639531982
2022-02-02,60.051317992781705,60.2631644769352,59.97180508914591,60.113673094161335,60.13985975080208,399585.25616222166
2022-02-03,61.47450360065806,61.634535909110326,61.51244007683019,61.56160806284854,61.58332529551974,481159.8282899899
2022-02-04,62.71242842577579,63.45452759109876,62.42445485496612,62.73776367854081,62.75464104840295,238637.3787795306
2022-02-07,61.72456031301968,62.09880514935757,61.72947142937244,61.74598244347196,61.76259510424493,460536.8500775168
2022-02-08,60.57045652240315,60.84639669757608,60.04235648281704,60.54537840410897,60.56409963810914,599981.8197908372
2022-02-09,58.62137089809832,58.65029799193034,58.4302416150714,58.61697918768976,58.62949401089542,412197.4043816553
2022-02-10,63.41172425852961,63.7295942140081,63.19555940629981,63.30662686727009,63.30156956275664,268658.29194393946
2022-02-11,66.74231733348999,67.04399039598505,66.3225663886037,66.62703477606355,66.62388285736715,312120.5650386345
2022-02-14,67.88705768944321,68.07565474083533,67.86080094924377,67.93365206975847,67.90659398827032,257399.2598941608
2022-02-15,67.58739411471805,68.21553316420761,67.2161603242124,67.68510375995288,67.67559638421052,189328.82715773676
2022-02-16,64.29065408187132,64.47063679269702,64.01447898486197,64.22488462574803,64.21658010027969,246216.29600173296
2022-02-17,63.31685048992591,63.46289146528782,63.015777430346326,63.391370729051566,63.40445549271555,507207.3211865257
2022-02-18,60.93991997233073,61.45921734365199,60.75139187981081,60.95905059891799,60.940839200055166,234453.7779079852
2022-02-21,61.5118582753249,61.821389366100696,61.5322145676481,61.55413255263964,61.557996325139406,286798.3282024493
2022-02-22,60.41219694368264,60.53224794253138,60.126232228216814,60.390820285011095,60.40423686100486,150040.27196472645
2022-02-23,60.29607844684672,60.43907185067023,59.93733405564301,60.26674512927153,60.254809368959215,445959.1440617188
2022-02-24,57.77718840995495,58.38331952267164,57.21612738122704,57.72417948813808,57.741441464867634,319702.8373006428
2022-02-25,58.44266000266146,58.7268515091486,58.478326107015285,58.51645393913353,58.52878376260721,77965.7582626409
2022-02-28,63.10264014086122,63.35000439832346,62.84139936764765,63.15780211789709,63.15293377283555,253104.37548724608
2022-03-01,65.38133798671366,65.69285560874583,65.35381599402102,65.42654537472282,65.42143178124525,80894.52255044536
2022-03-02,63.38374017833649,63.73484350674881,62.98566756726552,63.394533185382855,63.389502421225735,654710.4111005352
2022-03-03,62.07717969695751,62.449944903404585,62.0662352631241,62.21208547654688,62.23206081338077,316818.10032122576
2022-03-04,60.21613699245436,60.47204634708062,59.65590008475708,60.21319152313716,60.1931314168707,105488.1472240565
2022-03-07,60.10621888515699,60.1305579692596,59.6990815886352,60.11066864560792,60.10933683198306,1168402.5136391264
2022-03-08,59.90203151880296,59.92101738103574,59.71532071230848,59.91350795614141,59.89576705801435,388355.6535800533
2022-03-09,62.12646013888183,62.39071727460406,62.09262888247916,62.13047260618773,62.13565064068827,549249.6174771406
2022-03-10,63.20845865078188,63.322736491155325,62.82556481624404,63.22192628574823,63.23403705029208,143164.67197934698
2022-03-11,61.01814879073174,61.5970988011918,60.99145715710566,61.10688655415728,61.11616871933117,416588.0462183444
2022-03-14,60.61304758727523,61.31911873211368,60.11629056977303,60.60636585803158,60.59471805881823,1139436.268136094
2022-03-15,64.27931954202265,64.70265228352697,64.27125808110856,64.31455878643864,64.30761195330209,146711.74510219708
2022-03-16,62.06191201758074,62.36022227039616,61.8794850515084,62.03933581953579,62.01980108759327,180896.4590708316
2022-03-17,60.25805620874548,60.31963854437509,60.15607488634812,60.23266161265464,60.24036386852622,206181.83452802704
2022-03-18,61.59211425754832,61.8238757991971,61.40069485542592,61.57547102784186,61.61455829325283,818179.097858116
2022-03-21,59.692186303662446,59.97565567676611,59.46391246887264,59.66133216380656,59.6781770121651,86931.72663326445
2022-03-22,63.427261311087406,63.446925048269904,63.27961277426234,63.43386094082269,63.42536066982185,514016.5479435704
2022-03-23,61.16979053072684,61.47936223131392,60.763366341031166,61.2878628969282,61.27602560592444,278842.92817506846
2022-03-24,60.68125635622837,61.295971204919326,60.68687371091973,60.76242459036119,60.7858432490155,175899.65754274247
2022-03-25,61.37811717381584,61.854014967029165,61.1086009105006,61.39626961004489,61.398796444694405,539862.0461006829
2022-03-28,61.90754652381034,62.72746028984128,61.6401872743579,62.04203021427216,62.0253358586728,1475860.104545132
2022-03-29,61.597261151178095,62.14636287670043,61.34976281935213,61.57253648028941,61.574573416830965,154396.20722265137
2022-03-30,64.18166347035512,64.26973617483384,63.46451054427717,64.15782138552977,64.1823213173503,486259.54214571737
2022-03-31,60.11621769507381,60.5505081964988,59.91547258290554,60.06790850113907,60.07436958888506,380729.2690607176
2022-04-01,57.01604239839237,57.66662542873026,56.83923781019208,56.95155736998389,56.94570495548781,251123.72310801665
2022-04-04,56.2692132886045,56.35751504381128,55.68092032253103,56.25911349858572,56.25795072440201,231933.17664271497
2022-04-05,54.86892317382687,54.93705319154154,54.89620334793449,54.933275553901055,54.926824933038176,291471.8408820671
2022-04-06,53.9250947980312,54.10237518342131,53.79651508457508,53.96846653533374,53.96365560481361,113215.66887834464
2022-04-07,51.909023387748405,51.807627920645984,51.59348111345188,51.78737186110405,51.791108582349466,168003.33703907038
2022-04-08,49.97491155621904,50.34997770617324,49.84174129103294,49.98905970714177,49.97776942296903,129485.43160468576
2022-04-11,47.45115592931934,47.484940556568894,47.44227884516957,47.47795657639197,47.484138237059966,304392.6134780948
2022-04-12,46.78571219594432,46.88723346530277,46.72058777005504,46.78135788145505,46.77646391378376,300911.5155863131
2022-04-13,47.54790854796929,47.635666879174,47.51025632000909,47.54311930828604,47.54609741928962,221280.22165205
2022-04-14,46.95356701960327,46.90789993903847,46.770653667026174,46.86991362539402,46.88551069732727,233127.7411401597
2022-04-15,46.62683785562716,46.77446679292033,46.47306076041308,46.56706854271107,46.593657542038834,185034.6518384736
2022-04-18,45.16306795594367,45.275488895802944,45.13528709248541,45.23477673237054,45.250485875368746,265615.2279680785
2022-04-19,44.27033137699537,44.29722585332723,44.10851086612493,44.28354342375559,44.29490752915684,187959.4586068264
2022-04-20,43.970820099790615,44.35934848939123,43.52882189702159,43.96851829611134,43.97302685374286,127569.39084723331
2022-04-21,44.881063265937,45.081887990668335,44.8172250006128,44.95047711084496,44.95400602882011,65725.02242763544
2022-04-22,47.56263349120232,47.82338454667223,47.441609441611455,47.55359454584119,47.57979199594829,290678.3198574727
2022-04-25,49.62104474948082,49.66239541799683,49.55390828453225,49.65801006799451,49.6574535967544,598826.764328912
2022-04-26,50.61651283373689,50.69808148829368,50.54533439366844,50.56957773083505,50.56635910399177,291584.90103465767
2022-04-27,51.80017627122111,51.99202969009322,51.77414994674352,51.7875353187528,51.791164008084735,134008.45517486762
2022-04-28,50.98832142051624,51.22482550321016,50.48615095272311,50.9768894988177,50.97163241540893,262416.988587904
2022-04-29,52.22729984529074,52.4232763201486,52.12085814396298,52.294515725938254,52.28355469175507,282499.8611343008
2022-05-02,50.38238602275005,51.10238433288181,50.2261164579082,50.48699051090076,50.49274574106539,569261.6826970454
2022-05-03,52.17599484282182,52.32180305230812,52.066597976314135,52.17715414234203,52.1800338856426,663087.8011691225
2022-05-04,54.12613901823568,54.33907179337044,53.93723128509292,54.11488198425722,54.12294657190978,248812.10378139123
2022-05-05,50.422754040192274,50.61633813198589,50.15440037598044,50.46306329599249,50.46254317105611,232908.5739632534
2022-05-06,50.12970704299365,50.44766594114688,49.90562553923397,50.10703851179774,50.10991105561682,227817.1161718173
2022-05-09,50.38414903301787,50.632867208728776,50.33277736962424,50.39148179357333,50.388107576178896,285553.6388664137
2022-05-10,48.81974204820646,48.90887853774407,48.81019896487102,48.8588285223537,48.87880303688752,571813.258547865
2022-05-11,52.74549386381855,52.91830246447346,52.59186528296448,52.660229564010734,52.66422116813435,272897.89807697095
2022-05-12,54.83852058295616,55.10839803447315,54.593924994553,54.84181351271374,54.855661883006526,262989.37041867065
2022-05-13,53.31102762683606,53.42755668275795,53.09289117316272,53.29012775631367,53.30313508539509,387762.6048774512
2022-05-16,53.86306554891582,53.99309474971329,53.78246671760719,53.90699091471185,53.90403153879666,433793.9902601885
2022-05-17,54.07719307546695,54.88677890209361,54.08292031457408,54.16922511395112,54.17996711233738,229098.5471483616
2022-05-18,53.04786743480257,53.40543112477472,52.5021064190682,53.037796198224335,53.050734019583366,340256.29746757884
2022-05-19,55.02566701207986,55.41711189634452,55.02558071027289,55.084212564195006,55.0683706969323,251951.4393359169
2022-05-20,57.1967552289587,57.56289362846915,57.117245124092506,57.165431361229935,57.193494665600944,261144.4513072694
2022-05-23,62.7086918477936,62.731556625838046,62.16974930475309,62.63296134729672,62.642739862224296,290929.2567470379
2022-05-24,68.72349570741109,68.86240395057685,68.42222705741489,68.82646595664359,68.84274574434342,154943.97955738276
2022-05-25,69.22604318094531,69.24095395029282,68.93547265923044,69.17064864508157,69.16899349269417,199841.6528189124
2022-05-26,66.19229371967208,66.80241782376744,65.89293519415598,66.25716407040433,66.28973974915577,260056.42909733983
2022-05-27,64.47677848634787,64.66193412773303,63.96448779615369,64.5946636812075,64.6165771407195,204290.1642241917
2022-05-30,64.57136484970178,64.91207628079611,63.9715303750033,64.57638897041257,64.56178693180298,177225.3629472898
2022-05-31,65.81771272473955,65.78643185052438,65.70122941064108,65.76282578123178,65.78132080992256,376544.9363827739
2022-06-01,64.49532801173495,64.8864936198968,64.44201288925848,64.56765552874296,64.55671621893808,119366.66234270038
2022-06-02,66.90927862266648,66.92404811409241,66.64693080978167,66.78439972469313,66.80595611016626,215642.60052397943
2022-06-03,62.28863862924271,62.3647508782957,62.03560771322872,62.287256010966,62.28695681343374,238272.6262722203
2022-06-06,65.05698487911079,65.30606625723512,64.42924895578724,65.04671191406578,65.03964731828835,199559.181748476
2022-06-07,62.87025124596617,63.25885285151017,62.77731734039829,62.912041497011664,62.90850335184638,276073.12529932434
2022-06-08,61.79815342616125,62.20198574099834,61.75978329325467,61.78083476913079,61.77384291983315,484447.51011126617
2022-06-09,62.087065370073496,62.27006953652933,61.65347426167309,62.09072689243965,62.087964888801615,326764.36519097537
2022-06-10,63.2510410339857,63.446259036035535,63.090253088739125,63.25158089502218,63.24335489834651,105711.93453282166
2022-06-13,60.29685872666011,60.63904141659291,60.32607148656081,60.35107320762392,60.35888402429918,266031.5970481409
2022-06-14,60.09593396055268,60.13418777431208,59.81933651185167,60.040802712668025,60.006732839304505,129496.13663630576
2022-06-15,58.47499256948498,58.68582049119375,58.38531202262734,58.42264985158965,58.42749527518314,103437.94719859032
2022-06-16,59.29230972070484,59.77781314055308,58.86069414740408,59.32721755917282,59.31193090903045,251287.52622082047
2022-06-17,61.57596621222289,61.80297940886677,61.361328240800965,61.57438187565547,61.58443444654343,102678.55462058818
2022-06-20,56.46188150312151,56.82884887404739,56.37439102734288,56.40379494893696,56.40961772300528,126053.41155006846
2022-06-21,52.96343867783457,53.09974688199217,52.69379493864169,52.96758673705833,52.96734944617321,281264.92533686646
2022-06-22,52.844147566924526,53.20499832241112,52.61199762438131,52.74409839560099,52.74161262967877,368670.6237838767
2022-06-23,53.68500749618503,53.73019816929788,53.49958366253721,53.70122853998447,53.703936024003454,518585.8486036638
2022-06-24,52.98739417905927,53.07408843222127,52.94783437896326,53.04118161636229,53.02352690376785,140862.9052057726
2022-06-27,53.73581307012156,53.86147820466273,53.6474781289677,53.72490028510215,53.7158839413547,646044.7958114615
2022-06-28,55.454090620927495,55.77009803092432,55.24240091614316,55.423639936481656,55.44144443704863,1372985.295489617
2022-06-29,55.02005507250726,55.37475318677411,54.94249199097312,54.97208709865773,54.98348498123861,271286.9020666247
2022-06-30,53.3449285984912,53.60780424105384,53.0828775872339,53.332754555878296,53.329089066650255,78746.00143660873
2022-07-01,56.69582637089298,57.07395246563935,56.12028295254332,56.57193561259948,56.59424061618959,190301.13122116032
2022-07-04,56.44716456617746,56.80390007491789,56.20185488907159,56.42485903959035,56.461722507990416,238959.58552171357
2022-07-05,54.20492097259711,54.2162047411388,54.02129702134492,54.13113520217354,54.12493842964413,120619.0348974278
2022-07-06,54.1884054777,54.23489466299699,54.037620738424906,54.12230863528294,54.13960151450833,65903.56593600397
2022-07-07,49.04356409129776,49.32623125833302,48.93927595749912,49.04432852030712,49.02732203235056,333801.4699848562
2022-07-08,48.130956143160034,48.313713004515606,48.098889596990055,48.14950499708004,48.12517448603342,221098.22694584905
2022-07-11,47.295536791455326,47.33167739259261,47.22936414584602,47.26609692705902,47.27788723640658,605779.0382954
2022-07-12,45.82229566255109,45.92276806271301,45.30587037625857,45.81734417932188,45.82978442057978,452690.46297491423
2022-07-13,46.966264486877854,47.121780353487424,46.58268259609001,46.95767669776888,46.96679101068148,380288.200389587
2022-07-14,45.12227480510559,45.15677727472535,44.73060453982266,45.13853504885735,45.1317545362039,176861.8410292568
2022-07-15,44.13776111074393,44.16367789063442,44.022724900048985,44.06755580558291,44.067019921691,311582.25681577827
2022-07-18,44.848580567840045,45.094412926224905,44.67306102710534,44.860218544792026,44.866051146716416,235957.45297730307
2022-07-19,44.97855176356023,45.25681248572021,44.75953452184062,45.01734283855024,45.00658143757803,201226.1615736344
2022-07-20,46.88141026138207,46.83399704474584,46.6180861021171,46.8031882615097,46.81126008022864,97312.1497670093
2022-07-21,46.74568856566538,46.77175253243225,46.346584694402615,46.71772992833036,46.71436362042888,259482.97538797403
2022-07-22,47.24422772332973,47.38087035009961,46.7186109734771,47.20290562411932,47.17235953497461,114398.96678382922
2022-07-25,45.36398905447688,45.40268158765258,45.07722583760585,45.39489006333847,45.375945397356666,152035.9718842403
2022-07-26,47.13438222753016,47.349497037779,46.94210841472615,47.0727433844848,47.06252458798635,271124.92511308874
2022-07-27,49.60342522083096,49.56504574861576,49.49471906945261,49.56012342322125,49.56965678080874,96763.7144704976
2022-07-28,48.955533488411255,49.1114425933189,48.81981122597551,48.93432215345127,48.93193306605979,183963.86918612407
2022-07-29,49.05183266070837,49.22140383690395,48.98553327439868,49.05843727722145,49.04850388239341,255432.2046964114
2022-08-01,49.37710129038506,49.253846230455366,49.14608055085938,49.230225644076576,49.23103913494588,507766.2078314936
2022-08-02,47.5241395017037,47.64222284842928,47.34273129873588,47.5358481425091,47.5358481425091,212203.5549081558
2022-08-03,50.41654569257087,50.65972381338239,50.01390831965696,50.3943935966416,50.38626047314487,791097.2627690824
2022-08-04,52.73449231547009,53.09910830846445,52.43248628649319,52.66722445453733,52.68142107922957,274216.15932221955
2022-08-05,51.19669847722319,51.4196125645709,51.13395404172415,51.21078666556316,51.218681366102174,424619.5258131853
2022-08-08,50.35493964049565,50.894384054423256,49.564766005988126,50.26573928055897,50.26841447037299,516564.4443730792
2022-08-09,52.68135301314127,52.839676699719575,52.6590446513246,52.69715141866399,52.70244757949257,156675.43602519188
2022-08-10,55.00743284333008,54.97191394061047,54.73262582530433,54.85859159262822,54.8590189111693,254743.48151216487
2022-08-11,58.53350635018599,58.70951357859813,58.11384763867533,58.57083238062138,58.56106120897323,404948.925695667
2022-08-12,55.15178088518795,55.5848858523647,55.03472640725781,55.12502701614903,55.11699135629866,128208.75317996654
2022-08-15,53.06428082114791,53.1313434177267,52.74037087791488,53.09070958984583,53.07710814299571,214001.27108367503
2022-08-16,51.18678259518904,51.15608921786063,50.98383965746178,51.12026073794186,51.12733162426129,111280.66164247882
2022-08-17,51.79392847833449,51.82361067320326,51.61912836732788,51.76868527637599,51.75625973967347,0.0
2022-08-18,48.044186518813774,48.24169474521258,47.96333655991287,48.11579851423795,48.10254127264957,327027.70888427546
2022-08-19,44.4722274433743,44.5960225552116,44.427249101084,44.5573424078254,44.572247106235466,186649.76418609315
2022-08-22,40.4462848592435,40.74248078558799,40.40362314540113,40.439028034173056,40.437349795637154,258012.9506222099
2022-08-23,40.88248992525945,41.17506955089442,40.60366974463721,40.87900204473475,40.87648170843077,1096933.9715635655
2022-08-24,40.57695006061974,40.813147651699474,40.26880760729923,40.52442853430504,40.533252470170645,241946.24601137012
2022-08-25,42.720530231685785,42.857826980918695,42.47685580995072,42.64349385237905,42.63140643366412,155434.25121271875
2022-08-26,41.151132468469015,41.24846947450514,40.986161720146285,41.128891907472415,41.13523165748524,343875.7879757226
2022-08-29,41.74324080803721,42.09320710961585,41.5777034783628,41.76700037870098,41.7732668472211,394399.1176128488
2022-08-30,41.242199087522536,41.29636865833327,41.09673756596973,41.29153335667238,41.29871803782565,201303.85538230464
2022-08-31,41.113653072209885,41.15684800533648,41.02270104376858,41.069120371327486,41.07690588709948,109167.206792446
2022-09-01,39.92425043181726,40.06476939547204,39.78124886179249,39.93903598609538,39.94044447013523,401884.7719797122
2022-09-02,38.5388678305734,38.57734271543946,38.17907715431458,38.52707283951015,38.52760219856844,203930.3414807251
2022-09-05,39.03218011750421,39.3007142386118,39.0761639783966,39.10389743052711,39.1016404261117,477469.50636499777
2022-09-06,39.0635988052174,39.64826592631451,38.84501161559221,39.08132816298432,39.08569715581687,597364.7569126509
2022-09-07,37.75274223131159,37.85260203901242,37.52863771904255,37.80283791121818,37.79118236888489,270031.5457895573
2022-09-08,38.190681953968976,38.27826327339517,37.919966173112606,38.20891554679052,38.19596281852694,159544.54059454738
2022-09-09,37.6581453201657,37.978654541126666,37.524356262329256,37.65180844622172,37.64262154329344,365008.23013915226
2022-09-12,39.56645597572352,39.59982103160303,39.57270998735886,39.58064750425719,39.573196609195854,162771.4681242056
2022-09-13,40.2642076878056,40.552726745765625,40.16090413906085,40.30007476298025,40.31358302125562,406990.1896417971
2022-09-14,40.387668249798864,40.57958515643644,40.28284193912857,40.36231039368185,40.362272192073554,215338.6590094664
2022-09-15,40.14208487284505,40.54009252670625,39.94906410768175,40.20536438342501,40.228653184624015,140089.6198552244
2022-09-16,38.60332337442166,38.73434454493851,38.34340588354633,38.65084327875418,38.676748756124745,334317.51664829726
2022-09-19,36.85293575803167,36.99628791395053,36.513110066535546,36.88075344530935,36.8681122966504,624976.3038906761
2022-09-20,34.87990045879896,35.098397401329784,34.543332788519955,34.9080857823809,34.90891439065088,375166.2383742444
2022-09-21,35.08662694080531,35.14354524534777,35.061743685831225,35.0756459068838,35.07730895446993,391407.48629257287
2022-09-22,35.23567804097644,35.390453217982454,35.12878685900315,35.24903287426897,35.25777412794414,257443.18298910212
2022-09-23,37.49974545818954,37.7376184309142,37.50914272235282,37.51898829314317,37.51661006198662,172120.27179760605
2022-09-26,38.54068452339611,38.59741365575308,38.322944637134114,38.47292669520382,38.47428165868792,300504.39296203404
2022-09-27,39.34318279197625,39.3908562053018,39.26426702296018,39.37193317689207,39.36864125419008,460961.6783475737
2022-09-28,38.08662382457668,38.05362017704611,37.72859201135282,38.03236933060676,38.025142302618505,426178.5670621008
2022-09-29,36.0224761588217,36.23866294577852,36.02991374780026,36.06653877481088,36.06592833206015,255867.64873309564
2022-09-30,35.3233037849506,35.572995719440605,35.359534743245874,35.36735419429295,35.35714804612874,61376.32009057816
2022-10-03,33.50349586258875,33.66876787892741,33.29723138089151,33.5331076656102,33.52560183558191,299314.74830279406
2022-10-04,32.53126084713707,32.85948336403342,32.480492058302865,32.55237908017956,32.555516345931494,596402.1774379594
2022-10-05,31.397669978496666,31.57672352619381,31.213617024520172,31.412791940128265,31.40643926994992,159978.0734219362
2022-10-06,30.363030235794408,30.376972135280305,30.131776146842466,30.364863327581013,30.35795768074344,399799.5320408413
2022-10-07,31.550071955419277,31.70545733989457,31.414039711316512,31.464778839343712,31.46098168974146,161388.8651599362
2022-10-10,31.732971214094466,31.92140735916032,31.670387436003757,31.77454752080777,31.77602870389157,191644.5325750225
2022-10-11,30.353611864070835,30.513333214329183,30.29641461826323,30.40482537726226,30.401182018203368,292313.4394562696
2022-10-12,33.21479816996178,33.21297934308964,33.028392434890264,33.192169919850585,33.19504043619868,284195.4637320442
2022-10-13,33.08924420921652,33.17648461961335,32.86582013929395,33.05241391047875,33.05723177184524,170757.57511116535
2022-10-14,32.80160621229112,32.87935108530278,32.7390703071509,32.788657940666376,32.78859210294692,513540.4403389092
2022-10-17,32.03267700527906,32.23227342010163,31.926450562829167,32.03331391674017,32.03884880131062,138405.125349625
2022-10-18,30.974505754723303,31.09418904891877,30.836935164095177,31.031708661093724,31.02981257767526,703446.6423248553
2022-10-19,32.12580410685829,32.27486058066356,32.14857565149333,32.16845721658362,32.16245334789811,361070.25681603845
2022-10-20,33.61308790945285,33.63415883284887,33.500611839297925,33.5845632862085,33.58667737511258,296276.6534569184
2022-10-21,33.59880953742326,33.61158320044236,33.3495924661037,33.57395247695023,33.57703426507761,774372.4466777279
2022-10-24,32.24248790313856,32.35366266955411,32.151751797660644,32.25085177974622,32.244990408831,822539.0298995484
2022-10-25,31.42360094002989,31.647071746844208,31.331725741213237,31.4318547323416,31.416249892796174,196670.2558403093
2022-10-26,31.70750743614386,31.840562475777396,31.400286980669403,31.733620635897555,31.71863370577755,369517.6124440752
2022-10-27,31.652618666831973,31.888892899521498,31.58277787887437,31.633583570892032,31.639698023441237,468104.98776773975
2022-10-28,32.99695538922542,33.05926097724799,32.682177738444246,32.96563253491629,32.97639941648416,428119.73744393454
2022-10-31,33.45169321382755,33.46750282980245,33.40305198879103,33.465258359232465,33.4633214629018,591522.0375902506
2022-11-01,33.14547099452476,33.31862865693348,33.141054952140784,33.14570403336304,33.1394762185313,267983.9146280148
2022-11-02,31.74021058139611,31.733189877943303,31.682365902673705,31.706966694383752,31.71253603630105,285247.8757481273
2022-11-03,31.693387398300025,31.67570073052784,31.41452866326013,31.63124934348673,31.63590040705276,120292.7973995692
2022-11-04,31.138016721933056,31.353317396769068,30.96094640456978,31.10256109647768,31.107682829449995,790174.0080410008
2022-11-07,32.26643518915793,32.25723535310094,32.04131543437662,32.210480502208114,32.2096665578926,631471.2862646258
2022-11-08,33.18593347316931,33.27974483801069,32.95685996462517,33.18775443155491,33.182894046721046,144219.90284053003
2022-11-09,33.14846767213993,33.38574534474802,32.938043025927335,33.20431275092486,33.20003376395395,562164.3284597218
2022-11-10,34.17416131533296,34.64163887384858,34.11210325728265,34.181987764975595,34.18425395568839,185882.45682719123
2022-11-11,33.56619534365086,33.64010984650947,33.491261197850534,33.52149534548425,33.517287274471215,242030.07256368795
2022-11-14,32.35343957351148,32.65099990968162,32.25040432643491,32.322238170347106,32.325028712539655,356527.163561459
2022-11-15,32.87199106735198,33.07853633955819,32.795200111546016,32.87749965756513,32.87111656846548,249430.2028820026
2022-11-16,34.243701467236335,34.32434213620844,34.2762972445089,34.28769854078072,34.289195795252304,286855.7946356449
2022-11-17,34.654478678299306,34.73330209799625,34.47212160425778,34.670284067752824,34.67423654090782,249672.34303597303
2022-11-18,34.93770681706949,34.94743940929446,34.52663462825858,34.92374633697298,34.91154379597536,241692.9189719913
2022-11-21,36.132876865401215,36.28514224380739,36.1443628380048,36.15774319295484,36.15675362763896,431111.9119751319
2022-11-22,36.53894560508152,36.89396325889184,36.50082738521473,36.56589322779716,36.576754270614735,285822.79062034225
2022-11-23,37.71521151803912,37.76496255213939,37.39669198208945,37.67448869758545,37.66923080948671,279260.8749485527
2022-11-24,35.28169374124519,35.418177259861345,35.1533821155899,35.217501090756386,35.223406166486114,559475.7567912533
2022-11-25,35.66323696594022,35.78697597694144,35.56101938779724,35.680726750695406,35.67176048820576,227069.3111330054
2022-11-28,35.46700218049383,35.796043379415906,35.27592415136049,35.50655613587056,35.5033699266264,103516.80318868396
2022-11-29,35.40721395006901,35.471041696249465,35.325748135703584,35.41950955580568,35.43128559462568,298455.58954445965
2022-11-30,36.60255304660097,36.70615442342179,36.58901143315498,36.624696323145365,36.617239260033145,191313.61980113716
2022-12-01,36.29493089784092,36.4154535024812,36.32436453941991,36.33972617960954,36.34010714571966,154006.80861207892
2022-12-02,34.92715924966191,35.29205857003551,34.75411471511002,34.951763329534366,34.95639290931582,260235.67542895765
2022-12-05,34.25824256989779,34.505689739973484,34.127937611897465,34.27904162287388,34.27085856824122,322605.4775741116
2022-12-06,35.46352818934447,35.67573058808707,35.16874967974345,35.5157468886834,35.51001800839674,332047.4354541735
2022-12-07,35.38887905039711,35.552540888315804,35.40748766331558,35.41246442380747,35.41604003087328,448381.8465447222
2022-12-08,36.24645617029881,36.41609041325477,36.06172036159633,36.2170842102274,36.21807796127042,171947.1516635863
2022-12-09,36.88257554540945,37.29456570874947,36.75688125851841,36.8961094103794,36.89290254456923,208534.9997320479
2022-12-12,35.092604460420986,35.13561223497327,34.96262902292688,35.12446692238022,35.13585824301292,381547.38112511457
2022-12-13,34.49552569422652,34.666861556315496,34.35442048496917,34.552303850815335,34.554195227364715,572307.2207776029
2022-12-14,31.59952451962111,32.083100730093065,31.544800374855104,31.58611679761213,31.582365455200257,236891.90969768036
2022-12-15,31.490804270704725,31.50833777064788,31.361381626884743,31.451773322459548,31.45461236072963,456251.649313281
2022-12-16,33.2924901529158,33.474007101867045,33.269530831006534,33.340762387650955,33.34347169741725,205532.09187165883
2022-12-19,34.25537857794749,34.49531191545526,34.283147876826995,34.28660094668741,34.28320312867152,186740.05152567668
2022-12-20,34.185243650268404,34.13756537251884,33.66546555283012,34.093879475026334,34.09776558508591,321355.98551880254
2022-12-21,31.927276364228653,31.907325343290594,31.75110238012989,31.90452790339134,31.91419739435385,766684.6311584356
2022-12-22,31.67812516913521,31.873447804491217,31.54424249629277,31.626438311834438,31.60956465427456,265142.4518042196
2022-12-23,32.20113901851104,32.1941371917041,32.04254546191404,32.17775801122421,32.202285644395864,133215.9950652732
2022-12-26,33.16126802727086,33.39526456350362,33.075499760420534,33.17390363980162,33.16821873576441,134277.85200763674
2022-12-27,33.09922822548884,33.393284760768346,33.10488214455066,33.175185685672766,33.169966884139214,490809.7019634654
2022-12-28,32.628989040865825,32.71597697263707,32.43529653847812,32.64070909002904,32.643244576313975,331147.5777166176
2022-12-29,30.396928294638805,30.657034042059514,30.0763469172263,30.411919407832933,30.414393033918525,523732.5166345467
2022-12-30,28.52527663455988,28.66292041844572,28.409923694381405,28.531649115706458,28.530429850226582,150058.39192846857
2023-01-02,26.66983906621474,26.798917498221908,26.583527114805563,26.69883351266776,26.69159394479172,118980.62827907209
2023-01-03,26.83365189655694,26.84779332489689,26.759544659697035,26.807152459931803,26.81075216794381,294623.1984644889
2023-01-04,28.49585321420248,28.55676050365256,28.27694638021902,28.511850491701,28.51168672864437,261449.66186912323
2023-01-05,27.855661458046157,28.014514823079967,27.835613753140606,27.8450309281114,27.837603534211,252772.58247534512
2023-01-06,28.08496824288668,28.206508274482857,27.97108678206792,28.05496629177139,28.05495799945739,244390.62651945592
2023-01-09,29.470887738812625,29.682222893432773,29.40218074255218,29.47578852687287,29.468173495991746,199582.11647775047
2023-01-10,30.618266046922862,30.650452889997624,30.37412245355123,30.59027738110517,30.5993577487195,164084.53094663788
2023-01-11,31.376410978269952,31.370396107494567,31.25808207520397,31.347957936767315,31.343624678744156,520809.3119830862
2023-01-12,31.238508933795444,31.31539214965425,31.10055885171428,31.30594871439913,31.298064648921027,444385.3818211271
2023-01-13,31.02376338936589,31.2539570353963,30.87588852603416,31.006382471143763,31.013462417001914,207944.99875016484
2023-01-16,31.822937051790458,31.986782748118586,31.74200883363385,31.820919179685955,31.809169151404312,297868.4608426345
2023-01-17,32.244613873264576,32.36973153679015,31.86083395816227,32.24941446594171,32.23992890234979,180791.13709477396
2023-01-18,31.707741210908463,31.93173633100296,31.601380211836283,31.71793243483312,31.71723629103577,174790.86739618608
2023-01-19,30.5318912928883,30.532761021638645,30.465026435877004,30.49868717200438,30.50394662267937,457740.8846767388
2023-01-20,31.937586398162768,31.932260358938667,31.755602930848287,31.87807743918153,31.85794218750725,320767.3854185892
2023-01-23,32.769619586980504,32.91125612166649,32.71832968191592,32.74877148429627,32.753323777551465,188422.9414911908
2023-01-24,30.872133818569463,30.967157179533974,30.730230132071444,30.83865348403978,30.840571570792147,269112.3405958843
2023-01-25,31.5583170159505,31.6967730529676,31.48156708215924,31.576208825351294,31.587057958721307,210030.3606375312
2023-01-26,32.101697810708345,32.44154660173478,31.928986863857904,32.10166776136069,32.10821347117079,162366.81789216757
2023-01-27,32.17101469420409,32.2932322576335,32.01410311306987,32.12749134397641,32.136612443001844,224009.75312534452
2023-01-30,32.652600171002675,32.64350479916429,32.48982074227223,32.64310313263286,32.647237628662225,355164.2885362149
2023-01-31,30.66541206716512,30.799261748130423,30.40845855068192,30.6585355455044,30.66172755618791,498413.7737847929
2023-02-01,31.75473164668772,31.853329302580438,31.618995023759528,31.756100522744664,31.748108405641503,272043.78773742
2023-02-02,33.999984261254895,34.01933299064541,33.919893125350974,34.009648395601104,34.00704236914647,446845.1090997295
2023-02-03,34.61895056016615,34.70169836018611,34.59274479684926,34.66320522604091,34.667092416853514,67084.3979927378
2023-02-06,33.67207189181555,33.667581321275364,33.577461694455614,33.62041661249967,33.63093473954786,141385.87764896516
2023-02-07,33.99171924952522,34.02425497064277,33.69622156762353,33.98639735957329,33.982071583082934,122833.10470591924
2023-02-08,34.72507351441122,34.86482357970178,34.716387674347985,34.749995878457085,34.7560839681022,81965.04619965426
2023-02-09,34.208672950081905,34.260450059046896,34.14455588872268,34.19421408652738,34.197397105570225,234317.9597689465
2023-02-10,34.314528562875765,34.51751345752302,34.22000243881392,34.361487385965496,34.37311850927545,376672.6010318457
2023-02-13,33.73410671939769,33.88858189289658,33.695230805787844,33.71915495713442,33.71600013048772,298255.4446186639
2023-02-14,36.17035510692825,36.31059121898932,35.92866866594687,36.15491551638315,36.16622067995595,585531.5127894757
2023-02-15,35.80643698527714,36.064566842123135,35.63132440917543,35.81084800006212,35.80688988002082,260898.19694206552
2023-02-16,35.850950423827655,36.02336980452863,35.75374875002878,35.8481964528773,35.84502209968695,134526.18584959806
2023-02-17,34.94339363521357,35.14979611022508,34.91672101059785,34.91898193097209,34.91599474359272,54884.42717919211
2023-02-20,33.92083703297102,33.93716458405587,33.753667666501755,33.926790224021126,33.93208420586294,166447.9616751403
2023-02-21,36.03975421690888,36.15872574189409,35.946959166488895,36.0948898043178,36.10550701440053,169223.59387048252
2023-02-22,35.387773403931504,35.63549578830178,35.353781260369644,35.43561629655273,35.43711526527096,771208.6664109024
2023-02-23,35.312699178176395,35.42517870449644,34.96030137104418,35.31114951878853,35.30379755331913,392752.1340585381
2023-02-24,36.37363471717741,36.375709468806576,36.30159093061246,36.35620816065728,36.37303184698752,170959.07719156492
2023-02-27,35.89139945937735,36.05116685923678,35.8987408105431,35.9433959842278,35.93986969237589,379695.9363847091
2023-02-28,37.79361111640202,37.9684621728798,37.70977772199536,37.81266383521911,37.83561527755674,610070.7021414599
2023-03-01,37.274497743665165,37.58146217246094,37.09693607580676,37.28819881467526,37.292085417290295,405458.2299098837
2023-03-02,36.844851692435455,37.031508042897805,36.76053034834781,36.88504628038529,36.88163798362185,126977.99823768316
2023-03-03,35.21185059272678,35.3170338143887,34.945509638204115,35.2119550508757,35.199350114812894,618492.7946976539
2023-03-06,33.3170373898031,33.375506870155995,33.15817136525746,33.28921072079854,33.2968093574373,70573.99993516708
2023-03-07,31.651931584595943,31.732385765211028,31.638411682239216,31.69897057009992,31.68854387572532,215342.2899801795
2023-03-08,30.589199163090782,30.733078252398474,30.59456793581237,30.61454542818816,30.622897641288773,248880.69979639168
2023-03-09,28.988219527945784,29.542650041979723,28.768245113431167,29.113151732991977,29.11909580947239,270710.5488545547
2023-03-10,28.944910755061084,28.96152280237744,28.78051416325993,28.93582124635309,28.932185522924936,262965.51095717255
2023-03-13,28.660378251673876,28.71765003288666,28.58475343913302,28.66536341186402,28.662902490127845,145353.03213320268
2023-03-14,27.224083495886937,27.373971068454008,27.219820357822123,27.227585415664414,27.227173832624185,600547.4746087133
2023-03-15,26.54621388588412,26.718968043908312,26.51555592659868,26.585852350947345,26.587741857788323,392805.769875299
2023-03-16,27.87874143875439,27.898525200560563,27.84933493543013,27.87637961713005,27.87323235285324,250612.10728395375
2023-03-17,27.57503986681064,27.65864309365224,27.60393981324988,27.608800981727786,27.602532727726583,357847.759819343
2023-03-20,27.90921087510964,27.91545106342283,27.876062241633957,27.91103825086905,27.910804616895028,198976.69829811977
2023-03-21,27.66815947203401,27.69535601266785,27.68466880516388,27.68883456322781,27.68362055836976,404433.6935343272
2023-03-22,28.57023830678324,28.72890106000902,28.420802734082898,28.583461429092065,28.59198621766611,263897.4093112088
2023-03-23,29.040590633174425,29.08749815189942,28.933762039101552,29.028875312613035,29.029942378893978,632103.9710211488
2023-03-24,28.149422177088272,28.327114209113866,28.11383193791169,28.156112081794227,28.148700942926883,111059.28845638927
2023-03-27,27.43792450713044,27.536914945134384,27.36670239315007,27.48090125339916,27.48233366519925,78092.09125164109
2023-03-28,26.074189773662148,26.05129488148385,25.84943770712667,26.030956388045254,26.036468630661528,188682.3507045512
2023-03-29,26.00927523041281,26.221522955791198,25.954307789584565,26.074019411888365,26.066920027958883,279902.9146549423
2023-03-30,24.584723902055032,24.725434059970794,24.45200112728769,24.593399976535217,24.603743105994337,124019.12421106802
2023-03-31,25.709818670993503,25.729011358243064,25.67466591545896,25.713373601789524,25.707507219206505,97855.13559924733
2023-04-03,26.16220529489178,26.380288002227584,25.94809333387593,26.201456935346403,26.19282519337125,132622.18639189348
2023-04-04,25.53056562456917,25.58093906360797,25.44707859004776,25.49057846356932,25.49616682833584,341317.7679806515
2023-04-05,24.690109769077218,24.769699173802103,24.513440598487307,24.671275603378085,24.66556469429821,719041.6231974317
2023-04-06,24.655274777312933,24.847463174517767,24.488358549533334,24.664044585725584,24.657589421806136,582877.6834908156
2023-04-07,22.353321931327685,22.60610674816462,22.25726379612828,22.383899760577915,22.38621955697015,216315.368416138
2023-04-10,23.067299071206836,23.147798711601727,22.969677996005142,23.081845957854224,23.089422812445218,350578.533556677
2023-04-11,21.865273418435574,21.91564425020669,21.71601871671566,21.851471594642685,21.846763408560275,252249.67572564507
2023-04-12,23.66290575322327,23.93179638749193,23.46995752807148,23.65319715417983,23.652680218489564,89667.79052982826
2023-04-13,24.66807521621439,24.97115532411251,24.47937684349465,24.668462447883133,24.669447670247248,71926.69783805325
2023-04-14,24.272259731338305,24.28176538869747,24.258311131728977,24.27522244301869,24.266552619658547,360662.3534980122
2023-04-17,25.204964277519288,25.18847023684691,25.067730348330425,25.170693338036003,25.174627706825856,1274152.796506587
2023-04-18,24.780619785004937,25.00848325329177,24.54278534624464,24.756607025464746,24.75381497633895,402353.8751876638
2023-04-19,24.40563976433684,24.631429351231706,24.31203986452357,24.413927680863186,24.40557895934925,305432.5713229652
2023-04-20,26.0983718385745,26.12446731360709,26.009810245699807,26.08456601176712,26.08577573750854,170440.04072662728
2023-04-21,25.49691360765478,25.75636301440216,25.47348349332528,25.49095852478198,25.49936715404607,283522.2357233191
2023-04-24,26.53573349078921,26.542283328891976,26.535127938074137,26.537420008125224,26.54086276128746,183300.32434134328
2023-04-25,24.74366107288327,24.82766284480136,24.67658670759586,24.74634106587536,24.743157601573035,163283.94236126525
2023-04-26,24.337823388185363,24.547800673555024,24.1299445766169,24.34847296669202,24.34092210881185,857126.3395421976
2023-04-27,23.96558756018323,24.020237018300868,23.71802641450722,23.9862092343513,23.98216064229273,428906.7434234563
2023-04-28,22.202579030882763,22.21920160480929,21.97115089334028,22.19273499430413,22.192685024757303,309840.9786559161
2023-05-01,22.416268429642184,22.44674872406511,22.35498688039373,22.426877028509143,22.430127547058245,257306.42436582776
2023-05-02,22.52739760670286,22.546080006960835,22.37969289421865,22.49161779775705,22.494760407521845,123501.437141413
2023-05-03,23.116641967651244,23.2092238771716,22.935596288832,23.13695300181725,23.13510850356966,239163.66012406812
2023-05-04,23.975880884069426,23.991139019717306,23.766927107846605,23.967183206465084,23.975012400486712,108566.60159732126
2023-05-05,22.67710269074138,22.67594857028502,22.607788169047492,22.666391995789542,22.672525044347022,217194.9061233816
2023-05-08,23.46697536313588,23.64812791116184,23.386084629825287,23.47344907343053,23.476075209698934,144120.4182219469
2023-05-09,22.76983925284092,23.03484769874574,22.630955973097517,22.75322437981768,22.75487348614268,128490.8482443891
2023-05-10,22.853361757797256,22.91848511171368,22.73117406865133,22.87412077134762,22.879771735310975,413355.9267563308
2023-05-11,23.23869898896534,23.342740473674915,23.07443340880014,23.270031577335303,23.27071029451515,197616.86357943417
2023-05-12,22.62063727551432,22.62440109828204,22.52334779408849,22.601090361465435,22.59311499355803,183775.53580393945
2023-05-15,22.822180623966474,22.84651361751056,22.7358899801359,22.82684831936093,22.82445338027932,176984.01213208126
2023-05-16,22.005166264094747,22.02240484794648,21.86263710306087,21.97309585628753,21.97522585840381,786993.66020313
2023-05-17,21.6341428263098,21.701610631345,21.521348746176272,21.658036914941256,21.661989641249896,133259.43375536994
2023-05-18,21.466681550580184,21.491516346825563,21.29347403390696,21.44909152007176,21.443677392181996,510161.1422856003
2023-05-19,19.975435397617623,20.02443269700841,19.95611300748316,19.97547509415458,19.97308321688942,70020.17068575401
2023-05-22,19.382659702854145,19.416599884816957,19.3166450734196,19.36919867549502,19.36807216440197,386180.5490273032
2023-05-23,19.56547461878032,19.590529531575545,19.533078172318305,19.5778653756435,19.57487943237855,675737.873795906
2023-05-24,19.541808229071755,19.66629111022966,19.42445103370945,19.560586838236983,19.548843022809827,138504.14883038096
2023-05-25,19.984686211088373,20.10124102207887,19.96228768558583,20.004892572745383,20.002963103120088,168144.5518651833
2023-05-26,19.689735764725853,19.835490280472317,19.68568997105089,19.70269059189836,19.69631559010361,140814.28508540406
2023-05-29,19.559117993024103,19.6205910952094,19.50316256205484,19.590151531990696,19.583336314201887,211572.95189876604
2023-05-30,19.57656151145564,19.70419207026888,19.57472566446761,19.58726491839234,19.593431600019706,508014.7438837021
2023-05-31,18.960026085568146,19.06217224776075,18.88350355982059,18.97668685425123,18.97273941805183,225169.4229721002
2023-06-01,18.45676529191275,18.525952065479093,18.459397335687505,18.49237872089073,18.487902002097936,384547.8792694651
2023-06-02,18.68802603542948,18.795887679720856,18.70755785613192,18.711532069880043,18.71203000898433,362451.5553532346
2023-06-05,19.034948701991254,19.18352694222937,19.019006418796668,19.0546146337052,19.060002063226147,373867.5810623348
2023-06-06,19.084388264451736,19.09494113753481,19.03603516831695,19.04791791102963,19.05355363404586,167202.5810167808
2023-06-07,20.740300083048293,20.82025182439822,20.675887483146067,20.707860552988084,20.71519326372957,270579.5559497321
2023-06-08,21.521456963281413,21.62637729895545,21.49072954247469,21.527834673204964,21.52528191877225,468971.38624256616
2023-06-09,21.811292523703194,21.87143339669473,21.684749074606124,21.782684997960107,21.77795559817074,224147.7686923148
2023-06-12,22.268371191048768,22.32545891128784,22.22521304982168,22.282312388380205,22.27822492685979,596149.3959720543
2023-06-13,22.49277544013972,22.561529674301163,22.381116363694943,22.480140026254183,22.478526755548707,131433.0494592567
2023-06-14,23.044582665416176,23.1238514143572,22.938184583837288,23.065198821574207,23.05566721283404,284564.59119024064
2023-06-15,22.927086567955158,22.9217409128562,22.773418961385943,22.891765963322975,22.89503946760517,140500.74616079908
2023-06-16,22.545569850040994,22.612892503048,22.43486151008947,22.51516532549317,22.51183096628056,303753.36195730034
2023-06-19,22.28430221781388,22.344780546495752,22.25128126354422,22.296794305017954,22.30217207026976,337207.54933142173
2023-06-20,23.215889195115626,23.191237410549537,23.08936450147091,23.17310182857233,23.1739850758392,189808.7104401383
2023-06-21,22.88521881601196,23.172260558791876,22.79522139021997,22.898698148861648,22.89554851752558,228921.405670555
2023-06-22,22.222170297619694,22.258599164776047,22.22255793676132,22.255694039749542,22.25202806973761,414971.0190027402
2023-06-23,21.20577310715773,21.359610472908432,21.15305687956947,21.194825392935986,21.19443737256056,495558.3386995373
2023-06-26,19.7510106386524,20.09477610899681,19.740632274700108,19.79238426984646,19.79351074710449,304397.9369857362
2023-06-27,18.989104554887824,19.177670934638293,18.925165105902582,19.01718906487401,19.02765830781756,178476.63880480517
2023-06-28,19.25057077385569,19.344691220416024,19.13012590606923,19.2595552577554,19.254128617344165,177893.54388878294
2023-06-29,18.739214337534435,18.722927594154772,18.670489937536203,18.703864984942708,18.703469179440194,310808.77402590273
2023-06-30,19.509861966419912,19.549220214813637,19.4689899519463,19.533345580393924,19.531008669889932,481864.7977904737
2023-07-03,19.14136557354683,19.3271887238401,19.123450959199573,19.18038850712395,19.17145587501118,142629.18502142042
2023-07-04,19.810015641523243,20.02325889522692,19.65689190239573,19.82423883948832,19.83212578717459,413838.6087383709
2023-07-05,19.268789549005017,19.388305807493737,19.1799683188186,19.279599482102537,19.2774000425667,386294.3432483496
2023-07-06,18.584515307131618,18.647412375292628,18.41923541508302,18.54034249567001,18.535599954299634,64673.13542801645
2023-07-07,17.215298419926008,17.293501883039415,17.116693205421075,17.2054853414261,17.206024397109434,809974.8682926402
2023-07-10,16.189521337624985,16.235656534369227,16.126326724536757,16.184552563568325,16.18669729344339,228100.1561974709
2023-07-11,16.483488635465683,16.49947697238499,16.366046648659943,16.472288118484613,16.470463459858454,901129.408449631
2023-07-12,16.68275582597162,16.737611811874988,16.63215929086785,16.68888999760469,16.68851527635453,192804.6180329784
2023-07-13,15.973169619476572,15.960144514310104,15.88759130059636,15.958099377617808,15.956025262675238,155790.5482748765
2023-07-14,15.44679840726026,15.43909809002171,15.338763336262511,15.414420251215546,15.419133163549931,147786.18924954112
2023-07-17,15.75491540036814,15.763250691721456,15.710058986919876,15.757046818590418,15.752922721582683,298000.6134820348
2023-07-18,15.908109996355687,15.9186255846112,15.810804137861457,15.898435544409708,15.896478814569802,137537.41378299365
2023-07-19,15.006467559128016,15.052376841425774,14.929590106061974,14.981833019408166,14.97953209331354,764903.9938810978
2023-07-20,13.95178314456052,14.060545746697402,13.841312838384134,13.957146949283649,13.95517700096375,289520.70759675826
2023-07-21,13.177425709057797,13.195487938796974,13.179096707470825,13.184018749892934,13.18184148853657,175726.4842506779
2023-07-24,13.556212083335629,13.572765928059647,13.53439895138021,13.559960279550673,13.556010773242296,301173.2070359856
2023-07-25,14.263513601033766,14.344483739470984,14.186153404749115,14.260712162321049,14.255777086692676,187761.21086046763
2023-07-26,14.73010542369162,14.868687515180678,14.606548034639166,14.718379146688958,14.717233430882809,217634.1677255004
2023-07-27,14.69967349839224,14.704771281510602,14.640027920707526,14.696932208335133,14.696754302692062,342524.0949502157
2023-07-28,14.489700483557243,14.56493790463326,14.452162919507018,14.460900005281555,14.458035680955776,214850.64016108573
2023-07-31,14.133636091732036,14.119178065548905,14.090033895945805,14.110630783048547,14.112157266667207,233625.6209413413
2023-08-01,12.87037201618999,12.87145853312629,12.755875847023953,12.86485516407321,12.864447821591249,328764.0110016741
2023-08-02,13.35615172306658,13.354141218077327,13.231540228460846,13.349846619316343,13.349644915962507,365381.2134217925
2023-08-03,13.120560708691537,13.112374224319742,13.029886162332422,13.105508057298072,13.105977299784636,1086004.396474972
2023-08-04,12.583232468131904,12.62906700929173,12.465375377461555,12.578692444300591,12.578362626372405,209173.16288129325
2023-08-07,12.90409065856367,12.979443084379556,12.897763457572506,12.9096779187986,12.908347165807136,108141.67842809984
2023-08-08,13.541374367620207,13.718112040966638,13.427492189934776,13.53552902568394,13.533833967606435,58958.88762322196
2023-08-09,13.84673985384271,13.962877139492742,13.834849265658343,13.861249585181852,13.865024415522628,187023.8957658581
2023-08-10,13.524121957377693,13.603471453386838,13.442072758244043,13.52034021981226,13.516765894480256,155819.158118255
2023-08-11,13.737978087590465,13.81192367200072,13.72623550098341,13.744853272231502,13.7426603431258,1152247.8439579522
2023-08-14,13.792806197714391,13.854485088442406,13.759701914317912,13.783592602327078,13.78755446502819,112496.949984475
2023-08-15,14.250209999301216,14.29106022327163,14.23975451572999,14.2644964830781,14.258788929340156,436480.2287734888
2023-08-16,14.278905614653045,14.393181202734077,14.26676579255258,14.275794675991298,14.27601348442519,155446.18259267163
2023-08-17,14.564011213499148,14.69692012961266,14.541446097614363,14.558954292914928,14.558728955951985,482084.18967318616
2023-08-18,14.007308927127706,14.030608054299275,13.931786099832898,14.005416126393165,14.004193121264404,258477.3205203353
2023-08-21,13.53594173260876,13.625497346357076,13.520068026409124,13.54050260455284,13.536286312608466,256629.7660303297
2023-08-22,13.83977659901026,13.86580355563097,13.77956121011888,13.820357219992871,13.81585293381975,252267.0266062724
2023-08-23,13.866259717545958,13.929505198186645,13.812780280273577,13.875967781969363,13.867865744439106,124829.45473921474
2023-08-24,13.292051021893093,13.291500932454746,13.243920476448483,13.273390911708228,13.271807767077354,156957.58065575105
2023-08-25,13.395768466435577,13.427842878849916,13.361184729484338,13.391502632389992,13.391949579999052,452006.7276175364
2023-08-28,13.705853642744463,13.758150265878175,13.699706499501296,13.71486030964067,13.720069374214397,370283.4245745849
2023-08-29,13.116897221401478,13.136107435280325,13.101692959058608,13.126173409014608,13.13005775100775,229070.76635611377
2023-08-30,12.72066010275608,12.774775388944828,12.723118035436826,12.72752536109479,12.725814357687783,161826.24359300628
2023-08-31,12.654082963663631,12.724247011030377,12.660113118377897,12.663777257343051,12.661396419395553,269623.1723053101
2023-09-01,12.748828159852206,12.771648956123316,12.74691821121966,12.75038179149165,12.747325419833114,195667.7846064691
2023-09-04,12.680720260987966,12.805616861818152,12.652397235218062,12.67472454627842,12.676161560911323,316572.6240784586
2023-09-05,13.463820792700002,13.471439113313098,13.444522650408238,13.466457958605774,13.466688304769985,77937.56094482284
2023-09-06,13.697094802458755,13.730352492130878,13.672713879418325,13.705119214223776,13.7095368094325,160963.56652969442
2023-09-07,13.76331444755962,13.821092268763737,13.71063262065679,13.76545581119946,13.765651793938462,493337.0230770076
2023-09-08,14.029949671537338,14.079736971215937,14.022542775779494,14.041985366003203,14.038223078229391,359315.1031052777
2023-09-11,14.455651844124422,14.536485313491836,14.345582670038784,14.440002805551524,14.439411727894909,134729.42744741545
2023-09-12,13.47140013166962,13.546470596183145,13.441902814414398,13.460289289841818,13.460052638556256,175574.2179030532
2023-09-13,13.93570242574671,13.961056140419975,13.869567455670994,13.951390049604385,13.958705938360527,406401.8183377073
2023-09-14,13.148807529207067,13.264479865364237,13.10860053733014,13.140506301080244,13.142282875775958,349456.0494132053
2023-09-15,13.452188107093576,13.458875470208916,13.411306885646,13.45610548473818,13.45592591381678,190670.02520670177
2023-09-18,13.53101564596632,13.57046306654904,13.5024510599974,13.558033681393622,13.560455468060274,297650.6430091025
2023-09-19,13.623260101360666,13.684454763031567,13.58048192520714,13.63201123280438,13.628607972133498,210020.02050606295
2023-09-20,12.44494817938958,12.562376312076443,12.418396467145818,12.435396346750617,12.42969794281222,162109.03644318704
2023-09-21,12.904670990789256,12.973249897569428,12.86024169762694,12.877993566176688,12.876537027676612,204966.65230422665
2023-09-22,13.441887776825414,13.554009685822342,13.423639697338604,13.458109478472991,13.457193237392136,210435.2479008389
2023-09-25,13.197408604677436,13.26544430606822,13.176950178217483,13.21540396976182,13.214922993630704,553772.6545488919
2023-09-26,12.701355071428152,12.82837018800408,12.690556749323624,12.723108029163038,12.726964177203511,482222.8032571749
2023-09-27,12.74827200542292,12.79306250309874,12.660743640452829,12.739505975044285,12.73490734939948,294048.8020130202
2023-09-28,12.363736409127004,12.42227641990116,12.30215275986443,12.360472312494462,12.360806291242616,90730.37859283676
2023-09-29,12.448619662600628,12.455125461906894,12.409785900693231,12.43054516318199,12.435451589590302,950785.284590272
2023-10-02,11.705107827546213,11.783297277100136,11.68994218608119,11.712393171043578,11.71598848914207,172768.16067612972
2023-10-03,11.212053952605396,11.199720546681482,11.09663703198382,11.19329934820878,11.196201917764496,120354.99078877784
2023-10-04,10.86191921266827,10.959955219990691,10.862496113765088,10.864548216943014,10.863043621077768,362703.65218563314
2023-10-05,10.760003651773689,10.799668180118989,10.734447261200676,10.760894752625829,10.758262452011731,204060.910759522
2023-10-06,10.99529748370866,10.984714049147335,10.957899880207917,10.978166913970435,10.98084617227102,214703.26119064708
2023-10-09,11.245733382482324,11.260492672822108,11.110999978281912,11.230834429772116,11.23445495716759,338023.76229519735
2023-10-10,11.775817621892674,11.848144288858292,11.753102891098452,11.761289679130805,11.76332267947131,261158.8295454253
2023-10-11,12.159157345926053,12.195048078085795,12.179854993012786,12.18179705498507,12.179359734649957,135305.41852217886
2023-10-12,12.565155463361076,12.62109957263644,12.545846969116884,12.569198439571702,12.56798582347656,179724.47496662135
2023-10-13,12.326285726224322,12.34622925692275,12.296508316759413,12.30422814983793,12.30453544917644,109100.64809578272
2023-10-16,11.381746713561444,11.49450790361774,11.33725739829162,11.37977421356682,11.379471331234386,178209.30375605903
2023-10-17,11.197674884026386,11.232558887263014,11.117115720615471,11.203630807790589,11.200845628076044,519945.0325473717
2023-10-18,11.287060947497858,11.3637417062322,11.25406604766929,11.297487103843007,11.299809581903874,223419.93740749764
2023-10-19,11.468044142739522,11.564356040241451,11.425408284558646,11.465622841075252,11.468334755648124,452159.24673476914
2023-10-20,12.127741157429943,12.136930375741269,12.036252517995504,12.133259955453696,12.133127066858728,359953.98172784696
2023-10-23,12.208583511543925,12.392119016169351,12.145022417256577,12.203947061158528,12.199976567106075,345258.07652163744
2023-10-24,12.26824507726721,12.397122974096058,12.156521296894583,12.278904730007584,12.28417627473508,753246.4170374516
2023-10-25,12.312136144583029,12.341616781891728,12.199091761862054,12.314299710539332,12.315382619100182,408457.8780913903
2023-10-26,12.094363456852388,12.133450844922216,12.062819620691824,12.1017044437628,12.10443658878726,342490.8926708429
2023-10-27,12.482801728465253,12.555682177352471,12.469487078602093,12.490805791716369,12.490435436665674,200226.06222902943
2023-10-30,12.054239339388616,12.076938922507782,12.040782824509344,12.041490403617818,12.041703294264169,154027.27913739422
2023-10-31,11.718042474324305,11.76768868594671,11.659547552755896,11.69740276353201,11.69368398685117,265837.2602735932
2023-11-01,11.599162976906165,11.60013276041754,11.51409037298207,11.589937834896466,11.5863470722161,113922.30115335748
2023-11-02,11.420912284413436,11.472675825915587,11.392791386172172,11.428002435167512,11.428686009716085,1509593.6054080783
2023-11-03,11.166875856832409,11.337985512746704,11.128528617237135,11.169495878368956,11.169456216239908,100551.32910670507
2023-11-06,11.571471631778984,11.550889212044922,11.505421187269912,11.547920008008136,11.545824963893727,105811.1894216646
2023-11-07,11.726095595885134,11.7730672402828,11.636269345690993,11.72894771130937,11.727284654664846,479958.82940439536
2023-11-08,12.192557578901482,12.267850340279567,12.10526956030689,12.184213516640929,12.184967709088887,371758.0332929811
2023-11-09,12.676182613506766,12.70013520098556,12.64482516129456,12.685845848752969,12.680474057512138,359351.5373017772
2023-11-10,12.050585727892662,12.05537981368924,12.047339542725542,12.048258217190028,12.053381891742944,977149.3764256112
2023-11-13,11.803868607310529,11.830187298697837,11.740681542294992,11.79346262681445,11.796503349684656,488126.5216180897
2023-11-14,11.873601762094122,11.894093684845302,11.745004787979791,11.867561919076548,11.866082849382584,535372.074284715
2023-11-15,12.018149992749528,12.075091516693371,11.934862639153708,12.00094823690717,12.001162648154432,299635.4924186745
2023-11-16,11.597757843753094,11.593095159311416,11.568916197424414,11.588640708719463,11.586826122098415,211137.73647252572
2023-11-17,11.668538154182666,11.684084481954615,11.657159692462582,11.683120039283764,11.681988403163295,410909.4626160729
2023-11-20,11.651244513990964,11.689961417153118,11.612656620215876,11.652561392537836,11.652676402369268,96322.04471667936
2023-11-21,11.309741357826477,11.37278815667765,11.25322611486379,11.309560863162204,11.306356447561212,360950.8402697728
2023-11-22,11.334108680481826,11.370376803209007,11.254871465746003,11.331147061152349,11.331625331566292,224654.6881633848
2023-11-23,11.144903200754426,11.204225474384296,11.163139211220807,11.164265939464585,11.160513219334026,171164.30726055597
2023-11-24,11.012679219191972,11.08383284744248,11.000992126037662,11.020576477786337,11.020946001570644,264345.1125236263
2023-11-27,11.161362519763204,11.277832413231,11.126045045877143,11.143316544644154,11.146746806692022,251398.5160750372
2023-11-28,10.629682248255714,10.674485166829168,10.594091459138696,10.635983827569792,10.634938516891468,400140.96848522633
2023-11-29,11.093106499413,11.095910056951578,11.062510760181745,11.080823371753969,11.080354718343068,171734.71050431574
2023-11-30,11.009914984720922,11.0376183465361,10.955057015476582,10.996347633925383,10.999126658964594,193427.1324704129
2023-12-01,10.51299306856654,10.532751985987138,10.489445127371232,10.517044613191407,10.515806565264418,267415.01968910097
2023-12-04,10.047796151094666,10.125469998426322,10.041508799981452,10.059549331089972,10.058268502080695,269212.0831669508
2023-12-05,10.419586991470304,10.434280211395086,10.346546500924156,10.398932952096825,10.398132960687253,98173.57672298442
2023-12-06,10.364035960543983,10.363341536329647,10.303131512175389,10.361660183011455,10.364447506063218,277583.69389967265
2023-12-07,10.51790392806482,10.58784217510614,10.45658517283156,10.543054521647498,10.544410697167317,297502.61886520986
2023-12-08,10.556144371674566,10.590186318149284,10.472969843865853,10.57797506781904,10.577359171161678,706246.398745306
2023-12-11,10.169488346618245,10.25347585249307,10.136765484640652,10.162221242250048,10.161284557781611,534598.2349080922
2023-12-12,10.596567517336974,10.618361183474809,10.493386911985308,10.580811581868796,10.585551906409536,206748.91223033288
2023-12-13,10.647479626580756,10.682924182618333,10.621891615664936,10.641444004698547,10.640143297044473,213101.20873027795
2023-12-14,10.141036460614288,10.16482765277068,10.101370333198249,10.12262894043118,10.12223590062931,138080.82893738846
2023-12-15,10.82836161101047,10.856574712490072,10.757539877644875,10.818918488856664,10.81989964726356,181520.11619761089
2023-12-18,10.805660304900986,10.789865329016765,10.773664056640756,10.784330416171963,10.785423203102832,390171.2153330155
2023-12-19,10.691096054358985,10.765159127558045,10.660586352315004,10.7011570806074,10.70102692268794,108439.1372985911
2023-12-20,9.877047362696487,9.913821594789848,9.85303605337097,9.878398805232138,9.87934187976138,163452.5542965687
2023-12-21,9.67803153839076,9.67589980826974,9.586950990850912,9.643087010014574,9.643747748807447,240775.901759921
2023-12-22,9.781064273805262,9.815675434845703,9.757650770130835,9.776654779682096,9.774122430465068,301343.00646773825
2023-12-25,9.582784721720165,9.615506479927712,9.57548025758534,9.590841663416544,9.590503147709866,242550.9070804432
2023-12-26,9.150704976707244,9.199858503071493,9.095408589053948,9.156945165795744,9.156886407292374,417980.2503046355
2023-12-27,9.324570660241724,9.35079884117129,9.315189945851282,9.326262414705528,9.32896562342429,560913.8154282395
2023-12-28,9.043298471578028,9.03266862485646,8.974796245017085,9.025055002930191,9.025440067232216,279665.46100489853
2023-12-29,9.234928602139664,9.281432580507785,9.192912595242278,9.227050971196398,9.223446669353208,111474.18061715056
2024-01-01,9.390258529527848,9.399751731036256,9.377272985314674,9.38765115698162,9.394535796245252,69313.35607057177
2024-01-02,9.707091761919797,9.775794546399249,9.698277843152114,9.70588287312331,9.703538068044807,141439.37168824123
2024-01-03,9.841987858977545,9.8566569515595,9.78712637625979,9.841144877291274,9.842898870668204,481512.49493176216
2024-01-04,9.70628270994736,9.800498325264014,9.707741071496391,9.708205130651963,9.708911342852677,319136.0034946094
2024-01-05,9.432462510367955,9.46174308846891,9.402553703122315,9.435569968525527,9.435104895150952,235821.0172178064
2024-01-08,8.896953046232,8.98732634521792,8.828574171956973,8.890199408611348,8.892518657598915,324181.61210944736
2024-01-09,8.642148810030054,8.664080430842313,8.605910789804991,8.641650099427281,8.640733660176796,359404.61695321224
2024-01-10,8.475311949083714,8.505372577138022,8.445769034960938,8.464504136316798,8.466467301967723,553749.1926284846
2024-01-11,8.963962408301347,8.98093628378709,8.963774563385313,8.97352131626206,8.978353764175104,321630.16407836403
2024-01-12,10.023654664287584,10.025305204146404,9.98759805246122,10.02097971095545,10.026032757833512,377971.3467785717
2024-01-15,9.883569371729203,9.885956771374362,9.795527949334046,9.876639838215858,9.878459272494103,197933.61112315484
2024-01-16,9.851788130317708,9.886959051415651,9.855919707435014,9.863725555872476,9.86427590388625,417191.6421130431
2024-01-17,10.187391276144842,10.199063691764705,10.149603432987638,10.191428729404777,10.195683898554554,183686.3733800432
2024-01-18,10.780524212220667,10.817839703991668,10.781140498482667,10.784087496516731,10.787459612194947,269251.85185666144
2024-01-19,10.710649554173946,10.728029993666844,10.693252460066896,10.713315575000191,10.719708503295823,209970.2166784208
2024-01-22,10.675769337755442,10.707462558059811,10.66171420625895,10.697152617517032,10.695747229120798,334366.33029515465
2024-01-23,10.091439139232456,10.089385844649753,10.070597296154272,10.07771185598503,10.0784938235422,277523.37937346625
2024-01-24,9.73545895699073,9.748934478845824,9.721834545960002,9.733199371874656,9.731393426415732,257799.86025739825
2024-01-25,9.890285945587037,9.935644187232503,9.85819785686388,9.883102152904533,9.882578096605656,248340.08328562908
2024-01-26,9.653440851612338,9.659747625144954,9.6340290587551,9.657123850856848,9.657500407405692,340672.4163826464
2024-01-29,9.518723225165918,9.567664805139872,9.468374103582285,9.510070801715036,9.509834117827932,135140.14751900703
2024-01-30,9.593400410503836,9.59356021604809,9.5467492557655,9.581781558631643,9.587931774018235,346352.24106393603
2024-01-31,9.41326160433522,9.437577295344123,9.382326319116846,9.414979095984176,9.417806353463746,232961.59706258515
2024-02-01,9.947985915957515,10.029452822741282,9.939541147433696,9.943474960383828,9.945703899831027,539023.6176782193
2024-02-02,9.93406651965598,9.964468870908483,9.882346822928405,9.93792577269268,9.938329995071834,331007.5367381587
2024-02-05,9.74235085674965,9.84843569398376,9.725455875342222,9.736369844825196,9.73368231030964,211899.84200036564
2024-02-06,9.582474536194985,9.642395112696851,9.539607243411693,9.576991210130483,9.579113825265695,174381.9059055025
2024-02-07,9.3893153116645,9.411723547141086,9.35505355940156,9.396802519716411,9.394445613434415,244679.4840739936
2024-02-08,9.483783028455612,9.530967863950842,9.432498874837291,9.486633210654093,9.48633979192718,137040.49552038815
2024-02-09,9.608961913710676,9.69920912625399,9.596426633426402,9.609714245259978,9.61323465724901,363789.6384479697
2024-02-12,9.249981370717808,9.27999229775,9.23763312351672,9.264720315620764,9.261567205432412,517877.8537565593
2024-02-13,9.533533226973375,9.629547271092145,9.47784554850273,9.541664263002732,9.54276178980002,48691.638793809325
2024-02-14,9.126798008883297,9.224006382746976,9.088898356737836,9.130945109012773,9.132398843059098,166876.6290955037
2024-02-15,8.97730344414003,8.973399589554532,8.951598681078359,8.970766221309477,8.9755764050585,277235.25506130763
2024-02-16,9.287897569066306,9.325823664380748,9.30300733566728,9.311448263213874,9.314433168331009,244532.42130782476
2024-02-19,8.98177493903426,8.993387167577552,8.978900486171497,8.985610868393987,8.986675876822881,211171.97891427355
2024-02-20,8.73403439597386,8.744712050960297,8.72266371435761,8.743284675961132,8.744142040201497,125167.14605141337
2024-02-21,9.069768172368178,9.108725587214405,9.045933957025092,9.073679632983442,9.071353801241226,168175.49624661767
2024-02-22,9.415720642010395,9.416495124764992,9.40548113857058,9.407949765169525,9.404332048660446,238417.71661658955
2024-02-23,9.15448686531153,9.17717127619001,9.094661455213297,9.140693506085691,9.140760302322754,141199.94250352177
2024-02-26,9.095260943821351,9.137480816712836,9.06636858646938,9.07918145562838,9.077835111161995,329969.6882459652
2024-02-27,9.255760536535703,9.31455789938854,9.190113856925269,9.255797293032805,9.258535696626469,412177.8243198603
2024-02-28,9.365588875840794,9.399938105524445,9.286330678303766,9.368245511539683,9.364294663320477,320931.4904096488
2024-02-29,9.13407441686951,9.159480990956444,9.081362156133467,9.13304921377776,9.134426964483476,513331.3940832448
2024-03-01,8.91199022854188,8.985996126699945,8.862427562597933,8.919780771575823,8.920837352173734,386294.6309068406
2024-03-04,8.728888854215015,8.771785923349894,8.681845957642643,8.72884715340985,8.726592416917738,640083.1471536553
2024-03-05,8.64563593173086,8.649741594795758,8.609202260801306,8.643961630973712,8.6468184780297,294633.8014331423
2024-03-06,8.768982373500508,8.79309973939763,8.729921685759315,8.76086751244586,8.756500570786299,204069.30324960023
2024-03-07,8.62832865222806,8.645118928646898,8.524081400961789,8.610416440964354,8.607248235647388,677024.3382244097
2024-03-08,8.411738083957227,8.53332281164032,8.397204933587776,8.424564617171994,8.423823557139759,323861.9445108013
2024-03-11,8.354363715507917,8.428613527906862,8.262395093942143,8.362793922002757,8.362417432493292,399042.05171081534
2024-03-12,8.591936983354401,8.632878061825547,8.56103639225963,8.597160757866588,8.60053371362624,689316.0196607069
2024-03-13,8.679669664863855,8.70518666538944,8.629516564886238,8.677317757220354,8.682525421504533,134822.1063176056
2024-03-14,8.504462541303068,8.559131550882023,8.46365865938297,8.500462235866987,8.499919245792904,283133.15492147167
2024-03-15,7.950625242183309,8.00332689334999,7.922139017417676,7.942774301017745,7.942528170048274,278261.02897061524
2024-03-18,8.530699454731453,8.543573855196202,8.473459637969102,8.531044359627039,8.52878611713685,205877.29912081824
2024-03-19,8.91374410927521,8.979002700571115,8.829480204468188,8.92360806866284,8.926609390042804,433888.82068094384
2024-03-20,8.927498294312063,8.933263767722847,8.91465171801769,8.930699575037227,8.932185093882083,1133896.249635439
2024-03-21,8.974593393264604,9.047512875494975,8.942416904797996,8.963629355292055,8.961270524728704,255314.1568503685
2024-03-22,8.884791224036451,8.899528767718097,8.874178088198493,8.882372420574967,8.880550193852494,472480.7824178501
2024-03-25,9.261877068820905,9.263042185249208,9.24571589776158,9.248142960330926,9.249579722698764,338927.88929803047
2024-03-26,9.17801749775143,9.200815282086609,9.128968611869128,9.184516118917829,9.190024906036545,107128.01690689776
2024-03-27,9.143922477691376,9.216369139158012,9.090346375233466,9.150190100154123,9.14985570702494,486382.8698430318
2024-03-28,9.174610479802258,9.205622350839176,9.165780428471432,9.181976905985136,9.183513298477978,148564.2549892235
2024-03-29,9.472224551928488,9.509503624037327,9.471996013245716,9.475967845244895,9.478512412651195,524752.6239794786
2024-04-01,9.545116630640354,9.552236422619934,9.52689056806672,9.548745469811132,9.553959579328584,351495.468349922
2024-04-02,9.62891585863708,9.653404306528945,9.538968463294728,9.631301650743206,9.630231336346956,175979.8084627964
2024-04-03,9.624359255968468,9.669643450191938,9.584592159625856,9.641564937426626,9.639429252330403,697155.8390580798
2024-04-04,9.753129613324282,9.77122556671358,9.684098462117264,9.74436427931074,9.743741058573532,122276.7554492892
2024-04-05,9.788522264296978,9.914062301817282,9.77768437738274,9.803623411977858,9.804687479621434,231045.5566056725
2024-04-08,9.59862090799406,9.660201004687918,9.537355863073197,9.601358729155024,9.603109210988167,275409.0342218548
2024-04-09,9.08039633890211,9.073884907293866,9.018028925637044,9.071201553672166,9.07283707119257,151827.14848411048
2024-04-10,8.816898396046026,8.854034882447145,8.800917979283245,8.810070719883676,8.809845681667438,262429.725855106
2024-04-11,8.749959602385898,8.767175494727347,8.703533195144425,8.752434372579673,8.754842752820249,149469.4441622282
2024-04-12,8.892185172802169,8.901873808783327,8.890226362361153,8.897859291197294,8.89783263216379,792689.8306381344
2024-04-15,8.933767720136991,8.968950766671636,8.836426117994876,8.94396024392157,8.942266174441327,617460.3103798057
2024-04-16,9.16524036161319,9.191323763226489,9.131437964062734,9.165485370450002,9.163856272429213,71107.06139496564
2024-04-17,8.586834812594834,8.61159022675974,8.57698252507393,8.585099567960675,8.584630510805066,239982.0217085557
2024-04-18,8.918364606940111,8.918413411819694,8.867596819572977,8.91734235120873,8.920222530585274,706343.5378883091
2024-04-19,8.87563219277332,8.88146248726565,8.812937120337502,8.863171766215597,8.864355520653287,1110172.726960228
2024-04-22,8.576748984296295,8.588713531295586,8.518227973722526,8.567117483586776,8.567918347458226,403832.0556578799
2024-04-23,8.447272744747158,8.448293931204628,8.432167698079928,8.447064339485944,8.446836072150452,97731.09744840291
2024-04-24,8.632498814580208,8.648601802180554,8.610720310812821,8.636027812695334,8.637029001545947,414564.1937278398
2024-04-25,8.676360941148422,8.741138051005683,8.63877624870528,8.669303410361533,8.669274614579749,343017.93951890385
2024-04-26,8.77009824475545,8.805232448947375,8.744388173278336,8.768673009371785,8.76903954238122,891386.52441804
2024-04-29,8.926400222339504,8.922781040916469,8.881059684100927,8.921445714731705,8.918189653358656,290976.1432891281
2024-04-30,8.822708000540123,8.8221708110268,8.770739549613214,8.811927937012095,8.810884306077833,249449.24611741683
2024-05-01,8.218463035664087,8.216409476952213,8.210003969583212,8.213182121287492,8.213629279416107,127704.16241299154
2024-05-02,8.316713902009077,8.340628118785782,8.260091221038001,8.30657865688744,8.306812142799117,267102.8759452641
2024-05-03,8.574844278759832,8.606504057066813,8.514738915653387,8.569680768971494,8.566825126212132,0.0
2024-05-06,8.1996208572104,8.249187972095488,8.15022327015014,8.199180684997057,8.199581241952478,282264.02984863525
2024-05-07,8.85489359230791,8.909481446723849,8.805020137752665,8.850651966846367,8.847711319232095,233447.5189817512
2024-05-08,9.151109982629595,9.144290613252531,9.12228816271434,9.140752862012183,9.141167859067377,597954.8660982647
2024-05-09,9.43355822897654,9.500069158237157,9.37360711283543,9.424610255128048,9.423618620814493,82700.67374578495
2024-05-10,9.389834312690152,9.45349660149309,9.386311114838538,9.392271157744258,9.395442826639531,642301.5179102569
2024-05-13,9.144378345558051,9.146424383588972,9.101757459646883,9.137500248258847,9.137571012377286,100131.76646817166
2024-05-14,9.067435980179711,9.107414892548,8.988616830672234,9.06577457360989,9.066292933466412,509886.35133240384
2024-05-15,8.963925429640936,8.99376902655788,8.963040642919173,8.971227494008229,8.969650611008998,171761.71468092408
2024-05-16,8.738258302915844,8.750465706550386,8.641030279326543,8.741577187155002,8.741858636447233,83122.79073169664
2024-05-17,9.005608291057106,9.062640929377416,8.96237765773372,9.009592503846564,9.005488666412646,105520.32084817144
2024-05-20,8.824592715045418,8.91696513190486,8.826651789121664,8.833672767869727,8.833879638652965,144097.4981195731
2024-05-21,8.937347020966262,9.0006636104939,8.879160247180874,8.93816578275027,8.936605410009077,431352.00457955466
2024-05-22,8.556225143139654,8.557748276279588,8.532203137880435,8.541189270036691,8.54302855745121,758910.4300566536
2024-05-23,8.882876411418199,8.922821343863664,8.86086628284798,8.874778507390014,8.87558684065343,280008.77713917854
2024-05-24,9.437035414512607,9.45483482136612,9.44138198646872,9.448570801366936,9.4469069437128,225124.8617507724
2024-05-27,9.458152895507366,9.47040515122848,9.387234333372,9.461885445893014,9.46396906523112,428691.4299172884
2024-05-28,9.509689169887722,9.538915598963312,9.437409400101824,9.495417087808832,9.496813855434263,407052.2184513708
2024-05-29,9.011180142096512,9.058057932336968,8.966813659819211,9.014837282097192,9.011097954762988,76493.58828888118
2024-05-30,9.256933806704945,9.294680290837617,9.242244835911928,9.26855254291814,9.264988525270672,203008.9657991094
2024-05-31,9.458750808245943,9.485652240913057,9.44903516722224,9.459478335409074,9.46021742111548,605656.1526130073
2024-06-03,9.794279196808231,9.819693463421146,9.741940503781713,9.795417155175372,9.798195779319183,187978.3017194332
2024-06-04,9.754824931894984,9.782153341233665,9.701822309582273,9.759282970746582,9.759383463126744,283107.08374967525
2024-06-05,9.568055770769584,9.660744723258142,9.56814156558266,9.57645861551953,9.575994909386033,228883.41557466812
2024-06-06,9.998930157199831,10.101985085708364,9.942845305000937,10.01669070405586,10.01744850183835,285403.82907614496
2024-06-07,10.004259737966663,10.01801592583791,9.952871399594974,10.0071229717892,10.006908206644535,666140.8278076531
2024-06-10,9.83083318133191,9.850287389052417,9.783662293342086,9.82647796463434,9.828507423264789,173157.03192044614
2024-06-11,9.62357561442026,9.760316119313542,9.61204565414305,9.62010323933645,9.622929748787351,133640.02154978743
2024-06-12,9.589899866977465,9.63705478773834,9.58448544722751,9.588219583794082,9.586696376928924,383513.62891191954
2024-06-13,9.076949489757098,9.085374805135157,9.054179534884195,9.08163609795691,9.08231783676204,245458.3744409409
2024-06-14,9.083965138596696,9.127216742813433,9.048181307571332,9.071741512607344,9.071423534896322,240112.5781536892
2024-06-17,9.588789204468195,9.602677603036025,9.527880613434572,9.57639970321686,9.571981408894544,227101.58125337103
2024-06-18,9.390467321387446,9.442753041379648,9.378697446846662,9.381924960466138,9.383600822266867,486219.7893404108
2024-06-19,9.742841643653804,9.8251612514932,9.64495596305931,9.735430692450532,9.731853105601031,378927.61068286735
2024-06-20,9.325891130442509,9.337983507516087,9.298516363914114,9.32206082774234,9.320604804000924,91387.83984896162
2024-06-21,9.356239759851585,9.419462265173022,9.239300468768304,9.370451318677398,9.366557672349556,583551.614346626
2024-06-24,9.284647084328308,9.333302181431888,9.267719405723088,9.284653614263709,9.28678971337009,403925.3970282618
2024-06-25,9.003838279351644,9.040284787777956,8.985880956980221,8.998314853820677,8.996635440137446,395156.2502368301
2024-06-26,8.573476549635588,8.61472744108807,8.516984465796567,8.57888314945272,8.582055415650242,177885.10574804945
2024-06-27,8.770744076109244,8.851188312864554,8.75527932793706,8.769104687115906,8.767711741313999,219384.07829405635
2024-06-28,8.4699361678553,8.51267117541274,8.450057568623235,8.461334678943421,8.462083177319567,1288982.66580698
2024-07-01,8.329566776600993,8.336758168357308,8.29574738425023,8.334549729819829,8.33434210166388,230710.35229559263
2024-07-02,8.033792143765549,8.117374749291134,8.02115513665155,8.058637935323574,8.06010820554712,571886.8325742973
2024-07-03,8.326303028874733,8.364384174753223,8.307815985100932,8.327302891749778,8.328396324135626,165207.16041362612
2024-07-04,8.420266062696834,8.522522448532364,8.401598562802196,8.43341920223517,8.430206308524061,356451.04684113234
2024-07-05,8.369245802315993,8.41367735713885,8.358158747494794,8.361242104560459,8.360718403813278,578638.7820971059
2024-07-08,8.343526908198825,8.385051525279787,8.303176642973272,8.348641246960735,8.349780956490394,189348.37926062997
2024-07-09,8.09441041036639,8.169192359862958,8.069920490152947,8.09642285779089,8.094838962229558,252526.0702832854
2024-07-10,7.827405989365974,7.867714056916424,7.829422090921263,7.832095371712931,7.834649115968131,447049.56656046753
2024-07-11,8.186855744812727,8.207126928697905,8.192769164357529,8.19508161884972,8.193930446682026,148632.5845307877
2024-07-12,8.030358384362893,8.060934818343744,7.978358418633479,8.02801448207236,8.02782316077376,325717.8539485068
2024-07-15,8.204948988041298,8.220400450893568,8.195566638333334,8.208290357270876,8.210205308486838,237699.04478103385
2024-07-16,8.05772602156381,8.055519368515494,7.994056072885765,8.050149618180946,8.051152234534197,358755.6995161787
2024-07-17,7.529333534866087,7.589577412714674,7.487624473613943,7.533859978735814,7.534034313853617,267352.44204028114
2024-07-18,7.92750962201813,7.952611830835035,7.8729663465679005,7.926065520309606,7.922702466600038,336937.669000804
2024-07-19,7.689469898318253,7.757463809819046,7.679429831981868,7.698784439325561,7.696269544773336,301901.9614638768
2024-07-22,7.528784468032724,7.533323914936811,7.481300136851355,7.529863743358019,7.531947685494122,540961.4629028722
2024-07-23,7.573292478741226,7.585454282424028,7.561105443970171,7.565245284648193,7.564566410276169,73231.07887357332
2024-07-24,7.543922144367339,7.581501573399364,7.492818680679139,7.546108637898071,7.542957831792881,413199.4786310648
2024-07-25,7.2512199351289395,7.261606985398679,7.224979472043279,7.246647707334574,7.245563917206766,283804.1222980407
2024-07-26,7.310696425238319,7.343137577134635,7.284936604367589,7.308782314703317,7.305741110847241,283105.5654843789
2024-07-29,7.07239309686453,7.1198000165410456,7.02831833812021,7.0780918965306405,7.077158777094181,521376.8780677184
2024-07-30,7.240703921282483,7.257083275635237,7.217634679648595,7.231503943406177,7.235817797273362,297366.8595243533
2024-07-31,6.935504825229099,6.985260315523711,6.917326312104894,6.941769577350228,6.942930446469972,151090.30688867893
2024-08-01,6.872502456625276,6.873088626067251,6.851688343970991,6.862850327748305,6.865741694127181,425349.3924873936
2024-08-02,6.845042349691772,6.892273812583339,6.83775226489982,6.852346534061218,6.8526915530762125,284153.2238006363
2024-08-05,7.126861680224439,7.16485657836217,7.041017493260613,7.12098926384494,7.120818035954523,560677.5794785843
2024-08-06,7.493180648937758,7.522379102501524,7.4830116407999006,7.497242271126259,7.495224211347257,501747.1491522647
2024-08-07,7.3420910805028194,7.345401853070496,7.29461318377165,7.332624772744769,7.3350948071958175,272660.40122118616
2024-08-08,7.602047526572209,7.616999350828829,7.582208025463782,7.603789194892785,7.605215652334821,132301.65781043764
2024-08-09,7.67633834588108,7.705555647672372,7.618056201393708,7.680472293028786,7.678283114324468,167046.20049303904
2024-08-12,7.708330470692094,7.735102998097873,7.698961262602395,7.714482058316642,7.713808915639699,243602.5256588508
2024-08-13,7.515943067105082,7.518630758948667,7.450041612617069,7.509684896438942,7.509557104763741,290141.01523672824
2024-08-14,7.178552134370747,7.190671119146701,7.13352039152644,7.177422862475058,7.177293765516767,115495.1436245272
2024-08-15,7.214570492441035,7.23787842455071,7.197626273294966,7.219092409015509,7.219996689741559,926833.4363220576
2024-08-16,7.465454954849817,7.487991414957132,7.45530141865495,7.467169981417491,7.46357242276186,228948.4570112338
2024-08-19,7.28116366891392,7.293597675154411,7.282274070349047,7.284553314645422,7.282576212780338,138775.494462854
2024-08-20,7.3233385378623,7.364299065783542,7.298101852883782,7.325742503495501,7.323921746706825,382996.0443700556
2024-08-21,6.7810574627628775,6.840002149552969,6.751167509620826,6.783932921702959,6.782343520622736,224798.56885334844
2024-08-22,6.7748435776520814,6.82390849178173,6.719676600949886,6.773013168289757,6.773831919191768,541979.1808892994
2024-08-23,6.684984520905862,6.714184166941223,6.684532171790578,6.690658679362571,6.691863152959213,411039.3639385784
2024-08-26,6.842520690475153,6.8482058936639305,6.789494818832271,6.840811303945007,6.840586398246077,173855.02182221663
2024-08-27,6.856969097680937,6.891069886057782,6.833669562080213,6.855973044888529,6.855941280978064,460513.5235620913
2024-08-28,6.982197606863901,7.026060015595053,6.93328959385713,6.989714114019814,6.995279361760204,197842.69517324053
2024-08-29,7.145543396511311,7.17207042262548,7.075414610477751,7.149654008478912,7.147165701152464,307845.44139256777
2024-08-30,7.524790990952504,7.5312727312228125,7.505080302639409,7.527397913382091,7.525526243032778,240689.50765145483
2024-09-02,7.822000865889385,7.884050270369988,7.777922587322315,7.825421215482176,7.826521364289324,396710.1585913248
2024-09-03,8.107346069276163,8.12164516746974,8.095566010368417,8.104563595843139,8.102384235760512,557711.816576297
2024-09-04,8.630378193268083,8.64147188298299,8.61539630912976,8.636871745469401,8.637972185895743,257995.8923309298
2024-09-05,8.839889545501146,8.895106898270061,8.838431238671038,8.852141496340831,8.853741846383603,417108.083281146
2024-09-06,8.900511024714364,8.939086209766979,8.878001249566157,8.925504193209605,8.922447672121981,169351.40808411755
2024-09-09,9.431379539170468,9.455232545391342,9.419049539874855,9.420834371185444,9.41998325160284,339467.60539779224
2024-09-10,9.63924789433738,9.636553049524332,9.598573607763624,9.632539275242852,9.638331362154704,86424.3120278353
2024-09-11,9.482617811406286,9.483212594740891,9.480821057621052,9.48195340348478,9.478358923886354,961241.6938288236
2024-09-12,9.79721762810322,9.844752998868543,9.752377292737878,9.786248838984502,9.787629832637208,184104.1699798424
2024-09-13,10.3007934497202,10.291042519006432,10.264200207912124,10.27957319939213,10.278461746618564,261057.62089247865
2024-09-16,10.698871811437996,10.713435613677506,10.672967106355715,10.703495272233088,10.70690337699966,244209.27953760367
2024-09-17,10.63515912158741,10.676647827987503,10.54076560883303,10.649078335454227,10.647352726782582,378817.1713209192
2024-09-18,10.8155987484045,10.858348785710692,10.771458876008834,10.816909526142306,10.81780620452895,578418.1220403818
2024-09-19,10.811180927456386,10.83320115802712,10.725398425987608,10.801566922467796,10.80354591660496,138956.81790176374
2024-09-20,11.230038200366842,11.230298821644682,11.224291688932873,11.225603561911296,11.223625126123366,298725.14944445086
2024-09-23,10.571303847784602,10.592920513311393,10.559524263465676,10.591836058279448,10.59159546094342,228843.0599073817
2024-09-24,11.045222534181963,11.039753829209042,10.907562834887448,11.01876347357505,11.015173975061396,291681.633638125
2024-09-25,10.705447685647435,10.776007977300804,10.72669050501449,10.73089512724633,10.732664885369324,265887.9819820212
2024-09-26,10.310938251425252,10.326303061934706,10.284005938588177,10.317811313238092,10.314073688824244,650034.1532798908
2024-09-27,10.462742024912153,10.456129098768065,10.425656138442315,10.428853676332242,10.430946904252906,86548.66689976738
2024-09-30,10.702885161014748,10.702005498148608,10.654720378854524,10.69921610643058,10.69935776502736,426284.0994890989
2024-10-01,9.78870454153074,9.798618662367469,9.735713212803075,9.794836773163556,9.791531114941792,337533.593771297
2024-10-02,10.050843010532686,10.086310302089515,9.964308603915397,10.04830271028668,10.051922596865598,313798.1440737763
2024-10-03,9.904904203063792,9.96883599581279,9.89910623366054,9.919513293384036,9.920466296131236,256273.9854561588
2024-10-04,10.682365544546878,10.73106254249197,10.671493519924075,10.680078505035253,10.684347111794308,399784.3125958091
2024-10-07,11.107175981350274,11.118597910633785,11.002446093029151,11.1064757079437,11.10704397553046,217505.1891073081
2024-10-08,10.913477940288184,10.928173615055186,10.888053434008304,10.92211870925718,10.922937136087244,867518.0115078287
2024-10-09,10.48462398556015,10.5023848128436,10.415703018414003,10.48789172301666,10.486259742415646,318457.4056014215
2024-10-10,10.470409409536472,10.47467333087488,10.459126877975775,10.460664028773126,10.454770123228226,260608.6993957208
2024-10-11,10.095614625854536,10.121167854482342,10.06883222952324,10.089603667779771,10.087158140217902,576605.385236062
2024-10-14,10.401938208530384,10.412796553125109,10.29994648243385,10.398866374704436,10.391369431121811,146581.45757891663
2024-10-15,10.301192320692437,10.33021413340327,10.310865121352265,10.312120059699785,10.313411662205048,198417.98704388368
2024-10-16,10.19929741994882,10.248084697152215,10.149247671219037,10.218664423534127,10.215576471403908,276015.524398511
2024-10-17,10.59246107195242,10.671192875051194,10.540631453229397,10.58236525417662,10.582450905067914,433164.5924053712
2024-10-18,10.719893151699544,10.742858769735816,10.575275942302792,10.7303424262062,10.732484002473608,127860.17609398326
2024-10-21,9.98153697205018,9.999735891262269,9.98115709943068,9.992780642427226,9.985936252259464,861860.5050600126
2024-10-22,10.003248972676005,10.075729649475504,9.946778938688595,10.022719771435524,10.021848477693894,155108.53120887975
2024-10-23,10.114879560008376,10.116816258232534,10.088085610315463,10.106114994995544,10.110227319578028,483089.56322744006
2024-10-24,10.039107155044896,10.037998200869763,9.962587707808389,10.02902538006663,10.030853283659258,199309.42262839864
2024-10-25,9.769561344960238,9.762414121532291,9.69825342708056,9.748300173353211,9.746854901051355,669734.1681300034
2024-10-28,9.81190820203705,9.847944289122328,9.79505580392663,9.824674516722029,9.826251475904648,264479.36863906984
2024-10-29,9.721366135929234,9.765501741809883,9.72363735195253,9.736491879004372,9.73822760638569,344338.1605395754
2024-10-30,9.65331103603628,9.70547694410527,9.595335729317158,9.651454912095025,9.65348710810749,198191.15852686996
2024-10-31,9.5938212221873,9.61357148330847,9.577457602824898,9.59935826551583,9.594333886752224,279473.57237383974
2024-11-01,9.727538273808516,9.736711341594615,9.684746824913857,9.71449960133459,9.712284326194334,92587.9850735105
2024-11-04,9.919501010452256,9.932704232376077,9.87550619694735,9.920564518299743,9.922706223401237,267976.3871593531
2024-11-05,9.81235040073781,9.943738012966993,9.708760064780838,9.807473195397508,9.805954416777162,198146.8728538648
2024-11-06,9.486837718674014,9.50599237383592,9.478466543127844,9.483224361999817,9.483787791566904,426790.76831860025
2024-11-07,9.111785544510177,9.14737453433425,9.045481717138308,9.119243555757262,9.115507290121156,472629.4024832381
2024-11-08,8.927104558769527,8.935589359124515,8.908928103750547,8.91720863144308,8.917951784465437,218481.84069760703
2024-11-11,8.961126371605994,8.962886909997948,8.939813465641421,8.945427121707791,8.944757926601149,203518.0162274108
2024-11-12,9.201878800879342,9.220201074678307,9.09376462454022,9.211072077317557,9.210288434337103,79198.87138558362
2024-11-13,8.90017639617742,8.988154623645933,8.898916340764506,8.902153067588365,8.903352773266066,87256.65170746508
2024-11-14,8.782558716606962,8.894658278377186,8.766741697306234,8.781804870515876,8.780794424624204,594680.5450333034
2024-11-15,8.489876723675346,8.576141275928643,8.450480072639392,8.488183958541292,8.49329937914971,239509.4776702802
2024-11-18,8.428148554712276,8.43679242088692,8.39768319683588,8.426300514979063,8.427153548478808,265311.51698863227
2024-11-19,8.230077849708122,8.274898668580816,8.184554455148705,8.224564627811167,8.22267460410507,268018.3575541247
2024-11-20,8.015353507404267,8.050425083034863,7.964946220405429,8.009940207210786,8.014136363268465,96192.96392570408
2024-11-21,7.783169528692482,7.799019459907773,7.750623729385676,7.779376242401053,7.778515736299996,395166.8159149704
2024-11-22,7.835474347694238,7.8814777830654625,7.807776091066957,7.831500957583377,7.831409785541659,84737.92035644718
2024-11-25,7.835886596255496,7.863769781412948,7.798658031637652,7.8383438273058355,7.834366458867302,313360.5832281319
2024-11-26,7.604047499236898,7.652153797518868,7.595507247851998,7.606062518159356,7.607799413763515,620546.772456984
2024-11-27,7.730496422430066,7.787615430917429,7.725358153190431,7.738568708450417,7.738264790376453,299646.30812595
2024-11-28,8.002390047767094,8.014360636751945,7.98076543109195,8.003158167672836,8.004875851565432,165801.28450092304
2024-11-29,8.179820861611146,8.231703677489755,8.180289023318592,8.182109782907713,8.185758891831933,550706.726946572
2024-12-02,7.830964057770947,7.860747119223457,7.829041431454449,7.835312899423811,7.834134712494999,253275.06073081223
2024-12-03,7.851709637784256,7.887077123970288,7.809200165478665,7.849970264651997,7.84928070361373,280246.4260458499
2024-12-04,8.205273717626792,8.2069177072041,8.173220700787592,8.201381723530377,8.199915829911205,535873.0026628611
2024-12-05,8.55776726717819,8.570328467243705,8.514260198101104,8.55474526413095,8.554406830450331,237350.0323539304
2024-12-06,8.351512740506168,8.394303363375586,8.338394602580234,8.35409866353517,8.357215938125623,171967.63558036648
2024-12-09,8.686079739477393,8.697307763509379,8.620009340984028,8.680106855320602,8.676463361309953,450164.35984155966
2024-12-10,8.484747489708813,8.493790043730149,8.421146979992766,8.470882412959076,8.470123082001455,143596.67260479805
2024-12-11,8.32620237713285,8.330287452549044,8.307555658806296,8.326598528942677,8.326692936789977,107712.98164806631
2024-12-12,8.099412976377682,8.105195448055007,8.084415545493282,8.098327152300126,8.099611946323158,277685.70420768415
2024-12-13,7.951815024732024,7.954776074205979,7.934173585909077,7.950815474067284,7.948080373071311,153032.5082388726
2024-12-16,7.903818542167689,7.910093118684969,7.814319737126967,7.897617712577222,7.895720676045924,206432.4019073665
2024-12-17,7.932533262834357,7.96223390494774,7.888076286257857,7.930492038111115,7.931546234344,105900.9160817874
2024-12-18,8.05695261098737,8.08045757674166,8.052448315721405,8.064309374348891,8.062884223867517,303022.37937258946
2024-12-19,8.886718677940118,8.89926661918374,8.805837640136843,8.867646850489212,8.86877439854174,67589.97481445031
2024-12-20,9.064885842146648,9.084013448987776,9.04939376985164,9.05844345591147,9.058918702249397,356664.05816494767
2024-12-23,9.01596955798634,9.026862836147457,8.980114378961295,9.006344778073519,9.00694755082349,860193.6413603023
2024-12-24,8.964851915215169,8.976705143817135,8.935098205315537,8.960850155055958,8.96337206178884,880051.2499549461
2024-12-25,9.56579970200659,9.63213408507676,9.556928232219336,9.57823037881158,9.57645141549368,225276.66887312723
2024-12-26,9.59622601264394,9.606534751825608,9.563667985834345,9.597569943299533,9.599379267987644,336827.3314522427
2024-12-27,9.416512813490362,9.482340533689472,9.350616001976595,9.412419132659323,9.413303812732725,268257.6811168046
2024-12-30,9.098692038440424,9.190157925142143,9.070549583200496,9.105225127123644,9.107114846283595,758232.2492349904
2024-12-31,8.701537844352044,8.710490378826128,8.647288441358711,8.701256468838448,8.701552187114734,402041.50160870905
2025-01-01,8.157913280212533,8.192005618248052,8.135028634283293,8.169137692837836,8.168406309603151,195290.67046061915
2025-01-02,7.560167668797293,7.576956976817985,7.5359597996673,7.563462033921193,7.560234477336052,0.0
2025-01-03,7.051949842141279,7.093951671894734,7.039792972933886,7.055788282084935,7.054596279260074,777336.86276073
2025-01-06,7.213284633464649,7.237866819411413,7.200957438935671,7.221440216427368,7.221799119196653,200251.56896405976
2025-01-07,7.134928296644558,7.174834079513434,7.133882883159457,7.139969612646546,7.138112731507774,230056.452498556
2025-01-08,6.909315132036141,6.938361394275816,6.885021937371511,6.906796774905961,6.909359979188159,145327.18105121056
2025-01-09,6.645463362158826,6.664885629239523,6.596643534626439,6.638054837506243,6.640281387063604,379327.2936243732
2025-01-10,6.558350927095344,6.579186271378165,6.544147427976382,6.552117186514346,6.5539312090565085,122326.65589575448
2025-01-13,6.728933718053247,6.744061084089367,6.721573641898598,6.7331857271182445,6.7339974001697085,665052.8918804748
2025-01-14,7.066111127817344,7.110921528001286,7.05211725446727,7.073882911055822,7.0751588817915305,550637.1956289547
2025-01-15,6.8393020839286605,6.859475799509534,6.777603377215688,6.837962285091129,6.838912165258647,291456.7179895701
2025-01-16,6.615984594892612,6.648218348300773,6.5950448353029,6.607607118457027,6.607617102300512,96372.16941595144
2025-01-17,6.472271072291152,6.494865568933769,6.4691826203023295,6.474092337123421,6.472973382461925,101718.20073612744
2025-01-20,6.652774780611877,6.718428671247403,6.644581077954622,6.653046817068292,6.654828876559893,412122.0662218775
2025-01-21,6.654571674487563,6.652828475577072,6.615369823739827,6.643967324837099,6.643031417634797,780316.2909240922
2025-01-22,6.408492953137483,6.450431031725462,6.3455298534255125,6.403614983624485,6.40602394970162,195193.7629735137
2025-01-23,6.260818201642036,6.272529712586632,6.247723465105675,6.258967713058633,6.257401206279172,67446.93962044899
2025-01-24,6.171421602174551,6.1836750098533,6.162202894825528,6.171133138605458,6.169336919036486,169028.47168939133
2025-01-27,6.329680207659086,6.318316992672198,6.279352800814892,6.314637208006625,6.312891265880436,342278.7927906188
2025-01-28,6.356570103311956,6.3973319736148575,6.336614155616718,6.363463724975222,6.366465372337968,253664.37374308583
2025-01-29,6.194997791439194,6.222052863351575,6.186718696580213,6.205442436678543,6.205454428360804,278185.82057265163
2025-01-30,5.757349836793738,5.7719413297576505,5.750136614332025,5.756764715869903,5.755490072041997,269238.9024242651
2025-01-31,5.645682219251872,5.670437057912486,5.626724399488677,5.64918217834842,5.6513314287258005,445840.330628687
2025-02-03,5.817765908431489,5.854280484721611,5.795647303561561,5.8234397268373375,5.823707346883506,479316.2800007528
2025-02-04,5.902481639605941,5.945629530159316,5.900599157984042,5.906528808418109,5.905835232861496,110404.24513630864
2025-02-05,6.012197261682404,6.047757264019218,5.994044661688949,6.0123414250340455,6.012462961177343,373666.6691545639
2025-02-06,6.0965610520893705,6.091577986865349,6.064587139038164,6.09133470738618,6.089257595769938,232448.0327465472
2025-02-07,5.662573662940899,5.674591375615526,5.634018839647084,5.660348547381517,5.660710459483815,486259.0915018354
2025-02-10,5.838489753527897,5.889596233608377,5.806784202803216,5.845231971852285,5.845182810342222,381358.1687937127
2025-02-11,5.629049932254141,5.699769048564339,5.608256472802917,5.620972516733977,5.623996729126684,190679.18830605375
2025-02-12,5.516782210423814,5.523028048513951,5.483880344253175,5.520584233435411,5.522242013857635,376389.8398861784
2025-02-13,5.669501655407546,5.693421115606987,5.6487419863094175,5.666206598668311,5.665044420138989,489077.98874540953
2025-02-14,5.913844753474993,5.914073988998189,5.869262250971421,5.91017512562706,5.910705167155606,159903.4171746276
2025-02-17,6.171700537251752,6.170219405821847,6.139747409125222,6.169037080261868,6.168429927971024,382388.7121718354
2025-02-18,6.057050332024237,6.104068097909015,6.01187592926418,6.056960344933925,6.059165794209965,201991.94661743616
2025-02-19,6.276199758704831,6.289141142084654,6.232978669377269,6.288859365460359,6.287147024846022,313163.6291634835
2025-02-20,6.265184998241309,6.275317038068801,6.239255767807101,6.266502590841043,6.265416003229056,299299.8928297966
2025-02-21,6.548972795828905,6.597804312390775,6.524887395582717,6.555661740354612,6.552990589831331,146732.99791649522
2025-02-24,6.650018201914828,6.645681055817567,6.6271055619115975,6.643964750749021,6.646644532770278,257197.5526521961
2025-02-25,6.453088347478448,6.462934652529473,6.450637876327708,6.454545247893189,6.452990370823774,408599.3787919815
2025-02-26,6.605802470694708,6.671686549708765,6.57408530959487,6.599218544687493,6.600101881866502,140608.874109756
2025-02-27,6.682812592396472,6.730389390070619,6.678594551182826,6.683317630263448,6.68353513648711,119852.79607907977
2025-02-28,6.773782774714653,6.83058031910797,6.735940268325059,6.782288731844147,6.782661408835711,300168.75861213665
2025-03-03,6.667686588718763,6.706775286200089,6.642438582973245,6.667752230099024,6.668884533112081,509677.6213002858
2025-03-04,6.712215429834219,6.750775972689881,6.700033532983206,6.704779665748387,6.705911569397386,143828.46966860376
2025-03-05,6.53441290093301,6.556651517038038,6.483885846453665,6.524169690635497,6.525699188372582,485254.5189178396
2025-03-06,6.566865206040431,6.576237168612352,6.545894622952969,6.575470184403352,6.575602089633264,240678.4251168593
2025-03-07,6.805185047822309,6.859494118891335,6.789439601197161,6.801296065026056,6.801145605007839,486257.5178185035
2025-03-10,6.627701436019075,6.638524558084284,6.605004713848325,6.629631545711427,6.62852894471033,191673.1506242329
2025-03-11,6.399625777549692,6.438505202159493,6.365582892055694,6.413138821143049,6.4159754748402165,183631.02458054345
2025-03-12,6.207083745024479,6.232675685379806,6.165381436257535,6.201294681788873,6.197003673238326,174734.37707080273
2025-03-13,6.006015137257527,6.018751302555851,6.007319476661567,6.01081751421259,6.009832106885437,216545.51787304447
2025-03-14,5.9456337462937965,6.022333502479693,5.947672622587588,5.954182579022178,5.95393335332341,208238.03711407352
2025-03-17,5.978693517421181,6.006409636830428,5.965227797039284,5.989841754673228,5.989096344886302,384833.48899578326
2025-03-18,6.319687570462306,6.333647576280152,6.2946075164850654,6.325879208389366,6.324523430916139,161334.23553035787
2025-03-19,6.211699723420498,6.217693733364662,6.153965143602295,6.202115709719929,6.203263419505757,127443.59023506928
2025-03-20,5.999432859205508,6.015007221720276,6.00030010309537,6.004261655941384,6.002859059592976,318179.6540341907
2025-03-21,5.984133548593442,5.989351654873592,5.9453654591288485,5.983383464505051,5.9831510750656784,276068.46938677906
2025-03-24,6.098721666637173,6.1249138347491785,6.054679809189725,6.100625757285216,6.098212815681917,431709.3553672549
2025-03-25,6.060701805148618,6.105116414669671,6.021891509615841,6.066576443358134,6.066876768103074,341524.37588651915
2025-03-26,5.682122811998339,5.678080979601409,5.665770707613356,5.673855379850624,5.674288788889864,267935.011596941
2025-03-27,5.718010702918534,5.785129222724958,5.719897563765025,5.721069565409696,5.719985802045038,371293.70290095673
2025-03-28,5.490078683172552,5.509384819931174,5.484136694672639,5.497769246904856,5.497428432840547,154417.84066627754
2025-03-31,5.347462434361776,5.358453804706061,5.319206279676239,5.344011104274624,5.344245922326651,214953.58387360175
2025-04-01,5.044478848517382,5.048446220447199,5.014602926812553,5.039002507503673,5.040181659861471,530350.613802864
2025-04-02,5.025942171132414,5.041097258036746,5.0123194252806895,5.027186626028195,5.02588175762911,254445.16438390064
2025-04-03,4.661926738867679,4.690827268089522,4.650880140076797,4.666030007001898,4.663423304914528,313366.4517857962
2025-04-04,4.410294510497871,4.430477143070821,4.397322776473216,4.408750991352638,4.408508523180155,538985.4402316763
2025-04-07,4.6813522069966265,4.704113111417242,4.684772946248583,4.6859143373174215,4.685443441926161,184334.09808697345
2025-04-08,4.691504686299863,4.702702059821648,4.6689722882591855,4.684395337329069,4.687490194065547,420646.29228778987
2025-04-09,4.455459430764925,4.4684867079832,4.439698643978603,4.457687264963756,4.4571796245662,343541.05873906816
2025-04-10,4.139117807018855,4.153128847560988,4.115656839443618,4.140843930738282,4.141250948711959,902974.0597722022
2025-04-11,4.172800336594015,4.1725587993634585,4.150210892387411,4.167677717161851,4.168307605585607,135295.5515922261
2025-04-14,4.25202174813626,4.2773463701766445,4.231900218649475,4.24983890557385,4.251033801959858,162890.33323739868
2025-04-15,4.423700423751372,4.439020648606665,4.419547728589441,4.426085826795586,4.42700853179592,197244.63832847832
2025-04-16,4.371774536606663,4.402913897519061,4.355206379158331,4.368815601799545,4.368334838533526,471416.1611796335
2025-04-17,4.342439157849928,4.340062747472606,4.324534639974595,4.333371707301582,4.334568957497463,168989.87034750264
2025-04-18,4.502228348926375,4.512512415524106,4.486113306107954,4.502193214420065,4.503389017224518,710208.9923787116
2025-04-21,4.200329198704664,4.218732612713805,4.202366053481429,4.203735192499624,4.205133460376233,118524.24399547292
2025-04-22,4.088469325647071,4.0877977345993886,4.058328978746753,4.083965086008445,4.083298211295573,694798.7323364073
2025-04-23,4.141558547853685,4.17071195640603,4.104661785570326,4.136411817666047,4.134374007652223,137981.90405457502
2025-04-24,4.30990145230028,4.329739829185146,4.299885686756079,4.314337104529908,4.313616223538316,289675.4037070324
2025-04-25,4.322969910940281,4.337470033004142,4.296071989823082,4.321344764537106,4.322614876784678,431921.1385516097
2025-04-28,4.076258001652595,4.113190333487978,4.057188422231258,4.074461536685153,4.075420267972616,350436.6001679967
2025-04-29,4.104057529780015,4.103227999695236,4.062975499342515,4.101190484519954,4.102576875370247,0.0
2025-04-30,4.007208192245997,4.021645207959304,4.00797090101916,4.010059146863136,4.009331927366112,272705.527069732
2025-05-01,3.900585911657711,3.9058985815628056,3.899362745539081,3.9024511128161103,3.903095113699221,261832.35877052156
2025-05-02,3.8711702145015776,3.8737660184142535,3.8587615313413735,3.867232036018177,3.867920169788958,405371.226084742
2025-05-05,3.927010273685855,3.966131874904769,3.91849943381487,3.9364498831717847,3.93609531793232,258639.1208705418
2025-05-06,4.175307910396745,4.188951868797522,4.167648348027857,4.173426985942312,4.173051370301952,299766.9927998668
2025-05-07,4.217491321164107,4.236462032404364,4.201121958719874,4.220910235066657,4.221486948426607,48993.39412186104
2025-05-08,4.320418916929647,4.335800137979964,4.299011524246868,4.31627875571589,4.316987872285165,667449.7032050191
2025-05-09,4.1459444555976175,4.153055134022044,4.146831836654576,4.150017809020597,4.149496621800896,336526.4206090835
2025-05-12,4.359003370816543,4.366474894507075,4.358876342009419,4.365931264065972,4.366417942565909,58696.2101838034
2025-05-13,4.414855532443424,4.441962048513974,4.39465529151046,4.41196726232333,4.413581423012968,553074.9406092103
2025-05-14,4.365126720303939,4.399645396800558,4.339309115877107,4.363551502908052,4.362000671111447,197473.9993982088
2025-05-15,4.35691918815565,4.360653106250792,4.33434259345242,4.359150383823698,4.357406858730018,316093.7342177907
2025-05-16,4.396410732807039,4.401653216351505,4.394081026745508,4.398622258794131,4.39795457675658,316111.89876683
2025-05-19,4.447459755149773,4.45990026843584,4.42312575431641,4.444523171587685,4.44441148286685,453849.1948478627
2025-05-20,4.512718096872447,4.5237912928766,4.482331265311323,4.51297881892893,4.51235456278354,350588.69631828764
2025-05-21,4.539912732483832,4.5470170590791685,4.537276911030862,4.537973898876421,4.539888792827732,260028.6504565505
2025-05-22,4.461907629171064,4.490114238522977,4.457273942653528,4.462333914062521,4.461618660700254,162794.64968819646
2025-05-23,4.429819529490548,4.4703174031595685,4.41894280214744,4.43167723110833,4.433084316699305,289960.4770065104
2025-05-26,4.337973752077414,4.345385907366351,4.318798740983213,4.3349920577548,4.336193583700359,304803.894946849
2025-05-27,4.274026960363207,4.303518083345376,4.267281704670968,4.281575398269189,4.284143283889467,97410.01614794602
2025-05-28,4.306306768649523,4.332250782284962,4.275831270325505,4.3133415956973,4.31622684744701,248553.5713688708
2025-05-29,4.2422588393430525,4.256293728412013,4.236758037783177,4.243032378040417,4.243582207916021,519692.4178967856
2025-05-30,4.208784089116112,4.226274201558537,4.195227068159594,4.203031306406789,4.204255757029954,525662.7371238829
2025-06-02,4.275468042437005,4.296623929086214,4.251995826744833,4.271867481591547,4.270640192325288,400039.7988039556
2025-06-03,4.153840067315862,4.169806619951352,4.119699336415715,4.156017734293028,4.156159023653282,243833.7794483829
2025-06-04,4.254868090085341,4.278053042606302,4.252990417897501,4.262810275296282,4.261926173159877,90098.57296639009
2025-06-05,4.328133910922662,4.3867844483467655,4.300597838914296,4.33296862039694,4.331425204684706,305056.97559944226
2025-06-06,4.379439589189375,4.416814636258444,4.371595921674674,4.376347418033592,4.375563557308815,459070.6847661488
2025-06-09,4.537350838747002,4.566019023276188,4.533674389898076,4.537136320228608,4.536574132742772,284545.79848992627
2025-06-10,4.384179202875592,4.393370058605633,4.366421938994786,4.381932248299815,4.384706693175196,323227.7243449596
2025-06-11,4.490749441951548,4.5322601773966165,4.471778445090773,4.495228941050254,4.494552301009261,326161.03725891566
2025-06-12,4.689244184286888,4.69879781273527,4.664675362760942,4.686990474670436,4.686879528031979,778792.6876383466
2025-06-13,4.768676872297477,4.772946781739599,4.738728597756501,4.77229132671094,4.772818813720357,149163.32302277014
2025-06-16,4.561591974366214,4.568775057718934,4.557002304963081,4.56454278935936,4.564622010873143,103196.86784674022
2025-06-17,4.631915005204927,4.655906264132932,4.644072610611092,4.647016943159566,4.644801323313775,352104.0264745008
2025-06-18,4.611538031471011,4.616869388126062,4.588955997174243,4.602978796158785,4.604210525084753,361251.1169904453
2025-06-19,4.563662255068273,4.582723294761875,4.551413933900772,4.564410603428494,4.564080533349423,401639.87814752565
2025-06-20,4.66742782983517,4.700030987122795,4.613635831052589,4.671072569726921,4.67036557016915,232609.47704519605
2025-06-23,4.583115801249825,4.579392511313038,4.556613829918887,4.573595310364503,4.57534980418173,632943.232166583
2025-06-24,4.75489532877485,4.7964191576180255,4.743214343322085,4.752393552467943,4.755107363620168,259320.320547046
2025-06-25,4.742291061104007,4.744666310081306,4.707272641328554,4.738612593100521,4.736625737288774,278641.1616704881
2025-06-26,4.523186703795308,4.535721589430525,4.507946134256944,4.531846818141696,4.531201850406547,181175.8884385241
2025-06-27,4.361387989291397,4.390249520711841,4.335831924448077,4.35964558712043,4.3594209429531015,161957.34667377835
2025-06-30,4.281631683675829,4.289460574470079,4.2532492131122295,4.288192798052466,4.289944087625962,58878.6722118136
2025-07-01,4.089719194313913,4.101328065945631,4.069848224014471,4.088890282497887,4.08972562327112,300989.77632290125
2025-07-02,4.17248174722368,4.174906468904345,4.144303662520315,4.16095910706125,4.160739115801768,261776.43403501276
2025-07-03,4.311265066189884,4.326604409306506,4.300265339193448,4.309418834945864,4.311006491116949,643714.1481623501
2025-07-04,4.40130287710359,4.398388849012606,4.340641447761982,4.393914052475919,4.392490711999926,150518.3834286396
2025-07-07,4.438329277856113,4.494904835742712,4.399650590145198,4.437317768010038,4.437416654018204,768156.1845195678
2025-07-08,4.302936727123891,4.3260680995950525,4.294490060547723,4.303640623347417,4.303684474627803,701086.5830205368
2025-07-09,4.445122308501515,4.454010955872433,4.436891718613089,4.4486078982988095,4.448491277674402,254916.9099472983
2025-07-10,4.48099456467717,4.517541584209527,4.476934760411539,4.48523962337053,4.483587601290852,102825.1933047644
2025-07-11,4.63153078803775,4.685163328319198,4.603884713724113,4.635780211485664,4.634872664513941,111692.99299723022
2025-07-14,4.73871406102663,4.756858319741535,4.730744589584437,4.742379523681869,4.743041994953846,123200.6290226676
2025-07-15,4.592811897286483,4.596691563853455,4.570305072718547,4.590339659367388,4.590348159529661,151919.79150275266
2025-07-16,4.790017163608461,4.793470470889657,4.765960780502933,4.784827836795544,4.783613331020787,167519.13217629277
2025-07-17,4.582504213552137,4.576555441081104,4.573201590977681,4.575505583242532,4.5778528775799385,528402.6364361478
2025-07-18,4.732149153967138,4.744244372288829,4.733425233732046,4.737054601588112,4.736884732246793,292900.6092822043
2025-07-21,4.9588552990730905,5.024709157919918,4.9332794871893295,4.955086997667294,4.954331743095985,137280.84747795877
2025-07-22,4.908688678921855,4.947559971166239,4.889728589138733,4.91329332642677,4.913573409311061,238816.63760465904
2025-07-23,4.76294759338203,4.780385125505657,4.741034034986698,4.766850665466615,4.768155136951536,89136.15715306763
2025-07-24,4.742221509080681,4.791534356110732,4.725855992806752,4.745766861146096,4.745369154276417,469307.5914555887
2025-07-25,4.833936494486094,4.839862374730341,4.798306670870734,4.832298010863475,4.83153069857326,1132177.836604938
2025-07-28,4.972771683908025,4.992872737076291,4.957939071839798,4.979214165278956,4.979090755452396,197997.7585064473
2025-07-29,4.917664371813244,4.916433818595397,4.88635999185322,4.913031712009378,4.911535318605334,332428.1193721466
2025-07-30,5.0314965908769285,5.074552080379615,5.019940045635332,5.025397271551647,5.023692359542213,270845.4624913305
2025-07-31,4.825621309871863,4.855842831366666,4.821265256667138,4.827619787477088,4.826702748513098,520961.0275138616
2025-08-01,4.840966794223646,4.848186172793244,4.842658596680277,4.846423924288123,4.847020396003936,258274.76293811915
2025-08-04,5.114167582220103,5.116230754195186,5.0832442398560085,5.113204216957231,5.114111812357665,321284.16138060566
2025-08-05,4.971827378431896,4.986651785826007,4.9494015071411015,4.9689634711428265,4.967763756246123,104462.51528752549
2025-08-06,5.087948239374772,5.110485820205562,5.054474476951301,5.087861901746215,5.088780619309167,90486.77043694192
2025-08-07,5.013585196307591,5.031837663155567,5.014331774065609,5.017887491564286,5.020105929831233,261863.68931489636
2025-08-08,5.03537569622598,5.064610762000444,5.024455290428675,5.031895825260023,5.031582224145343,280851.9466864985
2025-08-11,4.908887814759189,4.935426577267571,4.897249700035927,4.899190250822165,4.898936782886367,250616.25850291213
2025-08-12,4.939145217337307,4.931015099886099,4.890879462011848,4.93082574568333,4.930759784677099,640104.7004535228
2025-08-13,5.150337349921056,5.182501324486247,5.136335076529681,5.15701045986754,5.156958306815594,906630.366152082
2025-08-14,5.309626027337648,5.3248742620222815,5.252084391745966,5.3137965368659845,5.312729417493563,515248.5779669912
2025-08-15,5.2724522222747545,5.310041634234668,5.278402095550489,5.281362380238585,5.2801799137654495,252915.95430227747
2025-08-18,5.331390241873621,5.355942148004627,5.29033195811568,5.322910543758502,5.320818018504093,275725.4737769315
2025-08-19,5.239078178413972,5.240083386863149,5.21134277587965,5.231533911623877,5.230856938489313,72208.42777854794
2025-08-20,5.218878990060673,5.235239300977655,5.227312649268094,5.227382499755901,5.226034815134085,280486.76872655115
2025-08-21,5.325289139007282,5.360413308321824,5.310680231059105,5.334514414587404,5.333844036863697,271043.3307962456
2025-08-22,5.550330290641091,5.565332908066011,5.542558148036713,5.552761256398359,5.551174775837747,373225.641676484
2025-08-25,5.210700625072667,5.232733497415263,5.201388739258106,5.218428364048416,5.218933891776316,300104.7367124408
2025-08-26,5.037973340991178,5.063047729449307,5.030756605027374,5.03907240448292,5.041814872879446,845176.5562500224
2025-08-27,5.159539509853248,5.203236667885063,5.135870425920276,5.160112875714964,5.157548958018912,535332.0100881732
2025-08-28,4.788484316665016,4.790012607905814,4.74191126194067,4.782458377679385,4.781418648482482,179523.6478491721
2025-08-29,4.6074857906355975,4.626968305588295,4.596091655044508,4.610567370334516,4.611453866430129,439425.68065697234
2025-09-01,4.621106441096103,4.622133236368392,4.615059833951059,4.617812275370866,4.616393983666543,225181.9755285401
2025-09-02,4.765222513502136,4.824425950527147,4.74070399802284,4.7696537220394175,4.770908945946192,314899.80469912145
2025-09-03,4.61534024027849,4.628311215907541,4.612063681917929,4.618306679211977,4.620214890674874,145363.8518951789
2025-09-04,4.899248401744808,4.915023181122328,4.882218168067364,4.903137634852219,4.9055624088901375,145148.15349697135
2025-09-05,4.875811103562505,4.909284065148692,4.864574793019238,4.871344253813663,4.874285713692604,551519.6806407024
2025-09-08,4.917253215540492,4.916449505216954,4.886834718591392,4.914797558396939,4.913451861964735,308765.087548523
2025-09-09,4.793368562073668,4.819887184270905,4.77480578740045,4.795825761694184,4.795852500680878,283441.03834428574
2025-09-10,4.812262919255225,4.812673498349736,4.801631046910556,4.811263987379739,4.812205958460899,241738.2361504156
2025-09-11,4.764823591475969,4.804339565291204,4.753706556570991,4.76571327506998,4.765547480928731,818156.9249409466
2025-09-12,4.888137803247821,4.9155019714409125,4.852817683882076,4.893586505651708,4.893633426758568,133392.82340338346
2025-09-15,4.95638432495223,4.969860179495667,4.947717661342812,4.950189091447489,4.9524901355595246,456866.72767031513
2025-09-16,5.128832055654476,5.134289858561282,5.087322210404587,5.118695713167215,5.121200002927658,196066.3077485183
2025-09-17,5.373803409660237,5.382725105585987,5.321385393195508,5.37071733008532,5.370965447426912,103205.760026845
2025-09-18,5.250648925603245,5.324926484751239,5.225807415748098,5.25160103595099,5.2503342531595765,824874.5926413351
2025-09-19,5.414849244170592,5.442698064811296,5.365591256535283,5.412338786252949,5.412120944836087,215632.6652259037
2025-09-22,5.33590224163071,5.333714889314193,5.315041835491414,5.332463519386814,5.333622762635546,433405.251802466
2025-09-23,5.195309760788159,5.208557530232208,5.187227657638618,5.1956348170637465,5.195055253499374,126344.67762012758
2025-09-24,5.2255449862794014,5.226338091113012,5.219483872740351,5.222911052741407,5.22290194213664,332261.44403191865
2025-09-25,5.011289639619386,5.039294348259471,5.005589902351662,5.012046612874048,5.013564310152958,159535.05908874315
2025-09-26,5.223267054096442,5.237253672695035,5.181744847049678,5.225601655655974,5.224688312695383,88018.8800865971
2025-09-29,5.005338144992286,5.030995036251322,4.997152511994393,5.004140467534803,5.004494001163785,263575.1561491454
2025-09-30,4.792042514656048,4.7952019141016144,4.778853081423204,4.791768283896819,4.790339012289035,704366.9600848843
2025-10-01,4.774169390598142,4.779702809911758,4.774381545566683,4.778145653088985,4.777673893775706,366347.94555111066
2025-10-02,4.985454501662848,4.996420015854162,4.974261851318589,4.984988212892028,4.985981675480844,190931.5421131324
2025-10-03,5.036233917192079,5.046128097322239,5.023942817813832,5.039152688190439,5.039562138664565,197380.72626407357
2025-10-06,4.912879198204268,4.921472917372418,4.884679093628795,4.915624464531038,4.916587619759197,289762.51987869275
2025-10-07,4.867798435724035,4.887904250663916,4.845533555330661,4.866351147301441,4.867266558329708,399360.80351437
2025-10-08,4.964108862339744,4.973939617045595,4.923151295985879,4.966045007031974,4.965697730825157,356107.7812540007
2025-10-09,4.732540921890919,4.75431806342729,4.698569083370531,4.734779078667568,4.734203770476851,190542.99107986767
2025-10-10,4.843885549060777,4.897646062564753,4.817857367179732,4.843206150173319,4.845084491646708,841432.5648266907
2025-10-13,4.825955435440678,4.828003414182692,4.8158527039781065,4.826958870602136,4.828675771031913,456450.2965251775
2025-10-14,4.61721964641135,4.639022937551878,4.592883178629126,4.618531550128584,4.619204353348206,200466.4982159453
2025-10-15,4.856731370999237,4.866448124211917,4.784917129371259,4.854155551840815,4.852706094528037,249972.5531852626
2025-10-16,5.045753584326781,5.089199488695019,4.998724660682669,5.047822412165635,5.048539437837144,336435.57792351814
2025-10-17,5.175990568161186,5.201696602664919,5.12801080045262,5.179588696147043,5.179207754067432,229613.56541451247
2025-10-20,5.077649686652973,5.107257653938624,5.063774026651261,5.077774050655572,5.076604581128268,116970.1406330178
2025-10-21,4.870322710359857,4.882378665029766,4.856874571463936,4.870313865076411,4.870677457869912,701996.4875794103
2025-10-22,4.654765076223949,4.663540156781997,4.625634872317631,4.653213789293781,4.650107622810098,803424.0914968272
2025-10-23,4.73296474414474,4.744270603554454,4.735313522809377,4.740368603991936,4.741370201297976,251540.6213770083
2025-10-24,4.788005555493891,4.803406980386598,4.7608537533045086,4.789429889078854,4.7903379897829685,342433.32209609635
2025-10-27,4.731768698547971,4.742926855677879,4.698266672405239,4.7375239397059685,4.738536912026454,304231.0032115611
2025-10-28,4.775626492190359,4.798201883400124,4.756025932348417,4.782636253403441,4.782754536776605,666326.7216395868
2025-10-29,4.722490288831508,4.752414019970416,4.728088778856802,4.728922136946759,4.727385422414372,219821.64771883225
2025-10-30,4.557559056101688,4.570512068762267,4.534705550357289,4.55985271807425,4.560884719904159,185640.05835215183
2025-10-31,4.482637685316068,4.478042560115551,4.46638984972098,4.474503736958841,4.473079985930074,413072.8020302082
2025-11-03,4.4747892711508985,4.519681447355886,4.473041216749022,4.473127317009856,4.471498221376284,214481.1679014415
2025-11-04,4.7083205066824645,4.753196184699181,4.700039857738698,4.710931205907067,4.712373156300819,95643.08791271548
2025-11-05,4.724149201424295,4.738763643703964,4.721699448074306,4.7305912211171295,4.731163168682588,224745.38560241813
2025-11-06,4.594752769356331,4.618991920889854,4.576874494765408,4.589737829916897,4.590331950242245,86401.17640238944
2025-11-07,4.687631808448572,4.712571481119966,4.652358767944896,4.687351642296341,4.689084021890106,105352.0991787663
2025-11-10,4.87710387277995,4.906768866928533,4.868077084632333,4.877713189154446,4.878326403331791,218791.5875316153
2025-11-11,4.775714069265799,4.794916629823829,4.759458635514097,4.772205972139498,4.772354046430533,226284.4421114382
2025-11-12,4.920658872539316,4.955500136654785,4.900871788061695,4.928347116009454,4.92787620602177,503971.41231826897
2025-11-13,4.965310426152309,4.990421546540433,4.967962267935743,4.968203241578521,4.969581861364867,193443.4506606504
2025-11-14,4.880425835319749,4.893846500845711,4.875579842382533,4.888842713784117,4.890874123149414,632591.057220177
2025-11-17,4.611494990330939,4.641425637577538,4.595568472833683,4.606916941492175,4.605900540964744,237525.4004329636
2025-11-18,4.4548089090792855,4.457899143413945,4.44589755078773,4.456283110267297,4.454220544004964,183703.91837172737
2025-11-19,4.340268187984056,4.345173096947832,4.325010796334621,4.32838685912184,4.327627009657915,415140.2070469066
2025-11-20,4.1092423238374,4.119097162278957,4.056768416512901,4.109062283540966,4.109236187015166,238341.561645119
2025-11-21,3.7600578069294586,3.774374188884902,3.743943122830108,3.761630922149756,3.76159357963668,315201.5968952424
2025-11-24,3.844918928273377,3.847114685586288,3.844010188352456,3.846106467409202,3.845653051655139,346410.8773625173
2025-11-25,3.6970275235271393,3.7080493909522905,3.6689391946687753,3.695249581493746,3.694734128079453,489391.8433220882
2025-11-26,3.780075970874212,3.803080682845091,3.7684914445833777,3.780831591165224,3.779991565069905,295966.80776685267
2025-11-27,3.811226220896792,3.816654873356208,3.805068350193094,3.811240716054903,3.811201609519264,119869.30796338747
2025-11-28,3.822798427307429,3.838399927056789,3.814782325542006,3.8237732658486503,3.8246213911013465,180605.59478540145
2025-12-01,3.918484732938724,3.932212151798058,3.91177333938348,3.918165308853912,3.917197188858848,170668.5102021146
2025-12-02,3.836264885324363,3.850701023397726,3.814499723916296,3.831220724713015,3.83003258144334,175408.64061235124
2025-12-03,3.8150939973859503,3.824850723827741,3.81130586075867,3.8202079887185274,3.81964652323162,518085.35597562674
2025-12-04,3.6538130929738695,3.667682945213284,3.616392051419955,3.6552041803305126,3.6554801756963937,267466.0960099574
2025-12-05,3.84382139164448,3.8521160377765695,3.830215591380756,3.8433687373399743,3.841686693633196,419640.8744775948
2025-12-08,3.7772837654953424,3.807569361764766,3.767609010465231,3.7742855031821794,3.772851623940233,193874.51497560865
2025-12-09,3.820049438552982,3.841927704177793,3.79841733392224,3.81556873453366,3.8155337522263673,218879.7033802316
2025-12-10,4.089225940576187,4.103324569637119,4.074047061506352,4.091400116124009,4.09205996485177,411394.7867558131
2025-12-11,3.9094971389841726,3.915124726356937,3.879444620136745,3.907262357155748,3.907642292081681,390675.178560788
2025-12-12,4.069423858883368,4.075744768353308,4.062884753135251,4.065906729511172,4.066656794354345,198356.3445153257
2025-12-15,3.955378999903077,3.967909455085712,3.9394998655456615,3.961841064585815,3.963692763823909,252311.11726390792
2025-12-16,3.9465190807043378,3.971916468192928,3.922907116062975,3.935243406461017,3.93500466921375,252472.18740718512
2025-12-17,3.957552764738487,3.975447467879718,3.951758721330272,3.958814928260488,3.9578034876876895,221197.64665534743
2025-12-18,3.994753250526653,4.01060838921552,3.9562060898780183,3.990544717985539,3.990569468155687,356950.1183654141
2025-12-19,3.922753903185297,3.93951565744402,3.902158565911124,3.925353752689531,3.925446930661864,262127.5056204484
2025-12-22,4.176293324428416,4.182934747399834,4.168446464254879,4.176157499680677,4.1758505237613655,376935.47892111854
2025-12-23,4.238862067999937,4.234572307391787,4.220868232090118,4.234465393857542,4.235265869929301,160990.08225382096
2025-12-24,4.048248425376117,4.055232024667995,4.037513154279687,4.045098913554514,4.045478237417353,303653.70371103496
2025-12-25,4.115644763176364,4.120943554313056,4.100078611993832,4.110421216521741,4.110682842051369,211328.67041568647
2025-12-26,4.159497717180516,4.172874319432384,4.142580972980745,4.163879627987547,4.162856460167726,92804.69419384988
2025-12-29,4.328642429413776,4.337234180579722,4.312312159255339,4.326452471027685,4.327131304995608,63775.95472582431
2025-12-30,4.396159673902575,4.40889803029419,4.378379424096977,4.399235479767893,4.398943840473655,203987.4755975405
2025-12-31,4.549031527664039,4.571236855901171,4.533541655219805,4.545872472274461,4.5463066812474136,76844.19114673861
2026-01-01,4.717474761510985,4.744031366800238,4.712198344263007,4.712904562182955,4.7133533419238205,311599.4520709934
2026-01-02,4.637469151725643,4.661365215380432,4.631326927564958,4.637353335312757,4.636491056038603,689286.4909997868
2026-01-05,4.839287587447926,4.869214546457729,4.810463999660555,4.834874432586289,4.834869468934737,247552.04622796728
2026-01-06,4.607443301773453,4.625645704467214,4.6095494114983016,4.60973283430331,4.609806965966232,176249.66158771203
2026-01-07,4.215499388062033,4.254590805425139,4.2090671476343084,4.214048963294787,4.212950020940377,659755.9572581869
2026-01-08,4.416710016188728,4.419372865603071,4.368240491995187,4.408007803959103,4.408376550792811,624057.5230150019
2026-01-09,4.578884969171035,4.613381242544782,4.535559247394644,4.568834547702616,4.571855761530083,355630.8184188299
2026-01-12,4.692461078972904,4.700299228392997,4.680703016524662,4.69836692059901,4.698422827608694,372957.9275954675
2026-01-13,4.858843209287875,4.86375716354322,4.855128771377706,4.8592099354604965,4.860476955587268,540729.0674073738
2026-01-14,4.879787994653048,4.890500897143121,4.873287650213924,4.882939331241843,4.8838775156088765,292002.39919935795
2026-01-15,4.815491681952434,4.830440562556487,4.806649539309549,4.817837192609184,4.817452671614641,218199.16594296595
2026-01-16,4.934711959147135,4.928512174355835,4.8567442871622095,4.928026167723383,4.928388519573711,313164.6584184013
2026-01-19,4.672034954304484,4.6757005562657366,4.65493832231904,4.667308938734358,4.668462680944218,400866.10200220486
2026-01-20,4.622676082765773,4.632395834733805,4.6166917333890005,4.627955965382315,4.629772938377413,324833.7893603055
2026-01-21,4.541543997400515,4.608247691652935,4.512683005950565,4.540667012522434,4.541944126219056,311218.56268006447
2026-01-22,4.393621523770904,4.408470944604801,4.357421464098044,4.38768490038434,4.387289456239077,253107.41068314103
2026-01-23,4.301874411553326,4.332970859381615,4.29685407739707,4.297541076617919,4.2974788376670405,297572.7355952238
2026-01-26,4.20414775773887,4.226790196374995,4.190523970613386,4.19852811002717,4.196844579151422,267826.74885323766
2026-01-27,3.9507484825607975,3.970415423831589,3.9345409054994422,3.951052221873889,3.951322080875476,126389.64401005812
2026-01-28,4.206523430654557,4.210364075369924,4.194855293755344,4.2013511889353525,4.203541782256674,221766.25135544455
2026-01-29,4.453347932757111,4.480698533668764,4.449882189804527,4.452330356537446,4.450175545574863,428962.8745650689
2026-01-30,4.374477454053646,4.392721468917313,4.372288782833917,4.373660804959228,4.373129905934371,279642.0343830535
2026-02-02,4.159405772086906,4.168320442848153,4.133397739067525,4.156754103355689,4.157495500974822,149002.34309303793
2026-02-03,4.08862414896528,4.132752539357352,4.070883942138741,4.0924113585149176,4.092391130806083,383326.6688072415
2026-02-04,4.251110356483182,4.260272490967976,4.245828727245404,4.259310622384459,4.260660325277683,133360.5278795091
2026-02-05,4.278256688205548,4.28584831692949,4.2718141189211405,4.276483887782529,4.277111288209619,387327.3855808239
2026-02-06,4.211694191284864,4.223445227113468,4.213063645565432,4.213873296415787,4.2113221266391685,230860.4855257904
2026-02-09,4.291758251985947,4.337024314541813,4.269877644773885,4.30124476086621,4.3014398312983335,233805.820576172
2026-02-10,4.1518427752871565,4.172627507919083,4.133243149343911,4.152323236806752,4.153078594749272,185223.60837607103
2026-02-11,4.234784487488201,4.259410992105032,4.187520933772095,4.2391176120905065,4.239341337686031,138431.2185970677
2026-02-12,4.3095624098191525,4.318370404401386,4.306133825323574,4.30889586965402,4.3119078396178985,531074.9997891036
2026-02-13,4.346355026811897,4.35816982057345,4.330743786307695,4.340569429421105,4.339913279836054,82843.79289609585
2026-02-16,4.360938715004739,4.377033246979521,4.352830568884484,4.356876309082017,4.35497561671507,149330.1300740524
2026-02-17,4.431739788941134,4.439829004132939,4.399459564499536,4.428788465956589,4.431093214652486,206159.7850381136
2026-02-18,4.664757845623162,4.710550397885919,4.661134943835534,4.667423785058365,4.667273730024316,335946.7111473542
2026-02-19,4.566188700339513,4.619101433510828,4.53533687775837,4.572386873548008,4.572997808263753,302535.6773569251
2026-02-20,4.496077050429052,4.521630317715491,4.438432695340045,4.501148158059432,4.502632557765251,487714.45038069016
2026-02-23,4.462540091752245,4.474953244676009,4.466509751007663,4.46670861188754,4.467685490670231,130589.85615041536
2026-02-24,4.351247114094183,4.35228050380109,4.330018988044883,4.351439214256097,4.3515177861905086,138282.75146141835
2026-02-25,4.27927280057852,4.3046153390783,4.273643255828424,4.28579775799291,4.2840227481654605,146812.5455053177
2026-02-26,4.331725598313376,4.331157455835639,4.307484483057767,4.329304252579389,4.329059804240697,450382.99391992815
2026-02-27,4.3425533003260695,4.344538074871148,4.341292854163993,4.344104757748703,4.344894148589877,106412.98419014736
2026-03-02,4.400470775456388,4.413798453007081,4.396795093089726,4.401364715704862,4.399854130571795,1055191.8408213998
2026-03-03,4.4118620484160855,4.440067806223008,4.3927603371675215,4.410870829894643,4.411841895662372,70761.6197181461
2026-03-04,4.352894755140188,4.363367951214654,4.336568552585041,4.346634772849418,4.345307933138764,186565.7936246517
2026-03-05,4.503590221905864,4.506012071560162,4.499934547343932,4.505722677601936,4.504494436958047,232359.06892210536
2026-03-06,4.459116907036965,4.47782672440152,4.42339844494322,4.455031661557048,4.454162047334546,247272.7275813015
2026-03-09,4.310218659325271,4.319720481602207,4.286152728003594,4.314150598363709,4.313160273574954,328047.4079626354
2026-03-10,4.534606859542562,4.552419593360742,4.52224302605515,4.53308637901863,4.534126444282295,407293.1874636519
2026-03-11,4.322631019512979,4.321580668305844,4.314625592247994,4.315313780568207,4.316887379013569,273601.42767353245
2026-03-12,4.207871011438278,4.220651980172634,4.166923454105478,4.208761715387796,4.209045061280236,215711.23284869653
2026-03-13,4.43532927763774,4.463404095122274,4.435739199230989,4.440868069683448,4.441642651347109,50021.74116160887
2026-03-16,4.125974676655137,4.175070047049659,4.1333101059893975,4.135519049141949,4.133917124208472,127391.8308235398
2026-03-17,4.196258863097292,4.221711265551569,4.191785847489586,4.204887383643953,4.205284961130543,657337.0546343649
2026-03-18,4.139663210451571,4.192427482641082,4.12319224781775,4.142875923823729,4.141468441620325,120625.06314228832
2026-03-19,4.364190443520482,4.398079491159528,4.354963253783232,4.366782381822588,4.367825537566473,774232.5826055037
2026-03-20,4.466080876438505,4.49691326530699,4.463632319517811,4.465431216850171,4.464779805775685,192859.4447860217
2026-03-23,4.559127342075424,4.594591421374649,4.559737117118813,4.564212624680937,4.563469900432938,53675.273322744055
2026-03-24,4.60026413594688,4.622659934737297,4.553319482144926,4.595238509312543,4.593974483883775,480770.2170971362
2026-03-25,4.728179808301516,4.730791421082656,4.684897723485523,4.7235346759113455,4.725102115539134,148008.6143122121
2026-03-26,4.879191515971438,4.885194934835045,4.824109212099669,4.8753855069223615,4.875576721707601,140195.59998769272
2026-03-27,5.142787705900282,5.159243781260829,5.137784711157841,5.140751269051957,5.13810092575754,356836.8434043893
2026-03-30,4.919333399656819,4.933375136239475,4.891380432335136,4.92495960741071,4.926409868882002,133480.93365280563
2026-03-31,5.040756947057595,5.0623128448203545,5.036854840187917,5.046968423735335,5.047608429079189,100185.43160128778
2026-04-01,5.109388602586725,5.154917867591491,5.056851098460567,5.1075277372918855,5.107819461549092,229474.22390594383
2026-04-02,5.001538254503668,5.0210163071032685,4.957332961663821,4.9957544881729685,4.995236176272165,212535.508118123
2026-04-03,5.151779433901824,5.16990038992238,5.138142366383382,5.156527062782141,5.154253094353559,523919.07665663166
2026-04-06,4.984656927996316,4.989272469858087,4.97936381109411,4.988700717088687,4.9901172386376045,340791.15134490875
2026-04-07,4.70887721018777,4.717880274786924,4.699222202836168,4.701579274344235,4.702411142081483,467505.0131543546
2026-04-08,4.5878238732696905,4.620358966811382,4.554948352815134,4.589734708897543,4.590835183050139,182928.71839466537
2026-04-09,4.5505382813828605,4.57641609300687,4.508424246623377,4.548040001732546,4.547854542599425,366146.940236337
2026-04-10,4.489260283165969,4.508232329765418,4.482789111599807,4.485312858200428,4.48369108770684,169320.3447060586
2026-04-13,4.328589738537287,4.338624278327209,4.329667597754254,4.329862860291924,4.3310776259082,170318.67768041606
2026-04-14,4.4412258812329135,4.45505524531308,4.383066221912433,4.447096746521982,4.446525123821,293624.75412991084
2026-04-15,4.804899630168066,4.80016959719718,4.777753548892652,4.799383895393915,4.797448501874489,210909.454643173
2026-04-16,4.856155229657798,4.862526168355503,4.8431376514004025,4.850895580423486,4.851960098940922,192218.4835961352
2026-04-17,4.4962465920159005,4.515122284118969,4.466325251819594,4.4990904248374015,4.49953781870289,553632.685734358
2026-04-20,4.122887296400584,4.148950624854457,4.107742348524173,4.12944972271822,4.130682154134802,69101.6895273858
2026-04-21,4.17844882544243,4.187263793479128,4.15888767419679,4.182703923345351,4.1835232345869455,108802.16482398202
2026-04-22,4.0130892138258,4.017664954252397,4.009095733856203,4.016260281158291,4.015867904393827,300445.5441847703
2026-04-23,4.056104936951093,4.089711806910736,4.055232914263552,4.059415408851409,4.059010762095072,334918.5399859164
2026-04-24,4.123316026216593,4.1313157238591165,4.100883341643399,4.118300810087556,4.117232574113048,124631.22483478364
2026-04-27,4.161926802736187,4.174642035254394,4.121468251086465,4.164210866118487,4.1642445947125015,146155.4490038017
2026-04-28,3.944921539535577,3.962733259500226,3.93480413022483,3.948183742358762,3.9485176326064,113341.58773472872
2026-04-29,3.961093269710895,3.9933370300443993,3.9530445248883552,3.964569826641629,3.965793942476052,543441.2066105765
2026-04-30,3.9767348572439367,3.979190436292496,3.952248180596116,3.97406695497884,3.974254393642621,447729.59145972313
2026-05-01,3.8044814803566775,3.816225625756625,3.7777614827218287,3.802557075279633,3.804202952597685,224632.762935218
2026-05-04,4.049124217105376,4.058156604535003,4.03183558098685,4.046135346717876,4.0463093577370985,549081.2229588847
2026-05-05,4.253895983936681,4.262071711974465,4.245077760736147,4.256380653333334,4.256496023364682,514147.7240709772
2026-05-06,4.338360901734717,4.346052788282225,4.320871820365796,4.341505700224014,4.34118435818075,336763.4350856809
2026-05-07,4.3658022123194655,4.3890921750331575,4.35137382469835,4.367380741407565,4.366004218497312,189487.7002928331
2026-05-08,4.410032150807613,4.452251579347227,4.405781839623043,4.411383492789698,4.411841360789301,360913.78982895584
2026-05-11,4.460517343966401,4.487065343478015,4.449253337843235,4.460251982641717,4.461926489413142,241389.19500522377
2026-05-12,4.430017289976115,4.471758669342359,4.408971058088303,4.4273909652396375,4.426511780928876,657997.0838684846
2026-05-13,4.698097606154502,4.727354014427326,4.691491217550723,4.698202594308867,4.697178592460163,175800.72377847892
2026-05-14,4.523781323419432,4.528180058959802,4.505477585661245,4.523248316588494,4.523878556808622,285215.37773802667
2026-05-15,4.545222257885516,4.550489968316221,4.537234407751991,4.541025214834284,4.541218097345007,268289.3274982563
2026-05-18,4.599745091745239,4.602597427823657,4.590632829815696,4.598715639378887,4.59784548178935,256306.2080793776
2026-05-19,4.400991132514439,4.428313058331759,4.400406702112583,4.404459362972302,4.404380125392176,358474.0850770041
2026-05-20,4.680433939458699,4.685608605010137,4.66122343717814,4.681818051666925,4.681630793283959,132315.18984760137
2026-05-21,4.728190150682521,4.754664376073132,4.71665680416601,4.72430477368125,4.723510630721415,248841.8722724912
2026-05-22,4.66704702156372,4.665500379495818,4.655924369904727,4.661178293844307,4.662224905497989,320090.3425971714
2026-05-25,4.994139034774972,5.022994486475615,4.947416643292445,4.996373638022515,4.995323917834243,374543.4641076866
2026-05-26,5.246357247036377,5.284967579330811,5.230454527578184,5.240450093678144,5.240852051569596,319343.37582492235
2026-05-27,5.484441613540852,5.495052629757749,5.445635001325304,5.474154769190592,5.473422871646921,203803.2832855645
2026-05-28,5.4616303452028925,5.475305857939933,5.45723778611415,5.463841624511399,5.464694808379046,234591.3379494864
2026-05-29,5.370520097104405,5.415523179114947,5.350232631793799,5.37136710684263,5.36991365399215,2121863.895329857
