date,open,high,low,close,adjusted_close,volume
2020-01-02,8.948623634728236,9.014766672719336,8.91818237128368,8.947735492341877,8.948015346180304,467038.2801897499
2020-01-03,8.815428216806696,8.875939108833164,8.798857992230257,8.828705148306026,8.831686448806094,341306.01902825444
2020-01-06,8.5962641380319,8.602029825697656,8.547768884086167,8.587617797443942,8.58609794988113,255142.72248634187
2020-01-07,8.571231625711887,8.626010465937286,8.452839653963649,8.56597251381081,8.568926135206178,934911.8834348453
2020-01-08,8.145215663796778,8.238832141910885,8.119588257582242,8.15381704246263,8.151054526113441,432280.8411272918
2020-01-09,8.058814101348693,8.076036493955355,7.979722272645242,8.057043012369261,8.05677191435525,165904.83610628522
2020-01-10,8.025090909102866,8.039351649703331,7.97973695442729,8.032517209591512,8.025947961643103,291364.51851220464
2020-01-13,7.953103128095917,7.988810165451443,7.9003660579214365,7.95885633305879,7.962529371243771,248110.7108835045
2020-01-14,8.083220800196777,8.116513487371808,8.075953714069223,8.086242951556093,8.090864503603648,122556.9850556396
2020-01-15,7.934708457208422,7.948545909719419,7.919170201802347,7.925566984594436,7.923759802959226,155050.47701025463
2020-01-16,8.240535347218247,8.286428106565577,8.205614727412977,8.224762899348626,8.225980974350518,267317.940882
2020-01-17,8.223136950578871,8.246453295423219,8.216944775444277,8.225027838243946,8.226970896158164,237041.63002144147
2020-01-20,8.269529341881624,8.278432960307622,8.253549967791145,8.256501237473184,8.254153911549603,274706.21225677565
2020-01-21,8.052176990013965,8.05744363929198,8.001910015095731,8.051860071942382,8.050417758051797,498042.4098594196
2020-01-22,7.971672252264579,7.994638667706336,7.925473906632717,7.955498481404497,7.955206894744693,485034.1493644748
2020-01-23,7.825634494600938,7.840757189554603,7.767309650511918,7.815470270612417,7.817322065846532,130451.3712388284
2020-01-24,7.797039484872036,7.83354411837081,7.7778186624498575,7.798259572789655,7.797395898677188,244893.36044452043
2020-01-27,7.7418416855079535,7.779462031098199,7.740140006671905,7.742535047741761,7.744504460691024,310380.4268214229
2020-01-28,7.932581619750504,7.961247296513893,7.86786475656398,7.933259230014,7.935388447527257,140920.00593599747
2020-01-29,7.869485721437837,7.944737576417567,7.837608757387656,7.867294476475811,7.870796322874362,157686.9479360034
2020-01-30,7.829901709055546,7.8775966809685585,7.825890242624244,7.831316292545805,7.832004374712658,476602.4034428764
2020-01-31,7.880331333573407,7.912492668203179,7.868327347808978,7.881394814613581,7.878985016801645,181342.0551315573
2020-02-03,7.848282356258833,7.893250619390544,7.81665378055591,7.840709277387025,7.84226681477352,226800.97184150983
2020-02-04,8.13386615342355,8.200963708860531,8.13047260943599,8.13624187651281,8.139165575451301,399510.9443599751
2020-02-05,8.118160529710778,8.203490926013542,8.082919849969583,8.117219391785454,8.118148972880515,357082.58786963456
2020-02-06,8.112822582451027,8.125631352967265,8.102044213968304,8.111590556782549,8.10970904277185,386489.7948859829
2020-02-07,8.051468254446933,8.112669219053839,8.02039136504326,8.048214739961951,8.050792101787533,310268.8821952179
2020-02-10,7.820062149753245,7.865781742510394,7.758277760684358,7.822484030821254,7.82443043257366,457835.5258018386
2020-02-11,7.820525267501847,7.83484817911329,7.793417020614193,7.827238210381381,7.827728490668102,260631.1817532777
2020-02-12,7.752593208271151,7.834685549500555,7.733982422351598,7.751380304058308,7.752441017160069,286575.0779172822
2020-02-13,7.964362568652091,7.967539171969345,7.925924665818154,7.952560875311936,7.955104354832144,176002.71384342882
2020-02-14,7.613624647305976,7.672986067660266,7.601692081672565,7.603569469737098,7.603901096927348,176893.2922524001
2020-02-17,7.629838887408456,7.727102673961777,7.626441054836249,7.641712768840664,7.641306574025277,0.0
2020-02-18,7.520837505781294,7.616310058432973,7.525847134422194,7.526678053400245,7.52673474275938,213114.87828249656
2020-02-19,7.447473620522823,7.499708204277193,7.435493122933861,7.461753626666684,7.460298427695082,206351.88703503227
2020-02-20,7.2781094624322415,7.301698182270728,7.27735624461898,7.28757767167933,7.2864030003324896,69337.70807738471
2020-02-21,7.342191369953882,7.354877589932607,7.279472575463771,7.337248362746354,7.335766550866847,175855.1550606215
2020-02-24,7.550297314573415,7.5709370818085215,7.489812049892259,7.541155229712681,7.539885525659307,220433.1698106462
2020-02-25,7.699773600315083,7.705946463278977,7.670110440960073,7.688520348100756,7.690695047945418,236271.14606357925
2020-02-26,7.548067952183558,7.567213344158031,7.535865625027856,7.551207182062521,7.551217665716711,256162.74536918223
2020-02-27,7.523285755647652,7.522145690218852,7.502526015680931,7.518306614297944,7.520420861249309,266873.1027429177
2020-02-28,7.663717730711732,7.747714175350149,7.623835319958252,7.665271736832232,7.660046025187948,615087.0701948056
2020-03-02,7.909421982404389,7.957966171103957,7.886504514591943,7.915853667590884,7.916591229108772,271817.8524032763
2020-03-03,7.98995250682521,8.053996387917948,7.974107781391888,8.001007135016101,7.99919473096701,114133.54616570438
2020-03-04,7.966672739537746,8.004409823403789,7.937275710195141,7.96370891547693,7.966029384410925,219751.8625692357
2020-03-05,8.014850423765708,8.076700503421206,7.998706998541765,8.02846980734187,8.029092915428674,363269.1377134751
2020-03-06,8.102984187971611,8.135110161810246,8.020443448385018,8.107557311689932,8.105758559167262,70592.52881998627
2020-03-09,8.04934312092898,8.071651770332798,8.02030923381883,8.0535817464307,8.053429220289152,346841.81969064305
2020-03-10,8.166805930748918,8.19082491991932,8.137455821333475,8.15994132644825,8.159253992026564,505024.3964010684
2020-03-11,8.198763602702961,8.2073522006013,8.19350143855362,8.200921590382508,8.200939563973012,159510.41638680338
2020-03-12,7.943991006733037,8.012487747601048,7.91999440054589,7.946127100955331,7.946334970882668,237977.1776970289
2020-03-13,8.099611701220185,8.131237955850645,8.002494673334086,8.089081811631637,8.093294874259195,336308.9214329792
2020-03-16,8.104456699901048,8.142231898301784,8.060351398670806,8.116618183408205,8.116519554920142,312618.367973818
2020-03-17,8.156961061082526,8.255848233144556,8.149384225856158,8.161411883618944,8.159967555028764,147894.62824923155
2020-03-18,8.305702000263938,8.338825117313853,8.271667461046874,8.295415260181281,8.29558439119198,485700.6794140816
2020-03-19,8.374433803580809,8.396259499922639,8.340690121817323,8.373459059511038,8.373087412105193,441848.2360471271
2020-03-20,8.375586391593757,8.447367960583364,8.368105570925398,8.389354987702589,8.384745734436613,266314.87238331337
2020-03-23,8.35403946017055,8.35719102883119,8.309121417723603,8.33519715797259,8.333472854284041,196488.52186138823
2020-03-24,8.262989600303253,8.363853076777833,8.178724991711585,8.25798862462848,8.258104830428634,99762.2104917003
2020-03-25,8.338013426686091,8.371945976416693,8.314326485707044,8.340930544890545,8.342046885533616,171959.4401642697
2020-03-26,8.347241752311977,8.3924782412358,8.308915612817733,8.352972535997072,8.3524789321384,325650.23837298644
2020-03-27,8.32802580455123,8.415901662335859,8.31617376514342,8.324098762628752,8.328148753392338,362162.2490951418
2020-03-30,8.341527441385931,8.38413084376012,8.330718262265908,8.34212406833213,8.34347043395976,254448.18936099263
2020-03-31,8.395629342377964,8.416669838164248,8.385968189677861,8.392187649509681,8.3932710992301,424893.10833493335
2020-04-01,8.432656615009758,8.43980841940819,8.372946259838248,8.439055230550034,8.437665926647767,146849.8472534282
2020-04-02,8.645090177070722,8.716510163286708,8.609024506965147,8.630357791937774,8.630212799624568,146522.31337223566
2020-04-03,8.608143515992777,8.618944212036407,8.581918900661352,8.609791789508037,8.608126510372722,318199.04763184773
2020-04-06,8.556005624621402,8.599523359425367,8.550396415267985,8.55702927153316,8.55759125437712,378321.7454890897
2020-04-07,8.748990606440863,8.823553440595798,8.694834257144661,8.75627800360717,8.759512253059256,422788.5419747351
2020-04-08,8.666899154428336,8.74798176206719,8.660274992701865,8.680505454782512,8.682253728596352,539136.3142693079
2020-04-09,8.728173856634287,8.773272663379778,8.692701230779589,8.741075607572567,8.742481215592518,167303.2618260518
2020-04-10,8.563436010106164,8.620655109827789,8.478201074127098,8.56665834050132,8.567940941951413,104600.93762163549
2020-04-13,8.434804050584745,8.480902977432988,8.4431539971902,8.447275039215231,8.446463673219768,434649.94747600175
2020-04-14,8.339900355283929,8.391276367363574,8.319716395437224,8.360958668905221,8.364156266054165,438537.5923130506
2020-04-15,8.577741301092948,8.596048896694638,8.537734800747058,8.560134713774993,8.55670794543628,251751.25845167047
2020-04-16,8.374133255576934,8.392078625494094,8.287083210294655,8.35700381336268,8.357414337914806,158273.99172221197
2020-04-17,8.199241830678371,8.235334423636596,8.118295086619836,8.194324620973916,8.193678621834684,271616.96720925
2020-04-20,8.419632239343132,8.505022687446724,8.370010604645788,8.426712789478323,8.430096476607996,426842.3142613241
2020-04-21,8.352354735481397,8.37736489298767,8.343938275793047,8.361584751148019,8.36073832384087,106253.0615997141
2020-04-22,8.520713255536926,8.536478215124172,8.491240050931607,8.520919812205584,8.530249590865534,250211.70643832037
2020-04-23,8.3388243047764,8.341303205448977,8.31483266013022,8.33531372741061,8.334834349303613,142028.9469863868
2020-04-24,8.153107975869892,8.171570326230228,8.157008042229874,8.163293287392863,8.163494351416801,203712.7016181944
2020-04-27,8.230154956435323,8.306054363797765,8.125494706499575,8.22157807056267,8.222963229925064,287445.6302218749
2020-04-28,8.390221588686474,8.40100270416165,8.364447966033552,8.388292031736356,8.384129098629485,120545.5591882768
2020-04-29,8.390991804831438,8.40997652614994,8.301269912633462,8.396414169673685,8.397648098236397,893560.3989063032
2020-04-30,8.493128159075436,8.539055077393623,8.488131041942713,8.498432697383105,8.495830968423206,439592.6219727018
2020-05-01,8.537595890595355,8.550740069194749,8.487557437356465,8.55038212647919,8.553891633197171,405652.6761868712
2020-05-04,8.563917599331145,8.581413957527593,8.555669525074105,8.557227664029966,8.5602597550176,254028.80102732612
2020-05-05,8.551763339781433,8.575710890343181,8.517181521440108,8.55996879021263,8.556048303286481,409189.62000368047
2020-05-06,8.452329213664433,8.474730749197963,8.40869420960268,8.449851920669458,8.448153944870834,1284508.684789474
2020-05-07,8.282140076467556,8.328138724973538,8.267151544484094,8.289445255093309,8.287681188099809,354865.8827292022
2020-05-08,8.318904155311483,8.37248670491009,8.211179836903042,8.315198269822428,8.31410353738661,167712.26039913838
2020-05-11,8.401353375883687,8.423870494324479,8.384006892665473,8.402813255405787,8.40357063029684,182851.6691239637
2020-05-12,8.530813902578503,8.603557924871561,8.488547341971413,8.5314023714778,8.534266249534397,860151.4436517454
2020-05-13,8.418975028081741,8.475002042045896,8.360860595829319,8.41244395704392,8.414560836595388,224190.619917302
2020-05-14,8.432076173183672,8.46750064612751,8.362442190816873,8.437246593726083,8.435221379388615,457040.9243389207
2020-05-15,8.395180302092962,8.430861986608402,8.376137002527447,8.392803146204248,8.389708022370831,1762446.3528921637
2020-05-18,8.299786975628745,8.361241519886775,8.250722401165875,8.291559696317803,8.29516831523981,49624.85418787353
2020-05-19,8.68296884307245,8.71741621945829,8.671888676660346,8.68218924020943,8.68122049169386,863759.3397408088
2020-05-20,8.505720039865462,8.563362685048041,8.477407385175486,8.512613831089501,8.516065744512943,272015.4547413412
2020-05-21,8.456346416482324,8.556928531757297,8.41742507720443,8.470988167308859,8.469278058473732,668012.048769162
2020-05-22,8.458258186955574,8.49580568005701,8.448121664104173,8.455647181255639,8.457150224057107,569389.9946496076
2020-05-25,8.530073479735947,8.559108992450268,8.476085773712969,8.533875446313436,8.535983892727899,501905.51472965337
2020-05-26,8.495454847270215,8.519593798262163,8.49312089033369,8.496822997419644,8.499272557058536,79838.30105810094
2020-05-27,8.43521317286668,8.451393379420747,8.401245707734496,8.436844765117229,8.435117175553396,281980.1794455844
2020-05-28,8.491885387073074,8.511528952750409,8.493366500980695,8.497935266009664,8.501972823705465,262323.8102642986
2020-05-29,8.426208161711902,8.47458984966625,8.368217550105228,8.429411025029834,8.431344755448364,191359.9850789256
2020-06-01,8.52533442909229,8.572318936527331,8.509434701963754,8.515287378458089,8.515318934166705,288104.3693679313
2020-06-02,8.425153150727395,8.47123568589796,8.360045126630649,8.42875765603055,8.42790762519319,423196.4247659646
2020-06-03,8.337049345258391,8.340093989331818,8.266725810565283,8.33282352458812,8.335096404772532,212819.4193765965
2020-06-04,8.196962123896942,8.219945464320741,8.18717306762169,8.202285359981829,8.20020385986218,137917.1428400989
2020-06-05,8.085409281925667,8.142500224757988,8.01406841408413,8.080861601060287,8.084360846152336,366073.85709725664
2020-06-08,8.372310412963122,8.37903767592062,8.334749837399603,8.357051487930708,8.359001297537242,141237.91928953666
2020-06-09,8.421023370670522,8.440112733738472,8.411000960573588,8.414932541379144,8.415751575940059,414151.2961386606
2020-06-10,8.48230866820267,8.567915956154394,8.460692360485107,8.481137039587095,8.479914237338118,573511.0646305777
2020-06-11,8.408400875647374,8.447632183404712,8.37527648993556,8.413522663624809,8.412323846552649,805292.2582761516
2020-06-12,8.406969497036089,8.447102994194344,8.34208817749946,8.409253438304455,8.410926816043888,504783.5914462398
2020-06-15,8.332669164212284,8.413038378620726,8.3295098192223,8.351972367303224,8.356068473458269,96499.15877204853
2020-06-16,8.26137595962587,8.309029753819344,8.232254768453013,8.25827476723639,8.259290342531358,238203.98692486784
2020-06-17,8.5250543859688,8.542125328800198,8.512286959605563,8.51977427441224,8.524135584196765,193248.704808686
2020-06-18,8.31909897070963,8.423297202948245,8.257310747624182,8.31144761386712,8.31563336705525,842333.2663640016
2020-06-19,8.294230188752227,8.31192707186111,8.247599630822183,8.302965348459885,8.297728387827608,875161.3123870138
2020-06-22,8.261582094562426,8.280642285303015,8.197274992810803,8.257146705680903,8.256620919983195,157094.39763860998
2020-06-23,8.542284644227701,8.550521863650076,8.497059614714146,8.547655519288002,8.547239875929062,192280.651729568
2020-06-24,8.703458712508853,8.754470608502546,8.701307744739502,8.701727092165317,8.702125129753922,482846.702972823
2020-06-25,8.694357079211702,8.70215091727317,8.572560197361272,8.67653874856968,8.674541091546558,368003.4441190708
2020-06-26,8.56350039320351,8.603870762042238,8.512636146011417,8.572865091249263,8.572350357355377,159693.50349161838
2020-06-29,8.326236774945272,8.396705700932614,8.301244175333407,8.325361530273184,8.32549607305901,550489.8570523122
2020-06-30,8.342931315074974,8.370815183117621,8.305033543666962,8.349832381201367,8.348827846430469,164639.504130536
2020-07-01,8.160095292023268,8.243479632562847,8.104821586117671,8.159428303153701,8.1609290751939,536488.1352068047
2020-07-02,8.241865856969183,8.279298135171432,8.168118274508423,8.236196542669001,8.234166622645608,413690.7073295161
2020-07-03,8.24976908658013,8.246930347701046,8.226069702095597,8.239438152190374,8.242209506528324,391032.93990585976
2020-07-06,8.395043149172452,8.422964824258749,8.373100655835104,8.391332113076661,8.387220445766527,467924.2086260105
2020-07-07,8.273742899186926,8.276419681173293,8.251674465610504,8.274982850691238,8.272331906286036,422930.2261485669
2020-07-08,8.156341867863427,8.159097611406716,8.155347751003577,8.157369669398092,8.156506158449075,395047.6130277633
2020-07-09,8.095270419530452,8.199816219039345,8.07449761349496,8.105606593113897,8.106045128803183,420219.92942153296
2020-07-10,7.8209094102391,7.82384622242686,7.788883862909745,7.818869121874358,7.817281644757624,235667.8703266809
2020-07-13,7.810555798924662,7.826293038833899,7.805094928409907,7.811989435727219,7.811223264603559,81521.04323408855
2020-07-14,7.898238084043779,7.934691644404219,7.845373647148421,7.900133646327442,7.90232721492605,387115.5393817282
2020-07-15,7.753114561813393,7.867829373488095,7.722469548424551,7.75518396889287,7.755237137906884,627103.9886463868
2020-07-16,7.632725016846368,7.741666799678596,7.626071066292857,7.643890439144524,7.641141420283906,277374.81562673167
2020-07-17,7.662852316729071,7.671614182850758,7.659305435254446,7.661930289705029,7.659001278029874,223736.65678302053
2020-07-20,7.509753278332027,7.547914700424641,7.4671981379088175,7.5177818873562225,7.517281912500557,284415.18593380984
2020-07-21,7.525895170708765,7.5634707777647,7.518121901825285,7.532989309127129,7.532230154462693,277600.1024051367
2020-07-22,7.611592050125691,7.639542865527688,7.566349255326267,7.60494660429731,7.604832304065766,82921.94300020675
2020-07-23,7.833849483067981,7.874785988310103,7.804140466301759,7.830613592136389,7.830720492358135,57521.332140822415
2020-07-24,8.01297380448235,8.017400803104218,7.948947661304829,8.001826498201378,8.002862715382456,185352.8388279918
2020-07-27,8.134093894170277,8.201389922503585,8.068247385729276,8.137861166108433,8.140581111571187,478580.6788404381
2020-07-28,7.933247232723608,7.981748986510552,7.923285605845597,7.928787366420994,7.930001879849637,840352.7631416956
2020-07-29,7.823827765469744,7.819487756236966,7.7651808583144195,7.816744858798487,7.816133389548971,564458.400240063
2020-07-30,7.773460665156059,7.801995937796159,7.730629061650982,7.776933251430631,7.776404968123784,303372.0147308938
2020-07-31,7.505898979924623,7.507384085533885,7.480156451065201,7.50503581776216,7.5034175289811875,417292.024301745
2020-08-03,7.5550586262038255,7.579439389231524,7.53963405396518,7.553317049330214,7.551170271693969,254538.51951305743
2020-08-04,7.3117521851384275,7.32905440168073,7.281649368585826,7.319254561648334,7.320765038551616,637048.8195104426
2020-08-05,7.325243811391849,7.388075848069095,7.319114162848658,7.331583943871903,7.330913910072669,257391.72817737164
2020-08-06,7.47163594359533,7.478460004374696,7.455821829435516,7.475071341789312,7.474683941275435,1006033.5564917594
2020-08-07,7.222962880961525,7.249558162173831,7.125510916687832,7.227735866912204,7.22799013000427,165606.78838511207
2020-08-10,6.982550631309752,6.98958893033429,6.986896526137198,6.989264171836191,6.989558236790841,183037.87591419517
2020-08-11,6.9334459378673285,6.963261164954727,6.927278797121297,6.927619761057881,6.925445361235085,321770.6524111726
2020-08-12,6.941994395065664,6.946881901332737,6.92049319795444,6.935932027149421,6.9347761407170205,311983.0842379067
2020-08-13,6.856036616754011,6.919396340672374,6.833638261383168,6.848337258608757,6.848656556656568,142794.90391662813
2020-08-14,6.825873170316815,6.853869195919699,6.766241788507752,6.830722145175977,6.829360851000253,315727.2500638415
2020-08-17,6.8158666786276365,6.86215245037778,6.802362395246751,6.817944570953722,6.817944570953722,134430.49030414797
2020-08-18,7.049609045715532,7.06015625615684,7.051559979125266,7.05176869793901,7.049881603217851,212091.09610832043
2020-08-19,6.988209111743091,7.023152674605262,6.943486319593338,6.987483064685243,6.985564725188051,143757.49941068192
2020-08-20,6.843590994736597,6.87341421313539,6.782242170859694,6.853417503933444,6.851288415883596,103274.79933680456
2020-08-21,7.000826504562103,7.010091195559126,6.970280427082441,7.005872348288603,7.006148880659709,152664.9787425651
2020-08-24,6.990667103984021,7.037118994190966,6.978526351216745,6.998632708176171,7.001179922162981,127560.59813165688
2020-08-25,7.100528395753529,7.105420011408591,7.086724067352875,7.102689344759066,7.102648735555941,401143.6725061238
2020-08-26,7.289284507907932,7.307521224911164,7.266934321621936,7.290899323785416,7.290009834789113,659011.4192546189
2020-08-27,7.285247582258063,7.349020041826544,7.230624776750923,7.2716768287884435,7.276732058589476,190340.02890013065
2020-08-28,7.334015938857833,7.392922038452271,7.30670766094134,7.340780698918831,7.337895794241663,229433.5694239363
2020-08-31,7.364927831611909,7.424003162172164,7.312440058880163,7.364770639705219,7.366935654540438,156182.87000418306
2020-09-01,7.451299564185028,7.4782225132760995,7.414334765070738,7.452964788899585,7.454540694637224,199453.14497543828
2020-09-02,7.491571246113271,7.48993942894104,7.454014261694148,7.4776582364677,7.478467368452662,113642.26463463204
2020-09-03,7.602415697980535,7.611697670288711,7.606019757970754,7.608321673735695,7.606798586832966,124785.38388726424
2020-09-04,7.579300912194645,7.633540103667742,7.553996411833219,7.579917350506955,7.578261055405109,407791.62641276856
2020-09-07,7.5041060004688545,7.56343551234499,7.493489535742333,7.509504623425432,7.508967629359364,827108.1272314328
2020-09-08,7.76998857159664,7.811139862563917,7.721317818782247,7.774708242238418,7.773152443361285,311129.7117103888
2020-09-09,7.758160939406821,7.771782325167574,7.718971403903999,7.75437223513527,7.750303022410667,221765.16450091032
2020-09-10,7.770180507624571,7.777593475099967,7.738560549482109,7.773550974590813,7.772204300594074,510049.4190326821
2020-09-11,7.677978686417552,7.715947328622425,7.646766064633871,7.68011813738382,7.678641442035567,293269.6057445763
2020-09-14,7.795929383356494,7.846658830396024,7.719442273626735,7.795711000806926,7.79204302490068,175471.60423798783
2020-09-15,7.84086268656446,7.83369705598191,7.808774822946264,7.831934268984483,7.830312928122741,307916.3101113088
2020-09-16,8.018524638550472,8.070989820971015,8.014590776314531,8.021944435388992,8.022926036137498,1194713.0877211762
2020-09-17,8.138991055992864,8.169817381034477,8.101404257209158,8.149416088154169,8.150503393684277,310148.68505110126
2020-09-18,8.087841197716623,8.086554655833293,8.060827488574398,8.07857975799354,8.080734201586347,79564.21063301754
2020-09-21,8.19231735047056,8.183119799590873,8.107433601197666,8.17887565254082,8.17409130978757,299570.0756517013
2020-09-22,8.08228869105837,8.09713940239071,8.062305254052822,8.08449942545525,8.086670715340512,341434.34514963283
2020-09-23,8.12335297786047,8.13880100968131,8.07717384659768,8.121133111093096,8.119563823625302,640464.6890240549
2020-09-24,8.1961232560266,8.22159908993634,8.191254813646923,8.201471400501063,8.20268129808341,277974.1033146064
2020-09-25,8.561095671089163,8.602492696227317,8.554898370233674,8.561626804313777,8.563015797988239,177760.26061236375
2020-09-28,8.630899031513055,8.638421020051869,8.581409980917865,8.621104565149698,8.62186422989608,192413.55489016065
2020-09-29,8.804968161770237,8.837837457355644,8.754403402670901,8.806805257345811,8.804541399297413,153485.49552979955
2020-09-30,8.887809551264326,8.90359418139667,8.870460507072204,8.884030495716084,8.881183485976663,178734.52228085638
2020-10-01,8.822246071076723,8.830343687776189,8.788375607995913,8.829182746102276,8.829697392667203,113048.00745919828
2020-10-02,9.041242592924158,9.060628411693438,9.02658830423591,9.035842236362742,9.036751936435833,222939.1404986462
2020-10-05,8.895624854724087,8.91962153337989,8.832976773923319,8.883034293659776,8.887479735800953,456354.6590802739
2020-10-06,8.805275718788236,8.874075263733925,8.749197016373289,8.803237012668095,8.804818720225652,240914.42534417228
2020-10-07,8.737186001078816,8.772949368746536,8.68043243272772,8.735548238489134,8.738011173224285,81596.9330891923
2020-10-08,8.720563003957956,8.779155666980452,8.703445203967869,8.713805618674604,8.714501725988598,318076.34369313123
2020-10-09,8.824745057818912,8.8360240372418,8.7972486193462,8.816668855994505,8.815947274951622,436157.1440213893
2020-10-12,8.869054566475258,8.89311830824261,8.869307854276464,8.871489405621887,8.872483122237366,686949.6261738007
2020-10-13,8.897982857498198,8.960360620328954,8.855291673815476,8.888056901668465,8.891483759596813,481402.58993919817
2020-10-14,9.142794161248457,9.175628112066349,9.136641257186898,9.145005292331616,9.14674204218652,213632.49140069945
2020-10-15,9.294089115232795,9.38175871660465,9.28185570286753,9.292139723180806,9.288625529144385,207308.0033806461
2020-10-16,9.360315991411174,9.467512221543393,9.368844377153222,9.377494134347248,9.377914254342269,515691.9529249783
2020-10-19,9.288448953414306,9.3251508248534,9.296344731405055,9.30273964012562,9.302662534424227,98149.32477403308
2020-10-20,9.21226007360294,9.251187069938638,9.164044903014172,9.228593283381256,9.23086524603622,311969.861960519
2020-10-21,8.951177699180546,8.993147266800612,8.949680600073314,8.951723915310827,8.95161912801143,310432.73988294386
2020-10-22,9.253619624931344,9.262928368393183,9.209332840853415,9.258464220885536,9.260431497380685,602430.3981364241
2020-10-23,8.943491170664913,8.966297192708984,8.85444030176694,8.945918026900053,8.950032628978022,197202.1597774237
2020-10-26,9.177881312113636,9.23198663225807,9.139206597788816,9.161745375944244,9.1587942996819,268546.20813977404
2020-10-27,8.971655817363985,9.004905563666272,8.94358792961502,8.974025062214885,8.973140767597572,160753.59933721487
2020-10-28,8.85360823407971,8.897784741330158,8.845971637923785,8.855528174296706,8.850464110799784,188490.9275047488
2020-10-29,8.664703686303675,8.66547984917363,8.65002501485629,8.662566797999936,8.663558197473256,277626.4593518829
2020-10-30,8.890222257814303,8.943065848761771,8.89373111682367,8.89792679214372,8.89937813484973,238280.25583507065
2020-11-02,8.793037082503632,8.86849982433574,8.708629343622414,8.787279803063862,8.790027864482692,523818.5536609883
2020-11-03,8.734937273611681,8.810132761585042,8.727163025005119,8.730686089054986,8.729473330628512,471946.488553505
2020-11-04,8.754086754334226,8.779894452296162,8.701999621401871,8.755582164662444,8.755094753101801,320496.0090656833
2020-11-05,8.813470362644264,8.820734985088048,8.785012331313785,8.80306725542136,8.802930723173263,179818.90383322965
2020-11-06,8.855537338219152,8.871781553453072,8.849396662692174,8.863022225360002,8.862447899962385,257253.83189157976
2020-11-09,8.792785810011475,8.822248741399791,8.791752173237153,8.793339179501439,8.791147345936947,235142.4994423045
2020-11-10,9.128095425664691,9.205551596681696,9.095218871035629,9.12584564747158,9.123436874057518,294020.04271682736
2020-11-11,9.218180922577584,9.267385566513289,9.202776770497968,9.222124806509996,9.220105968130069,494821.1835958618
2020-11-12,9.209011273404869,9.212078844308015,9.146932934763694,9.196617052938354,9.194434484055911,135772.42410401077
2020-11-13,9.170010325501202,9.22665090981716,9.168713465388295,9.176856699486484,9.174709679936242,383709.1828221498
2020-11-16,9.229167729936126,9.305551803738991,9.195170516336246,9.230480899891218,9.232212316485866,995929.2564466574
2020-11-17,9.455934537404108,9.487503688969964,9.435866664565424,9.447733075153147,9.446140662332027,134279.54023981956
2020-11-18,9.26837539120401,9.28274642260286,9.275706636949124,9.279134700753644,9.277781889705178,533767.8183137274
2020-11-19,9.458695299908191,9.502746432128696,9.365975275790108,9.452972652506274,9.45294612794174,191827.4146522052
2020-11-20,9.532641715951833,9.580423823522873,9.53626741905956,9.553199784918425,9.551907276272678,194002.4292773165
2020-11-23,9.57351041875831,9.61685591015218,9.487906567797646,9.571499817228592,9.571624363233,250535.10022595967
2020-11-24,9.5503589702597,9.601695357865012,9.525698430095805,9.54392971844515,9.545523911578805,224420.74952259567
2020-11-25,9.421852131716005,9.469363553728629,9.360087971574409,9.41105823698858,9.416552060123616,129014.24921885092
2020-11-26,9.354789963876774,9.377240237184996,9.285794055056474,9.348303516476465,9.34643649202078,136152.80554963014
2020-11-27,9.157888606391587,9.173191619449362,9.142946113991712,9.165759060190515,9.1661475973827,385996.5311492197
2020-11-30,9.149771695551932,9.16390613964205,9.137048241835824,9.16025745359534,9.163500557817525,307082.4574770113
2020-12-01,8.970158413909154,8.988887230248494,8.961767287322946,8.969934186536118,8.964365252949289,152124.71306772003
2020-12-02,8.990620290841187,9.02305254009568,8.972228621060557,9.005997144417815,9.00642352147079,164534.62500023577
2020-12-03,8.817866888962559,8.836091754025004,8.770552633106286,8.810616898854374,8.80917257026431,207532.2053685013
2020-12-04,8.774205375776882,8.793110701139959,8.721603263370334,8.760987923266226,8.761967987595579,290280.7758000647
2020-12-07,8.90732028458978,9.014215287018525,8.874747459465443,8.910733777336212,8.906241382295443,439764.89522625913
2020-12-08,8.99476696496792,9.00021879299158,8.928336354484037,8.988348415345795,8.986753980159255,495896.1074553107
2020-12-09,8.932538995193783,8.936386186613852,8.908397206616138,8.914297374720132,8.913238830682516,139809.89918997965
2020-12-10,8.89356194085209,8.929384539594913,8.831849759136691,8.9038982781563,8.899184290618834,347115.7250965939
2020-12-11,9.080643672977976,9.141815781872245,9.08332787895497,9.09652406067028,9.094135040809466,168496.95819199432
2020-12-14,9.146094867371469,9.19312375478944,9.103923250737411,9.142012342534288,9.142650355248676,259125.5196910338
2020-12-15,9.079785083775626,9.092382248061307,9.054018070160987,9.060807014043656,9.059766331621612,163466.43781691766
2020-12-16,8.987946093806565,8.997045131797481,8.96103980398678,8.978320207651942,8.980300469325302,236436.77506657245
2020-12-17,8.980787891989126,9.031505780777543,8.966436742121655,8.982420360272979,8.981298826812932,406398.19761994254
2020-12-18,9.101393124561616,9.125619481551126,9.07781925424644,9.105530988372784,9.107403127236616,210397.55316042207
2020-12-21,9.364966939510524,9.380866190034569,9.35829855790725,9.364355159865108,9.366976272476316,400308.8014190898
2020-12-22,9.22416968126195,9.26703046388964,9.216361298302774,9.21712367940598,9.217675089772037,216547.7350561896
2020-12-23,9.104874496120354,9.167814625401958,9.061439764914134,9.109544449589066,9.10623858806684,744923.2630315465
2020-12-24,9.266384711003324,9.296589140745674,9.232205911288258,9.277650541793571,9.280711834466508,495125.43903865264
2020-12-25,8.90210353652515,8.938913353928339,8.863444766795634,8.898293972274203,8.896549172597208,332803.8644380824
2020-12-28,8.796830576502845,8.837990448946945,8.788567678460252,8.80725545528493,8.808261316857152,227652.7407978864
2020-12-29,8.96372872055833,8.972207695233742,8.954799813401296,8.96952062779688,8.970181383296541,295083.1198058927
2020-12-30,8.679207132104835,8.7281021010573,8.670492149682515,8.698426094531833,8.697044836561863,475008.9186423191
2020-12-31,8.878777860426672,8.869036527569222,8.831610184963488,8.860508681459613,8.85795352826484,87940.93857846926
2021-01-01,9.210597378580731,9.202277145587022,9.167985026804375,9.193729646590922,9.192595614784024,92704.10995432278
2021-01-04,9.328744140110398,9.390146341457582,9.310449210467098,9.32327051069278,9.323191297769824,210339.4193662289
2021-01-05,9.414694922191682,9.416292197195627,9.385018079267052,9.405022641861084,9.403664587477447,326113.02072985994
2021-01-06,9.378809419891857,9.43251051084929,9.350742738841964,9.384003144651524,9.38105568612835,340201.0985890666
2021-01-07,9.069535776048916,9.082487223331098,9.053296947735506,9.069405013344149,9.069744221230096,232453.7460305624
2021-01-08,8.984405321953343,9.041889576754862,8.918881400202208,8.985100793012762,8.982494331193424,578843.5495727779
2021-01-11,9.17369107299216,9.215394973723845,9.150285110436965,9.171908634644238,9.168563346728432,160378.33555619535
2021-01-12,9.194826009901602,9.240881161235906,9.146702695508091,9.1966814932964,9.199513270767492,511983.73519585415
2021-01-13,9.08526858543186,9.156486057123118,9.051808826446983,9.080843231923067,9.080238435076122,310937.0015709027
2021-01-14,9.282883938583126,9.356552876579936,9.277003475776226,9.289056231603915,9.288631060859728,492631.2582031214
2021-01-15,9.398592245761904,9.405882344664,9.363718979052637,9.403627578532308,9.39710409738093,304396.38730717904
2021-01-18,9.40363816214134,9.452692987414242,9.389740113232182,9.402185993670743,9.403273585158471,220367.94421768328
2021-01-19,9.488731311857263,9.512629240293938,9.444033109560555,9.472513252778032,9.47403375180216,385603.97008335456
2021-01-20,9.397145074929137,9.414316985756368,9.363655955004877,9.406187614358952,9.405649045852458,154485.97843638752
2021-01-21,9.27231501918012,9.315707454458694,9.171177138973691,9.270210681055524,9.27033069305301,516376.7147836507
2021-01-22,9.259113590566876,9.310378744344668,9.253243053823372,9.273443677614424,9.276457960464066,1065038.9191801236
2021-01-25,9.290119273611372,9.407044250012373,9.238117955872433,9.296409101451294,9.29898785153858,146036.08888582152
2021-01-26,9.477160258729546,9.494299511937172,9.462191714677909,9.487228236233594,9.485654104485077,351019.1119236795
2021-01-27,9.427559233331122,9.447316066179196,9.424474604992808,9.42666421569727,9.430399563631624,558866.0858070466
2021-01-28,9.534958269098832,9.569668553920202,9.505381158749358,9.544680078644102,9.544746803461267,102029.56281646305
2021-01-29,9.544025745874434,9.53427861252919,9.463030394349676,9.530868294280516,9.524451623440015,0.0
2021-02-01,9.64392519252427,9.67915696961796,9.638586842961413,9.653267426383644,9.654680911042853,339026.0694822082
2021-02-02,9.596420987945391,9.750496252710422,9.583274484916576,9.605709927078152,9.60744290422097,338150.1638241475
2021-02-03,9.56187802195472,9.59559867792436,9.559786506351456,9.56365423454344,9.562306125878292,164397.8704907252
2021-02-04,9.894223065308438,9.907005978243513,9.830710090921745,9.87308443190378,9.879049008103374,545386.3083209131
2021-02-05,10.043480280118224,10.125439170379387,9.983687364422366,10.039309605408643,10.040488908282562,298764.5134258717
2021-02-08,9.893888396425591,9.928136303725976,9.821924825383435,9.874404839838334,9.873998838184956,251670.10198287148
2021-02-09,9.903063356368882,9.988332852394588,9.860213062292138,9.90340806073088,9.90440813769104,523735.51798314496
2021-02-10,10.019458791421394,10.034315450501932,9.94480843257951,10.015782379930451,10.017283063919791,301189.9341617831
2021-02-11,10.00988499260653,10.078696387198075,10.00752693092641,10.015286282632385,10.016083532997014,444506.2580253516
2021-02-12,10.095068393908065,10.107517839062208,10.053522812129174,10.09764422435766,10.097944318598469,601234.2762479623
2021-02-15,10.131980586320836,10.18378839744122,10.098526106463783,10.117444449604772,10.115035685192112,179823.7170071995
2021-02-16,9.92217714960444,9.913913462956916,9.82061038909396,9.90628765099696,9.90530810965898,357359.1649209697
2021-02-17,9.7355999137544,9.766643100913956,9.705458028967907,9.743163587308835,9.74447579322523,267174.2241662125
2021-02-18,9.80408061149218,9.907040579470069,9.733671627185458,9.801304910905454,9.800693819807655,429118.3970563937
2021-02-19,9.641962780944636,9.678832694731348,9.58202468221071,9.63919750726333,9.639133063835336,276307.8445009215
2021-02-22,9.712972127248795,9.743462433748272,9.568437456569626,9.717796254847244,9.711763647517502,235233.0784537071
2021-02-23,9.651676744812445,9.648678015278062,9.58422213252103,9.64356424909699,9.64273690146498,310845.24118384405
2021-02-24,10.14456196791738,10.174961775982172,10.134320062787896,10.135067185973208,10.132955911900382,519285.2815473063
2021-02-25,10.517995067391322,10.5815320343773,10.49294325881401,10.5209037178402,10.5219288792358,146705.5452191508
2021-02-26,10.455832442002166,10.52596088939871,10.428597381138038,10.440231062592751,10.441794846050108,292823.2691057283
2021-03-01,10.46499332216472,10.505080592333115,10.453758883000146,10.466040701510924,10.466092138663235,152307.9990185395
2021-03-02,10.79079873997613,10.793863363415806,10.763499789737583,10.780936765332854,10.785017260498426,525794.5622667446
2021-03-03,10.757117996988418,10.766607063945523,10.745144094689865,10.749297957152624,10.747540350086176,305984.5718512751
2021-03-04,10.544571247325925,10.60614808976004,10.482829661890277,10.55775570278984,10.560898019337465,262927.3155969591
2021-03-05,10.931177144265122,10.939975678771756,10.885336713082433,10.905311478753196,10.90932258540065,271584.92016035493
2021-03-08,10.691709065282549,10.733972968905372,10.634570147436415,10.68525241785206,10.685211072643886,680350.7862294869
2021-03-09,10.339281873034446,10.343228841006392,10.332763342600172,10.337991115803442,10.33396520712541,511399.6372005578
2021-03-10,10.17390436946504,10.191292986781312,10.151061777581884,10.169533392980917,10.17043590169034,201885.0380552149
2021-03-11,10.222927708667063,10.221570524402926,10.17350559448692,10.207432043368616,10.205351126124146,210583.76335329583
2021-03-12,10.553756954128868,10.578461762245285,10.46770015319693,10.557004079924344,10.55554606544724,325234.1433885982
2021-03-15,10.6131471771159,10.707547182482902,10.624131527454995,10.627272253415022,10.62396082852136,88785.90278863534
2021-03-16,10.734841362062529,10.744274464334836,10.6755990928098,10.712361019065758,10.711641996339456,104973.71895984
2021-03-17,10.762304421854296,10.751209343868528,10.687691174143822,10.750150937632958,10.75699648394371,296968.2251991832
2021-03-18,10.75041617442415,10.838145630918293,10.767708648793986,10.782345390461296,10.777976633970916,547529.4493501142
2021-03-19,11.13169193413923,11.13605566852892,11.073287108595425,11.120308891602315,11.120301955573698,515330.2169112469
2021-03-22,11.07521981795738,11.112128934454049,11.001530274729856,11.048835393727916,11.04997070574419,353997.1581713546
2021-03-23,11.100577591246156,11.226519286911651,11.10560674161398,11.115312195461678,11.113970615134615,186700.63094309132
2021-03-24,10.924536575611794,11.029321794514196,10.879325115913351,10.932426555345057,10.932910927630058,309026.8896927969
2021-03-25,10.886097797644224,10.979095629001252,10.858783512172142,10.884297875555358,10.88296406063817,345846.82251727383
2021-03-26,10.754046383813323,10.796145061936604,10.71115935385406,10.747373611341846,10.748761721140111,331615.4829048267
2021-03-29,10.606413619988508,10.65035206833952,10.55318987627953,10.617360636965737,10.614376178737686,400176.77070562873
2021-03-30,10.475302600522454,10.4865545197676,10.464210014167396,10.472131152157548,10.474443353848224,242485.12702615943
2021-03-31,10.196572988136136,10.203043420726036,10.160925070845176,10.191377492365609,10.18760930128614,294302.7347420476
2021-04-01,9.897459595989456,9.964932095260291,9.87938327237246,9.897968921042493,9.904891036195144,94760.91260913522
2021-04-02,9.65271705493159,9.761192944444808,9.652584347508464,9.66038303374853,9.661141938833085,195253.38740275265
2021-04-05,9.257298886365607,9.323027678997695,9.25748537297746,9.26660433697325,9.265464623465402,177611.70901832296
2021-04-06,9.418255367476458,9.497412266010226,9.388966058541945,9.427535573411406,9.42853578615334,330289.1198420674
2021-04-07,9.307336016276295,9.377889822047043,9.291361742103408,9.327942680228723,9.328991239262855,275631.7051902759
2021-04-08,9.290603896299404,9.299340042927144,9.253939400081086,9.277816123658004,9.2785802370545,211109.2533543551
2021-04-09,9.15717940094407,9.25038949820552,9.14469146332922,9.176654848685573,9.173460112442196,160907.16737055613
2021-04-12,9.28498884973926,9.36578957989452,9.287057177217532,9.287731391648364,9.288088598298398,288832.4095571299
2021-04-13,9.199637265147226,9.250529118911547,9.156361073025792,9.200524822998757,9.198841262251568,295190.75459906505
2021-04-14,9.32081429147091,9.384433614800033,9.299734003017107,9.31505179718947,9.315824460828916,453582.5553221229
2021-04-15,9.495044779792371,9.498495389144017,9.428663603718588,9.489915043002418,9.487830281197876,440955.4023841148
2021-04-16,9.576210323596642,9.61377994546334,9.55843155955422,9.578954004127526,9.581677212932949,401466.0790337348
2021-04-19,9.790504748935442,9.825883818440236,9.723551665290776,9.792021330364593,9.793725626464422,376950.9945626161
2021-04-20,9.63827853498451,9.708427699414608,9.645499632915367,9.648822972995056,9.64615185695468,323670.5714052215
2021-04-21,9.401742041079917,9.40649177198726,9.372736412517792,9.395244450731116,9.398065190868127,231750.11042887552
2021-04-22,9.389613957287525,9.465158685692474,9.386333288713503,9.40221751274615,9.405913373321384,136021.06531106535
2021-04-23,9.488525425468126,9.501299181219087,9.439602920677796,9.494032236524603,9.490931764537168,134660.54633033872
2021-04-26,9.539040842743807,9.566484244705984,9.425504999314969,9.539289413351822,9.541474279974445,125272.88737415452
2021-04-27,9.338231606680417,9.459105292454042,9.246122997344935,9.332412140408234,9.33308723672931,215263.0632689756
2021-04-28,9.24586703145964,9.345783277978557,9.24492029052831,9.25552882116838,9.25555816895904,153076.72529402218
2021-04-29,9.23105943412784,9.21614860669437,9.200019346580165,9.214591882769078,9.20925684065048,637704.807525402
2021-04-30,9.432711374295176,9.501751191500317,9.404762739472506,9.437638356078562,9.440042568262042,688093.3548945707
2021-05-03,9.582895868009487,9.595391345782302,9.478475751827492,9.587557000557757,9.588507193020966,449588.3166767681
2021-05-04,9.552305356659357,9.603539784958086,9.518686512037286,9.559343413803866,9.558231738890434,255937.86320289728
2021-05-05,9.458823109924367,9.472986714413013,9.436717990199485,9.468957818001288,9.468285735192987,325765.64002261724
2021-05-06,9.392768960227908,9.495915744818388,9.388278581387697,9.392174539254952,9.395557640768487,176615.39598606192
2021-05-07,9.36251401731677,9.41042994319547,9.311328559343512,9.366925246892436,9.36708300603535,187310.21534137093
2021-05-10,9.368908317329703,9.39983318516349,9.359435933582033,9.368972464958832,9.369450918286024,554996.9572665761
2021-05-11,9.435405178994708,9.47207161494393,9.36903837603512,9.435990023632757,9.43910778101123,774734.9114140192
2021-05-12,9.429819511728027,9.492961480145514,9.434488493228208,9.438128458169118,9.442600028562577,364277.3311661108
2021-05-13,9.500617506556605,9.496588052174944,9.440927447966288,9.492969573404416,9.492415857239475,523580.2034350738
2021-05-14,9.593661298164912,9.64782853461698,9.554840342457956,9.59970867147174,9.599487855818454,115658.58647178626
2021-05-17,9.91748672901898,9.919716175330214,9.899834331984191,9.906578977230298,9.907461670285652,270032.3827472132
2021-05-18,10.173644004098463,10.194940113379818,10.15411706786426,10.16188000133536,10.160842213651632,147960.92654328435
2021-05-19,9.979471895505725,10.010603235185524,9.96457000678861,9.969841876124216,9.97464157113888,176844.76169939706
2021-05-20,10.017354120554836,10.086750922562688,10.005373018396044,10.03818844435296,10.038266865689524,254332.54911225452
2021-05-21,9.882861065953946,9.898232341027027,9.872208281564715,9.87732040659738,9.874998904002434,294698.8872892912
2021-05-24,9.829342665330142,9.89127063950474,9.79449626292766,9.841313250154789,9.839249024600552,391153.0409020456
2021-05-25,9.799731846794076,9.869756240701012,9.769151979047043,9.7958139605996,9.795113396159008,279463.96403404034
2021-05-26,9.671177857558424,9.67292338253863,9.645746077138948,9.660737324583518,9.657830016792614,299967.40140054264
2021-05-27,9.55188822812412,9.558035578050816,9.54637465346644,9.554607633533392,9.556215596775669,213550.39725087504
2021-05-28,9.761430383693456,9.86567595490838,9.765348069748793,9.781880260234468,9.785471898575794,326604.8926927004
2021-05-31,9.861447171611246,9.9314348752034,9.848786847541197,9.867051059789718,9.868682478032952,178719.15145133602
2021-06-01,9.63453043939438,9.647185850045394,9.514306942777138,9.628524430212773,9.625582579209905,270474.678168678
2021-06-02,9.608770718002178,9.654631045388935,9.575342262144556,9.609242242415371,9.60995204202594,566615.2047278814
2021-06-03,9.51952748345826,9.590336148412554,9.477865709834976,9.532112351371852,9.53210540412138,126722.55990910552
2021-06-04,9.529296297790944,9.535330543777924,9.522952093874396,9.534149347331804,9.536896562837452,184718.8541669844
2021-06-07,9.246077293043031,9.257522289505246,9.242192544067944,9.251307854095996,9.249615856533852,253137.655015393
2021-06-08,9.219533461264655,9.276402214320369,9.18699812864049,9.23656972077094,9.234005965076513,421514.5907937095
2021-06-09,9.237912174160885,9.348102561120609,9.199142373988424,9.236787893895874,9.233819275214064,156003.08225668015
2021-06-10,9.278904567011605,9.33862107026149,9.22952868409628,9.267745150286492,9.268160358128585,152456.31203886226
2021-06-11,9.34716228001507,9.437369188645508,9.318327982124243,9.344253186012462,9.345350598534838,171639.21571281337
2021-06-14,9.138180985520489,9.195444815992246,9.135042034184758,9.138669683871148,9.14355107924603,196508.9325886952
2021-06-15,9.043344620581683,9.084506995568656,9.018289776716792,9.047980134514594,9.046008320106395,113849.41255144918
2021-06-16,9.040209700579336,9.099753134838483,9.027145252402514,9.04973725738393,9.046419968786642,280729.61432695616
2021-06-17,8.660269532691864,8.66361867414784,8.638011118111317,8.656797165621903,8.65108477599046,82546.28395743956
2021-06-18,8.592630807283676,8.610539175443517,8.541867359610865,8.602086623814877,8.600923093500075,318034.3499981849
2021-06-21,8.555711184743938,8.607774367551752,8.530402374223119,8.570908570510044,8.573940574315875,346689.3587489243
2021-06-22,8.352400581532786,8.349593814150293,8.291897527274951,8.344979564503358,8.342280340138643,207612.13149470047
2021-06-23,8.26761071651101,8.305209583020828,8.266602992509773,8.282459237447124,8.284170103343909,342608.3847010376
2021-06-24,8.449036719697254,8.483079296325046,8.388369561644863,8.454837909805962,8.453143100207447,37988.03670960097
2021-06-25,8.232233651534717,8.33683865042352,8.180403394115752,8.23453942826874,8.238405451951104,811690.0646829517
2021-06-28,8.088799855512267,8.105940452681603,8.02782028862717,8.087678874037104,8.089200876569286,715964.807450851
2021-06-29,7.926424434436494,7.949457055731186,7.896986013186001,7.935668085277933,7.934654362921611,229045.61226221285
2021-06-30,7.986357084864451,7.993991576663034,7.94794240204795,7.986326405371416,7.985423172064161,163103.0759388898
2021-07-01,8.258410232732375,8.333277156270796,8.14466658353577,8.260012946431061,8.261335102232643,148833.71914590744
2021-07-02,8.28862174876172,8.358017068499214,8.259112701033844,8.290781401706575,8.290321550390146,324948.5633086525
2021-07-05,8.150606095387527,8.177868004129323,8.075503302304552,8.145082574162107,8.147478335074739,332775.2878719476
2021-07-06,7.968080034522108,8.024984184376196,7.945630490300138,7.980678713746905,7.97912030534098,399891.54502483393
2021-07-07,7.969168381886271,8.03245689851136,7.889208496129795,7.973501287413631,7.974695414951424,297645.6928894984
2021-07-08,7.829285512437954,7.88354483559489,7.745971240441973,7.83138758303201,7.828004777788827,103862.18657804553
2021-07-09,7.87964331834143,7.881602305281684,7.853003992388666,7.877054929690598,7.879120732158114,193179.381420018
2021-07-12,7.740054411313829,7.86991339063854,7.72148568841509,7.7610439143860255,7.759498063139095,279361.069106619
2021-07-13,7.729131942359913,7.752976240661763,7.737581746309805,7.741008245828134,7.741612472289638,557970.8444581188
2021-07-14,7.733252798562758,7.754805267418522,7.602582694092428,7.724716989584166,7.72343778183098,296868.93670568854
2021-07-15,7.751882493451917,7.821432469093181,7.725613502542474,7.743182007857023,7.742882058163287,113965.19586379864
2021-07-16,7.633678354639438,7.671614200554906,7.573513274121549,7.646045707194955,7.647678612470679,224585.4211460297
2021-07-19,7.868123535501589,7.934343344092063,7.8349426191683005,7.8638913270053665,7.859521785149456,200430.46880130505
2021-07-20,7.743155762152334,7.823405913319865,7.729440176037875,7.743539505603583,7.741498951267032,246200.32503759503
2021-07-21,7.721120789186006,7.73010900420255,7.674010074114026,7.720330976635006,7.720553327218202,225427.34380075376
2021-07-22,7.76266460881602,7.786766811845102,7.774524160375597,7.777310346651908,7.778284827141033,236284.3185613586
2021-07-23,7.81127418125444,7.817995571375535,7.733040039301058,7.811115860693415,7.814069069471959,254905.7283103082
2021-07-26,7.697338067587699,7.738302333655694,7.7083949541293535,7.709891061316972,7.710915488483524,121238.71569903732
2021-07-27,7.678414681737254,7.714600807385214,7.644945208203654,7.679214272905005,7.677479892007441,577988.4058780976
2021-07-28,7.800202454582143,7.829714434716147,7.742701619350581,7.791545575482134,7.7890576134432195,309723.1487127253
2021-07-29,7.753351154432834,7.788710182595376,7.720829084144118,7.760457969340043,7.761172559098813,350561.1049782286
2021-07-30,7.631535231380713,7.66660645558891,7.607514434731998,7.62779420636425,7.627582220660443,185446.01562442808
2021-08-02,7.686423527841423,7.71001535346748,7.650406586361294,7.685436420096736,7.688385473649162,643105.0743485871
2021-08-03,7.502646996130464,7.503242092315766,7.488443952133012,7.496731867599368,7.4954538397725905,326492.24103314854
2021-08-04,7.357939244274449,7.450297301972162,7.306084168054772,7.363922296249287,7.366578187392535,126673.80656809588
2021-08-05,7.278463035098019,7.300152886863382,7.266032608069216,7.2854151607298,7.286220801173348,127476.95729960164
2021-08-06,7.327152942243518,7.31917800245024,7.306503641518209,7.314670689392607,7.317668919309743,285323.2961693637
2021-08-09,7.242956064499586,7.266003348708036,7.228311686644418,7.255843327811236,7.255085426205727,445485.2546206181
2021-08-10,7.319671096853089,7.35446670398484,7.249224629500614,7.319919036866212,7.321311834303041,399213.4572375912
2021-08-11,7.11453818822529,7.167729327914019,7.083673412903128,7.119442215541215,7.120190971814096,610593.0229521116
2021-08-12,7.151911062749183,7.153279292416599,7.131272996143847,7.145498615679798,7.143944393542804,164849.8816572575
2021-08-13,7.082149118166821,7.119993491195475,7.076823239780519,7.083132180152473,7.086318867427603,496688.524473064
2021-08-16,7.108566501564157,7.100912905229759,7.044983914755947,7.099054166443589,7.099288971530935,587434.7103032424
2021-08-17,7.125447475962408,7.1376734330397085,7.115236829975165,7.129842357197265,7.128777404274321,281988.95239431283
2021-08-18,7.1951024435434245,7.239279826375944,7.191675310329352,7.20897068098073,7.209045023213415,187080.693135988
2021-08-19,7.28524512388478,7.340989072320081,7.280967420000185,7.290994197110611,7.292451739960919,621090.0011097001
2021-08-20,7.420240798455461,7.446191483097706,7.374033093906112,7.416214787609624,7.418546847292194,294948.6763734704
2021-08-23,7.265354921130228,7.329532089336327,7.2613614984259485,7.2742721684886416,7.275723502081413,139633.27133028547
2021-08-24,7.401273060355967,7.411433369783117,7.330059055002917,7.395553776752999,7.394520776517393,863628.4395072093
2021-08-25,7.623762561247721,7.643785071002295,7.5533208140042225,7.619109848403997,7.618913509120151,269642.0589434768
2021-08-26,7.653229065089022,7.655045324694654,7.647494660356098,7.64833234900996,7.645024352078978,729512.587783669
2021-08-27,7.877198330966191,7.889814039007983,7.8608410878135855,7.889638691307662,7.888608567035428,122801.6486364686
2021-08-30,7.85665471168428,7.877327734441436,7.783476740175264,7.853011056800327,7.852644059212401,527166.5276404568
2021-08-31,7.645501006314008,7.65765177809656,7.554464240225743,7.651936617444881,7.654002259746249,265107.4809911963
2021-09-01,7.453152154784728,7.467532186691993,7.401849674899751,7.447451933570109,7.44690255399577,282599.0107746602
2021-09-02,7.302915965015236,7.359718641891654,7.260580546763743,7.308992713235447,7.309656629501523,393687.02213032806
2021-09-03,7.365899429201989,7.381504045785758,7.35918087514823,7.372309872901428,7.370647266267757,216717.66814773623
2021-09-06,7.385260711509547,7.46354313561711,7.354414302598472,7.379999156901047,7.379999156901047,200603.0630212241
2021-09-07,7.564815480893693,7.589478066102425,7.537291506808915,7.5573848147526865,7.55651724375689,309054.9186537174
2021-09-08,7.635022535748272,7.679123374861332,7.627810096479773,7.629925774582096,7.627471285339594,304874.3411778653
2021-09-09,7.410279534664506,7.433676375783501,7.38252667084038,7.408613415302888,7.405900871171167,146128.9130320655
2021-09-10,7.392522095654072,7.4144626794430195,7.317930225361675,7.399576086405425,7.401617424547515,497421.3965793079
2021-09-13,7.362662522463139,7.404028453477652,7.295709028363049,7.361589356560305,7.359939155382047,101444.39756633044
2021-09-14,7.453973353144093,7.470895986433248,7.385476614703576,7.446063330290172,7.44649429600122,284200.31960731064
2021-09-15,7.477318660791916,7.486969527529212,7.439405465864787,7.478753849201971,7.480029849346274,332272.78280408867
2021-09-16,7.301158901528312,7.366631087951797,7.261384535485141,7.30297824944908,7.302729069500391,360738.06880814297
2021-09-17,7.284508397131088,7.310025602571505,7.264904581615447,7.293356868737727,7.294165580354883,555553.9643837725
2021-09-20,7.2000390347321135,7.203871540750537,7.172577272052549,7.198542759794923,7.201609169100487,944072.590367878
2021-09-21,6.975781701193323,6.971017567837977,6.95111700730254,6.970529292000817,6.970512710377465,259272.22371596505
2021-09-22,6.919619726084855,6.934662285441468,6.911182447653911,6.925198345067099,6.926344384098234,245989.96840938844
2021-09-23,6.9878064495914245,7.026334011936121,6.985155932754577,6.986909807095295,6.987396711935302,835533.1944624457
2021-09-24,7.1444956625395415,7.172178809993122,7.091941741508832,7.141553053205998,7.139683797380246,230355.6777485381
2021-09-27,7.1744798561008585,7.2580331121343376,7.15610715538052,7.184229264721401,7.186160057087197,377403.36743462406
2021-09-28,7.353778598449273,7.398386262985382,7.314426823452956,7.358439266119292,7.3584577016806865,170724.66836089623
2021-09-29,7.116994755547286,7.131451578532373,7.040491235380822,7.118157737183823,7.117065190813166,938831.5568225927
2021-09-30,7.138147863755282,7.141751469918783,7.100325627794042,7.124968631383759,7.122845778176686,189637.3918247414
2021-10-01,7.131832370354071,7.154077798174551,7.10960163889286,7.1298247199691405,7.128291528233696,276319.45270382543
2021-10-04,7.124148511624884,7.139223652732959,7.075657965075325,7.123050174762947,7.121494152513903,248217.2787674244
2021-10-05,7.113796288161781,7.144181884948961,7.11042688111174,7.124020953094839,7.125713138857811,374041.1528808637
2021-10-06,7.127589336084985,7.143318134735482,7.112768445321261,7.13552887148414,7.134144727782741,195396.559406667
2021-10-07,7.120446653123148,7.164285686237843,7.114179743101329,7.122903255369779,7.123502855147612,296058.3396496904
2021-10-08,7.032599772344524,7.053876841646471,6.9843185168915785,7.019575240864588,7.0187282962009405,182195.3467549061
2021-10-11,7.1315855911248045,7.199400909662382,7.133563995207587,7.13469267040693,7.133788353694566,159838.22083651647
2021-10-12,7.024598577782975,7.063995740535254,6.980058221331748,7.027056393839596,7.028517472192349,83115.91752689623
2021-10-13,7.131562918553155,7.160265553274768,7.119093273802695,7.131163442954697,7.1320828650539125,474654.0669183879
2021-10-14,7.0523913417734025,7.074193998162999,7.051204256277895,7.062717225370361,7.062904646174225,310205.50108547084
2021-10-15,7.150784997384429,7.203658130077447,7.135077824893498,7.149760025004279,7.151011201540685,448543.41506879695
2021-10-18,6.951387951075608,6.97604519904101,6.896065396520516,6.945339156517722,6.9460749395240216,168256.68245902483
2021-10-19,6.823055417796058,6.845455561911096,6.817667086442342,6.833581399807489,6.834030837892825,386686.9540523269
2021-10-20,6.834688802131137,6.846437523908341,6.805403996096588,6.8396175674270765,6.841181633367429,160272.5042658231
2021-10-21,6.833909145328491,6.848539061944234,6.813861058007483,6.829238950762059,6.829207925624488,168399.61072114966
2021-10-22,6.572403953409048,6.662834647989101,6.539104014701004,6.572194637485961,6.572509358537329,254602.40622215476
2021-10-25,6.648547943784422,6.653491655340475,6.614399859604934,6.641532890912371,6.6411324820917,227557.7750705141
2021-10-26,6.471532791008234,6.490677109668674,6.456331317852564,6.47879209217516,6.475930125907971,180219.9092357891
2021-10-27,6.547669741663007,6.597497746174078,6.491270174280907,6.545323720479917,6.544492284580237,315883.24315898493
2021-10-28,6.540611056114647,6.573091105914728,6.5162168329368,6.542666647514175,6.544868076232331,297516.7408735446
2021-10-29,6.475167599476973,6.480636877323106,6.407936791490546,6.454332841774908,6.451848806694242,392343.620513788
2021-11-01,6.60311570673672,6.6135189294276495,6.578645487888151,6.605399430033958,6.6050670970216645,550941.3341772417
2021-11-02,6.638158868742393,6.647544824625857,6.63786642212084,6.6424762896274485,6.64321910840416,148643.60527828967
2021-11-03,6.8181949842244896,6.842717566360235,6.812281288615663,6.824762788603849,6.823906115140428,148775.6834775259
2021-11-04,6.583788785054829,6.603857327952303,6.568228991712837,6.589761482845111,6.588980280410159,233804.45219865028
2021-11-05,6.600225168944872,6.606678508402036,6.587684051527622,6.593965806413952,6.597041656366413,94347.6233344317
2021-11-08,6.350902813876589,6.38326139559652,6.345930575038072,6.345976576187952,6.343816802648608,332840.7533088884
2021-11-09,6.330786588369001,6.333361135260665,6.322109033286328,6.331112714451122,6.329458034283441,596561.9022024025
2021-11-10,6.458228661728183,6.471664007390965,6.441130375139816,6.453479191163384,6.451761396493437,726176.8511128922
2021-11-11,6.385827540073432,6.393492470597478,6.357637000871548,6.385593265917205,6.384805983989147,240424.63888110005
2021-11-12,6.511362452017141,6.553278019693133,6.495088079631137,6.518727735954016,6.517774919722025,256496.82232153256
2021-11-15,6.377616742690421,6.452305421540745,6.331072350530921,6.377649289767784,6.377002148751784,312727.10273340537
2021-11-16,6.274088259991513,6.323045677712007,6.260237397711586,6.286210222443372,6.286959860542915,540717.0649852792
2021-11-17,6.358230686908147,6.415094437091245,6.349057491239697,6.361252275163051,6.36204120313236,197278.4348329119
2021-11-18,6.331011638736776,6.350340267418612,6.32166976863512,6.3298798779134176,6.330158423235076,1283579.6155709417
2021-11-19,6.331312872429669,6.372050881521728,6.315027773757295,6.3295424032254415,6.330860989969226,127763.08356414211
2021-11-22,6.178565681429405,6.1833796770448455,6.1370232866875885,6.173341341349224,6.17541756793972,69957.17361295188
2021-11-23,6.210577545578735,6.209539100297774,6.171341221163644,6.209124039716257,6.207843518502397,366279.42484440224
2021-11-24,6.023008837617138,6.070094356702006,5.999749565787693,6.030888806080416,6.032668700900703,915250.992146679
2021-11-25,5.9535304104947855,6.040560676956106,5.955044582487963,5.955950608407671,5.954015139125991,393880.79918770207
2021-11-26,6.098692892410077,6.098076812296117,6.055428539269037,6.093184470507908,6.093347467810819,396324.7234887045
2021-11-29,6.027318480436335,6.055377233453732,6.016130424221654,6.030472493103659,6.028782482554747,610587.9400391971
2021-11-30,5.987337529663008,6.002806677461632,5.989270234417744,5.993925067491138,5.993646879597502,240431.8514473904
2021-12-01,6.058064901642646,6.090253262723005,6.057070590094898,6.064648308930328,6.066856529748023,127303.3751204
2021-12-02,6.084405819552603,6.077005359293378,6.042873289118366,6.071821743255825,6.070870959307383,278265.11013023416
2021-12-03,6.159702096182708,6.193906260177738,6.100862268732121,6.153009500446568,6.151820080176571,269552.3001438071
2021-12-06,5.939159066765453,5.970574349357207,5.930855222890956,5.9359213077589965,5.934316302168992,113827.92222169972
2021-12-07,5.893671463706268,5.914322314963516,5.856667860031686,5.886221344844354,5.884643027671189,504316.8535721776
2021-12-08,5.796844888710365,5.805839652694404,5.785092886653811,5.786124580447937,5.786072714708024,272543.0056089961
2021-12-09,5.7218971632870455,5.735708891426548,5.696022908223179,5.717973328217696,5.716969495428543,751534.5408937618
2021-12-10,5.761930798259805,5.8162389686181815,5.748749327733954,5.772610221399452,5.77317516878674,63887.212962182384
2021-12-13,5.798454738157089,5.801089666776606,5.764169737335915,5.794300916965682,5.794648478566104,670612.4332407329
2021-12-14,5.823892829246475,5.821746396649697,5.778511236840603,5.819393393884853,5.8206179623049135,183534.75034896
2021-12-15,5.687569326039671,5.695914806930329,5.67709003897968,5.686581600492478,5.690069632405477,156973.17907546877
2021-12-16,5.772723451461148,5.793881149267469,5.76522416487818,5.766717927730687,5.764881708791619,238088.12808980088
2021-12-17,5.793256756973462,5.820793751289714,5.787153060396671,5.79458101032537,5.79361531499453,2031067.5197752896
2021-12-20,5.741411199110811,5.772822276613781,5.711480268160234,5.73615283823571,5.7367932585560055,461721.7790354157
2021-12-21,5.84267849160801,5.889308839893319,5.830098516167322,5.842367921413996,5.841606190124379,287020.1855526608
2021-12-22,5.8530028181073535,5.851278759721489,5.799122089026521,5.848961326517214,5.847749148452848,160200.44960251066
2021-12-23,5.860250115550867,5.86977890451156,5.824144993489063,5.854445881573363,5.85663983512987,184638.379651197
2021-12-24,5.904886013298284,5.929527656047291,5.867572629998751,5.915785323279522,5.917081068278747,94667.02006343816
2021-12-27,5.808523155329874,5.827158168917645,5.791744562166444,5.804524932891946,5.803449205892374,472873.7877585857
2021-12-28,5.815523154060805,5.84898888165595,5.810323823424152,5.824476385817878,5.823887890319842,162182.95166650764
2021-12-29,5.826256524636218,5.870883971249402,5.805237150587884,5.827625466628519,5.828151769430914,334942.6927177609
2021-12-30,5.746763210103006,5.781851298963576,5.724111551836778,5.739467034145313,5.739277217257417,243493.8336016801
2021-12-31,5.76601076558943,5.795432893315771,5.764203076068629,5.765460990183589,5.766449192384148,272732.4975024303
2022-01-03,5.721355377952522,5.728449874382448,5.711191402413631,5.72768545214894,5.726750348641296,281847.86367096315
2022-01-04,5.830842878295646,5.85353364177963,5.794266264290714,5.835702003111265,5.833913564547282,124789.65276234392
2022-01-05,5.8632476416958,5.863902424382576,5.804779048358918,5.8614471492809646,5.860570700119199,238295.1423802089
2022-01-06,5.771676555234963,5.80099660592734,5.768726160657025,5.781023236885511,5.780802554443276,178534.3589108969
2022-01-07,5.545723177055804,5.565310953886282,5.52213391869078,5.544341728392188,5.545915201787073,448876.2485804763
2022-01-10,5.550460831980414,5.56826674585125,5.528506628789056,5.5472811810878975,5.549496417569181,375833.40964688046
2022-01-11,5.571076684322727,5.584779862775123,5.494266267954452,5.560463926112387,5.560845232745107,391220.2029829445
2022-01-12,5.515383443043379,5.5272464975156606,5.473503514806012,5.511166660584082,5.5112528565667125,456422.0775009673
2022-01-13,5.544441020451881,5.575344308853787,5.526632727960562,5.541995059004892,5.540758402201626,412720.8074529291
2022-01-14,5.537730596596892,5.5726877520206965,5.498410345012776,5.539872454019339,5.538679310525426,373336.7375871702
2022-01-17,5.364605932866724,5.3746662172443616,5.352601500392471,5.364867580719775,5.365106671820866,308369.8926001856
2022-01-18,5.492062822844756,5.500718382632895,5.465145161487279,5.494285580911963,5.495112232697781,191174.8535209713
2022-01-19,5.479415773311391,5.473862390581044,5.462808802318895,5.472905887597998,5.47378177225362,363726.1169716082
2022-01-20,5.5660825201888,5.569608842140636,5.549206917029448,5.56096168365974,5.557693080565211,108964.9109596339
2022-01-21,5.404407609236655,5.423140721121473,5.403712230771582,5.409429978129783,5.409722014553437,160614.6888721104
2022-01-24,5.51758957229711,5.550138702366881,5.478533242539549,5.5139834588914525,5.513626342037032,379944.94796409394
2022-01-25,5.634837257978938,5.668149151772737,5.6102161762358005,5.639284429098521,5.641593074365712,218007.2293607306
2022-01-26,5.514040130133139,5.515700485228313,5.48690621574687,5.507288853316938,5.508229092146848,228965.8715418644
2022-01-27,5.673160534520881,5.698367566026571,5.660576024364968,5.673324644306388,5.671593898591162,538576.1251053389
2022-01-28,5.736777093663674,5.747067580672594,5.741694311263406,5.744243813525547,5.744378442712122,266638.4485683711
2022-01-31,5.767074742786427,5.787209812438603,5.7398215231957925,5.768624774058393,5.769042480065319,111113.6210717342
2022-02-01,5.943705489054864,5.960332912336804,5.921994239382656,5.936097733276775,5.93847631305396,175844.8432087074
2022-02-02,5.885740227206624,5.919138675719828,5.8764972890584914,5.878275882137947,5.877491943834672,538928.2917901147
2022-02-03,5.8110786267167525,5.850047867949478,5.802788477998609,5.808205418498958,5.810436479408368,281773.5104235491
2022-02-04,5.682760201736999,5.711234315075393,5.652430160846513,5.689145511712473,5.690832783577272,242805.68168468945
2022-02-07,5.818947495678743,5.838299215881557,5.7831313182736,5.828559294860599,5.826966660305869,169910.3971441069
2022-02-08,5.910492534620552,5.943298947984808,5.880797793249098,5.907902531971915,5.908626055236919,205009.81571663663
2022-02-09,5.872250307128864,5.885133259073381,5.839999061157966,5.876857139869816,5.877140407707572,403229.9497610557
2022-02-10,5.849311625632796,5.87667349391815,5.85104682059584,5.855106518728959,5.8538146425753785,693718.6348121549
2022-02-11,5.814822957831267,5.839537927187871,5.797164170339388,5.82350776471051,5.823827161807232,62028.74540898272
2022-02-14,5.886556317756591,5.897646617987838,5.859737219173171,5.886133062874631,5.889264043508233,83806.12501998366
2022-02-15,5.740387625912774,5.753670945239248,5.736717215894213,5.746474837317896,5.746015698714428,196095.5241796653
2022-02-16,5.767257678704239,5.786755066878817,5.748994502065808,5.764282927468724,5.76506955716082,114588.6917481418
2022-02-17,5.797895999224799,5.818730184050982,5.786778237359833,5.801755256618276,5.8016815901842,151003.20491365396
2022-02-18,5.894445171127656,5.896207263259068,5.843981857112305,5.875762092718182,5.876477245695096,218727.8149209009
2022-02-21,5.928157175760581,5.951678000906345,5.90951367477439,5.9207870107719485,5.919934624462938,63814.62547530916
2022-02-22,5.864762761564526,5.86091528887393,5.833550259372435,5.856747836165996,5.8556127446373765,1363436.755858336
2022-02-23,5.771668542800001,5.8156139556641335,5.7464671835165895,5.759762379361154,5.760186907455944,261365.49693143772
2022-02-24,5.798158572675247,5.820308587571145,5.800083519175891,5.803190305338385,5.802075413788643,498438.46146358055
2022-02-25,5.870317079287657,5.891263200335492,5.851351994267246,5.867805252233471,5.868437468285144,346444.0960930056
2022-02-28,5.707861640784511,5.711561006296128,5.70012450992279,5.704276590113671,5.703002149389209,198287.32796467212
2022-03-01,5.7646039243827305,5.771661846091428,5.711823742969828,5.768658743097928,5.766955427427892,264287.58143964293
2022-03-02,5.896606154372666,5.926618895892348,5.8876346964901405,5.895256703210745,5.895217243939037,138984.56220150107
2022-03-03,5.92843246449966,5.932399070658511,5.893122290254253,5.922652174807696,5.923943561657439,100368.85871347872
2022-03-04,6.097215960278078,6.123222424770986,6.056703949718325,6.112540990490023,6.111987195408058,442913.77179947344
2022-03-07,5.912383420741625,5.923774432578752,5.897989623027186,5.912997792307389,5.914592422512649,78011.11395471904
2022-03-08,6.071663243959015,6.07231633919713,6.047901023409943,6.069947727911291,6.070912735657302,372167.6714661335
2022-03-09,6.1051116586373935,6.179285517962184,6.086366861293697,6.102129555097678,6.105569808908897,233192.3887001606
2022-03-10,6.147271759862103,6.15460989591879,6.102852451150845,6.15282718959716,6.153745427831059,325202.45497621363
2022-03-11,6.342601063506399,6.35734755200034,6.32653211376014,6.341796234672892,6.341555558393838,698320.20477392
2022-03-14,6.601987576184276,6.627776730534473,6.573099968001654,6.608629162809762,6.610281462480286,297018.2544609242
2022-03-15,6.455425708103075,6.475433500250233,6.420706852422568,6.455855717972947,6.455492280419858,251119.60872347467
2022-03-16,6.429574050680817,6.472453197316784,6.400513977970082,6.436406014278616,6.43552848810072,218557.36516773552
2022-03-17,6.461343900552976,6.490436950182837,6.449783992043559,6.460593955068974,6.458752545007516,300464.4211382448
2022-03-18,6.576650463600308,6.5926400397313865,6.576837797195253,6.587646223411664,6.586575117037632,216010.3944947199
2022-03-21,6.553537248250005,6.60443489088738,6.550700299708288,6.557731277761,6.5557609334235565,248341.85199758952
2022-03-22,6.767110028803998,6.784245902139822,6.725871492036996,6.757897305793653,6.756510075124063,701611.8451783994
2022-03-23,6.697065770593609,6.724323887539959,6.672650747297222,6.692457658456204,6.6929880482007125,323097.2894405393
2022-03-24,6.692543967565949,6.713161598280328,6.686650604922891,6.698602995773202,6.700069015091764,179373.36796250197
2022-03-25,6.831534950621885,6.858122652026166,6.78813939968048,6.823757500039532,6.823370179380841,263542.78755952965
2022-03-28,6.766243167339529,6.777617672437622,6.746530104863344,6.761973807397955,6.761863105746619,345755.9037757922
2022-03-29,6.85425538590097,6.882875450093833,6.759623088072812,6.84985040837056,6.848828091378567,186369.88609383305
2022-03-30,6.9406952371392165,6.945022955236492,6.932790396909067,6.944229311214373,6.94513718330571,565190.7561233215
2022-03-31,7.079526221326057,7.101625378699325,7.067358617671559,7.089518306984703,7.0892894415977805,1040626.72205878
2022-04-01,6.942699548947203,6.954657342749581,6.870962041869247,6.935121853093673,6.933380676970378,281402.1744604192
2022-04-04,7.080378255794175,7.10564875947685,7.050885472853409,7.083060591336834,7.082992100069301,287125.9355051489
2022-04-05,7.086499540941374,7.12890519511781,7.066431612313249,7.077845000393554,7.077556355409959,205453.4182566121
2022-04-06,7.201713175665367,7.251026048591568,7.194080755418199,7.203147230288321,7.204173604713862,213299.94261089733
2022-04-07,6.822163947173359,6.832571360419621,6.8247490470154055,6.828461709999836,6.827457937306525,283479.3939618946
2022-04-08,6.801375544075313,6.847989856640555,6.809710809909407,6.813603714714937,6.8120497636500525,253483.96798421245
2022-04-11,6.8722337629054815,6.919915457577459,6.858722633161274,6.874508591061619,6.874384688027475,263636.3120033544
2022-04-12,6.928615446852137,6.979541537038866,6.890569266803351,6.934924972054754,6.936548285574489,137523.3013213366
2022-04-13,7.007319631214799,7.004802880039095,6.987989710278891,7.000981152571296,7.003213124553434,161794.6751547779
2022-04-14,7.0815546332249095,7.146742104175395,7.061274577287301,7.086590524480267,7.085839829499268,194485.2131355887
2022-04-15,7.255914886352763,7.267691699998216,7.254819333129803,7.258623349422171,7.261757381138566,127345.41197160965
2022-04-18,7.38507924397564,7.409708786351689,7.374826235381854,7.38135410429317,7.377901236235743,136720.54203662716
2022-04-19,7.19201034289404,7.214672407136921,7.152113938355203,7.190761849297688,7.1913056088309535,186572.23460274143
2022-04-20,7.219898139945389,7.238618584126283,7.168906983098998,7.220098188100711,7.221020340456732,242755.31987388383
2022-04-21,7.3214686175864605,7.346080365771946,7.313672104048408,7.317704208798735,7.314035557467754,751810.3667991225
2022-04-22,7.12616729096397,7.184439472942184,7.100957879712449,7.12646471491884,7.125190659963614,249679.87209413687
2022-04-25,7.051176555019796,7.099532928093966,7.005951581997291,7.050131066430586,7.047559499740635,240677.5479247501
2022-04-26,6.897960609332088,6.902588665539316,6.807640148636347,6.901080488471219,6.901990343211147,487611.3341875269
2022-04-27,6.832108021800893,6.8406915772162895,6.8178286540104,6.829244954994307,6.8297814829937975,402870.4285689944
2022-04-28,6.776544266512542,6.781221581231114,6.764378511193638,6.766796720953984,6.771069606534557,128745.02003911827
2022-04-29,6.8678844829871,6.88358590095539,6.858017917710809,6.867387396127148,6.867712026982174,301684.2313063412
2022-05-02,6.883843744942479,6.943440879764456,6.809190239084343,6.876211861312667,6.879468915699147,135398.53518637226
2022-05-03,6.679120264010869,6.699216687512423,6.63670675420385,6.6836020670641645,6.683919207298678,125034.0256733654
2022-05-04,6.592887326148852,6.609107661466707,6.582107465120226,6.590543289730974,6.590400527930584,337387.1271895611
2022-05-05,6.639138685964468,6.682614189678732,6.626841363784987,6.647778315365152,6.648440772380067,322562.1240104877
2022-05-06,6.761187572334585,6.782681475055937,6.753770470952103,6.761068464087336,6.761121925378604,324808.1444179444
2022-05-09,6.660751521525902,6.675960102967454,6.613617771371655,6.656750979746626,6.656193724105504,616914.7183991328
2022-05-10,6.718878392291027,6.727685940663336,6.700730620901698,6.71723416357933,6.716321217986029,355328.3913325671
2022-05-11,6.749410672407802,6.759589729675104,6.745228124355204,6.749993654244222,6.750423936368406,196583.9889284866
2022-05-12,6.895629903005281,6.935854133589733,6.8882203426761865,6.90249499053867,6.902775574657202,151409.1014224652
2022-05-13,6.957295962847355,7.013849412767925,6.96908198537187,6.970151242742245,6.970859381370086,66694.60538151195
2022-05-16,6.851476272145261,6.850642405825663,6.81184191229755,6.848871065918206,6.850042683581974,118969.83150621118
2022-05-17,6.964742515110142,6.971478898276686,6.898938448541915,6.959145768354188,6.95791875008681,344589.518568198
2022-05-18,6.971617976567496,7.0168764906883725,6.927484577465807,6.981017281490147,6.982201089450736,368494.30998848187
2022-05-19,6.842426174126566,6.851071121885592,6.803647337882159,6.839077169412138,6.8407743901299485,231484.88953838727
2022-05-20,6.815732136461829,6.839363340194448,6.78504839360313,6.8111375558568295,6.809460777624068,302851.9049689952
2022-05-23,6.862532056700343,6.865615003518556,6.849857060752561,6.853818492144611,6.855693832244716,644540.6634620556
2022-05-24,6.999554390475653,7.031317264597492,6.97296551023086,6.991415091875749,6.992194395642106,180836.9376419888
2022-05-25,7.176093901731085,7.249779214404386,7.1626279484888284,7.173612263968535,7.17323965860969,362395.069142558
2022-05-26,7.109532467157565,7.124895186721431,7.101202868116084,7.103628414928019,7.102436943288044,455473.0186224646
2022-05-27,7.10501761406373,7.131478159366961,7.073746761496961,7.106207353769426,7.107594005571557,139717.88606546828
2022-05-30,7.076186669626874,7.141017817177057,7.05982554825058,7.078882197521143,7.078210579691299,596397.7170183605
2022-05-31,7.005108558786947,7.011566793099398,6.940782025474883,7.000781634410743,7.001338603344561,132598.89330634373
2022-06-01,6.969882049690868,6.988829462743706,6.932418696370821,6.962629804436245,6.965565067618525,301978.3080920267
2022-06-02,6.998263404372376,7.013602651498297,6.943198565471111,6.998530379197115,6.998703699562083,129815.3767609309
2022-06-03,6.837563482719974,6.879591852483117,6.817363331659257,6.828946744924091,6.831347545503205,428278.332652272
2022-06-06,6.803379123151673,6.842034982195728,6.810486664551107,6.821374682446016,6.821027724044612,292137.02203886583
2022-06-07,6.8105970502381386,6.8358580680358,6.8085694096563,6.815454484064753,6.818305516080772,162730.3805644865
2022-06-08,6.969525933668612,6.983200471117465,6.900463415111113,6.9712469882340615,6.971682508629495,271768.25259005383
2022-06-09,6.960081716031175,6.998720977269596,6.94117699748376,6.953177773868059,6.954577137983168,177336.85533908813
2022-06-10,7.049648196293554,7.070431595235047,7.0116532377355165,7.042122869898155,7.043006410313575,640404.7423549086
2022-06-13,7.1262194707355935,7.150050530542809,7.127551977352487,7.130403684817354,7.130089953457242,182901.6381776772
2022-06-14,7.132890436670506,7.194195223428822,7.102020865745613,7.116474669793594,7.116507537002478,424629.6735730792
2022-06-15,7.074765499514251,7.094495490230001,7.057997040097101,7.072808955223072,7.07382417929102,319869.5316806347
2022-06-16,7.107335492487702,7.137720083732575,7.0450571003797,7.117173198518932,7.116194285273954,127938.71146584708
2022-06-17,7.011471964396387,7.04272045178995,7.022387967463905,7.028100821757177,7.029620414135981,223558.57896239267
2022-06-20,6.850899000560499,6.8562061187786165,6.7635141695416,6.835788674514628,6.833712287263778,212011.4550757396
2022-06-21,7.028193299757224,7.075569797022619,6.965028216464001,7.013792713750165,7.014985172372716,590158.6758418884
2022-06-22,6.91361468649994,6.91155535403607,6.892723643323175,6.908986459195392,6.910267656722858,356563.14926050376
2022-06-23,6.839252232799143,6.861586302174473,6.785060475300064,6.834872555027636,6.834234929052271,241293.0258037312
2022-06-24,6.674963721979573,6.712066989078339,6.677085293999818,6.684829727489525,6.683803649160117,757705.6788905107
2022-06-27,6.726481119465378,6.767286585637801,6.681253685174049,6.727234499519006,6.725854955265394,791936.8610430605
2022-06-28,6.614344185589339,6.638765079860677,6.61495935235432,6.616711190307756,6.615994432881931,294037.3858505238
2022-06-29,6.617595919868976,6.674802815904648,6.568285658294829,6.605802272600724,6.604935911720451,894469.7297959873
2022-06-30,6.596811954304667,6.617560512467983,6.575354402822783,6.596244342582895,6.595206416733833,553181.2223515022
2022-07-01,6.698549186678306,6.717903709080019,6.68638414499793,6.713045653928326,6.712616273866337,390322.6467956294
2022-07-04,6.676836604176681,6.694023876192803,6.636526733216852,6.68711775194082,6.687099281412468,197323.1323932008
2022-07-05,6.621216888603533,6.631100376988624,6.605795027699252,6.623265013987289,6.6224600436149865,55736.46795766117
2022-07-06,6.700092233443942,6.734927157222963,6.704557810616215,6.708273037804206,6.710282079995387,119285.53036798992
2022-07-07,6.825175294765157,6.878307340613775,6.781802688468196,6.826369052930377,6.828677851494644,505966.0105639866
2022-07-08,7.096706838541032,7.133848955387388,7.0380995126320505,7.093125655233171,7.091571606656332,311070.23632124206
2022-07-11,6.872665925676116,6.915550391980509,6.856436338459922,6.876076684528822,6.876361860530655,225548.1483106093
2022-07-12,6.973806356632828,7.019319358185899,6.954443028697526,6.960975534783023,6.959924042884621,295412.3691926078
2022-07-13,6.913034609883315,6.954260823575284,6.912064234430551,6.927641092574948,6.927019273750005,754467.1120563119
2022-07-14,6.835355977838988,6.871148286619289,6.823087513828756,6.839457242050004,6.840867013150512,186003.8578739579
2022-07-15,6.878477211151854,6.894365625046264,6.827958335882728,6.863933987673559,6.863333320132496,434914.64702124434
2022-07-18,6.90651118216893,6.922050546198217,6.828322464772691,6.899543661801826,6.897441371738703,605444.0024485637
2022-07-19,6.886740163779811,6.933312955479889,6.873174774328078,6.888602961485812,6.887510671954314,873462.4049831491
2022-07-20,6.964703808813317,6.980932378404694,6.9461398972640325,6.970963000757946,6.971525489606062,193247.0063269732
2022-07-21,6.97379102929618,7.026402062897679,6.89988917696223,6.965269508590302,6.964963169132763,238425.96935486904
2022-07-22,6.982033157859435,6.99304211388243,6.95070987597077,6.983668010106875,6.985280352906358,204389.8548060256
2022-07-25,7.019179234732004,7.029247377722306,6.988617939450521,7.010829527081203,7.012148288843616,158243.83798194595
2022-07-26,6.963600870414173,6.963417148491401,6.942531285560249,6.961717047087486,6.9594861442040665,233239.98123312744
2022-07-27,6.907376363253163,6.924492597701145,6.856692505517639,6.89842315132958,6.899257239551395,1033239.3477194064
2022-07-28,6.84653007274892,6.890584237192702,6.838577503891694,6.84596117912499,6.849850769733268,356312.50423543504
2022-07-29,6.919253486407486,6.92861652036989,6.910415456262865,6.921197852948792,6.92242073288161,644336.5832718988
2022-08-01,6.948219956976904,6.954774017656801,6.930860710788839,6.954451344232173,6.953379481013457,0.0
2022-08-02,6.716979150079632,6.731558058891428,6.69083703463002,6.71949796464726,6.717074316341301,256340.02853918588
2022-08-03,6.785406136029938,6.8367348769441625,6.753830760772091,6.792794418421811,6.791885170999138,453808.4247196861
2022-08-04,6.796459220345236,6.81371073281289,6.747343377443944,6.782129502115892,6.783877145252755,75205.49565846284
2022-08-05,6.738280958858118,6.747461326033157,6.716058830172679,6.735536570918778,6.731599624773854,477811.8282993136
2022-08-08,6.7615519845559655,6.777402543087596,6.740218186803844,6.766069321860182,6.7658837965484295,146724.24814419812
2022-08-09,6.7921716593793455,6.789731668321616,6.739355932033742,6.788845049835622,6.785279099210911,111209.98406628208
2022-08-10,6.84087545571806,6.842165655821719,6.804377843437449,6.832564639851315,6.834705045216452,457819.11264530703
2022-08-11,6.612226503670028,6.61570851942647,6.599550107537956,6.613133007622714,6.612310191197532,206464.2166462429
2022-08-12,6.718017010968361,6.735060984745941,6.665759779321186,6.717600725167242,6.715848466619857,438891.5241402791
2022-08-15,6.897543580738886,6.9373008998152175,6.8888654750085925,6.903758452183817,6.903664735013433,423807.6920720587
2022-08-16,6.932448049306458,6.950238944548135,6.897144846936983,6.918390612347157,6.919787211930177,535716.4401654796
2022-08-17,6.810125548893155,6.818316875239124,6.7840831012413085,6.809345571338144,6.806561720383249,590776.3176488904
2022-08-18,6.88217606001495,6.876969007820998,6.784988509824485,6.876684449570876,6.875162367975862,709955.1941321872
2022-08-19,6.802552660296051,6.882444892947537,6.781432190675523,6.798699946140035,6.79757147167578,170403.46512204863
2022-08-22,6.728718381322253,6.73922784822236,6.717429077725238,6.727794881418062,6.7260383287837335,182702.50280391367
2022-08-23,6.782271362030531,6.806438002265563,6.786380935122349,6.786931118269016,6.786867051047901,178728.04540766153
2022-08-24,6.866409469428456,6.907700737981257,6.8543594525621305,6.867020630754173,6.868148432161422,1118390.9166148591
2022-08-25,6.753825253158637,6.749415887185799,6.70785709454219,6.738040820646857,6.736515876151145,410391.0278526917
2022-08-26,6.3930539212525925,6.460170148682052,6.370794440175384,6.393861130699596,6.392526253364238,295994.852885554
2022-08-29,6.461229891962625,6.485572681649561,6.451860596320242,6.458862634540311,6.45677045947944,572737.63360177
2022-08-30,6.33317678668945,6.339420483825237,6.272316285177599,6.325643068015048,6.3250876600197765,554842.7716664703
2022-08-31,6.227628557505338,6.245590689207056,6.219782965501876,6.228098795766188,6.2302466188552215,325599.8384154006
2022-09-01,6.254699384742575,6.255727007846214,6.188044095159249,6.2487552656424326,6.250498967999953,469570.6672489235
2022-09-02,6.296299522814372,6.328984276316739,6.297903862767436,6.299885766524899,6.298503309243872,273293.45383868273
2022-09-05,6.344890534016785,6.34529237340846,6.339635424901154,6.341557837379082,6.343202482948898,224561.1011831774
2022-09-06,6.366302874204324,6.394340748654477,6.35930779829466,6.371127606355627,6.370287179522714,380059.2774848023
2022-09-07,6.330521772929123,6.327611319064435,6.307562612623681,6.325354104852693,6.323695989779687,89968.87349429978
2022-09-08,6.43956634340673,6.4724631603440415,6.41232344311742,6.436754715618701,6.4364809458778,71400.37508525525
2022-09-09,6.566986452747171,6.5912099500126935,6.547761363224629,6.56429697329424,6.565868884500593,475498.0717961862
2022-09-12,6.655725119556569,6.692392672951288,6.654443469294234,6.659881129135262,6.662345537026377,198290.5588251336
2022-09-13,6.627114742819716,6.696861698015403,6.61000141002584,6.63299860985782,6.631630650531537,543683.0652799932
2022-09-14,6.493100664547506,6.507007913496797,6.47859963815694,6.49672929509245,6.500367747666906,210741.1179235489
2022-09-15,6.413423396619929,6.422859455592297,6.368267421903648,6.410542325064802,6.412577314057218,624076.0628386014
2022-09-16,6.404193394014365,6.455896019768288,6.382654439488233,6.400970187044295,6.398637252471649,662861.3557660612
2022-09-19,6.35873294319265,6.370133327195022,6.354214746811438,6.358984077391385,6.360378758199167,171615.1974076161
2022-09-20,6.470166147529191,6.528272963651751,6.4690116512908125,6.478636318269755,6.481191824207941,790860.7822798756
2022-09-21,6.56151758217523,6.570731198997373,6.545602010018622,6.559772317379614,6.5570030408922415,185209.13525948796
2022-09-23,6.382634008460534,6.3724759789083,6.354689715632691,6.369582025663168,6.369252117450591,362421.77020801225
2022-09-26,6.406836688096467,6.420276319820178,6.417964102768277,6.418722386823836,6.417787962903979,319862.676282722
2022-09-27,6.303301945079387,6.312509377590698,6.3007056812645565,6.304548348314788,6.303697843628244,596107.9280565041
2022-09-28,6.482178482660563,6.476990910422729,6.423369808253842,6.4743353680873845,6.473447275655796,311151.1265227223
2022-09-29,6.49801120686172,6.525773136335288,6.457387682246015,6.494223793381306,6.493201422728626,297400.2850118055
2022-09-30,6.639026061808178,6.649880015118698,6.621946093883831,6.631703164865099,6.6313321523098185,225087.1796231775
2022-10-03,6.490083766087619,6.505869821750157,6.408281562347254,6.488829103886179,6.486456621958933,177818.14900437612
2022-10-04,6.627306212239748,6.632952672460531,6.632022789863527,6.6323336021849455,6.634643022257498,137761.93214310543
2022-10-05,6.588768827507253,6.60259065509192,6.532035513841137,6.569493046727207,6.570708796654601,322911.65899084776
2022-10-06,6.530261520827211,6.563940241327968,6.496894871621744,6.529855644033648,6.530531913475411,220340.70928362748
2022-10-07,6.299180621884692,6.354254822176145,6.270311292643277,6.300853568052068,6.302879303219513,422334.3064919903
2022-10-10,6.187774849170172,6.192931518577735,6.18434857714165,6.192734412220858,6.192780796711023,739727.4178493269
2022-10-11,6.181845245118784,6.235348642327955,6.138770126872885,6.176658609096669,6.176965991314527,259573.2773587666
2022-10-12,6.275331522820381,6.284135076303748,6.2638749242225895,6.269035705108696,6.270617132075688,158327.80829452805
2022-10-13,6.191733247301066,6.198413652426588,6.187916405732913,6.192008598267635,6.193098653819213,948612.3847614984
2022-10-14,6.26241663091446,6.341328684853776,6.225579836371511,6.263022570616771,6.264072460886231,241608.90248926415
2022-10-17,6.184787636160752,6.210404890103013,6.155318797467849,6.174793077654609,6.176651361070078,302620.1834607832
2022-10-18,6.209554470446075,6.246545015080734,6.194868011773383,6.205198064005232,6.203697493607081,398153.2024037678
2022-10-19,6.159263822788978,6.167499381552568,6.151206187135118,6.165885589013535,6.167827788377682,508498.3456240412
2022-10-20,6.220068099368716,6.226883788147405,6.191900118975019,6.222079029601943,6.221861605528054,0.0
2022-10-21,6.233701034180688,6.281106295215241,6.182638966902758,6.229950353634292,6.230348335416854,618264.2776584221
2022-10-24,6.245046450301789,6.248668752789441,6.23421721476236,6.244859856823528,6.243156678737824,155409.56628689653
2022-10-25,6.3527859036802505,6.384643681280547,6.353769961682475,6.355840268810158,6.355074147352908,462880.0299904756
2022-10-26,6.341938801402017,6.365681142334458,6.288924125597453,6.342710121188753,6.341679458950917,349700.24706677214
2022-10-27,6.281821580039725,6.325900124619213,6.269777539813647,6.291784352757755,6.290508136798482,201025.79091360304
2022-10-28,6.253933263051623,6.267113916287887,6.236818111857974,6.252104876912386,6.2495202887303485,422914.865157501
2022-10-31,6.489508375252147,6.490289406209937,6.465370907893836,6.482191024995166,6.482109284115472,345739.733506028
2022-11-01,6.622468845630856,6.621175819370329,6.588850342898117,6.6062884595509015,6.6026774320677,498201.3256473937
2022-11-02,6.407426119701128,6.42216153160083,6.367051332836383,6.411161255002134,6.413221706687963,164071.9748537088
2022-11-03,6.37564175846301,6.451026517048075,6.381251266545303,6.383185822102738,6.384247264850292,357541.0682056822
2022-11-04,6.338653028726744,6.344622281972808,6.311229311159829,6.341365681757354,6.341876240855552,117580.02543030994
2022-11-07,6.398233102254837,6.438130625413897,6.315562167435678,6.401365779143619,6.402397609847803,465800.6384395537
2022-11-08,6.278048939430278,6.302890036783821,6.246870467043925,6.272497260488606,6.274570669984701,227708.39893009549
2022-11-09,6.4827284174438855,6.53175186664184,6.427011768935315,6.478941247575581,6.478687174780402,271554.58389997244
2022-11-10,6.314552087240683,6.339197112582547,6.328745429776656,6.3299321373089,6.3294929768355015,193771.44904375676
2022-11-11,6.367955653266176,6.43086798874502,6.347029531225825,6.375243878436859,6.373332537353599,351344.2551144332
2022-11-14,6.459572785638633,6.485059290117038,6.42337580308844,6.464215390669719,6.462843295215628,255398.5303396545
2022-11-15,6.543109075918735,6.535428857744074,6.4806687159093554,6.531063253201052,6.533338315728497,80291.12089722647
2022-11-16,6.564686488334359,6.573916128321082,6.557849159828233,6.570449427520545,6.570055873146141,641687.2273902596
2022-11-17,6.613065138394577,6.63437157321409,6.616968042390911,6.625541604326893,6.626329857929819,527974.0345396766
2022-11-18,6.531325353340156,6.531713471260749,6.499480760082042,6.523672453391801,6.525957404734585,522299.7905983548
2022-11-21,6.556405021605554,6.637967492530427,6.548658269286813,6.563786396383598,6.559882924036268,203239.7181463634
2022-11-22,6.81134046424335,6.826309695975306,6.741822078002996,6.795545330187825,6.796920909582209,101385.66648767162
2022-11-23,6.925081337381071,6.931144204470964,6.904851151164431,6.920311744688236,6.920838453444168,214015.3136582465
2022-11-24,6.864953042615483,6.883298405891653,6.858554776110667,6.859085836060553,6.859198839534525,256609.95375986944
2022-11-25,6.79123858015674,6.813882053989197,6.740541263517176,6.7999500172986815,6.799107361163404,0.0
2022-11-28,6.620361262180184,6.611818663954248,6.598708642504817,6.611363191085827,6.613299112742966,245940.4055631692
2022-11-29,6.529773640716937,6.534647021604352,6.477996848524056,6.534159845083868,6.534901382410175,392429.7989624604
2022-11-30,6.467619227320957,6.484636545238215,6.420947550516954,6.4649289679333,6.46561432426395,341485.1327961943
2022-12-01,6.683885830535544,6.696480434527976,6.657719074671922,6.681036662652241,6.68063750937166,422865.7370649882
2022-12-02,6.67003747685194,6.678758561365129,6.665676282053338,6.670905419264948,6.67026351098512,93674.25616968395
2022-12-05,6.758520020045466,6.781462779961164,6.718984936386843,6.757269400039543,6.755376063985879,61496.50786916765
2022-12-06,6.732771019715072,6.751432350524758,6.721719026054408,6.730121668425207,6.731005381144075,370286.0103382975
2022-12-07,6.616332775902632,6.646520137657712,6.583864041715936,6.61970655749206,6.6210799866512025,139407.5735779468
2022-12-08,6.831126233547068,6.845373222704458,6.808560987101816,6.838041103216438,6.836990738459472,408540.9801980637
2022-12-09,6.922912403210057,6.996625238939068,6.907817481609493,6.941377106307075,6.940658894967857,542312.3769527113
2022-12-12,6.932568544670913,6.934466091042066,6.916583842760002,6.921315428903489,6.918579754708177,321465.40595612366
2022-12-13,6.983075736225719,6.998363322043707,6.9744813492758375,6.975949725449234,6.977376340915686,720618.2366343326
2022-12-14,7.010597756750307,7.017274629962167,6.982110259629232,7.012536241381002,7.014857984663124,306202.9252899431
2022-12-15,6.970360024569057,6.979813120403983,6.936864043976432,6.976876065423693,6.9759148734158085,203990.25475787235
2022-12-16,6.808061846917484,6.838427118186309,6.781736495287465,6.811071824150461,6.810425467178644,216529.50297708117
2022-12-19,6.535291312704949,6.537427674227466,6.5057395817308405,6.534535428716037,6.53572760737358,395794.9821915064
2022-12-20,6.631051074750254,6.651383070765147,6.567939702668824,6.634653152956098,6.634129043729915,576461.7710874897
2022-12-21,6.709077646717164,6.785458440449305,6.696675071279006,6.707549168692167,6.708917366350949,153281.63031473602
2022-12-22,6.437356089931557,6.430744053343396,6.369519558491547,6.429406601577794,6.429118550052039,785846.6774981702
2022-12-23,6.49604384016855,6.495768595321261,6.431766024298958,6.482943278913915,6.483502830074337,252868.6709240251
2022-12-26,6.453795447415687,6.469911295644332,6.4527102504480585,6.457524643194031,6.457610706932713,243022.04084620145
2022-12-27,6.519633014901181,6.520788677489678,6.491395067233736,6.517754491914852,6.51805996554981,241936.26462180752
2022-12-28,6.514116807712479,6.544171153356018,6.463948715459697,6.522797494926744,6.523052269390454,162637.86637828583
2022-12-29,6.435997897430553,6.464893600767426,6.42512914820004,6.437535174219271,6.438141754614231,642253.7125389177
2022-12-30,6.523903517198349,6.529814474264253,6.521877510963419,6.52834712835323,6.526620284813714,541849.8169085998
2023-01-02,6.896405967425983,6.909796415678164,6.873594193087915,6.89506622094519,6.893957945789313,139914.85920614022
2023-01-03,6.517759316607612,6.52404508801953,6.479898717019659,6.509922960143515,6.5130867438784765,603252.8957333183
2023-01-04,6.454310841088985,6.492757918057259,6.444970275080063,6.465590161832402,6.464316989728348,581553.3879486826
2023-01-05,6.408738757425869,6.42142877797905,6.407514032305371,6.408829599025024,6.410817417778576,113538.19408587745
2023-01-06,6.47379095322713,6.482585836827932,6.421599870813897,6.469939186258324,6.467454571129549,206408.4921148272
2023-01-09,6.439995830905933,6.480277044915619,6.389580516715114,6.441603326416793,6.441307994185409,486362.0184737663
2023-01-10,6.501398160293794,6.51123447383993,6.4655724118957885,6.499617780746596,6.499815255151081,488325.0057629613
2023-01-11,6.510025912821526,6.541202798485932,6.490644552664412,6.507912800983901,6.510411309775399,382559.0669944768
2023-01-12,6.578090960089036,6.616220480610279,6.5706858437401285,6.572920460379686,6.573918036191836,355644.6102772365
2023-01-13,6.513305607825076,6.534021703532579,6.50956913687028,6.513438845223232,6.51028903339739,0.0
2023-01-16,6.539862386631654,6.560582187298069,6.477242838315365,6.542510064815456,6.543099485748859,567216.1694795751
2023-01-17,6.343112966422867,6.344928726287178,6.335984561883131,6.341256014547035,6.34042265228528,247858.8241750901
2023-01-18,6.352891852004674,6.416251205222718,6.339053567776655,6.347525758860592,6.350218837442385,405204.9803579506
2023-01-19,6.279646814947263,6.301513501265845,6.264432038679848,6.277710856600779,6.277086475941623,295934.50462373026
2023-01-20,6.189231476405218,6.201136679594852,6.159747242418263,6.198555122826092,6.19828423229975,138384.03875442845
2023-01-23,6.28944797362281,6.308998825410369,6.248004867228182,6.2926883238596565,6.292791729161626,250294.33805476935
2023-01-24,6.396684115595153,6.406976552937339,6.387158526834924,6.397580681613471,6.397920217054248,737795.0100270777
2023-01-25,6.450447285442,6.478829023902393,6.419696109193634,6.445205399674049,6.44531589819503,212526.99945233017
2023-01-26,6.62464316459116,6.637183105866831,6.57842501447009,6.623166425305189,6.621921754296269,108766.27968757444
2023-01-27,6.526263435512814,6.5512775761702375,6.455397233109707,6.52441333682602,6.522539076913359,146533.10978891654
2023-01-30,6.700528698055541,6.7168279369428,6.675902569784012,6.699948091385397,6.699263694339259,1072675.8460446417
2023-01-31,6.717932192443182,6.730770243497692,6.708984628227929,6.7151620907906935,6.717869561444435,275074.0354464569
2023-02-01,6.750149440860411,6.851423949228197,6.736892683322231,6.756937312316099,6.754570805074319,163365.04647738946
2023-02-02,6.892156129877854,6.891751331301736,6.87427438605141,6.881616690199521,6.878437240538549,751898.5134197366
2023-02-03,7.100829973852706,7.119536203083533,7.0945752157567,7.10653434698682,7.1039878821916895,354075.3735632228
2023-02-06,7.120731672281165,7.201249335872895,7.06104886413551,7.123193757380376,7.122310757833868,243514.4235477069
2023-02-07,7.197302705875244,7.229646472921416,7.193825122345704,7.209974697632286,7.212590822073922,112681.64610262118
2023-02-08,7.090050373334531,7.15524367183819,7.037841147761371,7.089713893440062,7.087336016577581,186161.15134578175
2023-02-09,7.0395287761560645,7.076019902836988,7.027060149111847,7.033400908195025,7.036121692127434,111894.04379084527
2023-02-10,6.939845488310666,6.954783684340391,6.9241689220212,6.95246931413209,6.95167498973155,333570.1094638281
2023-02-13,6.923442085636484,6.945873265986058,6.896276526205452,6.937851663573691,6.935186840402462,152194.58464590966
2023-02-14,6.99786250484407,7.024592839963645,6.969459231682755,6.996533709051312,6.995102576068734,114153.86710577544
2023-02-15,6.973246808132992,6.981387635347248,6.950983377235937,6.978355611021913,6.97898884419791,480095.9248236506
2023-02-16,7.16006272894548,7.1580054518829,7.113098655090873,7.153289069135764,7.155132906532765,699247.0070230514
2023-02-17,7.01117909376696,7.015653635577229,7.011785410731918,7.015022847334111,7.0130718379345245,588085.5435459344
2023-02-20,7.099583634747013,7.159490561540032,7.076421580807677,7.093875988121171,7.094028641283377,409953.2234431064
2023-02-21,7.071115360255879,7.091136049018774,7.03943497619098,7.0728399041147565,7.072566143961075,285904.3413395225
2023-02-22,7.13010456893821,7.189493840882321,7.1062315861761824,7.133529032548677,7.134957824288652,348721.64180663315
2023-02-23,6.98252735750122,7.040531157952158,6.950123043934974,6.973118854329944,6.9733446221965005,764860.7065209373
2023-02-24,6.922484419233823,6.970574998504104,6.921140323823683,6.922394973273515,6.924713941534565,260742.11004611745
2023-02-27,6.909954627548078,6.952201176583661,6.886186025562079,6.909282041743529,6.910349608885403,149839.8008844263
2023-02-28,6.836902743521852,6.907433478282803,6.772501825087759,6.837454457805157,6.837326086454976,238973.87185281987
2023-03-01,6.846417332410587,6.883633041353248,6.812423608444653,6.848077033011559,6.8470284711474765,180036.76950083274
2023-03-02,7.020008361249778,7.060503961577008,7.001881774169718,7.03233754854234,7.033034028204052,477759.5048942172
2023-03-03,7.188046619367117,7.204414012993932,7.152773132699439,7.184681585438926,7.184642192919641,309076.59026601526
2023-03-06,7.115767194518706,7.181554485304457,7.089287949811289,7.108449282395035,7.107787844774642,329166.2568305237
2023-03-07,7.354111150785471,7.40898775026543,7.32944973221753,7.346789020341136,7.347060656275568,538605.1012771088
2023-03-08,7.4216167304221345,7.433107094751,7.375365444332635,7.418328801388599,7.415522970684259,135240.34160858495
2023-03-09,7.417457970777013,7.437897002351192,7.369548549608402,7.415085939716992,7.417556046567586,190932.7996012953
2023-03-10,7.218443561486177,7.231189019488447,7.182043438555041,7.212345860350486,7.213649130990135,406530.1679207113
2023-03-13,7.432438281280725,7.467747051157051,7.401438194113403,7.430669606434652,7.430763702903421,361490.598900776
2023-03-14,7.57298611057884,7.57723543903517,7.525855324684999,7.564382643607759,7.564981115269477,342280.86848924845
2023-03-15,7.611802924712218,7.632126387519684,7.555271193753121,7.615065580963495,7.615551057548226,145645.508767156
2023-03-16,7.742460456455346,7.750370681805929,7.729509952692622,7.743132815132307,7.742748925632222,317963.0019957001
2023-03-17,7.649104062481468,7.71083431940317,7.655139213967179,7.670808831739773,7.673024406437743,279034.64570888056
2023-03-20,7.938291323734831,7.955992009261893,7.869218669723569,7.932786295428642,7.933603381137899,668403.5450405335
2023-03-21,7.883128123876954,7.89664418592218,7.819541862084163,7.888249853094415,7.889249698313462,219555.43393788784
2023-03-22,7.818347542242346,7.845749565052739,7.75918436599412,7.814344661241583,7.810939833558312,119625.73873238704
2023-03-23,7.545837739360438,7.565319771366694,7.516017352453072,7.547561494935821,7.548682685855372,169990.0991577157
2023-03-24,7.507284499989931,7.5322591524388995,7.484973753658453,7.503169799684109,7.506207567773734,889530.6106309296
2023-03-27,7.537830778446954,7.584430096855079,7.502963890498095,7.529017731907261,7.52742170154343,1204239.4042754658
2023-03-28,7.540741709480767,7.5661795715398705,7.530477765402604,7.530828058673801,7.532025553984372,263762.06002235366
2023-03-29,7.489723419895364,7.520726896227543,7.475227250444103,7.489388997476928,7.488810429762023,329899.3479678684
2023-03-30,7.530267752542369,7.540324669957216,7.475399573288887,7.52979919508796,7.530336653443071,196953.92264253207
2023-03-31,7.452347834498103,7.5151390250302255,7.459146583184237,7.468520352712335,7.467055827761366,481607.2794027752
2023-04-03,7.524827181992918,7.544049903864729,7.513018222108082,7.525098944526887,7.527782559304673,594372.5507385669
2023-04-04,7.521563869089975,7.567344274180095,7.512672443273358,7.5345028287192655,7.533608163810263,284202.7637068936
2023-04-05,7.662346624410167,7.711949088574286,7.647589478213308,7.661694161535432,7.662734201499168,364766.63376083534
2023-04-06,7.662467534984525,7.665828721608819,7.611583013327996,7.653936691479069,7.658253121386219,459894.3425616229
2023-04-07,7.487976627416853,7.504591291703793,7.4353047924217455,7.483487421108967,7.479947830941509,321463.0230808467
2023-04-10,7.510525853854993,7.5249553719136975,7.485602531385223,7.509343696703389,7.508104499492059,589443.5305671898
2023-04-11,7.508388664928769,7.5178988962194495,7.482110802704649,7.509341229525877,7.509491693300351,202393.95986726604
2023-04-12,7.753730322113332,7.754875399374914,7.7342705925737105,7.744731088454946,7.745561445047183,144616.72869328607
2023-04-13,7.810874201506098,7.859596398551179,7.805011630354374,7.810511352987763,7.807169435896188,123174.95951688844
2023-04-14,7.9386130295284,7.9475404744229,7.932093516864486,7.940111857491966,7.93838099453054,321225.6739763757
2023-04-17,7.752983746152844,7.807298859396567,7.744700944357976,7.759124070208365,7.757975853924664,515225.67808140337
2023-04-18,7.636643824921324,7.650190763220085,7.581852598569299,7.6245321287033585,7.621408814616355,294197.98002254346
2023-04-19,7.800894143091091,7.836265103393092,7.794234202418095,7.799606551186227,7.797642371847505,448778.6653198406
2023-04-20,7.837482735491934,7.8569803223935795,7.816290715325697,7.838853398637333,7.837353823950247,349287.4236902569
2023-04-21,7.886820524191147,7.940701616802193,7.800152582955856,7.89656669495574,7.892392979661988,370669.9976794285
2023-04-24,8.119553056973913,8.165124547459435,8.102559189074656,8.118137325620879,8.119253625296846,125921.91542961592
2023-04-25,8.062149673202812,8.082286447863492,8.030786406184934,8.053757693034754,8.05443990202857,150747.19379146604
2023-04-26,8.072960329232918,8.106489221836313,8.061841619040221,8.07502139932757,8.07232700710254,89799.88597103427
2023-04-27,8.040589163293285,8.074058262079072,8.03328275756919,8.050018694361565,8.051076802226179,250733.97464231105
2023-04-28,8.079822854553637,8.098728277210107,8.038516967275754,8.08619836376492,8.086728273171639,293015.6278378898
2023-05-01,8.139468134813912,8.183476491049518,8.068917362973183,8.139259269913175,8.140725557357728,253941.93726102044
2023-05-02,8.11933838610611,8.13926898740824,8.093484969088962,8.122816775071279,8.125479629867781,657919.8929784676
2023-05-03,7.822974501765309,7.838435393238649,7.801313932776763,7.822626073401957,7.824070535405233,994441.0863628492
2023-05-04,7.92041373037162,7.996481295900613,7.8951775083206,7.918008269136049,7.918166278799689,240214.71225310452
2023-05-05,7.917588340227484,7.9479350815782945,7.896170145246086,7.928819514042995,7.926962114744465,222870.77945375
2023-05-08,8.07015587638297,8.131654546934557,8.055938054106662,8.085584819773924,8.081987631279368,316895.82250634034
2023-05-09,8.122214135267916,8.135907040094382,8.119430142397531,8.129683603395064,8.130494124486965,110863.61527505257
2023-05-10,8.204166327628197,8.214768786183999,8.205068110418694,8.206732169438643,8.206247948193116,324519.119896169
2023-05-11,8.312778661335782,8.346470843465259,8.281627249152798,8.30137640379354,8.304760418300617,161126.86089068954
2023-05-12,8.202697706042247,8.212336867938621,8.166712811371168,8.208413585056002,8.209815857083438,314359.95302644104
2023-05-15,8.175312973962622,8.172902516708499,8.15060950427001,8.169048206410773,8.169125616636853,524029.7830495782
2023-05-16,8.364420516131721,8.383237700834458,8.285252878736964,8.357668183541128,8.36121742668197,69694.82156473842
2023-05-17,8.223132252040614,8.246957124597413,8.172051894950595,8.214839919138266,8.216502287690634,1045103.8985477232
2023-05-18,8.142309864500968,8.225962166414792,8.132124107300848,8.15834109943998,8.157570121210298,325855.3507294668
2023-05-19,8.001543822928229,8.028247436458987,7.985945636049836,7.992556148802843,7.995688547429388,168147.81318372447
2023-05-22,8.108830456641085,8.162605244356971,8.103621418773796,8.122027515440145,8.122011086880201,483630.4368569625
2023-05-23,8.131033190395915,8.11907285865765,8.094943618084498,8.118676194258303,8.117294901280328,154310.07988019972
2023-05-24,8.186107172605828,8.238596332041176,8.185881619269646,8.193460588602585,8.196450540564324,1099484.5813564877
2023-05-25,8.265738186599433,8.31129066708993,8.257562439290604,8.264675877822663,8.264123336527344,131922.43541678402
2023-05-26,8.175387037172184,8.214702803556214,8.134092420924226,8.175911823608356,8.176384143008509,1437420.0782876732
2023-05-29,8.203220977759129,8.213301083682795,8.131291514764834,8.205628064517304,8.206498860142695,470830.6739702201
2023-05-30,8.167159433176934,8.227573476738812,8.16095267221364,8.17550217123145,8.173491027868588,739689.5335748777
2023-05-31,8.23298510468176,8.246016032406684,8.20957619987341,8.226207899492303,8.228055189257566,197512.06613432363
2023-06-01,8.440164809684578,8.451930551786102,8.399011724429355,8.433687768853444,8.435036445978517,717977.2860440756
2023-06-02,8.634947724740657,8.630098917725709,8.60719205189939,8.625330229998053,8.626030817542672,533517.0604553651
2023-06-05,8.536327464344216,8.587959566955384,8.534188014186533,8.539525255768941,8.537244367491999,105926.62293325992
2023-06-06,8.64645305616227,8.671457229398507,8.64290142540698,8.644921559082887,8.642745061770434,63404.33368942479
2023-06-07,8.532688891749968,8.586560136548089,8.503899140803373,8.540259909995376,8.540167708461903,740393.8312457103
2023-06-08,8.633211725547923,8.625202835593706,8.601086505767832,8.61706627473302,8.618168957834682,298329.4556208671
2023-06-09,8.668082023663501,8.69928936199243,8.643351909587878,8.657527405327551,8.656878860223166,337614.324879672
2023-06-12,8.378809745546567,8.43530909060556,8.298494339010126,8.39327117677714,8.39054390747798,227738.44844313455
2023-06-13,8.340700043450134,8.349998270626253,8.328656666440844,8.340213445067581,8.338109048670303,318396.69426634884
2023-06-14,8.494828775798887,8.48976218789316,8.4528884823263,8.483075351214257,8.482517538091981,142945.59813621588
2023-06-15,8.4367351564548,8.449587995879513,8.408715209117355,8.446979242147076,8.44627298721797,213876.74603793808
2023-06-16,8.193861203181882,8.223389387122047,8.197418287996257,8.199192208865067,8.199770530608692,140976.2405225935
2023-06-19,8.144092097989637,8.208691076932382,8.103662944826008,8.140527629476704,8.141643483218981,252618.87558954643
2023-06-20,8.097207206673366,8.100280797177984,8.05891858269783,8.09076174737555,8.087341412087085,126173.49985574026
2023-06-21,8.050029910986483,8.05833397058262,8.041478524594341,8.044098355726263,8.042711857228046,226364.8159016406
2023-06-22,8.312678318987226,8.386774881104259,8.253142891423323,8.311830124155474,8.312170301288475,196005.25851935355
2023-06-23,8.27714560434822,8.26395846322339,8.235002762140486,8.262378368546075,8.260327899209516,867869.2290920658
2023-06-26,8.399873630531845,8.396710292185992,8.38339963770115,8.387827080030299,8.385051231838947,141161.59438892812
2023-06-27,8.271317558851665,8.290510719228804,8.234264353499844,8.282590162184476,8.279224231287477,174299.3326164743
2023-06-28,8.39997812904185,8.41072469336007,8.34963447335323,8.398748977749266,8.397272298008865,414674.2225109008
2023-06-29,8.223533415980848,8.274190621414185,8.184860473360168,8.233938927473837,8.229984031628552,1270842.078468992
2023-06-30,8.429493354031734,8.468149907938306,8.413466530667778,8.433748190085836,8.432935914678954,886177.4211916944
2023-07-03,8.682069011906984,8.75508147969652,8.643093253530951,8.68809609324209,8.688796266448012,295465.1319257518
2023-07-04,8.459311794504947,8.501653445865868,8.368773445419201,8.451801856100541,8.453261758637366,355502.0111886774
2023-07-05,8.581845505890186,8.581209156949454,8.522334803229555,8.57185742656162,8.573360219399497,104967.40693840595
2023-07-06,8.345777896370052,8.360848325460934,8.33894836611328,8.348498026990464,8.35028895095493,370114.9879820032
2023-07-07,8.43994516983342,8.471092834541844,8.428061459977098,8.43970838816466,8.442270147844498,475180.0042556719
2023-07-10,8.655470419528937,8.690263256873106,8.63754400862655,8.650625471880804,8.649909611466276,590652.68654088
2023-07-11,8.866388038763818,8.891374606334582,8.798193442334988,8.871517645933888,8.873144266449753,151821.5715894073
2023-07-12,8.935580378429128,8.945505843366245,8.882078903949058,8.941803146143874,8.94115961005599,0.0
2023-07-13,8.971488066410176,9.016241342718496,8.929318850166487,8.976465102458834,8.976970182347733,464777.9471338588
2023-07-14,8.973808797007903,9.029593285793071,8.941164473230478,8.985915541180168,8.987453847024247,408434.3791572746
2023-07-17,9.00175381766124,9.045999944157533,8.967190481461438,8.988508366005023,8.992672515216771,178781.91784928206
2023-07-18,8.955390598321662,9.00215167327845,8.96523772572974,8.968032196360992,8.96525823594753,241111.53421137537
2023-07-19,8.909099120063816,8.976781885332267,8.841820188764443,8.912039917653862,8.910582591491323,345136.36253975995
2023-07-20,8.915911882359717,8.95833801179719,8.881964629948435,8.899487197455583,8.896281491399455,922469.8563516372
2023-07-21,9.271148764130537,9.341927662561964,9.188117796509903,9.257214955532232,9.25885691933704,309032.09143801185
2023-07-24,9.398046852772495,9.396587165724284,9.376090479676591,9.39124314817912,9.391909665430497,59629.18369365907
2023-07-25,9.56313587574654,9.626633464546032,9.527889595891905,9.568368102933396,9.5673318839951,219270.3118594101
2023-07-26,9.631859030227634,9.61713329456375,9.611760658033267,9.615585992757822,9.613659167417564,318421.8994686636
2023-07-27,9.558879247267518,9.595117441379204,9.56852555204663,9.57432644759406,9.57287682328283,172925.68221390946
2023-07-28,9.667148621011712,9.69364846198235,9.622219159238949,9.652457472728,9.653827989378144,110386.13369958827
2023-07-31,9.927856859571332,9.993538073792688,9.941728090329825,9.94530139183384,9.94505806414637,128472.49265048992
2023-08-01,9.78683086855586,9.81526684535237,9.750182090052594,9.77604993151444,9.7769671359439,217485.37333758216
2023-08-02,9.97033973240452,9.985014809490384,9.872892044738228,9.966749382995808,9.966544759925917,476370.06086181
2023-08-03,10.035514213477098,10.080569757118612,9.981289556557668,10.034619094460991,10.032519573638082,149365.79447600307
2023-08-04,10.271709054912195,10.348495457773677,10.224580493580715,10.29234268583978,10.29072674690785,255446.0964010705
2023-08-07,10.19533679444891,10.219770105224528,10.190580275970886,10.197662994259826,10.200051558483958,472198.0757943628
2023-08-08,10.063136555582684,10.068566758623668,10.033298193832476,10.063519255990457,10.060106191684143,601045.7052921506
2023-08-09,10.212576316678703,10.227130823452208,10.198069800849758,10.21820230418067,10.219699294278534,323709.8637061775
2023-08-10,10.127923548724365,10.167062938542747,10.092942525756982,10.11545305241328,10.109397021191228,311646.8390078766
2023-08-11,10.20917440333444,10.270851095826968,10.209136426751703,10.212561857280688,10.21549593158994,411991.2049245454
2023-08-14,10.124887059345983,10.212106528272182,10.08752100544599,10.134068407461506,10.135807856831809,281466.1431592888
2023-08-15,9.996713710101574,10.057451938593552,9.97702702504119,10.001244960124366,10.00116304856434,406727.9791128768
2023-08-16,10.316886915081518,10.35418826523187,10.316354546747611,10.321525468451824,10.323041138222738,140575.134358595
2023-08-17,10.448191381283694,10.565744756681536,10.42760421999269,10.468964814183222,10.467697877051426,212039.3747024086
2023-08-18,10.3005054021331,10.365261420737726,10.2667449207854,10.28699477069044,10.289173840601425,184580.62722821845
2023-08-21,10.020377077139145,10.051861050158813,9.996319346752218,10.030737180025891,10.027100692131716,210636.54010954883
2023-08-22,9.907282173262969,9.945916162710542,9.895227018908642,9.903334088720053,9.902488127963148,520271.4694877452
2023-08-23,10.105577290539854,10.19228251135073,10.094085117946682,10.094834496472158,10.100294842564972,378354.3190135613
2023-08-24,9.958459363740324,9.99278130429692,9.929998813849288,9.941462942018129,9.939899973338408,169569.1944920278
2023-08-25,9.82474832311741,9.833512780953097,9.808130374497631,9.82331605479414,9.825336684937948,247134.43943967752
2023-08-28,9.851847259252034,9.858973600374393,9.837920000797508,9.841853347183845,9.845560428533254,713439.1864231087
2023-08-29,9.743991651741494,9.753874178223636,9.728386431514286,9.749009227762755,9.745309822184618,264641.3506802033
2023-08-30,9.600299160502692,9.682483969524688,9.574601885239408,9.59822112182752,9.59402982691812,215232.3327154205
2023-08-31,9.670897742984634,9.69007369892672,9.660285995580258,9.66954253948768,9.671966089833576,285278.53666123527
2023-09-01,9.464171435343951,9.514731481861968,9.421351776257678,9.46374563251435,9.466458789807165,211576.30232843728
2023-09-04,9.490848572359392,9.558179702352,9.479363770396631,9.4966704518143,9.495134193091271,218175.63383165715
2023-09-05,9.680291750554929,9.746200189685387,9.650863542994545,9.68968056949093,9.691037969349328,90697.90937473494
2023-09-06,9.756819432654217,9.825791479698932,9.753377108679416,9.764941291596015,9.764876254130312,180969.27902121868
2023-09-07,9.500162276339088,9.524077927590502,9.457895562698573,9.509202293716696,9.508595797961132,763347.1358677471
2023-09-08,9.62833324716936,9.661934914899955,9.57144355892314,9.61608874121618,9.614772300277876,295482.9079922103
2023-09-11,9.787698762816955,9.824509395549883,9.803108212625238,9.811642984753814,9.812290770731828,219597.09594953916
2023-09-12,9.579242243909864,9.595548435190468,9.570426798940378,9.585453121608552,9.586204601811463,679123.3598724727
2023-09-13,9.760795423827185,9.84714712600806,9.76620917630753,9.784533543788552,9.783852994949449,627670.3421492153
2023-09-14,9.774267469575127,9.78740342418622,9.771959367321978,9.78146351798239,9.787146089690724,539892.2587062852
2023-09-15,9.635168561902788,9.707333173190218,9.629009095625944,9.641011758607087,9.640910934038152,648241.2176658198
2023-09-18,9.491721212576076,9.491703522638106,9.428729459931876,9.490414232333933,9.49143294302406,277843.9332447607
2023-09-19,9.615519087819973,9.678942869039137,9.56418987310342,9.640201672362933,9.638894190439434,126960.77166874908
2023-09-20,9.694862207372516,9.841295884987565,9.645051082021851,9.687989061191466,9.69054035999918,140282.38430603308
2023-09-21,9.693425615426,9.760446923134513,9.645814238567665,9.697749024695684,9.696046954592328,367365.0208754047
2023-09-22,9.307447661808974,9.352336794913557,9.227944180593369,9.297456664186628,9.296840692276712,366023.97129497206
2023-09-25,9.345447334093716,9.353589126189874,9.302754987967107,9.32690587208076,9.325556486528903,130035.30096666132
2023-09-26,9.330280624121722,9.344255445224135,9.29932831949563,9.33168942948288,9.331641260469109,324226.4332523786
2023-09-27,9.430785900668925,9.43872934038527,9.407541380993864,9.427874740195774,9.42642797381493,715822.5655924975
2023-09-28,9.408447278192629,9.4693520990972,9.361888091134828,9.409653124331928,9.414816114051296,830949.6615449381
2023-09-29,9.507599358181196,9.569104605290605,9.471680523165452,9.503165402069316,9.498913400710846,153031.65780960012
2023-10-02,9.379300529053207,9.446409734486387,9.36445904536628,9.384886697525396,9.385329036841666,204596.3091449384
2023-10-03,9.544769035272331,9.573054773249131,9.494061420065892,9.5512275959561,9.551396559824212,442696.7165454633
2023-10-04,9.63802534679504,9.6814661678308,9.540859798431638,9.623621216981409,9.621298134170626,90899.6775490436
2023-10-05,9.926430756440434,9.956828873476155,9.922755528704434,9.930884528544722,9.929096634080834,168788.5676853591
2023-10-06,9.939768682053188,9.962049020377,9.923044097392207,9.935966593936074,9.938847426849044,290003.89345973684
2023-10-09,9.823745676082364,9.84939454096041,9.797817129456329,9.829806516279586,9.831101627781411,187913.93716582743
2023-10-10,9.915303638821875,9.92679122131395,9.900401983416817,9.90914951269676,9.910386232141288,658483.1571382036
2023-10-11,9.9984308033153,10.016935688616522,9.952849432729574,9.99042508857216,9.990593634087007,170509.01227063788
2023-10-12,10.057216002517036,10.05825067421942,9.97874029872695,10.03470988173607,10.037327481010765,206068.2735417713
2023-10-13,9.91291767655636,9.976483961091269,9.882312378474523,9.901640500488858,9.90055352054816,152212.4246949825
2023-10-16,9.867709590631543,9.899823271896896,9.804506987432273,9.876054916243174,9.880133303926558,299934.6416552469
2023-10-17,9.999077126946457,10.052029801184243,9.997314487168891,9.9984204975868,10.007100800279783,317832.8092884996
2023-10-18,10.289681355406914,10.34644275483186,10.211186716595869,10.296462637483671,10.296288947887229,474125.54474741936
2023-10-19,10.605116664637832,10.652616167758367,10.594345332431528,10.614657042224744,10.61460595017877,95918.84655275354
2023-10-20,10.55625108635467,10.5757045154823,10.491761710069287,10.562382220891893,10.562152413002206,291473.09534229455
2023-10-23,10.744144657216944,10.828972724234635,10.648514918776735,10.727713219252328,10.725595804709252,94973.7157438411
2023-10-24,10.323728065062326,10.390387582210227,10.286926369200602,10.3332636363431,10.33544860980478,201810.01933326948
2023-10-25,10.477684237555446,10.512650706721194,10.441378495627006,10.495478230316069,10.496813082061,273306.75214932923
2023-10-26,10.248726397610977,10.344308318465815,10.195558890516647,10.258424650222516,10.25659688632007,469436.0148219887
2023-10-27,10.58965843631208,10.608096291262935,10.558225819064392,10.591692835349654,10.589218224474044,504354.12818363647
2023-10-30,10.445268200306558,10.557349209915634,10.397558112721835,10.440434842161483,10.444785324306531,221845.2340861756
2023-10-31,10.320599544762928,10.379053527480275,10.323091294455065,10.331637195211565,10.3333381811484,681740.0245706724
2023-11-01,10.457056115356616,10.442549064808397,10.363801120340469,10.436376710581891,10.437044122858747,328413.63162975264
2023-11-02,10.69229334288648,10.6901349243388,10.656749335323669,10.688276698426863,10.689167230262166,137615.15818662493
2023-11-03,10.439193595731574,10.45862752105855,10.3762638353296,10.42777371329576,10.432109712856924,229605.69831441465
2023-11-06,10.434877049193693,10.438603074299772,10.42493569785699,10.432916135221769,10.433870245835006,124225.8931664425
2023-11-07,10.466356794436244,10.489126945576576,10.446500783960676,10.472834122623947,10.472916635692206,249020.66177399363
2023-11-08,10.241307356552676,10.244133310056972,10.21159572731,10.233330500232157,10.231361379684694,623262.0817018361
2023-11-09,10.285156486106777,10.294536794173538,10.244743880028336,10.287879146386183,10.29079222542833,351277.91008454835
2023-11-10,10.201724905245324,10.276117329193164,10.128540827039773,10.205430878245387,10.205227959653204,492218.1956230546
2023-11-13,10.521695487029666,10.57115399413636,10.421894177217547,10.502853285115028,10.503489900347926,194942.14063585523
2023-11-14,10.415760914131724,10.42733759126332,10.37122371651491,10.407225498393236,10.406452133998188,423546.5976119976
2023-11-15,10.336524361768838,10.3586078933582,10.278509341184153,10.32339043559358,10.321505101644815,320801.1867164693
2023-11-16,10.283684310604288,10.320969896660657,10.264658920820644,10.286421760527729,10.289046002147623,107584.35854319228
2023-11-17,10.12059798707892,10.149440865446858,10.117334098110662,10.12735408146294,10.126633805301797,147301.66793320386
2023-11-20,10.298280190560195,10.339594711112271,10.216887045318275,10.300303955779771,10.302503326418408,254080.70691985445
2023-11-21,10.362306657641732,10.362795604136592,10.302056592839437,10.353842803384444,10.356365049239798,349662.22390079626
2023-11-22,10.162615036914604,10.178276923108749,10.158458233802714,10.163984335068536,10.1591928711105,129481.1246718408
2023-11-23,10.124607489776515,10.144189957586937,10.113638315437209,10.128611252565037,10.129183851030373,344662.0756474712
2023-11-24,10.21520990484161,10.241135100651874,10.195148222715623,10.22522903876102,10.223738704384374,169887.80607141947
2023-11-27,10.479749319266544,10.592556164069928,10.410216908968712,10.480059092186105,10.475567062475642,509464.227645929
2023-11-28,10.538746832522747,10.565647625131634,10.496760628388143,10.544862423711509,10.542613820614315,729048.9995241193
2023-11-29,10.663097000171804,10.692864917696635,10.615488166737538,10.652241266627396,10.651094962930095,442990.9765960524
2023-11-30,10.65476297516458,10.681609495231134,10.628762752627807,10.66631603444642,10.662613340899686,312172.068574188
2023-12-01,10.285593184592804,10.319213217571724,10.26335691422964,10.276042587041756,10.277275134522274,311723.1411251165
2023-12-04,10.358849333394014,10.372844390566982,10.335874483170624,10.357647842967491,10.356059826624248,411280.9641640417
2023-12-05,10.167850586283162,10.167468705483325,10.155674334041338,10.159994410551432,10.161524627662494,199672.49010182224
2023-12-06,10.471797995630055,10.496736417839582,10.40914184980774,10.4795064317214,10.482953047354057,466847.7545210728
2023-12-07,10.71076339482021,10.805254099298146,10.683625978591694,10.731655117924774,10.728961178067912,282883.83386312786
2023-12-08,10.936910282292663,10.932270665889748,10.857770612990436,10.90135639345285,10.89944051836596,102854.15268216564
2023-12-11,10.832097465908411,10.871410623414716,10.80341069079994,10.837591682394626,10.83596944375324,107994.57669021784
2023-12-12,11.210800313011005,11.2312826272514,11.196657882472604,11.219546455145816,11.222929640073524,366250.3024242071
2023-12-13,11.054425392601043,11.078437512531211,11.043505378798192,11.049012231267133,11.048659079448631,317977.84455656377
2023-12-14,10.930305203382115,11.00139536468869,10.875737411667108,10.934479347529637,10.933736879179133,148864.4482020584
2023-12-15,11.11994753077438,11.137893235673005,11.109104891285426,11.120075162002312,11.120456302684628,142250.74219051882
2023-12-18,11.196359077686962,11.27828510653624,11.16832292445634,11.20913286082086,11.210072955072796,245864.31750362497
2023-12-19,11.27616599165783,11.334589482946692,11.259030889382966,11.2660197683236,11.26788581196695,182243.23024341912
2023-12-20,11.403857116437932,11.43669017382886,11.403000695734072,11.405318337347971,11.408180503405609,173657.98798639653
2023-12-21,11.390689602826662,11.426739402613888,11.388912279504051,11.393939973456591,11.394689410284323,630903.9011950532
2023-12-22,11.20273468892866,11.24766398857038,11.106919998178313,11.200659876597388,11.203723912897187,550259.697797539
2023-12-25,10.985970006582091,11.07748134160632,10.989457840863258,10.99540830073584,10.999874386848306,186219.75442210303
2023-12-26,11.433470351235965,11.491917858399976,11.340432182189073,11.454882295213274,11.456136823228064,433751.3228224512
2023-12-27,11.590434265051345,11.638335818458492,11.583333886760212,11.586021734317589,11.583896187634352,140695.4995612815
2023-12-28,11.939431719160428,11.997952343162854,11.922914914544716,11.936972962459487,11.940823992383349,924452.260503796
2023-12-29,12.159447455360189,12.18653454318842,12.128539226647282,12.15785639234618,12.15935296689192,211280.60414035863
2024-01-01,12.08579841243576,12.11503219045231,12.001094608001884,12.098074042914154,12.099644144977276,222047.48866867783
2024-01-02,12.344983258337145,12.38588531865638,12.328557081533528,12.34829005791404,12.3478797976204,783963.7802072439
2024-01-03,12.154069964545045,12.191980000873448,12.14702514111589,12.169083170478432,12.16800316814698,520688.7282692648
2024-01-04,11.674101361233683,11.737704827696543,11.655146044774304,11.696351382428666,11.69783240420572,290699.9326010815
2024-01-05,11.83812183591675,11.917851934460746,11.862036373314472,11.87008319811441,11.875489656362683,173905.4184374136
2024-01-08,11.80755303962103,11.823458889830398,11.740550285629611,11.822329655929677,11.822848769409124,112329.70600954814
2024-01-09,12.073940340529203,12.09500980088013,12.029046232551002,12.069307468066809,12.069084608784278,54153.11872061356
2024-01-10,12.369976370555236,12.36896880046761,12.283413280288269,12.352909038490122,12.346029982387437,209867.0395966295
2024-01-11,12.430290675758831,12.519617653894436,12.399179518274677,12.46084937794562,12.457759545551902,188459.5670141715
2024-01-12,12.282202307510287,12.375881639651466,12.213996398368923,12.2685076796206,12.266212372137112,382141.6120801171
2024-01-15,12.180553632118375,12.273686018245767,12.0793078228426,12.190077877091325,12.191977172603323,386137.264186784
2024-01-16,12.131579792449534,12.161740376711885,12.108228043102162,12.14686563979674,12.140643357629212,171582.28956454183
2024-01-17,12.336158638149971,12.427808546013658,12.323180394368086,12.332873985652366,12.333297274499095,107552.36197962843
2024-01-18,12.29925356318964,12.325505132339964,12.21126946569788,12.283336861012632,12.279460620779323,321684.5284636451
2024-01-19,12.438530808975433,12.4584323795562,12.428757981776222,12.454155316573736,12.45709963027204,236884.3238535065
2024-01-22,12.300871112057262,12.329529436477598,12.19613333299348,12.291778707741024,12.291095528912743,95890.04436435348
2024-01-23,12.423801674791235,12.439283737035469,12.34850409835382,12.423597600739976,12.422986319974552,224355.65598500904
2024-01-24,12.091547604887472,12.130076983352769,12.07609768220566,12.085718868348003,12.092092438641917,175844.20611462626
2024-01-25,11.871224941574548,11.916316625540528,11.829064723970577,11.877175930578405,11.875097645577696,682456.9289536568
2024-01-26,12.001042085150576,12.08248381194148,12.014759447123105,12.024514743612311,12.02875935447409,166992.54769804905
2024-01-29,11.842154980516124,11.87397192906452,11.7220923474694,11.818507464948704,11.8210033507428,151354.60782812678
2024-01-30,11.703795002760677,11.76770593913626,11.61666943979077,11.72442727858621,11.719372877384073,566943.3678301073
2024-01-31,12.012672525582994,12.06148330178006,12.009521419788912,12.013064022275543,12.012435576349324,187203.0072017188
2024-02-01,12.034343377875285,12.09608586039888,12.01947614285278,12.047004350078309,12.046103782723623,129403.5934787918
2024-02-02,11.70667565394342,11.719166355757348,11.658857174933557,11.700001272700597,11.703176648600492,421143.6275940929
2024-02-05,11.724153771591592,11.787157855724836,11.706627808929232,11.727713302815646,11.726715216030426,627119.4395076478
2024-02-06,11.988178781914172,12.0539646248244,11.97607616322814,11.977085866992311,11.97514227802185,223231.93384415383
2024-02-07,12.16041905435402,12.15204087702585,12.09929678448286,12.141657557538998,12.144139941175606,249566.86221820847
2024-02-08,12.156903981319564,12.19355711696432,12.100208479096658,12.159525429730088,12.158793373767637,269100.4003958383
2024-02-09,12.308824175736092,12.31297048262966,12.252370490115284,12.3010993701538,12.295548351568906,120569.41008420114
2024-02-12,12.39907080012734,12.436870509435227,12.320466909586132,12.383691403024471,12.386938319403876,349616.2350934226
2024-02-13,12.223434118123858,12.286623537152735,12.23076609326099,12.236535358280111,12.236114113770244,308126.63788646995
2024-02-14,12.433012193190716,12.526762500284704,12.344939554944752,12.417339857277952,12.416723896832304,100645.37787507311
2024-02-15,12.64676919092086,12.667933533476589,12.575562302986814,12.621702913310118,12.622111592016529,270623.285546975
2024-02-16,12.61370196186527,12.704224180579065,12.60578838522384,12.626415433278847,12.625532200710923,245200.7237550053
2024-02-19,12.68005939473956,12.727855128397463,12.697462667653255,12.700468931005402,12.700008761392592,229466.43795129305
2024-02-20,12.523316882756824,12.564894034918686,12.45333821517366,12.511611986693287,12.511531820585676,488418.1139820904
2024-02-21,12.853742259138365,13.00998628321802,12.857732964372849,12.859238759517169,12.86200064017128,415842.9228004192
2024-02-22,12.627003797099755,12.66245996261549,12.607132794360902,12.629208465485654,12.629318758085192,91367.4238686812
2024-02-23,12.762226852918072,12.798454875065854,12.741232972396572,12.770694823336322,12.768287610689493,156183.65108619898
2024-02-26,12.558512242657647,12.598293697661838,12.4395051035779,12.53719177437917,12.535371559882211,100839.30582280332
2024-02-27,12.281505939651955,12.3894884810081,12.206113994549444,12.29921197373205,12.298808371191598,59410.189728343634
2024-02-28,12.281682378579063,12.280847488759962,12.227493726387047,12.26998175823756,12.268359816536597,273011.5239440763
2024-02-29,12.474452186759803,12.49984434390207,12.443077046289885,12.491327248076892,12.491040404134418,167058.0348402831
2024-03-01,12.28804429782907,12.307759038830484,12.246117431230594,12.293170962089398,12.295655834314497,445604.4410628505
2024-03-04,12.04914811622688,12.09795068009297,12.020187999771425,12.069242518460232,12.06983818780195,234236.02171475097
2024-03-05,12.168936452316691,12.168207701675268,12.090898785584807,12.14392370090736,12.148229600786577,161293.9567275879
2024-03-06,12.04745443632292,12.074154469272344,12.042321581589585,12.04370098691631,12.041688245971564,226101.6803523135
2024-03-07,12.122289380684498,12.20531036998801,12.12835151274922,12.132208955675717,12.125985731044407,99511.68273998173
2024-03-08,12.069611287935736,12.148631363844377,12.052079334451284,12.076793700605736,12.072336004858755,184791.09323070984
2024-03-11,12.459204229818758,12.53971236992334,12.404335040069672,12.457590960410943,12.452347557940566,68037.1021690878
2024-03-12,12.192598685399522,12.230140568156166,12.1905562219764,12.19470437512662,12.199573745093945,314739.0615309845
2024-03-13,12.09358349531514,12.119714381669084,12.086420022206225,12.09986621135729,12.104881324522392,143296.14230507414
2024-03-14,12.064667969110385,12.085588615130746,11.9843172734303,12.06362435702736,12.063700529337364,1269739.3936397785
2024-03-15,11.957492015433193,12.040594519294013,11.958318620884572,11.961089384001763,11.964410725600876,443037.0222256028
2024-03-18,12.019200796835811,12.07738499668974,11.960540177366845,12.006517494155284,12.009190277872746,162245.86066260218
2024-03-19,12.148860641227143,12.124560760616982,12.108863622834388,12.11663162786966,12.119366644712176,433914.9022458785
2024-03-20,12.265666019996669,12.282881028353096,12.167116252586872,12.25923363131338,12.257692686633328,434347.00909690553
2024-03-21,11.949461143483648,11.982044803785964,11.864579078076336,11.926700071704833,11.930971958665186,407555.8554688128
2024-03-22,12.04783908339934,12.119404443433082,12.034393740455448,12.046775625302894,12.046729438797968,396523.23391011305
2024-03-25,11.805245184451325,11.820934156781968,11.792899512065356,11.798830495022678,11.802280269466262,413681.1507480607
2024-03-26,11.990047773313169,12.042044064819637,11.978679203474105,11.998034982485851,11.997556425552704,367705.43390069786
2024-03-27,11.988641625040506,12.003235320047509,11.969853259255306,11.9895634263273,11.991407750551408,168909.67613477982
2024-03-28,11.82703641343113,11.855115377228788,11.758316237907277,11.813091705105345,11.813654794769665,272036.4376136576
2024-03-29,11.798276562345526,11.904649285497412,11.77632800505002,11.802858245303591,11.799856964452664,220726.8943169787
2024-04-01,12.039982692031437,12.067149310875914,11.89089786480143,12.017450452870596,12.013899081459067,287065.10101288755
2024-04-02,12.16704658795278,12.19132366806167,12.089804238470846,12.15919215235283,12.16276047879374,388475.04535190505
2024-04-03,12.09171483146168,12.132023106877282,12.077797950207984,12.09125018869445,12.08926945330198,145381.87039208208
2024-04-04,12.104398837151932,12.137103783776292,12.07146684111646,12.11960962665498,12.121060920953829,54636.65271876345
2024-04-05,12.107631536453002,12.130178845395202,12.05599695238828,12.104224213392984,12.110699780176573,127610.247447592
2024-04-08,12.100531808415164,12.13317280129558,12.080162429969178,12.108981766576308,12.10668499076097,291776.7237447569
2024-04-09,12.306144581814127,12.324621522478568,12.213406822941838,12.308344951569262,12.30880934527276,231512.5486701393
2024-04-10,12.445833423721066,12.44654714119417,12.392146936469066,12.43376017871645,12.433291385103765,286372.32742544846
2024-04-11,12.557971259121878,12.575511214244829,12.456476061724992,12.56803103581639,12.567050545554771,768362.6793388356
2024-04-12,12.47780902040436,12.594092191848295,12.453002045856602,12.476221396302629,12.47534829683625,294660.5030802546
2024-04-15,12.67298679009852,12.725801663374323,12.64984080057894,12.664088622770231,12.661235580802677,103826.98555107946
2024-04-16,12.840444433732022,12.856564246759891,12.839558588833444,12.847424120559548,12.843268536294833,696646.05937254
2024-04-17,12.830834395297568,12.947411334766509,12.76231749643247,12.831460788634477,12.83721013762024,480957.72312904336
2024-04-18,13.014676806287966,13.04798226470825,12.96793940064754,13.02176021339408,13.022367663965555,157890.2451906431
2024-04-19,12.665532354068793,12.85138467303031,12.572043948202978,12.669608844396109,12.669025450924597,206188.2001690581
2024-04-22,12.940745155671468,12.9545858925383,12.90771420573417,12.948767407540752,12.945652117770535,207635.93728060616
2024-04-23,12.857615463919377,12.954395790981438,12.832504550554376,12.843433074750472,12.840634831212002,201666.86849025948
2024-04-24,12.579822533135514,12.597581272041236,12.580072309348488,12.597154674592357,12.59544467356178,495659.37205534265
2024-04-25,12.846876687083167,12.947872708815376,12.833720109927768,12.861174470500966,12.86434905986964,338604.688786351
2024-04-26,13.058771619845707,13.110251276423718,13.03110196198826,13.053735784513297,13.05330903313265,257163.10856020424
2024-04-29,13.162119820019306,13.182852263244078,13.083001890844823,13.174310019215245,13.173362340602464,521024.6267958798
2024-04-30,13.087064182620262,13.080604403506246,13.056097251177764,13.077962965235926,13.078262943772284,102058.66224775957
2024-05-01,13.082871214819146,13.089524833739006,12.98534041036068,13.07453945039294,13.074140874939262,288787.5643412901
2024-05-02,12.92367922661127,12.94589194434909,12.866342607545526,12.930730323611067,12.93191765741332,299054.2056654872
2024-05-03,12.847239625083487,12.874832830170394,12.689794556717914,12.858060068625663,12.860772023053707,231683.017385721
2024-05-06,12.821558777149422,12.859445984569431,12.787124314548672,12.823193927221585,12.820009734706158,899362.07543887
2024-05-07,12.98212042209698,12.99476364996835,12.975870631308664,12.98810638598776,12.98511089633084,1019304.6568845152
2024-05-08,12.823168892211768,12.840047482839026,12.807756757564722,12.81901167971928,12.817417598719356,198744.10086210325
2024-05-09,12.695157366589836,12.70311939115996,12.69874345261774,12.70211788688355,12.70344256965544,305679.77948599774
2024-05-10,11.970742560942716,12.140620869296118,11.96529530892434,11.975807349931902,11.97480333886626,165492.46573706463
2024-05-13,12.119631157220985,12.107488232018117,12.054771061317762,12.106606188510115,12.1037078408365,203250.35440736316
2024-05-14,11.87512347568942,12.023328159426397,11.824838711560467,11.881870163981567,11.879168528125318,126260.16075320954
2024-05-15,11.66998521270853,11.688944143592648,11.671498686920184,11.672469682882417,11.67265387770244,472953.3842687601
2024-05-16,11.847034091308766,11.863487189186507,11.694406038141585,11.851214735010627,11.84756058635957,245431.96317424747
2024-05-17,11.903759354371136,11.915315891798022,11.773684448963524,11.896576316103658,11.897389489007985,412367.7985577778
2024-05-20,11.641618776161865,11.647049046980689,11.53090053848412,11.640749375866209,11.640032452582394,478411.9728485544
2024-05-21,11.53682523190506,11.550660192343663,11.504419730743914,11.524541411695022,11.522754188399883,127772.71959088463
2024-05-22,11.491427919337449,11.568271951606828,11.472653370594667,11.494389080821092,11.494058428285092,873407.8896225154
2024-05-23,11.82128898501969,11.88182708149119,11.808299454559368,11.824930664277105,11.826606711730149,251862.86745444304
2024-05-24,11.65612579282922,11.702751395855785,11.600689667467204,11.662192129237724,11.663630909933596,227999.67245569755
2024-05-27,11.786224184923066,11.814461755950212,11.698016436827409,11.784904908339762,11.78556021050378,191963.3120657169
2024-05-28,12.057910936234064,12.06919384986065,12.010602074743382,12.05335417621284,12.053428504523623,311201.9532475836
2024-05-29,11.965103891300766,11.994650093597294,11.93034001367058,11.963923304387546,11.963349460800428,196177.52043410283
2024-05-30,11.689474075048649,11.788264386389605,11.624885903743406,11.68201440700552,11.682035045465824,259604.61760095504
2024-05-31,11.245289962281593,11.310125110229158,11.186158586145588,11.240773606148808,11.236555221987569,302294.7667844946
2024-06-03,11.55859839842246,11.596355980441622,11.502707764410856,11.55155559302452,11.548452729589538,177667.0442003075
2024-06-04,11.542745387033683,11.586551018541996,11.490744252812382,11.518484899025587,11.520632020241052,590887.213930125
2024-06-05,11.48729318931374,11.49100017676846,11.425065987259192,11.490095468458684,11.489990249926384,238138.2885155284
2024-06-06,11.624845954088569,11.660754223705906,11.530767876427898,11.615652890934586,11.607780080513711,312359.07267558924
2024-06-07,11.863249885957243,11.984588625689724,11.840411578013574,11.873412638245984,11.867709167169744,450764.5456326309
2024-06-10,11.867078287443436,11.904998161130992,11.793651480022156,11.84788047580227,11.849039125031211,278426.4068752501
2024-06-11,11.603204508905204,11.65546161244498,11.577497606857612,11.602312623208418,11.60298773064507,153295.54571366275
2024-06-12,11.18171985875406,11.22430632729574,11.167593017338731,11.177504858892638,11.177309217167618,234052.71594191436
2024-06-13,11.593168099302952,11.645281336735149,11.55142260303458,11.580907203791648,11.581803145636172,772673.8936913796
2024-06-14,11.650433381250885,11.71622581158931,11.585207249097456,11.633225694175792,11.63439541807226,130632.20285119727
2024-06-17,11.857555399245236,11.903901336538045,11.856760585435351,11.858881692411153,11.861153784818638,255303.9564072467
2024-06-18,11.62692563559074,11.644916441621389,11.60220176499581,11.6330182154627,11.636801653642046,193492.26494114517
2024-06-19,11.958127146841251,11.978822003948824,11.974806094780469,11.977440091671824,11.978101320468534,124995.19208315563
2024-06-20,11.915942978083631,12.013790119012608,11.87183910714984,11.89912583953921,11.901800014802143,1207715.8634426252
2024-06-21,11.926340854868934,12.01752271611107,11.853165326136924,11.93105224101014,11.92553545902169,124919.6978861655
2024-06-24,12.022613998426236,12.081547193196132,11.98225219315037,12.039337614153162,12.043986302367394,163667.96533467268
2024-06-25,11.689281615109534,11.722908117712713,11.672813164510892,11.702502267059078,11.702070474887767,530747.8142616258
2024-06-26,11.722400098543488,11.79983398450901,11.686227823663232,11.715053030796216,11.71316091786111,109100.85244591194
2024-06-27,11.593392831425716,11.596536977684124,11.554583200291749,11.59065532518692,11.590122255270227,389713.3274010614
2024-06-28,11.696742289365869,11.74235471227677,11.668994107616156,11.681008543202118,11.682995450233534,72495.21651359276
2024-07-01,11.698621407365357,11.709279566222593,11.648484465474244,11.689054792259544,11.68863246830889,261925.1273681868
2024-07-02,11.81769031335141,11.94314833106654,11.707771387881625,11.814457874288728,11.814457874288728,192586.16410693436
2024-07-03,12.02137631100608,12.026658469697791,11.98249232125561,12.016955633308877,12.021270752270638,418903.0856577609
2024-07-04,11.995221500853486,11.989200995058692,11.87521478505617,11.982246690224605,11.981042408217917,389490.6263277518
2024-07-05,12.300805833790022,12.379509088996093,12.290717834864251,12.29990227673075,12.304508119276312,389940.0155001465
2024-07-08,11.953129749589598,12.036537760777644,11.934083362851444,11.981759662170305,11.98081243298292,336965.0298748665
2024-07-09,11.881627316290766,12.00792882797689,11.869997918195738,11.878783839628657,11.882920038830893,118060.39341043918
2024-07-10,11.878825513668357,11.911448659772184,11.860470789531428,11.894937893223153,11.894764100718204,175189.44508622694
2024-07-11,11.78654615231545,11.951721477845476,11.727223575702094,11.76777395755408,11.768329313672464,92379.17364019634
2024-07-12,11.582352964673635,11.585370577962916,11.562511583446506,11.572564229221449,11.568436662065212,177150.9919009473
2024-07-15,11.74436821259222,11.758037120231704,11.715834689490812,11.723289508946314,11.722568363375174,301327.98109155154
2024-07-16,11.563919380457513,11.603679736079982,11.56356999056472,11.575288916888931,11.575398699156748,849921.9565836332
2024-07-17,11.346401160519555,11.376114385797065,11.333256691651885,11.342083278298448,11.342907042670983,110162.28193928416
2024-07-18,11.241112277307032,11.369809781951824,11.138873357521112,11.262993300662693,11.263416358142502,253011.8097107864
2024-07-19,11.140769710789922,11.189542512783518,11.10121309142976,11.130443860133967,11.130091107062457,130202.51246822254
2024-07-22,11.058184684753884,11.090625693279067,11.009949841252944,11.062275946181908,11.060001404711237,314078.20309938095
2024-07-23,11.134889768533936,11.21280637550173,11.11745420688017,11.13929682897736,11.140390694429223,133283.01251838377
2024-07-24,10.957964944541288,10.992102803673674,10.951331902739131,10.975763049564708,10.97707130674012,126483.9881287764
2024-07-25,10.844197814636429,10.888179399792062,10.80617324709823,10.843756987828865,10.845632376506211,449051.6076462077
2024-07-26,11.310956767122844,11.323213419717517,11.299415993965216,11.310892038680889,11.315124823631134,179387.05165893649
2024-07-29,11.553398264023388,11.55657368896144,11.5467879356393,11.548175719221272,11.548180288875708,486643.1247187815
2024-07-30,11.721991270966445,11.736876364018348,11.596751692808542,11.706312701367343,11.705079759253984,284848.0312622264
2024-07-31,11.53459781025905,11.54447246324398,11.494319488550266,11.542929369948094,11.5421378470527,345597.207192599
2024-08-01,11.274005330532225,11.281142468901477,11.243318212110031,11.261154080001184,11.260985310042964,195648.5890843084
2024-08-02,11.155357567493242,11.189728331478108,11.138250184455096,11.156205349130488,11.156219568728767,224481.2830813347
2024-08-05,11.32509896350916,11.340330204201411,11.236654167343636,11.311597174037242,11.316282198926707,336233.61573813745
2024-08-06,11.474522572705297,11.472765345925046,11.453495382361082,11.470835602883373,11.471351327991387,115556.96489233054
2024-08-07,11.422318632672935,11.55489240751325,11.334692165264656,11.42543947609002,11.4287170288759,117785.3385979178
2024-08-08,11.410859055705869,11.48618782495648,11.374331636717107,11.414462950182704,11.41923434037922,522926.99738576775
2024-08-09,11.514865544683852,11.511688889540878,11.388388295958917,11.50256183854908,11.504173705078658,445665.4591945651
2024-08-12,11.474493102701546,11.590573607741796,11.332252604361528,11.469623128631005,11.466846566664744,894456.9657967172
2024-08-13,11.391758091936032,11.420499762116007,11.359716794879343,11.402222892397436,11.399555795025444,133894.76300343958
2024-08-14,11.36986238384226,11.494601646676893,11.331881623468304,11.371763484799406,11.373879629247442,290205.2946276165
2024-08-15,11.623993353088828,11.620116146544758,11.612691675991456,11.612956245594717,11.612631241715544,94020.30331937846
2024-08-16,11.628717218548974,11.691700174716637,11.57663712851957,11.632128933475864,11.632898907552368,281065.3784515652
2024-08-19,11.581488376695038,11.622815317186635,11.518695461319668,11.5727970491102,11.572995017261563,518134.2464455167
2024-08-20,11.64364138729382,11.667259971418227,11.611353433490018,11.631135285249488,11.629516627155253,226133.3847272633
2024-08-21,11.359055564351204,11.404141533074736,11.324388340311192,11.34070829948406,11.341986420951478,122722.39937526024
2024-08-22,11.09550412910123,11.121234645831011,11.073072543877116,11.099980941234914,11.099505395238925,379902.75436678674
2024-08-23,11.08037973589555,11.141087044539765,11.010180381428045,11.077128475494243,11.077525438918723,165579.34371499656
2024-08-26,11.337016784330457,11.34548280134436,11.252726214036157,11.3330821081763,11.333195786636107,753513.1839618633
2024-08-27,11.33290487004957,11.330899255686404,11.254672874545795,11.320542453815817,11.324345093584332,54667.310329586086
2024-08-28,11.38357699818915,11.405329860338744,11.336598049096654,11.392553181509792,11.390154803581508,439724.9365662286
2024-08-29,11.322610245491454,11.405798840351238,11.27775551848229,11.311762624693236,11.308656918107324,115903.26902493925
2024-08-30,10.814040135684008,10.850007337827062,10.775663130266633,10.818684643301427,10.819502304239256,98654.83517446063
2024-09-02,10.542499122273828,10.635080024940857,10.48478350151944,10.545985324174872,10.542614081784148,382474.3527239671
2024-09-03,10.62569946348146,10.656949150567335,10.608463614616625,10.62769763925056,10.629624143669847,339094.49662461673
2024-09-04,10.751586760934533,10.774822621090651,10.717153421043156,10.760526884032313,10.76188427328651,176046.99062469316
2024-09-05,10.871859834306566,10.92178390467909,10.84074498007224,10.875246870859849,10.876517403388672,225854.67535932668
2024-09-06,10.70298471361718,10.750733768249171,10.562891153879812,10.693601389766028,10.691652091850326,139529.70700240982
2024-09-09,10.489855276876703,10.496398390741804,10.470646839531184,10.495780546232991,10.494460143506704,133952.3661593821
2024-09-10,10.385490617056217,10.392476006511918,10.314094011435918,10.376209830911291,10.37513010963198,264120.38838899886
2024-09-11,10.372304162606166,10.418734125943576,10.349270979006748,10.388739668263591,10.390530628474668,385488.6350261398
2024-09-12,10.27123758491146,10.29661561625314,10.238036331529212,10.267057524226692,10.268574439228107,392372.6360527717
2024-09-13,10.254081165184054,10.263270200510242,10.209527508611956,10.245450912092888,10.251296726702686,92694.95897668514
2024-09-16,10.478993721316264,10.510747376349611,10.437801065811746,10.483696767862192,10.48423865933537,654132.6531525893
2024-09-17,10.168279698118264,10.254977145562355,10.157218637003814,10.18131981262863,10.17833904136278,269927.32520119083
2024-09-18,10.19496662936518,10.236853530685552,10.17081567413997,10.185559061626774,10.186736928080531,314299.7825377224
2024-09-19,10.231802357028204,10.311334452177434,10.204090466183183,10.241516362204637,10.240729091451067,468216.1513656257
2024-09-20,10.728323168003412,10.768776979285718,10.656116020512624,10.724558687100847,10.723985581914013,195547.2548449285
2024-09-23,10.962382870437354,11.00759232641681,10.951325110215189,10.971587572725868,10.971451856612218,511018.8104187421
2024-09-24,10.978338888548109,10.993184682172268,10.96953237114435,10.980936469862858,10.98316171414101,126758.677134726
2024-09-25,10.882022195912713,10.876072720670075,10.80054735573908,10.856811398354925,10.859077442525312,136642.7657991205
2024-09-26,11.08458362991209,11.079979788101186,11.022586222225154,11.069506873802531,11.063909909189634,121398.71521700975
2024-09-27,10.991829178404677,11.03181137132327,10.910763125196716,10.991427989677746,10.987862893543973,507779.9192113488
2024-09-30,10.982009125289528,11.018108438484324,10.957014385100878,10.981068040874344,10.981862641880555,275339.1281894229
2024-10-01,10.929247137151178,10.96680002309582,10.87805402025945,10.939090038156726,10.940115307591638,204064.81961752227
2024-10-02,10.842819226053331,10.875454371334806,10.843955515591686,10.855193373693853,10.859310280161726,264004.81174935005
2024-10-03,11.062958052233844,11.074474575935724,11.03226939664084,11.05980011843632,11.06494992607381,179374.0339888749
2024-10-04,10.930039227020313,10.95113789893842,10.868801627963112,10.917497251087012,10.921826919154572,606982.7348377309
2024-10-07,10.724122132672449,10.773272304533974,10.72973360582589,10.738122341818356,10.733228456105902,238019.92933386847
2024-10-08,10.874157825600422,10.875643283708287,10.855514490697407,10.87329427395089,10.869449619710744,54999.93892990415
2024-10-09,10.767088647662614,10.772314415694506,10.672148093528298,10.767331579669714,10.764623225995798,251113.303751148
2024-10-10,10.8736740009384,10.936460830400645,10.812501537036418,10.87232115982236,10.873726375076137,403328.72700228106
2024-10-11,10.647613073599574,10.67081676489986,10.578990004739437,10.637660336131598,10.63505345174185,296644.4197090795
2024-10-14,10.5757890920276,10.580615769460064,10.534019738234845,10.57417982825836,10.57270139686564,228862.75895727836
2024-10-15,10.596588496020232,10.59458505543543,10.566003799970863,10.589291848021682,10.590938913564791,382744.5287573321
2024-10-16,10.114416997317274,10.171206530149624,10.08786290290698,10.125901075549432,10.126258593872937,637998.7538627748
2024-10-17,10.059148324061324,10.103009969948042,10.066152972547249,10.067810224441752,10.063781193435029,195792.5941588247
2024-10-18,10.36833918145458,10.430461815371752,10.337838712850356,10.363674636983893,10.362823820465456,356229.8434860947
2024-10-21,10.439684962754145,10.457489026222913,10.438277312894453,10.443332262650022,10.441314518782832,231106.6133872783
2024-10-22,10.311518550656086,10.346220678490058,10.244426093209407,10.283820843294016,10.287249326556408,288920.42322019825
2024-10-23,10.226605510265514,10.362572015037689,10.196993623443756,10.231375506163282,10.234414107680449,389426.7253697975
2024-10-24,10.085325870493527,10.187245371320447,10.059605588715252,10.0634358703407,10.065362702656047,531600.2796008604
2024-10-25,9.984890479910858,10.084281098041505,9.93359991995908,9.997084918847486,9.992548037126486,318722.38428891235
2024-10-28,10.303127974281397,10.324113124930973,10.274001071865127,10.31106089135498,10.3170993148988,138353.5154031959
2024-10-29,10.06746157887188,10.06799144080199,10.04368763347959,10.062328256805715,10.061133391203484,76619.75662269197
2024-10-30,10.050235668751968,10.136866098507694,10.018432040712728,10.055986679248868,10.05419974336149,273778.16392034665
2024-10-31,10.17992221203293,10.196138458879116,10.089253809864031,10.184608716070068,10.179289862206762,712935.0792860587
2024-11-01,10.221294717558193,10.321176284207777,10.154297183571302,10.225542609452177,10.226246750250004,314332.3524594662
2024-11-04,9.834384466929604,9.923378665069128,9.77600072522289,9.831306412120185,9.834181183309454,360788.89497941744
2024-11-05,9.95550817160036,9.980988652033028,9.87278005063621,9.96589496677689,9.96524843050366,177148.94560806314
2024-11-06,9.891719662204595,9.990968541323998,9.832517154161463,9.906554903820076,9.90674252085453,476076.2594664616
2024-11-07,10.06767827124217,10.120844077979084,10.066888027962056,10.071045711339307,10.067203082371472,350913.3744896744
2024-11-08,9.86459625807364,9.873291798456147,9.862630204159638,9.863773628365337,9.862809194155828,161269.5242845734
2024-11-11,9.969662680729831,10.010811404314149,9.9499884692165,9.997804643357114,9.998943409371412,347719.95929311594
2024-11-12,10.063394050926734,10.187086160034514,10.052342272750783,10.080830079575954,10.084669400954102,178886.18731855805
2024-11-13,9.738584633894783,9.724821747390475,9.621139661193038,9.720593344741918,9.721840127618842,320159.3897647016
2024-11-14,9.691433704659294,9.75705819831126,9.66703447438088,9.687204332918178,9.686201582472249,656418.8105069378
2024-11-15,9.425349038476933,9.441426463522342,9.413350104439097,9.429539079082788,9.430386210168184,534005.0701848989
2024-11-18,9.63485735021172,9.644444578881725,9.589700398524228,9.640209879776537,9.6409261407396,135267.06167496176
2024-11-19,9.710742085157294,9.743743116456749,9.670903748115808,9.704410292554195,9.708369451408783,355783.9287979579
2024-11-20,9.736467997602285,9.846889719697888,9.701119676806476,9.729179743995427,9.724498577575844,215497.77686102703
2024-11-21,9.667270918554436,9.73559244814891,9.589097235227936,9.671190421959617,9.675436838920744,76876.84859120921
2024-11-22,9.745796845125442,9.794656931170232,9.732786853547202,9.76015530551737,9.757207457573644,234492.63153330504
2024-11-25,9.749570126961736,9.869075428966337,9.730585538861863,9.76137017848845,9.762794992920936,418624.3193005006
2024-11-26,9.727250143117775,9.743467594327036,9.706902698535291,9.712694055813952,9.7145695469038,135919.87091538738
2024-11-27,9.652497220564012,9.695748564393057,9.613968794376085,9.639073062913743,9.639832849808933,411579.7819736946
2024-11-28,9.55670501322552,9.588733094574051,9.468912707559053,9.554278896971786,9.556268925865927,542034.8017577039
2024-11-29,9.305214628419696,9.358799088547542,9.295541995889216,9.31194598272033,9.310665138301491,338811.8734119723
2024-12-02,9.418620055930912,9.414969853609412,9.335587719967853,9.40246446032156,9.40457121928089,177965.35564086173
2024-12-03,9.390094164961958,9.431769513393265,9.33579637049943,9.393737555022543,9.395645048541825,486304.5489483622
2024-12-04,9.626095153866462,9.63391421795608,9.593379806903302,9.614889309195137,9.6163463891907,677793.5420184152
2024-12-05,9.841736764801835,9.856546582086144,9.84062587074821,9.84287834751555,9.842718404579054,206174.52927740625
2024-12-06,9.968701141668062,9.964105839746134,9.920329873543835,9.952908822880742,9.94971160708402,181338.89129806572
2024-12-09,9.869360128179004,9.899921831203944,9.865810221329244,9.878948723175624,9.882089124371712,165798.10357249837
2024-12-10,9.8225257361793,9.848509025624876,9.790393685165208,9.807942422920313,9.811347976764916,196309.01023807388
2024-12-11,9.821409298073114,9.827367914660403,9.775582699851732,9.817278170318522,9.815495048259928,95406.27749301182
2024-12-12,10.235904544268438,10.26866010818369,10.141584089825724,10.228294950812865,10.231075372822591,306729.7896610597
2024-12-13,10.211715296587858,10.225027875347172,10.200555800625455,10.204053703574582,10.20182635414542,422238.4302935548
2024-12-16,10.15768699102358,10.17225835181858,10.131235696956288,10.154444544774591,10.154696116940558,608267.5274763941
2024-12-17,10.228156014598405,10.224852416061832,10.176110020935878,10.216765439575475,10.219067329873717,162803.89565163566
2024-12-18,10.238915387962866,10.308656816738296,10.163800062993325,10.24659975594546,10.25003245685836,396848.5051071864
2024-12-19,10.154886096593923,10.237075638477108,10.082787760454584,10.156137511198896,10.157821704093692,280430.0372006856
2024-12-20,10.330087507282473,10.389367482043252,10.30747157379163,10.339181937756248,10.338785830362411,135480.98410010614
2024-12-23,10.326495096984203,10.334200796197662,10.25296164225608,10.318510499469223,10.314719586822894,331961.45085124427
2024-12-24,10.362947121709729,10.452000387973651,10.328423463697089,10.3722025269055,10.371541745871014,554727.0369306562
2024-12-25,10.622647655619094,10.672096718583186,10.613677897749392,10.618945110571168,10.618869613493835,339719.3473663322
2024-12-26,10.59858149145879,10.66826074493627,10.577467816974917,10.611628656325928,10.609989840596208,650251.0292093599
2024-12-27,10.819724360147127,10.89013989381811,10.81266331232574,10.822324589185968,10.818139966043717,448155.37840625335
2024-12-30,10.886675720641566,10.99615072150878,10.7915839442854,10.897707913793225,10.897260895244834,313174.12959474965
2024-12-31,10.761822627002054,10.8064583552552,10.76174933996487,10.76369171299267,10.759537106344087,251468.25369505936
2025-01-01,11.00685995264744,11.08092045754074,10.969681717246212,11.008251181453248,11.00664905908593,300443.16948741005
2025-01-02,11.405235793060529,11.448347747693177,11.391552492052911,11.399375290979128,11.399064995907093,906993.8133465804
2025-01-03,11.573770665916646,11.621176868210258,11.490036483535915,11.578125615700024,11.57862337115425,156659.53951397954
2025-01-06,11.544035418706924,11.57764662257284,11.42653516135345,11.54965359987017,11.54671062680718,311580.6211042454
2025-01-07,11.878783594578932,11.943058613572443,11.81882006768648,11.855946985467636,11.858668744932125,186246.600794731
2025-01-08,11.94343434702106,12.013996314117705,11.829027562278116,11.943443904680516,11.94589076704841,595453.2171202548
2025-01-09,12.002956997883658,12.018722903504662,11.892022785766796,11.974917254851896,11.97318413460655,349241.6734789846
2025-01-10,11.90161097520461,11.947653452709863,11.859741196688883,11.878342562665337,11.88096630376514,122938.1261353623
2025-01-13,11.934626341761922,11.944670313776244,11.884861245776897,11.926348116638248,11.923825672104318,359384.37371132727
2025-01-14,11.532939039471035,11.57759729439034,11.47890652743095,11.53107765690978,11.525993994657645,168808.88831320775
2025-01-15,11.555874683443816,11.587064190894871,11.540487745692484,11.564392910638633,11.565827137371055,171448.7022439236
2025-01-16,11.894602174111045,11.908751043385962,11.863967062611154,11.90190915042898,11.89734908152449,676780.7121240598
2025-01-17,12.063174314003843,12.15599857683299,11.99146307124892,12.070377860528554,12.070507268519458,353742.2209959245
2025-01-20,11.862142371914144,11.865687577967329,11.81741040664714,11.857919708732194,11.860206198705496,581661.0213797332
2025-01-21,12.080991427696077,12.08836235632179,12.017539931360592,12.071059938423764,12.0757835824769,364701.2566776156
2025-01-22,12.200222399433844,12.333518830961795,12.171946119912516,12.187174746625743,12.191476592625635,332389.94494169176
2025-01-23,12.600300027820005,12.630887225416492,12.604949105925272,12.622063030163927,12.627183535962784,369261.3897932658
2025-01-24,12.597537577463664,12.67236578982192,12.56278097701018,12.617000661497093,12.616080645992474,90218.38775017236
2025-01-27,12.976100617565734,12.999063208728836,12.967880693489771,12.975745744591483,12.975450578763065,243326.7199083097
2025-01-28,13.160087865915358,13.309389273115396,13.02514122836997,13.162647603151711,13.16600876342874,209317.4768979761
2025-01-29,13.077970354975044,13.179111339037918,13.043956027965669,13.069331835407798,13.07224191226226,152877.30068252914
2025-01-30,13.466837218554794,13.509555318564171,13.464671900472556,13.48611959334442,13.484569626255016,264601.6837213542
2025-01-31,13.518394341793496,13.510547112952532,13.48927750758082,13.509824271334574,13.509891939419132,146006.62023203212
2025-02-03,13.6959917541756,13.774738718330926,13.596756222075442,13.698645241399689,13.70308477101783,431968.4560700805
2025-02-04,13.812509776262871,13.84374954958633,13.75552722300698,13.822123267923663,13.822685625474463,345073.16569892503
2025-02-05,13.974449396499274,13.979895727794387,13.904684012062422,13.954456803361731,13.952540848477176,365286.0845515028
2025-02-06,13.70025532795074,13.717687852810045,13.687315701504088,13.69319759272622,13.69189702803443,237103.12858439915
2025-02-07,13.901934881201177,13.935696477841208,13.829111538201522,13.925257385506615,13.925369000152171,984065.3661538172
2025-02-10,13.68852384836256,13.732546797077914,13.644104698670914,13.699020040184998,13.699320686722912,736050.9344828299
2025-02-11,13.944174923895472,13.98887591814571,13.869829984046364,13.953562254577912,13.953949814441932,159804.3573903419
2025-02-12,14.339027658497534,14.34154673277506,14.29698582124338,14.334626184595502,14.337750047707196,1038601.1510211074
2025-02-13,14.656478736071188,14.670574130401196,14.636666143970016,14.658785558860885,14.65078411089334,219519.7280358245
2025-02-14,14.576456742651882,14.596904432668072,14.455542432238326,14.57253364053506,14.566388465434548,188295.41973829875
2025-02-17,14.260348997561804,14.296872199919354,14.226028348547889,14.228635455404625,14.224466332305294,491088.71409389545
2025-02-18,14.611922518512817,14.716777191228944,14.588511261019846,14.600341549663518,14.598840793067506,263747.523678884
2025-02-19,14.5871412775475,14.75025736782382,14.454342755977237,14.57939315929614,14.583775540206208,328712.0126752472
2025-02-20,14.794366048990488,14.92276646662029,14.776300995054807,14.788934050659664,14.79198739405728,593628.124198098
2025-02-21,15.228574770645608,15.250249405864912,15.16762742795684,15.23255544094148,15.232776958364632,195044.8695317864
2025-02-24,14.989756987492436,15.022453589132995,14.964165338606929,14.994072821620518,14.99189139421596,126616.97154468793
2025-02-25,14.86029451326545,14.903112212096426,14.819676206945203,14.848389218437696,14.84268028275004,343386.2540583367
2025-02-26,14.23815277830198,14.322975375685711,14.136788675135566,14.224619078924832,14.230593023058209,41669.68994702369
2025-02-27,13.8882662256344,13.925273345606016,13.801484942888782,13.881746415489228,13.878399446762302,225088.40600362123
2025-02-28,13.574320698782712,13.61684611679276,13.516106181801984,13.546392907347869,13.5418104703494,139332.3876312014
2025-03-03,13.518386886770944,13.568710245240862,13.504402491540477,13.528235027584984,13.53094284773398,250157.9400060408
2025-03-04,13.6518245669803,13.816956029367812,13.61422460108459,13.665017590126643,13.66754710136244,126496.41956322288
2025-03-05,13.824753463933208,13.831824132040174,13.719239937479614,13.819425386791188,13.822609158907108,464603.6647375079
2025-03-06,13.489501047558797,13.530843537127083,13.436426452333016,13.493292281058029,13.493479297269948,121901.96435018044
2025-03-07,13.561927390999738,13.571999983359712,13.50742317993774,13.543241659266052,13.543261511368408,332563.18886941177
2025-03-10,13.252989008444407,13.26492325372386,13.198200976566554,13.253695095171206,13.25621521348214,346845.59888688696
2025-03-11,13.77478451647861,13.797688028512454,13.739397482298628,13.77611726291655,13.77222333185203,298167.76568678184
2025-03-12,14.1842429120863,14.320766815368351,14.175801550239065,14.194751121556806,14.194832141072611,259871.2889026122
2025-03-13,14.38605525242806,14.408639656287136,14.36465085677892,14.374071105854528,14.366229345680182,288659.2497448982
2025-03-14,14.416541247315232,14.425749966929294,14.275716050684167,14.3965124025758,14.396666150850118,320627.9147753906
2025-03-17,14.388649699888784,14.473003997953516,14.368118962837116,14.393436888885788,14.393773274678097,111849.59652334542
2025-03-18,14.558436536114574,14.761050853858825,14.508045045398053,14.580383944551016,14.578711472191296,291343.2492484304
2025-03-19,14.70631866801552,14.705983215057488,14.578271686922765,14.688035112655276,14.69311159711315,146435.72230514954
2025-03-20,14.05675161240345,14.139831460326162,13.990380316603517,14.077241249239592,14.076511294034592,208763.8574040862
2025-03-21,13.973188844293109,14.13309555599872,13.949750331025385,13.975196693194444,13.976416265088092,273172.9425551357
2025-03-24,13.898002939953086,13.934115551449018,13.890694338633883,13.9042104642042,13.898644579480514,85787.82276235857
2025-03-25,14.325650368905054,14.376229692291696,14.310014374046544,14.311953004301383,14.30612849649395,162707.44512228027
2025-03-26,14.565941996066869,14.594554282248792,14.562599392589872,14.56597109705872,14.56475021851601,312202.433325247
2025-03-27,14.629419609900648,14.65282536877663,14.514530480643629,14.615464305335983,14.615187445796334,409844.57213038753
2025-03-28,14.625341395672978,14.662157669436905,14.52948942370445,14.629982685011685,14.628271893164376,97172.19218322186
2025-03-31,14.680343557831268,14.768509473416628,14.65736988376246,14.687512674713137,14.691132576800191,160987.2277847703
2025-04-01,14.64275230794297,14.740924331789062,14.569046086329866,14.64394317204583,14.63874796403405,80571.58180046162
2025-04-02,14.656964946632632,14.750020914971174,14.633238531365205,14.64805291652324,14.650541668663164,699387.1198535257
2025-04-03,14.948571374678936,15.107740189848837,14.914058783085624,14.95316977334414,14.955814760385936,255230.28210342917
2025-04-04,14.612260924261133,14.605521796199456,14.532469274103088,14.596779339330546,14.599451175419356,189040.31506485827
2025-04-07,14.50840347164342,14.60491946329435,14.467263293984146,14.525327889362218,14.523296628709014,327188.7596717601
2025-04-08,14.829866096141394,14.873482362904328,14.665865323572978,14.8317686907077,14.831873073980445,219900.09617751243
2025-04-09,14.727117887767688,14.78936725044925,14.66326308826868,14.732285445151376,14.736368629112953,273873.06798901584
2025-04-10,14.19222550691241,14.314465189837248,14.153380468378572,14.183183522579554,14.175983012939414,208740.55801521157
2025-04-11,14.378340946339614,14.441134264202796,14.298424194343156,14.388693510235344,14.387354744568864,86682.36556346068
2025-04-14,14.661660357289678,14.799187202930256,14.597325738223123,14.66545971481523,14.663687001425162,303074.3043855848
2025-04-15,14.361624493322532,14.406302697054144,14.375275348604136,14.393605768307715,14.390344172567955,707341.9292097484
2025-04-16,14.047968428352643,14.120750248325932,14.019416605514843,14.043115124690203,14.043712115220792,828413.1151036163
2025-04-17,14.108929010491709,14.148373223701364,14.121214064304365,14.123155004983431,14.121889853724134,396069.5871117162
2025-04-18,14.273535202606542,14.29754063581698,14.20813453269133,14.264870745107704,14.26191237440989,285686.595095944
2025-04-21,14.2640212832269,14.270632396422185,14.220565990718397,14.257791412990032,14.26093684903242,194451.98528266183
2025-04-22,13.896003204440918,13.895984978897506,13.864341849444838,13.888573573571348,13.888024335393478,494038.92849188985
2025-04-23,13.81439756792411,13.811456419042484,13.75284758031185,13.809673532392225,13.80677064692382,83373.00222867208
2025-04-24,14.163485415605717,14.235335881782342,14.167853705256404,14.177580433008789,14.177029743193756,141741.52716876956
2025-04-25,14.294011282683206,14.357680975840406,14.250944725087413,14.303040635305392,14.306846326924116,432950.4825980417
2025-04-28,14.180721576044336,14.284254077743167,14.160212859578843,14.200902215869029,14.196257118426892,202457.1331253336
2025-04-29,13.961885663338228,13.978696117031523,13.907228314450338,13.96420296836964,13.970961644886415,110976.7228254092
2025-04-30,13.923423894420582,13.972276374956566,13.843615183743749,13.924860875909843,13.921051776928456,488890.0252859072
2025-05-01,14.082649157659937,14.207489494611444,13.960746553360394,14.10051564943909,14.10109598466214,687279.434384139
2025-05-02,13.705103924199747,13.815622355660738,13.71361835319453,13.717199154997092,13.72109194559159,96720.7062566945
2025-05-05,13.55428996698692,13.55031159867001,13.4693203939087,13.535235379645131,13.533526903978956,572447.8419184291
2025-05-06,13.857527123259011,13.881699535382069,13.78245128490143,13.853045263073106,13.858658923255485,201855.6923474672
2025-05-07,14.254736392483508,14.325684349757235,14.170866487881025,14.254878581100376,14.254853445681716,475632.4166719395
2025-05-08,14.441394587412418,14.45784945209851,14.362494327760896,14.435785045401266,14.439558894989172,87730.63257990098
2025-05-09,14.437284860466074,14.541977027716865,14.375058728423724,14.455401456482168,14.457866805505365,153721.89252761353
2025-05-12,14.891381486322718,14.920763312120542,14.795626491105612,14.903362842817447,14.903362842817447,192533.27391037575
2025-05-13,14.857244435704724,14.891961847893752,14.772330437636304,14.855332988560788,14.848789987715524,1645662.083888983
2025-05-14,15.307278506233278,15.322433780859164,15.277218155526452,15.303948217713344,15.303873692123323,190630.0645792768
2025-05-15,15.294151188071105,15.386790126735985,15.26322760692274,15.296231167609394,15.297529147184298,217098.6294111739
2025-05-16,14.981127264950484,15.066318493534345,14.959557725783322,14.994832778528712,14.992759232936695,200865.6662552235
2025-05-19,15.385247813976552,15.442461130416492,15.389092916969116,15.394314765759736,15.394944151256654,258563.19595928604
2025-05-20,15.805554445592636,15.930853672619213,15.677460645205947,15.795273750807077,15.798688646201557,338979.3872074474
2025-05-21,15.788139371713738,15.82501756419889,15.689559845542702,15.78073031822674,15.780317655523216,489981.1295255228
2025-05-22,15.844943862374915,15.92784360587095,15.76820555362336,15.850646400741038,15.852185970921688,360727.4489935789
2025-05-23,15.69269080715683,15.764736555659445,15.633317227243376,15.665110190303736,15.661234892358642,364556.0090769158
2025-05-26,16.278676167455632,16.329272751217836,16.116393355645922,16.2728444675122,16.277049050132355,212875.4031140061
2025-05-27,16.430348637665862,16.44783881911849,16.41852525643609,16.424343635693585,16.42071293171209,440648.4182737619
2025-05-28,16.15589711516425,16.300069852394543,16.100525071487553,16.171559359529336,16.170455614374717,91855.78260795254
2025-05-29,16.247989501578953,16.40190828405646,16.171869642295363,16.226122888687954,16.227047934902632,179991.91960407994
2025-05-30,16.549023978200438,16.643161852838904,16.46968552456374,16.562113511103927,16.558912996334254,327991.8228106009
2025-06-02,16.410378741112716,16.486980541812716,16.332442537317974,16.424345980168585,16.42694136883948,197159.77760820667
2025-06-03,16.166383552368757,16.242971281045207,16.123628182864763,16.140269994908987,16.143594557355268,186866.16476588856
2025-06-04,16.132096648694546,16.137882446806895,16.086024504655466,16.115100242049703,16.116523846730345,102394.79995060312
2025-06-05,16.076247150338517,16.113755346705062,16.016139896902178,16.077544004029395,16.074979610481858,895350.5206099064
2025-06-06,16.151172129478304,16.163577828631038,16.132963454447246,16.153274306749967,16.1535240402908,247757.096170189
2025-06-09,16.107105286433708,16.141202796986207,16.056435995640033,16.09504735311711,16.09064767928655,167059.15436851085
2025-06-10,15.990736813094784,16.03874697150186,15.920086417976751,15.982637313720153,15.9861871970953,1004996.5549203648
2025-06-11,15.613957811012174,15.67590874073907,15.410402828177912,15.62541512592869,15.628976422067092,88346.5228282971
2025-06-12,15.791298409094882,15.808878308851437,15.76065454599646,15.791383501887266,15.791657667275093,243787.30380296867
2025-06-13,15.863044423391628,15.97569442929236,15.785433163863948,15.851425400678698,15.84879795764139,131509.86768638704
2025-06-16,15.911925805531087,15.964144003342032,15.714212265258547,15.903842907584432,15.909642380185897,326705.239344797
2025-06-17,15.396448329502553,15.446373247903106,15.35952054571036,15.421521900091111,15.421234346729385,608878.8476513634
2025-06-18,15.293511689476428,15.378913172817317,15.206210273692074,15.29874311853532,15.302074465276668,102582.27865761946
2025-06-19,15.583264992721864,15.73070826806265,15.582702579720888,15.598504314628512,15.594341751708196,125292.42435134931
2025-06-20,15.594730973258637,15.661051035206269,15.579389948028636,15.58607908167794,15.583341098580252,326240.63873958006
2025-06-23,15.510807651358013,15.544017028246184,15.488584335986388,15.490349816915392,15.49396095714552,182348.64316521373
2025-06-24,15.688338821761612,15.674588887413323,15.64667377286567,15.674105065896208,15.683810212897518,289530.5722505499
2025-06-25,15.618597624620657,15.854494608012503,15.549823071751568,15.620869474517146,15.6206107827357,742694.5306933163
2025-06-26,15.41591328181006,15.464192364437464,15.33351343257089,15.414955545131724,15.421258968951664,378270.1252342791
2025-06-27,15.169826991771693,15.227342417651125,15.129967128990163,15.159820306583034,15.163122432831733,181698.95497259745
2025-06-30,15.364914912410876,15.37882270885608,15.161094570053944,15.355536038048063,15.35486994243065,217397.22296455893
2025-07-01,15.354067535426864,15.511014772481936,15.34055581631906,15.370125649449554,15.360403161908488,208160.26930311893
2025-07-02,15.727849924544328,15.847880818812047,15.74145018742896,15.752369727880549,15.746164028556136,454815.3209149107
2025-07-03,15.535171278038028,15.568754662427374,15.50651539718685,15.526789918801978,15.519492749776072,275899.36320864287
2025-07-04,15.919926935984575,15.95253047867977,15.833248780553244,15.900352526292174,15.900197189240965,239293.64328241537
2025-07-07,16.036406552864083,16.054748021772852,15.965252249419736,16.038907912719836,16.04311054967784,268356.4199052628
2025-07-08,15.863312603453616,15.996251492068884,15.847085488091125,15.8519467873632,15.850554166117949,227049.6171234648
2025-07-09,16.074375566848076,16.120642024274893,16.013248779541293,16.055378939878235,16.065748255790776,562009.6533278304
2025-07-10,16.198360416676085,16.26717333263431,15.999330621732378,16.185777865320556,16.183267461105924,269765.589770014
2025-07-11,16.142063056258444,16.153498666086787,15.96189704082953,16.11373470796012,16.11841641040589,196015.3506409984
2025-07-14,16.091968048491655,16.13741261474136,16.036443650052675,16.090248496932542,16.09712374312929,569970.9554341222
2025-07-15,16.351899567414463,16.418036651793297,16.334406510479585,16.33999358235239,16.34351166739165,210519.24338772875
2025-07-16,16.513017628566985,16.583172169417892,16.454922957858663,16.530307652279816,16.53748237719493,177273.37876173732
2025-07-17,16.821582032308037,16.810396514189204,16.734989576999865,16.803174427806336,16.798396609923937,217550.9530602604
2025-07-18,16.871098389103523,16.96401316579709,16.89262354502305,16.897306954522065,16.897407969438664,209708.6411927607
2025-07-21,16.960380163799414,16.99302639800307,16.861475122652518,16.960054617017555,16.960812650654564,261355.84805174512
2025-07-22,17.05293492690774,17.082438835663567,17.03317897969687,17.041247084496547,17.04691053024075,158251.78350956237
2025-07-23,16.809957221893203,16.803906945480165,16.65651381365959,16.796663069318797,16.788422710144683,632921.9865872883
2025-07-24,16.193317856408246,16.296034917000384,16.105383474424197,16.199034511024664,16.198684547592336,246890.381189344
2025-07-25,16.110857987568338,16.141671727021592,16.139705471256462,16.140173812817682,16.134638511903002,268741.65243788576
2025-07-28,16.16055353916187,16.259982220441543,16.00137722988449,16.162926852150544,16.162867151249053,136301.9430756691
2025-07-29,16.488384618063048,16.542494724045167,16.424336212254495,16.491712342248313,16.486996612471742,150322.69097456452
2025-07-30,16.348620966050877,16.415796978132615,16.253476328160975,16.345425723236552,16.34851623189052,210341.3919820912
2025-07-31,16.489477007128443,16.581730873841586,16.398777730934,16.467727894931393,16.468832275333682,211640.24457691456
2025-08-01,16.565325337518058,16.586797908612247,16.484615612920823,16.518847712466712,16.511521778513416,134573.3734392894
2025-08-04,16.861199186749243,16.863527853762886,16.815242728537328,16.830066552389063,16.831603313634425,813367.4764595112
2025-08-05,16.90204555232579,16.913455059049042,16.80802273570564,16.884972548531866,16.888919889804928,201763.79766400417
2025-08-06,16.78387826513817,16.86284441830798,16.752261208150777,16.777698770372158,16.778937442645514,195336.1082193099
2025-08-07,16.56012798294876,16.632617449875486,16.41511709082427,16.547142595224436,16.539540359658773,178128.368462894
2025-08-08,16.38443498078239,16.51040265924793,16.197353801618707,16.38141701146327,16.38772133990847,331269.89778022614
2025-08-11,16.201126130832368,16.34489037222937,16.17439819868514,16.197051748757264,16.197595180253693,437199.4866883295
2025-08-12,16.39014515899367,16.53137077390126,16.319017348006565,16.366639424051513,16.363292898021083,107664.94784985013
2025-08-13,17.034883665017347,17.107993761456747,16.928972470632917,17.01110813928644,17.008465635399716,208782.4810426882
2025-08-14,16.733615935104915,16.734839169505182,16.65151408918068,16.705429770663546,16.70360302400721,248340.6360728705
2025-08-15,16.99852681865144,17.066803525722495,16.94340299333142,16.987456964207578,16.996466675595673,208791.18745130152
2025-08-18,16.552873819242627,16.621366428144345,16.4260949456726,16.525986634317885,16.52591734308361,227434.7329188504
2025-08-19,16.82912832672054,16.900408768603057,16.594101985978426,16.833081589214096,16.829333734610955,126506.84368440635
2025-08-20,16.367647466482882,16.47046457302503,16.31925617807172,16.386675195112204,16.388320998973803,263690.1203454486
2025-08-21,16.352554881508173,16.373034503957193,16.26255590364122,16.34509424124848,16.3416945689117,399283.9841869918
2025-08-22,16.287918708329617,16.40148546274164,16.256642187362672,16.306020189978664,16.308244414351698,262308.2055785859
2025-08-25,16.000804042649943,16.173707172645766,15.94072585196834,15.98139601472459,15.978172152239596,160188.37463477426
2025-08-26,16.146815226352288,16.20134793509372,16.001699492982684,16.151046478959564,16.153896138414634,740449.9726056587
2025-08-27,16.09216833153397,16.116547849982346,16.02816247206374,16.064793743434905,16.06542775997617,197938.4866814841
2025-08-28,15.65282649599333,15.759293332721636,15.628064920349283,15.654989269564611,15.659971021952153,367776.771132477
2025-08-29,15.708536802935477,15.878028008167538,15.617513080171358,15.70892580557343,15.707933055157456,154324.2288400098
2025-09-01,15.38288190943268,15.376913285688524,15.291473276291262,15.37587124212721,15.377647390493548,664983.7270143735
2025-09-02,15.233830275928312,15.287505413463508,15.111903090105663,15.231012612556691,15.233112721475834,165449.97254657088
2025-09-03,15.21208095862238,15.34281218531548,15.17897629692889,15.199979477210457,15.204756704736583,438997.28161314863
2025-09-04,15.577005912594364,15.56318534152774,15.455644605526144,15.553501620775156,15.554317137188873,201405.46715839015
2025-09-05,15.177034036282793,15.202848273699592,15.056220651019236,15.174183476729798,15.178748699778431,413706.43507766526
2025-09-08,15.573775302251166,15.601887656172448,15.421996333262877,15.551613423820912,15.555172118248406,938259.339736896
2025-09-09,15.66861742448294,15.674670934039664,15.595810693455654,15.657440716021414,15.656088835700473,645170.4335276132
2025-09-10,15.428489072683108,15.418845544974351,15.39790883228924,15.413049217386725,15.420777477667896,557879.9945792923
2025-09-11,15.638550217553666,15.75915463448797,15.537117779532696,15.63884273468552,15.63895630532151,96190.53937095344
2025-09-12,15.83541320172402,15.891411033933364,15.839377408136306,15.83958916623328,15.840444941452196,442320.833166297
2025-09-15,15.953657280018508,16.002236337866595,15.955208818259177,15.970880412683297,15.972182209274196,90144.97160929664
2025-09-16,15.679270891601256,15.716091820052844,15.679124558248825,15.684020157721946,15.687049725118266,487559.79008173815
2025-09-17,15.842768075732636,16.031884431675667,15.838106061944934,15.847205915730452,15.850083570853952,301091.84749753936
2025-09-18,15.648487019762452,15.650904667351504,15.612823191712955,15.647009618299617,15.644113825057568,124138.8248036948
2025-09-19,15.709987679571515,15.899556623664989,15.667552779881175,15.720317912695666,15.720193230693503,120777.26101416838
2025-09-22,15.685278571765162,15.74093474427082,15.659244358601311,15.669448036916632,15.672233787780748,159996.04942005026
2025-09-23,15.74104200892486,15.832518754067966,15.646234184324523,15.75913112744644,15.757938812367708,237143.91433854064
2025-09-24,15.785523341032128,15.886090612398409,15.75494872821587,15.79599510344154,15.794930675611026,335705.33850734093
2025-09-25,15.694798177007192,15.770348974964094,15.692172359373128,15.693791009827963,15.690596072328589,219776.3016970177
2025-09-26,15.727837554970664,15.750433010349967,15.72247446808312,15.733133411240896,15.734561510461004,182198.31372418528
2025-09-29,15.796505474596923,15.795178855565778,15.777123091047669,15.783714255845783,15.780941421266206,428941.6904961223
2025-09-30,15.918943584863367,15.935053235395824,15.892390494515585,15.925311475922326,15.932810187303124,313732.6954069764
2025-10-01,15.921972100759268,16.031105764420484,15.85084288554266,15.918208125835836,15.91177739776758,733652.2606295703
2025-10-02,15.725346030284852,15.755380172167111,15.687919000233824,15.722867677150088,15.72423490149432,569745.8791013435
2025-10-03,15.295492505043814,15.419528451338495,15.17680629591805,15.30381199986331,15.29804052414788,563526.8230953687
2025-10-06,15.419591147487946,15.484405531672287,15.391842910365469,15.401471229134009,15.403856624070418,315526.6610471913
2025-10-07,15.75871596571051,15.814739710602934,15.757713972110148,15.781729231488407,15.774871101950628,228766.77106629589
2025-10-08,15.939839746488996,15.931324017697875,15.836333621550477,15.910326356333924,15.913418340437,176629.07332033705
2025-10-09,16.175101582888956,16.21222159616427,16.128041901257824,16.180671705268402,16.171612038580818,223502.61027416607
2025-10-10,16.32499083976524,16.365119771850594,16.286406710060795,16.298554694952866,16.29226162989232,469088.2168268131
2025-10-13,16.639662384331967,16.69271418130094,16.541275337789354,16.66830499888955,16.66467934866141,283918.11065468605
2025-10-14,16.843337507553674,16.88157359325484,16.71485943677973,16.826614965982934,16.82361274421295,469161.8612862864
2025-10-15,16.801852774174982,16.826267434149237,16.709509145254025,16.752885022459253,16.744795268607106,172868.4604075074
2025-10-16,16.536494569772685,16.535712909407284,16.388301090135737,16.535506026606473,16.533669519265842,201048.66061616613
2025-10-17,15.633311426893744,15.729773570920084,15.622169068893164,15.6531124570787,15.65453845655299,235930.70279618824
2025-10-20,15.846952386065492,15.884647489165934,15.766408279936522,15.844910869368867,15.84325059986764,165412.58110778066
2025-10-21,15.677510947771786,15.727926540979553,15.6016027963374,15.70019039387962,15.697820988773586,249996.5689427178
2025-10-22,15.9565933945583,16.040442483307615,15.774133966390565,15.963579467494856,15.968108253097602,207481.1520213246
2025-10-23,15.498776217696005,15.589361474833195,15.470408344909837,15.491132191541023,15.49325300803408,187929.36038676888
2025-10-24,15.238142169753862,15.26493414656538,15.227720373054964,15.24708950130706,15.2451983410486,391525.28826319793
2025-10-27,15.371345437223358,15.557594942631589,15.29524201943726,15.356746040335636,15.35600775071184,360914.7282137073
2025-10-28,15.037014906888691,15.054957460336308,14.970524892069548,15.004624872636477,15.0046718842215,170036.24850081996
2025-10-29,14.856597736359662,14.85219853866935,14.778045740037491,14.832929858628953,14.832711520489196,148062.4439496484
2025-10-30,14.859077776465544,14.940463956898665,14.770113090958608,14.847876224117382,14.845379049973928,218315.37198964308
2025-10-31,14.15404524956656,14.157380914287296,14.035730908764814,14.14295460786767,14.144954741459191,662652.149465072
2025-11-03,14.178802579864948,14.26355650033237,14.156349483618826,14.185229328828218,14.182398738547072,371861.8794013901
2025-11-04,14.246224411728363,14.315754057655468,14.128474886633182,14.239459219013971,14.23873477569985,577385.5238523735
2025-11-05,14.6922495585552,14.777939498536586,14.654705034163346,14.67730697532101,14.674622791919887,196709.0428178764
2025-11-06,14.820073159048851,14.889931937029065,14.82381459513372,14.828288890535582,14.828382078333815,258613.9785957463
2025-11-07,15.290567907694792,15.33591008232762,15.271896904284676,15.30500286484597,15.304329582265185,150456.6666202904
2025-11-10,15.76261522770031,15.882251738379354,15.681399760547995,15.813190975815983,15.817358074590787,125361.71924826954
2025-11-11,15.904897311405792,15.98901275506732,15.816697810436576,15.913396577375805,15.903194754628966,336679.75616195967
2025-11-12,15.835475786247482,15.871033962167235,15.83542529176638,15.850438252220291,15.851043289144163,187750.2978836516
2025-11-13,15.53247491123444,15.557146766643388,15.44880821614085,15.52914281844904,15.529761585310366,234589.66456975997
2025-11-14,15.394012293253857,15.498477649019206,15.39320335560609,15.405782074803769,15.408520464714137,676688.8074519229
2025-11-17,16.008525634149454,16.11351279513425,15.986890100683077,16.00122785501493,15.99397274507494,220249.1310973534
2025-11-18,15.518975060342202,15.568341395015423,15.476815849367162,15.507137099812311,15.508323256465143,105014.84423411309
2025-11-19,15.26830032817728,15.340879468745625,15.166453174503182,15.26009776447125,15.253743730658124,245624.0939814148
2025-11-20,15.077997517628733,15.21067762089892,15.006950709462744,15.063384731535146,15.064955435553976,172697.6160741574
2025-11-21,15.36140507532299,15.39023435789138,15.267524328836592,15.350608239070722,15.355425244855187,314083.0485129453
2025-11-24,15.368742248147989,15.395869907332097,15.306330433023165,15.366541442310336,15.36903471843731,184996.6162161848
2025-11-25,15.446002556635396,15.553065209165135,15.4454967199173,15.45016975855255,15.455101158627228,345431.6113741565
2025-11-26,15.254587478602604,15.372329640624374,15.228237430483064,15.252354800642449,15.25557571154162,408158.93791331287
2025-11-27,15.53348037568613,15.644942603787506,15.467907040850871,15.525055574235816,15.526784969288292,335742.23057088564
2025-11-28,15.911636242782418,15.938428523514824,15.85638712215738,15.919387619816929,15.926836639327618,135060.06930527114
2025-12-01,15.888003737426365,16.052927119389764,15.822858318159025,15.89783241995524,15.901274828669068,139640.19432120924
2025-12-02,16.301334167066646,16.36974872272658,16.22725997300193,16.304233588635476,16.307359881780442,326149.9263023768
2025-12-03,16.135937707723464,16.183942799822002,15.9979687109662,16.13784312686596,16.138825679782048,128224.21546494344
2025-12-04,16.092433116240592,16.21370089895459,15.974439583978867,16.10671595166436,16.10536996811725,145113.01248718673
2025-12-05,15.720975001479845,15.79868746400139,15.541019488308503,15.720118781449374,15.72122449887692,60542.58009765271
2025-12-08,15.7025635087293,15.792275317753615,15.650337978839527,15.721675139732032,15.716482449203856,161207.88916509872
2025-12-09,15.547362386393829,15.70031969681444,15.513230520562075,15.568399096049946,15.566871190652453,1089411.4643131632
2025-12-10,15.909191071432828,15.975824332746804,15.865687228739423,15.906229210476807,15.910106138760836,308304.3123277112
2025-12-11,15.82341434838447,15.854400793277325,15.757435456143035,15.828576436738809,15.829680066304496,270506.3934492936
2025-12-12,15.76400472925496,15.835501857125957,15.681594245138674,15.767216977728252,15.770441695182738,149751.78988526875
2025-12-15,16.431025542519755,16.48225271186061,16.336448101177158,16.435232104507882,16.432555356839657,387615.0444185484
2025-12-16,16.457056827676105,16.570779424833365,16.394094961229758,16.451629718619415,16.45783559151992,193932.32508480237
2025-12-17,16.00080844841627,16.010523262871015,15.936023700478485,15.976383757191329,15.975919603319166,264206.146747876
2025-12-18,16.055333718305118,16.160482991713618,15.933805575361026,16.06847112429107,16.065239236443077,856426.176023858
2025-12-19,16.2200623399828,16.234788641594697,16.210837512192807,16.234611713845098,16.232476380930954,493341.6445400851
2025-12-22,16.338538668115806,16.440564600089907,16.33596411130948,16.357464405370916,16.35410317498721,259633.39207729505
2025-12-23,16.20665727815302,16.252916946839438,16.160527322980883,16.22511237226884,16.226088674643368,244946.6651243048
2025-12-24,16.060034995042663,16.103756504379277,15.98650312504524,16.056677646481766,16.05890128374553,316224.0834007787
2025-12-25,16.14108867225909,16.179307408902844,16.139203598239533,16.156409359177545,16.152133010786656,141479.34140556536
2025-12-26,15.918429866858848,15.958098476290298,15.769348472980417,15.91487957352829,15.916959313166712,248405.82980507636
2025-12-29,15.952940475562514,15.969062377319036,15.91707898948634,15.946042239440706,15.941222455306225,103926.23687617488
2025-12-30,15.861258861029484,16.008092731961714,15.835004903675683,15.860062532068342,15.855308266477406,925807.9211919156
2025-12-31,15.685156738340147,15.706381876148384,15.546035623201458,15.692185571561437,15.694131241585628,100069.2851023074
2026-01-01,15.61234933422002,15.697016835381932,15.46659132074344,15.593644560441296,15.595892023044245,482387.1524363538
2026-01-02,15.828058071144667,15.902766479655016,15.823989573073606,15.85711776466609,15.85321752257922,284339.0631065841
2026-01-05,15.472052784842417,15.61990677447143,15.446856246952022,15.4686774444414,15.460472746199317,189559.02443416236
2026-01-06,16.091508703899024,16.08567566590327,16.05258995909696,16.075606427516803,16.070058496491644,379642.9694391741
2026-01-07,15.763153989698411,15.92017213785186,15.760320102099552,15.763584038956935,15.761060375041566,124350.55560873242
2026-01-08,15.81744152531679,15.956294015391013,15.763183901652429,15.829574552135709,15.828927765958143,467726.3779087476
2026-01-09,15.793969555023011,15.827932556838173,15.773421722408164,15.7849093354876,15.786861263461455,545603.2878223581
2026-01-12,15.53964272707672,15.590970944638146,15.40706324168546,15.554240074781111,15.549124799822234,258437.90106273527
2026-01-13,15.51507805818085,15.540126500442785,15.467862332998738,15.513790352415288,15.511869384881564,158675.32007135928
2026-01-14,15.349716478807164,15.46792997573606,15.30903959763436,15.34706890550541,15.341401894767603,768150.1368845182
2026-01-15,15.355586895988752,15.425151356566497,15.335106229587206,15.348510961201644,15.352782186066008,261092.17304246
2026-01-16,15.33049887127124,15.47377362794309,15.277323545530288,15.350366191762967,15.35331329534571,316361.2944247775
2026-01-19,15.921359505812736,16.015100536302313,15.899190673539966,15.923436124924642,15.920574126498249,214969.3771462216
2026-01-20,16.33114502076298,16.474313952388226,16.24841204168906,16.307331245464468,16.292253047211286,208441.9149388607
2026-01-21,16.09552099755352,16.29163290563305,16.00968673708214,16.101329460581745,16.09937745540187,111937.45749528195
2026-01-22,16.001299422999335,16.026094814366477,15.946719468901492,15.978684308183016,15.9910422202066,216820.0783055606
2026-01-23,15.71680205358144,15.866647698424048,15.675519232821928,15.72470511356184,15.724581275210411,682547.1132021779
2026-01-26,15.62832448160116,15.706540689486564,15.628859014001632,15.650616721208491,15.646137205000011,274472.42009524704
2026-01-27,15.369145194262424,15.399362629125331,15.33231415868106,15.335348170860929,15.338872449406631,539003.3445739968
2026-01-28,14.920239304168607,14.949081193162383,14.81049809594368,14.935172840457772,14.938425581282235,292839.43468900176
2026-01-29,14.77628864042148,14.82420907546296,14.741421330135529,14.7862800799122,14.789412642486814,393917.3720475821
2026-01-30,14.698449929821283,14.703738877402673,14.680984511541524,14.698697653801815,14.693810017597423,522290.3767280015
2026-02-02,14.80690846039375,14.89853154090235,14.726322806986852,14.790008585375388,14.793924294835218,341002.4970654189
2026-02-03,14.466512655086078,14.529125358292612,14.40503135159502,14.48277934962226,14.48487563977802,628199.5698340109
2026-02-04,14.455121401847284,14.472414586070723,14.382075311650803,14.4645412709426,14.469197966050078,339530.4286378854
2026-02-05,14.82106767201678,14.939956828794172,14.79131547928268,14.839564584050963,14.838113334733835,563789.8906464871
2026-02-06,14.88418693507754,14.943165156543849,14.81926902737088,14.870327089923917,14.866190349803365,193680.44858786365
2026-02-09,14.132490767564262,14.215246239150115,14.109752531022153,14.148908448189612,14.142392821762447,92355.5216995778
2026-02-10,13.76025888753802,13.78283739384335,13.769070898253602,13.772032893130556,13.77854364683828,339990.6609200686
2026-02-11,13.772804124098869,13.806310979474215,13.6884818975114,13.78707981803376,13.786898465965033,625900.2503021836
2026-02-12,13.726814211519894,13.871681547880428,13.690118553940923,13.747663545539906,13.750197655797503,239555.62205007664
2026-02-13,13.706618065638454,13.742988081330806,13.65122884152025,13.724213448623392,13.718777905337838,248495.45788314415
2026-02-16,14.336529852792856,14.351455806766564,14.2987691782358,14.324116415707577,14.32589573868003,700510.9647552129
2026-02-17,14.09109612421335,14.1648145117804,14.108930897097483,14.112107744279376,14.111933877795828,130511.32020733636
2026-02-18,14.210221126545289,14.237754618283422,14.150881517677847,14.21597036035456,14.21686803546763,327159.8915008597
2026-02-19,14.083275827459062,14.084668857814597,14.06722580892977,14.07634977986557,14.079475374683938,0.0
2026-02-20,13.961769075457944,13.985824198476204,13.92469376657923,13.975738852012393,13.97694919745508,222104.14160473476
2026-02-23,14.20846442950045,14.27356468484804,14.189245480015284,14.210283524458752,14.209010202762787,166557.87435204643
2026-02-24,14.168493172435978,14.183386144147509,14.045902828648655,14.176964359583229,14.175003871397056,877024.6546983722
2026-02-25,14.079804536613883,14.10841032766072,14.057320951994903,14.074608412196064,14.082412083308151,419084.73853413225
2026-02-26,14.083434633718712,14.197585735989817,14.096634810966645,14.107044816304349,14.110695212213717,176031.11159792563
2026-02-27,13.90310346724089,13.953238977310937,13.91371926704994,13.913954926698764,13.914840602237405,174401.62042740735
2026-03-02,14.320877468863598,14.344871770073713,14.228981225710497,14.30763315079306,14.311074845911596,261894.03854585424
2026-03-03,14.400215185929763,14.466777631880364,14.40481672425626,14.411608415779448,14.411394628727065,275283.2531898659
2026-03-04,14.798259537650196,14.855208626177292,14.759681797006971,14.791505799991372,14.791283025205988,297311.4174415271
2026-03-05,15.06455811781832,15.092834109705963,15.03860997624438,15.075427178408184,15.070411001780682,404796.3059033117
2026-03-06,15.11982851544412,15.144399050296348,15.106161908792275,15.144066300059809,15.136057865410944,552267.6743935666
2026-03-09,15.249044313216976,15.242574162141723,15.157738326440096,15.218751049466382,15.21229936515988,581775.0204910773
2026-03-10,15.00926027058845,15.111397098641968,14.94450423628016,15.004544879590512,15.007647533476613,229774.77097585783
2026-03-11,14.674857972024448,14.692657642587363,14.634095003254163,14.67821157516472,14.673093030988246,88098.82152868558
2026-03-12,14.302137209421506,14.349465392467277,14.24382165323224,14.288707408195474,14.290064213446865,259808.71344839732
2026-03-13,13.9212472856677,14.00105932000421,13.870186585187843,13.925501647989188,13.930526149885916,350364.1461628812
2026-03-16,14.10798021588362,14.244616916570138,14.086295048456448,14.106607389655762,14.105918752449334,660522.6942857433
2026-03-17,14.372003389033566,14.410003654504402,14.314418580449065,14.3475772940265,14.34541577495072,295846.44870989735
2026-03-18,14.205422889411697,14.206683662557134,14.17404080379002,14.198073477725028,14.19832002147409,555033.5562777024
2026-03-19,13.853565791869306,14.051297183946325,13.67254301362303,13.859413687641688,13.860922552692108,299593.4489268079
2026-03-20,13.95569030955336,14.06393952184989,13.793414900287283,13.9462942488455,13.948663074389104,195427.66812466603
2026-03-23,14.101250815150626,14.213855412223555,14.003746515626588,14.125516581455788,14.13255306360488,146031.32054530695
2026-03-24,14.03621116450933,14.153837017526644,14.039374338913792,14.067359197841045,14.062826874958144,460559.581332946
2026-03-25,14.000848449570857,14.05012360999205,13.961659630614513,14.013184428419104,14.015682478595732,147811.42599337202
2026-03-26,13.800290960692436,13.880904693754076,13.754865855337917,13.837979503493491,13.839077332074908,946083.852771168
2026-03-27,14.083357557954775,14.173719034086464,14.029560150060927,14.104742455410516,14.10611730486508,303878.78157351667
2026-03-30,13.960623145009912,14.086346641803567,13.966359543458116,13.969089023884,13.970148944100922,521710.9873376021
2026-03-31,13.988586543448989,14.00153036365401,13.951234903978625,13.975124203994604,13.97040181219487,81713.55023340166
2026-04-01,13.901211856995614,13.947168961604213,13.879171336345728,13.91358875760991,13.922196467007163,266044.7615943509
2026-04-02,13.800974408115346,13.864492735699054,13.670302162480588,13.796498482001502,13.799448605265598,292533.2257918554
2026-04-03,13.85472076705928,13.947927322445494,13.831793169934674,13.866747304520516,13.866933754699064,218648.5465316092
2026-04-06,13.868449909098889,13.976450686017396,13.810089866224365,13.87020168713032,13.874290267515905,260030.61352009323
2026-04-07,13.997936334399611,14.021970115202286,13.928622874124832,14.001128267796688,14.001348302795265,152969.3593049841
2026-04-08,14.10728443223525,14.19354361687104,14.03572043069796,14.105345639782923,14.104148206475372,296985.3849947636
2026-04-09,13.988779555165946,14.098552381992,13.93861606277622,14.025044093384905,14.02544550083156,336938.3934191758
2026-04-10,14.09992240502788,14.172576001755266,14.017991063657147,14.100854242681,14.099456160739804,569820.4771647643
2026-04-13,13.643403630763684,13.644385861076849,13.591744949686785,13.633777486658085,13.63630067555726,990999.2279115912
2026-04-14,13.78060176949535,13.847861665492314,13.687339114392485,13.789399746514093,13.791675220971545,336322.2679721113
2026-04-15,13.877395449478165,13.982872808357715,13.794863405529382,13.889204958669453,13.890778945037384,329327.89315463766
2026-04-16,14.066193396646698,14.177055720398368,14.02515762834881,14.060594640343886,14.05618318507639,253791.35760080145
2026-04-17,14.124003592316766,14.15453636410458,14.11845300361226,14.1196699259443,14.121754640461647,334764.466947772
2026-04-20,14.293951520611678,14.294047361108666,14.163520925517084,14.283838062332988,14.284246451066055,237163.4948681573
2026-04-21,14.27993167217744,14.444619734523492,14.255922419144207,14.287260466969862,14.293231125940824,333353.1318552436
2026-04-22,14.513560837280966,14.619998632017332,14.414475779802308,14.533004764315296,14.530706003992965,522922.0766013687
2026-04-23,14.453758294225674,14.536741979636,14.434858338060302,14.461787737358964,14.462169704082733,196478.38886468209
2026-04-24,14.585454028585623,14.648842293715544,14.585571214402377,14.59941937224186,14.60075606763987,303333.8203931865
2026-04-27,14.467907550773344,14.465497776083156,14.417835505742923,14.464927771587858,14.467298248805983,206740.4282009404
2026-04-28,14.455451559162588,14.48585783699402,14.408111031794745,14.452485329670376,14.458532845042738,285651.3597993783
2026-04-29,14.61429845949396,14.809947613043258,14.620564143778418,14.627585992452008,14.630606194355195,160563.458736361
2026-04-30,14.59558486904726,14.650845494628168,14.614294805051893,14.627892212097542,14.6258816820631,493284.47627397865
2026-05-01,14.744198733374226,14.826313388577828,14.725038448897426,14.742231845955695,14.74656276138976,668466.6978820558
2026-05-04,15.058821123483266,15.16101799332456,15.002085808295549,15.060088532084642,15.058993386132553,187198.45261121483
2026-05-05,14.986815194010305,14.99838518806263,14.89313322919802,14.97403264430011,14.972910857140857,939014.2227625948
2026-05-06,14.710705810047845,14.721502742572154,14.620606622039094,14.705703619850215,14.705030839295702,277013.0906462561
2026-05-07,15.016305943165616,15.109626201608457,14.941703945999926,15.021987685054883,15.026647394469766,189126.2036772229
2026-05-08,15.01511992410743,15.086351662294163,14.9775039283932,15.042399468163266,15.04122057816274,155853.41323882496
2026-05-11,15.02201700299087,15.024280425258844,14.982542849900083,15.00366167729542,15.007202161350063,253014.26359933693
2026-05-12,14.70502689120105,14.86628297440262,14.519419353402006,14.7074892101341,14.703752504509668,179662.5805606902
2026-05-13,14.505443810405817,14.532842851841954,14.386271022556343,14.510852995779397,14.512631176765318,85355.5494532836
2026-05-14,14.410565331396638,14.540046196638135,14.407952912530138,14.408962983398776,14.411318513408268,236163.5765929908
2026-05-15,14.162730742027131,14.316054515577306,14.132473358669287,14.149909608371672,14.147750254028637,312718.0186453778
2026-05-18,13.8441498781269,13.921550460196014,13.823764038554785,13.852132354656025,13.853598201527824,540829.8508894856
2026-05-19,14.124674824153558,14.255174237624235,14.059572769686254,14.134210040288592,14.133169055779616,570307.4738685216
2026-05-20,14.089001535005607,14.104779609138204,14.072638923347736,14.088662291846582,14.083793841877007,167775.72082464423
2026-05-21,13.871332847850889,13.946259723847216,13.80984628358602,13.85671184377854,13.856788049775693,314518.5086755699
2026-05-22,14.046439143930126,14.179515478321752,14.058891802219309,14.061370230045922,14.062041825438357,431461.1929636576
2026-05-25,13.959882335716788,14.065895603158044,13.972889671007884,13.98011258254939,13.980145735036302,389182.4534183739
2026-05-26,14.568142190315124,14.606373334206005,14.510255193740992,14.546029688922902,14.545123498918748,450310.1159225461
2026-05-27,14.543757100850552,14.53013211162244,14.421203478397828,14.520213699978688,14.52046055516596,270038.7699090089
2026-05-28,14.7062267810975,14.772447008064637,14.604934317564906,14.707849941456654,14.710183182230889,252999.4640675906
2026-05-29,14.828364901582102,14.942800650722662,14.754528386536114,14.863549097250216,14.86758240915123,183717.3149482708
