date,open,high,low,close,adjusted_close,volume
2020-01-02,24.822730537754776,24.999190014097103,24.82938395779112,24.83218033364227,24.830827455647945,137489.03699149363
2020-01-03,23.06451805568489,23.200353106463453,22.980223432484355,23.08624485771448,23.079237272919777,519039.49391774094
2020-01-06,24.910014350259857,25.01558252270244,24.863698588395238,24.941016230462168,24.941965201436016,172902.04819010454
2020-01-07,24.53860279683044,24.649894543357547,24.523672348471266,24.54992844057077,24.546888071998183,113416.0811847366
2020-01-08,25.40038962913589,25.51306632429554,25.337788257639403,25.400085244387828,25.403632284524,330433.7505164747
2020-01-09,24.24720726295144,24.210907950831874,24.19427889092025,24.20159533542079,24.202251022753902,309621.3016538869
2020-01-10,23.116616521683536,23.119593341792346,23.000292708320146,23.10958648075585,23.111867874306057,612521.1596513789
2020-01-13,23.385557617896552,23.48232792424736,23.331562113583445,23.35555637904008,23.34492762759508,326382.9993038165
2020-01-14,23.595081187196403,23.64843757173324,23.56190319534588,23.61213040984276,23.61725337090012,354843.8069351883
2020-01-15,23.21390698591476,23.220187532134883,22.95993097270493,23.19936188549691,23.199617317486503,322561.5042975311
2020-01-16,23.513305552551994,23.515992974057017,23.46433258845748,23.51266317427124,23.50949112541205,198958.8717601208
2020-01-17,22.60898003981517,22.700445315309462,22.47199631414894,22.653521234800188,22.657634041941503,178267.74496964697
2020-01-20,22.38467160294819,22.484349655928963,22.338819976069797,22.387153813476317,22.38949440388297,498263.4735072734
2020-01-21,22.92273227986067,23.15802391368541,22.882938574720303,22.913831097364177,22.907014324491747,116879.78214658223
2020-01-22,22.434776620421744,22.60527633785874,22.345204977260337,22.464174923908,22.456693443970856,500701.5027057575
2020-01-23,23.70745557345085,23.73846290104975,23.531659599195773,23.648968439884992,23.641771112961987,172854.14858793683
2020-01-24,23.729558463461185,23.784586684468213,23.66261785770001,23.747797190136705,23.7452688739068,288058.9229628249
2020-01-27,24.523674434813948,24.541411394731288,24.28498388928645,24.47889825520044,24.47228442515696,475799.5715505938
2020-01-28,25.686498135769693,25.75572885194465,25.585561976048,25.66672498225463,25.667584048070434,180767.05864128872
2020-01-29,24.979739862828023,25.20647571368968,24.896072301368527,24.96041838740482,24.950271179862437,285312.4809020716
2020-01-30,23.21698811441324,23.356228803754924,23.020994585697224,23.15752751960431,23.144399025992897,335856.46802303684
2020-01-31,23.12973104201513,23.27785127213135,23.023043052460267,23.101311448920317,23.09951023019057,177668.3457834057
2020-02-03,22.000002093575134,22.185553342644926,21.888557858874854,22.02021500161472,22.029281971275022,359454.3026868646
2020-02-04,21.005961397701967,21.0127147557442,20.983676368636196,21.001274200956257,20.999389695404798,349759.88054607826
2020-02-05,20.4024145445008,20.4779101823869,20.351284603029733,20.36212573086577,20.3639691151963,257982.8505254241
2020-02-06,19.68054990670392,19.728957954987116,19.537952621202063,19.69518616333527,19.703148200646773,121000.63726021498
2020-02-07,19.56261927482613,19.624686729655465,19.566401687794688,19.57394665655063,19.57024737019085,567261.5835841981
2020-02-10,21.515641525772125,21.551757265770156,21.423363925862677,21.4983013777441,21.49855344260262,121606.14442206416
2020-02-11,21.1954634525614,21.27966716263176,20.99339280478555,21.25513179677056,21.252715833951925,390335.46365701855
2020-02-12,19.54156634800976,19.533414795099038,19.52651574565252,19.53041103072125,19.522232974192235,170548.86944965893
2020-02-13,18.95097624880284,19.0828948818148,18.97067270744525,18.994972033210495,18.993864102204924,127046.66218487796
2020-02-14,17.528932604631695,17.588415338081955,17.399089496940995,17.51993266614571,17.529960824207443,457228.69922258914
2020-02-17,18.177348933175843,18.247662075287835,18.1858911412758,18.19657254305903,18.199815801374054,349445.79139102204
2020-02-18,17.72754926191662,17.834162750494258,17.680495991089835,17.70797010032269,17.705386929346197,788473.7999470775
2020-02-19,17.56413394509374,17.738726337130267,17.556703771939528,17.578917443007366,17.57848587085698,161805.3508098395
2020-02-20,19.480600585340287,19.505102816906344,19.4424812833609,19.473277697643866,19.474539218592437,123220.23759968352
2020-02-21,20.456100413035536,20.53335203946411,20.454512041618283,20.46794084808557,20.46651488591847,231893.43158944548
2020-02-24,21.501844164224845,21.5943396042834,21.48071587439281,21.502188672106737,21.499569250767607,574391.0477309374
2020-02-25,20.44582871242052,20.504886863731738,20.373630893138703,20.453158526400543,20.447119263571143,205704.43102195745
2020-02-26,19.18754514010631,19.14773094288589,19.10128914579863,19.143625358747595,19.130875433313037,408292.9580008804
2020-02-27,19.73661147563005,19.85724425232855,19.636474870474217,19.75806087124288,19.76434524209157,614314.3481534433
2020-02-28,19.57960972665811,19.692614806847917,19.524480550659085,19.5757868555589,19.58004788415348,177206.3408774769
2020-03-02,20.82844445032135,20.843759780547547,20.795566065054132,20.82442207144599,20.820252501190694,361922.0000941714
2020-03-03,20.30197160214401,20.42868943476312,20.271206971040986,20.332852731418043,20.325541747098537,160707.02684992662
2020-03-04,20.03197176075156,20.06678854965312,19.912882151152164,20.04234968781252,20.04690384280648,289952.81281886075
2020-03-05,19.942638198056876,20.10905681387393,19.752996839311503,19.907508938432528,19.90643236408824,257630.96203274187
2020-03-06,19.365377659141284,19.39637391308402,19.31088593052024,19.36299697142638,19.36444606448734,204192.7241008901
2020-03-09,18.259313386026413,18.260818665657013,18.19454949628449,18.24990150404414,18.246985724483444,322079.6085665278
2020-03-10,18.37002708733846,18.519771037950587,18.33307233357064,18.364088006201424,18.36462922618632,478190.7425038176
2020-03-11,18.48935453339868,18.673395694047795,18.26789704807276,18.50104241749194,18.498993880613007,173530.4089935808
2020-03-12,17.238162052027715,17.367822429385516,17.095888434253357,17.21734333051817,17.217315711488176,163134.90687095403
2020-03-13,15.84328756118228,15.909970248925443,15.725585738639086,15.856402352239824,15.850201745068787,166706.83765394264
2020-03-16,15.743715251535624,15.782308724133008,15.6060127629977,15.731773146154003,15.73104319593486,880437.5555664797
2020-03-17,15.247714055296452,15.33579776471436,15.147585531904282,15.251448382882034,15.248633264646664,241559.85811094524
2020-03-18,15.541473655888348,15.565929952262572,15.528167370484338,15.54805862766406,15.54233113069914,459753.8011836398
2020-03-19,15.688488813597273,15.830439051844229,15.617812460719431,15.678983826895305,15.68252773163929,181059.6996065903
2020-03-20,15.203559736890591,15.351665230388662,15.105497212416187,15.192853695125123,15.1910278996678,528796.0975744086
2020-03-23,15.422811638274531,15.52192560156582,15.380196493385563,15.419901534656104,15.424870656047904,280781.228381444
2020-03-24,14.768994288854897,14.831753041466303,14.688732046065976,14.768780383586314,14.769130799327742,132257.14008688266
2020-03-25,14.714485562196204,14.75858540302908,14.702096146330636,14.72116721739846,14.725079097273172,171203.01730315958
2020-03-26,14.022098404230055,14.047470628666453,13.87285186376989,14.028479229516948,14.032887095582604,308116.15535042394
2020-03-27,13.362969447246888,13.393983677085371,13.31352829937794,13.37619910299776,13.376824589915657,660521.8563236033
2020-03-30,13.799127523598967,13.852989992091617,13.797493635277068,13.800890790856432,13.800952634743084,196298.5459857852
2020-03-31,14.477868537803973,14.61614600511821,14.378142745842672,14.501855789909497,14.497072697123828,450009.5304564263
2020-04-01,14.77932835390595,14.839618626311362,14.71208707049458,14.777432587120554,14.77629245981991,685926.2870580951
2020-04-02,15.049591400738636,15.108153973016089,15.000906090187945,15.050839143323923,15.053999564780057,513907.26036219054
2020-04-03,14.640896402079118,14.646495001735492,14.551120152756235,14.634073742219371,14.629008477842746,589815.1364590428
2020-04-06,14.01699523290192,14.043974624271184,13.919748940930187,14.024088431565296,14.025505628462405,109293.2422444232
2020-04-07,14.320357480832037,14.370956227894084,14.219299980873496,14.342608603939611,14.348725977130291,491305.8547882844
2020-04-08,14.643990892442035,14.758045719107766,14.536145615235974,14.627787570170629,14.62644861604992,129426.00109671729
2020-04-09,14.512477556741509,14.525614587056472,14.469725587109613,14.497255523539,14.504591848365898,258599.05913831864
2020-04-10,13.65818709148084,13.725631396458349,13.595872450956334,13.667084418031576,13.6653343549728,85251.18928992677
2020-04-13,13.300908315307492,13.38982144122327,13.251797469483,13.291881717409668,13.292366059250766,509450.0912793892
2020-04-14,13.035985649722656,13.171435271974534,12.99194252576032,13.011979069768998,13.018710471876512,190386.23928171417
2020-04-15,12.697042491351205,12.782113237732574,12.618381868599764,12.69165228632437,12.684597087287372,521947.4687611404
2020-04-16,12.85544007251758,12.935934856856178,12.806883819255674,12.85909975630168,12.865028632088588,147742.73887805516
2020-04-17,13.576530977075912,13.68995466483198,13.564626462724892,13.5862089310375,13.576943279340242,174994.00741556278
2020-04-20,12.647649258487691,12.682346379199986,12.59065678609014,12.665443859217058,12.669877525136611,220328.7096758027
2020-04-21,12.273857853314675,12.350588753108426,12.214734195429656,12.26663369668416,12.269165526845097,234750.56040877252
2020-04-22,12.724961604284983,12.7530760005056,12.679005816369186,12.698976881882633,12.69439785898312,335580.41533400194
2020-04-23,13.11732727921751,13.155786189801,13.063516596868832,13.117575103127123,13.122917504235293,507827.1169884461
2020-04-24,12.572087053101388,12.635699970084469,12.552404750251474,12.566822928546827,12.571768981730123,225894.0367991603
2020-04-27,12.338557079445115,12.459770634711422,12.341500212576104,12.347613534716183,12.34330250920582,197392.68844488275
2020-04-28,12.176025439471774,12.23445853927974,12.127596788912369,12.144939824748324,12.145789435851528,233854.15320748015
2020-04-29,12.289403042595538,12.328029420739613,12.233146595111256,12.274222255812797,12.279499910352792,291979.4957467724
2020-04-30,12.82673869390583,12.897983606097547,12.765743353417548,12.821002920178913,12.819397719128109,364479.6530320688
2020-05-01,12.166134977909376,12.21005020710236,12.141115409536642,12.164675105855386,12.159150235227028,424884.70359443856
2020-05-04,12.319145538069009,12.309189688102864,12.275312928401306,12.304917203917908,12.308784618716556,276944.7184635343
2020-05-05,11.41316931554298,11.52245935707148,11.410219752395731,11.429170685796574,11.424218391228704,154436.63981217868
2020-05-06,11.722303097824367,11.750754116603932,11.71457483058976,11.72142709105669,11.722874066379052,155238.39041483047
2020-05-07,12.3954859651443,12.399206758745304,12.275612229459048,12.39846156908378,12.39492060299265,0.0
2020-05-08,12.147626453110606,12.152472758671614,12.045719947574602,12.150819271938294,12.149090895976231,358899.60150307097
2020-05-11,12.669240360199872,12.730692513646408,12.617623288146598,12.670792407006674,12.671859827398125,674518.7540150802
2020-05-12,13.918536243294051,14.000005245104084,13.84639442631042,13.912512069030104,13.9106967974283,366084.4693212544
2020-05-13,12.398076682350554,12.473940555741118,12.359508973192984,12.433822922215906,12.433510669122713,195849.60752914724
2020-05-14,14.289755178863972,14.308779313332428,14.23613881283046,14.307092804966883,14.303841307052478,255557.913156568
2020-05-15,13.621504257225704,13.673492879393295,13.50566465549812,13.61944786888208,13.61604310422181,455230.173349736
2020-05-18,13.092588971355378,13.103158155875375,13.04276482408948,13.091239777469331,13.094974838554778,357754.032930599
2020-05-19,12.775023754943335,12.815205429997109,12.738825315590567,12.774555945896804,12.773059245802754,205302.97924089327
2020-05-20,11.957135420629232,11.97092111797713,11.936499040021054,11.93763857612896,11.933463595379338,196416.0207302116
2020-05-21,12.73107611464809,12.75183278517166,12.717322220313516,12.744818461126954,12.74926197539051,318294.5232410379
2020-05-22,12.312281480814688,12.322311921264324,12.268620282119262,12.307905397760443,12.307395243241883,170993.24235663912
2020-05-25,11.570839199498756,11.64878761767396,11.562953584538542,11.583090066169897,11.58009544388842,267058.6835318166
2020-05-26,10.933142803403864,10.948551933700918,10.885817924189748,10.924246049984855,10.92095854422956,177578.40385334037
2020-05-27,11.726252570498714,11.79119238067836,11.71947279666953,11.722438762791269,11.7182048291334,289450.14644408866
2020-05-28,11.65713841756587,11.697444904748709,11.645491984652208,11.656617824682115,11.65676966477974,195312.23974137052
2020-05-29,11.614150368595404,11.628776299659435,11.58064101349742,11.608334491686986,11.61000900998505,199482.5757176604
2020-06-01,11.520614074850664,11.59924144766324,11.51426193606294,11.520971314645024,11.522666908376648,172951.11138297862
2020-06-02,10.877415355170251,10.928175540072152,10.839589323683796,10.88603608123859,10.881754295517393,99204.99767495113
2020-06-03,11.48374948365854,11.51013999953074,11.477268963137,11.47892647056789,11.481646235526286,356977.4347443435
2020-06-04,11.68502600795961,11.731391497789396,11.685685018146122,11.701886871047307,11.702600972267136,174343.07457606177
2020-06-05,11.04306099407649,11.049212972497068,10.965130395531094,11.046009770449515,11.048712240820816,415422.2763572658
2020-06-08,10.90251946859441,10.922016354232008,10.86238114949708,10.902903120844536,10.90679819798763,1126900.7324180186
2020-06-09,10.585864761491022,10.689940067491854,10.59218732332022,10.6112975373494,10.606029601652764,129594.66329256262
2020-06-10,10.832589144142911,10.880012922867856,10.795254402589023,10.831746796728035,10.83046161037749,320989.94540002133
2020-06-11,10.733309321239762,10.769119012752457,10.622572260691728,10.732503977561445,10.73551208519354,142041.2091643451
2020-06-12,9.89120307085184,9.958821416346028,9.824423462203743,9.897391737653132,9.900227140880473,303535.5203383758
2020-06-15,10.239937940428671,10.253350170716892,10.2097670278127,10.245050122658354,10.243766385097404,427959.7316878807
2020-06-16,9.938595194453798,9.962075712764072,9.923431662098432,9.929871771841867,9.932177045629508,233319.84613898885
2020-06-17,9.895161152653392,9.899937115395325,9.89564863701167,9.897683911935546,9.89319026685494,221723.1998367836
2020-06-18,10.080469490213977,10.098007625075027,10.05723532938216,10.07850198332296,10.080193020731778,106956.60012440072
2020-06-19,9.966915349213272,10.019716845371502,9.837672167420369,9.980493457399332,9.979018638513312,417532.3598557908
2020-06-22,10.153804583211842,10.155112356829031,10.136210360215454,10.149600563175332,10.150085234214014,133301.4026255276
2020-06-23,10.95189392092384,11.027256962327613,10.909290284597652,10.950840395086049,10.949385857564312,711230.0146069442
2020-06-24,10.182298273704887,10.182697695887784,10.129986059682574,10.180656820428649,10.183064041726666,223271.35338323453
2020-06-25,10.205525639449837,10.232961632310264,10.200314299874847,10.207987908963442,10.204845776207202,383832.4468586123
2020-06-26,10.38691534617419,10.396009115173785,10.310332573068663,10.387008451694674,10.38941473026068,233371.97895500352
2020-06-29,10.477658634728176,10.5221820037147,10.473961794026051,10.484419701554764,10.481544493347451,1605051.082258353
2020-06-30,10.26866824018652,10.3663167955811,10.14653843211269,10.256057444056449,10.258477298298253,111319.4328213205
2020-07-01,9.698000964670166,9.7742252034334,9.64481873682741,9.6982374490113,9.698145125051502,196419.5914464566
2020-07-02,10.172818303843336,10.181690391507216,10.16698673905908,10.178320277391192,10.17927074182101,416135.4615933693
2020-07-03,9.961927770963898,10.01933511263472,9.954995611400646,9.960069299290124,9.963946610869185,249180.6347556053
2020-07-06,10.724114476273972,10.749829430178345,10.63596235416832,10.726695925351374,10.72889763436256,204362.02906809663
2020-07-07,10.616245425398194,10.647110502516288,10.577183380176963,10.642843933130829,10.639911017806924,1372627.6684579607
2020-07-08,10.592092237166206,10.640879922733204,10.562764657020129,10.594639230393936,10.592692324372903,395435.82172335713
2020-07-09,10.435417549066049,10.491041405749977,10.429460148443347,10.439485596885453,10.441880463448806,265507.6275547382
2020-07-10,10.601013306635576,10.615461601027564,10.53903387908472,10.604868164314688,10.606273708836756,170428.2816746398
2020-07-13,10.506240178776952,10.56162804819095,10.440746275540814,10.502643681489497,10.503923480053771,168792.0178459582
2020-07-14,10.496806312431914,10.539298399828212,10.432518535408008,10.500411938562316,10.501806678875584,170953.84681238804
2020-07-15,10.799329905063644,10.8957447519867,10.765036590272306,10.806133855892943,10.810779091559672,400678.2091598737
2020-07-16,10.328092777852415,10.39584754809444,10.320155068873794,10.330187300474496,10.327251553015731,196060.6518127256
2020-07-17,10.08424205524972,10.11212092296133,10.0446197881016,10.07422005573148,10.069750838716576,251519.3974765417
2020-07-20,9.88288543882433,9.88346557033923,9.85478632426828,9.877067337881344,9.879616402472807,306290.6321766048
2020-07-21,9.945774370658713,10.025260653311644,9.916874386530251,9.96057810065507,9.962544715559009,454134.9419682706
2020-07-22,9.666485057743223,9.776054426916128,9.673708186336334,9.679513694878256,9.681611680640255,616907.5297277268
2020-07-23,9.672195998703309,9.72286930709755,9.66637923347558,9.66890912114656,9.669722735594126,211113.7973199268
2020-07-24,9.97951821980366,10.080462662872064,9.949309602453472,9.99672197844332,9.99831795095874,293121.76288776647
2020-07-27,9.98800575228926,10.048956853761196,9.984640011762451,9.99435313275015,9.997077962249202,239028.28376243028
2020-07-28,9.97936834859428,10.002549368829117,9.962518577156676,9.974269941460392,9.973559749767482,167350.2371583769
2020-07-29,9.814351810779243,9.897458829260016,9.745548752854711,9.806305437836336,9.807092930409762,248928.36391482467
2020-07-30,9.579652587646626,9.59454036707098,9.479372679587248,9.56881165302247,9.56649979806777,193034.82236281064
2020-07-31,9.326077177843867,9.32446070452668,9.290894721359756,9.323292682121457,9.319512019585591,146696.71926169493
2020-08-03,9.577663360330352,9.61288410921906,9.525578265338533,9.580648803974537,9.581686741336764,513966.7356396364
2020-08-04,9.02933608317108,9.080718351258756,9.00776260008254,9.027134579768743,9.027727667697746,390448.7359248415
2020-08-05,8.62614510992685,8.664762046498721,8.605497668941949,8.619317072263955,8.623841940742375,521693.1873986594
2020-08-06,8.33329037462386,8.349433670805691,8.30535023334885,8.335847100779073,8.335206637959034,247759.81614052368
2020-08-07,8.50740499170518,8.513933123712391,8.507049365616187,8.508305621573074,8.510674005691063,186568.48707649828
2020-08-10,8.757735196210087,8.799687458117848,8.712988720995194,8.75586016910401,8.754240440182716,193129.58013431245
2020-08-11,8.940537232371353,8.985741697464466,8.874461387858839,8.946106372226044,8.944533369848923,164306.31044712834
2020-08-12,8.722199669634616,8.749177173831638,8.700332827224587,8.71727417846103,8.716755203664732,60853.52900277724
2020-08-13,8.62463695325697,8.652667392767082,8.595932450090354,8.617615639483544,8.61876924418328,408326.0236319704
2020-08-14,8.732572417712392,8.764076362099432,8.685755825602932,8.732170384660096,8.730948185300532,245117.82263346715
2020-08-17,9.345560756689864,9.3667492488708,9.297776964595831,9.365378683056496,9.367431103082271,516766.807200637
2020-08-18,9.285901388486105,9.32548022397058,9.236870293943044,9.294673082129457,9.293713974121856,352366.7925688172
2020-08-19,9.61309264419823,9.659626580556726,9.585884342375431,9.61455670443761,9.615129225754666,355888.9524324513
2020-08-20,9.85688847832811,9.902653691611514,9.796137213959446,9.847334952935537,9.844473794325342,481727.84613085486
2020-08-21,9.756851696343563,9.772881512416465,9.700351755034506,9.754463761505486,9.75787404103906,282154.7206505909
2020-08-24,9.470827723555816,9.517887069371472,9.468657594516928,9.48642021962828,9.482374620842174,124845.4298756267
2020-08-25,9.438077830872237,9.530403946520694,9.4402477356593,9.454642585891104,9.457063324246526,291110.8705649594
2020-08-26,9.3970870894878,9.439016959928349,9.34509011243235,9.39989184834672,9.403525676251224,401392.6152038643
2020-08-27,9.37546037268155,9.397703210871,9.35165489052877,9.371338922004009,9.372053422015158,388307.8735125558
2020-08-28,9.707659361922737,9.747970719551509,9.70367452135626,9.723469072615243,9.72432495635996,304436.1321309259
2020-08-31,9.530817105835911,9.62982399380446,9.521518108683466,9.53369018881208,9.5360567667197,216950.4970719236
2020-09-01,9.072879670461926,9.119935646015977,9.028435074827533,9.081834614478076,9.08026552165538,199483.2496706552
2020-09-02,8.194385177862936,8.238486383401838,8.182313696042197,8.188339063043953,8.19072299127811,233864.81975347825
2020-09-03,8.524535996809481,8.58721233308869,8.489608736444929,8.52799922396718,8.52795723432549,485878.12604669685
2020-09-04,8.191784499959422,8.292887262020852,8.176877845658437,8.210107326766291,8.208219420445136,81398.16189245599
2020-09-07,8.770689909672788,8.800649332637924,8.728602722244984,8.770247536709508,8.773042920852129,273542.85919611
2020-09-08,8.914428425845399,8.903425930147897,8.886578667236037,8.897326594029831,8.899446796890746,451478.2667832138
2020-09-09,8.956951203906952,8.983274158812515,8.889931717597857,8.955391344753068,8.955287868310174,391824.1424041774
2020-09-10,8.750253069292405,8.79646444341486,8.726964570092614,8.758835807843166,8.75715735966313,508699.5161455569
2020-09-11,8.929654613097258,8.931377173817697,8.858187882048066,8.914020452091188,8.914775598841432,235392.80515109177
2020-09-14,8.914018012609654,8.940012053664212,8.921276400196763,8.929892800713036,8.929310047299667,277333.4916113583
2020-09-15,9.516650669174838,9.59765540194416,9.472833184402011,9.51590517221531,9.513977672491867,397917.6202665304
2020-09-16,9.511867770608127,9.573527028950991,9.482390410369964,9.50144658121261,9.504160885279196,234309.57538292653
2020-09-17,9.51967441991937,9.523953362259512,9.502669725345791,9.51740156246015,9.517014210726538,177505.4528207364
2020-09-18,9.619293336023768,9.687569040569803,9.593556301227554,9.616503883086756,9.615804208032838,264122.866125957
2020-09-21,9.8993667839009,9.945480234700163,9.785223465687954,9.88771888809886,9.887687072687395,220486.45182941805
2020-09-22,9.299735113214345,9.3248159324615,9.24754860072883,9.307331389736923,9.305876037732885,159867.66105103804
2020-09-23,8.669378860530305,8.68527884084439,8.651037207192788,8.662875452808368,8.662535666463166,315989.3956699515
2020-09-24,10.11515081128818,10.115045944501402,10.08359359303102,10.110289705885082,10.108424187328684,233343.342646904
2020-09-25,9.264450415462782,9.339205288774105,9.25256642180755,9.271501971653697,9.271680881899496,211495.4893622892
2020-09-28,9.98726896854693,10.019975391533988,9.968597962250485,9.99655584132923,9.996639581923608,634625.3511419963
2020-09-29,9.282552932301735,9.322208390839585,9.253704664945351,9.28402172910997,9.282787873382969,287981.7433445509
2020-09-30,8.777783813144863,8.81277619202579,8.768704114895117,8.789945007336962,8.79068801832219,195415.5378850017
2020-10-01,9.322717383848776,9.366348157830126,9.316147423967188,9.330851893957048,9.3302077870244,284774.7269789518
2020-10-02,9.878109655037395,9.927303064078265,9.8265386754445,9.870624913525289,9.869504778802517,345668.71625282493
2020-10-05,9.688573517200826,9.721181649849246,9.615331562751024,9.691006581789582,9.688651185180785,349708.6512827903
2020-10-06,9.38141955124316,9.41897941732726,9.345486625198436,9.388557658053951,9.3881883363268,561554.376012784
2020-10-07,9.870318836778544,9.97327601037632,9.825201706968825,9.875337090868822,9.876430425492346,295684.8629841331
2020-10-08,10.977612019078714,10.998254240535122,10.966758197926591,10.985007011597888,10.989322446465517,688186.5074727422
2020-10-09,10.684530855743862,10.77502351656584,10.648127736176988,10.682890915633088,10.683032843044272,340626.0512679391
2020-10-12,10.574067352694668,10.693730690394698,10.556257611114557,10.581316579586543,10.576887974653804,487274.1071518492
2020-10-13,10.91905435948452,10.906253324655,10.84233585910201,10.90418946790392,10.903202638386007,154497.133770921
2020-10-14,10.3536726618799,10.41483451397101,10.336658492058495,10.367310453447788,10.369471246732704,150646.38137971258
2020-10-15,10.429850122149604,10.469917822340678,10.355732935413972,10.438111147941406,10.434611813680066,300342.10802978545
2020-10-16,11.2328956725601,11.263556002744927,11.190527974693046,11.233061718921086,11.228615397036275,482673.0515228293
2020-10-19,11.508698118039671,11.49785149111995,11.433016060022132,11.49249096832949,11.489345269887703,119584.50830298656
2020-10-20,10.977473867017386,10.988737207990836,10.94440800019558,10.97260414189913,10.971395338746287,249377.1889812861
2020-10-21,10.579035628332528,10.571034421880874,10.513191642627014,10.568598508376946,10.568155896480516,198732.0549420083
2020-10-22,11.150678907375726,11.160364247588038,11.110896173792987,11.14253178672238,11.144461725383948,592923.4315854536
2020-10-23,11.30513945868519,11.315457875041425,11.28116674203802,11.308028039867937,11.308597851876884,140087.16638123157
2020-10-26,11.710426375066524,11.777074351470308,11.690797708029493,11.7008674903376,11.696169333283684,286632.4229159132
2020-10-27,11.408739744469514,11.412834005036808,11.368351026108144,11.411835184311943,11.40740695280872,219022.0949150692
2020-10-28,11.536277253192935,11.592948301446842,11.483089481027262,11.534145190123244,11.53485443361214,321724.15567291377
2020-10-29,11.180315401354347,11.18087053000372,11.155128263165295,11.165922139477916,11.166027179599284,370267.65840676834
2020-10-30,11.293262191875742,11.339160436112264,11.25853641794138,11.291246789777077,11.297518628025289,177034.3301817291
2020-11-02,11.38004865294226,11.390328124907755,11.327559344400504,11.361538852814531,11.361538852814531,373647.78951494896
2020-11-03,11.083402295259065,11.097696912576156,11.04480812222901,11.08319258614972,11.084446927372849,95702.59614531536
2020-11-04,11.234039510127843,11.323948811405826,11.199365023694352,11.22281377769983,11.225422871497193,210167.6261181508
2020-11-05,11.165445426608311,11.21857813405693,11.137998246101034,11.16535508791161,11.166761153788164,136354.47070132222
2020-11-06,10.60340034985844,10.625372489162146,10.558772657988785,10.60153884889783,10.602490512497322,740637.53685065
2020-11-09,9.973551858495044,9.982532287859469,9.95161742894858,9.973071450402724,9.965916239244244,366234.8728302131
2020-11-10,10.040143190303011,10.06641008116015,10.033758447162628,10.036819101043486,10.03598847694413,175037.3928560456
2020-11-11,9.88412252850458,9.91061937550051,9.877415706033508,9.89483004870251,9.894675171546549,88611.36333257276
2020-11-12,9.91490350514318,9.94281772176845,9.8228251125633,9.930481202286373,9.929862239847528,288388.03919697943
2020-11-13,9.348837666379188,9.3615942144348,9.31033268166702,9.353790209552118,9.353988352066311,227078.21916499137
2020-11-16,10.433784310445944,10.464338973771298,10.419509059652173,10.43878731231619,10.434182484206731,447355.68074315833
2020-11-17,10.235986973474608,10.267901855888017,10.182729429741308,10.240521941072288,10.243539550080811,266996.66225801647
2020-11-18,10.638088707021671,10.628058243771887,10.54199497026303,10.624496007392716,10.627331082027409,179343.95187084965
2020-11-19,11.473477183117373,11.496442940039069,11.46246147699594,11.477124282588624,11.47228605139253,387020.0810209408
2020-11-20,11.250969415026038,11.276213937416792,11.224920732428355,11.252125710988658,11.250797312398156,412329.7004121016
2020-11-23,12.05202316682276,12.134124704459737,12.021614980957589,12.044988182089888,12.042121698796253,180841.1329429292
2020-11-24,12.182815783800343,12.204841017147189,12.166580650123178,12.17175972601812,12.166592365706707,431805.7622221868
2020-11-25,11.72824318961684,11.75401655780196,11.708040117571944,11.727325134898432,11.72571989023739,100223.66330468057
2020-11-26,11.562080915237466,11.56233976007111,11.552741059035242,11.554342156893572,11.551936191861843,1310674.023861106
2020-11-27,10.420449766996626,10.436539964662243,10.404492649738035,10.424085152332978,10.42724095869726,446390.5309684457
2020-11-30,10.24664862856424,10.371339311878684,10.197763165989697,10.251059379813151,10.249553135395736,119867.48557899975
2020-12-01,11.72812424755842,11.77341733960856,11.67491670986002,11.714184262861092,11.709646266072657,311875.7830611262
2020-12-02,12.0686513120577,12.094223707852388,12.044791355270574,12.084841237550409,12.083593884519274,222689.17781518496
2020-12-03,11.76332544159809,11.769457160018709,11.612311405841355,11.750527677665874,11.75136382987044,296788.68008663395
2020-12-04,12.185367794959758,12.194134221272712,12.087012697587864,12.178572026300476,12.182057771290513,308293.0390343656
2020-12-07,12.67347705269814,12.70382253943931,12.643556799639542,12.6567574419735,12.657741155534865,261019.0333362925
2020-12-08,12.36770626482408,12.510951634506736,12.336355998515582,12.377803953997692,12.379179395149666,532929.125927398
2020-12-09,12.544712754187072,12.572890021593572,12.525314309563424,12.531515059409598,12.5322696557001,289966.5790432058
2020-12-10,13.145851819391526,13.277619348760116,13.15455193709504,13.177358669307544,13.177132275855802,243642.36724695415
2020-12-11,12.66925223153966,12.715826437230923,12.63527451555334,12.680642247191566,12.680088020288826,156953.57857491123
2020-12-14,13.8081783250425,13.87239334287859,13.802083871047143,13.83143680432271,13.83606570591914,412542.4414212111
2020-12-15,13.61230720997828,13.600338559053858,13.554517804990164,13.593955019919196,13.59007331123906,340789.1480743532
2020-12-16,13.510740175560922,13.558073351374594,13.435447302893175,13.505731610740142,13.509065652776226,405458.89598440175
2020-12-17,13.86337899959237,13.878791623315848,13.818869853796237,13.865660840692874,13.864830713351228,259817.12270385685
2020-12-18,13.687482131556983,13.744053510539882,13.62931494072555,13.683865536945175,13.675306744733518,395049.0177291812
2020-12-21,12.6845705145193,12.701624317355687,12.63430684809996,12.680052899418977,12.681556918777298,555944.08941703
2020-12-22,12.168829796366628,12.27624392138487,12.144717040761574,12.176072710951134,12.17667295793558,156884.9015299255
2020-12-23,11.66914820191731,11.664351187435676,11.64116206539872,11.66322048085146,11.660299838601784,281164.36488821084
2020-12-24,10.665944408885643,10.74598755489098,10.645848520777244,10.671415795411573,10.67073751016162,477397.5670868556
2020-12-25,10.8017942981869,10.835298589787444,10.797896846546507,10.803438495778432,10.80505556041532,100140.6757661706
2020-12-28,9.651364222975202,9.748009268627234,9.590176096308342,9.6484330314346,9.647725053214234,508413.1652832768
2020-12-29,10.062767263586528,10.157109575549706,9.957251995253152,10.05723039254535,10.05489632122489,593031.1506129768
2020-12-30,10.266273118108431,10.29708278738247,10.243996797413317,10.257436313190992,10.257519504332198,277567.01822630194
2020-12-31,10.199593083646878,10.31383407215666,10.1705056296403,10.223895027645437,10.223631299648508,217357.3741356184
2021-01-01,10.034773763957844,10.074721233485665,10.022042109151348,10.041992305269453,10.046289781879029,490325.9461957412
2021-01-04,9.760933190069093,9.801778399616502,9.734625446076745,9.753378829459333,9.751999285540537,242409.6607011565
2021-01-05,9.734308905669408,9.765685730643131,9.65683687130862,9.73481219013376,9.73920794281294,99644.5547494325
2021-01-06,9.314746518591782,9.316982425193444,9.301183109277488,9.30825288058894,9.307170777638058,183868.2564837176
2021-01-07,8.87381106717442,8.939978404106245,8.841643099568044,8.872292736816078,8.868470233058208,351135.35056366515
2021-01-08,9.228689057227912,9.264260035404773,9.17421296944859,9.247039200734234,9.24864241596818,469161.61677802267
2021-01-11,9.553039836663196,9.566964827619891,9.495814238039223,9.549601354432708,9.542695193399531,318049.97194172395
2021-01-12,9.611556316813443,9.627974369892003,9.612390966131295,9.61517951453517,9.611264135060155,347202.64401664626
2021-01-13,10.646973999555058,10.67549581592619,10.620909169703395,10.64544078750266,10.642991472608536,227563.70393234116
2021-01-14,10.617414193549912,10.644768337663956,10.601651198151531,10.612440175240016,10.608729465302291,305762.29677635874
2021-01-15,10.37605151904216,10.447221413118925,10.37856161383919,10.399042861822974,10.40201971882936,117065.12631989362
2021-01-18,11.21838199717787,11.307882287758826,11.18404268449639,11.211294794203924,11.21169810330441,143267.56319447834
2021-01-19,11.53916439452979,11.537932546752902,11.5233533125528,11.53320880681571,11.536294312805872,150076.31681721602
2021-01-20,12.41593858464842,12.48445594087569,12.358105747664675,12.396253470925195,12.396565380323898,505373.95435131295
2021-01-21,11.405151488533184,11.395645595452558,11.339923796801836,11.38026297988984,11.379962423002516,94734.69761584056
2021-01-22,12.344601769930108,12.452595473796276,12.315674635311636,12.354874671508531,12.358284407540092,388172.1396512862
2021-01-25,12.85151491641196,12.902461613398016,12.805525349837326,12.84721167418855,12.849656071783032,341785.7032584116
2021-01-26,12.462302174229798,12.475833681357877,12.413268141892376,12.448488571682711,12.447020947895396,662311.0328902031
2021-01-27,12.047229564713264,12.125517563947596,11.934920282475709,12.048883078833112,12.051194066405309,211138.61442289263
2021-01-28,12.282260508189422,12.286994942243489,12.230287224595507,12.280915577322636,12.274802205208196,172250.29734151525
2021-01-29,12.160550306035006,12.281127926823292,12.092548198453551,12.169965040099646,12.172769248035396,167341.5937699888
2021-02-01,12.251130430672116,12.276757959743623,12.151492030947727,12.245700351756575,12.246402217473689,656156.45720206
2021-02-02,12.225327485971867,12.270969148640738,12.17026000144956,12.231786878192102,12.236244400138462,666694.0513667347
2021-02-03,11.968212010157629,12.013270088083912,11.943180578464936,11.983810427602126,11.98029271575735,125281.79467209552
2021-02-04,11.28845717850497,11.307359379702753,11.214981712049614,11.291587645563618,11.293013482593445,337942.40622910863
2021-02-05,11.88213346815834,11.89784318029119,11.82708180132994,11.87340204764688,11.871724839139889,156132.6957981063
2021-02-08,11.777510133180243,11.79886140975531,11.743629674336033,11.778168236507176,11.77857010460246,90591.05467490644
2021-02-09,11.983439080281965,11.977879958624747,11.930335796465698,11.972887219479038,11.975248926797388,488974.81766267086
2021-02-10,10.787306749566095,10.84847612689055,10.71740017618021,10.776785414423813,10.773895095498691,315756.54530397075
2021-02-11,9.962135277591566,9.989058632818455,9.950342188832751,9.973166479830743,9.972269930568055,286150.4339288743
2021-02-12,10.119244539394144,10.20891767047135,10.069344695508464,10.1278011998958,10.12568585861859,269164.2836738215
2021-02-15,10.438228710675004,10.476329277015171,10.351007119030111,10.440245133228364,10.43993323556489,107591.54060791354
2021-02-16,10.526038321455344,10.537070240053511,10.50923953014278,10.52791782917226,10.526160834669923,223081.75753672875
2021-02-17,10.22826053825184,10.252323587401314,10.183698563730037,10.237707488527716,10.23337319245259,343772.62399503955
2021-02-18,10.149611827354647,10.180667431176577,10.147955515127904,10.16038540867184,10.165905146048017,188683.25926191208
2021-02-19,9.604403235996852,9.655116430501474,9.566241286624038,9.6112922683652,9.61054833655262,108781.34123210108
2021-02-22,8.806765065532499,8.807287197050218,8.786941246103932,8.806685204874052,8.809000200763284,379462.0555921752
2021-02-23,9.03225132426758,9.149895540584923,9.004598090659071,9.04114631553688,9.041035740981751,302606.87911330414
2021-02-24,9.298975970574086,9.298691322577048,9.292199380453878,9.293083980292325,9.292875597617009,333177.1214289363
2021-02-25,9.21672113101414,9.21992294757436,9.168563152066504,9.213707317090034,9.21111345715195,500303.03016408696
2021-02-26,8.969778668932632,9.04337086794492,8.943318986170675,8.96090081053039,8.961249198377455,384271.61902527633
2021-03-01,8.72745971848711,8.780821969230576,8.701906382192394,8.735906935598306,8.736775199527848,85735.91687863447
2021-03-02,9.30533777660024,9.412520177412574,9.293957011784116,9.295422086544304,9.29611690296101,99783.2976270575
2021-03-03,8.909057122396334,8.917404894611263,8.900949526771882,8.91089297196271,8.911224538052158,673800.3062042915
2021-03-04,9.261900421538272,9.301430065022704,9.238828444215269,9.255138668661468,9.252768278935426,156305.75419751627
2021-03-05,9.2549208758079,9.314843739263106,9.249821784048743,9.25352825484889,9.25480381360038,758326.5580081189
2021-03-08,9.2236776297631,9.241219739018906,9.211026856253966,9.216937764356071,9.216584667705996,242996.7905934677
2021-03-09,9.50982015930498,9.572979818199256,9.44989907808168,9.513002649922017,9.513582179601618,524860.8669755209
2021-03-10,9.564727525796698,9.572759271882388,9.543377381956018,9.55864992720348,9.560464770108192,260483.9999988247
2021-03-11,9.242205547038749,9.25769328706642,9.184396710078357,9.23136770041694,9.229901077931189,260011.52515696667
2021-03-12,8.689773441656165,8.767292926415584,8.659982536783284,8.680348423523547,8.678257995566701,148327.38382923743
2021-03-15,8.278573563381016,8.292900769546414,8.204514337841914,8.271120019594784,8.264375673904127,480954.544569271
2021-03-16,8.567085916973932,8.598242082727568,8.520000910066107,8.563733576803301,8.564937608640939,333730.3747894196
2021-03-17,8.860370786618779,8.928505574267287,8.849127865637216,8.853633178643015,8.852074028702864,280520.45348484616
2021-03-18,8.669154891357312,8.685649649388584,8.658212268815912,8.665975403094457,8.66978964601373,141983.53015208297
2021-03-19,9.094109306447692,9.090108635401174,9.015020269179445,9.083286308306512,9.090115963364497,178701.96013532268
2021-03-22,9.433813570473228,9.46426629150393,9.40343313761202,9.43539262350477,9.438409239414105,169622.30935129258
2021-03-23,8.7176580370306,8.74787996246061,8.676349336971256,8.718576167697893,8.718607317841782,136368.5441949721
2021-03-24,8.901168118724657,8.918452526680456,8.8657762827266,8.897124012807884,8.902046882272833,183428.2629672792
2021-03-25,9.05963621653142,9.093830088282305,9.032805939442769,9.052612214779309,9.052674624328976,287060.6489531765
2021-03-26,9.431565910731152,9.492682079571136,9.38479098141882,9.427470003066473,9.425373072919957,428862.26614840206
2021-03-29,10.090114509988792,10.157693663257474,10.081406673466716,10.102689481732998,10.102993722561754,216514.68257967717
2021-03-30,9.99627654269908,10.046058392080214,9.940791624115946,10.001875289405664,9.998961627381446,101412.58446089573
2021-03-31,10.3929683612938,10.395412101513084,10.345899266045407,10.388730750020184,10.38998312943384,0.0
2021-04-01,10.794367341668924,10.820288501691472,10.767738016793611,10.7678264378898,10.774031838446014,130126.41173175257
2021-04-02,11.162488569993382,11.189581014257485,11.150811003868204,11.160590486382022,11.164531482348671,499094.66447753255
2021-04-05,10.927587281992643,10.977137122619636,10.91734209859707,10.920679079449556,10.92171092479578,112352.82858757186
2021-04-06,10.71480073551994,10.738160548239144,10.580956650443094,10.719041681182846,10.720075015761646,286981.1726128284
2021-04-07,10.64325455940417,10.643341256598648,10.574326315867118,10.637161552245932,10.636097978470143,601397.1971882974
2021-04-08,11.268050412648371,11.319287921899354,11.173577240310111,11.2748913167879,11.275585175375326,674619.4486615424
2021-04-09,11.333169654521452,11.370671265912987,11.221751999154987,11.338921594896377,11.338865481481118,137950.12707222858
2021-04-12,10.732185734993202,10.768368809286624,10.720424904637497,10.7273608264583,10.730734937145582,84014.134887327
2021-04-13,11.066311890609857,11.097936776279528,11.039218139488938,11.072088564721028,11.07394626075407,187209.6869126488
2021-04-14,11.288773207395703,11.324291092630164,11.24936936572353,11.30076379595091,11.299653316688062,131271.90902419708
2021-04-15,12.074268566890767,12.110583483107794,12.06806892033747,12.089165608237227,12.087826229825014,123329.03524490495
2021-04-16,12.921846942909598,12.998475685566506,12.9153676971668,12.933457738118925,12.937816718023766,886427.1671796113
2021-04-19,12.44313600154296,12.490873230083976,12.427237696613757,12.452963106040311,12.4527920540095,336079.51234364987
2021-04-20,12.792484687083448,12.80436272849537,12.78324114738686,12.785873589784869,12.789935853928068,252054.85871181707
2021-04-21,12.300912682232068,12.37298038968964,12.29135002232397,12.305392973889708,12.307655933344494,348583.3667265556
2021-04-22,11.293722673158634,11.311253293161124,11.237588814140908,11.297080048538076,11.297959207799186,282238.4679960798
2021-04-23,10.946665104715684,10.948484911048508,10.925461283189774,10.934373439892056,10.932341130635534,212374.06847216157
2021-04-26,10.295957297650377,10.355988278407844,10.24840223973802,10.294204029889062,10.29362637149876,99995.58289923571
2021-04-27,10.918485542631007,10.920106418340408,10.832117243555494,10.917564701548216,10.923867478984928,597946.3686271241
2021-04-28,11.0170770099894,11.11017440076085,10.925484541031746,11.018042215299657,11.018952483747537,557946.3847390726
2021-04-29,10.80825873136284,10.819046238507152,10.76531368992331,10.81283161961565,10.812507073600957,99510.37286897044
2021-04-30,10.821506879322358,10.873212729556682,10.773396171865604,10.826853398369265,10.82398305466552,246761.8733413705
2021-05-03,10.624704957868156,10.638118411457045,10.554858792610368,10.611083690289522,10.609716266835589,152228.5572571486
2021-05-04,10.099330368129326,10.103550575240009,10.036307687101775,10.096940331838905,10.096158089293718,1196552.2143297482
2021-05-05,10.698233129720832,10.727918621247872,10.636194495565157,10.701222719067705,10.700845231517013,375390.7811393603
2021-05-06,10.390521094327596,10.417974613840986,10.38070261360186,10.394748171803828,10.397322960580746,309337.6382116927
2021-05-07,9.845814794152831,9.887397112950705,9.832332276803433,9.851169413122802,9.850786454648295,283520.5454278963
2021-05-10,11.452754994478044,11.50155165853775,11.409086096084522,11.440821850735697,11.434015615768567,138545.78520951205
2021-05-11,11.326344969731808,11.399290724846647,11.313222913693757,11.34379409564259,11.346681614516648,748114.3912527568
2021-05-12,11.696262769847218,11.729152029780508,11.67509836703151,11.69237751769101,11.695720144669677,573575.6611274346
2021-05-13,11.522144140858956,11.605138001547418,11.482726368692791,11.536773730289935,11.533770896037828,147821.17847782926
2021-05-14,11.623077948297416,11.69390788389233,11.48365843160217,11.61431449444941,11.612533265798264,372740.1693465561
2021-05-17,12.84414417744504,12.92277611403414,12.799789163332116,12.847306970887145,12.83997837268352,118548.21826165495
2021-05-18,13.039120178421996,13.051157524169078,12.97749742441077,13.043382196498376,13.040675674005392,256124.42932887684
2021-05-19,12.71419789464326,12.755217900505988,12.63740210387044,12.709231709160385,12.708494948803502,281136.5860346589
2021-05-20,13.356431203696596,13.410174397645742,13.345439579920455,13.363793941829234,13.364235691146702,224136.02837369812
2021-05-21,13.811013266418414,13.826025476995436,13.734652725792031,13.8009451877363,13.799495154664047,255983.80928282428
2021-05-24,13.838366685620851,13.882329813207624,13.851465944370483,13.858536874654291,13.859645829416063,384841.0688622586
2021-05-25,13.594343358819458,13.613313441917189,13.520234831057389,13.591389811601584,13.59370656190636,400614.112363764
2021-05-26,15.23653532971251,15.288792158102192,15.145522817932596,15.22862890708814,15.223586365229142,201557.8138187609
2021-05-27,16.65029075095915,16.706248475291336,16.544107976160408,16.63986117845258,16.64439680610203,149060.25565647526
2021-05-28,17.684818999358487,17.87697932161677,17.664255622585504,17.675487945567788,17.675039064404004,386650.28015185846
2021-05-31,16.791286815434756,16.896229382614802,16.72730258321396,16.81205595741301,16.812431582349465,133499.93365787913
2021-06-01,17.059965137207115,17.120392433371034,17.042281358691888,17.056811035252032,17.060727972117594,248157.5318360249
2021-06-02,16.513755317107044,16.5390957963405,16.457119952574143,16.51975696130135,16.531032392950554,180438.4202112192
2021-06-03,17.82181330874395,17.905525844252953,17.79530388205438,17.829372320115233,17.840717494178573,179697.9932953219
2021-06-04,17.329319377955407,17.390605889042476,17.2936859023092,17.321498189530885,17.315835717668172,171886.28188166313
2021-06-07,16.640890642591522,16.778336321399927,16.537098651869957,16.646481873243534,16.64526320597642,317209.69187002414
2021-06-08,16.976296695169324,17.082574035966644,16.918001833137236,17.009457666967137,17.006741522825216,593802.593610423
2021-06-09,17.18757293511287,17.249796719185568,17.185977334977558,17.19822758033848,17.19088336232181,218623.7752228013
2021-06-10,17.268133172792226,17.30397196669737,17.185640121052053,17.259177549439183,17.260257877582948,109684.31551836498
2021-06-11,17.623583192887637,17.688777800089184,17.556587165919606,17.66462637830562,17.656974210321067,261550.30285395085
2021-06-14,15.83551505845678,15.958725997921215,15.764961973524198,15.863868100669352,15.863129903116088,294916.2321235336
2021-06-15,15.557446355555252,15.550916280391087,15.495464400265565,15.54922672737,15.54887444061649,101522.88248912668
2021-06-16,15.880804249216162,15.890456642795517,15.84403127665608,15.872108756335436,15.872149586091508,151011.7435033424
2021-06-17,15.725113390643608,15.773218813282895,15.618233864051463,15.716868241470086,15.721771180767794,406979.3910187097
2021-06-18,15.540875723875253,15.526372959043156,15.483778639763154,15.507351140119534,15.50475333708159,125582.2912807168
2021-06-21,15.124979306404809,15.19495178616436,15.105339389433531,15.125549182501418,15.123420234804348,684252.4072751477
2021-06-22,14.03066270027983,14.066720482856589,13.984805184408511,14.036128613199958,14.034831276713248,137729.25908205798
2021-06-23,15.036881029490967,15.167404776879309,14.98095553603541,15.015323375807135,15.0140237374863,156322.54726437785
2021-06-24,15.135034914405516,15.141132092463415,15.019100265818098,15.139496021815216,15.14150589079995,585696.5640619984
2021-06-25,15.622151888619316,15.763208684673074,15.529944142786702,15.596459349190106,15.599556400870986,453761.08160046034
2021-06-28,15.696165685915982,15.829429613352668,15.698335173910284,15.712775580573648,15.70839859878668,280079.93842412456
2021-06-29,15.130942597229955,15.198294376484426,15.126451157341664,15.142361591255325,15.146269811993063,187066.4676214849
2021-06-30,14.95931060872044,14.97791128125708,14.87489695107245,14.952068970456216,14.959367124486224,100727.76435460168
2021-07-01,14.252717899642406,14.362364859316564,14.245082322003285,14.256889086121785,14.256735706827888,217616.11234556173
2021-07-02,14.192165600641928,14.26259505912859,14.15410234873042,14.187818480010367,14.186104838569298,171671.92487917517
2021-07-05,14.289916483490288,14.428088965244433,14.244615172007776,14.304132098908214,14.29849726090196,246217.5177087569
2021-07-06,13.88994521941684,13.905545049335457,13.844478412967485,13.896488535326888,13.894196559761856,277799.55000760325
2021-07-07,13.57117815827504,13.6361793988251,13.532109672024522,13.580008772851674,13.580904904680056,200885.2232202769
2021-07-08,12.902538920624387,12.98342644423396,12.854923526147962,12.895929869644704,12.89519477512345,150745.9396548251
2021-07-09,12.688649804691426,12.77913356557987,12.586535141672805,12.6683864799661,12.658657172870509,257538.5019704624
2021-07-12,11.5421095434043,11.645257356362867,11.520311662785629,11.549274647849614,11.547090356828193,266086.43884131406
2021-07-13,11.016715659812036,11.021567656610562,10.976969443870644,11.014155930805384,11.01098305379828,177450.4890565313
2021-07-14,11.104485065967433,11.196827158076497,11.091470686154798,11.107894641724396,11.10696720459315,195378.60614091423
2021-07-15,10.95109152364675,10.96589726021207,10.923112945200169,10.949231463498077,10.9478690335801,230606.34402067447
2021-07-16,10.566609562051084,10.613856063046784,10.456800970788516,10.58732665674319,10.586671617770907,194598.3825331588
2021-07-19,11.04546950318949,11.110842343707294,11.038530055968684,11.048278339818056,11.04907910122657,142861.0007258694
2021-07-20,10.211783760204312,10.25358115894688,10.16681699817038,10.19929252556534,10.20254575241543,261477.7894413297
2021-07-21,9.992471993956984,10.061232289528464,9.976438740487891,9.983222462726491,9.97941956526719,152107.98092974402
2021-07-22,8.828804281054541,8.84927091407648,8.795754804293333,8.83688764362618,8.838013656028304,203085.04142141977
2021-07-23,8.754000974759597,8.782012945798686,8.71368733230149,8.757600577730347,8.76006384880989,317140.6873268465
2021-07-26,7.953404704160399,7.99663660754056,7.943909421476056,7.947237606806669,7.946361848026068,522240.3804922014
2021-07-27,7.904450075531745,7.932515062410608,7.882834113564567,7.908929183665053,7.911777912175393,1492215.6320820933
2021-07-28,7.763579837855368,7.781022667199341,7.666030376304231,7.762830692964218,7.764543937548153,220534.67693342327
2021-07-29,8.334176495270013,8.340199266504367,8.317831696476395,8.326268410195699,8.327468255969361,233661.18675892297
2021-07-30,7.606958564539847,7.622921533683194,7.583164622900595,7.606177033360854,7.60520494102106,201029.4803224289
2021-08-02,7.635591671405933,7.662390202680584,7.607496301258983,7.653952859001389,7.6524417106064435,316351.0747949528
2021-08-03,7.606612104544846,7.6258632891442595,7.577803759809322,7.597206013708599,7.598882033368703,700183.0210009472
2021-08-04,7.416873916767801,7.464508036384103,7.331433561089939,7.419499636420865,7.42008560764175,112533.06609674894
2021-08-05,7.802598829038234,7.811758316096877,7.781994756596349,7.799879174736677,7.804032640746905,311236.1853177336
2021-08-06,7.726182180491519,7.787561333004032,7.71834166752174,7.732357848127939,7.730268689559672,531425.7505223807
2021-08-09,8.540581460030007,8.541520423956046,8.490039239872996,8.537117492454511,8.53538197678258,140475.1128928615
2021-08-10,8.861505457417907,8.926928152880954,8.849772013416377,8.86377128530431,8.862710969327146,185153.54172562133
2021-08-11,8.586508436373265,8.647200070306425,8.563041077356182,8.587634939385627,8.585805973180669,516454.05648413446
2021-08-12,7.669943484358821,7.727980019723378,7.658251510342831,7.664060484279546,7.661818150801668,641389.3516149906
2021-08-13,7.747010916076325,7.817068463974031,7.729172884885149,7.754132884507115,7.752532906859973,317176.9828361101
2021-08-16,8.537047010426111,8.587138023831374,8.47659303353103,8.534008138517233,8.530833644988675,733489.7976719947
2021-08-17,7.875666363407839,7.8753067440997775,7.866196144032417,7.87453019047249,7.875285522038816,531290.6473515934
2021-08-18,7.822188989236734,7.8790044371599075,7.815195977847161,7.836302625608752,7.836498830097324,115663.11125193008
2021-08-19,7.097632102343768,7.123344978244879,7.086177137900402,7.091921989162246,7.09161305935556,308686.6065416367
2021-08-20,6.376714579492517,6.390288942694888,6.365639352347061,6.374072887265635,6.370680245577735,330079.0136870629
2021-08-23,5.897586873073207,5.907371227200792,5.838198519793806,5.895758007924494,5.898561834271471,245124.34203246955
2021-08-24,6.178279126793424,6.226140696560379,6.122664543799409,6.178046912703439,6.180008666089213,273994.0186830325
2021-08-25,6.4971442188270165,6.501210319323879,6.471902266062061,6.496669921336508,6.49699068467822,454072.1137806
2021-08-26,6.500042373682666,6.554766372018247,6.467847881146473,6.502286071906658,6.502300899886783,517706.5017622165
2021-08-27,6.335542890681481,6.388566946976163,6.335769972285661,6.3485886008305465,6.348849504537857,194793.1123048792
2021-08-30,6.624902686155645,6.673975776615026,6.584687224510672,6.623688209698151,6.623083426658746,332278.49338743935
2021-08-31,6.490132431398549,6.531656743546427,6.435654457523341,6.486334513933568,6.488047356248363,303470.4465732761
2021-09-01,6.326997627130149,6.356956459096955,6.324345953613118,6.325021015998584,6.324359631525343,183472.92439158217
2021-09-02,5.844369266022038,5.889051572706363,5.799043738256575,5.851969398320874,5.851402142887512,249350.1458417207
2021-09-03,5.419874696999984,5.417676887907892,5.372751857508796,5.414235208830389,5.414122370166293,369094.3580103415
2021-09-06,5.593988081992605,5.6532886143870575,5.591811797736534,5.600097743983316,5.598222565967006,213795.35617785776
2021-09-07,5.720157945503733,5.730103264316765,5.661844080225771,5.7262535769237575,5.725742918549605,88578.14606018891
2021-09-08,5.7892507066155385,5.832289516992979,5.767645857349293,5.7866962617736135,5.788018821317476,394847.65959977626
2021-09-09,5.278505406541771,5.300968620059908,5.247718924969223,5.281919873837935,5.283085076089426,206058.60727377608
2021-09-10,5.531364902242401,5.532485349955943,5.4785762527778905,5.529349376549184,5.527968401893275,333031.77372161124
2021-09-13,6.192548363707042,6.291050559724391,6.181343238460039,6.195329176126021,6.196942206759045,159157.6452987783
2021-09-14,6.147147463276812,6.166865164375181,6.1275961277284825,6.132402479550161,6.132454680519736,180285.0582884399
2021-09-15,6.1497410376799815,6.183508106464199,6.135219205859641,6.150658986101788,6.15006617945082,509227.42765765416
2021-09-16,6.159407050224723,6.182791396154414,6.1447940272649175,6.162597715910511,6.162597715910511,149573.79286821044
2021-09-17,5.652908468343961,5.664021514432598,5.5895389636511705,5.64790758170793,5.648261959156578,355903.00448524323
2021-09-20,5.507696794596081,5.523126508481914,5.472409091934398,5.502553038429593,5.504161316785888,374935.3037454097
2021-09-21,5.409278567611631,5.453773785304765,5.394784109357929,5.42158612397274,5.421562318101706,410183.250408228
2021-09-22,5.281503436276564,5.291591353302366,5.271267838740169,5.283059630315558,5.282877547724946,386925.18612387805
2021-09-23,5.485256873033749,5.500484069274528,5.442886950791732,5.477002029728668,5.477062623455981,324969.60153483687
2021-09-24,5.586784992538649,5.5967689031157,5.562144682437104,5.592146502146159,5.591867568195706,239674.78815550165
2021-09-27,5.783952025922227,5.799325113631966,5.754197424091587,5.785255846208786,5.785505582301613,231104.69834371764
2021-09-28,5.379091272095484,5.401086603050217,5.36040671062377,5.376122396608587,5.375289698536792,753310.7499629275
2021-09-29,5.445149339074637,5.4598167766651216,5.439328443832414,5.457806925829345,5.458675556333837,143844.49273256864
2021-09-30,5.229291727122608,5.242559270408342,5.202797543901264,5.239376748715676,5.241482280432148,335292.9428436286
2021-10-01,5.472108820341949,5.5055035881969125,5.449699053113793,5.470747824585689,5.473101509963989,175936.53481969144
2021-10-04,5.658314043078649,5.675327191968901,5.609425944557808,5.653622752941546,5.652865356004233,583929.7524804432
2021-10-05,5.600737961866216,5.659271602033432,5.589007828665432,5.615659241103772,5.614794935971494,192678.79007426556
2021-10-06,5.560596608966909,5.630156119312218,5.507978151617845,5.563877585605519,5.56425204407298,398748.3481013928
2021-10-07,5.465249197098273,5.485430968345863,5.439415458605977,5.46636862625454,5.46740368308368,321293.56564977136
2021-10-08,5.435617713473051,5.447970274109235,5.373439842231975,5.42851772157676,5.429489421211319,321474.68531538296
2021-10-11,6.066111817004362,6.061412590599373,6.01064372647098,6.059336093013908,6.059536017414809,107145.32491243772
2021-10-12,6.040200264311779,6.073684257803696,6.045644306981954,6.047415100637171,6.047667320730602,239655.42838233948
2021-10-13,6.231790071418855,6.261208472999295,6.211208050725274,6.233693319164954,6.238347228935471,265582.03375322925
2021-10-14,6.099177315242216,6.110978037692994,6.0668307600991085,6.098006745847556,6.098038667037995,369310.9525953151
2021-10-15,5.803318085320001,5.811084796297669,5.798667512730886,5.802694437257218,5.802114818243828,64556.61668227042
2021-10-18,5.563233424876446,5.57321356430484,5.528183118010457,5.565990356579118,5.564771293017366,103283.37882265609
2021-10-19,6.109843521901839,6.116704764126834,6.077998428032138,6.111984176029377,6.108355990418199,388753.3449288504
2021-10-20,5.999958122214178,6.042951780309038,5.942169222351483,6.002739298648549,6.004719644077654,102560.74267243546
2021-10-21,5.8194061134314605,5.825713329120567,5.787814199508437,5.816308534755962,5.815929005231967,278309.25765914225
2021-10-22,5.61900944298368,5.653459730882955,5.553025782786726,5.612025076201797,5.609550214375696,378742.802426453
2021-10-25,5.952617870668817,5.992934112896163,5.939639769353895,5.95397524745393,5.952024957273079,244998.07581903305
2021-10-26,5.751164043376484,5.7696798059938175,5.7391225876862935,5.75031685483241,5.751171059420647,177969.7337270796
2021-10-27,5.811495082946951,5.821895949475108,5.799750090518084,5.814500115320076,5.813964416443966,323218.6934194754
2021-10-28,5.67150664654972,5.682787197416388,5.667186019639851,5.670736092556566,5.671439521907897,245640.363617578
2021-10-29,5.858940685020884,5.871601616112601,5.826640664201193,5.856591668319004,5.858215287542036,157223.57767364755
2021-11-01,6.071930930593151,6.078067839906766,6.048182187059302,6.066286338295987,6.065441617810667,247798.4656261135
2021-11-02,5.897908819559848,5.90430953630317,5.866610108082884,5.895354256112577,5.894660939254434,135034.14133501425
2021-11-03,6.134802329758739,6.167573969861222,6.124199731025018,6.132448894468852,6.135061062030505,215328.7477552217
2021-11-04,6.232596228319096,6.256878894240771,6.16283798888339,6.229964920204624,6.227652655997224,242718.111525445
2021-11-05,6.232450751893369,6.278363770298749,6.21322215159333,6.217164833679453,6.218738436699238,72820.37025732914
2021-11-08,5.729112723279592,5.757488280452464,5.73220995326876,5.733739297693568,5.733432179097,427110.19398946007
2021-11-09,5.975063820354362,5.991333550494768,5.968145124925372,5.975623848540456,5.9740843798380725,343841.1117931901
2021-11-10,5.4800798150653,5.51429704641206,5.408019378583895,5.482615704770324,5.485128170197863,263671.5307771741
2021-11-11,5.246303376841751,5.285890372644539,5.219558718386833,5.240627240085181,5.238249567602974,141201.02667640845
2021-11-12,5.163850050799243,5.186135079650409,5.103199269381921,5.161408120007491,5.158972103679398,333412.1149478765
2021-11-15,4.95581426235376,4.967437146145302,4.960868181662039,4.962608021826564,4.964163211081994,123097.71247483262
2021-11-16,4.820353466208744,4.834790598087595,4.807759415655211,4.821944483987855,4.822478694866298,375737.4634938272
2021-11-17,4.53270178566516,4.538445811782281,4.521551321848144,4.531342564161868,4.530923639228937,163708.0599278718
2021-11-18,4.363751547330071,4.372815741189602,4.3503348837049725,4.36629805289903,4.368425745259227,265732.5199000027
2021-11-19,4.27094372731866,4.287424786130543,4.258913316059818,4.2725009608114375,4.27078108363002,130921.11490250163
2021-11-22,4.5139081566717,4.549627874642707,4.509879161535351,4.518675676855624,4.518535080268999,351292.1219939465
2021-11-23,4.392119783113144,4.416605043713222,4.378992414591573,4.393845820220215,4.393837076239275,252919.74283660832
2021-11-24,3.969925619756876,3.976509577487043,3.9705584725802674,3.970869323005292,3.9699418330658536,173121.9150437891
2021-11-25,4.2193100214666295,4.218292819988109,4.196575821940474,4.217954809509292,4.218000251962849,148870.21970237672
2021-11-26,4.291648961561858,4.301427788864928,4.258916667779416,4.293322105604987,4.295088111917132,278936.85748668376
2021-11-29,4.511029688612527,4.547006477336668,4.461298380796325,4.51709804647678,4.519813050478716,198231.9383126656
2021-11-30,4.766221271243526,4.774618839702101,4.761327614152649,4.768846857776976,4.768037725369197,249636.68682378347
2021-12-01,4.853545094273501,4.877849064565728,4.80357611574801,4.85331476629588,4.852501872851994,760371.3250998936
2021-12-02,4.857702469169682,4.875410240647353,4.8127775448583066,4.848322768691072,4.848084329181419,191847.9579796266
2021-12-03,5.018136975288375,5.0296575899700535,5.015252235084095,5.0205822800944615,5.01858946345405,495780.3208426164
2021-12-06,4.994661049277614,5.014079080946763,4.952118590176864,5.004810159187003,5.0046241251064405,218084.5152818826
2021-12-07,4.994373886336983,5.012341326779508,4.985841508467022,4.995808236296388,4.997737780736455,447629.3654694007
2021-12-08,5.163226986395015,5.17378862528876,5.138251468785264,5.153811866628201,5.15452482252941,103528.09878135892
2021-12-09,5.280950412452739,5.300506544214067,5.2650865139710685,5.28145447391504,5.28374079047281,726638.7030660613
2021-12-10,5.292026988648356,5.316762540546807,5.2791921266053805,5.289911763152917,5.289847647144209,239848.18542001108
2021-12-13,5.470773189864898,5.50687423555181,5.466612624517277,5.475602747470788,5.474183198716027,630890.5171007355
2021-12-14,5.354182048534044,5.373283737042294,5.3209771687166585,5.351819237535341,5.351559360121776,197330.13449603424
2021-12-15,5.346756001982758,5.353387047120836,5.343036754388217,5.348740762926167,5.3478009842422844,392580.5391143232
2021-12-16,5.672907118223166,5.708102356241315,5.674273838978263,5.674639919794105,5.677500427782631,361125.92481569154
2021-12-17,5.564012267513371,5.598346282496191,5.529469923404406,5.561509196850438,5.562392148992613,241450.71704127276
2021-12-20,5.52154294887543,5.513502979122649,5.45099886752711,5.512975299824228,5.51415882874203,278490.6705923152
2021-12-21,5.179852900832766,5.186081562845006,5.152207316900545,5.184418013328278,5.186753032538546,189440.72001023547
2021-12-22,5.091584302442283,5.112263142767994,5.074350472444542,5.084256908860644,5.083430532935975,231055.7382621366
2021-12-23,4.886017712289507,4.9136958033921685,4.840344112831145,4.887396144842707,4.887075252610598,318054.71807885024
2021-12-24,4.726933272638175,4.758946048734477,4.722229027499317,4.729978029885729,4.729084823737384,235359.7972382099
2021-12-27,4.435786733893164,4.447354553994339,4.417889429992282,4.438684245222719,4.438266877160059,405614.3037067762
2021-12-28,4.656385358680876,4.676388884551793,4.62104630369416,4.6518564863208685,4.651355096593727,820176.4996356621
2021-12-29,5.289772187623173,5.290656064126646,5.269985405071808,5.286487555783302,5.287250744470055,363667.1231033711
2021-12-30,5.360218156137005,5.365361969955908,5.305065143898212,5.363978144504946,5.366465883363309,634523.4721701345
2021-12-31,5.414538188911183,5.423880501974856,5.412763203807976,5.4163471495496855,5.416810064232564,583393.7284505403
2022-01-03,5.193961182396548,5.208278225483195,5.186737693769099,5.193928418297849,5.194189371974855,443789.3622552265
2022-01-04,5.197345506824838,5.217665983953903,5.185788476199006,5.208786958975215,5.209888535393432,348908.3652761503
2022-01-05,5.175487367384699,5.215348507243676,5.11589446098128,5.17282339621142,5.172465152896278,303525.9861147148
2022-01-06,5.194350390100788,5.225418561723233,5.163818787178158,5.197239887694429,5.19819919614986,114333.50749751256
2022-01-07,5.162756714366477,5.220077923678923,5.128391658842384,5.165095430216121,5.165486812519018,384765.334277546
2022-01-10,5.08612468792753,5.095508161633804,5.074781768155303,5.085401500319014,5.085998878919343,252782.0323189201
2022-01-11,4.999327069559973,5.010515639472567,4.999581371663584,4.9999231159939,5.000426058693399,182729.10335125573
2022-01-12,4.897059751483572,4.900359542196192,4.880738642593029,4.896083169497002,4.896396755675851,326725.7322665461
2022-01-13,5.145624794239645,5.172714487924104,5.147022363616151,5.152350750755462,5.152000312245372,114462.46237965088
2022-01-14,5.18567476633892,5.181113625028519,5.149814900878023,5.1807628063188025,5.180072667526244,244603.4388039447
2022-01-17,5.447975357321756,5.457083282102508,5.426297337856935,5.456540963909154,5.458800288280977,410447.6764977325
2022-01-18,5.394446333730375,5.406369485071791,5.373371106686884,5.391124544001663,5.390532680333483,639931.9255555684
2022-01-19,5.374812074656622,5.434694823542606,5.360159562767257,5.374395181878208,5.372715623268707,589303.3597517064
2022-01-20,5.468379518845711,5.484614902488972,5.435410890415765,5.469222621446594,5.469614024529321,328913.24284352345
2022-01-21,5.887416713583034,5.9187207160861535,5.849549700837344,5.892016381502972,5.893206053615859,564734.7698153937
2022-01-24,6.345190125742713,6.375142314531641,6.330490874201123,6.343798160006892,6.342230195120317,114893.77182496118
2022-01-25,6.162812341540455,6.200511899030423,6.15308970747498,6.160601292251371,6.160218945259312,149920.5161812276
2022-01-26,6.114621713540405,6.124666086566326,6.085492629254521,6.119067807542844,6.1165992027046805,108982.4541949245
2022-01-27,6.059204831847943,6.098729616018128,6.034087371298031,6.056704659894448,6.059990408127285,446319.37642135273
2022-01-28,5.953715249951728,5.969593946936234,5.925624520559959,5.9456841903388185,5.946137465474674,575364.6751035413
2022-01-31,5.782310775041233,5.793480127814825,5.755481015535232,5.780743578363439,5.783078030952463,148025.89860100974
2022-02-01,5.43992750839665,5.496836883850715,5.424348296831186,5.433210807570704,5.435416978788038,285235.5118184108
2022-02-02,5.138849948561486,5.160333415121769,5.113255430095854,5.133179164478094,5.1347786778203295,75476.68392534724
2022-02-03,5.067086563293365,5.079336348119734,5.063264348430935,5.069724561408886,5.070222063964087,111046.01987181992
2022-02-04,4.865140510863609,4.881342389388423,4.853300436011036,4.862785226121102,4.863756618711188,312646.78501368035
2022-02-07,5.05429880041315,5.11018435179771,5.044120641972539,5.055370274750551,5.055115104104813,314031.0078475564
2022-02-08,4.982900843651235,5.009862820575031,4.951050205322753,4.983109208511546,4.9824842683003485,443717.8370498305
2022-02-09,4.819265615212084,4.833984580926581,4.819436507218671,4.831903364243233,4.831896360971158,365973.05389511207
2022-02-10,4.570055495082088,4.586919042673629,4.532052709489664,4.570491641357494,4.569626649904079,408812.7876622463
2022-02-11,5.030303831215257,5.040926211975301,5.011080427257324,5.032214093317757,5.032385350302434,161698.2593353938
2022-02-14,5.520567969633971,5.542501021558849,5.492438557129902,5.520968478658912,5.519836500543389,226009.37117930892
2022-02-15,6.011000130994444,6.035883246914976,5.997291785486178,6.014624079902662,6.014140629582138,147337.7157398481
2022-02-16,6.095657351956529,6.108612884597336,6.093635345379353,6.098687338013803,6.099099410023634,514461.73122130666
2022-02-17,6.36749298803232,6.39696664724177,6.287820199915074,6.363598304233741,6.360451693812899,115577.85098795086
2022-02-18,6.341168599230774,6.33588208534761,6.32008243282943,6.3345693912004615,6.334663394989995,184863.3943971922
2022-02-21,6.163180408753284,6.184992874482675,6.148992246963131,6.163986215527514,6.162207646468157,157473.0694617599
2022-02-22,6.048890262085415,6.056577651798773,6.046154221163105,6.052204506335096,6.052530710614431,158564.97124266095
2022-02-23,5.8128242790646905,5.8176060724572185,5.794865954646603,5.810687718768452,5.811746276609172,624166.4685130395
2022-02-24,5.763682395734803,5.793470369763982,5.746022145549034,5.765653715698473,5.766601579477174,332451.4950987799
2022-02-25,5.345280169832263,5.390037053188699,5.329880829749984,5.3499331604873,5.350600525508485,297016.4241627588
2022-02-28,5.674549659997962,5.717414910158968,5.674735885152439,5.675735693484776,5.676171988633656,113930.57956427656
2022-03-01,5.723061825284861,5.752364914098541,5.697255778635546,5.717321894430789,5.715393853527423,73099.63829046045
2022-03-02,5.729138491836378,5.757817887139878,5.712904774788041,5.735607441003384,5.735705117213733,391427.1328654316
2022-03-03,5.54252182568897,5.57966490591196,5.524867654169731,5.544566828813595,5.543503752103837,108047.69838704487
2022-03-04,5.268788533298024,5.282452418619123,5.264136602158638,5.273349624383886,5.272469569815127,329996.5171451066
2022-03-07,5.168858006051424,5.208068874648232,5.13825365129939,5.176156738078551,5.175333041271116,390420.51470505295
2022-03-08,4.853959591630191,4.874788778139027,4.828471858555259,4.858079940580789,4.860227614631459,212260.5343440281
2022-03-09,4.751180833326459,4.752357708083618,4.718074552860546,4.746250921991108,4.748425541845349,623696.7973971118
2022-03-10,4.880484910576667,4.896421107770028,4.879342336319577,4.885996312834335,4.885851966788944,161220.3329474419
2022-03-11,4.941370017167723,4.949331128143776,4.9278874362251,4.94012148978626,4.940280188870916,307649.24971920555
2022-03-14,4.495568832994662,4.505347808391793,4.494052125899779,4.5004884410400265,4.498794037178899,344228.815450495
2022-03-15,4.808935211696614,4.828214103997923,4.794847767219352,4.807653230881802,4.807011462537959,398015.308310814
2022-03-16,4.215579241932617,4.220392487959365,4.184296553515952,4.210058799589472,4.208187695219112,664069.8884687023
2022-03-17,4.165763285278185,4.175090300591494,4.165143777605084,4.170025750650277,4.170966441252705,160404.28668241025
2022-03-18,4.194674950929646,4.19530911724446,4.173982616644526,4.192715190943333,4.193007444428571,454702.567325128
2022-03-21,4.118791893769319,4.1390358918924015,4.091196454592824,4.115368020910182,4.116136257187852,255446.37358983333
2022-03-22,4.226948213066305,4.245982305543655,4.2138473376614405,4.228163232484018,4.228104953650566,89218.8085251813
2022-03-23,4.254491544992412,4.270034568602168,4.232719935519222,4.252615607977841,4.253790032006643,243340.5128439181
2022-03-24,4.520586775913666,4.534614562341382,4.473653342855364,4.515985483198144,4.514344799712171,499338.0019491051
2022-03-25,4.6256444381128965,4.632674344933338,4.596060854948283,4.627114304136139,4.62725321333403,105316.53500591026
2022-03-28,4.441830357806379,4.469730266314324,4.440553372890354,4.441456312524683,4.444168466800266,564647.319957317
2022-03-29,4.427625749031559,4.472677931011156,4.4289191634207565,4.432001549919017,4.432198637171236,182003.8253518905
2022-03-30,4.634122433492039,4.67360309395348,4.606743915464265,4.637827467013372,4.636746896771415,374152.5924696553
2022-03-31,4.87444120545873,4.893756218328465,4.873317508886891,4.875460260431203,4.874459483441205,461929.2892643244
2022-04-01,4.994859996989003,5.024822253096817,4.988345680385017,4.99105558341332,4.991436749505278,536431.1602903748
2022-04-04,5.0345890763330905,5.078536390168098,5.018037025577423,5.041997558816148,5.04400618766838,223478.33707144135
2022-04-05,4.771725846296575,4.806554391757408,4.754720144309923,4.765425128336233,4.763313785325479,135859.4271019336
2022-04-06,4.951603984110569,4.959429007962199,4.950289379504941,4.951882148899787,4.950242465263977,48990.09103865449
2022-04-07,4.932164096993788,4.954309139524484,4.909510793859655,4.9278356313878255,4.9254779692773285,189348.87877138265
2022-04-08,4.710471989793263,4.722276009438036,4.70754691316917,4.711973473703679,4.710865327239818,293223.0289780119
2022-04-11,5.090661396111841,5.114233775008136,5.076366217521272,5.090064911061244,5.089847729974997,179334.48267957428
2022-04-12,4.626876945006934,4.646674643331946,4.619359052264518,4.632911873472502,4.6335858737326,731653.7849833348
2022-04-13,4.861655250750342,4.8634454290076,4.840226129146193,4.8624180813938285,4.862791296248633,204880.18135931337
2022-04-14,4.922586403518869,4.957959139619023,4.895662562551329,4.920296312115482,4.921326661408194,380713.0771749743
2022-04-15,4.661239400275752,4.701118939521219,4.650873912173331,4.659417983599638,4.657820752754278,504283.9463849409
2022-04-18,4.889267776384486,4.892394108054521,4.840410576055098,4.891126487238078,4.892000459425858,327189.0417566599
2022-04-19,5.295280761012822,5.304538758037726,5.267926043301839,5.285359698518084,5.282732467143055,656900.5561278363
2022-04-20,5.348243965594132,5.373519666996125,5.3130501390230105,5.35024762458298,5.349952771651469,264753.7769997482
2022-04-21,5.546509285052474,5.576611967085359,5.532319274144088,5.549049325682365,5.548020886029075,262242.36361278256
2022-04-22,5.63046235356083,5.618717544345123,5.608170160115658,5.6183338088822845,5.61754849660752,180869.6937364888
2022-04-25,5.634431421044424,5.632480044319288,5.5833034497752125,5.630123235853736,5.626801281936296,207081.442413971
2022-04-26,5.4754556600653785,5.489194839003384,5.436855609804144,5.471946693860061,5.472020292528482,90241.15243275912
2022-04-27,5.501959047011519,5.507037200901061,5.453695090495603,5.495697072007053,5.4950875081103945,221345.960422986
2022-04-28,4.902988538669526,4.913319208686054,4.887778432159678,4.901001223024548,4.902970576902922,166388.431635816
2022-04-29,4.697546610187824,4.705206325237529,4.665108631975306,4.690748857142776,4.691494717564123,553313.7585499695
2022-05-02,4.994232400881026,5.030999984552566,4.96132148076187,4.990326031143138,4.991135473074967,419533.9875191575
2022-05-03,5.157513480849991,5.176497366518693,5.14388583514795,5.160245981343131,5.156784997865239,395579.1458260079
2022-05-04,4.380025889332933,4.396972041071678,4.376480981584595,4.378160500064773,4.3774204935153405,145022.313610705
2022-05-05,4.1629619931789215,4.166222642136037,4.155611865441023,4.1597838563495175,4.159511501413719,149120.1716290842
2022-05-06,4.200375596573451,4.213842013412688,4.200942009800003,4.202908565416111,4.202934816516077,188471.2670510032
2022-05-09,4.39163963833949,4.39978180626741,4.3769124100567645,4.395473052809618,4.395534000902197,720887.9606179147
2022-05-10,4.41076220900962,4.421385521360392,4.401315815434369,4.406885652849067,4.406267572190816,182887.7521795812
2022-05-11,4.3768338463540735,4.3790304892844265,4.36885062120223,4.3778416776982825,4.378741366756469,160652.8160832053
2022-05-12,4.428257511732681,4.441635109382544,4.386491116897476,4.430211358766003,4.429732135792545,76093.25216586654
2022-05-13,4.513540937825704,4.526654621941229,4.513237188589632,4.515512908465147,4.513530134203875,109174.32120273435
2022-05-16,4.766520005098719,4.782414782676856,4.731164402850136,4.76255133394153,4.763708493959794,136906.54085537713
2022-05-17,5.084938879783644,5.094648044146586,5.060030445369948,5.085430066835161,5.088461354072238,125528.11765868412
2022-05-18,4.710678109227307,4.732471199754137,4.674801689482785,4.7124297073494175,4.714135910332723,213204.9329513556
2022-05-19,4.818709360258825,4.835124621499341,4.802319831213757,4.819477385897946,4.81949498546858,165676.1226707832
2022-05-20,4.795796081575758,4.807003197105255,4.777832099216087,4.786381173448298,4.785081248816641,270917.2455487616
2022-05-23,4.955123652161342,4.971502769719391,4.941036955985962,4.950781190420916,4.949420069493565,762268.2883636887
2022-05-24,5.190723796710988,5.203667294318,5.175751178283499,5.19167810561599,5.19252403092791,502290.36622373
2022-05-25,4.934230557834498,4.9539158779839445,4.914155564210827,4.931041854439158,4.930424998086798,275758.9784696363
2022-05-26,4.937194458236063,4.966170896503484,4.937195138796129,4.9428845770897,4.943876563838209,269865.86971603427
2022-05-27,5.45954527296577,5.46327298938507,5.432924634482132,5.457512504278463,5.456546910839532,114155.2068142784
2022-05-30,5.944109392929887,5.9946052550134,5.943955459688717,5.949069237553585,5.950350824808762,979134.754575444
2022-05-31,6.180654224248519,6.226871558644019,6.169324450840895,6.171449216123302,6.170005841475457,577154.8267288823
2022-06-01,6.502046331310197,6.508854454950817,6.481558706127773,6.495666820323808,6.496669445384528,120508.1233961902
2022-06-02,6.364604390494791,6.364127005813331,6.351310306342996,6.356430514257953,6.356490162348459,448845.17254179454
2022-06-03,6.601787736362594,6.632792859660917,6.569840348122698,6.610868905688358,6.610998997389255,244106.43550668235
2022-06-06,6.558718509275412,6.604286878005396,6.519400000391212,6.561269288293982,6.561069126989333,170248.64871946696
2022-06-07,6.407598300194048,6.4124987180803,6.405844278304188,6.41010769398269,6.410263214281584,134357.6550617103
2022-06-08,6.571928686178114,6.605332670162055,6.53637575052641,6.577383102125598,6.577588172666699,494749.0671549377
2022-06-09,6.730102705794392,6.748664252700189,6.73501942307089,6.739089092419037,6.738076526347784,111193.07746331222
2022-06-10,6.767507770100835,6.812483705008413,6.725939272784276,6.770692456991138,6.771352459518721,183120.12681301383
2022-06-13,6.734281465215445,6.754006944390077,6.716955744126098,6.738146750670905,6.7373999557531175,962907.190247489
2022-06-14,6.915494858715332,6.949418927086331,6.906994408987505,6.92351178821669,6.925067093038316,294585.36910969776
2022-06-15,6.918599199933312,6.919094561401797,6.906517012837075,6.909079622838382,6.90856732816392,494933.3017609918
2022-06-16,7.216123889656517,7.291472142915164,7.17992006151244,7.218529206007256,7.219735328822693,302806.3245517818
2022-06-17,7.077303245433993,7.092058843249706,7.0792205277908,7.079955445174144,7.081554252430393,148618.07581638364
2022-06-20,6.826746343018681,6.833700301102438,6.819801940918364,6.831551343743756,6.831385821075299,281164.6852489212
2022-06-21,7.023155221311361,7.05432316255159,7.032686804901769,7.034728174717396,7.034595538849875,57784.42777997977
2022-06-22,7.0663034784939365,7.1124201709127615,7.044115475725143,7.063305059376562,7.065688824209729,146694.00400468576
2022-06-23,6.897491412826666,6.937675694027453,6.881763333783639,6.900278887683037,6.900985580633456,691117.6587709384
2022-06-24,7.681290169347527,7.6918990966207375,7.640936449224266,7.678533598776975,7.678220541155003,267779.0650158025
2022-06-27,7.284508760156327,7.303985633700786,7.222117023709651,7.283903873153418,7.284932666122991,165211.55799713454
2022-06-28,7.302330610024821,7.344978417111879,7.288889043618824,7.297125362524906,7.295748968507453,119293.7399481578
2022-06-29,7.800962264770654,7.829075118001164,7.752328056812741,7.816891512714211,7.81655812070238,465235.13849946833
2022-06-30,7.89999679508314,7.958786491983544,7.887350802694102,7.91081521687674,7.909592686540106,84682.50037812021
2022-07-01,8.17256248182753,8.249177106261662,8.14625020337024,8.157727894273018,8.157603641812738,647674.9245675901
2022-07-04,8.168094206190315,8.181960752471873,8.142131666090222,8.170237460415585,8.166920718729662,275166.7772483102
2022-07-05,8.136138041554242,8.149327320566117,8.07764700039551,8.129987098951245,8.128711835773661,287548.6596051185
2022-07-06,8.111563629722825,8.13058106065137,8.096752193262397,8.11316944341519,8.114765440699195,785694.8933907785
2022-07-07,8.129513936124033,8.135930346648985,8.07753265440942,8.135723296873627,8.136266589101956,328369.2651349616
2022-07-08,7.669326669592078,7.706429441383424,7.614696520856405,7.668288875049659,7.667932457933937,322940.07489796047
2022-07-11,8.393445513821518,8.38945320251767,8.313990026109556,8.379728568657184,8.379664044480988,455071.0615128181
2022-07-12,9.12272133580971,9.189222444604798,9.095150890602406,9.127144989286228,9.127872395904973,147445.46001738976
2022-07-13,8.712776457633753,8.806068748052255,8.616774514441707,8.70198335852021,8.704288766775093,181926.5879584221
2022-07-14,8.65354081109714,8.692952679025945,8.630614396408028,8.642947959475523,8.644262144161443,215282.4188415809
2022-07-15,9.676519558373762,9.754052450479035,9.633665671804756,9.679518759776109,9.677449520625258,107640.27963295123
2022-07-18,10.346813540224275,10.36005006128392,10.283487793274556,10.34490702094168,10.348747944339626,937815.8453050692
2022-07-19,10.745853911280433,10.757396152012982,10.707890686886428,10.745768002909804,10.748993346132997,568876.4205787678
2022-07-20,11.596623494013595,11.611038998687649,11.401883545102956,11.605628071362672,11.608221693538358,229509.9213511339
2022-07-21,11.817887437465714,11.9018744573791,11.702550844725854,11.803923951626714,11.809284807464346,862466.8751249244
2022-07-22,12.151155535533777,12.185580786229504,12.094979501075295,12.14150126164716,12.142350718886473,259837.53333477763
2022-07-25,11.530217135011531,11.596030164737108,11.500006366098887,11.54021386183996,11.537861435062736,195712.5154533688
2022-07-26,12.136209458451528,12.18515418654327,12.13075263315172,12.136824018765308,12.136257454709506,245393.2751212816
2022-07-27,12.494521364972732,12.509642363101412,12.424171752384211,12.491656384083528,12.492687144315475,256188.39204425592
2022-07-28,12.7503827454152,12.920493917503356,12.733105440737823,12.753289414392777,12.752961102949236,881067.0639006009
2022-07-29,13.383558600568657,13.388676677325456,13.372445331870525,13.37283394418831,13.374930060253169,155613.1112737136
2022-08-01,12.39735715046574,12.464299949226351,12.255481474841122,12.39919172073679,12.392712628145503,55482.28798636199
2022-08-02,12.255423728238585,12.27515509889225,12.152428198716686,12.255153631562797,12.25794981268556,159879.21595333767
2022-08-03,12.738039865565764,12.784653176157544,12.741659695608057,12.745811336965804,12.746173950090256,87884.0025800303
2022-08-04,13.421529197822268,13.522126405366272,13.333666272796256,13.426674997642769,13.425475757996578,296660.94301674
2022-08-05,13.603534276674296,13.63193986433577,13.49767149343081,13.592938866084989,13.591190669468755,208133.0531804392
2022-08-08,13.668931432818056,13.69386316183486,13.644710348404708,13.677685031005195,13.670430714171657,167276.2827811308
2022-08-09,14.34846331646784,14.408655629667772,14.33181870913721,14.342827865456831,14.344469011036256,108346.04798407256
2022-08-10,13.603681721850409,13.630815029814386,13.613631987246867,13.617085233184884,13.613934721608246,178764.64033959096
2022-08-11,13.024226955435209,13.080020026279374,12.987790443618534,13.031231892620108,13.028822390642022,318218.97097212524
2022-08-12,13.4538303268908,13.491194810107237,13.370426826363833,13.45603296130737,13.462308735616086,0.0
2022-08-15,14.37176291460914,14.391105874587028,14.340386260244877,14.35778219031002,14.3627737060197,206805.7400123144
2022-08-16,14.436327652025383,14.476782137193211,14.37698224292558,14.436127735853576,14.436482801424994,269857.6196127984
2022-08-17,14.835266141586766,14.82400836963845,14.817550385588287,14.81859314089033,14.826166869415973,632582.9832915806
2022-08-18,15.603218553778497,15.626712971838948,15.550915704941092,15.621630341421676,15.627215162931762,229832.8301673419
2022-08-19,15.407417237377608,15.4523716730691,15.36327438066199,15.407457727125,15.408393864737812,286372.3532272841
2022-08-22,15.576948984032589,15.772163363722695,15.575016117275617,15.586383274607217,15.585225128553002,102945.155670269
2022-08-23,15.282521575438157,15.367453044343431,15.205968554555536,15.281281333559413,15.282759735532135,563770.3804989205
2022-08-24,15.28832489265158,15.3595714826754,15.172500009484196,15.294459761212792,15.285646459019883,402807.5332170491
2022-08-25,15.78479475505122,15.852541954768956,15.802926613820503,15.81215991473326,15.80849309466417,194062.7585265435
2022-08-26,16.211314711225818,16.20513361554102,16.06044312510114,16.19886706220329,16.198449405801856,111382.27934476626
2022-08-29,16.127577957360657,16.19419081833822,16.023908774039807,16.13305793322827,16.140196764987497,169304.7578048365
2022-08-30,16.275958494925785,16.349717530027206,16.04726239776198,16.264223738912914,16.266317419498172,721502.0501595841
2022-08-31,15.078618796495032,15.133570883834176,14.994777222249065,15.036020207624183,15.032992716631147,188967.12252416235
2022-09-01,14.239838890772562,14.284580494640595,14.22916204938235,14.242531990958504,14.248036262245916,407661.6612068233
2022-09-02,14.485511212988268,14.60301115634949,14.44413691086908,14.48317548639637,14.483750798623252,226660.02078509424
2022-09-05,14.553276247300897,14.663047560867106,14.508698890350844,14.548855892955867,14.542872689331428,89123.22837917483
2022-09-06,14.885315317340137,14.988911370824916,14.874899224000693,14.898719397574672,14.896632614024677,196055.8202717048
2022-09-07,16.059727747587964,16.125410988861425,15.955145414979729,16.059421033854925,16.060961190134613,271863.3700651188
2022-09-08,15.903062805660737,15.965851803866178,15.900089648129786,15.917870308690308,15.910981484099448,80155.13022004314
2022-09-09,18.461549588555407,18.496231692215925,18.421607792778424,18.44628887224064,18.44898419315045,369499.7845807479
2022-09-12,19.26518470638113,19.310683126824514,19.169502047588864,19.26191615589031,19.258101203739336,248278.93745306344
2022-09-13,18.16366941015598,18.23549489499815,18.01791888204511,18.158794999312143,18.162823597532277,351669.5118408805
2022-09-14,17.965044767857332,18.047415697078897,17.882930888561425,17.960474182826935,17.956325913854446,348000.5072247136
2022-09-15,19.826692876537507,20.09339403212717,19.71059191967696,19.86499062152535,19.86414563827943,473269.46417114144
2022-09-16,20.329333347255865,20.36612604024165,20.275800636234774,20.352728476912343,20.356182415037985,595573.9730634711
2022-09-19,21.37392362152225,21.43640009451924,21.334990684953212,21.38061668005387,21.39176456796489,870758.5882928224
2022-09-20,21.025350977643924,21.03202953909205,20.86920686364312,20.98798766722551,20.98686868086906,306291.52687298297
2022-09-21,20.362815463216425,20.398431732062942,20.13518026900332,20.358556974524934,20.35583001724148,674912.0522391256
2022-09-22,19.985011758203942,20.02205229396013,19.88205591835316,19.963869854957647,19.971495508481805,335169.1031415287
2022-09-23,18.70327752029784,18.76273450846661,18.625538442725365,18.703022438358403,18.7020662182564,204513.50746809825
2022-09-26,18.26043532811091,18.297826768305804,18.222788663123232,18.244898853101827,18.237339390859148,240760.9681622165
2022-09-27,19.569444350073365,19.7268820945817,19.538713709387157,19.57511856751164,19.57375819626095,212379.7344812695
2022-09-28,19.98734899210987,20.021336533415106,19.8107031008074,20.020272005074577,20.01624970065684,499780.2884041487
2022-09-29,18.997920742485828,19.030108918805617,18.96685175290383,18.98979907338998,18.98198680866061,188180.7640672992
2022-09-30,19.61271679469921,19.67213002408145,19.49216344183404,19.604841559155748,19.59984026071788,220220.29835653477
2022-10-03,22.37515963133064,22.52135183222342,22.353460833476426,22.37703114149022,22.37423211941953,217477.79100298657
2022-10-04,21.8407320884248,22.03392161253703,21.806167098747785,21.84671409247969,21.83543307682666,670449.0626487185
2022-10-05,19.01044841365688,19.04718136075241,18.98971157966349,19.001607519167933,19.00159657267902,642118.1160560629
2022-10-06,18.776708815068694,18.79360792377469,18.67456675830545,18.793601223303646,18.79222592519976,375132.0979849867
2022-10-07,19.05840019338368,19.08741795324768,18.938681927011903,19.041851612009086,19.037345233562924,209605.47145762388
2022-10-10,18.02167430802881,18.069631377143885,18.002843905219937,18.020156474711047,18.020088919044444,344539.78407671984
2022-10-11,19.206102969185665,19.377404148651035,19.16667837700353,19.21570414003157,19.2113229727652,310027.2877692988
2022-10-12,18.143228808407063,18.09598746844883,18.03408971504247,18.095759222675035,18.08815268731908,140350.9556467447
2022-10-13,19.78616472887256,20.04497253735253,19.78892422401347,19.798553449219472,19.79617747017067,135077.51009847602
2022-10-14,20.49268581570558,20.60021650055561,20.35097657281092,20.50953059149733,20.51283452981015,394029.38851442304
2022-10-17,21.085790984730725,21.155174008528864,21.08391565098328,21.092898478495574,21.09268438909131,262546.2710325802
2022-10-18,21.108876429097247,21.134765360211578,21.013530305536296,21.11027285469734,21.11326109408846,167492.35326237368
2022-10-19,20.954252990018347,21.1088385407325,20.911192256812004,20.94636488480881,20.942549168534065,169950.23605291476
2022-10-20,21.36837742672339,21.420542291488907,21.286373101457954,21.363493313739347,21.368337970207744,164332.68813058868
2022-10-21,19.26389580686194,19.37106685049513,19.24439425250748,19.26726077672671,19.26084833078256,285392.37669972493
2022-10-24,19.030595891610425,19.15564295714125,19.035063819496774,19.04497098087706,19.04378105008753,286048.9225888899
2022-10-25,21.458165540129265,21.519174031930135,21.38704308799508,21.47571632250324,21.47980168706685,90677.36778170272
2022-10-26,21.699033450410163,21.92984966809888,21.648671653181523,21.71478055349246,21.70840689374408,87642.93112603128
2022-10-27,20.766148786258903,20.795512876854342,20.744149701057385,20.775258808455625,20.776113504880342,326169.4312130479
2022-10-28,19.72606710291625,19.815034564167718,19.41001345513058,19.722707232609388,19.723937557131546,149101.18748218226
2022-10-31,20.448330758762303,20.547715078167897,20.37280682508492,20.442140148520807,20.445575799901565,323794.73443706165
2022-11-01,21.28531940328877,21.27940016889248,21.1777279909171,21.26752268948776,21.26894217377944,97889.69096410388
2022-11-02,19.90766968812838,20.08082359612988,19.87840695759043,19.89418168797862,19.88771220831364,189858.4355761474
2022-11-03,19.352921357234735,19.429318463482492,19.157236017491865,19.37448655082608,19.375066711100363,108043.75598051124
2022-11-04,20.5320728157894,20.63122550526796,20.438264986121546,20.532683961335152,20.53587987147953,549811.81338048
2022-11-07,19.961640998331973,20.20666475805027,19.99316430843574,19.99732924822615,19.99438456008121,252240.7547076411
2022-11-08,19.697156500886106,19.82124562721926,19.55141335260743,19.70699594642378,19.71584491568149,282467.4212421855
2022-11-09,19.39599191166524,19.42162198401989,19.35033011163549,19.36748370332926,19.368543758778767,272925.91766918823
2022-11-10,21.79909394841449,21.79618153877934,21.750565799264,21.792530046556195,21.79465778357688,522404.2587757828
2022-11-11,20.457936086629964,20.703023836015607,20.13108104623199,20.43294441194189,20.43206603561937,439215.4142508113
2022-11-14,20.668717627918674,20.786335589976,20.55769400082235,20.68177799226553,20.68293301154564,280113.5508800952
2022-11-15,20.06799931447186,20.059919581783177,19.984629494193065,20.045477397755192,20.03369073974635,180627.84809671476
2022-11-16,19.52924477179373,19.69114876636209,19.379339973217625,19.52073497964601,19.519455987817544,494673.7860356685
2022-11-17,19.404117827613703,19.527915100747677,19.279735482185902,19.398678428410182,19.39815983875192,1052204.9511142431
2022-11-18,19.01029879879444,18.960024714027497,18.87586424273601,18.95941000067936,18.957655032887587,451736.5652292073
2022-11-21,17.467005970964568,17.49235124602252,17.364192272023246,17.48640485722052,17.488695450902814,250505.323731759
2022-11-22,17.71267060658331,17.78774156881283,17.70695971322231,17.731805584919538,17.737602365862493,607264.8595315379
2022-11-23,18.329521179771408,18.30928578178312,18.2862186345569,18.30507713286969,18.30423041778376,510577.2472236108
2022-11-24,18.11128691216328,18.126992091313653,18.07499877221681,18.087068752654734,18.086957909936523,550681.6200940327
2022-11-25,18.76570718810125,18.842123923098143,18.62668914172424,18.76075598733538,18.75929460003177,1578550.495042576
2022-11-28,19.790862076882878,19.80395372775373,19.55596653887921,19.77072313042509,19.767638941474534,548787.5763725037
2022-11-29,19.202062046074012,19.29386468785305,19.12160949916797,19.174145127358564,19.174693178106317,192461.05334908247
2022-11-30,17.7358350908437,17.72579455851407,17.69241556917667,17.70789384031464,17.704856934045768,172642.42861421106
2022-12-01,17.210161356440118,17.25057802398392,17.210151149074306,17.232184537196893,17.233282398422876,266315.97885220323
2022-12-02,17.646294954953536,17.658597659958012,17.607088719427868,17.644831076773826,17.643001632904912,104522.25953545596
2022-12-05,17.490041164244126,17.60503324143338,17.49247992959488,17.521265512190652,17.52101665920651,133649.65770519513
2022-12-06,17.349029320327634,17.446904769442668,17.283097503904973,17.33710273685158,17.339334596621075,91817.44490176492
2022-12-07,18.06831669624465,18.1313896611371,18.039836389185144,18.085194210217235,18.08580043277204,235451.1134098858
2022-12-08,17.99346384288973,18.1181590116183,17.90034594017167,17.990807686696993,17.985933547873362,153013.19558576413
2022-12-09,15.90767710629308,16.018931002002862,15.80868381953957,15.895034306877628,15.893881652101667,247018.1052806797
2022-12-12,15.436853324390771,15.465764096965836,15.265711198641176,15.40861260210696,15.409094231283476,162257.1724727788
2022-12-13,15.061836636708392,15.149215028876956,14.855020947696236,15.054078059621649,15.056605040840966,107044.2400420663
2022-12-14,15.34929483884144,15.35646079574698,15.262918248431024,15.3439674809449,15.34115044855117,233555.3652034706
2022-12-15,16.48433230128501,16.525228749326143,16.387017847423664,16.49389349642098,16.491776723414123,615121.380724969
2022-12-16,18.49607403841274,18.68308143686476,18.44859152168486,18.503507663840693,18.499231546789204,679472.289308908
2022-12-19,17.415936518773446,17.462509025737326,17.3714384236387,17.377216811989616,17.386107703410694,499073.2639606426
2022-12-20,16.60553254240648,16.606051741108814,16.57683495590103,16.59869305361024,16.597637632070654,656643.5759341165
2022-12-21,17.358194407208558,17.446543371363404,17.264653122817442,17.34841824433208,17.345935375213926,108976.95741111152
2022-12-22,15.98939221721622,16.17546879454973,15.96803365316879,15.98399195231027,15.983669504206656,207834.97145090112
2022-12-23,15.836488595593668,15.980639072172602,15.765768670404396,15.852908371718485,15.85529435051186,662998.5929105338
2022-12-26,16.425271720469237,16.41996182545281,16.350064531920502,16.41357109109158,16.413380242200077,157034.81907812296
2022-12-27,15.747139957958089,15.71867880653278,15.68533684676091,15.689983515831184,15.69081389277806,175427.6962756777
2022-12-28,14.668779606588783,14.74177327521336,14.659225312880665,14.712125966752,14.721712934147892,226969.59871007848
2022-12-29,15.079389641892543,15.112900268757526,15.054208408770014,15.069913648078916,15.071945777965158,175007.4751318244
2022-12-30,15.340847737448613,15.379193720459966,15.217638559958443,15.337895509433766,15.337012641494423,161454.63628278355
2023-01-02,15.867659028942851,15.891319209487907,15.79743116193471,15.87498678825565,15.874038235699606,252579.8114550832
2023-01-03,17.04571139501172,17.131806884013304,17.020809280619694,17.055832243606673,17.050697448754555,306708.77525882307
2023-01-04,15.890223915832106,15.945350814683398,15.85814884975785,15.896396010062295,15.89088709946035,271408.36848901433
2023-01-05,15.471522011254136,15.5548647464849,15.298058473519095,15.47322789657212,15.47503431427085,298696.8937972588
2023-01-06,13.577176437242578,13.669297253549074,13.520744376867375,13.571623998960003,13.57019400052035,410826.56814842427
2023-01-09,13.250243501830596,13.270660722937258,13.19207163900562,13.25040638128211,13.25322743678896,287919.5082203911
2023-01-10,13.641545064822829,13.64516482429946,13.418508947382042,13.641020499002012,13.643610122108472,368367.2465642995
2023-01-11,13.537159738134392,13.592122242962592,13.456024283893017,13.53709279577636,13.536788314372556,967766.4385614088
2023-01-12,14.477288749481575,14.62982886696957,14.429549480881809,14.460374660499095,14.46348844509922,161825.6466950931
2023-01-13,14.405800662398732,14.48884492452723,14.395072632836357,14.412239565469925,14.407417810775769,276157.10174874484
2023-01-16,14.985907057723946,14.977878368351666,14.92989325513727,14.977644120586524,14.976076829361336,252356.50545304708
2023-01-17,14.414630868600945,14.478248330953338,14.363019011675574,14.42006139365282,14.42241277428642,325478.1043748729
2023-01-18,14.00712295576089,14.036003848468848,13.988243476672134,14.007515027073977,14.00155788047178,308391.65189414105
2023-01-19,13.712899639453092,13.78680893952933,13.670736346547994,13.689048591853917,13.687033100229057,167690.63500857737
2023-01-20,13.675851702159788,13.7141902191606,13.668963669354987,13.69278186284031,13.690800271647712,161874.9045881894
2023-01-23,13.692227664842624,13.729105507375804,13.653958206509063,13.697991925846525,13.694355290337604,179586.56332523123
2023-01-24,13.611549289746533,13.6636121807358,13.509591403887924,13.593747029325948,13.591918285689143,1458537.2965151966
2023-01-25,14.206320866555004,14.237726344937151,14.199077456322945,14.202768227227349,14.206609613214043,206896.81625385847
2023-01-26,13.701831040254987,13.730309219280842,13.669280368572103,13.694331154622809,13.696912926907295,417807.7403947071
2023-01-27,13.939679631609346,14.155760659353106,13.91400548176051,13.936095809385527,13.939253838900234,244353.88590678823
2023-01-30,14.483102266252615,14.54162574966936,14.435984916014206,14.489158006891897,14.490654590770836,604487.855578133
2023-01-31,14.894387389778885,14.950356335147298,14.761867915472532,14.89094813490675,14.893608550803918,277978.1079774617
2023-02-01,15.167223875712962,15.2114011122993,15.14926502956582,15.166852618972,15.171534370441938,263505.1379754092
2023-02-02,15.46420158155111,15.570331252879186,15.454256458695072,15.480872238858776,15.478391290874775,464591.8218343941
2023-02-03,15.596332991805731,15.641039548915035,15.59020574443524,15.599222547659092,15.601631170975187,139045.51967441937
2023-02-06,16.615068983684342,16.717412601554948,16.61517891953277,16.64971922185226,16.648074597919464,237990.55457245724
2023-02-07,16.960936463123364,17.04575116224807,16.82005847920766,16.93095059732195,16.925315398571716,294552.84103495086
2023-02-08,16.23845264717822,16.247159480646587,16.160797500233695,16.236169330051176,16.233407997443106,235583.0359220824
2023-02-09,16.493928401922695,16.522908931932268,16.44306384291979,16.4851069721005,16.478356532145302,56017.55077995101
2023-02-10,15.13192263571772,15.1468748861947,15.054383566630335,15.117141191090704,15.119570743886452,166275.71562527126
2023-02-13,15.525161258741027,15.565340777980197,15.480487426455468,15.53023417476563,15.533225483951709,190168.2161802064
2023-02-14,15.166276257868503,15.2715591064992,15.137106592026385,15.175441898016045,15.1674224216859,168151.50081194035
2023-02-15,14.79744261415816,14.94030216292367,14.712730770502594,14.785272520438726,14.790145916942,211699.2259330458
2023-02-16,13.821510181647197,13.850713997241815,13.733578509775928,13.80684852073912,13.810075159840162,416967.62619366247
2023-02-17,14.40931395344257,14.481615002248423,14.392586267552453,14.422578680943452,14.421243342261455,273251.2261747606
2023-02-20,14.26410836703537,14.404905274354816,14.235462882479125,14.255545830447314,14.255574837897734,176435.60060670105
2023-02-21,13.540579556293958,13.636308775767157,13.496159428915693,13.53753256524093,13.53343270587884,270108.03646221105
2023-02-22,13.123262248497612,13.267526833154072,13.074106544319532,13.138219030276153,13.138932137003222,432605.7587857145
2023-02-23,13.580586243403706,13.628980263170304,13.544206559166591,13.56652222362302,13.566278325293368,445860.6688083049
2023-02-24,14.240247503148373,14.27821501406813,14.214978262024037,14.237155743609586,14.231523561578646,314060.8319779356
2023-02-27,15.072979397886964,15.170528274719729,15.040569010528545,15.099546782241664,15.097021427947611,496017.3975569073
2023-02-28,15.1829032540426,15.263013197746512,15.188477568395207,15.197497441181724,15.194069887015118,260862.98882214536
2023-03-01,14.987128291677584,15.217367090522275,14.96859981042866,15.00519972815062,15.007608041418358,135113.653073848
2023-03-02,15.08270250404395,15.183331864875752,15.025248938767117,15.072206199982904,15.073774396770842,274231.9174653946
2023-03-03,14.10562640523884,14.16490904246498,14.073844214330574,14.108970187150408,14.108470435142417,142046.7537190817
2023-03-06,13.890700791328335,13.952562683296655,13.821301131212415,13.897859143862956,13.896096744824035,183954.03179372492
2023-03-07,13.90488537828177,14.014394488277375,13.846722266863171,13.884537534717486,13.881273430400004,161360.82232260978
2023-03-08,13.67906271226792,13.734311850516216,13.637121773724497,13.671788827731527,13.668563357289688,322363.3708825861
2023-03-09,13.021466208233718,13.057929287065551,12.903745576578466,13.024429182729778,13.028656943461147,54135.844830007445
2023-03-10,12.850654643423518,12.87232647980063,12.736117900987372,12.857327750298424,12.852334393066156,146811.50663267233
2023-03-13,13.309428383435083,13.43414154679453,13.269290534345622,13.326986454267209,13.332084688927925,131312.64138983114
2023-03-14,13.54528856961967,13.68192847829473,13.477888680359,13.547689896412512,13.554418051103337,385061.86235774704
2023-03-15,13.159401989546064,13.226835320162133,13.12995583627355,13.165992113224556,13.172225363014668,510213.95569803374
2023-03-16,14.025296042518054,14.03526424693683,13.960949218235092,14.025696099008998,14.02250219886978,87858.31579911002
2023-03-17,13.665821431741808,13.720925407139244,13.579238291977225,13.654896034882766,13.658325060451045,94416.42169647149
2023-03-20,14.406040606061664,14.499519086969736,14.348279780433543,14.402752045766317,14.398423577760903,197657.088604074
2023-03-21,13.910945223944507,13.96381373499352,13.853735489014792,13.906910802766063,13.904286109214974,245663.82286492304
2023-03-22,12.602072866273916,12.62183959182029,12.562920513382853,12.599350411894138,12.602641554832564,864849.9123311447
2023-03-23,12.4360760590315,12.49740604687618,12.3290201656437,12.445411433431314,12.443182683088024,222982.47685742244
2023-03-24,12.864439923315969,12.911745239987123,12.823681077789418,12.881732242308775,12.882927098453594,344760.119136703
2023-03-27,12.649995346661267,12.699710476360094,12.627385421976692,12.661138958160455,12.654796881894145,410233.8376746
2023-03-28,11.718361975476045,11.732444641985296,11.659575355318037,11.711442773574404,11.712539055333176,160579.0775648917
2023-03-29,11.298146438550653,11.370858988285198,11.281543107845442,11.30846508631024,11.311317655002512,663332.4322698984
2023-03-30,12.260477739670351,12.31968359649361,12.247917203618291,12.256633379742343,12.253727099932991,148204.31783486187
2023-03-31,11.81548903416994,11.901385301136624,11.775016775813356,11.806079616658202,11.806207672785774,139133.8712753696
2023-04-03,11.721091583834042,11.782531939617936,11.713168747648432,11.724971277534932,11.72373150733588,386182.9293118006
2023-04-04,10.937557609777777,10.978705564702285,10.88017941237014,10.924232193459572,10.924897223753351,316718.3998491524
2023-04-05,11.181335690217804,11.230927730140545,11.175409640602036,11.178375429974809,11.178321173588389,682284.5850545275
2023-04-06,11.063092290446878,11.051432851965426,11.02165795835862,11.049445395548275,11.050040246559751,445199.2893255487
2023-04-07,11.912857172365785,11.942628337442274,11.889237075515146,11.936081086142458,11.938066786488632,132188.07184759656
2023-04-10,11.26968140066356,11.26843913127945,11.198478846559134,11.24751412279432,11.25307467350135,225576.82871443275
2023-04-11,10.71921779794834,10.809490163592445,10.70935774603865,10.724453221723577,10.722459217521594,638038.3929486515
2023-04-12,10.179081608621503,10.2072101074341,10.178383212439826,10.183144536198432,10.18465807053514,194160.64508344975
2023-04-13,9.417200975018078,9.44146868954726,9.409003343476224,9.423124524917036,9.422628277931096,184028.6128536319
2023-04-14,10.23992940169814,10.318397277210003,10.20143572865247,10.251700734351948,10.254543612448778,277069.6252498415
2023-04-17,10.481121541065264,10.500941397783675,10.416572024069042,10.485130743696232,10.485200287467736,82488.8554949736
2023-04-18,9.765244082889136,9.84073370688221,9.729551413785424,9.771885461065294,9.77300011782108,468278.264501161
2023-04-19,9.639160293328615,9.677127131754222,9.575738207816707,9.635852597153615,9.638960792147852,584389.4741116102
2023-04-20,9.060662323361004,9.10618010851625,8.954684768700577,9.064327701134228,9.064017373252954,146327.22388934673
2023-04-21,9.120080656689236,9.14060307785628,9.062177184999191,9.108930800363236,9.105892981683208,197416.12363269628
2023-04-24,9.748052360976253,9.759180800159882,9.742860143463036,9.749059267737069,9.749511759644545,168778.53668447377
2023-04-25,9.10543872536898,9.176078442190647,9.0483946148146,9.107383042984068,9.107131320573142,598906.9561568258
2023-04-26,8.90505380348328,8.930413208857951,8.866007649408685,8.916355690492702,8.916909558428092,263207.7050332573
2023-04-27,8.873466991745008,8.93486067971541,8.831930849825241,8.858287899178048,8.857567683818303,755368.5598336044
2023-04-28,8.510090487810922,8.554960563000988,8.482327446873642,8.509877723190385,8.514084141920698,321980.37318561546
2023-05-01,9.108006204281995,9.118601548184166,9.111405751417175,9.113145342258392,9.114007132382818,189842.61019886693
2023-05-02,8.689462026201772,8.695942518321651,8.645427066849061,8.682499393557896,8.68520093579597,238183.47667579824
2023-05-03,8.721122739612763,8.793332046582707,8.674507971685262,8.727297005972382,8.726906172400684,250960.5152815746
2023-05-04,8.877400367356822,8.913879738115698,8.85493183265509,8.875334222780674,8.873343737585135,224011.17625774405
2023-05-05,9.02827993555326,9.103868271427844,9.008671360514075,9.023168366367942,9.02391588814155,116043.41189307686
2023-05-08,9.9734768384127,10.00657424287153,9.915654869605383,9.974271378576162,9.971379101615591,559196.5414294155
2023-05-09,9.971781222238906,9.999025323072969,9.89526111727614,9.973455978000423,9.974451678514177,412892.97918540495
2023-05-10,10.009741924452245,10.045706833503614,9.979501681680416,10.025695218207613,10.027061845184669,634455.5709146472
2023-05-11,9.49536983591368,9.5755909023442,9.469574601694484,9.510441278625208,9.510995559739088,165245.4718241477
2023-05-12,9.555033671880844,9.628939265294534,9.442274437898956,9.532773098536689,9.535944960938352,278715.2574179527
2023-05-15,8.87932089271703,8.890562326348137,8.870728791038792,8.881488076675076,8.885071205207133,580649.9280547565
2023-05-16,8.77666348849307,8.79139940458285,8.770408367728704,8.781523092006088,8.78002302344729,225287.2758640047
2023-05-17,8.237542311002409,8.24210181963385,8.171332281129391,8.226697473930024,8.226597506330664,212141.83026366105
2023-05-18,8.520944250807478,8.525243496810461,8.46848893250687,8.512326355411396,8.512878585193475,178198.79221221796
2023-05-19,8.253621481635133,8.26160285238789,8.232242623379268,8.252544205157466,8.25147135770826,256448.88720777037
2023-05-22,7.434307563167185,7.453114730823356,7.421304499083339,7.429845720872878,7.432165031185971,330603.71225267183
2023-05-23,7.620112189043358,7.628453472128891,7.583697832630238,7.625091213096907,7.625998618937136,763121.5531897902
2023-05-24,7.138433237240748,7.174787952823666,7.069135292849377,7.138888143818471,7.138571498285213,412025.45891081606
2023-05-25,7.019478217383221,7.038385918769468,6.9962267041243695,7.012704046756984,7.013430671696316,183837.63787856733
2023-05-26,7.848118273446493,7.894147101838491,7.792321192323982,7.842275764385666,7.844220196119215,868465.7235065846
2023-05-29,7.815739101266591,7.86700596497174,7.800687189256613,7.822717164621082,7.822971544300503,254742.69566333096
2023-05-30,7.360713712035876,7.423834074452787,7.343084521189393,7.349404925514727,7.344772088869507,1499527.907962636
2023-05-31,7.444790608179133,7.446194576668806,7.433171108080592,7.434807729424271,7.438787737724698,180603.1023860754
2023-06-01,7.0353168337298575,7.035580451810402,7.0103231948290565,7.03271867682864,7.0331531598101975,289778.1589625505
2023-06-02,6.752197861299386,6.820181112074068,6.755171720359698,6.760753101348464,6.765501238098373,267585.69734695216
2023-06-05,6.6866716115282125,6.690713968402534,6.641150833547315,6.676487718466823,6.6760168360308905,146265.4436484017
2023-06-06,6.355973551975006,6.37437340223582,6.332196157692604,6.358158432158603,6.35671354823296,125652.46679790012
2023-06-07,6.370710715516632,6.383313415399027,6.371670278621693,6.372348561301836,6.370617956391874,411190.89253141807
2023-06-08,6.396661408680387,6.408860826555282,6.35771621503449,6.408681481509902,6.409535477133368,399210.0585965994
2023-06-09,6.238742708989138,6.265423701242684,6.2078904492038784,6.2444874442991205,6.243910290294335,220593.80376286377
2023-06-12,6.172071609838492,6.166293609993304,6.139162261168479,6.163417996764942,6.164131954125691,265101.445616423
2023-06-13,6.017282684665564,6.026431519720972,5.989000139551412,6.014591432898821,6.014595984383363,70240.99647684005
2023-06-14,5.85612744235253,5.897951359970622,5.794510627001134,5.862279580638603,5.862352357876524,156627.50687972078
2023-06-15,5.934652323975139,5.949029584771862,5.90997594537099,5.932914609474342,5.931514195797136,116827.69871845352
2023-06-16,6.100667078663131,6.115032747274453,6.093700156590479,6.104452854882343,6.101954626479611,79437.57981585938
2023-06-19,6.402353537932107,6.453032475178117,6.40957306139102,6.413927417206573,6.413820083496213,185345.55877749165
2023-06-20,6.038748169160396,6.060368343603293,5.999129069725199,6.033827581286452,6.032036593604643,1403479.6077173292
2023-06-21,6.19581625370907,6.20430892678082,6.176066834048757,6.191606285910401,6.193107145983427,255349.1074633432
2023-06-22,6.572145861056066,6.626698462403159,6.531840040067035,6.573119009166342,6.57183988966878,319299.58986539615
2023-06-23,6.564070662350861,6.631031031646885,6.4829663050884605,6.571108614471966,6.570916627276348,245497.01193586373
2023-06-26,6.260685590265984,6.281409896106622,6.241550905612213,6.260743061898896,6.2626776720167365,447724.6739665679
2023-06-27,6.394228859385371,6.417512552069044,6.392147832807379,6.398369027455519,6.3986161552094805,185898.2839833437
2023-06-28,6.918479679299701,6.922260773276781,6.869973011195755,6.914501150673316,6.915123297413596,235891.09398872496
2023-06-29,6.604740913932812,6.612334688547215,6.565988564118093,6.598565219665497,6.598461596363754,429920.20376255416
2023-06-30,6.093142286625774,6.091375290503846,6.054872909014879,6.087825694125248,6.089157575039324,411050.6412056884
2023-07-03,5.796252515860362,5.8304074092578,5.773300051461403,5.80550666899719,5.80457598875606,87696.79912779198
2023-07-04,5.675988264531621,5.697056691088274,5.657938134755793,5.680681981471625,5.683193420930125,1564823.5215098287
2023-07-05,6.088319031878118,6.13867237942859,6.079654794444585,6.09327245028899,6.091552861819203,175163.24251579584
2023-07-06,6.288680265673654,6.307859769487962,6.294680609671389,6.296712883872141,6.294934774963229,441461.7731088752
2023-07-07,6.3039867057907015,6.324037780661263,6.276389972490509,6.3048772163281495,6.307235605222521,398614.4733088234
2023-07-10,6.324503633060065,6.335139031301442,6.296795837540489,6.320221043708493,6.321577527177304,229583.6020253961
2023-07-11,6.288526409015355,6.293460593699869,6.243757912276173,6.288755735092641,6.289138326084204,197741.6351808514
2023-07-12,6.192474837795728,6.2155073089964405,6.1824627674994,6.19144787214155,6.19158883331605,150069.47736987463
2023-07-13,6.048291725104631,6.063045589158059,6.007590296931912,6.040122113682688,6.038734257874607,248133.5703032857
2023-07-14,6.323523633971126,6.337576460253854,6.30383035788171,6.330190230191251,6.330222448864843,281042.9108142765
2023-07-17,6.057798914292927,6.074440803244806,6.00456833953381,6.059812361798002,6.05804914434349,123247.37090083607
2023-07-18,6.031834739527115,6.0517188566952544,5.98782262756771,6.034763970010086,6.035801070364039,102269.67405196902
2023-07-19,6.117265633346106,6.139633664923554,6.110816046930828,6.119284917728327,6.117569266401365,93804.29558044192
2023-07-20,6.102591708885838,6.116720571456437,6.100286289134512,6.10590897186656,6.105324478860642,471456.4945289818
2023-07-21,6.252077260351226,6.252236655739643,6.185608683501451,6.24044247598424,6.240060199257118,196170.6738218336
2023-07-24,6.29212422489436,6.352610989075677,6.2718647230157085,6.302972915087642,6.301579790850996,124769.19588602187
2023-07-25,6.158346127877862,6.177554463958953,6.143965060369415,6.158507877100294,6.156660062583492,257788.5080376095
2023-07-26,6.717796692327304,6.749825624698121,6.712677070208345,6.716793395894972,6.716077975158552,146579.98421410332
2023-07-27,6.390721198933173,6.399469985288024,6.345604193531719,6.390686073512093,6.392187830985466,145834.44960903295
2023-07-28,6.723325829484161,6.742487679578625,6.681156026988063,6.714467070234622,6.719558604915498,309642.2610300666
2023-07-31,6.84664720345989,6.9348396045907,6.828342940442492,6.849041492846504,6.849389958497194,299505.8655350816
2023-08-01,6.5614737453077705,6.590377974212413,6.5323415299366445,6.558654441788042,6.5565649990892245,130567.6060049002
2023-08-02,6.584899902031393,6.626566621263979,6.536772662134907,6.584739853944236,6.586464578867241,155962.70200357106
2023-08-03,6.054200602794667,6.078351323908354,6.007186530699645,6.049012115571335,6.046341532839942,308089.42193966225
2023-08-04,6.1816904340043095,6.215278812271898,6.179299746267259,6.1906347671645605,6.189257812161754,227057.1641380516
2023-08-07,5.873499356800912,5.891197011476665,5.855088333016857,5.876107919740731,5.875022354573956,177944.890080345
2023-08-08,5.937193109627938,5.951217511889221,5.932649003620306,5.937791073359503,5.940105515400822,89885.81417091092
2023-08-09,5.961577149016507,6.0277054760768864,5.949583323911139,5.96828832816445,5.969637924231238,204279.87695728405
2023-08-10,5.552157921129874,5.570677579762137,5.537450668368773,5.558433784921231,5.559019833124074,258496.2345085024
2023-08-11,4.904733766595293,4.926548445706551,4.8512946183774375,4.907271906753348,4.908435188203254,994619.5719710052
2023-08-14,4.762078484370824,4.787820459121511,4.755295996849387,4.768692677253117,4.768299512020831,418066.1067977431
2023-08-15,5.03257715967013,5.028377618631052,5.004706250229186,5.028374742499151,5.027122959872015,159229.60116816033
2023-08-16,5.255310768852374,5.27713953153463,5.231059547598568,5.2561208615429935,5.255548643886407,131326.68446209698
2023-08-17,5.0520920915254335,5.063770916293253,5.005368207880762,5.044283270014158,5.045010466092451,175392.9496687796
2023-08-18,4.93963739900767,4.954906256412229,4.916351538454247,4.947030682709402,4.947155966436483,211299.36784632495
2023-08-21,5.2872769497174215,5.314296036390247,5.2740117528593045,5.283200858131348,5.282251844888875,442337.2297146941
2023-08-22,5.443585937735538,5.485639414483361,5.436217672298086,5.443592720892309,5.444163741383723,661670.3626562603
2023-08-23,5.788413745928161,5.825505809316524,5.74713552371386,5.7805606481702885,5.781854902756717,170046.66782306164
2023-08-24,6.154759041278483,6.172936761127517,6.143192947793841,6.155130733632004,6.156316542995139,323829.5846672551
2023-08-25,6.245163396458929,6.273581373992561,6.227104071216211,6.236011052564546,6.235620139951354,156775.8702658237
2023-08-28,6.313722699182027,6.34309890040761,6.294837864576038,6.318534563476222,6.317295443781298,279115.43651319505
2023-08-29,6.133325127041866,6.141481189440157,6.107538588602012,6.13251241628466,6.135431287351154,313819.5206745842
2023-08-30,6.401041078710734,6.453904851754079,6.395080875756932,6.401824319786545,6.402488996131844,105782.65804370509
2023-08-31,6.596856682622092,6.602619964640505,6.582838998374423,6.591510309793159,6.590193765116894,1113642.3072546634
2023-09-01,6.7957136131639775,6.815413681728717,6.751847544108188,6.794948800850086,6.796738882377776,110979.00385467906
2023-09-04,6.63075741248712,6.724735234909626,6.620872498453975,6.642664613222957,6.641432696642803,161328.36453396874
2023-09-05,6.768540785751131,6.775130005505057,6.744120690833493,6.767616520453393,6.766050019207057,149717.34144861583
2023-09-06,7.004082147720222,7.028811558800976,6.972830453790149,6.997452189997289,6.995779028562566,880165.0976625263
2023-09-07,7.100543151545512,7.1282335664761804,7.101377209147022,7.114069993379864,7.111667967567036,660225.3671077089
2023-09-08,7.331147777132752,7.366842678185343,7.2974586794188285,7.322163737005971,7.322500365222743,231240.65028422483
2023-09-11,7.600206137669835,7.602465145650691,7.584716421958474,7.599310597126867,7.59908020631635,377958.78606799146
2023-09-12,7.793653700960414,7.796049518486298,7.773805293992672,7.793881197955712,7.7925703003119136,158281.03954872713
2023-09-13,8.049613907738483,8.094818263420198,8.036302236277086,8.04748145084569,8.0487576636676,514436.4576142669
2023-09-14,8.15508909801674,8.175553930117157,8.105525843177903,8.154833060843576,8.155581203236284,729529.6741072598
2023-09-15,8.537425327478429,8.547702701612225,8.505594591955793,8.527689120884233,8.530159511852236,0.0
2023-09-18,8.503440600256633,8.516424890449349,8.482819934736169,8.50159394519389,8.502458753809812,185277.8991224943
2023-09-19,8.980667942685724,9.004259609406633,8.92392923698922,8.986277749471922,8.982150786106837,236055.7871994929
2023-09-20,9.01640629765803,9.026388327706965,8.9992497918057,9.008976928637802,9.009382075208563,696443.4809125998
2023-09-21,9.015646656925547,9.023149507799737,8.998693510414938,9.022195831359308,9.02245220908727,661443.9310067537
2023-09-22,8.615506030419288,8.6265363257195,8.60503202622684,8.611317791423367,8.615259143291285,633863.6783099812
2023-09-25,8.560763998892982,8.583429696509004,8.557214985886203,8.562366078362666,8.5624684888608,326757.0846294149
2023-09-26,8.154156533964082,8.17506793724381,8.097333228000492,8.141531614135523,8.140743216141024,310740.2470282859
2023-09-27,8.874752681955526,8.907242732288813,8.854070622714612,8.867436053299995,8.862769945419117,426619.481084652
2023-09-28,9.090837091093068,9.14822614753852,9.053967538778414,9.096010464891515,9.095696020686336,194933.08729325424
2023-09-29,9.121072588188948,9.137703743593883,9.05599390927248,9.107895138482943,9.105267270300326,87975.2603706044
2023-10-02,9.177942725633375,9.200780096276,9.15087246054654,9.168539714618817,9.16766485365152,212048.15616284497
2023-10-03,9.128035985363196,9.163762961789484,9.102212133421572,9.14133350068399,9.13407776403952,299687.93917618826
2023-10-04,9.272623373829358,9.317984773191837,9.214074738175476,9.283171504381414,9.283703257428664,73641.6849722031
2023-10-05,9.663734255251818,9.658199468993518,9.642253270893086,9.650730226860691,9.652807806087887,724392.4704528181
2023-10-06,9.804473295805344,9.817015846323594,9.782610302594149,9.798904002821788,9.799897689338282,688419.2369028445
2023-10-09,10.405309917275355,10.436310896615344,10.401670712531352,10.41779695275911,10.418287004350018,197170.49456876275
2023-10-10,10.060012527299625,10.078054760419324,10.048749576360027,10.076117042844183,10.077372405136018,99410.87011196722
2023-10-11,11.163007359013106,11.175875223546797,11.058603379638884,11.145922786879003,11.14655563067218,228037.86580630555
2023-10-12,10.943978266938402,11.035253735395727,10.867016193190322,10.94996913190866,10.951261325503614,207138.60440498887
2023-10-13,10.85976293685214,10.868053406586338,10.838387043425088,10.86101392609052,10.85346452260492,218122.17109812412
2023-10-16,11.034848212652768,11.05063101743033,11.017119446124012,11.031723370467054,11.03345378976968,309208.7991382688
2023-10-17,11.200382931956392,11.23934029320676,11.165407248397493,11.22679107966753,11.229313205413868,244627.9267821432
2023-10-18,11.479573342581295,11.562139179491531,11.424095792721968,11.480225799882556,11.477180216632794,150832.5828924178
2023-10-19,11.245029488450951,11.39360908907798,11.216667102703529,11.259778709890348,11.264301307388752,194277.8423024992
2023-10-20,11.458849971873066,11.51024768919863,11.336974417600302,11.412903478624871,11.410950915296372,65876.48810093415
2023-10-23,13.0248742916742,13.035434609569654,12.991385338485133,12.992771831526465,12.997076478656773,281257.9624455524
2023-10-24,12.472399410333438,12.503839495301817,12.4446137831713,12.480553836138425,12.481952872857848,366183.3077017368
2023-10-25,12.74613100143613,12.748191254032625,12.673447302304512,12.715928851250007,12.714698063215504,283408.8040980999
2023-10-26,13.113896842953842,13.097981486350928,13.0450643796355,13.09025755976074,13.092273245231798,186166.747857717
2023-10-27,12.585475175177892,12.662860970856537,12.496083184153022,12.5929731179061,12.59576677755474,161883.3215629963
2023-10-30,13.167717360471826,13.1695477842933,13.126507618254127,13.146129034675637,13.145663598640493,409713.1748841469
2023-10-31,12.589679099775728,12.665418231062072,12.60459257177696,12.609027479745894,12.605140345501518,185449.21201900908
2023-11-01,13.445029526284925,13.471208856906587,13.418157548302458,13.430501026512768,13.428836500221797,83103.3194135986
2023-11-02,13.0716733679465,13.085273088610812,13.004834049412336,13.069136803656765,13.068366429220532,101691.28609678752
2023-11-03,13.036601194525092,13.03691057281674,12.913499236311443,13.022378086418328,13.021610081158292,117913.55011308416
2023-11-06,12.677386346166806,12.744291803838232,12.638976905470187,12.684861018939458,12.688769598362372,138678.77988875585
2023-11-07,13.85056578239402,13.9649302224052,13.817704486454586,13.866750516040858,13.863327890299852,195007.6905803175
2023-11-08,15.009943067706065,15.1086536297485,14.975229517590517,15.014449367327185,15.016126017897845,270115.86273791664
2023-11-09,15.860640996688389,15.875368145733988,15.633008937535664,15.849895745466926,15.845785934206877,228781.09150074463
2023-11-10,14.316768998027714,14.347766318706206,14.275228294248429,14.319277877988648,14.31891626163226,320364.29831791343
2023-11-13,15.444259251228209,15.422482407717142,15.33920829336947,15.41866711785184,15.422160562579542,61008.29667585746
2023-11-14,14.65332911978274,14.757954305178322,14.560974624762824,14.673867409782948,14.670916955660608,722027.7876626627
2023-11-15,14.721857558758952,14.769576010776028,14.649426414615217,14.704523905072106,14.703103010347013,253199.3404856579
2023-11-16,15.388816471816783,15.500777600092372,15.334101939060746,15.371220875768236,15.372656407164254,711510.4028759445
2023-11-17,15.174723661440805,15.24655352715582,15.157047938093871,15.1925294846235,15.194311340139777,244058.8142889588
2023-11-20,14.296557703261255,14.359562966037949,14.272885142326944,14.311128464744826,14.313291021613065,205204.33909511985
2023-11-21,14.51283580855134,14.605012598442215,14.528511278011804,14.53683328782138,14.547750189192987,267375.33542903536
2023-11-22,14.373980085009036,14.41903399978325,14.338182252560804,14.362959226479934,14.363741912708727,107959.82578573344
2023-11-23,14.826391364987614,14.912128399689944,14.708856332384524,14.8310509617795,14.830878883970898,177103.9401702882
2023-11-24,15.16033967201825,15.197736910946809,15.161969649502945,15.182129837843569,15.185485421339555,537104.1836958637
2023-11-27,15.28685933587061,15.34325549003829,15.203881620665802,15.274333238549032,15.273972176961712,185269.6301814443
2023-11-28,15.022664186891337,15.10874003624854,14.789512170640217,15.017869729263166,15.01941866292031,212785.85391730184
2023-11-29,14.530638385891798,14.542347011217212,14.50305448160816,14.527247818319776,14.526740639619424,233518.71895892985
2023-11-30,14.430844036689605,14.545486185947285,14.322230163842258,14.431498488062765,14.434055628951924,430918.5031280185
2023-12-01,15.220951624500664,15.338539031099712,15.166643239715212,15.22476315432842,15.229116593149085,249889.36822232517
2023-12-04,14.012406879406694,14.034196239159217,13.920105571559294,13.997657768145872,13.997738519732907,154744.7268875945
2023-12-05,15.969460334583296,15.986458304837406,15.916247512715206,15.955263797697134,15.961903494725943,188731.13286569063
2023-12-06,16.10020664048548,16.258696584438756,15.93547129883994,16.092372567679558,16.084659329701818,204863.56856788983
2023-12-07,17.101088885514997,17.08975485377036,16.981143217600184,17.086966533390928,17.094030563072106,148050.36629963398
2023-12-08,15.982178363617392,15.975584473369198,15.961254556394298,15.967060645485429,15.969512660078596,249896.8059321541
2023-12-11,16.205247488222128,16.31076165123352,16.15895779447316,16.21362234853496,16.20865090467432,441303.4155454699
2023-12-12,17.722415943009818,17.756495145057993,17.65556766383569,17.716972965653323,17.71850421873752,106336.91668157263
2023-12-13,17.372218762893162,17.538415764057657,17.173919000181964,17.349614620112987,17.355684881589493,848410.4930133611
2023-12-14,16.266231214166215,16.49693339058839,16.27252039000801,16.301068497459276,16.307273930573206,342422.8539521886
2023-12-15,18.279528682751423,18.329317945258275,18.24496370312433,18.259908596495883,18.260568576023594,308270.1554886768
2023-12-18,18.397739521635184,18.44571459675808,18.312355053387336,18.356551300886824,18.361034587743774,251082.21401374025
2023-12-19,17.816056951791676,17.847373511044136,17.76903150592566,17.812842589362177,17.8150690591049,181579.59475704835
2023-12-20,17.063864311307867,17.180596489821447,16.943173151593047,17.080806493502646,17.07765159705835,147973.85441882996
2023-12-21,17.70508219713144,17.76538415288552,17.701550044577232,17.718666480947107,17.71096183340887,294665.3761561292
2023-12-22,17.438546683891417,17.526002261911476,17.38306994327497,17.420885553512182,17.418629895782374,627806.0283796794
2023-12-25,17.477622025010046,17.757289541302193,17.45266253167533,17.463306622817985,17.45942020046544,248469.92884539108
2023-12-26,17.277394853918487,17.279659606731368,17.199357462334802,17.244268282279254,17.248550440267362,650114.6758421011
2023-12-27,17.904895347919737,18.012147532598455,17.750725158667642,17.899892990114164,17.89807462620443,203488.56860324828
2023-12-28,18.09722774565722,18.26025933287412,18.026096643503955,18.10505642699508,18.10104133610781,200300.49131842985
2023-12-29,16.87439996479501,16.958765534801078,16.816989014882328,16.8753355904606,16.879585432086586,249916.2073262584
2024-01-01,17.34136400465898,17.43089722055773,17.278211151320512,17.34339026146412,17.339765746534354,607080.1793834295
2024-01-02,17.8194471760596,17.893643165763876,17.818325630922836,17.825035192414468,17.8208497712285,485008.9177505753
2024-01-03,17.521220390622958,17.685709541152747,17.339959868466508,17.531794257263254,17.533068351597407,311631.13273676566
2024-01-04,19.31617756289589,19.36400157400154,19.22208412427932,19.331637510108933,19.33742035895161,143484.84936688957
2024-01-05,18.356410100236797,18.450483313664797,18.272405850584867,18.348078171035198,18.34693744712764,204353.7530814624
2024-01-08,17.294434360088975,17.45357872205062,17.165703473431847,17.276188907494003,17.275204188200338,90830.58523875996
2024-01-09,17.14830290319745,17.29463655370875,17.08421960967648,17.18723008899103,17.181111249274863,180278.2534725576
2024-01-10,17.279636670446884,17.392090170118397,17.26148650658697,17.284371715661976,17.287955205060957,323429.53665645287
2024-01-11,16.758250305247675,16.823814587422373,16.66055852364815,16.753945054164188,16.75866676024522,393826.4649844536
2024-01-12,16.086079283377607,16.09922000228462,15.961903107076887,16.058256942617234,16.05895261836777,485245.4893562697
2024-01-15,15.39286827712386,15.531802699392935,15.360172501292082,15.41925956798022,15.421776669522874,202001.06428781225
2024-01-16,16.40508265535807,16.50891182973987,16.172972229372366,16.407733919470143,16.407666701296826,289798.67481764656
2024-01-17,16.248874322518773,16.279346131988223,16.22791457212749,16.237491238143644,16.24887382241823,188889.71178635024
2024-01-18,16.675679887911933,16.7453705002272,16.64497540039356,16.66963086962621,16.667706487796337,803094.7953356722
2024-01-19,16.50606606236263,16.515459796901485,16.480517438161566,16.500579075262202,16.49711886775599,165003.9053913884
2024-01-22,15.388752465722405,15.400022459053613,15.29188797996109,15.36543880597424,15.3678942229618,515802.07472464326
2024-01-23,16.594191250321174,16.68570471714203,16.557950074680875,16.578875762933336,16.58127828892783,356467.73956397694
2024-01-24,16.05660592437416,16.066075144653055,15.945340800810426,16.03819705819139,16.02991878919397,69927.1854112156
2024-01-25,14.739015101150462,14.824644618052236,14.666800211404224,14.74149817955841,14.746308056760297,259804.0913285412
2024-01-26,15.505423020304836,15.572392831250914,15.508518232083224,15.526948523103371,15.52846336051112,268010.9141702736
2024-01-29,16.176702655624553,16.333141382344095,16.185481929612067,16.19429145265188,16.192853421064267,247173.52186701508
2024-01-30,14.929773446187951,14.96157916872902,14.863340810627957,14.946232132673188,14.944397174746683,98750.79163031944
2024-01-31,14.20880784321104,14.333938530733777,14.17932277235622,14.224942908350322,14.226343851985094,245379.0808577277
2024-02-01,14.66234118400992,14.648239921091612,14.562364175419663,14.640140413560225,14.63966177298042,258153.59348367268
2024-02-02,14.669311190058751,14.732996557815998,14.598183483972171,14.676594759922237,14.671234132347069,453336.3264844831
2024-02-05,13.648075739967656,13.654242991745202,13.601902052491797,13.653084732786963,13.653160587058252,195735.61181159268
2024-02-06,14.324544604550798,14.35458609064676,14.245936251980597,14.334159625875426,14.332831510945857,159710.78330493334
2024-02-07,12.991443737506074,13.091324626869763,12.907074260993706,12.9998803281903,12.999871019179192,314615.2388013327
2024-02-08,13.932440396358652,13.959680479897155,13.911838301743584,13.941437416204709,13.944505332510651,254038.059814067
2024-02-09,14.887715722857603,15.018111486202493,14.742776735599168,14.900475908373352,14.898499586253692,185969.85767042576
2024-02-12,12.501754342778383,12.564953573952428,12.381230083161828,12.497114519008097,12.497721793410877,406028.85202936793
2024-02-13,13.057961392440552,13.102217841939686,13.013754951752864,13.060025182952163,13.05775395716194,339360.83806872834
2024-02-14,12.590345585467706,12.625721344273348,12.5306727393684,12.587082103366834,12.583288425878816,204018.44289917912
2024-02-15,11.866349039112569,11.909171758258688,11.809563658672127,11.869163789399522,11.86918859146458,149778.8489113271
2024-02-16,12.018402673098375,12.078247845983002,12.00808899931572,12.039653516204222,12.037837020172756,427948.8652404287
2024-02-19,11.445495108457578,11.441650081687447,11.37751374661692,11.423981651018606,11.424917121871824,280934.8307487981
2024-02-20,10.380333750287638,10.421655262147947,10.353053658229689,10.37009991824541,10.36770839861447,527089.0682376992
2024-02-21,10.099577228249348,10.16488218661523,10.08207233541818,10.095423845109588,10.09612111695762,486568.4456287103
2024-02-22,10.469892410754246,10.49591963752857,10.448107756228817,10.455184178457769,10.450404755952206,345180.9712608592
2024-02-23,10.047446423361276,10.103265843461582,10.043376457949432,10.051566407720838,10.053119997192168,561555.0339406312
2024-02-26,10.229526091745504,10.236844670872037,10.207753606920944,10.220350227111906,10.224328818106018,302926.79540193104
2024-02-27,10.994905888868102,11.05995148272176,10.95203561919026,11.00192885022625,11.001611194834387,237219.70867095533
2024-02-28,10.715796319397816,10.804182983362814,10.67722974263986,10.723524193026824,10.72609483392446,158421.6047487874
2024-02-29,11.096071426916897,11.089509340787016,11.006357663690997,11.071593665707798,11.072802083284165,217514.27922468373
2024-03-01,11.392707243260377,11.390093563680525,11.364719586689578,11.385025683564434,11.383485857232593,268868.2596309134
2024-03-04,12.01432016362697,12.050976038382654,11.926149800020978,12.023592278189254,12.023069282993006,1218750.903791929
2024-03-05,12.410473817560849,12.56651274098412,12.340698348868054,12.394043358122586,12.392949191425112,554409.202252108
2024-03-06,12.592096808456684,12.6739079261167,12.507844091404069,12.581897468250103,12.577485678577265,257029.24112260315
2024-03-07,13.335576559413305,13.34211011059842,13.32961014807736,13.33136282988776,13.328181676496936,143339.23568054903
2024-03-08,12.920397540508883,12.951367871084113,12.843433237529016,12.926125333039025,12.925657342451563,116003.66156724784
2024-03-11,12.370590538014936,12.383148542747575,12.258137214505387,12.380797461514424,12.379808029347142,235791.03174496943
2024-03-12,12.797630314582417,12.864218423354794,12.753054162665457,12.776608973426349,12.77591321219947,296765.8932344634
2024-03-13,12.830875653516571,12.887563743190515,12.745103845066147,12.819637794521508,12.819297738560111,336696.8331409469
2024-03-14,12.252372602152768,12.278717261430623,12.237910206265964,12.25190533793686,12.253125454822804,240169.12820253076
2024-03-15,11.391816665566632,11.426142376574177,11.297691575619346,11.382961906003183,11.381190555738453,301314.4730016646
2024-03-19,11.596068917369896,11.583974312610865,11.412264334302732,11.571514972684048,11.575138326944954,326099.8019423645
2024-03-20,11.52319941531361,11.527206157605862,11.466951435256515,11.499443522754538,11.497770219875104,567741.352187521
2024-03-21,11.061878818453632,11.153255003043734,11.046526187385425,11.05764281406171,11.05773052318513,423956.7529608099
2024-03-22,11.434321836998638,11.444617686206891,11.397994754816304,11.422941223233057,11.429637724484284,305647.26180664485
2024-03-25,11.27350360980757,11.287800824747556,11.157145134927038,11.26620804843026,11.266346421417696,154808.88689061027
2024-03-26,11.208218989140452,11.245711463892878,11.14004863257654,11.210268565192736,11.205819011006852,251806.7354822108
2024-03-27,11.088511428730966,11.098923128409682,11.080481016976654,11.090326851470302,11.08556017397898,69786.35567065915
2024-03-28,12.249953797793909,12.299028337993002,12.249313835064742,12.255302373276477,12.254074271501633,206589.58838662272
2024-03-29,12.829440271315883,12.865386238505163,12.73549045569762,12.829616595647458,12.824922695198556,220347.44434958443
2024-04-01,12.138107912854084,12.232175169646684,12.031494751947182,12.151110468969538,12.15158081544108,368117.94794756273
2024-04-02,11.952911359815008,12.016399184466447,11.962923292002635,11.973170478864477,11.965154238689392,968569.6151677218
2024-04-03,12.468815595700052,12.525986279855228,12.462374290305217,12.477027393776076,12.474505506980211,710209.3198862416
2024-04-04,12.011801213693756,12.023312314585857,12.021142271006095,12.022656710119026,12.01989149462936,201433.19955604116
2024-04-05,12.465778520117786,12.457298438360706,12.367919071560788,12.451845238302452,12.451186538034586,167837.2189480564
2024-04-08,12.32582949784959,12.33325027038426,12.25691374500548,12.329886467837,12.327391703278218,393739.4078144436
2024-04-09,11.510671977751675,11.563731301657509,11.472796842950832,11.51287444716028,11.515690054359448,300403.6119666716
2024-04-10,11.92067033985355,11.934186134799376,11.905182198593096,11.920809722428832,11.921240041219871,140870.69006778862
2024-04-11,12.48397084328761,12.51552175015649,12.447318098845589,12.480629762171722,12.486888626953435,310554.5136528551
2024-04-12,12.406639850461923,12.50850243928456,12.331382145717756,12.416922200060322,12.409931945459508,394976.6579333276
2024-04-15,11.928049168702149,11.91805115144219,11.896208821134929,11.914297384294114,11.917314375022023,362327.2359154824
2024-04-16,11.63645591091698,11.68241906263546,11.530736443762622,11.63873902436378,11.63781826434439,424492.9584519261
2024-04-17,12.285347671378824,12.311583925118084,12.260834412459367,12.283462315555871,12.280080499903905,340550.1230542709
2024-04-18,13.249697593832698,13.362200650293085,13.22345937675777,13.241986424859965,13.24922083876625,861759.0289551959
2024-04-19,13.449102422162536,13.498952792715684,13.41264264865588,13.439046044582568,13.438894546878108,223598.47915591692
2024-04-22,12.685308334942514,12.697504722463837,12.677014938446938,12.687674572047946,12.68782520194547,93802.23586012528
2024-04-23,11.953682767789308,11.94815403300954,11.836477552290914,11.945699354586989,11.938229162931812,265942.2157618321
2024-04-24,11.337748920676166,11.388886021813258,11.33132294676757,11.341592961847407,11.344540835603407,306102.0851001176
2024-04-25,11.673130337053106,11.826066168202384,11.674943950570452,11.677169145125909,11.679137162885649,53966.40771285776
2024-04-26,12.171830947594277,12.214434284155963,12.174292733783988,12.185384291368996,12.184109461880192,573842.2210905869
2024-04-29,12.757725556736505,12.786118597386396,12.76234551754882,12.774084907957624,12.77974084879555,415462.63520506414
2024-04-30,12.282184628264895,12.326596699898518,12.228416439670402,12.307658661954337,12.303415678573838,56869.16889385209
2024-05-01,11.844180661204366,11.881271420890334,11.754247348656056,11.838380178098888,11.838783301663009,461988.1382244769
2024-05-02,12.44628936091943,12.47188241549066,12.387119335754438,12.456705602174,12.456293288302591,140221.4740253916
2024-05-03,12.777963995071252,12.766349410659878,12.724155018576091,12.758185284042096,12.75515488510336,184377.5267931049
2024-05-06,11.769396730339263,11.832463989889348,11.719452473618157,11.772168655508883,11.773624973548785,282767.564383166
2024-05-07,11.063917011927076,11.070832520230574,11.01978715825848,11.04989232796346,11.048083679840232,169099.83523872207
2024-05-08,11.074866170604656,11.140909003516764,11.028596631531846,11.078720235239516,11.078066765285914,485727.25316913286
2024-05-09,11.57801829676539,11.601780126240524,11.468050769280133,11.591093694565386,11.58534488338744,278129.10639054613
2024-05-10,11.477890269566712,11.522023940278876,11.430464750027424,11.467624062040876,11.468051687568805,241582.9865983349
2024-05-13,10.792502687720573,10.860783781713316,10.728244501154265,10.805284634053336,10.804006490224172,66080.57388964477
2024-05-14,11.954346429589028,11.980130192330792,11.940146599442189,11.9539227924905,11.960725885960652,150967.12549090676
2024-05-15,11.857844118420651,11.887533762015964,11.802455061550068,11.832068237890772,11.828861689191998,399608.4537713043
2024-05-16,11.974538810755533,11.99688712419214,11.888246929079427,11.971688132154714,11.975942080915305,104515.3773742077
2024-05-17,11.802610809792853,11.880134767374118,11.73041418918917,11.812250194042177,11.810999501574754,193064.67089359264
2024-05-20,11.85630078836198,11.86263548557083,11.802184664754844,11.852797339585363,11.857439209373297,230254.09882642687
2024-05-21,10.997514441228375,11.01503504067962,10.91203491235028,10.99887112721628,10.996229775351464,286590.843462012
2024-05-22,11.339998746140754,11.369303247273844,11.291619033627947,11.338856018034626,11.339366828620124,99868.98168122629
2024-05-23,10.714554420770233,10.783310215002787,10.659000269030187,10.726111223939895,10.724476563905965,224485.5800689344
2024-05-24,11.077182539639551,11.169220304541524,11.026152590657553,11.08403704537639,11.085638723549716,155404.50546835156
2024-05-27,12.499062338803476,12.62165509350957,12.40448950743751,12.480081725407649,12.477310480938195,269219.88615207304
2024-05-28,11.832867180732396,11.912596672346544,11.79163402966222,11.828061084736936,11.833390310842349,227393.53690155572
2024-05-29,12.442153581981277,12.444815692079986,12.40149528077363,12.441847467582267,12.445422082513,201985.60567040564
2024-05-30,13.348318901765262,13.431412065604617,13.310467340765264,13.359098809419766,13.36201984722898,904239.5771006732
2024-05-31,13.94900654605216,14.029934012933968,13.816842110282687,13.95100817089284,13.952966117936484,285617.05965243524
2024-06-03,13.99235703098416,14.092428168552912,13.857981594599108,13.984205424678072,13.983754266698451,416723.8183762679
2024-06-04,13.18619318018724,13.200945357897332,13.097502265186073,13.1691631407365,13.167602088853627,280471.3688703858
2024-06-05,12.800366142617172,12.854100181818062,12.617169024662289,12.797571835950782,12.79707119823028,876451.3183642775
2024-06-06,12.291803388789258,12.410251549706244,12.275724723184346,12.316608975458552,12.313989774993422,295640.7326709195
2024-06-07,12.951328465627151,12.985340440355918,12.944248318121655,12.95594284596672,12.957331181677592,666325.4597814684
2024-06-10,13.002069320124605,13.05265964304492,13.009568065977918,13.014506859224692,13.021504823366822,350032.1464694584
2024-06-11,13.178939975261803,13.349529890886046,13.167595003515238,13.19029864974626,13.189040252623409,294381.8276447476
2024-06-12,12.485385028851734,12.591349616910476,12.483650003966238,12.490012347912598,12.49106105317274,515534.8159583182
2024-06-13,12.539041082328646,12.654401283591383,12.465415773005184,12.555322458730991,12.554017445994567,103892.9512946414
2024-06-14,12.604378181330077,12.623678184081347,12.602311740180753,12.608552431373054,12.612646516591145,125389.02808575307
2024-06-17,12.255841474727225,12.284687489936903,12.21455457418393,12.245647895331484,12.246928510987797,80807.2190967881
2024-06-18,10.75287547528946,10.816975402792728,10.717318641296355,10.76984051156417,10.77275008071924,84005.92300166297
2024-06-19,10.841980214295548,10.920082623989405,10.784285181223574,10.82606744270572,10.824334304685149,382691.3727726828
2024-06-20,10.150578660575617,10.1781684378023,10.129518116612092,10.158671717388456,10.15666478431245,752982.5339064313
2024-06-21,9.843249003863464,9.85675042568905,9.779452354565114,9.840394239036032,9.836452909731214,487049.6256029926
2024-06-24,9.924177302751415,9.930351507568489,9.92217334272454,9.927178096463356,9.927585758331336,376468.88514006615
2024-06-25,10.094018986669608,10.102553297848017,10.076110383271578,10.099399132753057,10.099253732157386,416614.80549595103
2024-06-26,10.16358715594794,10.204718438500269,10.170518330080768,10.175592505061392,10.175309433650613,426027.2931193914
2024-06-27,10.187657684375766,10.21453878271866,10.151060228394144,10.171526266085998,10.176915069001945,659766.1579937409
2024-06-28,9.80419941682064,9.855957451785615,9.79543828668591,9.816994247065802,9.81599115312292,79497.21894496644
2024-07-01,10.686330532056196,10.745315052101,10.679578853744143,10.689233274953317,10.68674532686538,196793.77462724867
2024-07-02,10.420844469913431,10.473776596933316,10.410154229784316,10.425534813903814,10.429926833139954,191185.5583505302
2024-07-03,9.419859307771558,9.455952794311942,9.336775151894,9.424474190984728,9.424219125040292,406719.7248849897
2024-07-04,8.702595350163227,8.753581218635434,8.65435966033219,8.70288433480565,8.700002145277898,168754.72790510452
2024-07-05,8.899924178281909,8.90153854686251,8.885725514650963,8.8951003187262,8.893771999427983,684200.5419662729
2024-07-08,9.00976050137356,9.031489363522187,8.99680892241679,9.01778994715442,9.019142729519787,195834.28700824289
2024-07-09,9.312959566308889,9.359942468060709,9.19828229626741,9.316244684113968,9.313943525377844,198942.1779694433
2024-07-10,8.388042177536102,8.448811528515002,8.362773369065726,8.38635780984678,8.38706711318232,344223.247974838
2024-07-11,7.761340953087772,7.786302756547745,7.723140316027616,7.747588924352332,7.748005659152995,315293.3870059651
2024-07-12,8.120191349041233,8.153774429008683,8.117076690300381,8.128308617011369,8.12789303105176,243662.19485178732
2024-07-15,8.557319588654254,8.604979916493084,8.545114465253182,8.560806408261334,8.55725979760631,142412.99359235552
2024-07-16,8.47769055909528,8.523014977549295,8.443151432425395,8.480707280734375,8.481643343961471,353272.12975535163
2024-07-17,8.36178265235929,8.404740886289582,8.279709276131223,8.370498216976907,8.36960420999396,655975.0177430309
2024-07-18,8.783031508653801,8.809812263525659,8.771155481864204,8.773756453492023,8.776506225280233,203321.1290297891
2024-07-19,8.65453752883148,8.723045062267769,8.613457832141,8.652573030638258,8.651066922967367,622242.5270992339
2024-07-22,8.649764646210318,8.659482529772824,8.613534690310987,8.644358076009187,8.644734756636748,897601.7755748769
2024-07-23,8.612621280079797,8.63366283148798,8.593399966238675,8.624180906425496,8.622081875311386,190980.41369067496
2024-07-24,8.762176244655489,8.77614103175097,8.671781253617743,8.761709661642138,8.762360108814239,211360.02866661875
2024-07-25,9.17261060651566,9.180883598030013,9.092218639936496,9.16216624580504,9.159034734544942,643224.4001810525
2024-07-26,9.925322845871383,9.994609842041903,9.87083683142473,9.94048170475083,9.94168113653474,463211.1574405144
2024-07-29,8.612237112617533,8.701830136329551,8.594438059534085,8.620987864297295,8.624084122709078,182548.88837286792
2024-07-30,8.556441186370641,8.568066321251822,8.517055437508663,8.554324057458018,8.555709079667508,265054.7956727294
2024-07-31,8.38507665213515,8.383392021951565,8.336916302129888,8.381146602281172,8.378704942938771,314033.3474251455
2024-08-01,7.808448099876586,7.84585109517638,7.810099760255522,7.81186887467521,7.808876846557167,297033.2574445982
2024-08-02,7.692398546077081,7.70749779655995,7.684220828769346,7.6850339264404015,7.682947761191721,146475.26598949032
2024-08-05,7.689350432652912,7.687276501180731,7.643314754193809,7.672666559668379,7.675538333757016,288707.0509785684
2024-08-06,7.595366679226674,7.621843993759055,7.591378618091237,7.59530977552546,7.595981713538503,472256.082822183
2024-08-07,7.6180598464268945,7.6668233097246095,7.6036946744317,7.617255240440911,7.620576015018891,397918.7433805469
2024-08-08,7.265281208655626,7.265414760347127,7.249353016006864,7.258235165104621,7.258444307366767,153363.881596556
2024-08-09,7.082458728892902,7.121680047303983,7.013713941689083,7.077396091794097,7.07719412830723,304716.56574746134
2024-08-12,6.523252723659272,6.545340644163618,6.484261792808203,6.518270445736067,6.519721486816736,126491.36584871466
2024-08-13,5.995680823578825,6.005668932301783,5.969549782889102,5.999018505379393,5.998971214881704,207270.2040018398
2024-08-14,6.061797487668157,6.066468696906562,5.984352489711267,6.065677175726063,6.063929180679296,221365.40545630403
2024-08-15,5.613702781011662,5.641608106640097,5.573940101721398,5.608174397216073,5.609125310223596,254088.13566545263
2024-08-16,5.745321512400047,5.757978197022628,5.691092462353903,5.745339981118586,5.748496711125994,146714.22478334227
2024-08-19,6.047699185246293,6.072117432757917,6.048883240042838,6.054522359419011,6.053321815929133,248722.09251482508
2024-08-20,6.73434935855937,6.775478033907275,6.739662367799398,6.742262089148183,6.743291050208667,299973.7059111472
2024-08-21,6.532955567400866,6.5514703713234255,6.500514827818762,6.531071380038702,6.53141908379891,510360.1408784217
2024-08-22,6.81720566380028,6.870223062079124,6.784609094104089,6.814533632706588,6.813238135913433,1598413.3214928892
2024-08-23,7.065341307514431,7.095153488399274,6.987249110870693,7.065874906876664,7.065962634864792,282504.962815205
2024-08-26,6.608060481500504,6.628233047877957,6.57961332716639,6.604630052036328,6.607639677564101,89395.77537157478
2024-08-27,6.653644591091211,6.677099739852647,6.610978763427916,6.652944416140821,6.652441847328825,152283.05831804665
2024-08-28,6.791960565442129,6.833605877231686,6.772668738071181,6.799808001969784,6.8013607971042935,975733.7678269685
2024-08-29,6.277142970339467,6.279467642186633,6.232671782348649,6.268817124320648,6.267920198455106,241801.8439870525
2024-08-30,6.967838367483181,6.972578434404289,6.952127662810503,6.967435892622965,6.965182819059039,138304.64403368311
2024-09-02,6.769486286551668,6.773668920450118,6.728627992835253,6.760460841053242,6.761293094639829,734115.91489539
2024-09-03,6.910502722752071,6.908014861423378,6.894704388561067,6.903312508694456,6.903837841677293,344396.10900898627
2024-09-04,7.078825027600162,7.078072378672937,7.053972844614804,7.075852414025321,7.074998002543088,183141.2816964687
2024-09-05,7.0860711319224094,7.118434085233613,7.061303559946779,7.094678881131183,7.092649995427737,272714.6086521729
2024-09-06,7.284769582296651,7.297911397157986,7.261371169568383,7.293178184810372,7.289856573669125,150068.81767851283
2024-09-09,7.18648482943475,7.2359475776458435,7.155326020960393,7.197703449266425,7.196945507991789,80542.57793698549
2024-09-10,7.030942990948527,7.069281914628659,6.999357082853088,7.027496713190121,7.024898796405372,329175.8911413347
2024-09-11,7.213737956499145,7.215269903650479,7.208750364041962,7.211114849020336,7.210338430740587,179550.4499232838
2024-09-12,7.257126065979816,7.264014033075349,7.167268721998825,7.256970963586244,7.257954286302738,901905.8369578852
2024-09-13,7.245251850037142,7.264786277406568,7.231202096828646,7.241749870826598,7.240868452208162,211604.12891064104
2024-09-16,7.206051558532785,7.221516461412775,7.1810915317331006,7.197674575379023,7.198306902904501,65553.7926326085
2024-09-17,7.737267279066781,7.781415096726711,7.680515367796006,7.739575369954288,7.742320474734982,337187.5043127109
2024-09-18,8.315293544604193,8.336505656117652,8.317814922279132,8.32080742666826,8.31655889724512,166480.18238146335
2024-09-19,8.026398179946572,8.03552217504948,7.940764111517703,8.026530840624261,8.028101450954477,149938.33226809703
2024-09-20,8.325776319443587,8.373409111328822,8.286361086510238,8.327111009519204,8.323129317101428,449605.34997138754
2024-09-23,7.812240031781136,7.883923559043753,7.782390354031336,7.796121745547709,7.795530243007212,157740.53035479208
2024-09-24,7.320919411370495,7.353261582033153,7.253485305543753,7.317776864800654,7.317851019915334,213961.438425011
2024-09-25,6.881499444188447,6.917482013561723,6.8767944945257815,6.890790811103421,6.890373193799546,803638.0858601462
2024-09-26,6.873678928671841,6.937005373409473,6.888371893117426,6.892668922840627,6.89096548311344,266776.75694039377
2024-09-27,7.090805443901236,7.140826159742469,7.07659583155296,7.098911061788928,7.100588981541644,62989.64899032743
2024-09-30,7.077804154781089,7.087819535857264,7.075678823096085,7.078944029586694,7.079670871174117,345931.3420276597
2024-10-01,7.2470854881941404,7.328825454328443,7.2023513503007655,7.255555976955066,7.25529531931281,148522.0191787957
2024-10-02,7.200446929479867,7.236138879439888,7.164554911825938,7.190245514536054,7.188002592452455,138643.00038658612
2024-10-03,7.465660275785983,7.478880681627431,7.457604269156782,7.459461824711441,7.459300802258626,333269.0897996467
2024-10-04,7.802350092757694,7.839239553436361,7.753160459796303,7.795800668364552,7.79128893142929,257136.19775931377
2024-10-07,8.50401022382087,8.542836952248834,8.45511172986776,8.496392913779195,8.494298329792661,189904.2686392979
2024-10-08,8.380350919776783,8.416885205711585,8.33357536686547,8.39278394956393,8.391023231013063,188688.50015917103
2024-10-09,8.507875035342247,8.622769851177539,8.498078005438346,8.510816756887536,8.510306125302183,434329.7355853196
2024-10-10,8.06055560862487,8.125150246200006,8.060344042447936,8.06196088953857,8.062020349765744,496819.56973473815
2024-10-11,7.299965411619271,7.319565375806764,7.266059009075349,7.292182796734409,7.293595124871063,342891.2789648821
2024-10-14,7.30643361480494,7.369375941024819,7.27870085803353,7.301008687529611,7.302828817361765,116846.2236365649
2024-10-15,7.278037127939418,7.284598996783884,7.21256987160254,7.283065761149666,7.280615927927979,316109.9453856351
2024-10-16,7.751999760332349,7.815117227462214,7.675626075761718,7.746833077395658,7.745794723818854,624188.615337786
2024-10-17,7.690432181974982,7.7489483402098704,7.6942382520875485,7.700824397834507,7.699355856129578,144314.71458780442
2024-10-18,8.281954283332833,8.344434325529939,8.196039673618941,8.269984535549042,8.267670900812798,374201.0428952034
2024-10-21,9.07262227807752,9.098107950212055,9.012026423833332,9.076698303371248,9.075052394793683,108813.18190559036
2024-10-22,8.933591775975433,8.985065324948012,8.882467026518881,8.944885939060669,8.944877293209895,595846.5074102571
2024-10-23,9.491903307265984,9.4943119546644,9.445066508724096,9.491354704123552,9.49065724076426,212413.4666766412
2024-10-24,9.476960739917995,9.564517996211125,9.413554964032835,9.488825947211993,9.486537991045967,445909.3628508223
2024-10-25,10.474315382727784,10.511384060349313,10.414726197617236,10.466937942951636,10.46699147456552,173922.36646082616
2024-10-28,10.887125330702432,10.993207544182452,10.883287924875884,10.88665487248232,10.882874896119542,260899.24932074576
2024-10-29,10.652055446935014,10.65074975905569,10.606459452229378,10.626192472633496,10.626365538973424,176668.083689557
2024-10-30,10.548448202307014,10.570452160468363,10.458824416646328,10.533422331999551,10.534492176967396,871171.4781461089
2024-10-31,9.430392661090496,9.453093811216174,9.418689914068269,9.428442057396284,9.428921914415234,645233.8515072103
2024-11-01,9.998021821616646,10.07272723247123,10.016337695906405,10.0318893017292,10.03595036339529,248696.2826938178
2024-11-04,9.325968133075524,9.37819639063318,9.279796637685546,9.324726957113043,9.329163073775309,229212.74896679848
2024-11-05,9.22088459239853,9.252944027154312,9.167747036983858,9.23852753244039,9.24023422029786,298137.8118978561
2024-11-06,9.6101306640092,9.609031686720236,9.57791020749724,9.600818406999938,9.598367717680452,359223.9120156164
2024-11-07,9.917912307536678,9.99194093934386,9.895985629942372,9.917403780141068,9.916857570340923,386899.2476188117
2024-11-08,9.323162644538485,9.38546896310641,9.22005044808309,9.312762931512298,9.311921767375209,219531.3974759684
2024-11-11,9.41678931750211,9.52834874610611,9.416226660514283,9.422406138484362,9.419717334570644,195452.06724543747
2024-11-12,9.058327662908304,9.09844193152264,9.020320718268565,9.073666799328407,9.07274448959476,323191.7614707678
2024-11-13,9.22821682470439,9.306574035546747,9.208306826058884,9.23227014940318,9.233597164166383,390890.3516242573
2024-11-14,9.51195009660188,9.507410992133812,9.442319227674565,9.496850532782249,9.497291933361636,266897.6811886371
2024-11-15,9.247857231825314,9.318278959658738,9.21284225310763,9.241085458085156,9.24163131924942,112072.50451673068
2024-11-18,8.798289696736276,8.87137047577939,8.786390131905108,8.817631535553117,8.81637229900258,151196.19460793195
2024-11-19,8.125796255089243,8.139451996104876,8.120395986517885,8.132066059643018,8.130120098732911,221941.0114678608
2024-11-20,8.01077270795962,8.10394507787926,8.009513877351834,8.00979561190534,8.007605637124808,446420.4234647823
2024-11-21,8.145345968510815,8.154319076294446,8.11858038668747,8.145119421911039,8.14861382490655,290170.7844550306
2024-11-22,8.431394944119083,8.452314926714195,8.35226641240115,8.430448101721774,8.43222303371072,448925.7471604619
2024-11-25,8.253208258574139,8.292796079555346,8.217054487054149,8.253266156189255,8.251006715992311,299984.5519090277
2024-11-26,8.01702299315284,8.048847767839192,7.984923274145568,8.024049967698678,8.021312769029791,259930.07425738804
2024-11-27,7.486737621936853,7.509814499314131,7.456681874421255,7.483510090168755,7.4852153136219615,194210.59043212337
2024-11-28,7.753644885582351,7.758544669427662,7.727845294777457,7.755098249915851,7.7570854547577,213147.42732780095
2024-11-29,7.333687926312537,7.355882793051773,7.261235796959545,7.336667066838068,7.34085625452474,469246.02370676416
2024-12-02,7.270366002092651,7.293389401388571,7.258050185628904,7.27063197655495,7.270994959762336,309569.85172644665
2024-12-03,7.469716587203474,7.484591541512621,7.409786153017787,7.478613018363009,7.475923233033316,267927.8215494303
2024-12-04,7.201973902529257,7.248732856380669,7.202147425466039,7.22125747824177,7.219732464950924,415763.789195961
2024-12-05,7.234329466901962,7.305190068403757,7.216044611362532,7.232841607734648,7.232211403255866,364094.7276994334
2024-12-06,7.592640997644223,7.635750933762723,7.565119175706721,7.603543510594581,7.604790734209749,601961.0071628612
2024-12-09,8.262454024092584,8.316385760190206,8.252100476413409,8.26676390261003,8.263274562008629,238479.95192800855
2024-12-10,8.099103692526795,8.12371381430691,8.07462147811366,8.108431707012429,8.107692085487884,511456.5474779973
2024-12-11,7.866028498873848,7.871569816772811,7.842744617434615,7.863477332184435,7.864990601625892,255578.25303175507
2024-12-12,7.811307299717394,7.819445562563189,7.766925647923587,7.809505153395854,7.8136431067105825,166718.1082157549
2024-12-13,7.369264746622242,7.449079806639458,7.311909392998078,7.378134022027631,7.377624985357111,203445.2790359916
2024-12-16,6.572790875368172,6.5853059363906965,6.568239040706786,6.571140301645412,6.575234621102051,140053.5778104075
2024-12-17,6.686738823184188,6.6843001762834975,6.6690851254497385,6.684000964276027,6.68425266060884,144484.2358342234
2024-12-18,6.838302492040995,6.852673332880419,6.791330733120391,6.838791186880463,6.838611321627364,166913.39140153586
2024-12-19,7.150523645224545,7.22070868085297,7.11251027843747,7.152005894400901,7.154270094900358,163495.7354511332
2024-12-20,7.042813667789575,7.087360960770432,6.9886693430761175,7.02919863881187,7.027167853494819,127105.51518283466
2024-12-23,6.720750456721249,6.743631468021553,6.685308203853815,6.717438926723932,6.715137898208363,118128.11539548736
2024-12-24,6.642893701170109,6.6603430804405805,6.588307725533825,6.638913765876453,6.638024723285282,280293.75735534367
2024-12-25,6.724385530876438,6.79099451246249,6.705326442229958,6.731770724062001,6.733379993569429,88282.70015948614
2024-12-26,7.170564764846544,7.17936669254071,7.130976210140833,7.160946978229076,7.162484885612715,144819.97674998012
2024-12-27,6.881055067359117,6.8848827707625615,6.862116613119876,6.880613324515669,6.882040332802366,129933.44257547488
2024-12-30,6.737511139694967,6.760597916178263,6.674904009803731,6.7342965186712975,6.732969861748516,283651.1093846254
2024-12-31,7.115123978145799,7.152617264955518,7.0175551929654505,7.117216403248762,7.116872072821329,155542.3359200156
2025-01-01,7.785752435540401,7.85284703427674,7.787047533890321,7.791573089607479,7.793833345572409,846500.395231759
2025-01-02,8.11847522319292,8.179656891910478,8.081261770459761,8.104326335161842,8.102650382891706,305398.10635770473
2025-01-03,7.987881212112006,8.044574745124397,7.8872686503672655,7.988974432520228,7.98887312965852,294857.23217674263
2025-01-06,8.404318486301761,8.413584688619183,8.366461562457735,8.410351352640271,8.41336451025987,183073.39024615637
2025-01-07,9.423732331816993,9.4506271242504,9.344604527938234,9.393859737046512,9.396111871371142,161818.87709908615
2025-01-08,9.89535819391624,9.944844120680935,9.874536302096056,9.895787208633749,9.89414094025182,326808.01800030255
2025-01-09,9.384600708995892,9.395665476549986,9.365444263427191,9.380126485388478,9.382769216695529,388985.38583047374
2025-01-10,10.023318054655531,10.070728989911563,10.018100937543725,10.020701653088327,10.023102313814146,277789.9418811885
2025-01-13,10.586688163926503,10.62627123440608,10.57649320011576,10.595907280166651,10.592843467354191,186739.9489621784
2025-01-14,11.376195735832498,11.403536862866218,11.32229200295063,11.388165418863688,11.389852832717626,199515.7484879257
2025-01-15,12.434463781233994,12.422186810498626,12.337800714745825,12.421329669738926,12.419445464822529,283482.7136008989
2025-01-16,11.754864362681063,11.764463901227195,11.717569968502431,11.763169484445555,11.76211219853802,72773.30405172014
2025-01-17,12.14435242322332,12.227610357695358,12.082838001542552,12.142297712984496,12.141698772622926,416815.8204742808
2025-01-20,11.13327962791174,11.238312195801834,11.108325625953633,11.14405591315934,11.14572536042856,315176.1555206212
2025-01-21,11.456548289907518,11.476775271051824,11.34510918222311,11.455070406395157,11.453370055931966,666118.3293449106
2025-01-22,10.895026338862175,10.943987872266511,10.866249407346826,10.883364901970747,10.881052046941443,721302.9980820353
2025-01-23,11.22533392432512,11.281308021711052,11.19491295837332,11.23963399530684,11.24033742787804,220940.09398779707
2025-01-24,11.13723793449658,11.223271605491805,11.114267521135911,11.13230367355467,11.133812040575975,467909.94212810416
2025-01-27,10.57812611940722,10.630885253680662,10.585149125174324,10.590003136704734,10.591241261506225,301145.5813249339
2025-01-28,9.703963288836675,9.720160733813271,9.71349442529622,9.718006864949905,9.718927727386244,368009.874411017
2025-01-29,10.125800272841492,10.166639088137645,10.084388550882052,10.121566507327922,10.120404299006896,495910.9616326386
2025-01-30,10.478954842542734,10.59986778955972,10.388341226255571,10.49790482839439,10.49925740920295,280910.6671414383
2025-01-31,10.60212314676645,10.635309240589134,10.58937816122602,10.59963549768363,10.603339556555664,246534.71827131248
2025-02-03,10.608337244418191,10.699231430571452,10.576673294093329,10.611494972458464,10.612325385543116,617423.4795157906
2025-02-04,9.850368485029252,9.876741334352705,9.823456196121567,9.845922147231194,9.845886545043545,613773.3130846133
2025-02-05,9.831061468101648,9.817058577796049,9.808596843889504,9.808916905571602,9.811651357588342,93025.2376394689
2025-02-06,9.260498862980032,9.254985358657418,9.243959113117588,9.25310271099234,9.25284172645496,194960.7106102953
2025-02-07,9.242346035995038,9.25761579390078,9.217829780925856,9.22781853930018,9.229015400065911,145854.22172515476
2025-02-10,9.779545065986262,9.83508369064262,9.674845674846598,9.7642948325688,9.765495444985412,105972.6872083236
2025-02-11,10.066109162419496,10.111643792637796,10.031685123798429,10.052772988295532,10.050257974247131,377614.8647237844
2025-02-12,10.087080376818204,10.119971500902777,10.035402953484931,10.09915908249302,10.101667776661916,475871.2463632028
2025-02-13,10.507585386391288,10.530048365877123,10.477877529264042,10.499117210329066,10.49921148445185,378641.5851512767
2025-02-14,9.660916601767813,9.710337551019224,9.643891791551946,9.659139217254896,9.663698396592226,708121.1784543506
2025-02-17,8.79153797531182,8.807648673951588,8.760748829403141,8.783884829047501,8.788988267542088,189455.30114575516
2025-02-18,8.258894117687982,8.32907200089856,8.260899456555054,8.26396087808275,8.260905886750098,759793.7417578436
2025-02-19,7.869198581536,7.87297273187782,7.832491506065667,7.860259435989507,7.8629852659468495,237747.50848111077
2025-02-20,7.598131588303261,7.639471936966149,7.578770996146905,7.601840798301039,7.601840798301039,687016.6939392879
2025-02-21,8.279060874362314,8.319397225691176,8.280364760134312,8.286659181660555,8.290510224299652,1012839.7435263452
2025-02-24,8.951642138787792,9.00432070780458,8.934880147970507,8.953451189851792,8.952537788375203,177392.04776205544
2025-02-25,9.054781586680578,9.087208799098718,8.947545890813922,9.052350422283928,9.05449211831879,412180.8914845084
2025-02-26,9.494458668217897,9.570804658881784,9.46749999374989,9.50670971337356,9.504940098832211,94749.62997726572
2025-02-27,9.714433498321386,9.798885262812975,9.706341975938097,9.721906640815844,9.71892249358663,286176.05165736703
2025-02-28,9.203708600352693,9.221077903981293,9.171089481086728,9.203275335791412,9.200875375957285,268408.7554265754
2025-03-03,9.467134371217137,9.474404161645056,9.422206850251982,9.458893930669309,9.458480946778412,492122.2664854578
2025-03-04,9.245457163853391,9.296245312559453,9.223056440639182,9.253064984712127,9.251180503193403,237500.6629045154
2025-03-05,9.473138835652314,9.479050170213853,9.469685522005069,9.474795001436144,9.47662925674344,134884.42513468137
2025-03-06,9.49749585302531,9.53968111260495,9.47998838498222,9.50590076282108,9.505515487780205,593942.3213169732
2025-03-07,9.587246021203104,9.71704427876836,9.569598269781432,9.59171762559506,9.591149593390451,247797.8013034003
2025-03-10,9.71483723603504,9.760382824424006,9.703842098259356,9.712586998453766,9.711008352692836,526697.0018271744
2025-03-11,10.577649472599465,10.590024619048451,10.499864963672517,10.569603667892542,10.568603211173071,557579.2756988576
2025-03-12,9.541064619385317,9.620493158227903,9.492540410571758,9.543422101139244,9.543429819605237,240598.3204694012
2025-03-13,9.74846853088948,9.797129347262151,9.7293541533386,9.751560633032996,9.752105474142024,294935.0333084327
2025-03-14,9.319902918049024,9.33129739508342,9.22323048316968,9.316768666189706,9.318737843323396,163679.7365114441
2025-03-17,8.951064354256388,8.993279163676528,8.885929346738445,8.94383657613283,8.944080992058762,362490.154563978
2025-03-18,9.0129586480902,9.018328913051702,8.928491679581056,9.008266727454869,9.013336586597427,289395.57758769736
2025-03-19,8.775124439600315,8.807011715067272,8.757396545330582,8.786288116072697,8.785721960851687,293399.9752226002
2025-03-20,8.80655012905293,8.829393710503686,8.757189788495927,8.804399115408392,8.805656373104625,171899.2020736194
2025-03-21,8.710532012977271,8.719679575140677,8.638804005238104,8.709122891628873,8.704528651266822,214800.22533524025
2025-03-24,8.24839139585907,8.264414171426905,8.25278559038675,8.253741477420514,8.254171367855818,417005.5538577406
2025-03-25,7.870404644348885,7.870972511632028,7.850789489975724,7.864263591780591,7.862074293483758,816278.6172606692
2025-03-26,8.032565527946323,8.03485531110333,7.97161408726486,8.017196263501285,8.017537881072073,190893.66969999383
2025-03-27,7.867808507224626,7.970223246127952,7.844702232844252,7.86132045761872,7.860782794201135,246747.1703516616
2025-03-28,8.087078396406957,8.11079170990832,8.086303974400947,8.091449062558691,8.090123606503482,364136.97871982
2025-03-31,7.972930968171714,7.994665944952875,7.986498964663157,7.987209449018046,7.984331044017449,429837.4222073154
2025-04-01,8.701586455301067,8.776091366338171,8.691046130933463,8.704822422032473,8.705608042473042,219473.04603945676
2025-04-02,8.18792207906556,8.199912465525136,8.173845890591133,8.19850901870902,8.196937783024811,744615.1090205994
2025-04-03,8.104684592137932,8.168089742264655,8.067128659938392,8.124176431184182,8.124700318181784,101877.42979035672
2025-04-04,8.058044909896225,8.108429334328198,7.998528942450746,8.061470389554422,8.063220389337578,908505.3320898352
2025-04-07,8.802094564165623,8.803825467828375,8.782633892883062,8.798250584956524,8.79896751059545,260979.16450595373
2025-04-08,9.11012142564288,9.101503129672484,9.03971370611465,9.099501721359491,9.102128364006854,431644.5978691969
2025-04-09,9.266079733124949,9.331846177486373,9.233521468799015,9.258445536594072,9.25872471002269,196899.83494694563
2025-04-10,10.034756623253273,10.126594427598702,9.906465809140013,10.028718034786984,10.028325427907486,270165.8180275369
2025-04-11,10.064277852102606,10.064070281237408,10.012616967341438,10.059698420499592,10.057166493966765,316575.42927026394
2025-04-14,11.078950451311488,11.128084456538575,10.994213175761798,11.0663607722721,11.06331392746096,191601.07289166347
2025-04-15,11.44296078681909,11.450792966520698,11.423280184810109,11.43604196182539,11.434211306376598,237337.54111736373
2025-04-16,11.21842060456108,11.245779351360165,11.18694784543879,11.200841605595832,11.201607216827572,247151.44133052655
2025-04-17,10.621847090606265,10.68391169509098,10.574631632524737,10.64041628633614,10.645581866048284,478567.0117662836
2025-04-18,11.017806380105585,11.028701137700905,10.950429771426842,11.00628934469485,11.005726772239596,180121.71779090125
2025-04-21,10.31881812159895,10.311041995778549,10.173996541078466,10.30676225724039,10.306945695533935,498271.8291844516
2025-04-22,9.374541586544632,9.392526550662277,9.32947385519085,9.376075345695018,9.375316574429627,243256.28001067144
2025-04-23,9.68407807460416,9.667736690070342,9.592427282793372,9.656603454164935,9.658476103050624,224814.91302722477
2025-04-24,9.575653657798606,9.629954332957114,9.581400010398042,9.594083304816772,9.591541649063831,609530.9292986849
2025-04-25,9.84096740658886,9.8600638551938,9.846795998244964,9.846947464630007,9.848088891918994,321521.86803938355
2025-04-28,9.842678588586145,9.875604130210476,9.73450344862938,9.8403878149102,9.841516822077637,287589.59562705003
2025-04-29,9.668860928509009,9.717093154923658,9.58800333542556,9.670386950721277,9.671922268951745,338747.9220447512
2025-04-30,9.930997576143636,9.980165232080203,9.904451450505752,9.947030354825266,9.946527737961915,539480.4657458174
2025-05-01,10.35524347447918,10.448222803351438,10.31732656337288,10.35608454023815,10.355056246909724,466412.9614471103
2025-05-02,11.12950515061685,11.149314065752018,11.128267186870938,11.1286430365412,11.1329380167315,143089.91397749208
2025-05-05,10.493328158721416,10.51498057670278,10.460122613508634,10.505499658623172,10.50534807077771,181178.24847103388
2025-05-06,10.747264105161698,10.796306701892908,10.638334947468891,10.735796912031546,10.740811985336292,253164.81808959015
2025-05-07,10.208102092330645,10.209614840551946,10.170035957140655,10.1926393658377,10.192792248084574,533030.7733938987
2025-05-08,9.855663168957824,9.881790198531212,9.819963340146304,9.845579207469369,9.846299228627192,172966.86377275817
2025-05-09,9.91256163820149,9.955318215953586,9.878431201717907,9.915701710997697,9.916585726732531,918818.6059188322
2025-05-12,9.821631674376896,9.915126356312298,9.815517806851012,9.826229582696977,9.83234563947347,137692.21492416546
2025-05-13,9.21081090712569,9.307825034395828,9.19046213387544,9.219023008033142,9.220128114829924,137632.7823865886
2025-05-14,9.062262917226322,9.147174784601544,9.013849345134634,9.057239561377356,9.056875976188572,223129.2810856045
2025-05-15,9.575924254450442,9.661525205582638,9.57153460228436,9.578913065897344,9.579550277670654,520935.12917939946
2025-05-16,8.75292802605346,8.83585383658475,8.636693169124143,8.752050790172401,8.755465978969738,101477.1004060234
2025-05-19,7.994849238630758,7.99853566351153,7.95727160708416,7.995507636376065,7.995150806046222,379423.251229878
2025-05-20,8.214183740046893,8.282276082877916,8.164831524504152,8.207099780786583,8.207271627963252,320791.4456129783
2025-05-21,8.585484495958024,8.691106821908887,8.555145998227292,8.574819582684826,8.574532416943438,583800.2320266137
2025-05-22,8.455195768014205,8.49298873181822,8.414290568071587,8.453163583399142,8.454347202858903,227008.4905219228
2025-05-23,8.4164893086346,8.46459904342863,8.369095225091442,8.414945230562644,8.412277297404124,315940.73813109705
2025-05-26,8.077838851729805,8.090917569939085,8.07057810827172,8.080391911319763,8.082582606305786,179449.4541327398
2025-05-27,8.114200391882532,8.164434387862046,8.089842917916856,8.12112607871942,8.122090118649348,124598.40160190791
2025-05-28,7.953939846691218,7.986317673695292,7.935293204207359,7.951169038011149,7.952220874434666,170378.27008888795
2025-05-29,8.02911870947588,8.040568568062644,8.01149689514604,8.030067364509396,8.03018527391273,740708.283491673
2025-05-30,7.2898611858157905,7.297384725559884,7.2634688966806,7.283368996747885,7.2848938190621,190177.58316360717
2025-06-02,6.904405440245437,6.924789181879884,6.845471648218719,6.907614170378556,6.907552274281535,125660.18536023864
2025-06-03,7.0650184734897215,7.065322676835691,7.032181885166184,7.059098172955186,7.059858151990319,329960.4021884801
2025-06-04,7.736111143491323,7.757577234623265,7.69097032189013,7.731379876477558,7.732567380824673,133828.28766241163
2025-06-05,8.343575536389043,8.413254591266007,8.323003193850845,8.335552312079503,8.334610642218136,617380.5059844473
2025-06-06,8.106780717076264,8.117941120211727,8.036606624628487,8.115183921137715,8.115643249679218,96257.96433590868
2025-06-09,8.449930408396016,8.488902931764866,8.412328442884254,8.439887633684688,8.440113477431177,327003.3403916484
2025-06-10,7.870138181052041,7.874941843940303,7.854029136417692,7.854132156153884,7.853007315536725,491389.014338964
2025-06-11,7.432304056611048,7.4445187494118175,7.435000473866538,7.43557477996856,7.433871007782284,261228.7269528677
2025-06-12,8.199241880440352,8.253016081683816,8.166024457015201,8.206240661726998,8.205489884301361,136489.24801291816
2025-06-13,9.44397159681684,9.43943023794558,9.330374843225488,9.42905189802346,9.42839198997688,217924.06170175268
2025-06-16,8.846320705304658,8.880260316985686,8.787276248858555,8.841659409787656,8.838535874807205,113426.90376067614
2025-06-17,8.49616892009853,8.509940676924765,8.466432655878286,8.504436240849353,8.503276456844203,583148.0185717281
2025-06-18,9.3069425749613,9.332271619482787,9.300458187282002,9.308770151731796,9.308043987560138,228016.19342330968
2025-06-19,10.162543990533813,10.222739584189505,10.152727342290136,10.167261923106183,10.1698505702245,598792.4644180101
2025-06-20,11.214979733273164,11.29626314264577,11.102793936164453,11.205101987405396,11.206416083143372,147390.26794446245
2025-06-23,10.756060417068898,10.81399143072982,10.772302575591672,10.774029644290176,10.775217746785478,314302.5124134493
2025-06-24,10.88350443418899,10.967436295238723,10.881208278034052,10.902881411700369,10.903900597670969,244104.9271216007
2025-06-25,11.280128484467763,11.300155374052554,11.242478987039714,11.273539643133294,11.27293508150551,373819.4238418176
2025-06-26,11.130261611392184,11.135192651348548,11.088909886654656,11.118033856286036,11.1166640202381,224709.8893324937
2025-06-27,10.384736390538643,10.472576701925874,10.3764347597746,10.396514975106037,10.399996580981224,442029.0830089365
2025-06-30,9.241592761769995,9.279586351650009,9.245136044053153,9.24982911691452,9.251106429904214,184079.50399055544
2025-07-01,9.765439844565512,9.777647751784537,9.75443396113612,9.76816259205914,9.770971386719213,291514.2099732888
2025-07-02,8.975021698175878,8.993265980538942,8.93201083465786,8.972851831348764,8.972595259173715,676927.4719741981
2025-07-03,9.64354238313534,9.685133608625586,9.601882642314887,9.646992965969018,9.64619445393001,319160.5691660491
2025-07-04,9.654874224296764,9.664348284745628,9.604829899605798,9.650709864839872,9.65037771172891,211492.5265250849
2025-07-07,10.141979031051102,10.231698555843284,10.090492758728574,10.150825229231373,10.152685784003022,640722.0872003222
2025-07-08,10.271362636099214,10.349848060899497,10.201447105309173,10.29351865884918,10.290821800238692,459618.065662251
2025-07-09,10.83049923397066,10.916067176542636,10.820608994562392,10.831187790914091,10.836032803512754,53018.75298456277
2025-07-10,11.09477447530884,11.200334018398094,11.017355997276852,11.10136677691305,11.099540287208349,156033.36821913102
2025-07-11,10.809777017376549,10.834341219833052,10.75165009386,10.809918671009136,10.808876146117797,183058.80208174253
2025-07-14,10.906676703394416,10.94133776977775,10.872980493327418,10.91366167465907,10.911683216459496,181906.69212840503
2025-07-15,11.458931982523788,11.461185828425377,11.45684806849811,11.459453675743545,11.457728546239698,638438.6799895944
2025-07-16,10.811926656493336,10.86752671983307,10.786821792115726,10.819273697404244,10.821209364392884,135784.86670744562
2025-07-17,10.534363200751724,10.535223080711436,10.4555896592723,10.528207032194487,10.528595296646133,139011.18062711167
2025-07-18,11.250376898711334,11.287072018874232,11.150670600282265,11.248142886704168,11.24923167296804,214039.86182373567
2025-07-21,11.814329869131516,11.8848285636071,11.749323409399723,11.81801117871273,11.820519431594407,205058.55598351717
2025-07-22,11.34512100277066,11.395745341777204,11.316076440676266,11.352386653239476,11.349022676082752,291286.9660671636
2025-07-23,11.25066425003082,11.284885900234466,11.227196273781963,11.252010501344111,11.250484937203126,618034.6989853606
2025-07-24,10.74711790894839,10.815586626958815,10.70017171481772,10.758264140578778,10.75657532716166,166781.70269097696
2025-07-25,10.94066124879417,10.96910207012935,10.909737788885389,10.950301421549652,10.95101442873232,211802.96808056592
2025-07-28,10.415633537848686,10.41357452573586,10.378744519136903,10.40218555775625,10.407130806265013,220331.1939417857
2025-07-29,10.91974162588106,10.904870473229703,10.819431775071546,10.890220874844822,10.890053673408527,227963.06431747996
2025-07-30,11.429535177529418,11.472722966147836,11.44066281376215,11.44244601063378,11.444426555589777,167456.22658499246
2025-07-31,11.11697051494812,11.12272266419152,11.058377157103326,11.113625238602197,11.114352331896065,432568.66776574624
2025-08-01,11.091374870644804,11.15487700270611,11.070193770962437,11.082817807049397,11.08331069533861,271071.582211463
2025-08-04,11.374229685810802,11.377946676557675,11.367057813040548,11.36965036341371,11.367165571627131,446998.8015118148
2025-08-05,12.366084945234771,12.42791442323138,12.284348775790928,12.35559561778748,12.357050659776718,137360.1557071093
2025-08-06,12.21878970812072,12.257128677319155,12.18417714459317,12.229819574407657,12.231652282918056,399129.441730303
2025-08-07,12.43346165929303,12.517065457204234,12.431435152839168,12.4316900192036,12.430949173624995,205409.13079308884
2025-08-08,12.247071551369825,12.259742714365396,12.250551941689034,12.253655549006965,12.253312220331155,446010.59679041087
2025-08-11,11.390711288606946,11.45207269780042,11.235492980359911,11.397298495243035,11.397789847022027,839098.0631914084
2025-08-12,11.669819409846246,11.70234981012256,11.617425566319469,11.66951122400626,11.670554066270771,530702.9914775708
2025-08-13,10.547165110918671,10.664782152718518,10.519608886707,10.562138598663235,10.560315124129726,286518.55235799303
2025-08-14,10.462440066855708,10.480209211467349,10.428608423565612,10.470617886582886,10.473065312140305,324701.3549436013
2025-08-15,10.425488388658088,10.44855982655389,10.366559749667282,10.421205790244098,10.417575640867408,307279.29635565024
2025-08-18,10.246510044768746,10.26481376583619,10.128630326774848,10.230976426430727,10.232446141957846,163512.9434477054
2025-08-19,9.659678390639522,9.69748702038228,9.644206586029156,9.659280008075886,9.657113507146535,1048935.943195813
2025-08-20,9.405748792283417,9.473941137541182,9.32189602062306,9.407929754433257,9.409703579007283,634345.6611259703
2025-08-21,9.121575324418734,9.148367771448369,9.107508762078067,9.11386300640145,9.113171788988724,254500.98107000705
2025-08-22,8.800487029120248,8.826611402605465,8.779729217310592,8.802732633657337,8.80304676849243,282555.47867858084
2025-08-25,8.417745029249959,8.44265968330026,8.377448822241268,8.413387146755209,8.41693481956102,173409.58232146638
2025-08-26,8.446125298857584,8.488610381773771,8.441423981994546,8.445164405278158,8.444055461250596,283905.21743735863
2025-08-27,8.160707774854346,8.22152522907321,8.123257179093825,8.175664633506434,8.177031517109583,231129.5649757423
2025-08-28,7.609271296967742,7.646641188306077,7.601108412630125,7.6075786364657905,7.608026206984228,263111.5459919597
2025-08-29,7.88846879236909,7.932892751529256,7.849508933524797,7.911747714401555,7.909583537932548,219943.58710368903
2025-09-01,8.255582255954192,8.337430749046868,8.206940662215162,8.24853195512823,8.249858074725834,252510.50501362357
2025-09-02,8.23227547518934,8.24536797523334,8.217186226008224,8.231048272153288,8.233149990565696,478167.01596470433
2025-09-03,8.842321954875512,8.890234663135903,8.790722729560839,8.843257330512225,8.842556397047453,322236.3943197684
2025-09-04,8.216889296798692,8.23814689414563,8.189819530519667,8.210344146379716,8.215341385216124,191896.32831604104
2025-09-05,8.530161602156957,8.560845772633956,8.517131905867613,8.533510570995404,8.534509865475172,183124.88363592312
2025-09-08,8.595917475394591,8.650077513591043,8.56665230041224,8.595927241369273,8.591876996166553,576903.6814816562
2025-09-09,8.55379787414095,8.598751760858526,8.537733963877551,8.546417086449912,8.546520199912868,155218.53532642836
2025-09-10,8.401771314035663,8.438992347847261,8.394233352163257,8.397486324921974,8.399084138613466,559595.4965542549
2025-09-11,8.450569789429629,8.479819033329644,8.388088559829226,8.464582982447304,8.466285358333826,101998.27454060288
2025-09-12,8.280649720467919,8.27751195415802,8.247854220710002,8.276824333711255,8.272415495586337,183868.07599844056
2025-09-15,7.951493070558137,7.974070519460114,7.917995107887528,7.9539539062815,7.953720639438041,625277.157815641
2025-09-16,7.606125342531196,7.615625728708671,7.555334032459245,7.610396847743174,7.609360230170631,371034.9634953815
2025-09-17,7.481146025736232,7.489598912989479,7.459579671423102,7.486890820881905,7.482489453823365,219780.92003706863
2025-09-18,7.547019788569275,7.538025685764472,7.502126332154588,7.533192232095865,7.531010442261806,180441.2636545351
2025-09-19,8.239655046283431,8.288203727629956,8.154476481825938,8.230652445505958,8.232168297401557,381701.4127901124
2025-09-22,8.511402379313441,8.562795630134165,8.414129334606706,8.50264628248258,8.504060125440224,174490.43614562604
2025-09-23,8.420416049652239,8.433392095480201,8.383499756865326,8.417902381142122,8.419333176887035,511261.77755060967
2025-09-24,7.740329869763844,7.761486492622317,7.715809919263933,7.739315606533134,7.740672657077981,130993.03046583748
2025-09-25,7.711349539072327,7.750064255379628,7.690893585791712,7.704445291872213,7.707071677333545,146735.5237679692
2025-09-26,8.27255369623796,8.306671854166458,8.245464333956699,8.26346757564922,8.266435383148679,457658.94700742105
2025-09-29,8.33965941568593,8.351469690410473,8.231167402105891,8.339017422505528,8.33687991225251,114231.45428391396
2025-09-30,8.532967565867262,8.5848335949418,8.519755259114591,8.548146176347716,8.550454527427988,135982.3242838548
2025-10-01,8.778071111915077,8.83546809892953,8.772649237453438,8.787392252833309,8.787888829347576,167271.8709179175
2025-10-02,8.179268019439789,8.314405357606361,8.151532500206164,8.18247566594801,8.183567770351974,749789.6570477551
2025-10-03,7.895474958482609,7.912922416527756,7.813606935945522,7.897728092048114,7.897835306079713,300027.71828626486
2025-10-06,7.918284652874155,7.961209567619536,7.91157840669411,7.92220232277566,7.922396663456706,149561.4136306787
2025-10-07,8.453134010778449,8.536161138776315,8.409570414807886,8.458998583898515,8.457251303155049,176884.30064176384
2025-10-08,8.854149116342418,8.860309839112086,8.822462771461499,8.858716708089124,8.859304071518595,277860.3838189101
2025-10-09,8.93365762918763,8.959031622886858,8.912386518589331,8.924660596998043,8.925291176828388,116234.41231188682
2025-10-10,8.685254454646097,8.713028285888507,8.614350321949459,8.675316469978853,8.67706715974287,377812.55941557663
2025-10-13,8.501091573805262,8.512285056194186,8.456756062833534,8.492196182536654,8.492057940722251,346503.5268461147
2025-10-14,8.364127137980237,8.403093761889174,8.34456874853751,8.361820204726037,8.362881321019069,573057.8990034908
2025-10-15,8.206574276875077,8.225862535973329,8.199158256792519,8.213005232074357,8.213519424014159,666111.2845159388
2025-10-16,8.165367714281796,8.201272178365775,8.139489491377988,8.181411634798545,8.183269189354608,228270.8418851748
2025-10-17,7.715513946342841,7.742637487899037,7.71384792618823,7.719694414902277,7.719457199076825,121091.53158429087
2025-10-20,7.820959479232505,7.8287642355909375,7.791520312526122,7.81399030091559,7.816132435139599,181399.19942493472
2025-10-21,7.516272911531924,7.545518500915432,7.452845505115628,7.516344217676233,7.514871266176488,503444.1096648221
2025-10-22,7.280651166296987,7.306612298798448,7.238827043735596,7.2789094054936445,7.279038183596801,177264.552869454
2025-10-23,6.767846132403124,6.814442761006257,6.760609342951256,6.772177894637593,6.772854960904807,93684.58022142724
2025-10-24,7.223934973001384,7.230282479807559,7.17834970707625,7.219990631184554,7.221656667442467,127528.9554490596
2025-10-27,6.722486996288958,6.79930606458543,6.730546669137571,6.730979433748869,6.733300702578597,848810.6674282507
2025-10-28,6.60359776092798,6.6170947028661145,6.500227360793658,6.606591670001039,6.604283182035477,248208.79447556412
2025-10-29,6.713027404575884,6.754331047407608,6.700525096618491,6.718566452125262,6.714303210331663,178118.32740031448
2025-10-30,6.641208079489655,6.643385704324647,6.6171424865549495,6.633401538651246,6.6341367618856,258945.1101820955
2025-10-31,7.275627928120126,7.298838847720967,7.21630718626618,7.282324619502572,7.282030920443853,306125.7219469946
2025-11-03,7.0692918896041474,7.0967980297825,7.06936470760512,7.0694190149095295,7.070118047627408,370247.18983817886
2025-11-04,6.986156902282636,6.993520267395681,6.95896958224911,6.98443879960289,6.983671664505469,266232.4110253688
2025-11-05,6.054851057881459,6.085590533324324,6.034330244890204,6.057621738426744,6.058352665002108,109417.46573385128
2025-11-06,5.94697223525877,5.970720520059709,5.926520374363652,5.948067110312629,5.950474280446862,330211.4542074756
2025-11-07,6.134159160963589,6.156870733937274,6.113423417531132,6.141327609221448,6.141501461385582,176692.17425421704
2025-11-10,6.114534699470895,6.11885399362753,6.069616372461109,6.096643224015148,6.097233871304749,184681.5184914027
2025-11-11,5.803386632785118,5.840934300227523,5.7730461137175215,5.81722608192961,5.815448269391546,374767.506515434
2025-11-12,6.214263730712551,6.239090521630561,6.200226474191054,6.203286909225402,6.202886392292843,337205.5730666039
2025-11-13,6.244927959053154,6.262627517269302,6.225302164534216,6.24759486615869,6.245254519528134,180523.93201783625
2025-11-14,5.941627241181079,5.964089685711695,5.944771653505239,5.950771617188112,5.952197044247447,361591.2157644165
2025-11-17,6.244259256863184,6.262256694082256,6.227072864804932,6.251214449195687,6.2493415679896405,309213.89302905794
2025-11-18,6.457937261463204,6.504562783104493,6.448628273582102,6.45695217874233,6.45749834048164,469511.2495124546
2025-11-19,6.9044175271633454,6.924706920703763,6.870227306625108,6.899003068845802,6.9004701587003865,212431.6740735644
2025-11-20,7.037663695403796,7.064238463855855,7.039935631471421,7.04132165874796,7.04208682232717,700978.4910201567
2025-11-21,6.519423775233397,6.520372389157256,6.497230102476335,6.516073870676816,6.513403017407855,275497.9348385537
2025-11-24,6.972111667822637,7.002714599418006,6.939370715512093,6.974090540435683,6.975314862787323,456468.6088127013
2025-11-25,6.712597617606694,6.744106778942174,6.708369332445624,6.715763734746044,6.715154382446019,291239.8512875653
2025-11-26,7.033233549569814,7.034570757467576,7.009702914141688,7.031495541993012,7.031481937067717,513430.517724873
2025-11-27,7.49886750922484,7.510214503491773,7.42933463705429,7.495385492212027,7.495879772131547,545528.3577770285
2025-11-28,7.514289580968626,7.567027683226481,7.501337197948048,7.515875345544705,7.515251536154389,95551.82867276928
2025-12-01,6.79203625558034,6.804065900119799,6.784572539401238,6.788428945907711,6.7887888859790655,427941.26743299904
2025-12-02,6.7829491163478055,6.823690830959591,6.784505913067634,6.786790923728463,6.786361834993063,584420.0423372146
2025-12-03,6.64237487067448,6.661917543868549,6.593140509682768,6.655084834141194,6.654536483073821,267493.0613212267
2025-12-04,6.40702667598647,6.452224850116171,6.400929942150781,6.414797923642407,6.412993933376034,825582.3489288382
2025-12-05,6.30894324337687,6.363547271008164,6.32229514037857,6.322323282543552,6.320537463582672,475842.5412709669
2025-12-08,6.633082855545531,6.681924050868724,6.602934817706288,6.624663979801723,6.62519095266461,395403.37437952514
2025-12-09,6.747332557198997,6.758727543583562,6.70110632941106,6.748250119910914,6.747082860371608,191771.50337149893
2025-12-10,6.657278433505703,6.737090724722411,6.660548165114479,6.670672163210865,6.670700382704866,224115.64000933908
2025-12-11,6.6300704664505865,6.665204713828753,6.612047216632346,6.633622291906198,6.633883577471187,379842.9580072065
2025-12-12,6.872918409818964,6.881134289088892,6.821067048089676,6.8719001584407895,6.871992878829047,221031.44612657028
2025-12-15,7.064653603019233,7.094635116155358,7.017946430231209,7.062950062922565,7.063781139979805,513936.5875594127
2025-12-16,6.65123632728379,6.665766650523971,6.638687679381566,6.653484341026823,6.652983008801855,530930.8294585596
2025-12-17,6.826967747289124,6.854615093829158,6.816011048072921,6.822221629141075,6.822774992742372,1308127.1684209611
2025-12-18,6.573868430689435,6.5850326956256895,6.558201786907047,6.574942638953392,6.573762370874066,185292.43244709083
2025-12-19,6.359132676698128,6.345650927115318,6.337147986173699,6.345316921753335,6.345088546698737,595102.5856822432
2025-12-22,6.283470152462913,6.334555901573627,6.267847170015659,6.285425239416691,6.285400414550869,1276164.8050357632
2025-12-23,6.567344789411953,6.627312532517084,6.536102959174272,6.581396376821317,6.580585776541054,111440.64131101729
2025-12-24,6.722500966129352,6.759095691481464,6.681897056865932,6.720875325717955,6.721843394724225,249137.99704041568
2025-12-25,6.022073208166651,6.061375575921569,5.991594669071707,6.009963887486987,6.011216664007755,188658.5765484865
2025-12-26,6.274456221676652,6.287756787974054,6.26160611228965,6.275619309823757,6.276379138654782,311185.2326991471
2025-12-29,5.939998206628604,5.940680746346571,5.908469152111496,5.939695387621801,5.942222780948693,241421.61721141677
2025-12-30,5.747920663591754,5.748286216330272,5.731281214293767,5.7475869537614885,5.748965994449351,323863.8879070983
2025-12-31,5.748528664998947,5.799511074518195,5.732533118441031,5.7509758363125805,5.749885691397617,262719.5487395612
2026-01-01,5.898864732792077,5.979330610789948,5.882147961750844,5.893681546947199,5.894308476538217,178597.2800475875
2026-01-02,5.9990370277581775,6.005732588650672,5.999274798631101,6.0030409858127385,6.003929510896407,606311.5241984713
2026-01-05,5.985702111601236,5.988869322297163,5.94596753514041,5.98624309131464,5.985735834609033,761713.4972201952
2026-01-06,6.030194398586631,6.053208836250719,6.01461961730411,6.033680782370719,6.033783847790845,684383.0782112465
2026-01-07,5.875225370537585,5.918958470596295,5.86469599320106,5.876088505876602,5.876020959289149,116076.98836853897
2026-01-08,6.326402774170111,6.3921635202875855,6.288191848506932,6.33263499952681,6.332041472129978,713785.4474989397
2026-01-09,5.932058382345806,5.960066281524088,5.902078138818572,5.932000452166626,5.933033287373196,472791.2859633172
2026-01-12,5.687660612647439,5.698306056879751,5.661067847389085,5.679296097059057,5.679607510753868,583602.033275837
2026-01-13,5.680832261790212,5.717564845579587,5.648631579252866,5.682474843414904,5.682654042237471,318369.94225977844
2026-01-14,5.825491120002653,5.842918501306828,5.772151369970081,5.826893808520052,5.827383977805972,131663.6882590742
2026-01-15,5.927754789769566,5.948016623405939,5.881932410089586,5.925226091991146,5.924752653908238,442203.8733913083
2026-01-16,6.556033605682838,6.571387234150041,6.527954038762019,6.564713107223458,6.56512462356452,504130.9353323505
2026-01-19,6.57801418157721,6.591356827190683,6.5763128737706245,6.582566447414945,6.580025635800383,484854.19722336135
2026-01-20,6.36902450332535,6.402554157198571,6.377304575575327,6.380591652290003,6.380170758495755,199274.3024835248
2026-01-21,6.177407243809499,6.187356234575194,6.147114758546594,6.174746945011183,6.175830914194408,284651.3065658243
2026-01-22,6.396309725154001,6.409063573111747,6.371672794845983,6.395365843439263,6.39507391381217,757328.4943006596
2026-01-23,6.6239624109856985,6.6704391261638,6.590597432787025,6.622087594610618,6.621562529586288,414325.8667989306
2026-01-26,6.804359224783283,6.816542529260425,6.792597525277808,6.804607285524382,6.806230591815336,445370.03954483377
2026-01-27,7.050199883372323,7.1077424620532215,7.049360880031207,7.053145763239842,7.048422413969726,222318.70223933933
2026-01-28,6.937698452225317,6.964210229428754,6.935946186874325,6.9402252095564,6.943291727425775,148202.97910076746
2026-01-29,6.463563982717774,6.494748285444793,6.46596510524403,6.467514458590987,6.466330679230613,258733.9829280432
2026-01-30,6.658668161278259,6.67945087016442,6.61046193485857,6.661912083576031,6.663411604270054,259380.7840788463
2026-02-02,7.148151557365265,7.171349031336439,7.10043051313504,7.155117906350689,7.154264747925061,363142.0801943147
2026-02-03,7.336075878977652,7.351024365123263,7.32144056296495,7.339516290068715,7.337559564514751,77373.91097602365
2026-02-04,7.695983525317199,7.722610719132424,7.678500149802405,7.695942792500762,7.697741254096685,143411.5601381231
2026-02-05,7.152847648776652,7.172078042503615,7.148870911999499,7.1548486612827,7.152976506935488,747177.9423787422
2026-02-06,7.371126643555611,7.38453323133346,7.353349525727972,7.3741884039535,7.375382631859513,177867.5259724633
2026-02-09,7.1170980344193975,7.169542508184995,7.089879040385061,7.113257325719029,7.113169489297698,363888.8972410866
2026-02-11,7.5415782956855395,7.546484594462488,7.525691968510024,7.544485754823063,7.545904947740284,116044.99155769672
2026-02-12,8.06661960755781,8.123574999658565,8.037025907081727,8.072556971843452,8.074126012199477,585235.4537501573
2026-02-13,8.317372134372194,8.342162540936592,8.316453049526212,8.317952233039325,8.321691847452675,406431.3028378442
2026-02-16,7.539615676993346,7.600319837005879,7.51254801880149,7.545513239195789,7.543381236473701,84429.51280486271
2026-02-17,7.061969622677265,7.122992922412139,7.030232020113772,7.062834303240808,7.064706108768456,318647.1232523096
2026-02-18,7.0815797166283785,7.091761581441912,6.991905725288356,7.06905034824106,7.072152805598599,308895.8636349437
2026-02-19,7.139782094587148,7.210977802744649,7.1292013468452575,7.143077637543173,7.14217036363371,494067.7998177188
2026-02-20,7.489219827520199,7.508662782174089,7.482454141610592,7.490822650507827,7.489678923033052,427218.6749084985
2026-02-23,7.386731561887464,7.40739457629164,7.383145284924525,7.383437473290753,7.382246764584088,334390.71043978794
2026-02-24,7.705793555110799,7.738151961325128,7.702460401282177,7.706714607067544,7.704179892784584,133694.92643014688
2026-02-25,7.564331757654749,7.579144323617046,7.484346738855897,7.558530372123061,7.5555838208607105,675178.8553874121
2026-02-26,7.623536218567956,7.611179768119135,7.5643823490679,7.609648306267887,7.611681558117205,321832.7691149825
2026-02-27,7.30638383338252,7.326406780970479,7.278777089046493,7.310212103346346,7.309283818084661,721457.781053595
2026-03-02,7.6135139276472,7.632149265932363,7.577172449942559,7.612270563961589,7.609193212645838,433438.8277169256
2026-03-03,7.758306274981604,7.804983562166984,7.7054428016293475,7.754588413362735,7.753571832627294,216170.0142411421
2026-03-04,8.120143065164056,8.11939989085149,8.056328160408402,8.108295082018572,8.10879043989722,135099.55722093987
2026-03-05,8.64317930141246,8.720747297365243,8.589704244014907,8.65183443340955,8.650832595319212,343249.2759861196
2026-03-06,8.72576814184183,8.811296408846703,8.722908613943487,8.729506324193995,8.731594105596532,74644.90988025263
2026-03-09,8.503328206565088,8.528918648030993,8.468992381807611,8.50097554768787,8.502588015213094,125941.35411705331
2026-03-10,8.4733215954171,8.479112614419225,8.4487754215986,8.466437783359284,8.465602003574617,103807.12870755236
2026-03-11,8.27662207911396,8.272548002116675,8.181632616008306,8.269114890114022,8.26890368413359,140939.82234430354
2026-03-12,8.09648690384061,8.100314738205332,8.033927217561917,8.097613748992352,8.099167264455565,202852.91259159296
2026-03-13,7.892958619091122,7.925483050200935,7.872373986419386,7.890031039220888,7.88944738982207,302396.9808836858
2026-03-16,7.807770839673063,7.81711400170965,7.793938091606469,7.804770434999125,7.806526673651534,274470.3447015209
2026-03-17,8.185944547722187,8.191316245907274,8.161141793527886,8.183520592240976,8.185893357400758,194242.4216335953
2026-03-18,8.116487140238318,8.156871412861223,8.112946968536303,8.11355742843251,8.111272861680572,96662.027162189
2026-03-19,8.920011386042566,8.93756439139676,8.916927853362075,8.925000865769832,8.922295039013248,168848.0561535507
2026-03-20,8.726840252799883,8.744866184339045,8.700556747624915,8.728301094185465,8.731222763572873,275070.25784419914
2026-03-23,8.416265518295537,8.441842490888913,8.394623649285897,8.431523755429676,8.431745522853781,423780.73160467617
2026-03-24,7.9502627483397825,8.031909725906573,7.936966639337145,7.948637474374075,7.948394593159256,153340.73878178428
2026-03-25,8.207742264525276,8.266523156802062,8.174698811824841,8.210592720576354,8.209114670623785,178047.31095207532
2026-03-26,7.927197494147235,8.012007112308343,7.908124271999065,7.930003460666864,7.928955379968306,211404.26383736823
2026-03-27,8.285137452062726,8.321056691438026,8.274401800068668,8.290993892367416,8.293468752952252,257182.29799133723
2026-03-30,9.185333508368457,9.222638204258075,9.147897859734854,9.174464240538288,9.172653771606866,305100.9267015253
2026-03-31,10.095627114032146,10.20943944967491,10.107302668483682,10.124856019436756,10.121732569540985,460096.2488245919
2026-04-01,9.843345019829782,9.837706809539196,9.780389774785956,9.836698894116513,9.840044187632303,244352.41074356931
2026-04-02,9.806256019910194,9.82610977811592,9.785986951057886,9.79861551375105,9.79965280026762,255903.7147060432
2026-04-03,10.301908507367212,10.332956265481972,10.306710810903606,10.30998675809487,10.31575326135653,88416.89180672541
2026-04-06,10.874938566400292,10.903882206568069,10.785702749451607,10.870155746937495,10.870045566248557,147208.01193874574
2026-04-07,11.294193366744192,11.363173304463372,11.281155974662422,11.301875197665854,11.29561712855982,460135.8000252198
2026-04-08,11.552444260266586,11.616157674519227,11.490523375754885,11.558370806258456,11.556485039027663,613639.8329137899
2026-04-09,11.435444445217176,11.492223743060515,11.433661206974222,11.43445414224404,11.431948846308677,148818.46137081878
2026-04-10,11.405133232450329,11.459414889398444,11.379380060275308,11.409290327951004,11.407985336727016,146640.61464213306
2026-04-13,11.290198501968778,11.307882314491865,11.276956428714987,11.290811000362018,11.287220383189998,325094.8332526456
2026-04-14,10.947586292238036,10.998008848239792,10.84157877727452,10.94858286735312,10.945265193705469,357794.10053484194
2026-04-15,10.15724472524631,10.148346829390528,10.118953805957595,10.14686670398248,10.145903781666515,314606.5212982773
2026-04-16,10.29773469337915,10.31393378022647,10.276224874207808,10.295885478815286,10.2963060543819,475620.3263346426
2026-04-17,9.946848323403849,10.030456935761936,9.962889196968693,9.969214426668149,9.96835461472223,677930.642373871
2026-04-20,10.38694880708736,10.390256462930846,10.322806454081904,10.383459406778837,10.382500812097112,369381.9131303914
2026-04-21,9.671274520248325,9.709555716595082,9.627924404266787,9.672623590491774,9.674091207205946,353164.59137083567
2026-04-22,9.313625635992327,9.321792802024508,9.282369885972086,9.309542480535592,9.31114008337666,168432.91390460415
2026-04-23,8.853383007298476,8.875957138206731,8.846260502303103,8.847223744871563,8.847358297965018,144772.2184806234
2026-04-24,8.357853072524344,8.413410344343985,8.346578805270584,8.356632415959693,8.361211457219037,127572.6380764622
2026-04-27,8.409465284401865,8.40710819853397,8.371678692181874,8.396332020720243,8.396203675941003,142305.78391880475
2026-04-28,7.79910095284462,7.834484524542351,7.770868031214958,7.797848461059448,7.798255278171862,200419.5515051392
2026-04-29,7.974196572124693,7.985689180842943,7.96028939345312,7.977966116229928,7.975603562378136,231215.15230340825
2026-04-30,8.343298028349396,8.383528961966277,8.348661520354677,8.350538284088652,8.347711971684884,311897.086010952
2026-05-01,8.96173009727415,8.96037542153649,8.959413433286691,8.959542853960894,8.957137449336338,359899.24419146124
2026-05-04,9.1408848493756,9.151781984879976,9.1325085122486,9.139072730573355,9.1362179519868,123893.44928463676
2026-05-05,9.446937652237198,9.479121078640482,9.40504086905131,9.433543943731287,9.43573017394138,63830.96748171284
2026-05-06,10.138916850403868,10.207068818936063,10.068500690930827,10.126184299383247,10.122553702382111,75981.56933359857
2026-05-07,10.453165523857358,10.48897712769122,10.438791311686916,10.443207709189169,10.452167973604189,300203.33390280843
2026-05-08,10.213655228392073,10.234368386675406,10.204618332151528,10.223314816517776,10.220458403255217,217985.9032606599
2026-05-11,10.872928834023604,10.89748129526856,10.828499440295989,10.873125955961978,10.874946113576351,192772.49164149223
2026-05-12,10.85263525091003,10.857670535997748,10.832624145970987,10.851878308265082,10.850898609080064,225820.4690842108
2026-05-13,12.061127578452982,12.098338407993866,11.940386721491867,12.065164611138515,12.063513401478131,167090.603310986
2026-05-14,13.130839035863872,13.244808200227082,13.0650005833975,13.120494912931983,13.120789156247264,341635.859305333
2026-05-15,12.580805868388587,12.56015086770508,12.546516006528522,12.549545298037872,12.548673328112816,170302.32479805843
2026-05-18,12.976133405707492,13.074304474128624,12.943531966126937,12.98976264293572,12.9967584373297,115512.2081611486
2026-05-19,11.797246079327302,11.877584823133471,11.762500481966368,11.79209266409751,11.79435913330242,300959.2138172917
2026-05-20,11.472271086841278,11.56375259634616,11.469773992621665,11.499937745888811,11.495925919303176,384047.1718233158
2026-05-21,10.816556658100591,10.869113291340485,10.775740555207866,10.814062320498364,10.809720096047018,79539.37274185606
2026-05-22,11.19754979330853,11.228097004745498,11.08881020809425,11.185760597990516,11.187269559958883,333929.7241170118
2026-05-25,10.903198786190396,10.921526859655089,10.907726957028611,10.908295207428706,10.905246857738415,274387.0309918076
2026-05-26,10.378335119102038,10.42033662687084,10.304866534513538,10.381064218398262,10.382530968756091,773003.2257181064
2026-05-27,10.899352246415658,10.948263780391148,10.902098306867812,10.915176873234534,10.91185237096201,104923.43981899665
2026-05-28,10.625287382683918,10.667574927291051,10.590787210080116,10.609243759810958,10.60891070963617,324050.8191441752
2026-05-29,10.477619485152516,10.495190734525988,10.456881915251603,10.485594882624186,10.483071840819344,570220.3628232639
