date,open,high,low,close,adjusted_close,volume
2020-01-02,62.55163454529816,62.60147962171007,62.36926731703437,62.5499944078692,62.53622884085572,277602.540647501
2020-01-03,63.46398604537643,64.01608374537446,63.06271164035894,63.50208152666502,63.5004112011466,1083543.790315191
2020-01-06,62.346911633421925,62.89144143442948,62.46330734649995,62.47347302610322,62.468197824987016,257679.20000425857
2020-01-07,61.05898511816659,61.07927818089223,60.27028648664221,60.995826830524585,60.99159700289543,65428.68120944411
2020-01-08,64.77566264088809,65.33159167628544,64.72285090903257,64.82457059883399,64.83370150062038,219394.5947349769
2020-01-09,65.33107892456626,65.73011503497825,65.17611469500086,65.33951670253927,65.33515022355357,789923.4374834674
2020-01-10,66.91913751744654,67.31193906806958,66.00586704020175,66.8660982693027,66.87010484948817,212055.11461044167
2020-01-13,68.02356144950735,68.43513800214087,67.90707399420816,67.9922125316838,68.01209633272973,289858.90303235984
2020-01-14,70.34257046294564,70.60923900350004,70.10513916019613,70.33633098409999,70.34826922162637,268917.16103425546
2020-01-15,69.05630350499948,69.29287032174288,68.85016012741352,69.0872268329782,69.09140594570873,155648.69954587572
2020-01-16,66.13940510431684,66.57199265669811,65.98244754530852,66.14898960267176,66.1554878222818,158461.74125515443
2020-01-17,66.004805902644,66.0053143295125,65.4721298760147,65.90548121156046,65.89391920529131,116644.7159915576
2020-01-20,69.28711180690851,69.44741659822465,69.10232309795687,69.26761472635826,69.26264987807615,540344.1856806723
2020-01-21,69.4119145370968,69.7363122925507,69.18555378206561,69.37687376533408,69.41155854817261,210463.7113015632
2020-01-22,67.24280074900608,67.36965681044079,66.67197896508672,67.27626633200842,67.25848422770841,807251.1251611565
2020-01-23,65.27354534157942,65.37028826018773,64.72577122073277,65.25019821297722,65.23581693941671,288102.33350327803
2020-01-24,62.58578349528027,62.93523745789183,62.186163534794325,62.641962699360285,62.64753490504901,597287.2345770051
2020-01-27,62.9504484791156,63.493369567760936,62.46406765372832,62.94172487211946,62.953143248372,640779.7251021605
2020-01-28,61.72011544273191,61.88115721474929,61.54291172779188,61.69253870089284,61.68336286347055,249492.61556075985
2020-01-29,63.417101226780574,63.79093247394426,62.92947279689445,63.24044405930198,63.24414119227973,140362.1897676692
2020-01-30,66.67344271477153,67.05232765674404,66.53463569337761,66.7288789645645,66.74449941327794,1147603.5184149863
2020-01-31,66.03971552216551,66.50866994436022,65.62788283977639,66.09555497403888,66.08046448715932,188622.9316804641
2020-02-03,66.61513810282028,67.20164862655189,66.4362292246072,66.6919823458754,66.68174169264938,416431.0698823187
2020-02-04,68.29889552227064,68.68776586258453,68.1101090075004,68.22901741018653,68.216775329541,449624.7538846398
2020-02-05,66.83172402175943,67.09251021159213,66.74718877233423,66.82915519024628,66.83808333930624,170129.50217136194
2020-02-06,67.26674692674045,67.55130809694671,66.65413181166481,67.33089460458467,67.31518561381388,151862.07791272557
2020-02-07,72.09307191778142,72.13617301880483,72.00059777348814,72.10863552682905,72.11185793743749,442875.4655156246
2020-02-10,71.38509517242328,71.51687687225707,71.41310770665625,71.45364054691859,71.45685960554641,177070.08517346103
2020-02-11,70.48053612735545,71.00762234126678,69.6195844525996,70.44130119843359,70.4556808753702,341405.3893337689
2020-02-12,70.97849032541413,71.11375459040781,70.56289043824718,71.06045175182007,71.06956983815274,302729.325764138
2020-02-13,73.40909731191526,73.88451675589855,73.31788490166775,73.51734034922946,73.51275491008161,196441.1115197981
2020-02-14,73.98160719834637,74.5557610275094,73.6265571699387,73.97804620042562,73.98279284653898,168494.6174125662
2020-02-17,76.33360830991961,76.97915170419166,75.94941911708239,76.39323559922077,76.39511319183869,125374.76042080042
2020-02-18,76.16372822329576,76.47264780276318,75.96679304298789,76.07344298548729,76.05512492009224,150918.37506894785
2020-02-19,77.3715034611908,77.6933865566292,77.28746268062999,77.45458057610267,77.4899744692904,80550.12551366755
2020-02-20,73.30045006044351,73.72332052555096,72.795109892379,73.39471968426643,73.39264739492093,163434.7055291925
2020-02-21,72.1021615517948,72.53594158751243,71.2783388413367,72.01885534153256,72.01610626873978,943804.2203057322
2020-02-24,69.56120501539812,69.52029610674813,69.44150820163357,69.50247747739597,69.52568181402137,464385.57909525273
2020-02-25,72.75823195513719,72.99874042679292,72.20736850300078,72.72267552950164,72.74574015071907,1099343.6404956165
2020-02-26,69.89666300978375,69.86376194704508,69.70857103748612,69.83209379589498,69.86407396978493,532591.3324907414
2020-02-27,71.10538733038806,71.65369668388418,71.00002855839365,71.08885067317645,71.07727299379438,296626.1595760505
2020-02-28,68.28315876945877,68.5962043527063,68.19170755356174,68.31136814809426,68.31700052586147,239077.35579190357
2020-03-02,69.89016007775703,69.82620219297843,69.30455788855912,69.7581754044543,69.77680870867552,567743.1467906284
2020-03-03,66.17456051321227,66.51841554597033,66.06896544745676,66.22506646429066,66.21595186842137,284151.40099817363
2020-03-04,67.31669780240937,67.90909849834367,66.92862935310183,67.52604305836887,67.51024972589903,233821.04449676975
2020-03-05,67.81081381210812,67.92987114681893,67.41843622001738,67.77386223134621,67.78666957380865,169526.8090560001
2020-03-06,70.65373478191475,70.8830332890343,70.32924853395741,70.78019023046781,70.78319406476069,415406.8715109906
2020-03-09,69.00979876866519,69.14064256624468,68.96282781953475,69.12850083584803,69.1141902325227,187327.6932684969
2020-03-10,67.84607039055567,67.93110556262533,67.35522690249317,67.80926385508593,67.81770776071718,298506.4968887021
2020-03-11,66.16933653720862,66.19345457769586,65.58325281060534,65.99281369427857,66.02213116800382,258137.3619576692
2020-03-12,66.44496842624699,66.61449947756297,66.43945581759843,66.44218544061968,66.46800385866041,161585.8787078727
2020-03-13,66.8175449420664,67.1815290019151,66.71180344053414,66.86030321029752,66.87884767230638,245744.6049325504
2020-03-16,68.43252543270168,68.66899035481592,68.4862288234103,68.50663205789597,68.5192997050529,332461.6619906043
2020-03-17,69.9518732061938,69.96444685266985,69.78860179243505,69.87516337808587,69.87663068657814,308579.21207187464
2020-03-18,68.71556818293675,69.04362333185337,68.52083515566606,68.70889368280329,68.70907706091788,790336.1004024103
2020-03-19,68.78706839461724,68.86340486387742,68.78938951536237,68.82861740446965,68.83650821738456,554854.6586905391
2020-03-20,68.6113605700029,68.86507713902012,68.02487037734674,68.65320262015334,68.64069165143182,773008.3482720148
2020-03-23,68.27767789804543,68.39280691264845,67.99816164004174,68.19206276338357,68.20492914993403,217557.7221820673
2020-03-24,66.97966896079672,67.42970771104925,66.42426563102605,66.8978994007972,66.90053573036116,244259.12285375895
2020-03-25,68.25695764343466,68.48848088755491,68.10070637985166,68.17342205489886,68.16906913652097,701415.8390587373
2020-03-26,69.90233512610386,70.0019929171482,69.27771988418205,69.90152978901236,69.87410524937664,126817.26492255766
2020-03-27,70.19297506399504,70.12358974048051,69.771751218349,70.10447556134794,70.08424127178867,218860.1822678066
2020-03-30,68.65664374350284,68.87632677269664,68.46721872246619,68.63725740182542,68.61874980402641,168995.7299248895
2020-03-31,70.64865406690379,70.62173823171635,70.56007789964289,70.60597515432673,70.62878444198219,221599.72064552607
2020-04-01,69.11052648384883,69.37547685566602,68.67796983694254,69.14105714931127,69.13614201294844,517442.9071944614
2020-04-02,67.11768066735009,67.83058177943924,66.7935784791759,67.08079887560352,67.09445623196503,392618.9334239111
2020-04-03,65.26764479543213,65.52405907766153,64.91320390457535,65.25661951673494,65.23144312033385,161400.55103709278
2020-04-06,64.93475166455377,65.22361040749699,64.73366559517615,65.01395941966047,64.99031513735642,517880.4236276482
2020-04-07,64.57145138623837,64.86956754362885,64.43336898044373,64.51622342988426,64.49768705553188,173632.4849007623
2020-04-08,68.80057413598597,69.44784429714976,68.80851582605194,68.9561164089916,68.96043200212407,579210.6620869625
2020-04-09,67.59961834969533,67.8104335638564,66.88743015569652,67.53860793957979,67.54324546328003,405980.5802114634
2020-04-10,67.56467945076005,67.68093388385016,67.36483508154967,67.49227351443865,67.49566154221318,329203.33924846456
2020-04-13,67.05998674199473,67.23163875617058,66.88452620810656,67.0241100824518,67.0171927420694,229206.04459980756
2020-04-14,66.1558748613184,66.63965198773249,65.92804115699774,66.22652802934084,66.21909644882759,250892.0453547405
2020-04-15,65.46724752577684,65.86298486368935,64.77392433171427,65.40256222981851,65.40758433306505,500407.0923917793
2020-04-16,62.17937046082364,62.44767103746711,61.89664118085656,62.27329413388483,62.296495154744086,1225494.9197961169
2020-04-17,63.444207277961446,63.654561090175335,63.20212663079686,63.42915077784912,63.44682913140484,807723.1752068663
2020-04-20,64.01824911328364,64.07569652263174,63.78392742336141,63.90245437423999,63.889300663238245,164532.59171557217
2020-04-21,64.66259632720686,64.94445624018292,64.2226197774762,64.60942675843302,64.60049974249571,190359.2748053765
2020-04-22,64.2949553992712,64.57101265564727,63.94590626918174,64.25849498011159,64.22691367402989,365987.0896904697
2020-04-23,64.03266841179997,64.17982553687685,63.55978973876615,64.07165929059623,64.06726963729686,950731.008609599
2020-04-24,61.24194318118004,61.21767735218929,60.87451110355692,61.187618526037305,61.200920122003104,236875.5547623149
2020-04-27,59.51490872354667,59.64517389183202,59.08384173554686,59.55775544360728,59.55598443532732,136715.75995974604
2020-04-28,59.58020420030174,59.683458575484295,59.40758654131065,59.63816504231698,59.62211071756168,360016.16823883733
2020-04-29,60.31261207483679,60.52312770753901,60.1044229721308,60.327065330262094,60.30513337200072,346130.2662234077
2020-04-30,58.83986654604474,59.03404414814873,58.868839783369474,58.87565524439911,58.87185791386903,229808.1887412617
2020-05-01,59.240305576702966,59.41379341899884,58.95749188842175,59.23853816413569,59.22492854108828,358942.5815979564
2020-05-04,57.33397370719443,57.81976467062882,57.326526926391566,57.33263452837948,57.32707004319467,496645.9476380413
2020-05-05,56.36244184422295,56.50478506044456,56.1225740004346,56.3288981871777,56.34011906979207,419253.4753124128
2020-05-06,54.40689086687343,54.33899018426805,54.13167865481514,54.31918292120043,54.32394489165085,326451.0459611379
2020-05-07,56.49148229238367,56.84571869901575,56.43568982499492,56.48140883601846,56.489629946914974,830813.7173546564
2020-05-08,56.58204361709105,56.5402483481337,56.42960076733171,56.48650500976902,56.460322478525775,372294.0458514437
2020-05-11,56.77096688119033,56.90671535475165,56.31676624363123,56.78034415901016,56.76096792205967,203024.18910954348
2020-05-12,57.47632912261417,57.65113774263703,57.13532776965082,57.42736898010589,57.41678470614009,50803.60420669088
2020-05-13,55.08256771758232,55.56385881202176,54.63123918912213,55.073109187866855,55.07589707494364,472848.0578746834
2020-05-14,55.87107463280804,56.14734663801354,55.78636409371772,55.89879382282759,55.88298334975052,268566.03234987205
2020-05-15,57.93267294946641,58.43963153877545,57.79047027981199,57.92866511869308,57.93563766707316,501313.6517869397
2020-05-18,59.77101974982036,59.95406903675885,59.66632677390948,59.81171720604505,59.80566637280453,308885.6476765029
2020-05-19,63.69572484121619,63.9401714193863,63.34314745035196,63.69182231703315,63.66693327099713,351069.8140779268
2020-05-20,63.0789553607875,63.20192341829482,62.90727025447208,63.1434198074586,63.133955306644886,137198.27666027288
2020-05-21,62.84289505735048,63.05093239402285,62.759423070797936,63.02076161286353,63.021235547744006,248204.3406317745
2020-05-22,62.52256766115004,62.67701954928734,62.4690012587486,62.53068670878989,62.53715348200717,102714.46510434896
2020-05-25,60.22726517771104,60.24402330110367,60.0623449391934,60.23264452831307,60.23892935660432,372872.8228202008
2020-05-26,58.85407300652823,58.88114482514157,58.482582486786406,58.813977110119225,58.81878396025148,181127.69851636508
2020-05-27,60.2731400713696,60.201878195869206,59.80521989192999,60.1764439883453,60.17231853109602,573327.3251786794
2020-05-28,61.87419588248219,61.98101405281193,61.476304915589736,61.81640272364974,61.800956221004846,994623.9000474284
2020-05-29,62.86645472565647,63.818958630498585,62.77117644975357,62.892006700703455,62.89968925680536,215934.2183554164
2020-06-01,62.988929284071126,63.06307299693304,62.405914403758594,62.83317673353012,62.853270607770135,164158.1328239729
2020-06-02,60.42610790729046,60.87519286414909,60.4077461740644,60.50246631618707,60.50251179058623,402930.5026756296
2020-06-03,59.63266228924416,59.89897931727526,59.60387740893148,59.672031952139605,59.66039847349364,264094.8445088491
2020-06-04,57.777543561107095,58.347794399299154,57.42054707633965,57.79551452219405,57.801557538563785,749068.7762938347
2020-06-05,58.35895777415304,58.32945670167817,58.22735975557866,58.25118051454223,58.2481028282755,219307.00297425824
2020-06-08,58.210519960909856,58.49982685591053,57.90583995985256,58.20151513532551,58.21556222063244,323324.6630315771
2020-06-09,59.09071234114914,59.12259657913207,58.6665001448506,59.07602197149312,59.088521331806646,249223.42923316284
2020-06-10,60.881787254170966,61.28191884271069,60.637223604529446,60.98770605360479,61.015534228964974,364294.3958485589
2020-06-11,64.00043494096964,64.2992322731671,63.8733424464541,64.01992160228816,63.97415499445429,479707.9325830616
2020-06-12,64.78886833943271,65.21357207367676,64.73258441339485,64.7795772727216,64.7852047507343,447175.97528645385
2020-06-15,64.5470364155146,64.78391942354817,63.97114035754237,64.56612401158286,64.53784280315068,341208.7397382713
2020-06-16,64.10926017875293,64.02074824823676,63.89850574075761,63.979412955767664,63.98103978235087,153763.08132823254
2020-06-17,64.45736442395484,64.61315317918911,64.22358191727783,64.37967052194537,64.39916143871322,157299.2444891972
2020-06-18,64.9720930379685,65.17617311546091,64.81817510074939,64.91352079932965,64.9165223227613,189374.72332861915
2020-06-19,65.2066135637593,65.02397587008589,64.33830269622948,65.00587797508419,65.01611065033883,275690.5912153624
2020-06-22,65.22455125098897,65.66172646003925,65.11202590383789,65.33917762453389,65.36114642742126,186991.66340052616
2020-06-23,65.73531159845146,66.01720121477003,64.93368672841872,65.62611893699678,65.62773345529726,203660.12250116095
2020-06-24,63.927678435079926,64.15284475081673,63.900121173179365,63.93553626546131,63.9445638019406,268664.8579174911
2020-06-25,61.76045712736546,61.86289850872721,61.55306056180267,61.79284934072829,61.782421405701214,256090.7139849884
2020-06-26,64.67295540442527,64.89405560548099,64.3713554776157,64.72600099923021,64.71566183705956,371969.8236876983
2020-06-29,65.36722175869147,65.83496088424123,64.95617366458686,65.43622942472658,65.40186659314597,454767.23966427264
2020-06-30,62.36903244910104,62.37535796659582,61.88204737937679,62.330535458353886,62.32871771615266,65207.82571689428
2020-07-01,61.49077633075613,61.54377687570384,61.12953920661111,61.49733868811443,61.49162476759514,370109.8121917574
2020-07-02,61.500277705518535,61.71209453850107,61.20363553729189,61.58607500696075,61.58071784063037,0.0
2020-07-03,61.59532498842366,61.97441157550792,61.44563943970892,61.62400823298209,61.63508089141383,512828.2579721047
2020-07-06,62.184025868097066,62.25381963669699,61.53104626378721,62.14310734309335,62.13718476612508,648994.2391295744
2020-07-07,63.78289596760021,64.03616134853054,63.4148990488342,63.91868949271637,63.93925324554175,397010.6227701925
2020-07-08,64.44857387443273,64.57168321277497,64.15206218448822,64.39363527429579,64.36650850487972,52190.501603117205
2020-07-09,64.63977847653877,64.6269518593341,64.55139486100457,64.58295131226298,64.56589263484332,553984.4642120933
2020-07-10,63.41554711083513,63.62262124387358,62.94639348716578,63.34558001167194,63.37071417479208,172270.62420435346
2020-07-13,64.1701256312357,64.37051326924443,63.98090536358759,64.23642134051308,64.24324663504231,239192.5382693053
2020-07-14,63.312715887523936,63.41607083158941,62.742017534267454,63.36361511832194,63.37516470812464,278046.2248098848
2020-07-15,64.43636473007759,64.83805519616391,64.24119802057133,64.39456873858087,64.39456873858087,239702.32686559611
2020-07-16,63.64718024304933,63.72536670329634,63.199205099846,63.64930865207542,63.64072008160712,387760.6678850988
2020-07-17,63.002952590174885,63.34644118720331,62.55986546626022,62.91842929845064,62.93314148440145,125101.09654661483
2020-07-20,64.15647019613391,64.43008506724306,63.85661234907401,64.1611250530779,64.18385761601553,88908.26408114414
2020-07-21,66.89540654508258,67.01808789291574,66.80129214732935,66.92908006606379,66.92806895750692,151543.50533162605
2020-07-22,67.46737376338909,67.57943262824992,67.11854533154853,67.3541646019848,67.34436062617785,90465.93876499608
2020-07-23,66.67988609777939,66.91759625639378,66.4197782376509,66.73242992583644,66.71959740594137,136018.97275254785
2020-07-24,67.63264019004285,67.54867020964127,67.49585938888899,67.5008736540067,67.46489474282369,249299.509310186
2020-07-27,66.3253066072464,66.43315543860025,66.14039773695238,66.27034340120116,66.28790928115144,474449.1062609776
2020-07-28,65.26373709049474,65.45107746274564,64.99285444078005,65.14652478218206,65.14197825869813,346760.9885213308
2020-07-29,66.72217043489985,67.39382908219218,66.37708612586633,66.67819965016368,66.69883163642783,559842.6924654957
2020-07-30,69.65488394414412,69.66703374143002,69.34444015193621,69.58053252274345,69.56010169798631,296498.1275533664
2020-07-31,66.38303204547252,66.45605820362383,66.27813483017708,66.30997820708274,66.31083997928532,99001.67627559496
2020-08-03,67.56170045906006,68.02070815128319,67.09019621348732,67.54719519361315,67.53571770473152,244646.31941272237
2020-08-04,68.48826024986144,68.71047550059819,68.45200938571135,68.47476514267038,68.48649077603777,453379.2134564401
2020-08-05,66.68781221717616,66.9339823662196,66.3668526172461,66.72942970855613,66.7036783903846,232400.080696172
2020-08-06,67.62597436615108,67.8219911723257,67.58631114514664,67.6050145787348,67.61488077069706,203602.231938894
2020-08-07,67.11821456696505,67.4632406658158,66.33958055225824,67.11092521825854,67.12109375781534,102360.86827929372
2020-08-10,68.00121516543577,68.18872029123486,67.5167126857497,68.02654209422651,68.03164088539621,342303.13129056146
2020-08-11,69.76849001031098,70.10791569448043,68.98539472100678,69.85953200559602,69.8665279075742,246888.24762379265
2020-08-12,71.14515032965991,71.28739464558193,71.05110247435391,71.15111616378545,71.148333576371,154403.28940889987
2020-08-13,73.32602086743421,73.7827616848696,72.96935645839733,73.28882521084373,73.2638159987113,247843.0665784933
2020-08-14,74.58329786424962,75.06698840025406,73.81757258251274,74.56636705399545,74.57331863499829,505956.7482450131
2020-08-17,72.40799378155428,72.6360574941479,72.38216516543424,72.41700124211796,72.44980851508389,0.0
2020-08-18,73.2977544788083,73.85352685942546,72.92343967961638,73.2766802930032,73.28165561502469,348336.2410991
2020-08-19,69.89487288431437,70.22968503784949,69.72018397469321,69.81987931065682,69.82230461297783,299106.17850149743
2020-08-20,69.51307857978634,70.37542923841501,68.87528797012989,69.45526176829952,69.43438952157217,141238.63664483893
2020-08-21,65.99734721325072,66.36480766111431,65.90158337735596,66.06989080582505,66.09039139968067,687420.6925783677
2020-08-24,65.60469794130492,65.69558066140392,64.99765532170038,65.49808295811286,65.52936428429759,183958.7870560098
2020-08-25,64.65993291803721,64.71700979503392,64.30591184411777,64.69965356584437,64.71849424236959,189408.87969855173
2020-08-26,65.97921186778785,66.64301339768643,65.89771592066077,66.04987503528234,66.04249730045333,289663.8940314403
2020-08-27,65.54458901138653,66.36025484311998,65.38157410807719,65.53413897787848,65.55120580662634,268138.68903721863
2020-08-28,70.24133581183182,70.54395716985856,70.03655180518182,70.2121186051902,70.20703229335082,112021.35905060236
2020-08-31,70.43747549935011,70.73945890369033,70.1672221467276,70.43222028153122,70.43819255055476,170519.52143867817
2020-09-01,72.92844593674272,73.1827691510655,72.84562694051353,73.11037291956322,73.1317007946468,295907.61464326
2020-09-02,74.09552119993693,74.26608518480987,73.9441681398366,73.97733392744229,73.95773083242008,258355.43422354056
2020-09-03,74.65310413162742,74.7892910279968,74.10872073260562,74.68185002077816,74.69873251214318,138185.22277993374
2020-09-04,75.51164833459234,75.53244006676539,75.40023587020104,75.52563253363206,75.52726027338096,86451.33733392198
2020-09-07,75.92678426316586,76.42686702904346,75.52539071458156,75.87249000055178,75.85650880867243,741670.9674096933
2020-09-08,77.38041855042785,77.78803685085383,77.17987075757519,77.36268600599985,77.34991448968613,202717.703011556
2020-09-09,78.57386444079647,78.78646291395162,78.42580839696129,78.50382417345146,78.51929893900802,105813.2729384363
2020-09-10,78.07096683406469,78.35775291502195,77.53484980706111,78.17466765392041,78.19329012135918,263720.0783402762
2020-09-11,79.72938447262993,79.88303712779935,79.23596987000334,79.71705733520747,79.70741468829837,517351.44903764426
2020-09-14,77.44892805385436,78.01878037200133,77.29317769505005,77.5975135866832,77.5983323348514,668577.5913573505
2020-09-15,81.59777236813328,81.7218006417941,81.56826650978819,81.62447479771288,81.65500454710921,358666.3799292117
2020-09-16,80.05041541073635,80.2835588343657,79.48844358387724,80.22339299820682,80.21971845231046,221126.2817847179
2020-09-17,81.70988051849314,81.93713671196825,81.63937001196656,81.64434712092591,81.64372498679097,349184.0423076178
2020-09-18,79.73211514902015,80.54446290279613,79.87083298995971,79.92006482784244,79.9164426520991,62020.60555785784
2020-09-21,81.7433348834716,82.3688620469817,81.65292045371223,81.76575710264305,81.7759276729954,353461.2524055654
2020-09-22,81.09546857518083,81.17591002611196,80.0850784977829,81.11650268243515,81.11315301011976,195818.99930356923
2020-09-23,81.33388792912783,81.67196947366926,80.965364194728,81.34533737260067,81.31026497747885,171172.03027743893
2020-09-24,79.09937524666692,79.76393286864857,79.01142925194692,79.06113656288305,79.04874598583791,509517.88766343694
2020-09-25,78.70137154892917,78.92007618139992,77.89793581765728,78.73553145162892,78.75431253895263,87054.21622705723
2020-09-28,78.23411280885969,78.83171958809399,77.87854331428798,78.2330486461865,78.26972409357634,361074.0295308896
2020-09-29,79.72794814625779,80.60787371879194,79.08336847641897,79.81938541413247,79.81925277895692,485783.7131890916
2020-09-30,80.86424024355219,80.92598047150545,80.57704780671384,80.77100720193071,80.7718791689069,180252.93884869723
2020-10-01,80.89758936513954,81.080768788095,80.59317443104248,80.92432671866804,80.93428767930901,120054.9426987354
2020-10-02,81.66750417807638,81.9703716869398,81.33929487858511,81.60925919875774,81.59171360589563,331342.227968288
2020-10-05,80.1193189914313,80.87085139055937,79.99566011111727,80.16274930013952,80.17012877855359,292380.2725379025
2020-10-06,79.37313922309659,79.32957246403119,78.66690823386398,79.30806390075313,79.32514957419022,426100.3865364756
2020-10-07,79.30460321697286,79.41697499280374,79.15319281456495,79.23576324087522,79.2429315731809,413955.7735318841
2020-10-08,80.44928002271251,80.54038592369172,80.06408819177976,80.45843129391858,80.46557285340896,345739.70897571935
2020-10-09,80.63445399891431,80.72290473961675,80.51404619430475,80.64850269477853,80.63593025029726,163251.87036107056
2020-10-12,79.94192463717037,80.05986273626773,78.94164385334174,79.91498136086437,79.90698702179259,158538.74352107715
2020-10-13,83.64541452216304,83.79632222051262,83.54661375176184,83.68110219284918,83.65790925920096,622993.880013566
2020-10-14,82.4464067858392,82.64826679214077,82.12979870333835,82.39224536404247,82.43502351604455,210183.27432050795
2020-10-15,84.74473996260889,85.03346379760256,84.6607858335227,84.7336925887366,84.71957498340774,262607.14041758113
2020-10-16,84.88183928074814,85.22870580122071,84.71556400830805,84.89294810995487,84.8663286601842,175140.81560063263
2020-10-19,83.70390074928333,83.8610454809227,83.63708384728933,83.747455474857,83.74926384790426,250392.4519180284
2020-10-20,85.69155733694065,85.93267421887717,85.39660622779067,85.7535933640648,85.80938124262613,409671.5491100704
2020-10-21,84.80159360816714,84.96909049852455,84.64495993176291,84.76365347450923,84.74248093660978,158952.63823489635
2020-10-22,86.66003649402211,87.51961310374827,86.55718197413442,86.71805411388188,86.73558065419424,223478.76190804545
2020-10-23,87.52290865074812,87.74384592087884,87.07271244415654,87.43247588394628,87.42230986345794,462973.985255006
2020-10-26,88.67209863047329,89.29788743834942,88.44959503641819,88.73406827184371,88.72897351656371,128732.11412421612
2020-10-27,86.08665296168611,86.55644362527472,86.17127130299923,86.25805600784052,86.26498604832733,278752.00060391746
2020-10-28,84.80698151582737,85.37301513353178,84.34758634625796,84.71681484781503,84.7394756680447,196466.69698879923
2020-10-29,84.4139904575058,84.64521880860597,83.84914776133968,84.3551814221871,84.34970080749119,250086.939669497
2020-10-30,85.3829990782161,85.65356079259672,85.18081131472934,85.33259368366389,85.32196125764878,455298.5361294513
2020-11-02,82.57334930924111,82.71903165324422,82.15971959750685,82.5506586138586,82.56046087413532,130208.20150210602
2020-11-03,79.25173348837363,79.58842697195608,78.58380114900113,79.24800002974322,79.2296916105086,335013.6682490777
2020-11-04,74.98685090935034,75.34883510104117,74.93007769235301,74.93384778302736,74.94960109519933,75722.63504712381
2020-11-05,75.6453853552577,75.88681293222548,75.19518498360597,75.55951733216403,75.55087145374392,129367.4649718654
2020-11-06,79.07495991329738,79.63602319366046,78.21583153497237,79.06915064482774,79.08225142614765,450106.3096162488
2020-11-09,78.97542351037895,79.1471805856574,78.58333236272587,78.9663405273272,78.97809962199659,258105.86426953095
2020-11-10,77.7594890397201,78.45919888595405,77.58447607680493,77.69565300996099,77.72249079658658,128320.4951090916
2020-11-11,78.47958124023953,78.46109346324884,77.79502135729874,78.35694321637777,78.34028046858619,244510.1093396932
2020-11-12,76.58450451873024,76.61933693814144,76.09057994815653,76.58478069748399,76.58555272668735,323721.40163981845
2020-11-13,76.68524715941813,77.23683130420255,75.97150470208331,76.74172458448024,76.74829632771971,502970.9252717575
2020-11-16,76.72578783888085,77.55065914152894,76.03686309006945,76.77318526030193,76.77177723121041,421291.5233154962
2020-11-17,76.86688374674426,77.5401894106483,76.35150654421214,76.84965614141029,76.85355406702814,131923.365113423
2020-11-18,77.13787139755317,77.10359700884548,76.84887304323799,77.05822211427014,77.05851819933065,222608.08412180588
2020-11-19,78.01545346141953,78.37364880429429,77.85490109249199,77.96954736892147,77.9520390836118,334451.8767022318
2020-11-20,80.1216919818931,80.25313488220722,79.61162318386656,79.92971013067373,79.93624184110477,751568.6475504757
2020-11-23,80.60737486762328,80.78821289341961,80.12071555698043,80.6377886588689,80.6621782378363,332097.09287708555
2020-11-24,80.03563458872758,80.34796273461808,79.50480921733062,80.11878082497482,80.09234875202033,358440.9304802509
2020-11-25,78.46274924953211,78.60658796361992,78.03842421563634,78.40664393604591,78.40680311486614,336865.0961226332
2020-11-26,78.34993242597697,78.8581914961612,78.25958296051463,78.32867182126856,78.3299027230438,503206.6045117634
2020-11-27,75.27340796900242,75.55270365802349,75.0694908311465,75.16719161823744,75.14672608914337,165203.251815751
2020-11-30,75.5480533656497,76.10157124634993,74.77442072667456,75.46240944051549,75.4750858330186,110041.88658633652
2020-12-01,77.39563980418677,77.55922971592135,77.13355309914759,77.38793934933372,77.39615124482539,163663.00820289756
2020-12-02,79.17537278462036,79.82204773140772,78.89504387425724,79.15796768109398,79.15548239145596,85288.84316368107
2020-12-03,78.08159866546468,78.20901205095872,77.59608067935962,78.15350352268709,78.16127785781121,289117.930671093
2020-12-04,76.85090436523366,77.43133347020043,76.65775306603317,76.9030316461101,76.88968365822144,319193.62390222144
2020-12-07,76.573663144409,76.95220726319089,76.39616185142562,76.50584228499856,76.50908985499004,1326400.9256484562
2020-12-08,75.37173968011037,76.1438819091371,75.11068560701112,75.44415919360722,75.41920162117867,557506.4143817403
2020-12-09,76.72265870824675,77.20313813111296,76.21712475947696,76.68969540681728,76.71626576279044,104188.98546081998
2020-12-10,76.33205408737697,76.98147033682073,76.09776078581255,76.32479159793625,76.342670194103,169901.97825438328
2020-12-11,71.61060408761799,71.70977271135473,70.76676954339446,71.69553496972817,71.69314760811059,220001.8520989268
2020-12-14,72.97360205488525,72.95718404250125,72.83683953690557,72.94670898391547,72.94728729476181,96184.602947903
2020-12-15,73.59421578216981,74.30755146096689,73.12317177767954,73.65910986633614,73.63710132033341,86297.26841076785
2020-12-16,73.51817029674432,73.91916318994993,73.47748648271755,73.57765948165249,73.57995104633174,554705.0193332873
2020-12-17,72.39378138665752,72.4271704851922,72.22186244411444,72.31369312069455,72.31153466288409,379247.6183528099
2020-12-18,72.05808027654498,72.23902257906823,71.98213261178816,71.98685272259074,72.0011733334597,69924.91551019867
2020-12-21,70.12616362604493,70.44808344192215,70.04950744163283,70.17850680183494,70.16046646580956,92518.81247483577
2020-12-22,70.43558441556216,70.62348034518605,70.02199974308282,70.42695429944345,70.42578501928153,413286.9497980627
2020-12-23,71.80320824654157,72.02525058859186,71.43589157441609,71.76653574261047,71.75915597546278,193035.98349657212
2020-12-24,71.66018445731397,71.76475686243695,71.53917193797295,71.65974813538338,71.6409000209752,201908.114659824
2020-12-25,72.54472937450848,72.51765814355538,72.1575275543774,72.46296426348948,72.45880111114067,525175.7002163552
2020-12-28,71.50397910523976,71.6226252055477,71.17376616184045,71.58293401432753,71.60144370781055,238384.75010237104
2020-12-29,71.6082918261881,71.96735641668313,71.36776104268814,71.64368481628475,71.61944396823552,149576.83663026
2020-12-30,71.78874564147787,71.99433516330723,71.58227830339419,71.82285666953243,71.84944839811136,223745.3390565666
2020-12-31,72.12796009952667,72.32191295529658,72.17275846038176,72.21849525641227,72.23717460425578,392854.84079627297
2021-01-01,71.19382461464348,71.70191637020842,71.20689042901019,71.23577838475687,71.24041016093499,180183.4568384176
2021-01-04,68.7285347136044,68.68380918751471,68.61170024170127,68.67662962902543,68.65208247925693,499129.2391845505
2021-01-05,66.72608547743032,66.84394776778392,66.57504327891232,66.65317323481317,66.65223259180998,200124.2132929171
2021-01-06,66.40629480418083,66.43435892143329,65.9220859422302,66.29616381731897,66.2785503930025,427387.394535826
2021-01-07,65.59616026362154,65.69661281924868,65.50008966528671,65.53991692307525,65.5642062946248,420026.4528428352
2021-01-08,66.0168580828874,65.9495895374477,65.83332978767864,65.89733113195045,65.88582831255508,92144.6927009411
2021-01-11,64.27604527122799,64.71062378860665,64.10219473940155,64.35330811572666,64.36481278273641,300017.57530118624
2021-01-12,60.07178739308301,60.02180799792897,59.412773183106026,60.005689099696376,60.000902428216186,228136.36119115364
2021-01-13,56.490229100036665,56.940804089300606,56.41166628386407,56.501003296583534,56.498652846267376,201713.53935530648
2021-01-14,56.83624703094831,57.224080492112215,56.72525479000855,56.73205700334623,56.740695547025,484010.8949119322
2021-01-15,56.498895997392175,56.82272283710314,56.22897784786865,56.537212680722455,56.50759811524586,170194.9948069208
2021-01-18,57.11167522580268,57.5383422914969,56.57235367299853,57.15661128562879,57.15210249597713,630031.7059624132
2021-01-19,56.72020791445132,56.79909063882288,56.56895322123206,56.74182709447845,56.742817927674096,288862.9833336984
2021-01-20,56.01952392874437,56.5959730002351,55.8874344926305,56.05742163001917,56.07445230345986,145467.4567404247
2021-01-21,55.59698050090429,55.78431704348708,55.229331603743255,55.53112542219895,55.527661894988576,500423.176172416
2021-01-22,58.33443460163196,58.35351764118203,58.0094350033057,58.30263120731752,58.32222819293036,177478.27655774742
2021-01-25,59.463028735796925,59.51493773348606,58.91775712880569,59.41055438437841,59.43869211670111,305585.99367253494
2021-01-26,58.40417183777833,58.421194442805465,58.24262083049883,58.39670547523806,58.38240129153956,396885.9377889273
2021-01-27,57.809041844341394,58.14668601398819,57.81016398123725,57.94700998764192,57.9472622775272,410687.03569542745
2021-01-28,58.33982584505024,58.66327826189076,57.89401451778001,58.35885329722249,58.33365388744993,253146.0034017918
2021-01-29,59.83961178217052,59.86996962837211,59.39482515747304,59.77562809591179,59.77516453577498,449149.990799929
2021-02-01,60.07138916484875,60.122193538176695,60.01108757685046,60.06171778433984,60.06201196335947,169091.94784527662
2021-02-02,58.84067698122132,59.04594182609824,58.63295069207892,58.76917743665859,58.773202016337486,124722.48590958097
2021-02-03,57.06531085949559,57.29017986545183,56.76231984196369,56.98625867918954,56.9678519175011,749899.9343885486
2021-02-04,59.60660919318452,59.908117670401744,59.110803437066174,59.63956039894353,59.64065346245367,287353.9058036443
2021-02-05,60.76735283555114,61.29260627124826,60.73512834809633,60.816036836445626,60.80527633452036,701294.3770634168
2021-02-08,62.08266547144382,62.40613169477883,62.03360776152495,62.07712253059677,62.09993611401053,285052.1517695386
2021-02-09,62.58938958188892,62.584583140483495,62.21718317615869,62.53127628114557,62.502968563813184,235337.739547225
2021-02-10,60.60261969794735,60.66654764870115,60.48266798570722,60.65500103551042,60.64761160706524,393338.738062627
2021-02-11,62.13711362709913,62.57838844265402,61.78336353300837,62.19530944362331,62.190302664733686,422863.8518466402
2021-02-12,60.054684410773845,60.11773720178002,59.9150611773365,60.09578013907637,60.09482668480275,339096.6124520253
2021-02-15,58.189226300711816,58.38074567622007,57.69271823790142,58.13261444466536,58.11784536546981,394363.6233938334
2021-02-16,58.57593255888657,58.626647363066,58.04667797542711,58.4964117499628,58.48787045270349,167100.9999480977
2021-02-17,57.48951446909137,57.61125482355413,57.372768732631286,57.40999373913056,57.38612994343025,338461.5465150994
2021-02-18,57.98685601894463,58.16037186778348,57.79119359157876,58.06503076704017,58.06861268206044,556377.6371802079
2021-02-19,57.52597102891569,57.54496396747107,57.45140281784207,57.47749774708485,57.490909154437,270310.9672474094
2021-02-22,58.50656551283394,58.83350675579901,57.86894277736703,58.54963395624649,58.5417432461789,538281.1880518688
2021-02-23,56.27830072769173,56.58912606522657,56.18523547795471,56.24344159150044,56.25593915557338,281541.5514660015
2021-02-24,53.78477815892343,53.85916165653505,53.560481738068624,53.81536280206564,53.81949538850016,325196.43292294274
2021-02-25,53.912736803164215,54.09464352996856,53.69708303148314,53.82726775073263,53.84806486270272,201802.53160892747
2021-02-26,56.13555246618859,56.33048133455417,55.9167853925766,56.10094805123026,56.08213048009761,141305.42648666835
2021-03-01,56.796244850644186,57.070403661877705,56.52752544949289,56.8021272683506,56.80983798200348,225568.5753407755
2021-03-02,56.63532885060032,56.7732426592848,56.51259680333021,56.73040452337715,56.720034754221984,0.0
2021-03-03,58.0125288377783,58.31328100941864,57.91834253279462,57.94349661570943,57.944649600158186,421066.379684232
2021-03-04,58.15278712189158,58.42332588441849,58.109115213510535,58.14456625531505,58.13877903781408,243039.0150599727
2021-03-05,57.99360182774614,58.07036584106101,57.89486992736939,58.01603574677319,58.03893880817488,447862.8194452102
2021-03-08,58.67635662408884,58.76038068824833,58.618469687407625,58.62730423360536,58.62874815193259,211651.44450183376
2021-03-09,57.94913668142194,58.31659190047987,57.79194170176359,57.89815181371187,57.89342645289547,94440.43742380472
2021-03-10,57.01399345480719,57.2519703051967,56.860534326798565,57.00106233119713,57.020967350820094,322087.93366768264
2021-03-11,56.30080051492865,56.38787189377982,56.02414078779637,56.2906252198618,56.28556723521114,252092.55214313345
2021-03-12,57.11771238419842,57.31178630327975,56.73978145035206,57.05595365228052,57.0636559786489,299177.9116772687
2021-03-15,59.22128327194695,59.37542621246854,58.92506606876545,59.35005651067623,59.33460082456138,358636.7527668536
2021-03-16,60.788103932661954,60.72963770180594,60.58769134978875,60.66920819471712,60.690013241454494,379309.2030522346
2021-03-17,59.23172157149313,59.59557810280982,59.20313781003352,59.3600390028204,59.35382278619886,451532.4801395944
2021-03-18,60.0433425454251,60.12335564160296,59.98300199554723,60.02352541594836,60.01023275367307,121599.29624709484
2021-03-19,60.42078835267146,60.60299955236602,60.28880240249941,60.367862828508045,60.34716638387298,126072.50083876734
2021-03-22,59.177696375893206,59.60607026377603,58.86334447038468,59.23880404472897,59.229542851553006,315845.36958909995
2021-03-23,57.88564362240668,57.97978807973009,57.535964143634544,57.77778153532795,57.76719869901958,171522.0991830735
2021-03-24,58.59452423918359,58.793083326818646,58.508055940167374,58.70665471654176,58.71318455224799,162603.8695000805
2021-03-25,57.35816781441224,57.94967006778919,56.74908091641499,57.42344519925509,57.435170136219305,349201.7100280384
2021-03-26,59.36937413828274,59.535281811607874,59.27813160987128,59.35390885816254,59.3659848063964,372156.3096273786
2021-03-29,58.74867058167151,58.9431711442918,57.93106225645998,58.80483427191626,58.78604015612828,179733.42458699597
2021-03-30,58.2596859214086,58.52496421700037,58.30219762035213,58.33256080138276,58.326555981902246,201771.1976701374
2021-03-31,61.81161414715616,62.37798762840927,61.61662489823051,61.90304626528742,61.89578296670784,154682.38424767114
2021-04-01,62.02218212837562,62.15391475570333,61.21890944525018,62.07261333907579,62.08035154272591,638663.4761529873
2021-04-02,62.41684993084535,62.705274255267454,62.40938143221054,62.45366497730924,62.44265074454766,266767.6934481205
2021-04-05,61.74190584100147,61.855034039986016,61.44464794008059,61.75583707819384,61.7668343883761,212987.8201017702
2021-04-06,61.13125552937972,61.25432247821718,60.883916505042414,61.085455415165455,61.09871625530373,286166.74909473915
2021-04-07,62.10265213017384,62.253491036951175,62.07243481482268,62.09617781745036,62.08664349033972,229322.40441336625
2021-04-08,64.45125379441957,64.57787914159387,64.17100434286353,64.49579059540905,64.52917185579945,241912.844029334
2021-04-09,62.208681360565286,62.18836529582416,62.04595247627508,62.1721085755473,62.17744122200319,304528.1358059978
2021-04-12,65.09948444858657,65.47188465582221,64.37581232439,65.1767385287579,65.17338708144351,459929.6436370475
2021-04-13,67.07865243183896,67.30673663297158,67.01381474634888,67.23299240944003,67.23828217206805,610076.648802499
2021-04-14,68.38074801367864,68.66653826562816,68.00400927615154,68.33891124336462,68.33414171027846,202150.24274107223
2021-04-15,66.73081715719134,66.84061844872326,66.041805423722,66.67112785673717,66.69850125647497,230857.88887421423
2021-04-16,68.33444945557655,68.25496933482889,68.15837174705752,68.20200835844832,68.21944252148354,129037.9769544344
2021-04-19,67.79658622451568,67.92390173495933,67.70453977387947,67.8116375434694,67.80171763554748,227393.81668552724
2021-04-20,68.10643801897392,68.1261290911862,67.50726442195479,68.0213455990806,68.00483098124599,172539.28301354614
2021-04-21,68.3867806818478,68.4068162595727,68.1849204232297,68.32441995811008,68.3464500030146,480670.0612954911
2021-04-23,65.04136671580582,65.42423878438225,64.93334969787581,65.02101266753708,65.03976018120159,269680.3478414546
2021-04-26,66.47632381372875,67.08876577903938,65.93913963015076,66.48833233937941,66.48704177616122,493289.0616914301
2021-04-27,66.94409474668836,67.11564232547346,66.57646400281743,66.78903438692518,66.77337470304991,451801.88846420206
2021-04-28,64.80783320819434,64.78935463982141,64.30891833556224,64.76638403524073,64.74266466577112,679171.3438359394
2021-04-29,62.31508582421643,62.50907094181073,61.66238215635683,62.31077940769763,62.31288107599008,462369.265157407
2021-04-30,62.98018578275252,63.347652186930304,62.653759319792805,63.027455198527264,63.01484191715464,276323.34160039265
2021-05-03,62.64568122153493,62.746600651054734,62.55142342605863,62.65504500503458,62.67918979064548,446334.5635503433
2021-05-04,62.0493439958644,62.71988888126778,61.82854515470917,62.13241253955749,62.10772066391803,116511.8881227412
2021-05-05,60.442638019112245,60.6944659938828,60.102852475471465,60.42047884683321,60.423838000144535,140081.8872089939
2021-05-06,58.922778733007725,59.45008566509268,58.80893161443219,58.92090719672323,58.92554664587849,172688.5830473078
2021-05-07,58.19644361545144,58.24140362441973,58.01250672508973,58.11565659614777,58.090607382645686,155073.2744398843
2021-05-10,58.37730451038352,58.79883173935268,58.21882754929716,58.37421940295423,58.37421930799759,102227.61256002307
2021-05-11,62.97680697294361,62.90738621186033,62.33943574060805,62.906430921821176,62.88270040808829,499244.2923334335
2021-05-12,63.04253373110068,63.49618094419013,62.71749809845317,63.06853530606649,63.00889106343645,485785.7147773433
2021-05-13,62.93438047754555,63.16052853086112,62.36754900036735,62.82724104227936,62.804150882699325,377599.928646582
2021-05-14,60.70551202392346,60.95964099597002,60.588801281501816,60.80439810532976,60.81379631083696,509510.97316940286
2021-05-17,61.46523032645136,61.59917019592217,61.20906415751407,61.57768901745581,61.58559938603093,355876.8433026812
2021-05-18,62.58815738763668,62.74784108776251,62.52636703198558,62.6230327859054,62.63300802325789,163697.48220731618
2021-05-19,63.79570802272484,64.42627471990869,63.79215919643181,63.89520384711973,63.90992681318372,387444.58033516887
2021-05-20,64.84758312438967,64.70270662680329,64.67691339823763,64.68954468717449,64.68736280942562,265792.8918399282
2021-05-21,64.9329443599957,65.51099235192103,64.40569624669898,64.87281422450216,64.89816237627541,1059988.8948769472
2021-05-24,65.77220567244905,65.71419272481461,65.25869201626843,65.69935743756892,65.70161494153403,99652.18487087464
2021-05-25,64.00385145644145,63.91694506226676,63.82922619512006,63.893572992186414,63.880464269716605,134317.78721836087
2021-05-26,65.2287105206597,65.58085145163078,64.81327078437606,65.22992384415373,65.21258461087284,498518.768821781
2021-05-27,66.08723325581434,66.3393939992017,65.8018798626339,66.11307397814221,66.12268298945165,240558.9686695092
2021-05-28,66.51237218330009,67.2519370212015,65.82309404078154,66.49825668905696,66.46365947900875,229024.0074204929
2021-05-31,65.68810954786117,65.83794539318838,65.42931652477967,65.65472985322678,65.65758416261178,205792.04750526676
2021-06-01,63.74862044893148,64.04647872125155,63.14166864203048,63.830967085345215,63.83273144012996,185250.39851282872
2021-06-02,62.67680511282231,63.100642244626165,61.91042896353521,62.62757640222415,62.60413703964085,229829.9708133908
2021-06-03,62.34247994073168,62.38716597963476,62.27576578995373,62.32319139901457,62.31425411304527,132640.09332276508
2021-06-04,62.28419258651748,62.47645184839523,62.16513736241931,62.181869295388935,62.178971659660384,290115.9181440532
2021-06-07,63.106502030200005,63.40907927254935,62.663386323095885,63.14379853600798,63.13797647845685,312694.56067369867
2021-06-08,61.62620259702259,62.24398251032588,61.49149900884484,61.61006935799196,61.6201992935814,237608.4812645433
2021-06-09,63.50808179906427,64.1040445689112,63.409520742330415,63.43459235900104,63.41643522220253,357773.946498884
2021-06-10,63.68363658833549,63.69507516231244,63.31722573608704,63.64009019257429,63.61942604390414,378889.53109494125
2021-06-11,65.68071835042863,65.93654880909489,65.33637832472238,65.6201316676207,65.6165113362246,257922.51174832135
2021-06-14,66.76237539165021,66.81525369112475,66.56859122495655,66.57803856686613,66.57825411714889,268356.2825501076
2021-06-15,65.92014192709598,66.62851253623298,65.92454219035432,66.03225421765694,66.03101655043955,258900.7711283808
2021-06-16,66.4675043996012,66.57386399218747,66.3956211817747,66.43769536215851,66.43636380297295,851548.9188867877
2021-06-17,64.57718807253161,64.69023627674801,64.50282394343631,64.5389857076659,64.5257960266081,389916.0163693948
2021-06-18,64.62428930619721,65.00453265654397,64.6937952917193,64.7582519923614,64.77085051995371,332446.05214749
2021-06-21,61.891721591208125,61.89308228610799,61.71100428822197,61.85422353083456,61.85190275599154,58904.53007528823
2021-06-22,62.11922615202509,62.16764171804414,61.932820801989,62.03293825290914,62.058536073667526,182500.16493777337
2021-06-23,62.78724049228809,63.08854533291744,62.773924601788096,62.84747868440459,62.85327475141344,276553.5151062175
2021-06-24,63.82526496830731,64.12324026162234,63.04022200836613,63.75751654799466,63.746333785435056,547380.8101426109
2021-06-25,63.86619180614861,63.92654207111019,63.34693643860077,63.8306206136078,63.86409190389875,156429.73857846754
2021-06-28,62.73782179583859,62.91096033807207,62.72462143773794,62.78378809218436,62.80256273974626,493099.70878960326
2021-06-29,62.904519968013,63.16763858833884,62.87978541776818,62.88251458749269,62.89019678188355,179479.0363336922
2021-06-30,62.23307554254824,62.322924199078685,62.23150263965448,62.31267300663895,62.32171128419422,392662.25936609454
2021-07-01,65.25640748197284,65.39861333134833,65.2537620997449,65.34555600911725,65.3432501128574,184334.10942216543
2021-07-02,66.45789797945206,66.48340792985536,66.42062212715854,66.45101079684643,66.46168545357293,114360.46874686993
2021-07-05,66.86570481461474,66.8763255378711,66.44612255724422,66.85604742652959,66.86120382445647,174501.6040395486
2021-07-06,68.39581686872039,68.85462635988387,68.06387041059749,68.48028209996676,68.46204929098637,183828.08370369516
2021-07-07,68.29643916845194,68.46518022281384,68.05748527308705,68.40748648877232,68.42747926397809,123636.32928577947
2021-07-08,68.55081737827865,68.62430997443131,68.3943247221929,68.61757738286111,68.65095824594036,282272.8531562661
2021-07-09,69.61014980821025,69.9309658512755,69.62088762039866,69.63090189681859,69.6112963766385,253765.7285079042
2021-07-12,69.1437739748458,69.45103983719746,68.39806428694524,69.14357229729804,69.155043149208,180339.20656843795
2021-07-13,69.40736424205325,69.53855677570112,69.28411620341852,69.47735267275758,69.47522697361504,219240.4367478428
2021-07-14,67.63882092007456,68.13998287286671,67.15125838049794,67.61425294227845,67.59261335737483,367393.42781083536
2021-07-15,66.02037124311207,66.23301713988343,65.7398049675202,66.08950568774223,66.10642625454167,740474.5840927664
2021-07-16,67.50193911159494,67.46012985857855,67.01957589654079,67.43323351481654,67.44450436919762,282065.26949829573
2021-07-19,66.05622222605655,66.28570413776501,66.09467690317706,66.09863417762432,66.11114119615831,170371.98800368825
2021-07-20,65.64755477431859,65.83379071595897,64.9908273969175,65.5590561456724,65.5630143024443,304209.12071376794
2021-07-21,66.7426926545156,67.1691548891872,66.38457540277759,66.65735913305882,66.69003261654461,345037.5389640675
2021-07-22,67.72260533499043,68.03677756014322,67.69766998412959,67.72509716035972,67.72402126244266,230310.98889959248
2021-07-23,66.89697233372911,66.8311017538703,66.4242542530875,66.82125669499285,66.81486904655742,227761.02995672284
2021-07-26,65.03280245932179,65.12376830128206,64.85448703017279,65.07750327310447,65.09525953514819,507161.12160828646
2021-07-27,64.38498949806429,64.38079277635893,64.30898964892373,64.3708312924914,64.36480808226834,334840.27981431223
2021-07-28,66.1805391877867,66.4981928010471,64.9772201063942,66.102225517655,66.11308540843575,345696.7231816309
2021-07-29,65.69195760237858,66.15953889890896,65.59726607217324,65.64958933432524,65.66659313410715,449710.7068663744
2021-07-30,65.42429636004836,65.51958535033383,65.1676373892796,65.39203211336219,65.4033276113221,293997.1616379147
2021-08-02,65.41017531169007,66.00679486780435,65.11088422942385,65.3224443807682,65.34780279860216,379292.08008251287
2021-08-03,66.37557702442173,67.1365398420121,66.01724835974287,66.40820928663967,66.42069244497483,204784.0504007977
2021-08-04,63.98741025141688,64.34372203128322,63.814654177741424,63.99011008481333,64.00110405169592,419918.2206114991
2021-08-05,63.52454967266803,63.57413599679786,62.929218142105,63.45217141845849,63.45278868679012,276420.0889338408
2021-08-06,63.65154558569581,63.87506394221826,63.63462080324549,63.71557235658829,63.73394491823634,105580.58165689364
2021-08-09,63.28141336330662,63.49027312110472,63.10590855051358,63.25520804278592,63.27495102897164,300453.8605662406
2021-08-10,62.567971928997466,62.94449055937773,62.46837290650786,62.57630243801498,62.56768616374018,91682.55128753376
2021-08-11,62.75910435138383,62.994250044299314,62.48739810902448,62.79776494820901,62.77020004434907,185019.0229853308
2021-08-12,61.595578968111866,61.5861702855697,61.18597451959637,61.44967425165084,61.44554997897984,306008.74882004864
2021-08-13,60.51820746261313,60.61420006073782,60.354677579724985,60.56765395716081,60.57896161219468,432113.7841436294
2021-08-16,58.85026226106735,58.93665484248905,58.78123578438164,58.92838454873176,58.93701301883775,123973.8595007884
2021-08-17,59.98225073992293,60.39720324003851,59.90634514493962,60.00071417031872,59.98967959007301,143103.7620107986
2021-08-18,57.12964016282736,57.27917187953233,57.05591220889159,57.21132998180063,57.22102649728861,163511.0618518227
2021-08-19,57.01535681342078,57.68581548419743,57.05936259490991,57.1076426030662,57.10998150163939,95118.8706819372
2021-08-20,54.69886136529931,54.78409503208401,54.60184633506388,54.64715373727607,54.665709593522806,409669.2326583161
2021-08-23,56.96328871273208,57.01053217173867,56.626238377370825,56.97459318901091,56.99368681296672,292868.52566031547
2021-08-24,55.49831856307312,56.12817592967774,55.29333668145612,55.50857916673017,55.496507981371686,432580.5499844989
2021-08-25,56.8444197381594,56.84595262236626,56.577335624508514,56.790968268367386,56.78875075081636,104340.95913696958
2021-08-26,57.28674995448492,57.65594423596468,56.79182384682152,57.30943106345928,57.31210168244551,332783.0199894766
2021-08-27,58.38600822864568,58.89247153292517,58.30039363515221,58.315912805008495,58.30705840128879,204121.49518708643
2021-08-30,59.39228692287451,59.581906178643045,59.14610404527707,59.4358054320304,59.42388688224437,356749.2529356416
2021-08-31,61.31888509678925,61.42449009781924,61.2286309989164,61.30002439944689,61.309206449413175,498799.2007685304
2021-09-01,62.05103195094293,62.33179235825516,61.800896565444205,62.14882425675175,62.17541646580684,535149.6652526347
2021-09-02,63.570491049832725,63.64782836349584,63.3515866797356,63.60322855869477,63.62036220322469,195648.29953177084
2021-09-03,63.61863908704864,63.6392527990722,63.54486114701545,63.57451845912304,63.596134714503286,164678.50624540937
2021-09-06,61.66546771816318,62.34096109840002,61.64622184964617,61.724374665298704,61.74112032268207,171465.74739325995
2021-09-07,61.19231954883327,61.159224480760685,61.05577438679163,61.077018339537766,61.06900185158874,639393.0176853185
2021-09-08,60.89326595169594,61.11799229114676,60.4414393179971,60.83613627742363,60.82834288987992,536528.8005682335
2021-09-09,63.31762487824714,63.54988584443254,63.16631557165318,63.31634539177476,63.29850022531564,235583.031078874
2021-09-10,61.00615643021582,61.2634578406956,61.01032423482913,61.08684724001192,61.10621699048355,952418.2273021552
2021-09-13,59.663329015956485,59.90327738060304,59.41134535118789,59.6436293157409,59.65951117023465,185127.1584350769
2021-09-14,59.194772411546765,59.190471469640926,59.1649254332961,59.165021239760826,59.16641290089682,74410.69596114667
2021-09-15,59.454252230418646,59.43589699052372,59.09194234124255,59.41238015418927,59.4054108367295,548769.6940075404
2021-09-16,60.7208816782556,61.3823927699087,60.66546343621924,60.84704662344743,60.86470353317606,526947.1307919095
2021-09-17,58.31300638990152,58.618188410379226,57.94365402404959,58.297128981383054,58.29017425433054,187272.9128677115
2021-09-20,57.83744757838303,57.873515245217526,57.678886299995455,57.79850858557241,57.81994019075013,218594.51081640748
2021-09-21,57.7235878393434,57.985691460327175,57.70008965030922,57.74178590186455,57.7410274344869,144151.43168861608
2021-09-22,58.53348305509315,59.04251562872184,58.07420907974756,58.53722101610393,58.5402405126237,107997.09993671392
2021-09-23,58.77465086155058,58.9286179248341,58.66521079557711,58.92222857278748,58.9214822821212,454819.6001230524
2021-09-24,57.002047354327765,57.15125616452156,56.95472547106847,57.0393047738177,57.029471250126086,174410.21051996807
2021-09-27,56.77025513428928,56.841263171393976,56.6343822571294,56.81376220592291,56.81657736031662,226644.604401807
2021-09-28,57.12454920751309,57.26321745493624,57.02074880754255,57.04055577749496,57.02289659658819,171470.6399294557
2021-09-29,58.35960936203809,58.60697914090296,58.0592898643089,58.42776317445225,58.42986739299,221884.7768335848
2021-09-30,57.99461749348199,58.0603035297569,57.55405380544968,57.90116951015561,57.89246433880864,457332.3865467079
2021-10-01,57.190663535632495,57.41927592750771,56.96485922824558,57.1343877808867,57.13556303952552,168713.91225966983
2021-10-04,57.01790684906722,56.93172173420442,56.5674819490345,56.917709457363486,56.928728858753736,230911.83375054167
2021-10-05,57.46929863118444,58.46626661366294,57.22443556644119,57.57685720713475,57.59152558290062,139497.1279601925
2021-10-06,56.16990254108923,56.30303971266135,55.7023109839255,56.16664886370708,56.19748672776644,204721.78836118503
2021-10-07,58.13157506275879,58.45445002073127,58.06474653907811,58.21192608882504,58.22771589994546,349704.5288620781
2021-10-08,58.727648815575975,59.0397917507436,58.29581000205275,58.72257933923191,58.71011661749992,204778.50369424676
2021-10-11,58.89622814257776,59.02419314244601,58.89292995883269,58.94277422550135,58.94347298261564,557406.1032321411
2021-10-12,59.5398053226618,59.81270072830484,58.85392416315677,59.42938996226264,59.43160483968631,290200.26468686474
2021-10-13,59.33059594503654,59.474085447190994,59.18584417808992,59.37331173178881,59.3646433840998,464081.3954829259
2021-10-14,58.21347098751587,58.45641941788712,57.75659619734604,58.23268493226604,58.23759198116861,443769.0255758616
2021-10-15,58.039280221113295,58.17787875991612,57.97380352288148,58.09516833534923,58.09753313556176,104378.66185360037
2021-10-18,57.98342447540142,58.206012947796005,57.68933227365335,57.88329749394433,57.85977726242069,146641.33859009235
2021-10-19,60.508306598181,61.1197244366136,59.94693643388612,60.47791510690533,60.48540920731213,349975.10048712755
2021-10-20,61.71159072396091,61.75529539046995,61.33838770061126,61.619563162431184,61.62475841921775,478899.06961454754
2021-10-21,60.88618572172881,60.92664163915898,60.54988364697302,60.88366953049104,60.887220868447805,205181.4749871694
2021-10-22,59.29235053839569,59.47491099302598,59.23755230892792,59.35304468179231,59.35349116631726,861433.8342960812
2021-10-25,57.83539740712145,57.970494881274654,57.39235324671431,57.856522676512206,57.84230729701959,178214.10373856607
2021-10-26,59.79143433064616,60.024714379589774,59.58532835640187,59.80665004494512,59.80574084133778,469067.21358227625
2021-10-27,60.36918160806879,60.66445810382348,60.25535061046337,60.40392366487328,60.4314632382932,222386.45091123285
2021-10-28,62.60220719813098,63.21761255782169,62.569083254243615,62.59693034819066,62.61356853943997,230463.2234431684
2021-10-29,62.90372679232226,62.98863109465197,62.58555406381527,62.96900019917774,62.98390989145683,301167.9089763411
2021-11-01,59.93134329207124,60.20637001456514,59.952871764058656,59.96252660763171,59.95665370711068,100858.2048749295
2021-11-02,59.16831341689781,59.63892328736495,59.143436351287605,59.212110764909866,59.197739694581536,99171.04891072464
2021-11-03,58.79482037246153,59.00239151139706,58.35974002878426,58.72256308749914,58.68909231471286,378960.89480827696
2021-11-04,59.55472236904611,59.83487218248816,59.29753491916924,59.55050852259589,59.54824620878265,86554.69073539526
2021-11-05,61.79204969418193,62.22308198487927,61.432418278285695,61.80793064766977,61.802061851395024,804786.0554460199
2021-11-08,62.88877922037384,63.38163209037403,62.50411861160206,62.90770738150766,62.91891989265392,271505.7151672662
2021-11-09,62.61839163879519,62.5970532142033,62.20492738412519,62.59506931197287,62.58470798758226,602613.366112577
2021-11-10,62.793267606916665,62.93341203546839,62.60461480983968,62.82121031042123,62.81009880471623,111259.96143509152
2021-11-11,64.7911938217792,65.20439415251444,64.43646562545034,64.83844664975476,64.86012682793924,138161.78068971352
2021-11-12,64.15906493184322,64.35028609721726,63.78531811384446,64.06761926290027,64.07577085996736,742868.7925740674
2021-11-15,65.048145114596,65.04117862778753,64.08308408004785,64.9921188117026,65.00238490242407,244160.5190539565
2021-11-16,66.11255457070118,66.77245965141003,65.75543748645829,66.10465716342046,66.08936951873365,374638.6519109909
2021-11-17,67.97060285464376,68.62754137162693,67.51547256588941,68.00851174661308,68.01290600528974,220480.11394319343
2021-11-18,70.01998670030412,70.24351686793494,69.76373946276237,69.92300344668406,69.93953695466357,145239.50211181393
2021-11-19,67.06810028245607,67.21993996698126,66.77941517499141,66.98766706736491,66.99842718207132,122213.32330410766
2021-11-22,66.78264423652132,67.64222908230185,66.85612230175599,66.87283489706775,66.85856669413138,220104.60868691248
2021-11-23,67.17149516813694,67.31560396560631,66.92932850766863,67.24147588181899,67.20317961091237,202764.12100506623
2021-11-24,66.74630419327106,67.4536973451413,66.5103193504945,66.74245984261037,66.76561734840948,164154.79598669175
2021-11-25,66.24282222308554,66.45067809459859,65.92432455316492,66.16818103953952,66.14269191455183,167356.66355779197
2021-11-26,68.30717636192233,68.28082694373857,67.89274173720881,68.25587719486651,68.25729377814126,254557.7647337393
2021-11-29,66.99679296752609,67.13863666459513,66.91212066781783,67.04524183777345,67.03565146789569,205116.8074723212
2021-11-30,69.06158450485152,69.236510295971,68.80031058080914,69.13416522480891,69.11693669814484,675103.7394167122
2021-12-01,68.55066545540606,68.51319838069146,68.1819442153413,68.44205692875174,68.45904520974115,670394.3912208751
2021-12-02,68.23293712517626,68.77496379715282,68.16451259462605,68.2362200390926,68.22008493185294,909826.6065889362
2021-12-03,69.05299598023653,69.4344777167125,68.52731097498412,69.1033967875705,69.0969391701806,331547.32521388127
2021-12-06,68.27851370745117,68.31410718764597,68.06020310770123,68.24209804243252,68.24290990075455,187409.3669447837
2021-12-07,67.4950493587061,67.72024733183866,67.35576031305189,67.46051650423718,67.50641387087514,149810.27337363662
2021-12-08,69.77807816837448,69.90791693890026,69.30934693309699,69.75452372560109,69.75139370197778,855746.5891618865
2021-12-09,69.77300011786183,70.2406937283013,69.24172922037145,69.78794649901806,69.77397269749291,410225.3305683092
2021-12-10,71.27292133797239,71.63407612040642,71.17305350273807,71.33910797919842,71.35338489191923,130289.26781065788
2021-12-13,69.38319157236668,69.65593677599394,69.18135248315144,69.45240937330195,69.49462423387266,149860.314771111
2021-12-14,68.60092906293,68.77773436771618,68.30660115854238,68.6621212590026,68.65052289306907,106328.9650085002
2021-12-15,66.90095201478594,67.46983505265555,66.72546118599462,66.92257047439898,66.94311675207636,218821.55636195652
2021-12-16,66.18853750749138,66.17685553395158,66.05013867097826,66.09226636669847,66.08877899669989,279101.0857615759
2021-12-17,66.64937802839088,67.20232603635996,66.4075884491876,66.70992522458525,66.6848590895015,462349.4168893408
2021-12-20,66.9607263372471,67.38481850151635,66.45541309952104,67.03498855439882,67.04178230836045,298531.0217143789
2021-12-21,66.07434683470757,66.1575229552395,66.03729284021101,66.10232103410546,66.11419438787718,106409.21132736736
2021-12-22,65.53818137374687,65.75104033082306,65.43517575085828,65.66459850734776,65.65841687081507,312212.51860549767
2021-12-23,66.83400529001575,66.94779737617985,66.2470169578178,66.86974053907801,66.90793180456929,509420.19425535615
2021-12-24,66.00808843913775,66.09339887804116,65.47963118595602,65.99145854218307,65.98128081271396,94761.1314071674
2021-12-27,67.4616847687871,67.85190120756815,67.39166450514527,67.42285193885624,67.41581527012826,424870.0742481373
2021-12-28,68.55890561990405,68.77781970167044,68.43347437638614,68.53432341954672,68.51727102873836,237892.0722068858
2021-12-29,68.50197966100822,69.07775698403944,67.76442015729911,68.45363097216811,68.44191457184372,211026.02228879635
2021-12-30,69.2527286559423,69.56893370213733,68.95378126311908,69.23757130360302,69.24242207410298,278760.6143118759
2021-12-31,69.7185615843835,70.01039427155372,69.42540712572607,69.76399724591329,69.75312703594871,552942.9894216293
2022-01-03,69.2932943794187,69.58683016369504,68.8203617205648,69.35617685765916,69.3686175909225,212677.44106196304
2022-01-04,69.16838153381241,69.8064293838857,68.9739134303603,69.22090796119352,69.23698681569792,204025.6708942019
2022-01-05,67.52070493066849,67.55745879316245,67.22655959402853,67.38651686904088,67.34020230097995,232038.5049208743
2022-01-06,66.30836931707367,66.65528353634046,65.64854691874604,66.38529321979523,66.41827740518686,122472.15066746276
2022-01-07,68.2415405248414,68.867259063647,68.01620156862853,68.2750189295704,68.2564592638714,316721.641989762
2022-01-10,65.64667350605805,65.97383050884476,65.64517213205815,65.77867857988247,65.80652949186232,224623.1233221349
2022-01-11,64.93950234033,65.5507364679647,64.62600940258916,64.95472025490831,64.96001271640482,379328.8296518339
2022-01-12,64.50901180784712,64.63981078655652,64.03968811746832,64.40911962306923,64.39625706759432,147081.88297557252
2022-01-13,63.67413165179251,63.82913832589889,63.50275562142957,63.8064270472913,63.81975894693949,314602.57040386583
2022-01-14,63.20840716672715,63.236869691202,62.61634513620445,63.11081126455215,63.125087370664886,303679.6791700732
2022-01-17,62.61851631055993,63.0653457171913,62.58502475356149,62.5871354304509,62.60639170444699,237895.95980373185
2022-01-18,65.53547153134217,65.56733185309515,65.3089701253356,65.49215037310182,65.50877247432412,396412.8829830603
2022-01-19,66.00255810523825,66.63876776532297,65.71355278279447,66.02285295087655,66.05287444985956,377054.0320349201
2022-01-20,64.11084478354839,64.097500444765,63.58184818909636,64.08648935996482,64.06488526068188,160041.8320878688
2022-01-21,63.97796832623441,64.00104352972608,63.642007839057214,63.991710812678015,63.9800709243652,450177.0136462277
2022-01-24,62.73007977111752,62.974091810664376,62.61590505018801,62.79953908861207,62.82342097470914,222194.89965157723
2022-01-25,62.97773836799753,63.31319958493712,62.996569425941466,63.0917460362499,63.09160914750158,139949.62008886828
2022-01-26,61.704610254861294,62.25084281021122,61.14221609778311,61.70986823994248,61.73030011859365,398871.6397234713
2022-01-27,61.21463215447368,61.36179486440022,60.75461528578398,61.27167099943954,61.25804842944999,528764.3586705277
2022-01-28,64.8644985489697,65.29477621831872,64.44579572487297,64.93059330305447,64.94982467935917,382879.0492676468
2022-01-31,62.91847779107044,63.28340924022695,62.823713294578745,63.00789145606869,63.02290038842304,131915.69871518458
2022-02-01,62.01285293112946,62.10200614566884,61.09086461032398,62.00854854216498,62.01886788428027,498652.776851773
2022-02-02,62.13253557775696,62.22346649365254,61.89718031597519,62.12228382529487,62.11063671692313,319896.7520513452
2022-02-03,62.94491137321398,63.06217840630419,62.80044937602877,62.90784105702891,62.916774636421486,209383.4268800464
2022-02-04,62.93709099205154,63.36210647853638,62.63862530218636,62.96352988215403,62.980865845117165,281410.6365280744
2022-02-07,57.43525071567432,57.85012454057894,57.15030242690291,57.43979144136874,57.44009737102304,201785.22415956925
2022-02-08,56.24913129928152,56.42932331586783,55.99676809974788,56.26395062521701,56.27655358025944,994051.8446219874
2022-02-09,57.34694253029494,57.43466266984071,57.28399327890866,57.35134917878264,57.34608546492319,338950.6762394798
2022-02-10,56.19596339208071,56.25725060455473,55.92360915384568,56.19371475374093,56.20629090667438,203845.22157378716
2022-02-11,54.11222745319912,54.105859953645584,53.80254949543757,54.09489752982084,54.09905717709005,279204.5355858458
2022-02-14,53.57858326518043,53.63762231233442,53.27566487288526,53.60034851608462,53.59577928777072,529358.1422926363
2022-02-15,52.69680618074457,53.16503549368196,52.69565137227429,52.70294946526669,52.69811246974381,318141.33083754324
2022-02-16,50.63749756637136,50.69542211200916,50.54813665912193,50.60968834447716,50.59725774976869,189880.8466053739
2022-02-17,49.65398075487859,50.01927073485668,49.368702893706455,49.70833624948704,49.711842121705885,508707.717970679
2022-02-18,49.511107131730064,49.73143980348664,49.396081423548246,49.52441831963973,49.53671240406058,293042.8231813634
2022-02-21,49.16321041610525,49.2656096212757,49.10988759426291,49.20989549891642,49.21394706254407,214522.82504769452
2022-02-22,49.248108124881554,49.975600996326826,49.22762137476223,49.28304765594716,49.2896970592865,156760.3634458321
2022-02-23,47.93513058566053,48.08737393660888,47.99144789955626,47.9952617800968,48.00670399266528,259989.02043134303
2022-02-24,49.8099605505428,49.91282035590246,49.508640603870006,49.79885905671536,49.79317823860502,182110.39289896688
2022-02-25,50.36575896960562,50.7333263814103,50.01883122762075,50.37984593289182,50.37889160746168,248624.13087235144
2022-02-28,51.38634863149019,51.6711705548236,51.40685189822967,51.45946520290385,51.48345557915571,113998.78127851288
2022-03-01,53.75859083390402,53.98539788049628,53.37451020307595,53.75179040641351,53.75248137535332,576218.0938748828
2022-03-02,53.755153399521575,53.9746768640747,53.691700662256544,53.72764490209266,53.73341564216594,131580.99927266684
2022-03-03,55.4390637658606,55.521711646790585,55.01782867179577,55.424230357876674,55.41330907200146,200609.41304492732
2022-03-04,56.02447401716624,55.96425945826893,55.820695273400936,55.89421613254594,55.89083438179847,177478.14914570385
2022-03-07,54.48134671828786,54.92132353249064,54.18943676918244,54.52427557766684,54.53352855548972,109545.03682864856
2022-03-08,53.05496720992477,53.24669643381117,52.726842940555066,52.97764056387627,52.97910557907908,406443.2878284408
2022-03-09,54.2367786494308,54.47723908897276,54.26328878687114,54.29451914389473,54.31969965164832,145667.9749141194
2022-03-10,53.48273602573139,53.69498096951956,53.47503380564983,53.58033798269089,53.55043981670645,365595.064556727
2022-03-11,52.42058388492255,52.37187771283459,52.03277032489984,52.36308401563261,52.36576885290778,785051.133934913
2022-03-14,52.08829179931848,52.18467243968374,51.688067419488185,51.9504179806754,51.94434598087722,389063.82844085066
2022-03-15,51.01359166566016,51.18618299004383,50.86514715011201,51.01845432545639,51.03399971587579,83455.05906689927
2022-03-16,52.449411608625326,52.7887171211451,52.19453795893632,52.40931762917965,52.41354681604625,157569.0952453213
2022-03-17,50.53706265551214,50.7479774958552,50.51511794006641,50.6099003918558,50.5951882248682,318615.08873904793
2022-03-18,48.25158755531009,48.528352127457474,48.26710970829157,48.27328355095046,48.27259746702676,1012714.9928847104
2022-03-21,47.45659045158102,47.51085692178497,47.33686712051589,47.47621387746565,47.45801193231652,88583.4029451924
2022-03-22,47.62177515972219,47.72401816899308,47.39248302598924,47.61529308218195,47.62042624166365,251263.6439243165
2022-03-23,48.0962661460991,48.1596653771456,47.90081110895803,48.119317673343744,48.08800426107571,366445.44121761096
2022-03-24,48.945248257372754,49.05013443777484,48.64121435774147,48.85874451850791,48.832358668531405,611414.0750175206
2022-03-25,48.57081745055692,48.62233978297128,48.32341987384312,48.51306494944543,48.5295981033283,103781.26329392324
2022-03-28,48.64782977389498,48.68974426286751,48.2909764600357,48.65495521771064,48.66789150370735,347357.64890751225
2022-03-29,48.24134091182903,48.44912427292564,48.02775609933793,48.2850125235911,48.28335364926446,389981.9795068729
2022-03-30,48.2436818291011,48.585100989361926,47.761708787617685,48.22628737023637,48.23376416061278,189124.1405386381
2022-03-31,46.83594147939766,47.1039512381086,46.65098386617586,46.89743400710806,46.87710935809382,123180.41934071475
2022-04-01,46.89823412314743,46.91591908337708,46.8268932891062,46.90966604078595,46.915069133412565,214317.3501867496
2022-04-04,46.392726995042345,46.44544422764645,46.18465335095469,46.391854995823465,46.4071628442293,177983.34908059114
2022-04-05,46.75062111580323,46.76409219900995,46.47664748662254,46.74174248010963,46.74713987297805,222093.05068072263
2022-04-06,47.87010638412564,48.532257810487614,47.631111069566906,47.77795470682244,47.77723462649922,283428.7338008758
2022-04-07,48.09385766566832,48.12212711802323,48.039710447950725,48.078798770118894,48.07869570190128,825343.9595609475
2022-04-08,49.510746368038,49.84584831891169,49.42555913613551,49.50836610276525,49.52491701362207,225395.429557978
2022-04-11,50.670656543458655,50.643860245996805,50.453760235132734,50.585657019530906,50.59031394696204,264483.8315849787
2022-04-12,49.91653594959263,50.0201710768466,49.94380735777472,50.01472443043888,50.022938880087295,152378.71692899262
2022-04-13,50.69171542370669,51.00182008386757,50.4867539342241,50.63164266251793,50.63505786416673,228155.87003906287
2022-04-14,51.78408947388624,51.95233233380225,51.77813162594277,51.78999583563732,51.79852429184596,200172.97112141136
2022-04-15,50.56812968224134,50.56126072993742,50.42551629830975,50.50708105750706,50.50958969297141,179344.32833959552
2022-04-18,47.40569201726959,47.45372953418009,46.95461878028104,47.424912599926245,47.40764122141975,217101.0273726181
2022-04-19,45.515201840117896,45.90579986778552,45.18576750848823,45.52525223229579,45.49735314209502,473156.7108966384
2022-04-20,46.10974421921558,46.24999048290386,45.621251872852696,46.0638135251256,46.05897684816284,383595.34914644185
2022-04-21,45.76273656309686,46.09960442082312,45.539501872459326,45.761725236532456,45.76998647312649,149496.24589428
2022-04-22,45.4407573077311,45.76506699895562,45.17213750676903,45.51638886878602,45.512489154192686,511498.5383823047
2022-04-25,47.42979319946191,47.54485918037965,47.34835913886154,47.387826687675016,47.40778796251287,276855.2091297468
2022-04-26,46.486490122909466,46.54782252901857,46.00372867149495,46.48360209338438,46.495421264027776,354125.3961454458
2022-04-27,47.490611193321904,47.65730069420764,47.24903703008823,47.47949772782278,47.49384294156081,61260.61887294603
2022-04-28,44.05882061810652,44.16378910640977,44.063886035357896,44.065410517151705,44.084475707741504,508460.2998991292
2022-04-29,44.93853116951548,45.02816269037466,44.7923838433409,44.948351005276976,44.9533407316577,284897.48173672525
2022-05-02,45.14214240192233,45.1642115463207,44.80973928918354,45.10395508969534,45.133184410199874,448137.9483716
2022-05-03,47.51619557213951,47.531824969556055,47.35481759490121,47.45638024119094,47.45354805125541,230188.8050236677
2022-05-04,46.588881600778166,46.88376057281081,46.48231199937295,46.64770837961275,46.642429416686646,325360.77762469475
2022-05-05,45.7651648176124,45.87650872277198,45.5721305996791,45.81749721188963,45.82904854684566,172451.3483953357
2022-05-06,43.9372168129694,44.06132610539574,43.75989218870431,43.94974674283892,43.95338760934524,838147.2675688042
2022-05-09,43.8285270840481,43.90192535144007,43.79954237993514,43.82753197685208,43.82036525854695,186051.2186511532
2022-05-10,45.05836865988938,45.16230769650456,44.79771756764291,44.956352850371765,44.94708615916725,437333.55455145263
2022-05-11,45.156612204279895,45.36751579162909,44.990050165447165,45.13235894012072,45.1406823680486,284142.2617438911
2022-05-12,46.87981623708521,47.243712807351976,46.6662989153408,46.93063501771968,46.93080218286586,233771.99182811644
2022-05-13,46.58146688932454,46.7888731654698,46.442440049202,46.61332445312616,46.62024397521966,184794.31827448032
2022-05-16,46.867111028963166,46.92419476120023,46.52450247706474,46.90384088863305,46.92457747310754,499497.6060858278
2022-05-17,46.618613018629645,46.9902682518259,46.37876407483842,46.5837256384506,46.59446691385398,83494.80694939879
2022-05-18,48.49450216135953,48.78864127086069,48.03606800304358,48.56312120049084,48.54278920118408,183963.52343047908
2022-05-19,46.43646255551274,46.47533630623889,46.14403600976701,46.41310518555882,46.40255981134969,170185.37712469787
2022-05-20,47.96582391446477,47.97786718373045,47.82451900743713,47.89027182932809,47.867169309318,292964.61326766724
2022-05-23,47.50402964676713,47.81622330059392,47.30029568488803,47.46110396443561,47.45368338978824,162428.03912012215
2022-05-24,49.3210864931908,49.37734468270121,49.23860717710678,49.26539258871994,49.256164613430535,105104.2849897392
2022-05-25,48.94688115079556,49.17162456262818,48.547409473928525,48.923865012196,48.90655353428632,314884.268583612
2022-05-26,51.40257801426826,51.72664961781214,50.83256435162862,51.35931864384612,51.35733157912006,283678.5319943125
2022-05-27,52.134124442912544,52.53694866273929,51.98456139142628,52.075630995947975,52.07844385201439,895532.4975554291
2022-05-30,53.74761366849165,53.9047111081119,53.648421197718,53.686611459164006,53.69470086220486,220898.68382504652
2022-05-31,53.016594652604496,53.33980847283938,52.69841795056707,52.98127883211243,52.98404255424367,177493.86095270386
2022-06-01,51.29297729262774,51.34283951814867,50.99498225766144,51.28647006596343,51.29770867611819,55473.87456012568
2022-06-02,51.44485070855085,52.142190948093216,51.30870709694363,51.54088088268332,51.5414618288893,219413.97001959983
2022-06-03,51.33147039161304,51.44786193323069,51.120837656668336,51.29172166901089,51.29758391116057,468152.3479347959
2022-06-06,49.95136789235128,50.29955206299002,49.81751926282626,49.928018203712426,49.91344221732224,136636.61398833452
2022-06-07,52.10334554633472,52.277797094190426,52.085409518605765,52.21004975685212,52.19835404319812,496713.50440148526
2022-06-08,51.88505020463339,52.34891218572496,51.44354114470461,51.91921585111789,51.90579026546213,366360.8152946215
2022-06-09,52.14476085440301,52.22137313341595,52.16292495768971,52.2049452742603,52.20142603872815,320199.930964261
2022-06-10,52.83439221885606,53.10804236908363,52.62296879543832,52.81040878328684,52.82115440343652,700235.8434968052
2022-06-13,52.68690239577232,52.65262352902289,52.57080129166311,52.642461015223866,52.65760691410513,284103.0146273698
2022-06-14,52.17050793069647,52.43829083338443,52.11050933503498,52.12769437259119,52.15516870458327,448399.89491427626
2022-06-15,49.61335265544791,49.98910684722581,49.62425518712693,49.643691412308,49.64588943443207,212318.17971217175
2022-06-16,49.89715935831933,49.97221757104328,49.4571918649188,49.88700727750302,49.89945553263063,136953.03250629362
2022-06-17,52.200120530693766,52.253679206282506,52.17853058370204,52.19019146177688,52.18779440271452,139532.1146746044
2022-06-20,52.39027573248271,52.51145727503567,52.3287334419089,52.38202346541162,52.37477669621958,264807.0263057163
2022-06-21,52.71260445605437,52.9312759175634,52.3903898699173,52.76200236758616,52.76290720893196,152545.38003347104
2022-06-22,52.35284863224586,52.799619893433366,52.37128762345252,52.40712190713171,52.397422759663215,233894.44986904284
2022-06-23,51.59989222927261,51.86191397673523,51.60900595985213,51.709033027588006,51.72757042156068,514787.7851574549
2022-06-24,50.800123731454185,51.079694439454585,50.77834011845562,50.871985778601086,50.85254636177236,270951.6773346705
2022-06-27,51.85571341245438,51.910947345229566,51.80310494490261,51.86231133774879,51.85060311922157,544075.1740504631
2022-06-28,54.13609603627366,54.21070142366108,53.99798054984743,54.18415704604661,54.17543805207619,282922.7519869615
2022-06-29,55.70993083532915,56.07160625943695,55.38914239917243,55.69966530305771,55.69431915041937,640660.3306222238
2022-06-30,57.078162995030425,57.18744968833736,56.87508342679338,56.976219342268095,56.96315131227716,274495.0441206634
2022-07-01,58.18051301092283,58.34079248167283,57.779885137352665,58.19757975816503,58.19686191352621,645551.0767669859
2022-07-04,58.8155041393343,58.97699661777474,58.64234858686222,58.76940555503494,58.76806822055931,119424.9846621744
2022-07-05,57.2091024526472,57.85669425897367,57.17596020359014,57.20007126164887,57.2175428020236,515765.5358416743
2022-07-06,57.52319633333038,57.99820533622441,57.45364121584127,57.70862442180759,57.71136511645722,201227.70240337023
2022-07-07,59.82429999397246,60.16384024693505,59.613749783121634,59.85707664949461,59.84590175643884,181469.5353251284
2022-07-08,58.93428456140196,59.24911379630799,58.92321536058497,58.97598357217207,58.97699503214502,164020.09252298012
2022-07-11,57.73853692612367,58.248431482847096,57.814640841578615,57.831329515167525,57.83411118727649,351728.1264268279
2022-07-12,56.58424167957341,56.56780012725864,56.35489807034155,56.56741929665779,56.55105725046455,392770.972806726
2022-07-13,56.71569074541834,56.67884982747723,56.67143711406797,56.6769441332638,56.67978586920589,128200.20624812452
2022-07-14,58.16954747041368,58.32862795823437,57.95279424229276,58.22087360059201,58.18821403358149,531274.2657316017
2022-07-15,60.44786705078556,60.70951909126384,60.10126386636673,60.34861835209733,60.35418370803855,253864.8873201176
2022-07-18,62.95145160258991,63.36077366862784,62.28861851777297,63.02734092466314,62.99937592783532,735489.0925325548
2022-07-19,60.45016774958201,60.55793121016182,60.47086975060432,60.53880901915659,60.51623727461948,220073.20461209587
2022-07-20,65.33845936195645,65.4771484285059,65.27978007008639,65.29172527350804,65.29145391301394,334309.12763233087
2022-07-21,67.44864667667332,67.52581161196578,67.4350527030491,67.47492398757561,67.48181693527944,565249.97908526
2022-07-22,67.45996495830884,67.42926946629663,67.06927866210539,67.40897708806183,67.41063907427686,272956.772535671
2022-07-25,67.20803913581433,67.30218954334889,67.11226478117824,67.28106067441342,67.2926055073939,439470.4092339605
2022-07-26,66.0359324171772,66.7558877155453,65.66891259443665,66.11619353766395,66.10385811822376,233788.85992008253
2022-07-27,66.66625140366136,66.82582966013162,66.38656270624355,66.7346950811403,66.74852783584832,521386.3895660773
2022-07-28,66.6569269117319,66.85028170989374,66.44313809050031,66.60683019897806,66.60153444409839,333620.1588442991
2022-07-29,64.38785289727802,65.11882349828049,64.08405509057195,64.55733800480193,64.556517569471,209645.77757153363
2022-08-01,65.31787494207153,65.60334865699383,65.20631497897173,65.36598226850873,65.37108540972122,167126.38643251458
2022-08-02,65.93301224289426,66.71521417333858,65.53520667579794,65.95053924489767,65.95533683135207,176766.76329737162
2022-08-03,66.08735842429274,66.27671976921368,65.730791868345,66.10539855097386,66.14065024725343,145919.5956874886
2022-08-04,65.19561746890501,65.31738609493075,64.68509571646727,65.06235473517557,65.07540623059558,542605.2435318106
2022-08-05,64.57868546378663,64.73807728456616,64.06950752157881,64.45422610643425,64.47923851181926,147539.1041035266
2022-08-08,65.19858348483658,65.36837824125645,65.10153865135567,65.22252980073081,65.23178664388381,102401.12789421115
2022-08-09,62.697062464935776,63.055373539069386,62.56746855509997,62.59357969984072,62.587670476208736,129767.37635813784
2022-08-10,62.721591521417146,63.26082601333184,62.3002442280977,62.67312180629065,62.69411718970603,260165.98953367735
2022-08-11,61.4264035065021,61.82001005642719,61.39387040462872,61.460141248301184,61.452384749951726,287976.9256334683
2022-08-12,63.08753808234756,63.365168699580586,63.130190418125935,63.13329971996655,63.122245340960674,398904.1312877935
2022-08-15,65.13646247236986,65.20917565869334,64.88692117495401,65.18260487855271,65.18935993778149,222575.21435296096
2022-08-16,66.14748631432833,66.36202499696563,66.0216155127982,66.1945361356544,66.20313514198014,229322.64638668887
2022-08-17,65.61981313202429,65.71928520681517,65.35669047839284,65.61999517276169,65.63280599301063,324110.0429577784
2022-08-18,64.08092815264156,64.44284759018689,63.64953502719416,64.04869027474241,64.06450402223189,48626.99436413324
2022-08-19,65.36858554021084,65.97830453941661,65.00121710190135,65.3157546528413,65.30338317375639,131496.35081658245
2022-08-22,64.42714136307876,64.41578765525674,64.33376508882696,64.36905469723787,64.3753848947411,144419.23609491275
2022-08-23,62.073052709767104,62.19640022475586,61.6444279781383,62.06067262383843,62.06884115364232,245568.4032157797
2022-08-24,64.07374444073362,64.2779385358817,63.713443377450346,63.937454584874025,63.92067838713462,159741.03611165335
2022-08-25,64.01799980769643,64.5732381117872,63.95930950348651,64.08133146897835,64.08099018691293,214936.8605791041
2022-08-26,65.49952556245812,65.6649791381887,65.3469536197879,65.51758278257228,65.52275787946262,295172.9319076755
2022-08-29,68.17352067782333,68.409824311577,67.75219249283255,68.1713684734927,68.16994978268637,622414.8301407038
2022-08-30,67.3014193046534,67.36646216139991,67.23541832585722,67.33069209963551,67.3377879194464,148716.85872130978
2022-08-31,68.04790594764147,68.46089624721688,67.79723460367843,67.97604350182898,67.97463153006628,377611.5481846876
2022-09-01,67.28971789485043,67.45372396152429,66.71548224479815,67.26600414010029,67.2700126007045,117493.0957958656
2022-09-02,64.3999839804227,64.58886415968176,63.97691973092856,64.4028068721422,64.39257078091836,311634.76193821244
2022-09-05,62.91238512000672,63.3459873072888,62.60822193576346,62.95127559251932,62.95409913928314,454333.4848273939
2022-09-06,63.69625206954551,63.78445303768419,63.605459988620765,63.73476580990821,63.73792380946332,360395.5847258971
2022-09-07,62.705533745647365,62.78443575304981,62.64396956075629,62.68949946510833,62.68264151390616,724063.9044382992
2022-09-08,59.69473486771459,60.0461125394223,59.04410555074264,59.69713328178223,59.71290727494621,337119.68044874666
2022-09-09,59.6806242162315,60.340532493349066,59.30996523279914,59.57085947387814,59.59787828866463,314723.923841816
2022-09-12,63.69807116912496,64.27872934769853,63.17552267791277,63.704364751685816,63.68736676696255,885298.7164926488
2022-09-13,63.90486089439931,63.939835291148206,63.63955262554299,63.73154346359615,63.76120282132363,115200.54917998152
2022-09-14,63.6067858602638,64.09259210562765,63.61968826641306,63.66417404470688,63.67746766439677,619735.1603141713
2022-09-15,62.61720895727495,62.62768962876178,62.47728687553023,62.54788219897664,62.5517937795334,292960.6450249268
2022-09-16,61.20230673612,61.34973241832499,61.15693178203853,61.25834949876954,61.26642219554458,390857.5074877844
2022-09-19,63.390743365892256,63.52344963784952,63.38523158515558,63.4101741230312,63.403648176395485,110538.13758485195
2022-09-20,63.75864187948992,64.1321842031965,63.29108304300584,63.77381783296244,63.75145925503596,438415.364213613
2022-09-21,63.66310102462264,63.84409216640595,63.63917612541272,63.70187547554144,63.70674188292366,225301.1790917705
2022-09-22,65.1972766328371,65.37913339272433,64.91944828004742,65.28679917751172,65.25412295691193,471875.6899915816
2022-09-23,64.8984910037175,65.1248258134568,64.72036852300855,64.79257855460013,64.76637708068859,187495.75639922183
2022-09-26,63.587255506467606,64.14014496254363,63.64298168967523,63.71878122310366,63.7120266943284,270648.93086967355
2022-09-27,65.23614472523643,65.2583089196366,65.11435052535815,65.20489018574887,65.19261021188571,864194.4627852741
2022-09-28,65.78828689197847,66.44176166523933,65.70018432875207,65.81814751875851,65.79393831365459,127838.56882938676
2022-09-29,66.16561472227713,66.6144399443978,65.87650804100619,66.18184770941637,66.18529631044093,176329.7984849926
2022-09-30,62.42640280764467,62.490960840240746,62.11266443705944,62.33822673066325,62.324209100428085,498775.1403699482
2022-10-03,60.20006991445599,60.56875806473175,59.598829545164506,60.18457770666651,60.20484689037116,223655.871563214
2022-10-04,59.68079847652455,60.43401154796942,59.70837338397135,59.70901444746474,59.73779768877135,321178.5142194854
2022-10-05,59.56066548324473,59.98292304116143,59.17371663989448,59.53111460083125,59.55770375339491,197198.83143203583
2022-10-06,57.7760368960125,58.00374170496971,57.42387707895136,57.77854450034189,57.77282642604678,238827.7243319357
2022-10-07,57.48344026316022,57.78223774819921,57.24041380889325,57.58044395612784,57.5638572161262,198632.4584075457
2022-10-10,55.68771153354817,55.79073763652798,55.02269751465124,55.74226768432399,55.761594099137625,533506.6041232802
2022-10-11,57.004114656669366,57.21623694402911,56.77100135574042,57.08179297624864,57.06523585289374,238905.261768263
2022-10-12,56.90731321038087,57.25031097454705,56.79270754081493,56.798799138261614,56.80695108739128,606588.9134884791
2022-10-13,55.818476204053134,55.96701465572543,55.699190706725226,55.788274365730686,55.78892540910211,121094.19284251312
2022-10-14,54.148264949014106,54.17507962536117,53.87690910757694,54.12223503802158,54.111606855776806,822720.1354062586
2022-10-17,54.365595128294885,54.556823980756505,54.0504274574757,54.35621783203712,54.36603058479865,487456.5735967589
2022-10-18,54.80073164828901,54.87799567917445,54.61321193521536,54.76702131859868,54.775912876186894,1086463.8677963004
2022-10-19,55.17100881515974,55.30289924208118,54.47103845607592,55.13150965538885,55.11234265455133,367987.3109997737
2022-10-20,57.1502109955394,57.59743901499669,56.68036460955059,57.06723845166167,57.07753677843633,459609.0914317903
2022-10-21,57.14743128545277,57.58077605382775,57.23559702132791,57.36307176721678,57.3745606287908,320551.7025394674
2022-10-24,58.34853161129796,58.25239570651007,57.86395339502364,58.24477688425814,58.250491293332615,1063466.7130905378
2022-10-25,57.68024976716448,57.762546446158176,57.6592018330114,57.66997589708115,57.67220997847127,130966.55441324916
2022-10-26,57.60840625950615,57.97821778984524,57.55725269561812,57.59348843744866,57.61207053817409,118021.7657188506
2022-10-27,55.88210033094795,55.91256990867599,55.64673408715195,55.7770513996859,55.77643245531876,214262.00062059567
2022-10-28,54.19717032846028,54.4026373847951,54.04734683530573,54.27183849565219,54.269677670644754,203513.6003948186
2022-10-31,54.359929723934506,54.80643350101024,54.301987606696485,54.36865952924209,54.354717683673016,399158.7013302948
2022-11-01,53.19076726572995,53.25727451912247,53.17158492075832,53.19540083109757,53.18793351072177,167124.40861491236
2022-11-02,53.01898936173193,53.49530107386218,52.25391995494012,53.0417331894007,53.02611578698473,151610.9938777086
2022-11-03,52.83893151010536,53.1350350656207,52.83680409970826,52.84436860603132,52.84436860603132,371979.8015441947
2022-11-04,51.07099330135703,51.05959479429633,51.01823908655374,51.047359323420814,51.03536312349763,121760.08790221688
2022-11-07,49.9523883403563,50.02496138674717,49.42659411430405,49.94393181012396,49.94529832143215,248638.8471815032
2022-11-08,51.25987361005867,51.30484986985139,51.07716044940452,51.18204269373585,51.16574728363717,346288.20053854707
2022-11-09,50.18192714060713,50.77470856144955,49.9615646330516,50.2044331478388,50.21859349697863,293492.6169021796
2022-11-10,52.88455332364569,53.20936207773703,52.8180174308661,52.87110288464284,52.87231983736577,85841.92817321698
2022-11-11,53.46440830822824,53.83125079334384,53.30026308972414,53.54393004810719,53.51929820583722,348878.2142977986
2022-11-14,54.25334218341501,54.40791303942965,53.99537409912581,54.22104880845083,54.20874788022593,697539.4530152483
2022-11-15,56.150935084429065,56.91621363997789,55.72267771191205,56.14655451258165,56.14650184847292,223170.99831892253
2022-11-16,57.32709953600489,58.05281260604768,56.99393872673404,57.43754788162784,57.45198037630559,267204.38474287174
2022-11-17,55.335549083068,55.52523919274518,54.890537211758186,55.417881921352645,55.42957097066528,297294.8535040933
2022-11-18,54.81093964618248,54.88670206068122,54.298520165894736,54.75133127297599,54.75760271685618,387956.8211628204
2022-11-21,56.63859810027085,57.25531777981716,56.29713972959557,56.69844341163837,56.69548273435727,214215.4111781825
2022-11-22,57.41488360636802,57.51206160282817,56.83002640203552,57.36421563109588,57.36341434638911,267070.42217620293
2022-11-23,60.15883632570375,60.24982845586524,59.59566016543477,60.16621324661652,60.17053319679556,107516.09466534224
2022-11-24,60.06937325988999,60.62782505187347,59.90166902089634,60.13935564839368,60.15774892445768,295167.67850301915
2022-11-25,59.91259048778387,60.42766366620742,59.79035224089984,59.875532736516206,59.86354084438828,479338.00814167847
2022-11-28,62.31757994680654,62.72288277967485,62.08731401640668,62.32734668444381,62.32319279461627,271409.59668719146
2022-11-29,62.38879385366612,62.65930385602408,62.16921852123959,62.31837221941252,62.322341847496666,189954.32159212008
2022-11-30,64.42056086108413,65.29820347842109,63.97633783352917,64.49531057992071,64.48315751046985,464466.7128193565
2022-12-01,64.19801362151183,64.65225166116214,63.837430885136015,64.19313176443882,64.1747685361154,267587.0403382145
2022-12-02,64.21233643285474,64.25224751019572,63.75035391403235,64.24313658078299,64.25420359121799,496969.2534788077
2022-12-05,64.88820242395025,65.2411147024787,64.62335597644555,64.9588540214619,64.96644855747353,342541.6969073156
2022-12-06,65.28573280732469,65.55861729452918,65.01347007028888,65.3862866660758,65.36559614209769,428055.5803974957
2022-12-07,63.65768714473345,64.42551513598906,63.38046200210035,63.6710692953038,63.66946829267905,162582.78629259113
2022-12-08,65.02297308417097,65.15076148649788,64.53961596210283,64.99306483349787,65.01654192525915,159216.0175932552
2022-12-09,66.20521970462708,66.51759687450085,65.73382235144764,66.16229696887912,66.18975173412437,586955.4963446214
2022-12-12,64.13196225358539,64.29156181723147,64.13303319620476,64.20849134286598,64.19447444068163,349337.6186288169
2022-12-13,64.03261049514235,64.2401437847551,63.98494662161217,64.08938424532204,64.11367443543338,124829.75394296092
2022-12-14,65.00050413315245,64.9833061605828,64.86156052954819,64.88356942617453,64.89688306697465,102536.80652495589
2022-12-15,63.90594155439784,64.19712498001236,63.72851236418185,63.913236039306646,63.89366806746105,151066.9555706261
2022-12-16,62.34372457409908,62.4293823636813,61.68743153030643,62.395760361953805,62.37741635431952,500526.9084472696
2022-12-19,62.736594449485445,62.795243589987,62.12233428335087,62.72923008254768,62.73951632950055,102802.6846912384
2022-12-20,62.5340433294578,62.77037457015754,62.47517066742338,62.54354809155984,62.53129026184795,252933.42800689003
2022-12-21,63.07773744404653,63.62900178016859,62.83203537315164,63.01696614906309,63.042204507491874,110061.48861517607
2022-12-22,63.05575706959933,63.24289406387175,62.76618342599086,62.99802120959057,62.97479005795863,388724.7486706083
2022-12-23,62.72152928465211,63.33645015719406,62.21695494874978,62.62899502432338,62.592768407207046,221917.3223423342
2022-12-26,64.5780340642112,64.76481486532371,64.62761666279985,64.7067300800143,64.70505447779588,737485.8558086292
2022-12-27,67.38310315335859,67.28039379181416,67.10484900763689,67.1490722582363,67.1536228721958,167819.79225616896
2022-12-28,69.0606338647102,69.30922216867523,69.01760081508945,69.07087837637184,69.06094035797011,381475.79249792703
2022-12-29,69.6700856683431,69.81532476975958,69.35110971315775,69.68292196879544,69.67366609976494,185748.54900545173
2022-12-30,69.29380380525947,69.73529563138268,69.01799713632678,69.24390026744133,69.24850023664358,125577.05885641673
2023-01-02,73.99362319945558,74.15470042146198,73.72793397076835,74.00168363361675,74.01681561183216,159999.40163378863
2023-01-03,77.7749095960289,77.74114817642563,76.81781612358863,77.6043646172274,77.63803401842459,302757.2507014023
2023-01-04,82.66815335780397,82.8458592257503,81.83318335798398,82.56065531179891,82.54356571726281,550737.7122941349
2023-01-05,80.23745920733495,80.76237616399317,80.15597486402226,80.22285615348156,80.19296463440219,319503.40654164314
2023-01-06,78.18041745712061,78.67577606118483,77.45668557639272,78.14769506541572,78.13270009237294,212073.01522373964
2023-01-09,75.42389429862135,76.00474161926999,74.52326308590611,75.42365817963741,75.42077661132286,538719.4074722355
2023-01-10,74.51410521460517,75.00693643631205,74.44804288379889,74.67595600295417,74.66722711824882,296160.9074841175
2023-01-11,76.69946255543903,77.61944155118158,76.32896608665662,76.74717796564715,76.72536708413904,220789.859892644
2023-01-12,76.956231473803,77.1398411700259,76.73575578766673,76.90182741573781,76.90166768173671,656810.0512055898
2023-01-13,77.38181156381397,77.4546811902055,76.97725887972436,77.32712762255757,77.35844023353033,284621.2730321948
2023-01-16,77.5517966405851,77.79251432512098,77.3584315803646,77.56969647636048,77.59560918721786,376638.3224648287
2023-01-17,80.34608866147687,80.48569085795377,80.17401789411598,80.42126379888163,80.41678855220403,132040.67467209487
2023-01-18,74.6896670354477,74.77165666413822,73.9854279475148,74.66217949170326,74.6208906448096,349063.81015616626
2023-01-19,74.24065122997186,74.45176925875671,74.04252367809458,74.21845525836187,74.21324913826446,139634.59297862716
2023-01-20,71.48361890269189,71.73258691700184,71.26789627498519,71.5349886166452,71.51639804824057,444959.65906533616
2023-01-23,72.89023342200456,73.07832214365423,72.45387164374269,73.02653463483968,73.01804581998587,99536.65457402042
2023-01-24,75.41309143589223,75.31960034314538,75.25318367654519,75.30552177019914,75.30065540748404,137829.32440639084
2023-01-25,74.5863213021777,74.81619513453619,74.34490786565935,74.59121591428966,74.58509026587315,583246.9038145067
2023-01-26,75.33548023549328,75.35697667431388,74.46039098321384,75.252900074813,75.29235490288843,886920.8591048681
2023-01-27,75.12373204497017,75.23680595468032,75.04168548489295,75.09462716318129,75.08025368611935,750091.101511271
2023-01-30,74.23161443802054,74.84299771719375,74.18057432161964,74.25263008980318,74.23430574137471,339681.69018925144
2023-01-31,73.82259640369102,74.09340132124093,73.68389748930579,73.80332821833389,73.78903533267311,126012.86194530952
2023-02-01,73.51617064470054,74.03990533799265,73.2499813251853,73.46389236835246,73.50954587788925,245341.32231613505
2023-02-02,74.14443879786806,74.25896046008948,73.9273510439526,74.0486427565204,74.0405590764979,582728.2988026212
2023-02-03,75.07488778143434,75.21704874341765,74.91895340959772,74.9718891883033,74.99425441412642,248390.69376053172
2023-02-06,76.04210036891205,76.21920637838168,75.79101869213333,75.96457221667903,75.96441722215022,189541.615498913
2023-02-07,76.8045813093607,77.18998380177317,76.71711612607285,76.80022402133211,76.81210838233461,117740.6854790805
2023-02-08,78.9760622774091,79.29892779627824,78.81471011971813,78.93661628108964,78.97486057529476,827574.3941791784
2023-02-09,81.82067500375747,82.19424438603127,81.94047324451384,81.97978500184928,82.00665557485239,149088.65644862477
2023-02-10,80.10711465647175,80.3376412158837,79.8054429912638,80.2753413569543,80.27406601651134,120646.7176808253
2023-02-13,79.21668366205691,79.35432944512135,78.85809902793297,79.22800882232238,79.24223311289413,524162.5703930885
2023-02-14,81.29846546000893,81.52835390111477,81.30711784058006,81.36817091514007,81.38167983188193,319454.6788559917
2023-02-15,76.56475029544022,77.70178162656708,76.79914061492507,76.90955483000322,76.90455872701118,185744.9416764129
2023-02-16,74.99615646885361,75.04340161896849,74.04456859870548,74.87356862711923,74.8715525899752,274312.0390667599
2023-02-17,76.71420699396283,76.89642948066744,75.8758770561912,76.69758282207682,76.69534298194398,58082.487938867
2023-02-20,76.85539599336278,76.97877955197131,76.62904074238203,76.90220221231957,76.9186014969736,931907.199735504
2023-02-21,77.29449763095462,77.6843088308821,77.10094389854257,77.28445070072242,77.28728449497882,117183.3742771108
2023-02-22,76.42103631216972,76.78814490393653,75.51080784184356,76.36230930089717,76.37036196881623,430911.4362083662
2023-02-23,74.48783559770965,75.03171733275902,74.32640478560859,74.40897575472799,74.39309442746128,223933.95651155463
2023-02-24,73.80058921373973,74.12576540481176,73.33124145339333,73.78555358912402,73.80821973605538,676450.1432497988
2023-02-27,71.20349830534866,71.37303084007124,70.9598522676891,71.18176594445981,71.20472547850915,79833.32009887022
2023-02-28,70.61222228984674,70.73836875053945,70.26600926021979,70.69124952949261,70.68161046148086,268206.7232487276
2023-03-01,70.99516394958432,70.9518856422213,70.07790797727836,70.92711740313666,70.93895127555056,259061.46863083675
2023-03-02,70.00818416283548,70.59921683055316,69.98450396365408,70.07407275118838,70.07342759811756,191509.41597300596
2023-03-03,70.69644895263389,70.96780304612902,70.63513485630682,70.67155513998202,70.65433573225846,152370.55277366875
2023-03-06,71.09275059329748,71.36468831313562,71.03799875616407,71.08190459191228,71.09162503676964,496485.3902050729
2023-03-07,69.63937532722986,70.00091939883491,69.43287761784138,69.65459072356335,69.64241122596239,755871.3047073239
2023-03-08,68.81711819297458,68.925097697261,68.5400794192604,68.81511285879795,68.82549315860385,192579.4065131788
2023-03-09,67.96753704221969,68.06890957515401,67.83888151629569,67.95461006168964,67.95296669500375,68050.33658446437
2023-03-10,68.44806264236179,68.72221783063158,68.4268794892843,68.48755919931145,68.46695344987006,479111.51441792486
2023-03-13,70.24549877804655,70.80680944655983,70.2944884654975,70.30062151683116,70.2889230224265,236220.75450064684
2023-03-14,70.52457845638128,70.90308125945735,70.44930093046759,70.54901327513629,70.52096232062449,176026.63500393683
2023-03-15,67.42154926798074,67.66867413284561,67.13339780196361,67.3791420151946,67.38454093253253,514070.6312458598
2023-03-16,66.75105439476813,66.85551036879531,66.51838423263918,66.67629453708263,66.64381297510413,289671.47280858894
2023-03-17,63.83213491150137,63.95574917807618,63.81282732206302,63.91825171208008,63.92825990725482,327956.88834028336
2023-03-20,62.14625839752888,62.37927240986304,61.74500091861855,62.10660753012121,62.10792209862348,571862.0985122541
2023-03-21,62.90135435332982,62.95611015114303,62.83550023979453,62.84829495320438,62.8428265476484,0.0
2023-03-22,62.76162958812734,62.95067233691538,62.66964533315259,62.78356418720011,62.8012945314866,328103.4283770539
2023-03-23,62.07382661107357,62.31390990467972,61.561363270402936,62.08669883923422,62.059894111456586,810551.4952438861
2023-03-24,62.16542576236866,62.78100623354784,62.04179104860077,62.13425413584434,62.15161428116735,441325.9852371998
2023-03-27,63.439822600293056,63.44692195974319,63.24910224886376,63.43193099668935,63.39962744972049,264927.62561091775
2023-03-28,64.88607392731876,64.97115927972295,64.5814750746983,64.9614768803317,64.96778228305801,849180.6233338952
2023-03-29,63.36126730039146,63.5911857405797,63.35800078813215,63.398031304539046,63.40254442924136,149129.7484380143
2023-03-30,62.55956133646918,62.72117157931066,62.58283286144413,62.59071348086798,62.58747835394148,427751.809666776
2023-03-31,61.93376720053356,62.42444546628514,61.54227322755821,61.87944414566972,61.90204725130109,421239.0557940847
2023-04-03,60.51309176829786,60.98832111707542,60.39783163241356,60.54132506126681,60.53385174465481,290560.9038594646
2023-04-04,58.14121817872973,58.444156575681184,57.85174291383496,58.18748435820848,58.18948210402287,288157.4145610876
2023-04-05,59.11886312068027,59.258583229174704,58.90608894854015,59.07047559853106,59.05636742527644,186829.9861084128
2023-04-06,60.56145093211121,61.0448676175503,60.39867056419381,60.66357412814144,60.675033026804336,556199.9294003351
2023-04-07,64.25539047874565,64.53428681400433,64.17110572925507,64.18579524167032,64.17413324497747,389626.8022283166
2023-04-10,63.70409352380843,64.1551409413662,63.70168849358944,63.80127847390307,63.81232658148243,108815.34885819104
2023-04-11,64.52200510393615,64.78876808661722,64.06870888649757,64.54144622205159,64.55702241534107,310412.3081886522
2023-04-12,65.18862027080736,65.07385770079797,64.66278042130793,65.02473233249789,65.00666502912439,128298.16603896052
2023-04-13,66.58668813028586,66.88050043270219,66.38432207077933,66.50067103727763,66.52557977072657,124962.75961585205
2023-04-14,65.64464515241117,65.69213012539483,65.06492835663371,65.66066955630649,65.6855876385797,291228.8432346866
2023-04-17,65.35385610956168,65.4485201288697,64.93533918742742,65.3833794433275,65.34445638400491,702390.3784454622
2023-04-18,67.50817291291858,67.64474534100343,67.14826550317521,67.51563284528744,67.53618354317398,242049.2831595321
2023-04-19,67.07372609650696,67.20447695244252,66.92058628499025,66.9921249611886,67.01134841250709,218075.1218931518
2023-04-20,67.05474394270182,67.28939022726738,66.38367554862232,67.00261806193001,67.01249055364056,198296.8504419171
2023-04-21,69.84246613938656,70.06234454968028,69.54914820138266,69.86175037997386,69.87528374740188,47239.88140479908
2023-04-24,69.99755552629013,69.82888809470349,69.61374085458512,69.82464543743482,69.83343672187125,311343.9512670322
2023-04-25,70.47314325832879,70.9262610213771,70.48984023527818,70.63525409131952,70.61487247896703,614097.6259577811
2023-04-26,68.77396324554678,68.74229456362006,68.12538392017537,68.72138036392788,68.7254532779101,267418.04444798845
2023-04-27,66.82753100876597,67.19673985430502,66.66862782423854,66.89561013055993,66.89731619136626,139516.420701006
2023-04-28,67.51847733312556,67.62239883781862,67.19116724550555,67.51683246156729,67.50416252796212,540584.2354971177
2023-05-01,66.21847274141422,66.87720616956906,65.90963864861533,66.23547567966943,66.22374427185305,238030.6413656589
2023-05-02,64.57596110358294,64.57348401792792,64.53849816318908,64.5566331416965,64.57908833854425,340392.7839856192
2023-05-03,64.83316535427024,65.13117113990289,64.75652376052076,64.8474321219326,64.81748875710863,555091.9752708321
2023-05-04,64.34458991273485,64.93288354713484,64.33779000328165,64.40375802763218,64.40235612717073,239545.21239709767
2023-05-05,65.64151519758217,65.63315387905637,65.18389252227807,65.6309501910981,65.64920686683703,237263.9344895455
2023-05-08,66.48695720601718,66.62259209770977,65.71205193123494,66.48850985227145,66.48916399811417,673008.596349597
2023-05-09,66.40814461183268,66.62236396143953,66.25033731986564,66.37033303265878,66.38021302830232,277643.1178026304
2023-05-10,67.32368142511692,67.69852757414557,67.14377580376198,67.31543962854556,67.34986242576969,373348.04650158464
2023-05-11,63.72804652858822,64.18522417857812,63.62444148032316,63.69402688587366,63.69113532164842,324026.31149447383
2023-05-12,68.66970279319845,68.67545310000149,68.4297511204694,68.6429315822783,68.62353239652727,153958.00411116725
2023-05-15,71.21234600980753,71.58355601301166,70.96160400796435,71.30824518536063,71.31103690337329,166098.20533560988
2023-05-17,71.66088962927545,71.96096751902977,71.65827849871036,71.7504173341599,71.75414573475533,210863.03309600076
2023-05-18,70.50920919377178,70.6829494562516,70.48558543916647,70.54007854924133,70.53835980795164,445152.1431221716
2023-05-19,70.35885788881242,70.50497600996012,70.24942337133133,70.3752080877123,70.39294437303492,215908.44697827825
2023-05-22,68.36242530054665,68.74711035675688,67.92237064123644,68.50934980840997,68.50151769543753,205939.2452667957
2023-05-23,67.8334225303047,67.94891671158598,67.40669274105554,67.91228473877085,67.93780647781871,402935.8984618863
2023-05-24,65.82263825072913,66.33614138812341,65.864979907021,65.88255657306954,65.86781378061777,115729.24584209568
2023-05-25,65.78967894565659,66.00755413460728,65.35057582693541,65.85349041637305,65.84068637153209,109242.9184809647
2023-05-26,65.19122716098077,65.5828306178179,64.8569345634058,65.18161614313462,65.18842096202758,122032.19731734284
2023-05-29,65.07028295432995,65.28915849693837,64.44040954952244,65.02561652084921,65.0191721143004,374833.9754550928
2023-05-30,63.81820263521608,63.85334264817112,63.73293238733308,63.81355056737281,63.78662826926236,158491.0149624795
2023-05-31,65.14978952985533,65.18408643677313,64.70277157760309,65.0202154051904,64.98440881607124,133686.61317714816
2023-06-01,66.54008854995054,66.6483254161333,66.25405942148238,66.50405986855017,66.50464199000731,128618.94217059604
2023-06-02,66.56198569000999,66.79723160879352,66.38691338997515,66.42547098686646,66.41901632944645,624950.4209282567
2023-06-05,67.08862001028666,67.2936886261952,66.87292912717368,67.10286216050247,67.09900726218952,254207.26953360115
2023-06-06,66.94018941870478,66.93220499750316,66.90203353663841,66.92381160812073,66.91992918204097,75436.14066202774
2023-06-07,65.37481519730828,65.91357180324447,65.22218599783027,65.41022914314777,65.41902622529659,193783.30961013175
2023-06-08,65.91733802237412,66.14000871400602,65.86920388904245,65.92511124548784,65.90439449198394,0.0
2023-06-09,66.18510394824635,66.62983301186536,65.86699619038407,66.1630724065859,66.15724152927767,673921.8592033373
2023-06-12,66.58589297681483,66.85329032295067,65.9161507035684,66.58731863177857,66.5917074997806,178197.10044996443
2023-06-13,66.85369535666257,67.11179650510608,66.32133647770601,66.88793055829919,66.86628347751106,197325.04395423937
2023-06-14,65.42100674114906,65.68139080091929,65.14635558893121,65.32884967460222,65.35764490689397,115868.61085514036
2023-06-15,66.72582539249812,66.78415489569372,66.67611963937269,66.76328228756309,66.80212990576119,443225.9701040037
2023-06-16,67.42767239599698,67.64551297252844,66.93800106894727,67.44079580029651,67.4126064310962,302089.17369834613
2023-06-19,66.42793648037323,66.70217718697945,66.24216070223078,66.45209188907647,66.45030670513347,333134.50873011345
2023-06-20,63.779861158753846,63.91718469227968,63.39581386444009,63.83564068912924,63.83267358025172,203365.63496295703
2023-06-21,61.96731339760633,62.21368060300103,61.47729916115268,61.924957641679306,61.91798699516437,379883.7805334837
2023-06-22,60.80892957397224,61.00189906056862,60.66972490980284,60.70043473139874,60.673501508213874,447704.26647029
2023-06-23,61.14821153303864,61.60508865017243,61.00842925715677,61.09792525878603,61.10169866027272,113838.15601319824
2023-06-26,61.64985502424776,62.01571017481178,61.20277706774799,61.59381425014048,61.58787234425621,327791.7629141204
2023-06-27,60.531012985287525,60.729567517848686,60.13256863172613,60.489542576456536,60.496940708521166,302603.2317293153
2023-06-28,61.86488445291942,61.901627937014425,61.80072963492702,61.862305054953175,61.87383999192367,145236.0369831883
2023-06-29,60.61105961201052,60.71203743798786,60.079432289003776,60.67697084058211,60.66227941553844,229199.69505512167
2023-06-30,59.76849159371755,60.46207732349485,59.290836099511736,59.904293799028494,59.89203209319104,128102.9272877442
2023-07-03,62.07081900239133,62.16218895355027,62.09862264060362,62.12679153276965,62.11853766548902,101128.59083615564
2023-07-04,60.26843314874435,60.47265296140542,59.40788639303821,60.3271729257404,60.3139141130498,295386.3826066317
2023-07-05,59.28437438496161,59.63928274547338,59.16729280589415,59.27428389959073,59.26115298504725,452413.4651954388
2023-07-06,59.165018287574966,59.53361136465582,58.64651558038689,59.18308210592173,59.18132843142897,107359.03420723416
2023-07-07,59.874829397717,60.14992256539716,59.56660451992939,59.82003873358722,59.80701376868989,525397.7598891828
2023-07-10,58.55519899964354,58.66572448229581,58.53726231254473,58.53728840629344,58.5261159941495,219481.2285097912
2023-07-11,60.47245930431031,60.49345028312994,60.18738856345977,60.45335244293948,60.44244084034957,135450.5945585385
2023-07-12,60.28045009950337,60.30797467762044,60.15983557102563,60.22432517759828,60.22588464525397,392078.02163828624
2023-07-13,59.58570466964964,59.73455171990064,59.2203529289986,59.537793586244206,59.536687379764814,229252.9847800218
2023-07-14,59.31806936901288,59.661829756424645,58.912090855785735,59.3170569433007,59.31617996135567,181065.87255538636
2023-07-17,59.83953298071936,59.98509147598555,59.82440835835138,59.87153906993438,59.87406973730584,264605.2378059473
2023-07-18,59.29542596479905,59.21206606776644,58.99020449710843,59.2067592268201,59.20613610097328,191524.06693668643
2023-07-19,56.96261684218419,57.256322940305296,57.04703516158507,57.06454134219294,57.06060018038285,222588.07988839428
2023-07-20,57.33444202398091,57.36266708081461,57.02806033077736,57.34328983946757,57.347202045432574,153608.21455297383
2023-07-21,57.32038423200135,57.25642977897338,56.94676790996457,57.24474725004556,57.22810835500096,282392.68077871273
2023-07-24,58.03313890849107,58.76298572660463,57.74260558952139,58.15769344047398,58.13565134110974,393016.33313660615
2023-07-25,57.891973966631504,57.999116606103726,57.892358058594645,57.915440500624165,57.92315081038155,890995.1214521526
2023-07-26,57.64971817215534,58.020592119847706,57.4343891008908,57.70568880148569,57.72064000773609,513113.58546903246
2023-07-27,57.96725702196999,58.26733277496829,57.87589833375564,57.95710752915743,57.982355262838034,422674.4048468763
2023-07-28,57.87010128155001,58.19924141004488,57.87616397981256,57.89062011856864,57.91222626903927,86664.3568062782
2023-07-31,61.40298752912682,61.61335637683519,61.24760178441807,61.4802589278271,61.47425389794556,168938.7156100148
2023-08-01,62.211438744850845,62.3154057710644,61.987611223811946,62.188284809454494,62.21951472057746,284984.492126516
2023-08-02,56.20689439757615,56.52179217204177,55.74386369185688,56.20304828884137,56.19799940321227,124631.19877413032
2023-08-03,53.94709629099405,54.07706977277768,53.46685784110375,53.95459068441298,53.936596110559655,134836.6114787362
2023-08-04,55.32485881105017,55.39211251560655,55.03961599468466,55.294886895279184,55.31033564111948,114679.08987940486
2023-08-07,53.13582410705944,53.16356569907747,52.77072214338538,53.04434597661115,53.0385672890568,279919.2410376552
2023-08-08,53.58866394076935,53.78203556720064,53.60789417332354,53.63789729277886,53.63405954205109,448848.0546051259
2023-08-09,51.2775210122632,51.39002647319697,51.00571177557038,51.31524608098,51.34831307402277,294031.5018419122
2023-08-10,51.64026927481954,51.7147581552194,51.47292164389336,51.60338458473247,51.60393528655307,0.0
2023-08-11,50.31589351588948,50.312047262423896,49.96351922583122,50.282698202680805,50.29375161285796,182154.89182811973
2023-08-14,50.41876524310129,50.54204380001277,50.21541761812189,50.42994782956328,50.42286317970902,370928.07568481896
2023-08-15,51.17989045443221,51.39830147149158,50.96155715278563,51.21322749612516,51.214646582609966,213766.2173320632
2023-08-16,51.10200321371372,51.291395728761,51.00499540566136,51.10861274654584,51.107742131764894,668275.2489741051
2023-08-17,50.44156389847061,50.55312070668486,50.34184839298541,50.41938270641985,50.40739730346991,190234.0658595217
2023-08-18,50.95439290640103,50.96091580805986,50.95400180604334,50.95542376970732,50.96760098740948,115185.58694249288
2023-08-21,50.47867201043739,50.61336306681289,50.20716128957894,50.3932294226164,50.380443059685,228927.7092724617
2023-08-22,50.915877392057176,51.31908929720169,50.43630425491961,50.93133424902993,50.94651087084997,399120.8239046026
2023-08-23,49.02999649739546,49.24772759282504,48.84705059503383,49.04996314166665,49.05951132016068,325419.1436301835
2023-08-24,48.803631948251024,49.111871009068565,48.70328056663143,48.83571356008287,48.84506201936522,515971.3627386513
2023-08-25,50.04918771411474,50.440003993232935,49.96517000792144,50.07098324955654,50.11113350022551,384351.8807160715
2023-08-28,51.43125781417771,51.67363434823667,51.18152871021178,51.44391259899986,51.45369628898391,662383.1520830345
2023-08-29,50.72844116450586,50.82401959342243,50.58118415071311,50.7766461213751,50.80439677652244,326262.43866385525
2023-08-30,51.570759468909095,51.6190921985251,51.506925490873655,51.527562816063885,51.52615123465032,56448.00365522926
2023-08-31,50.77244224148575,51.20882775076294,50.56781154413862,50.88346768940139,50.88309663399783,278997.9186451195
2023-09-01,51.14961909027923,51.38231895161973,51.14518210949399,51.16463018445502,51.18140139115671,281874.6597403436
2023-09-04,50.45341192957103,50.52104640350947,50.34396986024766,50.46629828475749,50.48227564047947,324478.70303236705
2023-09-05,50.38021254197472,50.49330317105512,50.21614355697538,50.43649165911492,50.4512910475554,209107.7394268001
2023-09-06,48.22685010712979,48.2549147945376,48.131961070163904,48.205289388866206,48.2203115751689,286259.7325475134
2023-09-07,47.616602720986975,47.78853418351738,47.5799218205587,47.61873092831827,47.62333229402569,495899.77708918304
2023-09-08,48.35372094297024,48.360780406757335,48.18483082522272,48.30641886987978,48.32095267661436,196992.2370931517
2023-09-11,45.37795338040555,45.71567534198016,45.01207160419395,45.3974670540542,45.41641325307689,158046.72368047052
2023-09-12,45.37111079869122,45.64924422407628,45.227519726235485,45.41096381318037,45.42014250354072,207149.1694566213
2023-09-13,45.40520201082028,45.4469207835005,45.38924140301148,45.43799495467575,45.44857878992214,180269.1456189834
2023-09-14,46.86120964848839,46.92142039369713,46.49134791630421,46.83822109486042,46.84342583742256,241945.45904477336
2023-09-15,45.57446244508531,45.68083539026912,45.29948856562213,45.55654187847618,45.5575928163453,231433.66343675187
2023-09-18,45.0342839584229,45.13048508773863,44.87924608073339,45.03506806425828,45.0406377563064,828810.0879351156
2023-09-19,46.92161656526971,47.02991320311993,46.63840277219089,46.96420748571156,46.96833097902715,331367.7398120591
2023-09-20,45.20274075976718,45.3081060284948,45.087634225132696,45.21969567405435,45.22428120093564,413869.683415459
2023-09-21,44.33487395840125,44.53624384164805,44.22285631423659,44.33443547270759,44.33132856045199,230252.8182285871
2023-09-22,43.19443509909486,43.43595278908874,43.03586276208495,43.22250213018884,43.216586042740936,843507.4289575807
2023-09-25,43.35553551874775,43.41934923753385,43.31026902183382,43.36636959812279,43.37030040879318,251260.0950484993
2023-09-26,42.72316137149572,42.74897265362788,42.55408471529846,42.72177613535508,42.71845790469632,462957.3303810076
2023-09-27,42.81171255838896,42.80072417597215,42.458293206368,42.787453703965,42.791335236720265,371638.9856498463
2023-09-28,42.99329664014696,43.17796457876349,42.487933369164686,42.96306291524255,42.96543520776972,394441.30322636775
2023-09-29,43.7389218235615,43.77248808709967,43.32173768229628,43.71413572312166,43.72263084380752,203329.38743334697
2023-10-02,43.227957027717416,43.37163900632231,42.96443130733704,43.15070086323533,43.14157348341861,221717.10367983996
2023-10-03,43.44452440410221,43.61251072983859,42.98671384352248,43.38697602900477,43.40208237892762,247745.4464728036
2023-10-04,45.19889262776488,45.17444853647304,45.135843613695805,45.16370819206588,45.17816663937579,273397.7036164824
2023-10-05,45.29034422358753,45.58169362535907,45.29008737273928,45.309625658911024,45.31766911319656,275928.14480687113
2023-10-06,45.44173632082023,45.57393351751641,45.22209063457132,45.41714170595955,45.41804073436847,71774.63002735293
2023-10-09,47.1005760235247,47.20185573452544,46.9525899947042,47.06966115565637,47.07379418015455,197537.242084171
2023-10-10,45.16110426920959,45.37732246049368,44.73315555770811,45.14891392912343,45.16120257083159,234534.68536221265
2023-10-11,43.44629181832612,43.67142108083091,43.35229658370631,43.49445138566772,43.48657979609855,122796.77053162362
2023-10-12,44.73585557193736,44.8002866996101,44.63618326177815,44.65263671644058,44.673774853493335,457724.9305632184
2023-10-13,44.77681439116858,44.982977257567455,44.52622269216885,44.71870991158224,44.71780427719365,301862.5704012207
2023-10-16,44.15889638379888,44.28655769060132,43.938624096021314,44.11791779762704,44.11101470629373,124407.91724614386
2023-10-17,43.71203979017835,43.83872120918529,43.49894159489882,43.64879299939015,43.639087727432525,213985.0509902058
2023-10-18,43.51845869100989,43.60381750927911,43.4277311295948,43.57956280835,43.56543411097256,265950.73478221404
2023-10-19,45.015341535224486,45.1951240384229,44.92687916230967,45.01229330197452,44.99969982287039,160090.76425790435
2023-10-20,45.646808976379,45.841858389016366,45.65631815011007,45.71054202037536,45.69057790776856,462547.5152967527
2023-10-23,44.56259092941296,44.639773198253394,44.54703464188354,44.55533959429346,44.54533173006329,204613.3725014112
2023-10-24,46.75628611131762,46.97558084590581,46.59939120036099,46.6719073349906,46.6715829228849,215451.48203431437
2023-10-25,44.80762764254264,44.95470424344497,44.84174598468177,44.86531887100868,44.84082116344982,185010.836451833
2023-10-26,44.19698678811942,44.23101670192288,44.07000060070995,44.21434119617341,44.2208575428843,159646.01848010987
2023-10-27,44.918642378239,44.98826569734604,44.72766618411619,44.96677686085077,44.94041725775039,94076.52551417536
2023-10-30,44.81663214215939,45.53913339247796,44.63980287493639,44.799312849665526,44.8148700920218,161406.91413126228
2023-10-31,45.97628320500552,46.030889941517145,45.48163167805364,45.86603254527897,45.877743051513214,114133.3228627138
2023-11-01,43.345096728482346,43.45665587717753,43.19535519497656,43.30947257327016,43.31940766864624,245639.29019398056
2023-11-02,43.806631828144326,43.90738772306606,43.71910478967121,43.86876581743722,43.87286452853278,183579.62418621453
2023-11-03,44.0457967935356,44.19494142762329,43.93817819664186,44.03354236022841,44.02819032563588,840298.8923748413
2023-11-06,44.56360395185096,44.7111206149214,44.411319226429605,44.64219172724695,44.63745762296941,177426.950985373
2023-11-07,45.73676284455736,45.80704822143416,45.57315627148894,45.77645030289585,45.76756605991846,799316.6028428862
2023-11-08,46.29613195588944,46.60450533754956,45.9507687155438,46.247919243448735,46.257794840124745,249054.07598978968
2023-11-09,45.447292641238775,45.577726427602336,45.28677384570308,45.42445409347596,45.402161598052594,151786.92322661908
2023-11-10,45.70782699541169,46.19589489445662,45.615988205238345,45.775423915946334,45.775608335578575,66429.85778429401
2023-11-13,45.94514291772967,46.278127358507824,45.4593434379219,45.943441996087664,45.95189565044984,173920.15730458728
2023-11-14,44.97571601816289,45.1712300387854,45.00900986536043,45.013346820919,45.01266046204475,961844.8170253292
2023-11-15,44.61852401917058,44.72674829274207,44.29748384571441,44.598596824903154,44.61135267807899,379884.9837017592
2023-11-16,46.61570656687616,46.66236797196929,46.47588489113997,46.52898464609064,46.52030789697542,172470.13816006618
2023-11-17,48.839333774562974,49.05999303333019,48.74781174082384,48.91502743589936,48.9279379155936,303411.5431151781
2023-11-20,49.08432041552504,49.33314915282162,48.8592365319532,48.98895170288621,49.007669934676414,443404.8065913563
2023-11-21,49.125580663172265,49.44113267689777,49.06103819672164,49.13515342662651,49.13082465543866,2256085.194117876
2023-11-22,47.86436450289662,47.89875712856655,47.7690770661907,47.88524235277343,47.85437902953862,221387.46064274272
2023-11-23,46.99992384128432,47.14467778370189,46.9075622100271,46.95010742466622,46.94060938120633,541217.9895660481
2023-11-24,48.259687892489005,48.30247100202617,48.04370057521673,48.286070829605706,48.2832783949173,178653.57098406676
2023-11-27,50.27909745143523,50.47421584156553,50.01431852101143,50.29674682177588,50.30301929645548,98749.95184590296
2023-11-28,48.04762039696973,48.09477723558212,47.972685786572114,48.052791372652486,48.06369447008985,839618.9222660251
2023-11-29,44.84835184143388,45.18034652110191,44.81736228152226,44.938906433004654,44.95583206012208,144506.31611385505
2023-11-30,43.61529855351856,43.67527177762901,43.30868713626311,43.57180516362084,43.59419017010393,170649.95813599264
2023-12-01,44.77432489127753,44.92553827893213,44.72950332506444,44.809926686224685,44.79264872420241,146793.1337968686
2023-12-04,42.80506990738101,42.86902588579856,42.233400491869965,42.82015195513065,42.81636131622769,610243.9647622926
2023-12-05,46.113218838628825,46.31294759642189,45.88610381551052,46.10668620680337,46.1009983894121,221004.13698779384
2023-12-06,48.25463470879502,48.34609555759569,48.229243683302464,48.32749366455612,48.32385402969143,540862.8584508172
2023-12-07,47.39740703007504,47.486908680497805,47.06511812156664,47.29741766274828,47.27022966097128,402222.95479345554
2023-12-08,45.40838544639427,45.81827715359402,45.01092284255624,45.46713512043047,45.46038545648609,1176442.972529668
2023-12-11,45.72502665634226,45.989497810613685,45.708425247393095,45.79535890800015,45.79774129945484,426649.49813179846
2023-12-12,45.658679706831045,45.735081073531504,45.43495871036196,45.70617382419909,45.71478115696752,406612.6014807096
2023-12-13,44.177629313100695,44.378289155603625,43.87061884580251,44.1981172821931,44.200802345469086,224007.03870540787
2023-12-14,44.19103284252996,44.49049553433272,44.14259176858562,44.16434800130593,44.163435284594414,334207.00020081294
2023-12-15,44.15671502846665,44.33287988854712,44.08629590904777,44.108477078200224,44.108880809847946,504330.4820243099
2023-12-18,42.30127418255422,42.53400280667491,42.26283728104383,42.38833983995367,42.39057786534956,154535.98196181367
2023-12-19,44.17613553779584,44.444863115199965,44.04053173256344,44.168004329997935,44.167829237676266,378949.6117479344
2023-12-20,45.083678828990735,45.22166459856323,44.94530241720504,45.05975197826567,45.05861658718894,159092.07425626312
2023-12-21,46.076691396247554,46.61232229184952,46.13629774938228,46.13651453039615,46.13284492212316,493093.49733580806
2023-12-22,46.89696969904876,46.94955267012461,46.67215551400763,46.90361528422048,46.91010012832762,197590.1531734699
2023-12-25,48.38475001929588,48.7480222826123,48.33219771509109,48.44470844966503,48.46514750684111,92683.77791739484
2023-12-26,46.91992325174507,47.136955634369805,46.93362837676932,46.93370773680592,46.92788492070012,205405.34007029785
2023-12-27,48.14964906594005,48.4565799816828,47.96024157069011,48.09744672333491,48.10336740318692,273173.9026096668
2023-12-28,45.718984892952776,45.99136446683649,45.79278210198641,45.79384227878999,45.78598001569052,230788.9553964973
2023-12-29,44.281652420691735,44.54364573145244,44.14387357335777,44.25516429256415,44.25131398315676,364414.93576916616
2024-01-01,43.263515956305454,43.52589184226638,43.065362835991706,43.33585157304046,43.3479833000009,100327.31549986114
2024-01-02,42.72592856588738,42.74901309046877,42.38407189141264,42.63058955052663,42.63276801355877,277910.65077972785
2024-01-03,41.56354658974475,41.629469035944894,41.531773641886055,41.59779625955689,41.60097825414428,547965.5420594753
2024-01-04,42.15127798038995,42.344244974371456,41.878424520609954,42.088285614122185,42.079273282910265,161653.53386640135
2024-01-05,42.40234562604673,42.70572695392293,42.34379192227723,42.42057827361116,42.41897991219309,298957.8255984916
2024-01-08,40.62049116405502,40.88581130533535,40.327105291196936,40.58459543927394,40.58450225467906,0.0
2024-01-09,42.31333964749098,42.395181479316456,42.05580702031078,42.31831443394378,42.30040552874521,153097.92881886865
2024-01-10,42.09590695046292,42.20556266965164,42.059150568368985,42.09033248765133,42.10221374411319,139281.73256575485
2024-01-11,41.79112795565017,41.903833133742495,41.548644478493046,41.79283970246158,41.801433381611446,488516.3279884565
2024-01-12,39.98080419509852,40.17826449722267,40.02893053288821,40.07352620021705,40.06020613914583,312422.69066052017
2024-01-15,39.39833928174622,39.69762103951094,39.39484645536341,39.434340361896965,39.4388116000961,562523.8132924875
2024-01-16,38.65309537725845,38.92433593871506,38.41412471865014,38.71304930385462,38.68595732476366,538436.3807799016
2024-01-17,38.75785717495671,38.92171007284965,38.66059563031461,38.79359317059108,38.79430483925246,183339.5080016056
2024-01-18,39.18742776858916,39.34099496367411,38.82555183235045,39.17719429482178,39.15667885574385,923751.4010807074
2024-01-19,41.21833399072276,41.21200422464376,41.12538595517099,41.2025782393792,41.203291152325896,107638.4784253833
2024-01-22,40.56448981613114,40.83698307691554,40.48530247544748,40.6081072080193,40.61281061967735,180504.94036373703
2024-01-23,40.3000980830616,40.317984934954254,40.03057420521127,40.28493994740968,40.28107831690009,275133.35714593
2024-01-24,40.59712707972408,40.58297808652671,40.54753852786961,40.575414880324985,40.567088645866775,205710.84964538747
2024-01-25,42.05448307092528,42.143137353041,41.70897365833913,42.010178315874974,41.99259552277449,263050.69655878766
2024-01-26,42.86904263504804,43.12032255111267,42.74992088838536,42.9336401815513,42.92683245682699,136804.92075553344
2024-01-29,41.33601105501431,41.583739756965976,41.272709593803945,41.402147899130135,41.41679058613661,299011.61981442565
2024-01-30,41.39772405678147,41.5280774065497,41.30236025090053,41.37214107894973,41.37439945156378,175659.14268939293
2024-01-31,41.68011395956167,41.75753281295344,41.21383893238493,41.728722411290725,41.73748169907894,88989.072047266
2024-02-01,42.16595340348957,42.45092620379124,41.90785835516788,42.16691378238594,42.16753117448459,271549.1432125026
2024-02-02,43.993122249462296,43.96546553978906,43.754085519189886,43.95646158418586,43.95780828200834,149967.81634287763
2024-02-05,45.01140620934473,45.31170841646678,44.97438476123066,44.99900214249152,45.00262536955997,308479.68284661724
2024-02-06,45.00983734897671,45.17319453620908,44.89392897081804,44.96784955648761,44.98000516795528,286970.0039341589
2024-02-07,45.71273667911676,45.80340892088212,45.71033987178592,45.73207251794248,45.72923586368276,227866.17942254813
2024-02-08,45.764398355385744,45.96002348836685,45.5979126296938,45.86195329842569,45.87410476055344,73517.56141417984
2024-02-09,45.85955348902173,45.953828987399454,45.392375160303885,45.784839175594485,45.78843843248322,200017.3764002845
2024-02-12,46.41117885017158,46.67997668511868,45.79334703535414,46.42737102690857,46.43639564399046,380020.3667573529
2024-02-13,46.52222332107435,46.68203135713619,46.51305350696664,46.57485930888195,46.578677602614704,322186.86237251345
2024-02-14,47.51065488579444,47.74382823685546,47.47321974973024,47.48125978001806,47.472955368089934,316721.5812110631
2024-02-15,48.05901813307048,48.12322911247556,47.5557792439454,47.94756571998558,47.946241893497714,140108.02001014646
2024-02-16,46.07650049688132,46.159705667545225,45.90131016613325,46.15517166413682,46.15659894337084,138852.6827812609
2024-02-19,45.80860968658837,46.37744299467969,45.58194199419871,45.82457186848265,45.82999393954128,104699.47818021032
2024-02-20,45.405686090988034,45.400596714283694,45.20612344272831,45.372500776258704,45.36386014525387,44540.101058453154
2024-02-21,48.294686325028685,48.306603051177376,47.854209820533086,48.22256472748328,48.21515937896521,311404.95944852766
2024-02-22,50.53503586211744,51.06179113702278,50.24916141575369,50.52000601848301,50.51256027250127,212812.94956546425
2024-02-23,50.54271567185106,50.67735022138724,50.52951876466412,50.56464281297692,50.56270144931847,551728.2345290984
2024-02-26,52.74182527834933,53.39606807366376,52.71372342824008,52.77895003781602,52.762188448604704,125750.6302756431
2024-02-27,52.31666678873739,52.466849084038415,51.82543021079004,52.37667053633554,52.38674742906916,294881.5754979512
2024-02-28,52.037980245846704,52.31023643215737,51.98214647401289,52.05667693329043,52.05694787327089,560589.9658148193
2024-02-29,52.95660555123442,52.95820821562849,52.73703119742878,52.8803756558149,52.86177950162854,328798.69984592806
2024-03-01,54.18222458440917,54.85629242811408,54.12278601772069,54.24308423538259,54.23792613475701,562969.1125353816
2024-03-04,53.56410425835097,53.650769409202695,53.40082923255862,53.60442125358433,53.60529676648623,117547.55634964436
2024-03-05,53.71764122864991,53.78979980087364,53.69696364662309,53.751088692577895,53.7751124542125,127896.88873034956
2024-03-06,53.257837009670325,53.44878865612227,52.97836067642964,53.21630929508643,53.18911946420845,337027.643835953
2024-03-07,52.62069748709452,52.66369506162138,52.415840926845895,52.65868696276003,52.64370409982175,191515.5294849777
2024-03-08,54.654528623905264,54.8663744719769,54.254400242094135,54.6019255306555,54.60299799570279,402953.5163309978
2024-03-11,56.01073209190934,56.1443149701926,55.91255014458195,56.00706132869028,56.00081054069015,258557.80795872476
2024-03-12,57.76195593093711,57.83470733781405,57.40963839430644,57.76456853400524,57.75364339805595,272394.4333742749
2024-03-13,57.85544412696503,57.94644835057459,57.620641024026455,57.78916821622259,57.781703038271885,133099.48876083764
2024-03-14,56.191939967982165,56.80615495704625,55.82748768268959,56.09145697321394,56.09707813146424,384628.9232705772
2024-03-15,56.92773512190951,57.21667461157341,56.49588400184267,56.90471845650669,56.908932481921546,111751.13984592567
2024-03-18,53.74099243852559,53.72154401837066,53.356916739445126,53.64825036159628,53.65854408286199,284415.6066061268
2024-03-19,54.52571841896877,54.75367440922665,54.355536822597,54.53731845422601,54.53503327307188,187520.76223272324
2024-03-20,55.190208726292376,55.82314322776728,54.789461276918765,55.21323538236027,55.22981202343453,686724.9606313659
2024-03-21,54.251500107936245,54.33195845741302,54.06058629439229,54.28692501514016,54.27899893649415,168854.55322801915
2024-03-22,54.45974160556806,54.69995128073644,54.19876847455852,54.44888728768891,54.441993816362704,315512.712316021
2024-03-25,53.27722445123425,53.29948172689598,52.65581742526055,53.2666689408312,53.27422250991821,170116.98795917857
2024-03-26,53.10607361636486,53.303617125538,52.987946486252,53.05412415071182,53.05085340995852,238197.9884753566
2024-03-27,53.81755251933154,53.79102240690997,53.58871652362959,53.74861343512857,53.7293155067182,200637.36777723805
2024-03-28,53.64601174224544,53.84947378448125,53.53178608072725,53.75661459914903,53.748995845251805,427639.4704611612
2024-03-29,52.48924432281338,52.53596192780377,52.187752062137015,52.38226637117568,52.37948772826817,251157.49700275183
2024-04-01,53.46453004965427,53.84753025296238,53.17471370138842,53.41712668944394,53.401036057381006,196514.7998323193
2024-04-02,53.98712943302626,54.429632196079154,53.40036101188364,53.99238235908359,53.9886985069736,207665.867054252
2024-04-03,52.84978281047489,52.99782774734776,52.683658357098686,52.86644367533573,52.842606600707136,528451.6251950025
2024-04-04,54.11907649253227,54.71655466693902,53.96910021513102,54.01029168927639,54.00238329380159,550423.9463810541
2024-04-05,53.47835867233288,53.58215117724912,53.13130406396908,53.42231291052163,53.42875206759901,421862.7291668223
2024-04-08,53.85308073562052,54.178349388344806,53.80972294072594,53.847545782864685,53.867579852978544,90293.73710095925
2024-04-09,54.8177551119777,54.85443121142858,54.64226398523659,54.77946691454763,54.75948119500995,149367.30316510575
2024-04-10,55.32091731628851,55.666688655539325,55.35495101317618,55.3653577284249,55.40076059915313,317494.4255237182
2024-04-11,57.21104351152155,57.41820330443511,56.74786577966026,57.294111999118606,57.29993029588967,907351.2373377952
2024-04-12,59.31347040044314,59.7641856320264,59.20781545196048,59.49879648048106,59.47473253382137,180037.00598947078
2024-04-15,57.68770034727441,58.05297027190695,57.47413333871568,57.71766542434599,57.72984625684429,269575.3671210759
2024-04-16,58.45698736902071,58.67535270291103,58.0009994034062,58.39004058971568,58.410567107997394,301090.42799764784
2024-04-17,59.56072687979175,59.63905021483243,59.5147740709464,59.589517798083214,59.57909471111456,101295.07205375734
2024-04-18,59.39208061849452,59.8023349353893,59.15171665937112,59.392757352794646,59.41137781801788,84436.09593816815
2024-04-19,59.810247813787534,60.051133092476654,59.752260637254366,59.82805758372936,59.8184413034191,267250.2955985933
2024-04-22,58.782006223517016,58.976401453402005,58.629942679432034,58.79577170468068,58.815788263907,127204.29817206762
2024-04-23,57.95001215562914,58.01973601821435,57.61787600896687,57.92021862832131,57.94591005587007,218110.0399587939
2024-04-24,60.3404750226285,60.41774782677199,59.90740163621275,60.30200413175014,60.29654183391162,410584.2487941559
2024-04-25,61.21545217538196,61.368719706747655,61.160815783388266,61.187432184800336,61.16836612853918,111876.7140237192
2024-04-26,62.10338041892445,62.30287417972988,61.77269126028407,62.10110146746138,62.07839548800823,130990.09602119746
2024-04-29,60.71519195132122,61.34170285109138,59.95612548774193,60.59959466568894,60.58468772194563,128530.65121234376
2024-04-30,60.48429236465406,61.131123332548775,60.4389285348737,60.5168739374781,60.51839859085217,333157.0971862753
2024-05-01,58.634671405422296,58.67313105939153,58.48478715685609,58.60534055892263,58.59802149438138,405840.4848520388
2024-05-02,58.78479739644508,59.03349421051072,58.47960904459844,58.832034504063294,58.86044483526919,65336.18653242493
2024-05-03,56.38187305117439,56.330678983626754,55.69032264643764,56.29347852653953,56.28582005518512,169134.7910090913
2024-05-06,55.89611787277357,55.99674264940559,55.81719205567275,55.87923833076774,55.877890621571126,206053.96944435575
2024-05-07,54.43289182064978,54.65682492891339,54.13993218645364,54.38480937140671,54.37563083350344,235162.06697318735
2024-05-08,54.72880232353815,55.01694432305836,54.2640583419262,54.70996546537023,54.70968033522682,103406.42594917504
2024-05-09,53.508080140934354,53.694146640948645,53.33345436602817,53.49978468475673,53.5018324170295,305645.735418077
2024-05-10,54.6486630691395,54.715886181339656,54.298259600443295,54.55782374400264,54.5575451151761,540774.9747192261
2024-05-13,51.87246224498148,51.92243063672976,51.63819796436046,51.85788461681141,51.84628581367956,390234.1901423002
2024-05-14,51.68131804642941,51.894306495456505,51.561404539355216,51.72235991270438,51.732707585638295,203782.3438332456
2024-05-15,49.2752171894188,49.64173364873344,49.213975385938085,49.28648298850205,49.28410815075108,852288.6504052272
2024-05-16,51.589861370702806,52.02442187841366,51.568900772803694,51.642652279380485,51.66232512564951,166228.97273570212
2024-05-17,49.47070335707775,49.43177255489304,49.244550610740006,49.420114672980056,49.43213746225439,500488.4724197799
2024-05-20,48.26659660190131,48.42635781156982,47.90445778178595,48.32957438746265,48.34177898676304,124803.9023252512
2024-05-21,48.160544501212286,48.40667453350499,48.00852783107663,48.17763494577598,48.170777761,252004.4118499244
2024-05-22,48.46677083662144,48.60334231447327,48.26865819928304,48.451560152026325,48.441845189433984,327841.97959135985
2024-05-23,49.43248010314149,49.55316341573604,49.31502453025462,49.40942495120481,49.390786998156486,527613.903977461
2024-05-24,50.87211109809345,50.99642636210761,50.83289527818042,50.87136601408415,50.88432772297541,88131.71250391772
2024-05-27,51.54470295669249,51.77854668835871,51.27851628111049,51.41596383026271,51.42468092791639,403714.4554182727
2024-05-28,51.98765275231897,52.1631911675098,51.89867299549057,51.97616098746264,51.99229720832104,235365.48034226545
2024-05-29,51.48759644319318,51.67476190612973,51.45633008498191,51.50678689752442,51.48643555672394,166966.51893552567
2024-05-30,52.44596904423037,52.73571475492664,52.270215004440125,52.44479457369211,52.46203939558959,372276.5702412211
2024-05-31,51.62469225600704,51.81106049775238,51.18323945921759,51.5338159510594,51.54140392298095,482627.9416989766
2024-06-03,48.1837805959196,48.447957903966014,47.91050277850408,48.221715048895845,48.2265934253587,1453954.8468920602
2024-06-04,48.16916621471056,48.2521684384145,48.08736097043683,48.1214493703225,48.131652691343,445588.4824736217
2024-06-05,46.69689360653606,46.75152561817792,46.65458949534582,46.715379348672485,46.714216472402015,431614.5662587518
2024-06-06,47.99644020248,48.16943686556601,47.80969432784578,47.94473493228924,47.94923406352259,411928.96943685546
2024-06-07,48.58458296286434,48.69271525243948,48.37292722790877,48.58881384308633,48.57936629017814,82908.79013028459
2024-06-10,46.97152982730821,47.00989000688568,46.85201465179215,46.961697139445725,46.971471477976,136965.89711577195
2024-06-11,45.39870909883747,45.64045852698113,44.96083865853188,45.34648907162149,45.34524533523081,212593.4858787513
2024-06-12,44.12804118914276,44.26702436857116,44.11975850015292,44.1682495404336,44.19752402158168,396244.16629655386
2024-06-13,42.90124134822,42.908453739600354,42.61191010911019,42.8734623113916,42.89392077476096,158370.9702536603
2024-06-14,42.206131091053,42.308664430451074,42.154915635655,42.238706369571176,42.23317131240711,342353.4191690173
2024-06-17,41.092492710741695,41.15133529000419,41.034478361586885,41.10524535369818,41.11989135917455,531886.7727592451
2024-06-18,42.19199784577982,42.22044569946922,41.78470666328676,42.17863574708469,42.17331598792278,177391.50405000488
2024-06-19,42.67842487455032,42.80515426015865,42.55959218428123,42.69799442193478,42.68525298680261,359973.39317507955
2024-06-20,42.83614083637895,43.02423134944132,42.71207005986744,42.86185437385558,42.86100680880505,211877.17999126884
2024-06-21,43.50665105478578,43.605800491155165,43.23966027617519,43.46168247845412,43.45741720079725,268211.5406580526
2024-06-24,41.970543299441374,41.95789438554234,41.83849979613485,41.9529808859289,41.95249947656513,268529.20390873204
2024-06-25,42.05537230178509,42.354285935253735,41.76895294071178,42.03667241155203,42.03702395148338,501837.6797980811
2024-06-26,42.26313121577166,42.33783079137394,42.236937480850685,42.32628646865536,42.32488069080832,424672.292282951
2024-06-27,42.72754893873122,42.778780028208885,42.51282039878176,42.73115916735696,42.71814009730045,381191.91410281154
2024-06-28,42.17266212378818,42.14640883589836,42.04802033866434,42.07142590339011,42.06793051801591,116104.84963730292
2024-07-01,41.83448451421236,41.78757496681787,41.52583546476435,41.78414333624039,41.78299688971815,196805.2677231786
2024-07-02,40.31066803225866,40.30437593977744,40.05343585503487,40.28080853598132,40.28145444748359,152277.426043087
2024-07-03,39.52358769711368,39.62148670525762,39.297308933673065,39.50848391254952,39.50637286709534,171096.87982381674
2024-07-04,39.26631240581679,39.47526151774476,39.13715168782322,39.2685503260556,39.27763961844094,347534.54002471623
2024-07-05,39.61035287674131,39.77143333295756,39.50116929209082,39.63164988370284,39.63221853789979,192323.190231668
2024-07-08,40.83846147326718,40.91055762750784,40.87071623738757,40.90907377810783,40.90426091447468,176866.68533232834
2024-07-09,41.9638332136809,42.04301782266748,41.88925121199425,42.03816177345008,42.03162322126779,123974.62148847996
2024-07-10,42.20309305878382,42.45281541316426,41.918201819399954,42.18515085529327,42.18168639729716,448934.5378610094
2024-07-11,41.46699398465829,41.58566870443523,41.48458096169388,41.52318005330674,41.5476915806141,142442.37180875966
2024-07-12,42.47152242694662,42.79632537707408,42.12250328917616,42.52950249253728,42.523723752467504,348201.05945669126
2024-07-15,43.23228505665605,43.868822046431376,43.22965344832102,43.24317944592809,43.24117501310371,743453.6438391753
2024-07-16,42.55984255306903,43.01409153073759,42.49752883662183,42.51887583683845,42.53079951841127,371256.0962765229
2024-07-17,41.74085735472421,41.70835140507012,41.62724640698212,41.67895550040746,41.68881820097767,687180.1890924667
2024-07-18,43.6258202680836,43.77657866258416,43.57314547932422,43.64615385589588,43.651794266572296,72239.9894750912
2024-07-19,43.92087643691001,43.91774939171893,43.66009601379192,43.9035279519492,43.87549009798517,121672.336878299
2024-07-22,44.79210741475796,44.84597119755148,44.5766618796556,44.72598278672175,44.74398722108545,295951.6312803281
2024-07-23,46.09530951326262,46.33161581237801,46.02165145980052,46.056638905826006,46.070530380766655,145548.37266170888
2024-07-24,46.91278882899604,47.31079143450288,46.83678614922423,46.8865258267877,46.88836982586356,326660.62408025924
2024-07-25,45.24791801911009,45.30813926070835,45.06781257689224,45.28702910900952,45.29114202357814,65402.1610456913
2024-07-26,43.53333335891524,43.9581207646924,43.36019450352726,43.596768401848415,43.59514491578333,346405.29604715324
2024-07-29,43.79682518813353,43.910840990018784,43.65204199448231,43.80244757381814,43.80581472748817,283483.5492927029
2024-07-30,44.38289387676729,44.60477900574596,44.10009254829488,44.41237989842118,44.399825674802045,193081.18947456183
2024-07-31,44.050613632934166,44.22065070695468,44.07692806507937,44.152106478158366,44.14858161918851,86815.0207519368
2024-08-01,43.17009277448437,43.30474536791696,42.87122238327769,43.09787937504244,43.07750493607673,573055.9157427049
2024-08-02,44.966222796033314,45.25983874366069,44.747645361489255,44.98236252276254,44.99347731425456,845889.4346577008
2024-08-05,45.28702346177682,45.31238939581132,45.19343776916112,45.21596301878272,45.23641357723839,212633.44382664305
2024-08-06,46.69539741582094,46.73864566639524,46.50491325070119,46.63122634596007,46.63555864545334,395831.425267649
2024-08-07,48.01456353291381,48.37750036183068,47.97204526586394,48.02389745605057,48.02614438770434,441199.1622487993
2024-08-08,49.14844358588154,49.44542226842884,49.0865919814862,49.10836854994936,49.10491218329412,351925.37151285395
2024-08-09,49.06627254264421,49.23484944540564,48.890928849046254,49.08544155248167,49.10255503764865,290532.7433376239
2024-08-12,51.26843370192547,51.49251623097591,51.32106812237195,51.33588254367784,51.367898156074354,66547.85815393268
2024-08-13,50.03138046287718,50.08248170730625,49.94861870940981,49.980526875609776,49.99278301625744,682532.9153155466
2024-08-14,50.29367294655425,50.35113558925496,49.698177095377886,50.27471207432517,50.27111887635844,265484.80330188456
2024-08-15,52.05014691988127,52.17725791199136,51.78371733194777,51.97427603363589,51.97423642297834,212328.1100398812
2024-08-16,51.76313286041237,51.98085977610819,51.62562021188153,51.731404207838594,51.72427194602717,335017.18789537385
2024-08-19,53.21507966749414,53.309257886840825,53.12586426530892,53.21012185856332,53.216349752321214,609103.7568928943
2024-08-20,52.87325398336039,53.249275822560406,52.69517792651947,52.93761031884422,52.94414382791806,130436.13107849436
2024-08-21,53.13959056542948,53.297392260114016,52.92671815629621,53.0388688550034,53.04633704503763,493460.8826483804
2024-08-22,55.24410847380394,55.33547779676963,54.90393579102602,55.2650339789347,55.28169223639978,249898.99362853076
2024-08-23,55.14031818399608,55.41209798574498,55.05058611362693,55.11933876237237,55.10890067237679,399451.4657354236
2024-08-26,59.26800263751165,59.32176554683742,59.00531391773305,59.26590160913681,59.254548090272365,383460.8232332021
2024-08-27,59.56717140076446,59.509239284977546,59.4467554906877,59.45835490257801,59.465091808072245,172983.27967770083
2024-08-28,59.383622123443295,59.49336667492033,59.02762096835459,59.4441456569492,59.44811197485466,234525.8609450665
2024-08-29,59.870193688037965,60.19791930685554,59.4090004519425,59.92459197120368,59.91550398868058,343601.9595292701
2024-08-30,63.10614854074605,63.065187810859925,62.71144601476716,63.04554639443557,63.02369392356972,191364.2618767144
2024-09-02,61.38388146446317,61.63617060077237,60.77392063725374,61.40043535557992,61.405483594796486,173994.93181810417
2024-09-03,62.65421743225183,63.03802182984992,62.493504424745126,62.65469230108589,62.621527294541,140510.58116694688
2024-09-04,65.66927323799025,66.01359739474076,65.5398368014793,65.61126022726982,65.618922736344,323586.75724617
2024-09-05,66.21384596097482,66.16264261367431,65.67539231882809,66.13421836318692,66.12167173207543,152313.83017765038
2024-09-06,69.41568780266168,69.75233991962283,69.17778218253014,69.5342444298943,69.53173669324663,131705.1433745772
2024-09-09,69.13182152041124,69.08959694040661,68.99202837220267,69.07461356727364,69.08772035785171,503300.6091696371
2024-09-10,69.64731100485584,69.91049397517016,69.4681828750072,69.64686618465565,69.64368328099792,67407.7858447278
2024-09-11,70.58853632642176,70.74684666977393,70.16511308957746,70.53463173914028,70.50850459944195,272337.78671659046
2024-09-12,68.82389263727228,69.31998112035927,68.64607500957709,68.86047132624434,68.87054962777789,543341.632114269
2024-09-13,67.75625990613918,67.86395714020871,67.6517514381466,67.75926200920705,67.7400070201376,749493.3703161785
2024-09-16,67.46417533612002,67.61412562818704,67.25124196315366,67.50463208415944,67.5389245149594,354575.08211555384
2024-09-17,66.16649483325779,66.70733268041343,66.08374215504521,66.13721352691113,66.13051268117081,236172.08201723825
2024-09-18,67.93760545001089,67.95796101841954,67.72741930403484,67.93620137343552,67.95694373268653,308144.9825943819
2024-09-19,67.41109851370983,67.56015680068458,67.28882233562877,67.38465105756701,67.39290783966787,220726.10124394897
2024-09-20,67.17985854010567,67.18154260028278,66.93377584221582,67.16492994320274,67.16610100279594,600566.7269122333
2024-09-23,65.38841825453832,66.31666323600219,65.32515630772299,65.48185138407406,65.45100468648499,261962.6110204181
2024-09-24,65.35197395761827,65.30596504638129,64.94796579092363,65.29280613951308,65.32046056100548,363163.1368856978
2024-09-25,67.13993694161674,67.21207611500694,66.65907306710172,67.14841919916685,67.12100279997208,241722.66816462687
2024-09-26,65.401443818783,66.02777353305007,65.18892952982269,65.43164864367009,65.43733913729687,341730.6238538544
2024-09-27,65.40205672421362,65.66773799636178,65.33564953888899,65.37401775731,65.36978754082477,235684.21164185175
2024-09-30,65.58613475466187,65.68859309180098,65.57460727527895,65.63830370088488,65.61805802368225,213422.1988223977
2024-10-01,63.912148157015736,64.47070161273095,63.63558382442225,63.900200001306814,63.90268423427453,358591.9085025716
2024-10-02,63.14725180984691,63.589361923897584,62.88119570118853,63.14280771045103,63.139300591457136,275655.15519557265
2024-10-03,66.46309397953736,67.00187112282796,65.72247694634957,66.4544810893325,66.46575523457365,144052.00693113328
2024-10-04,66.87416068392987,66.93193792948004,66.79585325202596,66.84646880645202,66.85168490267431,746581.5757842093
2024-10-07,64.9133697277219,65.57241369604797,64.78207001140709,65.01603335661957,65.01867504382221,139057.13526691808
2024-10-08,66.18505301096319,66.93009004722393,65.87414358023105,66.22673785816487,66.21424460443846,602369.3704313755
2024-10-09,68.02632754166812,68.3336095919137,67.98287059053712,68.00618614212141,68.01148383732128,90164.31759565028
2024-10-10,68.02348143914078,68.52194882272428,68.02345980685863,68.11561528957857,68.1005793821716,386026.965994249
2024-10-11,65.85531678290262,65.9566054326229,65.44998965654948,65.87692232281843,65.8678997301933,391218.7447059367
2024-10-14,66.20083966776981,66.71981837558928,66.10364553122653,66.23674865499883,66.2338229876026,1209847.3466937337
2024-10-15,64.79148479521666,65.42903686381365,64.68722357571359,64.82899972817701,64.80980644238657,239446.25686988555
2024-10-16,66.33386827977735,66.43950544812317,66.02212636005122,66.30313549999173,66.29547626700526,302816.48275755026
2024-10-17,65.24180147645562,65.99510151436539,65.24032678111138,65.28492684702309,65.29239931937158,482714.84303498623
2024-10-18,67.39319749232524,67.58111206032284,66.99392519102511,67.33957865607202,67.34193451350724,80776.55475337237
2024-10-21,68.58761694102905,68.68473311070181,68.34398188218852,68.64687445323757,68.6258853042815,239875.0476628645
2024-10-22,67.68069951707456,67.68849544497586,67.14527962034148,67.60094890533772,67.59079472226195,106512.17728545718
2024-10-23,69.8819652748668,70.03856828245588,69.30094595808688,69.8258490302699,69.84060964720643,148850.8745848383
2024-10-24,71.53797146850157,71.64481134436701,71.494854731287,71.64078342562925,71.62578340630063,274367.05889533216
2024-10-25,70.3066149598459,70.30776312982162,69.66631223750205,70.11594273081823,70.10909450947821,110030.50050917844
2024-10-28,71.42324618921599,71.49405656955554,71.2985718826906,71.48072690931437,71.4699925831602,320487.74524388654
2024-10-29,72.89320064521978,72.94433502242636,72.39506269816533,72.84189854689345,72.85657815020865,124311.80254621264
2024-10-30,75.27567074431308,75.55229926756485,75.28593436031106,75.37705368961107,75.36608400858387,589105.4310744154
2024-10-31,75.68078020802113,75.95850090409702,75.6989612219711,75.80592469437245,75.78688645920413,383197.0439042384
2024-11-01,74.1287750714276,74.33910047102479,73.37519232981211,74.2323882294593,74.21454214227374,327255.77616173704
2024-11-04,73.74050809809242,73.86704166412727,73.7211920104771,73.74624325652675,73.72237384039848,855645.614062154
2024-11-05,77.3643519040063,77.49188257782409,77.1942290028591,77.39207356888984,77.41038082294541,380110.3062211672
2024-11-06,79.83176651551352,80.3587376285334,79.73624730440946,79.96203041423104,79.94718131364536,241909.93785166752
2024-11-07,79.3743662740067,79.37411293277482,79.30242087119171,79.31344089652656,79.32014336773345,225752.67988682355
2024-11-08,77.80804151719086,78.06277114814638,77.51868740710373,77.80371562837387,77.81372296828837,430169.8239312432
2024-11-11,78.499114352705,78.87043109940143,78.03296868651056,78.69038010410783,78.71217983479502,264787.22618879384
2024-11-12,77.77523221175782,78.0956984627921,77.65373661510537,77.67113499915735,77.67042370185165,249444.61156916493
2024-11-13,76.76315516874935,76.89364071118666,76.26882852488674,76.739858856678,76.75004039422437,522235.6183361028
2024-11-14,76.46168036810039,76.42878999143376,75.98786641565341,76.407947757832,76.40532780539138,242102.7219536649
2024-11-15,76.3693843566037,76.8732611759815,76.26180682274156,76.5166924127346,76.54195024883678,186500.15195822
2024-11-18,72.67093161086613,72.850070042463,72.38994817445139,72.6453324335206,72.67635941546396,154641.36907149258
2024-11-19,73.29290076269463,73.386866820539,72.92611756385402,73.26103235874761,73.2563709850083,199138.4713877676
2024-11-20,73.85085344731675,74.08024425353884,73.678336859827,73.8778697906705,73.90242912883335,660481.2500820017
2024-11-21,72.62364387510756,72.64791974749365,72.249572102809,72.5408959791149,72.5306166247032,258921.4399515609
2024-11-22,70.7203464236595,70.97013750208674,70.58579594154897,70.69007972567094,70.70706144768702,165177.89443195408
2024-11-25,71.98114693852443,72.19865343730838,71.72675588653941,72.020805649928,72.01081540229053,379884.0314189021
2024-11-26,72.18468887946136,72.37666893345781,71.72708058120354,72.23160207094638,72.25992572858935,127856.49543828332
2024-11-27,77.18233871066522,77.57824194939916,77.24155684400266,77.29766705930898,77.2894770230333,208175.071961255
2024-11-28,80.82862186656358,80.9094121676589,80.68420848872233,80.71390918582499,80.73198507509312,353926.86467448366
2024-11-29,83.32217641108602,83.98373248985462,83.04723165781058,83.41548725627047,83.4261977083737,174761.34454201566
2024-12-02,83.72955866274364,84.43327227574558,83.42732089948193,83.86380922249514,83.87819476017313,266968.6117807625
2024-12-03,85.82095734641624,86.7513794957069,85.08959583899978,85.8103537779176,85.82838938669096,214299.2724092957
2024-12-04,89.41079323897404,90.27558419556313,89.38156679543842,89.41911905492272,89.41470163966059,566535.6415321007
2024-12-05,86.25116199533674,86.64957902323329,85.49505198547148,86.16436954745289,86.18404720137615,545926.2449062591
2024-12-06,84.39009824230484,84.98083709013744,83.27943363861517,84.5745586822812,84.58305616070096,487105.0281412276
2024-12-09,84.2754133970359,84.76322815080906,83.9329263355155,84.27313015623335,84.29712762148729,434445.3527050421
2024-12-10,82.9091999029993,83.38764227888578,82.14123780109162,82.96903519944878,82.95011881174958,130927.3779011992
2024-12-11,83.39629527210293,84.09264948132899,83.16127617307902,83.31628373389083,83.31401013200855,376412.58507702616
2024-12-12,87.3176997317003,87.76481575601444,87.00466046017267,87.3019266448084,87.29833331713085,394525.3871935316
2024-12-13,85.76861452338478,85.95580672124717,85.08545028769043,85.80226518112305,85.7766422211229,354696.22981459566
2024-12-16,86.29740825087585,86.97957699443432,86.31343037003234,86.44401387907641,86.42804112039711,185841.3722087792
2024-12-17,86.04736756616082,86.04741862597086,85.47912544202634,85.97959252030878,85.98070281359003,315241.818534584
2024-12-18,87.5738910952031,88.46486583528747,87.66316624697849,87.68610709065493,87.63287706976095,580044.4041391714
2024-12-19,87.71321792882864,88.00235815192106,87.64584358870484,87.76574507612669,87.80275521257252,68589.07127210006
2024-12-20,85.46789305361033,86.04477978948626,85.15359211102377,85.30860363751304,85.30638884405963,264767.20813965274
2024-12-23,86.12167397766808,86.30591814042495,85.55031057134794,86.1559611001644,86.13237710549039,251392.21369285235
2024-12-24,82.36038895277139,82.73670013434646,82.2083236686737,82.3395550332431,82.31343730994561,95849.5040572362
2024-12-25,81.58774968235458,81.60036027789131,81.17206533298972,81.5600099093788,81.57754288227494,0.0
2024-12-26,80.48064609570876,80.7916019299469,80.19364091722187,80.5003675597377,80.49162240716042,164957.77378000508
2024-12-27,77.11415250953631,77.58577505017813,76.87156867777662,77.06351711479081,77.05307568518214,359840.637186499
2024-12-30,78.59502030822475,78.867449244142,77.97137963977997,78.48991855324573,78.46032585478764,228530.58849375625
2024-12-31,81.3119317549593,81.21321915607506,80.7992096541658,81.20828859562201,81.18255836009857,1350781.4452792986
2025-01-01,86.64672929266445,86.80700713823506,86.40097443277376,86.60355476994009,86.59049682177903,410810.8484714882
2025-01-02,86.79319872278299,87.03000268546842,86.78705767400673,86.85006483876258,86.84716502709861,230465.6636842433
2025-01-03,83.15204775107846,84.02392894812634,82.56776974360265,83.10084342802604,83.10914033936125,287253.1642809047
2025-01-06,83.7620923107178,84.44811844094829,83.52876710882728,83.66631590288237,83.65817791339568,243544.4464799277
2025-01-07,81.84022242640471,82.11171125216536,81.83206329575933,81.85227256982546,81.85774862487936,534032.1404891494
2025-01-08,77.01524130780699,77.96708891102028,76.69260544719313,77.05955929520542,77.08964879662635,428932.28914027545
2025-01-09,79.06431482840622,79.32675758987331,78.88334639498937,78.92868532209245,78.91381071259154,104276.37797165
2025-01-10,79.14220452162901,79.32834006079284,78.51722879542947,79.20216277682054,79.18370936658773,105733.2372153922
2025-01-13,77.5066881558406,77.95656950959979,77.47463073526777,77.57772001925696,77.5425178997459,129245.94312028808
2025-01-14,82.25071730518616,82.4216480652619,81.71893489798656,82.24852720859374,82.23480518568043,1103075.5609325694
2025-01-15,84.27711528950066,84.34220627484197,84.13052709369995,84.2842215846419,84.26734789911681,344605.147570762
2025-01-16,84.46148843202525,84.93874765626202,84.38033852526996,84.47471586462164,84.49706377125194,519204.7988896868
2025-01-17,80.60745671197444,80.71622798412082,80.28225301412523,80.56828671791645,80.53767172025493,211705.0764718627
2025-01-20,80.35943655609637,81.15455092247204,79.87693636241717,80.28323041804215,80.26399153735841,506776.1421793651
2025-01-21,81.97029098371524,82.37338399703434,81.88422046531456,82.06663451361366,82.03097282189734,132201.7721332245
2025-01-22,85.26959972818905,86.05294736342204,84.8736556347251,85.25407557953983,85.23751685548329,300935.124521484
2025-01-23,86.154288325013,87.19239132004151,85.95700689049329,86.28162369935951,86.29545347944008,380708.326047757
2025-01-24,84.81813630565789,85.17988923484307,84.8796985806,84.96875680105087,84.96912360414123,833019.4658958907
2025-01-27,87.75489344379834,87.82292159197245,87.63230498865407,87.7198106027288,87.72708170873993,997352.7445731076
2025-01-28,84.64043972187967,84.87407600045016,84.48890953185905,84.69821956662537,84.70187457019134,158076.61231499532
2025-01-29,82.93691386257194,82.95748867767392,82.93363070606989,82.95193974367687,82.95463200304033,75220.66315198618
2025-01-30,79.23453481844898,79.68319771285894,78.9325087360613,79.238375422788,79.22549673543128,615866.0039456829
2025-01-31,79.44961907374548,80.0494672380122,79.15757466665008,79.29159479194901,79.30283470367694,68947.71858608769
2025-02-03,82.17415096001903,82.31384294094211,81.82811871766299,82.13259976865483,82.17393973775947,130276.56894521033
2025-02-04,82.26201802964164,82.33292726306287,82.02977093128601,82.25919736324053,82.28528071420138,196171.0168831807
2025-02-05,80.39623149191215,80.648008509986,79.76973824993797,80.35965891647649,80.3529105020264,265958.1178162017
2025-02-06,83.15120291091824,83.16843585318762,81.99702024322272,83.07585571461267,83.08582310569483,306151.915706998
2025-02-07,83.97784264527779,84.2537145245214,83.7015267454296,84.04164601708642,84.01645296418053,231830.5463760607
2025-02-10,84.8244258925026,84.77874824708906,83.97656912694917,84.71535543543688,84.74395819642707,442683.50433876086
2025-02-11,83.04170210005402,83.14325850868491,81.6828098950447,82.95474375795172,82.98495300115664,532115.136659128
2025-02-12,80.32517299379904,80.24810039140124,79.83036126208235,80.22835279593113,80.21074776751463,416599.6574131117
2025-02-13,81.12131241244,81.74648172861889,81.09952731190815,81.1531747637505,81.14681693692933,638854.2342534002
2025-02-14,82.86259580622793,83.21547649385974,82.3015210325769,82.86404840556571,82.85767080375015,96116.39493256784
2025-02-17,81.21580816747561,81.82861293971014,81.14858854368347,81.26870284133274,81.26405445024643,742547.0238710069
2025-02-18,82.00095817591394,82.3784975290834,81.81633759234396,81.92729188030613,81.89105071279728,123633.89653356056
2025-02-19,83.61078842631103,83.67924285570753,82.8646879293136,83.57366570346028,83.57174370747182,429353.47387997824
2025-02-20,84.94168050851916,85.16862485884307,84.4362785958303,85.06530587304383,85.06865371101341,196454.724655642
2025-02-21,84.88845688594202,85.13185155451701,84.62844072620277,84.83399714418715,84.84401173531738,355514.3945280989
2025-02-24,88.40671077402624,88.21128354791675,88.06785305992256,88.20975526693316,88.16717477149032,338699.6359646482
2025-02-25,87.15134212382037,87.66174012932795,87.10782628810391,87.27433346305003,87.27528288863968,373310.2090391681
2025-02-26,88.96945315010471,89.88543540738358,88.8866225824997,88.99189610320087,88.97703523152809,413228.8687772385
2025-02-27,91.41734751573176,91.65022958912294,91.33510738154528,91.47379641574352,91.47181680200588,222865.280739829
2025-02-28,94.27050581581084,94.58814565731642,94.06157907058986,94.37518550265092,94.3976669020692,356814.8839830322
2025-03-03,93.54807235232444,93.98653694964264,93.17963136899156,93.57711317170008,93.57356426872654,341906.4306352905
2025-03-04,91.93206635907352,92.3844224468835,91.56556918489284,92.00048834654062,92.01387216768757,446586.9828753103
2025-03-05,93.81471754426047,94.42927355723684,93.13403543769878,93.82736159060092,93.83975322555696,502267.689846292
2025-03-06,93.06685487338042,93.3199689274468,92.82373523000022,93.0503537592046,93.01901031933558,436662.24220706185
2025-03-07,89.42171732149635,89.408246411917,88.68998836244286,89.32426876225253,89.34353276326888,279314.8823435979
2025-03-10,87.00037206610054,87.28374530018677,87.02899906823622,87.09549352418834,87.08677143957085,261478.7044462009
2025-03-11,88.75150412143937,89.66220597014613,88.19181786276764,88.82709725745191,88.84932600183964,215770.41588626627
2025-03-12,89.30854147563888,89.28477509226589,88.5729488566916,89.25916118362436,89.27278644377697,546968.8585103957
2025-03-13,88.13335460596531,88.12798024605856,87.89984261260959,88.00934688146835,87.99453311904111,203360.13733944847
2025-03-14,84.8904372901198,84.9242416891353,84.53628659934559,84.8898119148096,84.86056293719862,525803.9476605146
2025-03-17,86.18760294539317,86.47384533581541,86.08484564374284,86.23269706898323,86.25782317038238,850542.3981003026
2025-03-18,85.19540308996689,85.39188591817017,84.94108390369728,85.35678271087284,85.38339109754182,132115.9347775055
2025-03-19,87.42720118319706,88.32434956077296,87.41964476256038,87.46078132000324,87.48324613748112,76325.10339156362
2025-03-20,83.56517587588012,83.6923799988983,83.43747176152569,83.6100970359372,83.61242914806084,780258.8915209543
2025-03-21,82.29607732393448,82.69088019665678,82.30360035073785,82.48215412354593,82.50085665489128,625932.7313335497
2025-03-24,79.19359413306948,79.52993033512875,79.31860698021306,79.42679220542382,79.42444033736459,433031.291553116
2025-03-25,80.08875105349313,80.3247370815031,79.09175632628734,80.01187791747486,79.98975412635404,195996.2446321915
2025-03-26,80.42090661379176,80.56619852711309,80.22231962609838,80.42330623237469,80.42686970605644,141879.18435967082
2025-03-27,83.42493346994078,83.96618397287064,83.48063926629978,83.61818629639397,83.62418153385899,83376.62689668397
2025-03-28,87.14176570075247,87.45842321733072,87.04849145881077,87.06848426651737,87.04661373265019,104720.75826861626
2025-03-31,85.95514635543708,86.69174700423923,85.56937584527724,85.97268214594524,86.0171820599005,372850.79530924425
2025-04-01,87.6483988559686,87.88046175705838,87.44682049310913,87.70153750729042,87.70497317678219,182807.22972716275
2025-04-02,87.85168824512654,88.0004588350704,87.58405357741175,87.76628576952133,87.7591329258231,148342.2878730652
2025-04-03,89.05716768816772,89.12147544404311,88.74964459256789,88.99954075350213,88.99489384332654,243054.1968620285
2025-04-04,89.82177316133055,90.19797520205248,89.63354909173972,89.84236873454213,89.83966032308278,123879.29452777292
2025-04-07,86.08260755776205,86.39089980375262,86.07489424658394,86.08255731465394,86.07462731089241,356506.4039372605
2025-04-08,86.93286171865151,87.05224785005163,86.00005330317096,87.02541625733909,87.00929966793944,0.0
2025-04-09,87.22394873551256,87.39456924819554,87.07789221672253,87.17612877358424,87.17929897063559,314974.6370593977
2025-04-10,85.586375988611,86.27315112887625,85.1999660409385,85.64970909548697,85.6469747448287,261731.43236419556
2025-04-11,83.9057102234528,84.11825345367552,83.76171889061985,83.84670804689661,83.87231336474238,319693.42955535353
2025-04-14,85.4085266201871,86.22038611936959,85.19165736562849,85.38705999389592,85.41625177756723,554883.6999872529
2025-04-15,86.06424912035936,86.89309990655572,85.47722562171376,86.18709574112867,86.19330906625486,268981.646659882
2025-04-16,90.10007285996956,90.06882145886513,88.5567492405975,89.98552976202676,90.0192024821108,394675.4443172246
2025-04-17,93.61792028515534,93.54818028284387,93.50162174207536,93.5353966582669,93.5034650149596,411707.0600236786
2025-04-18,94.62109939379232,94.94522815170704,94.21862016769428,94.5513573863375,94.55722047872504,641605.8101084979
2025-04-21,93.77315127185486,94.0375808737762,93.83415511617764,93.96532551267128,93.96995425999444,690077.3249895717
2025-04-22,94.6272789364555,95.4942478628506,94.44985635480684,94.83711734166296,94.83548474284406,236432.51377051228
2025-04-23,98.1072293756605,98.33697746966467,97.91753961676643,97.98720228350912,97.92847253751516,353592.67468897835
2025-04-24,98.67732661886728,98.94818563809956,98.16593756619972,98.93896616048048,98.97458023682748,358570.4073439709
2025-04-25,95.112912857798,95.3666102324468,94.66747433730532,95.32091764436052,95.32855872058732,392043.44096857926
2025-04-28,93.0154678234757,93.71381947633688,92.85580027006296,93.1438475978678,93.15365437825386,229546.32322894147
2025-04-29,93.47886617616902,93.61905564218893,93.42045277532644,93.5794705085922,93.60520732053756,161814.5984865598
2025-04-30,89.70738926926713,89.84194026004681,89.35673717622046,89.55663816559839,89.53709102515828,108288.24756348244
2025-05-01,91.29770710834714,91.8377005760189,90.91665771640297,91.33744390967672,91.35830142825162,426142.6810567394
2025-05-02,89.71413912316861,90.2391575044504,89.80891097025678,89.96365321920693,89.93488693852682,153390.1169026215
2025-05-05,88.96457906739269,89.72411790025738,88.74835332797113,89.14813737009925,89.14614024455604,717719.001145323
2025-05-06,94.1332007981695,94.72990424166464,93.68628863548496,94.1225372723792,94.11604189266522,203143.69875843645
2025-05-07,92.68425049562596,93.3524556004108,92.3828219050472,92.7776920121086,92.7802714139801,202640.6771374366
2025-05-08,86.38387507901129,86.82456742720316,86.25636752126225,86.28624724679636,86.3065531889833,205865.34181959223
2025-05-09,84.08341158710014,84.50209182367132,83.0947642598624,83.95055702345047,83.9669576607404,119215.75053536528
2025-05-12,82.33251387696941,82.6562450343891,82.35530143757944,82.50748448047541,82.45639436638508,500439.7184026858
2025-05-13,82.6258885934916,83.0178038865275,82.04744308903773,82.46044933222662,82.47587832638322,76449.87233521561
2025-05-14,84.72593589195597,84.64004125274248,83.8309896974499,84.57630351304675,84.57639627605738,152441.24407738663
2025-05-15,84.27409521456812,84.41680440329328,84.07003278702935,84.19353779517195,84.18479278383776,270136.7053690049
2025-05-16,88.34183011526677,88.32962573383703,87.97376622861069,88.22638374604469,88.25071678533425,185038.2819052023
2025-05-19,87.42248602159381,87.6974443792611,87.14566085510323,87.65283472474476,87.62908919793935,215324.27571735223
2025-05-20,86.19682369614107,86.66325568484727,86.1397783164363,86.24527553720226,86.24422794973947,1349847.8164182564
2025-05-21,89.81979901733575,90.35150395285643,89.81682430857393,89.98121588557943,89.9437425272218,286924.156220147
2025-05-22,87.94018160493162,88.06761838790766,87.23370234354127,87.90307484346931,87.88610589652527,492077.9951089776
2025-05-23,91.94470314807684,92.8387169360033,91.8410727984496,92.10841317391886,92.09151720528864,327094.03812101507
2025-05-26,93.54317096040582,93.88886904205866,93.44036080151992,93.51205156980764,93.52215286111036,195790.04392134032
2025-05-27,94.18849776568553,94.17152665884709,93.71808740052222,94.03125166262448,94.06080700430466,188924.6247197964
2025-05-28,90.12406968320224,90.8251340431151,89.9899794408561,90.03756738580343,90.04973818872824,221972.88362679185
2025-05-29,88.49593506586284,88.69425043217969,88.23253447365143,88.3856161558842,88.41027866001721,448492.0254273318
2025-05-30,86.15828604269464,86.27252520654406,85.91404635120516,86.22916021687304,86.24024169591732,325628.7689502532
2025-06-02,83.484302424982,83.66833144962872,82.83761607522385,83.4710799353998,83.46121658792279,163438.909080491
2025-06-03,83.64958478451723,83.53835830291001,83.25746139164495,83.49103309264167,83.4835213498952,201233.5294513041
2025-06-04,82.27255594948761,82.7364779743396,82.26265927016122,82.28150770250828,82.25506489447028,261323.1915520444
2025-06-05,82.64487498821849,82.87188796576423,82.72354855461074,82.73883513802137,82.7120187938501,263369.6480390543
2025-06-06,82.81591775786497,82.95076030464246,82.526559610321,82.81546805927013,82.80089572715471,212533.05845893265
2025-06-09,85.70830396182932,85.75209223564609,85.22605472807477,85.71464404317408,85.70101672590549,393917.15387325
2025-06-10,86.86451048421448,87.76737786808691,86.48321072718771,86.90014665217019,86.8673875839311,535999.9891553014
2025-06-11,86.73258101305088,86.95862420631491,86.22848315318245,86.82059127585217,86.82379480856201,276186.13756738004
2025-06-12,85.73606852187744,86.7850947779335,85.07662669249903,85.7033450916867,85.72999902923357,106615.00439375007
2025-06-13,86.69653418837336,86.83038548604614,86.71063446842429,86.78386048003595,86.74193675609065,194113.9629489092
2025-06-16,85.62683400441944,86.17571050008047,85.13088683177594,85.53810174112746,85.5133475203545,178051.46360178414
2025-06-17,84.24155239572504,84.42782456692024,83.5724745551477,84.14845572194695,84.14086695916954,184743.59360260848
2025-06-18,83.29331933639445,83.46895113692494,82.73870851470308,83.24883554460052,83.24684073304952,679819.6772864284
2025-06-19,79.39632812050333,79.53637555478277,79.10283647632122,79.32039300431765,79.3269049009595,291838.386897482
2025-06-20,74.62787294825688,74.85492150914682,74.52789200073806,74.69303653487944,74.70159594394873,533372.0051208263
2025-06-23,75.33218846592426,75.47797500351298,74.82330424492213,75.22790911473739,75.24090038835705,334690.7279913607
2025-06-24,75.23823772106344,75.35435637958209,75.19605244699721,75.26631630594956,75.27793474756767,232151.42008814905
2025-06-25,78.55814930870119,78.62053249384957,78.2378110247609,78.6021155523945,78.58445727461063,348339.8268051515
2025-06-26,81.42134267070078,82.02625932483711,81.34493892630424,81.54614067473254,81.55303273639569,222719.0916463977
2025-06-27,83.20761254756528,83.35804518935774,82.22709339896394,83.22900496574533,83.2541213954563,167376.92117932186
2025-06-30,88.74938077662092,88.94385538651785,88.52184631246341,88.89961674589269,88.9120719379133,125792.82709762112
2025-07-01,87.48939626421242,88.07596284462794,87.16308263290246,87.45243532715642,87.47964703282919,413482.00131913385
2025-07-02,87.97556321310651,88.09072912710012,87.75079990717961,87.91064096273516,87.89891052009379,220613.83600229243
2025-07-03,87.96658383888229,87.94797337036837,86.67782984104178,87.89601205687762,87.91684481597986,522524.0923283597
2025-07-04,87.57875165326692,87.74543511152673,87.44770164687333,87.62698886411302,87.62882627804778,146775.33432508947
2025-07-07,90.53982159364963,91.24848031503085,90.25838802786214,90.37659381249016,90.40359139024204,223311.56581830795
2025-07-08,89.83500758107199,90.05435718715374,89.35475809564964,89.8076858274882,89.82445088321175,248355.30957179936
2025-07-09,94.01733408671667,94.53840573368691,93.93262407905742,94.20628781919362,94.1925624121783,448043.6748360129
2025-07-10,95.23138608664432,95.71390669652584,94.756256298761,95.2434357616416,95.24263288043146,148023.7709731984
2025-07-11,95.55170694262604,95.83908959733697,95.24152638977348,95.3976323451511,95.40417756742974,204502.52039791137
2025-07-14,98.06730898070174,98.78149827064522,97.89735265238969,98.0919804732889,98.08992603158406,121463.0185177208
2025-07-15,95.06880876966756,95.14812480926356,94.75437534825872,94.98407268459036,94.99031925716736,250670.98079968576
2025-07-16,93.77655606681272,94.77021164131769,93.94711116413627,93.99310259460076,94.0106664639827,329639.6109705904
2025-07-17,94.4907987851982,94.85692133215272,93.75140577617344,94.53447761633728,94.58273140921813,161538.36035677834
2025-07-18,95.68425864303698,95.7155658646622,95.29009801829268,95.67353908484736,95.68281597574068,545002.9070836165
2025-07-21,93.87672852903356,94.03160993131,93.07408543761788,93.86031601102478,93.82641523326372,194839.0802558753
2025-07-22,92.02558777207588,92.61303650219728,91.57316218848682,92.14777393944364,92.13479168786483,647955.739388708
2025-07-23,91.11968817590802,91.29469653320956,91.06599707146232,91.16458917925604,91.18241512197172,289626.51831600926
2025-07-24,91.70953505685549,91.93980011754716,91.2482274071412,91.65141529622184,91.66005077006874,740363.1992740411
2025-07-25,91.04205855928684,90.98732503331745,89.87459362800794,90.94955706297183,90.9229039763623,872993.1235983099
2025-07-28,89.80294370003979,90.24435179400248,89.33228382246041,89.81601033513171,89.78372301753389,600583.857401697
2025-07-29,89.57134242530572,89.7264136891514,88.89738829793875,89.52011927544251,89.53408232214821,84938.62605659444
2025-07-30,87.60862281623832,88.56311647686613,87.675531668554,87.73408743576564,87.72572583141225,269633.94409403164
2025-07-31,89.79912826291103,90.1600005977786,89.30730064437947,89.80776827459955,89.79471968975902,211342.2316010608
2025-08-01,88.38553464191197,88.80010524987648,88.27385703082808,88.32534170614721,88.33692971713927,565644.2528601318
2025-08-04,81.31402517661604,82.06483242425695,80.87026728435418,81.40184111877846,81.37541648036756,412770.8105630145
2025-08-05,83.52109869780892,83.96995879656048,82.99463252462297,83.51859456610721,83.52400672953571,261501.31327605472
2025-08-06,84.05799519402592,84.12646180959075,83.96442282347633,84.09437114739943,84.08706279710397,365191.4951644396
2025-08-07,81.17802386678082,81.5353782764221,80.89252600669298,81.09430226332832,81.09934773441543,367772.76066873857
2025-08-08,79.86498412341786,80.09576915156818,79.54031051247455,79.83335253746003,79.832844967189,386005.7689422608
2025-08-11,80.95562555698439,81.09904928317734,80.71770489203669,80.95579527347624,80.97646409388672,166280.9758480972
2025-08-12,81.28307590955355,81.57260446416058,80.88790250743102,81.25064652889877,81.27848627873199,555987.2388780523
2025-08-13,85.01780473814082,85.19345219400722,84.38714913476211,85.05057570840391,85.03776647346058,205526.7375212212
2025-08-14,84.24657216029128,84.61672791209666,84.22430505089294,84.27383799532569,84.29242320257966,226450.53775421483
2025-08-15,84.79096757129264,85.16400336129739,84.83729207874978,84.91995449187633,84.91660396038452,157278.9324823551
2025-08-18,85.06673113443658,85.22650839707512,84.93349886790507,84.98415420021567,84.96729156859996,635170.5844871545
2025-08-19,87.39828774668273,88.17926465473913,86.33942897988149,87.47733858730022,87.43652254968555,292615.5352972522
2025-08-20,89.754476708017,90.12354117944685,89.10768546515679,89.73719280004808,89.75126216646592,252573.95918983247
2025-08-21,86.59592243985924,86.97882879118146,86.60718713994856,86.68862915161537,86.68507828958994,148879.09264293118
2025-08-22,85.39962213858142,85.83549583777678,84.60773709587768,85.19922534677788,85.20193672852346,459589.23033406376
2025-08-25,86.5726190019394,86.57039675317695,86.47907218792706,86.54131813813727,86.53554509016807,332154.8548304483
2025-08-26,86.47043648354025,86.88469193074869,86.03588183246609,86.42529562541233,86.44986700429902,117381.9949343368
2025-08-27,86.12342574208407,87.08937229113818,86.15543937596024,86.24968588069241,86.2551554135218,313853.0277334435
2025-08-28,88.69884660094564,88.82979585376471,88.41575695459066,88.56566277017154,88.54742188256796,118293.0805671634
2025-08-29,91.8863048550264,91.77036228877132,91.62111763000355,91.7231689195986,91.67428797530704,101889.57783779484
2025-09-01,95.12321903115138,95.21008640475416,94.70944956528994,94.99090645911032,94.99459732214656,313932.47999960434
2025-09-02,88.5149261615555,88.90201872951174,88.34771564818175,88.57500665088956,88.55128989348006,323236.89207205025
2025-09-03,86.48220291782769,86.84519930522147,86.42681053493001,86.66777335035533,86.68608665421549,328441.6969066637
2025-09-04,86.76500712060356,86.94857067179974,86.43070619814445,86.65768697702221,86.68609840241518,420625.975714485
2025-09-05,88.67202883685968,89.88526396078697,88.39309695484158,88.5916533442812,88.58078696637243,206428.84683339164
2025-09-08,89.4356081074863,89.6409158025977,88.77627582494297,89.38258283208916,89.37357534470028,750042.9410542253
2025-09-09,88.31787628485068,88.42827535247555,88.25506632108853,88.26457118944207,88.26702485061683,171637.08655364762
2025-09-10,86.8789672143268,87.49533770757147,86.75829979811624,86.95220789168101,86.9441686111904,130913.282562985
2025-09-11,90.36111274786798,90.60749411267652,89.74053847097667,90.35298155356064,90.36555816432356,158372.46500515178
2025-09-12,93.31703884953605,93.69323739024846,93.03184041285913,93.28963812665168,93.31499552517606,199929.4425497041
2025-09-15,91.5789800094509,91.99385079742332,91.18699052138992,91.47185632794354,91.46035922530656,134302.30129703943
2025-09-16,93.53729262616504,94.40177482117733,92.57160410478951,93.57055046395452,93.56169065081986,405241.828320023
2025-09-17,93.70872447047498,93.81975725381622,93.03043388393884,93.76734708057144,93.74548637613384,275910.4489692752
2025-09-18,95.20324105319092,95.4815741447404,94.35027519038545,95.352268606717,95.33366692367508,124039.63436266956
2025-09-19,93.48814361619776,93.55729701998348,93.11346885193916,93.52621309220888,93.51247592726068,318661.7262455143
2025-09-22,96.2828870112862,96.57022523019415,95.8216385882011,96.39129037061517,96.39923876100356,461565.3370848248
2025-09-23,97.65062859339282,97.83031345977268,97.1950947828836,97.7744156752487,97.7855635310696,591743.2516541859
2025-09-24,96.61490238012952,96.66386810905009,96.14540741310368,96.6465622911133,96.6118051475656,123510.58661902444
2025-09-25,95.16829407419029,95.42611870437206,94.92201818164358,95.2670053826462,95.29357304258195,248020.48122611397
2025-09-26,99.90668075989645,100.03141397752712,99.60998641541704,99.71866274455432,99.77147874827962,140179.08346732703
2025-09-29,102.30486201973513,102.72369601961124,102.00120115897904,102.20964435930284,102.19925586860498,93410.47836179342
2025-09-30,104.78611432607396,105.007644078329,104.73739552899154,104.85964495095536,104.8566590493209,119289.73749953334
2025-10-01,102.6854986217818,102.93992759281689,102.34822751955836,102.83799172985134,102.86042081044972,614216.987095556
2025-10-02,102.77775084537124,102.84479504712978,102.0064533854868,102.69843474476517,102.685419025278,492966.0810561226
2025-10-03,104.4153176306196,104.59890146565375,104.11106189434898,104.31245316447118,104.30921093204114,251116.3041525212
2025-10-06,101.98764916620377,102.84809127807765,101.64501502967131,102.0789803705468,102.07758090087404,396363.5401453245
2025-10-07,100.0534015204707,100.54927517007673,100.06887410028165,100.10608122957736,100.089166847223,604082.971880535
2025-10-08,101.53492434658222,101.63123441837824,101.4022151471639,101.61614896595904,101.6361356556896,881660.2267550206
2025-10-09,107.08524795559929,107.91866401195551,106.76439499924612,106.92530730499278,106.8791476172162,991757.5065877252
2025-10-10,109.4646580632962,109.9494662903648,108.29959025739288,109.42650552277064,109.49087058810984,111647.11931320776
2025-10-13,112.16231055226235,112.81993284395412,111.82350928837737,112.1195116085818,112.12789554182392,313760.57722294115
2025-10-14,110.33147151140923,110.68437351925276,110.11387512604767,110.29420258315322,110.29326923895282,105843.45184756252
2025-10-15,108.31048945797365,109.00578266739114,107.82525698530496,108.307623819448,108.29268601402973,162247.1118765641
2025-10-16,107.0575864637058,107.86833463393674,106.7361220764693,107.24217870477908,107.25610687743668,203629.81585481623
2025-10-17,109.03897684116644,109.44123558009925,108.68520247648134,109.0817774417448,109.10898920337034,183923.1357757938
2025-10-20,111.40012637722356,111.65226321452911,111.52062256983292,111.52388363895766,111.50966995929043,363830.84016048384
2025-10-21,111.39441322186342,112.1319204171334,110.861068018842,111.39576370702294,111.4027517947877,181717.2437506967
2025-10-22,109.63908134454364,109.73784930885864,108.99251640217824,109.708111233609,109.668546727806,601244.7907409478
2025-10-23,111.75313131618456,112.37462987837392,111.38753607512466,111.7616215620814,111.70669251606935,188636.8694585381
2025-10-24,111.219282829077,111.44330427088606,111.3528611096806,111.41336170524718,111.3898901628194,515806.65439213207
2025-10-27,113.55316643960712,113.8767005216248,113.40620433309007,113.48479013868015,113.49665060923763,517466.06381137937
2025-10-28,108.70751297070788,109.32022612378763,108.41033443838886,108.77374993867495,108.75289363682516,333729.67865658103
2025-10-29,105.7240045254684,106.17726038503916,105.59515675993272,105.72560887076972,105.73826713280944,279329.03135613474
2025-10-30,103.41501608650606,104.369430255667,103.33207575928532,103.4590848446294,103.44583728152654,395028.7077613319
2025-10-31,103.47212863938655,104.58224623980692,102.43191582450032,103.43418974964152,103.450007663884,903877.959815996
2025-11-03,102.83993085065391,103.19616584280536,102.12495032819136,102.79589159288766,102.8063140144038,124750.64901631724
2025-11-04,102.18434630405024,102.3654692933154,101.8570628935492,102.20574259686704,102.18383398497788,339426.782824875
2025-11-05,103.18681638528142,103.82223031095644,102.87888390871792,103.17168249336233,103.1468590119264,371604.4874786193
2025-11-06,106.85444523860724,107.16506807213048,105.94162465027756,106.77205571809284,106.76066623350223,236614.9066505068
2025-11-10,105.75150820855256,106.1620815398084,105.42532045672874,105.74236756553414,105.70914774761675,605424.2630476478
2025-11-11,103.39035344223558,103.37708820302758,102.58806287886333,103.36451268279949,103.38685980448248,430523.1848936999
2025-11-12,100.9452311329688,101.270857113769,100.706681618173,101.1354972356072,101.16898841440984,502616.4506901987
2025-11-13,100.20281479579891,100.6704428308308,100.20627752445348,100.2632713029394,100.25409757025534,428257.2141528055
2025-11-14,104.12534006210734,104.55252360848854,104.03905465719951,104.07922997018858,104.08634749911826,258212.1101948192
2025-11-17,108.4690477225238,109.10500335143342,108.32940649381496,108.52999761402133,108.50343772298636,228557.39205759685
2025-11-18,109.96486064384732,109.94367526247534,109.24258749962506,109.88940849528151,109.92724221751304,422951.2697498048
2025-11-19,113.07543068867018,113.53491214786106,112.00374212461688,113.16553590245914,113.18222543766488,431736.4212340729
2025-11-20,108.27593674303311,108.59915936659296,107.62504701010933,108.09985942923956,108.10891097137626,347309.66736489953
2025-11-21,107.7411964084164,107.85243454815657,107.08301205761636,107.7027549177819,107.68521890292536,368906.3650482314
2025-11-24,111.4624508876958,111.87826161955948,111.17692682543506,111.29914273666785,111.34584384073564,246459.6485907396
2025-11-25,108.51324170333956,109.12124974214136,108.27926572260792,108.46666843062188,108.44788636573156,156815.87107224297
2025-11-26,109.86188872069684,110.85718095001909,109.95125614044632,110.01339852160812,109.99830368162046,986543.4941553436
2025-11-27,108.92189214205108,109.89379694435694,108.436833217366,108.86837299574768,108.90781596647308,611836.0665529504
2025-11-28,110.29068217587294,110.55594716865544,109.81725727238172,110.07675795046268,110.02699663208064,203018.0598040828
2025-12-01,111.42291392983232,112.04223004257564,111.09382316415136,111.30914156166892,111.32024190133768,142310.04149401022
2025-12-02,113.93253743670878,114.44263833118822,113.83150375631207,114.12511827770965,114.14917352096,231802.8828615016
2025-12-03,114.28533069905924,114.761001948643,113.85269242567652,114.30525314964984,114.36850459197755,159049.0816011282
2025-12-04,112.32694034708996,112.90456839135368,111.5829963287618,112.39055060105323,112.36708450006292,238750.37199257975
2025-12-05,111.795214573349,111.96098788519676,111.5959925634224,111.84236802085115,111.81060446702224,498899.1539102091
2025-12-08,111.23653305021293,111.26321647244713,110.26476279705344,111.21793831126134,111.25255983489384,183776.75929897404
2025-12-09,108.29747075783514,109.3246945066712,107.8604855415536,108.28410948542968,108.30447501100257,261511.53260727515
2025-12-10,102.69662912876232,102.68041641674225,102.50779845244664,102.6060779457104,102.58361597237332,187102.18137520383
2025-12-11,104.9932694290728,106.22023283047596,104.17371926153564,105.00916578364026,105.01933328817825,543507.4415818967
2025-12-12,105.11117707357432,106.21486994029898,104.7539395489797,105.08597416478082,105.07983645359616,264515.4840637013
2025-12-15,104.55500496724292,104.58347916585085,104.40198638057684,104.54432677893104,104.50190326712467,191841.76633977157
2025-12-16,105.84390930837723,105.94396188140938,105.58813790985174,105.76181980477736,105.74367827080198,128690.3567070286
2025-12-17,102.13740864014731,102.33559680601394,101.49854872732924,102.27019324843911,102.30148273395812,88133.29886613239
2025-12-18,98.58865363343024,98.66648504882396,98.40936855344138,98.46369066966236,98.46850046051266,284891.09931755066
2025-12-19,98.65755187360269,99.57938934727488,98.00191964485676,98.66983626430032,98.6897249176691,149489.6496206016
2025-12-22,100.85477661124676,101.23270208441876,99.68244442488096,100.70316278712308,100.71728551536336,239949.49800540137
2025-12-23,98.53210022180566,99.06353534231224,97.60632984373102,98.50977673385512,98.50508931981106,217604.53623898735
2025-12-24,97.23960854242068,97.44608458282778,97.08419519720896,97.25836111142068,97.26377790683615,97293.97123909276
2025-12-25,95.16511758464266,95.41485149479892,94.5197255309142,95.17913402029284,95.17012253601392,353266.9071347769
2025-12-26,94.67410300869122,94.85617235034732,93.50336371641802,94.58240213594904,94.57035260699077,262418.62095286406
2025-12-29,93.68225032538965,94.69799936508996,93.09095102893038,93.77371849973665,93.73899857593068,285397.9045561636
2025-12-30,92.28765111942208,92.72797583406329,91.93469607569196,92.2191890022814,92.2134259437363,310445.7238218962
2025-12-31,94.44139410937122,94.60977547272924,93.83320517926788,94.29797318871331,94.29532041056412,260823.37811275956
2026-01-01,92.62889420947948,92.9857064576938,92.37926386249062,92.66128790434432,92.64111648811452,386055.703429099
2026-01-02,97.07296350812958,97.24451084885656,96.49840964742526,97.14002540616691,97.15008496767464,238152.73587388595
2026-01-05,98.8493275379046,99.15274948739784,98.75214544045984,98.9025000175642,98.92723821691942,550362.5771478512
2026-01-06,96.56315875892447,97.31062384689456,96.22722334600856,96.54814284544784,96.53217364644476,221292.33610226275
2026-01-07,96.43101015703115,96.76541719101772,96.27528617797115,96.54681226466836,96.52808909105588,339390.56798013434
2026-01-08,94.96548955335312,95.23209436773752,95.13354563899522,95.15498883757014,95.1657574370771,168859.60825232542
2026-01-09,98.92796048454744,100.23675976802691,98.87787096170716,98.89930607289978,98.89731564962064,543408.5115124995
2026-01-12,96.5944055819704,96.83421931638956,96.21180587988968,96.65927431699949,96.6718361880604,422955.0382856437
2026-01-13,95.34823228337495,95.98037828022096,94.53662755276804,95.36594533138582,95.37314510901416,322874.0589842663
2026-01-14,93.64611310352564,94.26654905577212,93.3564173548389,93.67243591380873,93.70833934371,243092.77678837717
2026-01-15,95.30614885888028,96.20266273675874,95.46421848363867,95.47212492717756,95.5047738154134,375230.0128201667
2026-01-16,95.88271035486972,96.087259932257,95.51412992647852,95.71528195637558,95.70103406275486,120705.12277482158
2026-01-19,101.3047138527466,101.439824248804,101.16857808945,101.31353142317629,101.2763683687163,209055.9877673425
2026-01-20,103.02866457829006,103.84436087998502,102.63323380162365,103.07109016712678,103.1381176787886,947783.5132343884
2026-01-21,107.35321192061632,108.26075067895306,107.06862704512692,107.43720717227777,107.40523560059512,283050.5577106973
2026-01-22,110.94418611207044,111.04873631919428,110.00229817679352,110.92806593436008,110.96692730595448,143279.01806762363
2026-01-23,107.44656116912807,107.89323893616098,106.73308075804027,107.356196478243,107.37869934122368,175585.34721538497
2026-01-26,106.51066275715208,108.24510979586051,106.1782287207751,106.50964875499672,106.46178989666576,261540.01823103745
2026-01-27,112.02408823613337,112.26193123308175,111.46704065621924,112.08642841135304,112.11890710911904,262602.9820882342
2026-01-28,113.00642819731836,113.11646627593473,112.45626310448772,112.72643635737624,112.74438945302796,930850.2583154222
2026-01-29,106.15202778269509,106.5665280589719,105.7968515258428,106.32142345449938,106.31801532228832,407259.5734139557
2026-01-30,103.85888189232428,104.19635231287371,103.68853559156427,103.802538167285,103.81932865717802,663498.2139514867
2026-02-02,100.60420834117706,100.9792695687448,100.41540684646591,100.78028962876506,100.79871200957945,340250.3652586649
2026-02-03,100.78791896308944,101.0533423095167,100.82808129243855,100.93946958826524,100.93297486126248,594257.5806719277
2026-02-04,104.8151351548726,105.25152387014433,104.65914198909056,104.87231963962016,104.82305044595604,258104.8667919853
2026-02-05,105.8074970735826,105.92185572680772,105.3095637713537,105.89043147233068,105.84546312807228,184165.4677275844
2026-02-06,106.5314478552112,107.33422146276554,106.51206468474842,106.60734263939692,106.59618258306357,406798.2778626644
2026-02-09,107.36662856481648,108.28000599653858,106.64547777611044,107.32798122325497,107.36178483752066,337252.956156969
2026-02-10,105.01368111849862,105.14599770181044,104.05769967112975,105.10326633780667,105.06252015343352,172211.0756024029
2026-02-11,102.79533080992472,102.81300222723137,102.03295274305266,102.54428536504064,102.54505841776732,441013.65278828406
2026-02-12,103.00082241389828,103.00911567088976,102.69892279854768,102.91858258893627,102.88191421524176,670504.2722407624
2026-02-13,99.8622394804143,99.98858592833336,98.65945717188954,99.8513241695639,99.8592206065613,267698.6090078712
2026-02-16,98.4221052668686,98.31136369411672,98.06284063089116,98.26676120988937,98.2400361636857,718984.0856849703
2026-02-17,96.5308393780863,96.7328249739633,96.56271648162873,96.63015398821668,96.62306303796788,486561.1762670772
2026-02-18,98.9071395286849,99.35951620720375,98.80370608333992,99.00040742702755,99.02166196125924,140461.01805509886
2026-02-19,95.49884392202394,95.80476565278047,94.82809671432356,95.60121435734656,95.61032521692528,504208.828641788
2026-02-20,92.06379553841482,92.63024385350616,91.74926865296368,92.00285375771422,91.99111200734636,185210.91718522809
2026-02-23,95.55659732411314,95.82749227627464,95.3411223086863,95.40960922322488,95.3699834616082,404694.1742687381
2026-02-24,97.81923238867915,98.08246929305874,96.81516324912616,97.8581321610648,97.8543617799529,108286.90056367085
2026-02-25,96.78126184885504,97.037484809492,96.2443504464334,96.7612905113006,96.75805816042818,763514.1134939492
2026-02-26,95.07148206988992,95.85872654351618,94.99189696918867,95.0259158675594,95.01876580575048,148165.62909587784
2026-02-27,95.90603619895327,96.78516446006525,95.69107887264096,95.94858497384064,95.91209640691152,105573.17752251711
2026-03-02,95.8471934640008,96.52344713735404,95.03194515552916,95.87692640527396,95.84540786598602,222235.4013194449
2026-03-03,99.56728087760172,100.0991333967472,99.52399740792931,99.6530027785159,99.66451260673328,243527.38602682392
2026-03-04,99.71490831585032,99.9281662268919,99.31058643862498,99.70775176616718,99.73910035752964,176739.1989931385
2026-03-05,99.42956589275283,99.55124438090448,99.00674938417524,99.48076413274904,99.47457948536892,238887.94581729
2026-03-06,102.74933566713187,102.8848339502189,101.50389205304715,102.75669087470588,102.79441538357344,273601.7168664606
2026-03-09,106.00771401535016,106.24939258037364,105.70973287903062,106.01721243401052,106.03540069787414,652988.5433079471
2026-03-10,110.7108836343105,110.8925508910038,109.55726979391214,110.7195575331767,110.71900681303592,375503.8461871305
2026-03-11,108.00131621857176,109.07632082935972,107.89412972988475,108.03950365950033,108.0539926920612,277073.80150923034
2026-03-12,111.60091631674176,111.96631652756868,111.25527325103758,111.70047205782188,111.72605524288376,242958.58711996276
2026-03-13,108.47862630430689,108.76259752667596,108.2351448467966,108.44613925776017,108.43624455622498,191624.49676928364
2026-03-16,106.46752115948348,106.63976417865295,105.46512736606596,106.51712966520508,106.50215478976708,148137.09496695112
2026-03-17,106.78397390301586,107.0461340418318,105.35676833703982,106.72021110092216,106.72251244154612,55028.06760659789
2026-03-18,106.68066809607922,106.74511013686556,106.55489584783928,106.70278527782732,106.73945248782428,530862.4251523339
2026-03-19,110.1359497784822,110.20760452116072,109.65080936868397,110.1444955646828,110.1378352053086,690756.431015847
2026-03-20,113.03986928086708,113.74508940689884,112.81939130471652,112.92625864455616,112.93615314552078,320339.4709478159
2026-03-23,112.37490704969822,113.42393444225118,111.89649821952726,112.31932976527864,112.27874378867465,239091.00628899588
2026-03-24,112.39952496742796,112.49775620534814,111.99465944155186,112.35760036580288,112.35525616026707,656912.0699240657
2026-03-25,112.41825521274824,112.68499135679204,111.77672163107006,112.46972785790103,112.4198444409948,179348.66009522707
2026-03-26,109.75038388448974,109.87402442073837,108.12305377414098,109.46575821549742,109.5167688860095,365444.4530439885
2026-03-27,110.31915935785165,110.76912136068344,109.28189349184584,110.40388610427811,110.35761680112802,496418.6402504811
2026-03-30,114.37952291586538,115.5169546771949,113.62127123308494,114.31902201194112,114.29898280087968,309871.6852188824
2026-03-31,115.6091797206469,115.75072596313298,114.28732630320836,115.71537441545594,115.7173271503549,136405.01033071827
2026-04-01,111.33564992588394,112.14056632879527,111.47521211428604,111.5717640135966,111.56676231749265,515350.1774239881
2026-04-02,112.65660674640674,112.86834998929169,111.74193487442346,112.72643136379332,112.67007950812398,789925.2689360331
2026-04-03,114.0455863322473,114.30890385328914,113.19808211941044,113.88762489231952,113.84702281156338,130416.1425737578
2026-04-06,118.48042248474512,118.55414837817982,118.36581375329897,118.50802461760092,118.5077835205577,312846.9567164691
2026-04-07,118.00361098531285,118.88770374424224,117.7711835466779,117.82176785645856,117.85140241519788,171568.95536044493
2026-04-08,120.95620849011402,121.10355116300188,119.72526670447836,120.73191192600706,120.77960656380596,88283.34295905053
2026-04-09,117.28218290909945,118.18898196466576,117.1171635772654,117.44396074924693,117.4167809665562,471688.2396080876
2026-04-10,114.44145070006064,114.95142123748786,114.3743522098098,114.39707611797616,114.39086902727824,234554.98227925212
2026-04-13,113.71466832921011,113.95423575400196,112.0690048655955,113.505550610053,113.46621867998448,525938.7894638041
2026-04-14,114.19719819231406,115.01565415066162,113.61235334230292,114.11522642369124,114.11601244627671,390865.6936555576
2026-04-15,109.5510554963418,109.51511269652222,109.239896982784,109.4646902315067,109.4628877051028,231841.29790971868
2026-04-16,107.17107620560746,107.75349881944074,106.63468680993832,107.2220140009314,107.17378525154844,315801.27343704447
2026-04-17,107.53315335974098,107.6894751479304,106.98298146718102,107.52282119535508,107.52336511301672,490112.4380123756
2026-04-20,103.89674755458948,105.03121075037944,103.5181105550469,103.93844705976493,103.92493801151612,278565.79387909285
2026-04-21,107.35610198059406,107.35422790242468,106.8572856579117,107.25096981748862,107.2424369562534,254960.5156648868
2026-04-22,108.81542134923416,109.29799339645352,108.56768178930628,108.80561501148688,108.80283193999928,372251.9396108604
2026-04-23,109.95987797946418,110.57062044917936,109.63004673699152,109.95380324319304,109.90696395151176,142449.3765700233
2026-04-24,111.71456803389766,112.4463940001353,111.06299181051324,111.80285354689607,111.81633708007024,213757.07305622756
2026-04-27,112.43117230288658,112.828485406154,112.44427640478725,112.52404402374768,112.47452268495076,153259.68561104767
2026-04-28,114.0207724523437,114.28952133035096,113.19715298925716,114.11263123799928,114.11992664271948,542778.6238701155
2026-04-29,116.96125416122258,117.59011958725412,116.57241586808676,116.9015526099652,116.84715257557822,546328.7664441627
2026-04-30,120.38580472174476,120.9329842885383,119.37964178614256,120.29257106008812,120.28838982078956,201116.6024880609
2026-05-01,117.7882633333378,118.24339042471432,117.6683733429956,117.8688405074306,117.87442410901409,381724.7710275301
2026-05-04,115.77011071113412,115.84808854745384,115.21658717431824,115.75311844192385,115.7451438426997,107741.01592255748
2026-05-05,111.19289558951483,111.47678262087038,110.5098899221483,111.25782380913034,111.279259693066,139434.00808953607
2026-05-06,111.20646819208464,111.24698727493194,110.6072972362352,111.22374418911583,111.24233468741812,443191.5913022502
2026-05-07,114.7609331460191,115.2777036229339,114.00117412544776,114.63671564495104,114.61453942978204,347888.83983102324
2026-05-08,110.16148255221668,110.69846271691551,110.16280587103375,110.33571486024832,110.33900247193652,118638.64135599138
2026-05-11,113.77630689410518,114.02681422622165,113.3469004246033,113.74596734651077,113.70696270919848,300462.3945152206
2026-05-12,113.23852840365598,114.22678325010112,112.30289634059926,113.24427445320872,113.2550356106998,129410.55325244242
2026-05-13,112.29083092856465,112.34444584678884,112.27761911964548,112.29951561408652,112.28968524024744,153882.78077852807
2026-05-14,109.7610997837572,110.27751264099729,109.52280404172542,109.80373094835586,109.81534463744286,295269.4974005323
2026-05-15,108.78746227484524,108.96562724551464,108.77221788512674,108.8857717178934,108.84040443907956,175555.45758090718
2026-05-18,107.61952941381531,108.01666578385552,107.45150348026765,107.58743790397082,107.60853613032566,289598.3661123174
2026-05-19,104.27270683595,104.6761279698029,103.71249020588664,104.39306086040612,104.39814385545948,515163.2780269193
2026-05-20,103.60000197473714,104.41470084216608,102.98393716851992,103.72997417018084,103.6981235356477,1083743.0684245026
2026-05-21,98.50414294221812,99.20265103852584,98.53518064348172,98.55620702494612,98.52918625916456,296968.8729791944
2026-05-22,100.62603465837512,101.27699680435757,100.42058325926357,100.60835723252131,100.5369525191773,254679.89872458568
2026-05-25,96.86435625478238,97.08272250600152,95.998420311794,96.8446919557088,96.84941892049814,332197.3457980576
2026-05-26,96.42588289730809,96.96810250372194,96.00621493392688,96.53990498696514,96.5123302042683,372780.3275099411
2026-05-27,96.76714069924188,96.77227268854918,96.42037660960504,96.61970203040036,96.60935611258309,566900.1929644932
2026-05-28,94.12021425214355,94.79933705780977,93.87092585857354,93.98724818046344,93.98144868009148,179615.08883107273
2026-05-29,93.67488075469444,93.8292639278106,92.83791505037256,93.54530811307848,93.54929696537016,305099.15870037896
