date,open,high,low,close,adjusted_close,volume
2020-01-02,2.418356244880558,2.4425608165255954,2.413797828067044,2.4167652914150386,2.4164554928565805,177497.67039454004
2020-01-03,2.343439158882855,2.3566824111429607,2.3253625648370058,2.3487880079433023,2.349331613014435,182906.201068762
2020-01-06,2.4160114955431,2.4223438894410645,2.402312533530123,2.412970735661687,2.412556275280871,143898.7821869498
2020-01-07,2.4835461255454665,2.4952322552647472,2.4769699564691203,2.488277425639581,2.487531222384711,163010.18302135202
2020-01-08,2.710330652991767,2.7197271651600485,2.701912010964336,2.7115618027823087,2.7130043750239867,69165.41052906125
2020-01-09,2.808379884853102,2.838151159320684,2.804405940319622,2.807747328671097,2.807991451121615,257598.7559742516
2020-01-10,2.723706479688924,2.731509968294036,2.7163462885873746,2.724273699006907,2.72402768950661,603127.0517394616
2020-01-13,2.7266950312298706,2.7320816198126945,2.72170470173076,2.7269686648259204,2.7264298748015947,202203.4590378196
2020-01-14,2.685332241588425,2.6867283177451773,2.659227539756644,2.6818168661090622,2.6815844036607888,1512468.4100778976
2020-01-15,2.7499930899404297,2.7651870738606883,2.7332047815373457,2.752915336534081,2.753019920850979,371972.89099453005
2020-01-16,2.6919654604223626,2.7074393042481084,2.6884192419688424,2.6891549704218773,2.688277945941864,339325.5805713649
2020-01-17,2.8573530306631865,2.889065889997313,2.847798802104044,2.859618047274265,2.8599559856684573,1522955.1118286627
2020-01-20,2.9543561974090053,2.9551237939367065,2.931761721341309,2.955025243919748,2.9563403190107533,378928.3812061026
2020-01-21,2.996629812158884,3.02560316790499,2.9845718126265046,3.001842474075644,3.001427913871345,231383.39072835937
2020-01-22,2.992981861393653,3.0022185326293918,2.9919681008896037,2.992778716160848,2.991938909783412,792626.9908018529
2020-01-23,2.891502540695232,2.9003945302725738,2.882573484698709,2.8879724840273058,2.888451203900243,128556.2558059471
2020-01-24,2.822663948444136,2.829487572255376,2.799846963625788,2.82393679507284,2.824619105517084,325100.806693
2020-01-27,2.847517645135745,2.858240333742585,2.8334415459100497,2.8476952195884704,2.847996192362391,138779.13028888428
2020-01-28,2.940869462609888,2.9595607048811408,2.9424744980311845,2.947471662247496,2.947792190966748,332072.68391176296
2020-01-29,2.9354844217049494,2.9383744344406137,2.90332122465148,2.936343761491545,2.9357014669662784,565453.5705357837
2020-01-30,3.04814566361744,3.064203974494375,3.0387841263097903,3.048570073711328,3.047917823424277,411536.0953918576
2020-01-31,3.0315740694928923,3.0511177721123786,3.028653469722044,3.032828759324752,3.031623278787593,282150.03272770264
2020-02-03,2.8748956340690865,2.8843079431966108,2.849458549184589,2.873712546924822,2.87207006716023,118352.30150286344
2020-02-04,2.913220261884592,2.919193196317146,2.9111495641347083,2.9133723520740515,2.9132119906888607,803402.981738804
2020-02-05,2.932275230721213,2.940011061748188,2.928501443180745,2.934509855413423,2.9348062083039967,199135.5518554594
2020-02-06,3.059883268859509,3.056519599971072,3.0554785374229625,3.055882862497441,3.0574302162006504,159111.24386204587
2020-02-07,3.0286152289714807,3.0578365595293406,3.018984023791292,3.028088179983579,3.0278479515840027,678887.8945298132
2020-02-10,3.048991754755032,3.0634093440585906,3.0371722818209745,3.047204827563428,3.0489171044415366,210293.61197121828
2020-02-11,2.9754076563411527,2.9796920241773903,2.967863703408508,2.975330390708103,2.976736546146651,577816.7240718226
2020-02-12,2.9323726009410955,2.9360497031752475,2.9201244011527523,2.935901092339004,2.935344349811665,238873.98103416257
2020-02-13,3.0472234418076463,3.0619050057117634,3.0399724038979814,3.043981322898106,3.0431389608995505,607930.516447664
2020-02-14,3.217802413722488,3.2232914755695674,3.1975115270186727,3.21146367071754,3.211955148126819,193892.29088560215
2020-02-17,3.210359361209328,3.213153501141306,3.1789559983302977,3.2108282815490825,3.2117855368299995,521528.1780232544
2020-02-18,3.0777906029811484,3.0926454318035748,3.0676619898633493,3.077486858882951,3.076018657824789,129477.89491441417
2020-02-19,3.2936115444016374,3.318253495413856,3.2520119295835457,3.2906351489912864,3.290440606862776,228583.73724534104
2020-02-20,3.3819678838398395,3.381435699056852,3.3711825536900486,3.380419763535289,3.3807910919493542,424166.2046304488
2020-02-21,3.382797535847065,3.4045745570601493,3.3803096255987355,3.387992363181165,3.387355214720639,309082.5614130158
2020-02-24,3.3847896442770304,3.402742448831833,3.3774884018306275,3.38619399362558,3.3866160429668435,357563.7583691357
2020-02-25,3.457518114583137,3.47733564049551,3.4424010902512494,3.4587502622732176,3.4608040136701423,240126.36347341188
2020-02-26,3.447222938412437,3.4673208781514293,3.427931636329788,3.4464297082868973,3.44741240867109,615766.9855132067
2020-02-27,3.403218035144195,3.4077460746529056,3.386470985222072,3.402694761825512,3.4014998298953616,318694.1999192211
2020-02-28,3.3037476517544646,3.3214677043753382,3.2704667971291435,3.3005049603039125,3.2999331744417355,97931.417649279
2020-03-02,3.3568588237484427,3.379675835122941,3.346773374172576,3.35975879183712,3.3596126745873494,99918.68302218088
2020-03-03,3.514905939551738,3.5192629752158155,3.502371891615356,3.517593304405201,3.51745088538235,258098.30549505
2020-03-04,3.404748596890255,3.402164387397716,3.3790937293750822,3.400277395687346,3.401365665260514,248063.9677022612
2020-03-05,3.236071299865906,3.258658534384744,3.193056180311217,3.232934958958674,3.232691583185227,104741.78224575277
2020-03-06,3.244315227889906,3.258052233625109,3.2405860155967816,3.2488204637185807,3.2502356238924355,351688.8875134011
2020-03-09,3.248054003077347,3.2573025058062104,3.231056545551557,3.2456927654954058,3.2459986229668014,548572.3172870146
2020-03-10,3.2969085797605038,3.303884352884791,3.2849633616780496,3.295160626529068,3.2945705526543785,270800.4248568211
2020-03-11,3.224583170127468,3.23082022945335,3.198670722818734,3.227262486455558,3.2275747866215507,350582.98454782047
2020-03-12,3.2261815761875665,3.2330403577592874,3.2163356273148853,3.2287132047614406,3.2278303170774305,236719.23122822083
2020-03-13,3.4417840629730656,3.478442764108161,3.394083458596057,3.4402457583724475,3.440659760086397,108936.33332306262
2020-03-16,3.552465435173089,3.574938503094177,3.5269803114541567,3.554686557991178,3.554876146780101,1031568.5237255208
2020-03-17,3.753843354707424,3.77251508818888,3.731703542067,3.753160554186266,3.754118421121391,561540.966821024
2020-03-18,3.781585025699615,3.800267981359623,3.761625268754444,3.7838926860291946,3.782821765591792,308333.2245265036
2020-03-19,3.713830712902391,3.734422169107298,3.713200772307636,3.716033500580491,3.716975144825017,272972.098915179
2020-03-20,3.6835785037794335,3.711381723323112,3.673710833324212,3.68519892180903,3.684979646950328,112999.36130225172
2020-03-23,3.71923069134825,3.7362619769350753,3.701167319856381,3.714653409688344,3.716172853839672,173789.27397905447
2020-03-24,3.579094338275946,3.585712036686137,3.537058870839864,3.581469035704889,3.582681483628237,402248.5274276207
2020-03-25,3.4267425572326498,3.4302508875499984,3.418636675417873,3.4284252902677217,3.4289040060097498,449260.7605373159
2020-03-26,3.397817002025249,3.404973011024078,3.3883407184066283,3.392745422136072,3.3936753906054435,346065.9615849347
2020-03-27,3.278434799645776,3.279152425670478,3.271202296327738,3.276464023680575,3.276583346632705,152901.01299268307
2020-03-30,3.117110631850666,3.1359428903466733,3.105337878856525,3.114283360150241,3.114917987152152,529006.2430212097
2020-03-31,3.1563923595811816,3.15819764497883,3.151040474237365,3.1567000519206467,3.1567063663410324,286415.0198367833
2020-04-01,3.0562875801843883,3.061187749337417,3.0501276983975774,3.0577536480980934,3.057166228391622,163195.99293340667
2020-04-02,3.0438885506718294,3.0562696121299124,3.0357256723860853,3.042382104692982,3.042760465906816,752259.2252137305
2020-04-03,2.93413973378224,2.940033263033849,2.9175070398308605,2.939497850758648,2.938994663075936,580624.7629227506
2020-04-06,2.926141631042984,2.928898804702673,2.916770625279104,2.927746737724401,2.92728839562356,90854.44719399331
2020-04-07,2.857791720823196,2.860626107930145,2.8537272795346174,2.857212091718602,2.8578478258996736,1210935.9095577826
2020-04-08,2.767928454050934,2.791834255540964,2.7562945191424606,2.7671279045059016,2.7674255180885434,305483.0180294935
2020-04-09,2.725822225221778,2.7295443340664614,2.6862812496085606,2.7252442272420567,2.7244331005766904,255034.47199238345
2020-04-10,2.872978227628786,2.8918736122070663,2.86779279804772,2.873594138225765,2.8736186727110637,727421.3465087177
2020-04-13,2.924824010622728,2.92528281585768,2.915161246041761,2.921475876374409,2.9217395781634226,516148.652000227
2020-04-14,3.017142967462901,3.0431146932987514,3.010762631578578,3.013425489720147,3.0115728266504105,129692.37695662424
2020-04-15,3.058034280776964,3.058936404953412,3.04713392365952,3.0587771097847063,3.0590517746655714,322634.4241559187
2020-04-16,3.1116137119858878,3.1114059337939817,3.097422296702565,3.109390170717097,3.107843420638721,138020.54386092164
2020-04-17,3.0515328288634604,3.078871296331602,3.0206832827347494,3.0513440972064,3.0508737953439056,120600.3550884602
2020-04-20,3.1178049715116463,3.13398884421604,3.0992707175515446,3.1217066950299754,3.1206908048151245,341059.09329580585
2020-04-21,3.1962760692853127,3.2113889931528,3.185704197905096,3.189589924733068,3.1888700268074426,268551.6035152968
2020-04-22,3.2497362311555382,3.2495876820024723,3.231239118597004,3.245652068417822,3.246523976146218,318478.5197489401
2020-04-23,3.25229384140031,3.273587294633462,3.2386261569958754,3.251864108368192,3.25315727933364,278722.92085555475
2020-04-24,3.329240834315271,3.3519216148261397,3.308084774899444,3.326263668644601,3.3256201261370544,209269.79540085825
2020-04-27,3.3463163062375663,3.360117043563968,3.338182601112844,3.349927455361617,3.349035571832652,210045.37736365155
2020-04-28,3.4075509400527157,3.4227792325732564,3.386928109970514,3.4131727631465165,3.412960196415236,296317.00082889205
2020-04-29,3.3499820939693623,3.354600712552146,3.3269758802687,3.346662031249636,3.347344725509417,263710.5008342609
2020-04-30,3.2812092797273325,3.2794130349519444,3.27469797728699,3.278033404303476,3.278237357571706,589113.5029959303
2020-05-01,3.173530212075433,3.179082268662249,3.1620035021715824,3.17493307705488,3.175664067364978,279517.3539524897
2020-05-04,3.2070188161605566,3.2171303780626097,3.2053981696341656,3.2076449296998666,3.208409865489126,253930.13613078065
2020-05-05,3.2217612913941065,3.2286703014112086,3.2205867327365176,3.226461291178026,3.225172889738438,144081.59206144398
2020-05-06,3.239926523805305,3.268859310292621,3.2239914966046124,3.238379463968761,3.23840399992784,505589.11839112034
2020-05-07,3.471463940398304,3.472623966706148,3.454161427764831,3.468531818350355,3.4694605266313165,582741.3904307267
2020-05-08,3.692111457921199,3.6952381462793498,3.662274797820863,3.686159279440528,3.685876300172532,296974.1028744922
2020-05-11,3.5273394240117697,3.5298835624660567,3.5246238423407483,3.527708905092898,3.5279040610709087,201865.47092680068
2020-05-12,3.5382644922062805,3.5500400031143813,3.5284786021677865,3.5447994724458547,3.5447621384256074,200487.3998094133
2020-05-13,3.633886527931456,3.651007955985223,3.6249084754946375,3.629838542636816,3.627966429315879,158256.76126234673
2020-05-14,3.5305554147031177,3.5595134802658426,3.51234314025604,3.5327870932537992,3.532617759176997,287338.10762932827
2020-05-15,3.630117317311838,3.6472188902130553,3.610920879052977,3.634018223895878,3.6323604641490976,181391.7636023819
2020-05-18,3.578090590625252,3.605659562259652,3.566312143903889,3.5742804097898064,3.573454282940024,554958.700672774
2020-05-19,3.441427596293108,3.478010621282477,3.4287600859604987,3.4427999169404857,3.4412446203110183,1251409.3407950476
2020-05-20,3.3676976660772127,3.374906053495077,3.347340065047271,3.3679569867658548,3.369547216275667,1599977.8688609907
2020-05-21,3.431207709128604,3.4241258334492803,3.4202928382637414,3.4235664370967545,3.4239738170724543,395072.3945141104
2020-05-22,3.314559598037936,3.334185811594669,3.276273642445477,3.314891319838832,3.315112668881804,161689.85538983202
2020-05-25,3.4858068518527947,3.4882475014319625,3.433984809247804,3.483900043263657,3.4841531427110057,421313.7722420725
2020-05-26,3.5506785822711837,3.555848725761216,3.54306634909254,3.5474638790364663,3.5486254578255747,77228.91515772515
2020-05-27,3.5385280202029605,3.5704686966178074,3.5177511033517708,3.5407749361703065,3.540874723435846,102594.7129599002
2020-05-28,3.5976183695833424,3.608325638190241,3.5903719310412,3.599402778556317,3.59868941988315,126109.43409468303
2020-05-29,3.428533091547974,3.4323085141773064,3.418664432048849,3.4310856850735147,3.431205257366154,820776.2566978536
2020-06-01,3.696494258857335,3.726688539956728,3.6959686198378967,3.703804080437588,3.703750015250919,901360.0294586524
2020-06-02,3.7225529161054873,3.744088073825672,3.704770803323322,3.7235977472007353,3.722525926076448,215620.63341014757
2020-06-03,3.833405182746813,3.880952213875136,3.796166053515142,3.82852160460548,3.8286277464568177,158692.32829590037
2020-06-04,3.897877362603372,3.8953631691670094,3.889253683119716,3.8949998869864433,3.8953178415259457,301827.8402306569
2020-06-05,4.062707457275924,4.080615919063702,4.036244366615285,4.058575103055139,4.058696502190895,177660.3596360252
2020-06-08,3.843182287208141,3.851944794012695,3.83395045184346,3.839551698565866,3.839019832141599,305405.95758523565
2020-06-09,3.9407997904563135,3.961977863491327,3.870960718983382,3.9386593648783017,3.938974008977501,279587.34216449084
2020-06-10,3.926275059618953,3.9613848415540094,3.904013096736493,3.930751352120955,3.930065726207799,250424.0392626637
2020-06-11,4.022908805986457,4.034369361769455,4.010091823827131,4.023968243764038,4.023202562816118,199783.82934125187
2020-06-12,4.0565903605729545,4.066084296011782,4.057636978153264,4.058574517205086,4.059445108077353,307576.8095140224
2020-06-15,3.983690158933568,3.987646032100293,3.9801212711785103,3.984100486593428,3.9834296871698607,463879.1295203731
2020-06-16,4.019194620207034,4.022761773966896,4.006666571267336,4.022474860656996,4.023205211481211,69063.03091534866
2020-06-17,4.024740706363202,4.043406491250314,4.016714351478108,4.022735561030598,4.022844753478733,183885.4259152381
2020-06-18,3.771841563168164,3.801378318558928,3.7350104544276577,3.772645541239321,3.772047072998277,211551.3758128591
2020-06-22,3.6493006294749417,3.675231270192959,3.6382383660151096,3.65148618993033,3.651843783776932,424803.8280974621
2020-06-23,3.5270257980969077,3.5310685671018573,3.5076248311544878,3.5231569362449533,3.523281377141395,199474.62062622697
2020-06-24,3.606631104171389,3.6349367411094216,3.6030076411747154,3.607688308176358,3.6071656459753343,472680.03382909694
2020-06-25,3.610255020507138,3.613876093798513,3.5944717578438885,3.60949754965954,3.609635006021392,424878.7806123515
2020-06-26,3.695201294225456,3.707596857653047,3.6844077396732815,3.686954704231892,3.6882195385710186,171754.00145434917
2020-06-29,3.826265226131383,3.8316461322495226,3.808915973137888,3.819148907086068,3.8183735938901098,328058.364277624
2020-06-30,3.7326774870271793,3.7479375469776848,3.709016923927511,3.7278228203487145,3.726610375483505,593103.0440166536
2020-07-01,3.848567452499995,3.8593046812144007,3.841221950769283,3.853194585872633,3.853119144669639,162748.2873584769
2020-07-02,3.792823320070832,3.812133924748194,3.7851305088278657,3.7968002183736953,3.796482743131043,184383.75959251032
2020-07-03,3.787403503161512,3.805832500387898,3.786841337172273,3.7876719650197352,3.787184274196061,420884.84465305816
2020-07-06,3.942898434645304,3.962553847370394,3.927980521652481,3.9477000080807607,3.9473511887160937,225875.91887680604
2020-07-07,4.13517033367716,4.142781372853339,4.116383929575733,4.126861129266975,4.125683660184154,267236.93711963634
2020-07-08,4.138638384590031,4.14365295133595,4.137290397277625,4.138661161777111,4.1381355942558535,98965.4436569035
2020-07-09,4.241205044686192,4.252258751695937,4.190549973072761,4.239348397980961,4.238730662765461,87000.17635252433
2020-07-10,4.374615749208994,4.411710484048891,4.376750997581343,4.3773419991497775,4.375956988096791,206223.8033475443
2020-07-13,4.47970581381813,4.4952335959503325,4.4694689897423805,4.471833181044103,4.472346778756191,57917.95380589359
2020-07-14,4.440365451052325,4.461865766818131,4.438215373254636,4.438785577714917,4.439611924583508,238557.22105645307
2020-07-15,4.383160829388997,4.389074285403516,4.36795909829034,4.383330348392765,4.382708475113902,424528.86791750806
2020-07-16,4.450736682836573,4.479954612273036,4.444717872296989,4.461598478156819,4.46045555137697,278064.27738546097
2020-07-17,4.384620020229799,4.420827178624718,4.356400485145551,4.380273060141541,4.380706537867752,123068.20366519624
2020-07-20,4.296233551059649,4.336109264277175,4.278946432448448,4.297276016396781,4.296697132564796,291237.20941130404
2020-07-21,4.124750812626338,4.131533599805251,4.101022885969593,4.1209872495751725,4.12134026666286,441155.2980741264
2020-07-22,4.206124405715141,4.228136270976843,4.200817486103186,4.204180414488512,4.204733412459634,438101.3987260364
2020-07-23,4.308465495983957,4.329362308169247,4.291769828367856,4.310913412883975,4.3090042919541816,149727.27743055308
2020-07-24,4.2702495539536445,4.2923156155024325,4.254209670208757,4.270173829618318,4.270972963710493,200987.7138756812
2020-07-27,4.239224118210231,4.24441444161862,4.22114983765516,4.233765463206015,4.234610010005781,244113.62504361817
2020-07-28,4.1791541570668205,4.181588179410077,4.170971798643326,4.180982913590416,4.181050651736281,203462.69542055903
2020-07-29,4.1934772762175125,4.247772286448475,4.1904004301515325,4.20349568086522,4.202763515113874,464129.8206709981
2020-07-30,4.562784661420227,4.576337734759389,4.560396595531238,4.562498396029312,4.562482260736455,242933.49036593252
2020-07-31,4.651336116934199,4.660392837956333,4.626191757367963,4.654705569126353,4.653794319880545,460672.7987305073
2020-08-03,4.66952758113338,4.6815954698773945,4.639316684478595,4.672433272545312,4.671798446961221,393983.5375020531
2020-08-04,4.613899827050098,4.639777143399609,4.587103738755578,4.616038534635323,4.615868733373889,81715.72568318431
2020-08-05,4.786127585219163,4.797015781435328,4.731119476963396,4.790658803583508,4.790926258642961,81377.84879792164
2020-08-06,4.966379040729831,4.965784226594942,4.94959059020226,4.9598934902143474,4.959526127491841,195182.06827781213
2020-08-07,5.0861754667014525,5.1132534147619175,5.060914707121114,5.090362125362506,5.090331992738355,1068616.799042296
2020-08-10,5.068340391771366,5.107796580492026,5.025816064483498,5.072250079228186,5.070435550141388,749384.9061082635
2020-08-11,5.147613617586808,5.199220854034629,5.13326533350859,5.154321453535539,5.152420613717219,297210.41624573845
2020-08-12,5.047127180573576,5.062576115833007,5.015293851236258,5.050558906305046,5.052388739994075,240183.18867297523
2020-08-13,5.2376049665794175,5.24194636774948,5.215035607391646,5.230617431385716,5.231853414624098,153984.142536201
2020-08-14,4.95983209739797,4.97059348658041,4.925668793907864,4.965050525759161,4.96686180855378,323243.7142470308
2020-08-17,4.812066160319098,4.8551416796401226,4.809355450487511,4.821383514633085,4.821747207715761,290463.4399993522
2020-08-18,4.854708932637716,4.863168458949781,4.848056780437355,4.851253326859748,4.852528553462353,572502.7774226089
2020-08-19,4.851167316021638,4.868601490769044,4.845912348658957,4.858786977255159,4.860827305932761,182917.56368823932
2020-08-20,4.766510519890338,4.781638386948947,4.759006209362243,4.768474911502186,4.767512280316179,480698.84457554313
2020-08-21,5.183343618650079,5.210690864190602,5.1727746481070165,5.174184128513513,5.176248686634844,100097.05957740596
2020-08-24,5.109923178903285,5.121633237473691,5.100962403195199,5.102758112206049,5.101968338416423,307035.95000205864
2020-08-25,5.202373855283976,5.221513406801615,5.171517563660528,5.2060057703953255,5.205588809819726,351920.9904739033
2020-08-26,4.941680359069292,4.945444544334474,4.928794513641395,4.944146401165088,4.943483951148792,140410.16620100162
2020-08-27,5.215289775015974,5.239834231542747,5.204519025213229,5.211213932796628,5.2118291863103785,615313.9036873657
2020-08-28,5.446673492916458,5.461940851751926,5.4216699744574175,5.450836546968717,5.452704358907477,464606.1437667788
2020-08-31,5.320724861405316,5.362536354172844,5.29975356233631,5.318125887815971,5.316916276729231,311689.99335656164
2020-09-01,5.108878032835576,5.144699079012089,5.108846222287876,5.113583514733266,5.114265198817449,382995.58346562233
2020-09-02,4.75751954902451,4.783861862825599,4.755251301735005,4.762452925204535,4.762738450660634,182472.0691721595
2020-09-03,4.821588829661856,4.831965124714654,4.807708195654852,4.812794615967215,4.8148000882751125,290330.16939542774
2020-09-04,4.667924248409573,4.6690790388045365,4.636919700397586,4.664553280622884,4.6638669280649845,782737.3530031117
2020-09-07,4.851957278860467,4.874842125477644,4.830356794406079,4.856198241539062,4.857064095185514,141866.1146779698
2020-09-08,4.7453315057223575,4.748494284303893,4.702309437670809,4.742992442321563,4.745869645882001,403408.8974236195
2020-09-09,4.693368839524465,4.693782123076265,4.657410548615491,4.6911993045166165,4.691247197615348,463581.8078589576
2020-09-10,4.676665140287377,4.735924698217568,4.65305893169215,4.679114092016802,4.680358114450215,202718.0772909275
2020-09-11,4.583776632060159,4.592845495890248,4.555918839316582,4.575768472022716,4.575185310959462,336276.1503456442
2020-09-14,4.545220337273928,4.5437699578640895,4.529588427668685,4.541401581388146,4.540465477156976,342558.69820328214
2020-09-15,4.396675294830561,4.438663416142506,4.391260277400686,4.39481468777084,4.3941279335359145,146960.90688617
2020-09-16,4.257329745320014,4.269772062836259,4.245497723978053,4.255994172276988,4.254907961502244,130014.38009785976
2020-09-17,4.390009068024702,4.380803147509501,4.371124012962958,4.379847686370807,4.378714285444618,237557.4921993073
2020-09-18,4.425384271732392,4.437125673307661,4.410289919853654,4.429337703809449,4.429390403802418,232203.82001611503
2020-09-21,4.4791494381641845,4.491850569749981,4.477520684562505,4.478637067179772,4.479092594466378,387100.317117548
2020-09-22,4.42532192456093,4.468023592665855,4.425756281676647,4.42871690636222,4.426793168824877,120405.12050308612
2020-09-23,4.197241671377948,4.215280024544101,4.191860869327111,4.199541192309805,4.201026620724705,107092.97678068253
2020-09-24,4.245651518707972,4.245153788391096,4.185735978104158,4.239692317267349,4.239036970947101,238176.838865485
2020-09-25,4.302049873872567,4.310434434342389,4.303572420194604,4.30563425220646,4.306671505584903,167403.96133183327
2020-09-28,4.416895780840924,4.436059400579815,4.373922887305378,4.413261838807904,4.414976086083112,230090.73493776505
2020-09-29,4.27672521833776,4.278683607856027,4.26310588701547,4.269992167571624,4.270674793018,93340.95943867524
2020-09-30,4.383446570887791,4.39630529398128,4.363019956731272,4.381208179676042,4.38157312614832,135858.01326205512
2020-10-01,4.4773705146331055,4.49671611715873,4.459526289685498,4.48615794047304,4.48432385928605,171080.88845609585
2020-10-02,4.268455522786109,4.315162039044559,4.2481522155139615,4.2687581235349725,4.2701622405917385,280010.6222230277
2020-10-05,4.309031971303601,4.330906327252991,4.254361563979596,4.308200333008665,4.308645199211855,149115.71107631552
2020-10-06,4.534712363813239,4.537424399164841,4.478844415235239,4.529021643555795,4.528227304422531,344935.6694199896
2020-10-07,4.749232180009545,4.819982022772937,4.736434535651085,4.748308435343395,4.748822622561595,676108.4857158485
2020-10-08,4.672556052618537,4.6788920469445,4.62856336654488,4.671478429930974,4.671631771374641,274029.0186703719
2020-10-09,4.84848356434626,4.866383902027037,4.818642569927798,4.844940394151874,4.844270553883329,207888.98233946855
2020-10-12,5.023042685560219,5.04494464223554,5.0194822577748,5.020938297233062,5.021032459052213,259528.0815775676
2020-10-13,4.86287686335447,4.881408709774151,4.8318581963733385,4.865372239239793,4.866318975976732,310793.8394374281
2020-10-14,5.12325944309572,5.13338269814125,5.080181070226654,5.124830710691461,5.123795875648454,868384.6183608288
2020-10-15,5.233094817885798,5.252504260168689,5.209220194670038,5.237080182995689,5.237413264542307,143500.91055922353
2020-10-16,5.545122600607875,5.571240726296334,5.503763532441935,5.548614540224936,5.550167370877944,267869.78599327843
2020-10-19,5.790214615715005,5.808723300085224,5.79132215254762,5.792079704824485,5.792486818380167,255584.35439593412
2020-10-20,5.620578212303296,5.637017020525557,5.5726451538174775,5.613795577738759,5.613795577738759,1063666.543427414
2020-10-21,5.524000630917232,5.550863344918064,5.511012865410197,5.528054279130748,5.528898041716408,566709.2545220249
2020-10-22,5.686080188431078,5.701160702108805,5.690742783833599,5.692475389170448,5.6910432507193205,224084.43201111408
2020-10-23,5.7755630626613295,5.823460517231538,5.741400346896057,5.782140103409425,5.781548068083396,307355.1480298669
2020-10-26,6.151351248289591,6.160258478583699,6.116743765864915,6.148725639808429,6.149984124633821,360772.56049260544
2020-10-27,5.699055651331814,5.726026011443093,5.686815999219838,5.699883871466421,5.700876350192287,208417.5882539002
2020-10-28,5.865534721791967,5.902743121521316,5.822359393270146,5.862305795404237,5.863826076352139,346919.07608325226
2020-10-29,5.926911053775768,5.93084995005872,5.900131498124507,5.927007678737587,5.928219714066523,323261.1162309073
2020-10-30,5.947134229719616,5.943714147867333,5.929079274740488,5.935372392703738,5.936100102837424,641979.2365860358
2020-11-02,6.066227472851453,6.083536216439662,6.038328830128756,6.07738373765718,6.077232573356413,111315.64494324713
2020-11-03,5.609795060591181,5.614746970580251,5.579870159092001,5.610878152298575,5.610264348701369,129025.2129942738
2020-11-04,5.384482203046588,5.419333096698258,5.342178958869615,5.391396254005165,5.39474976147435,263119.7296955956
2020-11-05,5.536164255763202,5.555447222381531,5.5178399305455015,5.539493046922812,5.538738318574967,794216.6481922164
2020-11-06,5.785536726780516,5.804319543892255,5.784473601475826,5.795614869526207,5.7964363803441055,128378.2568041843
2020-11-09,5.747765775643253,5.779632239400992,5.725989561356342,5.749880358536108,5.752079064378028,91271.40892196172
2020-11-10,5.596446261446672,5.606521992721401,5.579591735634708,5.605319224258583,5.604209846486284,448145.5075571991
2020-11-11,5.440573471699883,5.444481975802784,5.378590858181495,5.443890567899333,5.442044858202749,464178.72549856006
2020-11-12,5.515091370273771,5.54368715605454,5.485610867051824,5.507903025754007,5.508000849858463,563132.0927372845
2020-11-13,5.454903840771448,5.450374219745357,5.443619924145372,5.4479421775768495,5.448769211034187,801418.8703454684
2020-11-16,5.526134210239922,5.5618022339236015,5.531868270231741,5.541321256813231,5.5414479905984,258647.1730380372
2020-11-17,5.4271107840182,5.440758589551169,5.413150496960528,5.426006105553881,5.425189858777434,190301.83517412987
2020-11-18,5.506204801560458,5.507778230026344,5.483852894754388,5.493888562735985,5.492062241740816,315824.89680690307
2020-11-19,5.397531826994098,5.427709423345855,5.381213468281426,5.396002800350446,5.396554605550844,372187.7679184936
2020-11-20,5.210375095842588,5.206480430038233,5.172587185846644,5.205864247620464,5.20692656196825,219558.70267357968
2020-11-23,5.262266026584404,5.307562726311202,5.252258679486137,5.262970313526474,5.264666141173488,121214.68720279603
2020-11-24,5.396584670154009,5.416244208150636,5.398461183991346,5.401838507880687,5.402395974041935,865731.9209474217
2020-11-25,5.5106144742821055,5.532444824354586,5.475083188967125,5.510690455247625,5.511059948522183,612746.3537777531
2020-11-26,5.579594759421528,5.587500339050551,5.553913941888743,5.568322601918061,5.56806427904453,209429.4115434815
2020-11-27,5.504403539025385,5.510965390732832,5.492047854119238,5.507577171430816,5.50833716796283,530366.2784209978
2020-11-30,5.241209657940389,5.240818832455336,5.234097601037502,5.24021407528635,5.242323293557247,161003.7087654224
2020-12-01,5.234926902029106,5.228992322769241,5.219870940953459,5.2275078912101325,5.227041018292246,259832.9349104745
2020-12-02,5.31733272493205,5.345385208281075,5.296355420304188,5.304751915947197,5.305771493555636,246709.45910105956
2020-12-03,5.405173871336285,5.421158650320299,5.392517832503791,5.413131816423224,5.412471669414219,341671.5301303592
2020-12-04,5.397469610922791,5.415662743829383,5.38545281059574,5.391247854046633,5.39249922141815,396404.2587420005
2020-12-07,5.428257539021724,5.4458330801181605,5.399959063712334,5.429503686722151,5.4299568927925,720832.3016054693
2020-12-08,5.407541368462007,5.434998369680747,5.407528572412602,5.411349951512275,5.411445714739633,144683.70881611272
2020-12-09,5.459995326255275,5.46413052172829,5.439445808770087,5.460423547566692,5.4605458223341365,448240.7062681485
2020-12-10,5.546480375370187,5.612723596313786,5.520548624914045,5.544594346395318,5.541837748786497,674307.6004456556
2020-12-11,5.417156663770561,5.425727459886024,5.381342442278948,5.421861160443322,5.42330169637118,229849.33218514675
2020-12-14,5.518064573896611,5.563131200413935,5.488102523379428,5.520249485326576,5.521043209271161,97131.91459466252
2020-12-15,5.6107918610135625,5.622143330014657,5.610515261403441,5.619543576597164,5.617856447040844,793817.6364596311
2020-12-16,5.764897565928666,5.784835000815821,5.769654626955951,5.772177027307014,5.772863515838344,353068.854837288
2020-12-17,5.898766096552635,5.901944793503372,5.881137890306692,5.8960912799412775,5.897675258037001,222871.13433745483
2020-12-18,6.050389102123437,6.057304537850092,6.0237278415750914,6.052926427782444,6.052746231245802,603920.0364373598
2020-12-21,5.966541842411936,6.001874962662368,5.910182414948162,5.955890959748769,5.95491050114365,99736.75969540024
2020-12-22,6.11607685213226,6.145835587746246,6.082471013132458,6.12343265229164,6.1248988828573605,320080.0644096548
2020-12-23,6.0918424605493975,6.118491940320021,6.079866856593506,6.09758460615116,6.097525995135502,275403.81502563297
2020-12-24,6.085024142279113,6.149087996457202,6.0980909258469245,6.101149490233012,6.104388577700799,422544.8677559832
2020-12-25,6.1154604633802725,6.1162324612593055,6.079827274613427,6.115937410298266,6.115846596046651,827017.3453219314
2020-12-28,5.949631342685192,5.97072463957358,5.947061568683312,5.951483776531893,5.950419222279247,156538.99884156202
2020-12-29,5.764964035193843,5.786673030033127,5.717994763772727,5.762390963068934,5.760641616618524,489829.0541169851
2020-12-30,5.78648387214805,5.788390897514422,5.745457124854025,5.780704610483291,5.780752484634559,148718.74884295015
2020-12-31,5.854624866399412,5.884341719569257,5.823806955280229,5.860019650926762,5.85939402224997,249803.206452658
2021-01-01,6.005769630704747,6.008386749449366,5.954128246889661,5.99981371634825,6.000117326396887,408064.9367229373
2021-01-04,5.905604580314995,5.932053045806023,5.873284474227079,5.899005505802032,5.900206975894498,177891.24573705008
2021-01-05,5.781716067072723,5.77799663650264,5.77114205058996,5.777586859448032,5.774410227395,211724.75243125416
2021-01-06,5.828116678281919,5.862512265362375,5.7994852394747545,5.826939430676686,5.82486828040892,491727.16430014913
2021-01-07,5.709218008571732,5.746629397782446,5.662977095837667,5.707882606765303,5.708532845708157,275430.6577942525
2021-01-08,5.7927753448168176,5.799734475874179,5.761813128787568,5.789565543278928,5.7903092983040025,323479.9715499229
2021-01-11,5.703933612367337,5.735374586576364,5.68893847727086,5.701722204489461,5.704119900853343,271519.63493372285
2021-01-12,5.831893539745416,5.833062924202772,5.809027670578994,5.828718734868771,5.82995880232762,194371.8470961925
2021-01-13,5.997862378265202,6.050610406285943,5.979036559210924,5.990556106253152,5.991148169435788,495391.7397980418
2021-01-14,6.317143605698955,6.34229005796238,6.302273884106977,6.314479154430994,6.3142187512175205,492173.56674213655
2021-01-15,6.071296962189991,6.084791631003738,6.055744983465958,6.070367503628263,6.070205902065244,283285.31181074533
2021-01-18,5.920366325906328,5.942121067400018,5.919011422536957,5.924432388953671,5.924483517925356,470748.7163322424
2021-01-19,5.754439397131133,5.794066918692585,5.740773936522657,5.765713943529229,5.763959672585854,562133.3859177165
2021-01-20,5.755572086555372,5.781085752278514,5.732711462137261,5.747330003146459,5.747244656149318,159076.60697706917
2021-01-21,5.773040131699037,5.771138758482962,5.76285123127975,5.766851318521772,5.7666233581120885,308150.7737860768
2021-01-22,6.036170152214562,6.084391979909444,6.027881854150901,6.042420171052492,6.042644970317259,101227.29956992526
2021-01-25,6.2996286783652025,6.352248105828211,6.2938710904797,6.301705386767005,6.30104043388181,361075.6288716744
2021-01-26,6.066645268152013,6.078538049585542,6.050139983646903,6.075198158994882,6.076564465502268,506379.7409765016
2021-01-27,6.408912317599954,6.4060652212152265,6.368506110669566,6.403617899354717,6.4040135819666455,508578.3047310737
2021-01-28,6.292432177886481,6.303531421175745,6.256547996809772,6.299631744258173,6.3014340649032645,877066.4955442968
2021-01-29,6.366578401498602,6.389636178698636,6.373716438402973,6.37636674580697,6.37631405613328,141300.4331864209
2021-02-01,6.242783435284144,6.256872390245042,6.232246432215654,6.248990761498285,6.2485226131267,169256.09605030983
2021-02-02,6.116974329431317,6.11967450673489,6.09295866694026,6.1159310105987394,6.118084697675233,214991.43129874463
2021-02-03,5.965633502304656,5.988833336605987,5.942917142913656,5.973929532243081,5.97478164394926,392224.2694235293
2021-02-04,5.934840319432324,5.949199570120816,5.919048866306478,5.933081584761826,5.933290742009221,289870.66062437225
2021-02-05,6.068955684854155,6.079918559328703,6.064600719995757,6.073134118693449,6.071387887895639,130415.99755567446
2021-02-08,6.128557284037122,6.128666431756138,6.121866453834865,6.125883810713058,6.1269570483526135,263762.1639786571
2021-02-09,5.564685382213774,5.618571528663951,5.563119447940339,5.567002182859669,5.565522954107699,257818.4430655463
2021-02-10,5.459368678116524,5.507751950149183,5.44372146103094,5.45060653373491,5.45166489370635,444889.2533058445
2021-02-11,5.470798638138704,5.499612285014866,5.441342161363886,5.475808631043574,5.476463880638286,217981.4073778684
2021-02-12,5.277827881364976,5.317782090987668,5.248700408714054,5.281031781126432,5.283543231398812,545804.1246322935
2021-02-15,5.169673285164302,5.171147939527646,5.159609866424635,5.170922065469927,5.169873569211948,174460.27348249647
2021-02-16,5.398524078422844,5.402896043394177,5.38092193951432,5.392211948263369,5.390165041767468,32223.45318129504
2021-02-17,5.330611893151547,5.334508289910903,5.329513119187796,5.333158084631351,5.333251658294908,708193.5126407734
2021-02-18,5.48783478518017,5.507412768355339,5.487047413478851,5.489999957455406,5.491070706032899,377863.1966729372
2021-02-19,5.307932819850998,5.309112566728785,5.260942522785206,5.307411995675004,5.306378024344061,382264.2855155993
2021-02-22,5.060041991413182,5.113287968953238,5.061002992953575,5.071635651538248,5.0685473152643965,249393.10881008767
2021-02-23,4.738871652524323,4.759178214958692,4.744838103025463,4.745678359204021,4.74576127523011,709705.3536841519
2021-02-24,4.670400297560571,4.695265287621536,4.623029498069656,4.667929830133184,4.668088349751332,203402.6818981238
2021-02-25,4.5775049602644415,4.590337096779738,4.537072169045007,4.577503542480972,4.575182381674118,224705.5259553068
2021-02-26,4.439803301165893,4.461856992464367,4.424263733356578,4.44560351063173,4.443751748939398,515722.01279761497
2021-03-01,4.579598134786274,4.5862210261257,4.555018371111117,4.57818228544769,4.575062472732959,158066.82591262396
2021-03-02,4.671184119753033,4.670350558424791,4.645477308324878,4.664505858597246,4.664039271600589,858374.9454602937
2021-03-03,4.730382553847895,4.755023912395011,4.729590592137763,4.733023306259581,4.73463859191426,400661.9906280557
2021-03-04,4.549117230765763,4.576888542025619,4.539078862331199,4.547089347316749,4.548965784265422,163406.3724604298
2021-03-05,4.726076637942707,4.737138151810027,4.715206969066289,4.7264268917482095,4.7251265832372455,226254.6023864543
2021-03-08,4.772385362343992,4.783113676669427,4.755668680966627,4.781411561877687,4.783378400456535,155256.95071482612
2021-03-09,4.856259284721577,4.86072562167689,4.840974658331356,4.850385887108352,4.8504168733614765,276137.1556877755
2021-03-10,4.682018134034169,4.742594459449925,4.679126510037191,4.684184734121853,4.684196966447928,164091.80172982256
2021-03-11,4.769775467817492,4.800342693469244,4.7630941768256285,4.77284823914032,4.771894333808061,1042803.4859845107
2021-03-12,4.821700133619157,4.866348294286702,4.809306044525706,4.82877968961854,4.829222993584671,315191.48043303617
2021-03-15,4.946516080017468,4.978819046288393,4.953421360608528,4.954989438602423,4.954639649265967,206941.97426057275
2021-03-16,4.868575968025116,4.875235271281388,4.8477562715493,4.871306707856014,4.869935730333622,529544.1372053961
2021-03-17,4.930939974388028,4.941831330840567,4.904018529904025,4.92579250420342,4.926801686815596,173737.76797097968
2021-03-18,5.018991292486532,5.041238266252601,4.990879598659224,5.029776150465896,5.029594840186532,169113.77914762948
2021-03-19,5.077178032337678,5.095727869684674,5.043961569059608,5.0801720187031485,5.080478488071779,581864.9060301651
2021-03-22,5.087232545263495,5.092312936592955,5.04704363903117,5.089261173774557,5.089215474884231,937131.1520221776
2021-03-23,5.2873166827877,5.296814770724112,5.275806277180254,5.287504057990096,5.287326237510204,376959.98212931625
2021-03-24,5.18874954067447,5.203336207999027,5.179968027935603,5.194329637583399,5.192556843340332,165407.4163144471
2021-03-25,5.264750591196587,5.309810740810353,5.221067558765012,5.269487411083444,5.270802987024618,302265.8345650527
2021-03-26,5.050928834285201,5.057254466242148,5.042019036381044,5.055116201994976,5.05294786579685,225649.75883308903
2021-03-29,5.202486183415134,5.211910018580876,5.144705497556796,5.198541747418048,5.201036210543188,133908.9182350018
2021-03-30,5.324112877813873,5.338482486781497,5.275156419674593,5.327299964270399,5.326685465983368,171921.000281722
2021-03-31,5.186298280304127,5.189370117233521,5.165951471825078,5.1818301279545,5.180405849927007,394670.8131259148
2021-04-01,5.158119881570837,5.19210199992312,5.147392512250853,5.154692606200558,5.153224972136488,176608.7607435154
2021-04-02,5.354829179961528,5.363562135789024,5.316669687660227,5.345968033806173,5.346997937060312,687914.6908266008
2021-04-05,5.305593633866553,5.3166846907917975,5.283019096216099,5.3015490200698565,5.30130712466757,207716.76747467645
2021-04-06,5.224105079076476,5.264989908640682,5.192495216488304,5.22302721575545,5.221325793340758,156810.20147628276
2021-04-07,4.984902627197601,5.028218477300217,4.974635954472251,4.97940112255176,4.9801656500642935,514308.4050723313
2021-04-08,4.755278228894164,4.780169106546098,4.743833014811782,4.75577702327209,4.755684045929617,415367.0831051554
2021-04-09,4.736444127230201,4.76414516597452,4.732742572533756,4.73846302117322,4.738221526941309,202421.2547982655
2021-04-12,4.710579398568848,4.7230812623288845,4.707382165197998,4.711233123563476,4.711656943851368,130343.53981409578
2021-04-13,4.800062906717779,4.816767967794047,4.766075649426439,4.793424928497861,4.794901445180026,141840.5030548765
2021-04-14,4.851796402045037,4.899524795963587,4.843886850657263,4.848867034231403,4.850185933404936,59352.50683910117
2021-04-15,4.769749004061215,4.785132030600747,4.767369800784836,4.771280543795555,4.771576426266715,382673.3521187338
2021-04-16,4.970253460602239,5.023623552343324,4.944133732118038,4.967033869528141,4.964581935382803,157461.17472168
2021-04-19,5.200699871032755,5.208175076321039,5.162354907485905,5.195379738651378,5.19333839809788,211267.4290982756
2021-04-20,5.374182320451523,5.3983093495092245,5.343017821221844,5.370363818213526,5.369228257632448,345242.04322388856
2021-04-21,5.475724390301136,5.504405227541565,5.438865361092448,5.47661453993769,5.476946535297033,0.0
2021-04-22,5.398448118950293,5.442881671252678,5.379505295991467,5.399333153399133,5.399327959283163,324825.0005111532
2021-04-23,5.362557490192122,5.396387282220284,5.363199917455755,5.364864516270937,5.362921930402885,319800.55623795005
2021-04-26,5.348026897119868,5.39782338491517,5.345716740876296,5.349049245330797,5.350692124027527,247076.3469497291
2021-04-27,5.592496836864325,5.596509541643773,5.588319243138365,5.590174975920426,5.588616218749064,62335.41950573725
2021-04-28,5.401173776452142,5.439288578796597,5.385946882264116,5.409819905797006,5.408543284031647,316638.9420146515
2021-04-29,5.302414976180269,5.311435894751815,5.279618796437925,5.303761760390453,5.305037528827257,375054.17599328456
2021-04-30,5.063349299260236,5.05950193315534,5.017104013622422,5.0586822388801655,5.059737223431719,72407.92061192803
2021-05-03,5.216559909551424,5.243872684252706,5.187296848242362,5.219732810246477,5.2199639118836005,327433.9858106367
2021-05-04,5.276287925709366,5.306644169285251,5.253868616250868,5.275145346233535,5.273083513257065,357759.53326378466
2021-05-05,5.114460197503934,5.119482009041526,5.095321327643999,5.117456817769039,5.1174933503846205,615327.325929486
2021-05-06,5.197494695991462,5.234249015382008,5.1700957673857095,5.20110802228704,5.201642602645309,260407.78866013532
2021-05-07,5.169343933214458,5.165969045587109,5.153434662176698,5.16206290544165,5.162868446766779,727344.4696281122
2021-05-10,5.248555609726107,5.270441143130338,5.2130265780222445,5.249866593654769,5.250801245668043,439161.3128539096
2021-05-11,5.045585702774176,5.060703216982823,5.021275106321095,5.03656341856882,5.036788045561685,401713.85033732734
2021-05-12,4.813996538794322,4.831712834433564,4.798665574888425,4.813920143854944,4.811781107964062,239265.90935405705
2021-05-13,4.705975802724361,4.767502360959974,4.68658819637816,4.702272766919742,4.705024168227485,428863.7464452891
2021-05-14,4.872083728318932,4.885496087032798,4.8579934675787575,4.878828093217896,4.879739253384466,120975.72607541997
2021-05-17,4.773116072146914,4.793151233343847,4.748304968765986,4.781104161031754,4.780481853392259,103845.17770193568
2021-05-18,4.638187035282659,4.639815122110318,4.603584606247201,4.630484167186047,4.629612095390603,441003.7785865152
2021-05-19,4.57668222120263,4.594516751624153,4.53991656224728,4.567403933535264,4.56740681330488,457662.8049940978
2021-05-20,4.600444398564579,4.601607278440149,4.563339377951884,4.5966725484560005,4.598863267375467,171505.22632729626
2021-05-21,4.7814215561083415,4.781301813341493,4.767464533373203,4.776972434096863,4.776767314959036,89372.33900393467
2021-05-24,4.830367590308345,4.835820071312988,4.819221255005326,4.833619136871221,4.833814148172892,347168.39822082064
2021-05-25,4.976668993809366,4.985683531174495,4.948118824914359,4.9768040961708,4.9761015603289245,329647.491643097
2021-05-26,4.841102757822809,4.85972927144687,4.818381811813459,4.834989564411185,4.8372888857731,162549.44221908646
2021-05-27,4.737458781471124,4.756807096002097,4.729508428694443,4.73981884323205,4.739475532777543,229398.76270167745
2021-05-28,4.8132568660087,4.817435124337282,4.808948805347416,4.817269097359411,4.816356950603284,223547.24269657803
2021-05-31,4.697843744849679,4.709207563468064,4.699601417244271,4.700356083902776,4.701270635082234,139855.85255404992
2021-06-01,4.652684231424831,4.7014041223404215,4.643844611447564,4.651116515506496,4.6513729106281785,361914.39011063
2021-06-02,4.738623771825061,4.754730094459822,4.736971420747406,4.737100248573584,4.737940214136492,584691.2884985266
2021-06-03,5.033282809690417,5.057233233039122,5.01367347110811,5.031561097560389,5.03030056687416,381351.7998920599
2021-06-04,4.8947018446678205,4.902261969672449,4.8864252427061965,4.894988325164002,4.895621791911242,316001.2211024701
2021-06-07,4.91820834953655,4.932463645383213,4.91416810759516,4.9211404656594455,4.920870878165993,580870.0409867599
2021-06-08,4.541216493843508,4.566119339180107,4.52978906643883,4.538407374827898,4.5377010651568295,181468.923107158
2021-06-09,4.459153158835844,4.476736072666511,4.449133377204427,4.4513066591294335,4.450666128509296,494161.42714900046
2021-06-10,4.472945005870257,4.473234983078097,4.418865849896865,4.467744316428739,4.469082588505015,174832.68488616822
2021-06-11,4.511672081259088,4.563807323264146,4.471966449590884,4.505048743935908,4.503327599305287,199481.38930849647
2021-06-14,4.274672894145699,4.284077445511652,4.2639400386859725,4.2687299767132885,4.269252832585134,231112.83915131591
2021-06-15,4.300083391975077,4.31677389606128,4.289486746342495,4.300847656525552,4.301519396194935,135005.1657680757
2021-06-16,4.374895497137792,4.38098407727222,4.372875692256513,4.377135131275683,4.376369738891746,115960.54048483395
2021-06-17,4.2970247113501525,4.300582938224865,4.28562404735102,4.294359492015388,4.2928002427372185,159725.34791439798
2021-06-18,4.471862310041699,4.48290527319387,4.469501850271849,4.474263085562404,4.472603851915502,697019.3840467924
2021-06-21,4.60860709231773,4.617484932320644,4.607496303592328,4.610059327151019,4.60816490574672,202955.19191205155
2021-06-22,4.6541983456538,4.663328416015266,4.631594027401792,4.651444975803247,4.6504545390614815,460219.8296038206
2021-06-23,4.5063372431323225,4.533179605544696,4.472988636451594,4.5076863175445965,4.507242087780125,498326.1155757117
2021-06-24,4.32313570336821,4.338700393945921,4.299089513303864,4.319328904433552,4.31971956993667,448152.2513799917
2021-06-25,4.405950532824797,4.424538816592858,4.398949282023705,4.411376684080381,4.412887535381621,410356.50546719873
2021-06-28,4.65808284231247,4.684155214497853,4.65781797523919,4.659615045044831,4.659210525063067,368490.0877615785
2021-06-29,4.579724495626121,4.607268110401532,4.577769963135678,4.582382465731664,4.584592105428802,85988.18909226579
2021-06-30,4.608119678796308,4.612888013543766,4.602113973655082,4.605397547694206,4.604555958439509,407887.6470521736
2021-07-01,4.596713953098454,4.614711589162955,4.594930317352739,4.598704872702501,4.59945432251665,114710.75796051115
2021-07-02,4.673119999179853,4.67600919380289,4.646913869212292,4.6751737176886365,4.6730744965749205,161450.19698850068
2021-07-05,4.631331817256266,4.656548238026376,4.581889597564684,4.622187413719376,4.622160197351664,251909.67339004835
2021-07-06,4.666687145706899,4.723520755305668,4.659138300240095,4.663366422737675,4.662427151457407,198281.50707554712
2021-07-07,4.7406577580505775,4.7507365852084025,4.731303107184801,4.741137533692563,4.738112987575449,217748.4110742669
2021-07-08,4.647598580867838,4.664926309986254,4.628301848023182,4.636912495224121,4.638133565539096,257448.83193065145
2021-07-09,4.363804157733153,4.367641327173513,4.325110383342032,4.362816024748508,4.36225851685412,323303.21807751886
2021-07-12,4.438735699360008,4.469953452261183,4.433135430887412,4.441911554551803,4.4409795068394375,395287.6406810792
2021-07-13,4.319973745253641,4.3206011129656,4.315567522443174,4.317686931115527,4.318804483749122,77784.8909051424
2021-07-14,4.201244832045223,4.200486179554324,4.189528443048456,4.197953580772484,4.196769551068408,863456.9470234376
2021-07-15,4.381361779477234,4.409804727356887,4.348054737309129,4.379826761087996,4.380078793109912,307192.97092843987
2021-07-16,4.539402581311999,4.550087686047356,4.540990416007174,4.542381451964423,4.543155594165263,505797.9723914303
2021-07-19,4.606205280517425,4.61149591871402,4.593670282178155,4.60189121687482,4.601510970053217,167705.28203182513
2021-07-20,4.7673128623569925,4.797146779998029,4.732765339849895,4.768978286582654,4.768630042108025,310030.72065485147
2021-07-21,4.682286292723973,4.700071874566795,4.62365821234132,4.680748546407972,4.680511169642757,224727.0096463554
2021-07-22,4.76728406305419,4.787722675720463,4.723676458703754,4.768766693766551,4.770196731227802,286273.7024339122
2021-07-23,4.691264281267082,4.722707560467659,4.690396671960258,4.702154344404484,4.701935447801053,292932.628662198
2021-07-26,4.635933333308402,4.654128444283312,4.612327701104009,4.634456195596351,4.634872946408038,392635.1128240116
2021-07-27,4.410837532808254,4.4135847414656615,4.394030136046703,4.410953002006726,4.410192330708766,202360.7901212527
2021-07-28,4.2518796851275855,4.277967776381344,4.2384138120762485,4.251766474736843,4.251225937387584,196518.4501156328
2021-07-29,4.263106672130469,4.269282366786007,4.232467843659131,4.259834741310031,4.259344669918698,205960.41024863409
2021-07-30,4.175175029404257,4.191601674931685,4.167872316071961,4.178170224097549,4.178564646787436,1185262.175762281
2021-08-02,4.181498224902761,4.201381252820721,4.157851141001426,4.184189253154558,4.185026651084439,177641.3444255301
2021-08-03,4.1720415326579605,4.192355556699429,4.177449606467392,4.178812267423415,4.179584667778191,241373.2275096533
2021-08-04,4.0094791111444135,4.0053702750952445,4.004327376308014,4.004838702863547,4.005316683980985,371545.7824137295
2021-08-05,3.986113775031089,3.9930348908525706,3.933013977818909,3.985835562063553,3.9857429064388974,209875.4412228888
2021-08-06,3.850171025541343,3.8747617435392026,3.835656654235817,3.846919243291513,3.846299938061629,398427.2715243014
2021-08-09,3.796417425173482,3.807124750044189,3.792765542626428,3.797981064788867,3.797702256486861,268813.44220567204
2021-08-10,3.8249211596238175,3.834102545042695,3.809469410170496,3.827196439782039,3.8277909746054095,415573.5535700005
2021-08-11,3.902298768069612,3.920841105613418,3.858024394330891,3.8951786175242535,3.896199479639293,391741.08758975135
2021-08-12,4.058767608214984,4.074014840425121,4.0318157875413085,4.0556814639759,4.054821386260796,117122.73748537856
2021-08-13,4.0057101387575615,4.01103743506171,3.9927116087453545,4.008990311243768,4.0101445759535626,421874.9014965197
2021-08-16,4.064598781511337,4.104411535143052,4.036008604638102,4.063479056927063,4.062895350436613,659399.3179029259
2021-08-17,4.096178611231671,4.108319472976976,4.077688491960691,4.09896901260702,4.098841555466103,417346.5871333332
2021-08-18,3.959375644332441,3.97737278451176,3.953103314434205,3.9609918497798775,3.9620851418898217,373871.08507179073
2021-08-19,3.9755784609802856,3.996123313612416,3.9594855437688414,3.9743716082200176,3.974834096048448,513288.6390829141
2021-08-20,4.009660672532122,4.034596485685869,4.008159731344657,4.010753671479578,4.009587447789053,278305.0248857841
2021-08-23,3.858439786127624,3.868094584310438,3.8589273568995774,3.85919251311874,3.858752159383462,194371.52672702284
2021-08-24,3.912112277442557,3.940614123945404,3.88314645381073,3.912879635230378,3.911482308201456,240273.8331664904
2021-08-25,3.941934170869279,3.95070264060457,3.94153939059364,3.943844651434635,3.9438654175480825,135159.1087089367
2021-08-26,4.08877052735432,4.106982567583007,4.075871642277234,4.0813844848715926,4.080343340084793,462437.5360554938
2021-08-27,4.065889210412463,4.080541661570127,4.058792989675866,4.070031325684929,4.070575967838837,252901.49405273524
2021-08-30,4.154985472297139,4.172320968739401,4.139081397822535,4.164335681149533,4.1643000198254665,88528.42237730397
2021-08-31,4.146523476677148,4.164725461972077,4.122770270159862,4.143666452094742,4.143922760680399,471348.7743990505
2021-09-01,4.283290051642349,4.287342086815166,4.267034750391469,4.28286261105244,4.282859012659288,380408.14881993766
2021-09-02,4.523773485880749,4.529872614100399,4.507975187640349,4.522338773615897,4.522817281689383,248061.12364278708
2021-09-03,4.3195190006085245,4.352003679221998,4.310929844246158,4.330413129063899,4.331448283921802,237369.3532232192
2021-09-06,4.400274846987411,4.428080452957471,4.378705732600133,4.394609566479066,4.395900184336537,579245.4184961913
2021-09-07,4.397690047820953,4.401765635308528,4.370381617280292,4.399226287847131,4.400078447574785,71254.20072684146
2021-09-08,4.501954245696842,4.5227723754529245,4.467843355412124,4.505220867458135,4.50417642597196,217310.7012806585
2021-09-09,4.536883506457074,4.547015814268826,4.506396692238154,4.537580288484628,4.536942183723039,437582.1435751306
2021-09-10,4.274496644878404,4.298245959134806,4.272015341139455,4.275649501304485,4.275567008212244,304121.37206316914
2021-09-13,4.046708436208646,4.059636614671861,4.021426492945421,4.043554553167033,4.042175011656005,263521.1377276597
2021-09-14,3.873706711310645,3.8835949346933054,3.8588189184667967,3.8732614710503617,3.8730008900239303,413108.4151456407
2021-09-15,3.7705179816939776,3.781799776838045,3.732612925130376,3.768706149224647,3.769196365370277,272967.9196213632
2021-09-16,3.6329839961204153,3.65481192852132,3.6321962331601503,3.633080462975442,3.631176883660768,498856.35905006
2021-09-17,3.4408634860241194,3.461103472071156,3.445158056589703,3.4457252565697445,3.445205120817917,285875.35753987613
2021-09-20,3.5443902544315287,3.551723994802681,3.517085482514207,3.541110004871673,3.543386000317028,190811.6756047934
2021-09-21,3.385142508978635,3.3822496990644244,3.361119146338964,3.3810736495365963,3.3800829165780018,196432.68456396076
2021-09-22,3.1353640600913786,3.147636212572772,3.124787993211818,3.1401728514434475,3.1387428520378697,158776.78712673328
2021-09-23,3.0842215873653696,3.087276250946523,3.068455569264475,3.0845792994399552,3.085786274178809,445838.3638949431
2021-09-24,3.1495366130841065,3.152909194931284,3.1383433081786016,3.149018643942815,3.148652395188651,246103.84154243715
2021-09-27,3.2295202278469377,3.255435636879427,3.227741892608619,3.2348178133565013,3.233225514282553,234570.38805880336
2021-09-28,3.209596253700834,3.2150111598734377,3.199910807425335,3.2085008257063072,3.2080163234510595,127162.73104432855
2021-09-29,3.2115968459156736,3.249690590601863,3.1987116015989288,3.217088601947,3.2182345224397544,1153249.327182436
2021-09-30,2.9831275779890265,2.988073054664377,2.9790362018286505,2.9790371518451733,2.978871867847995,248927.98780941253
2021-10-01,3.0025248455512887,3.04062480247578,2.99906583483484,3.0089736205871125,3.008507936359715,489924.0844300388
2021-10-04,3.0450243294654498,3.0706098776468096,3.0496086394019306,3.0499585842214607,3.049849391818532,108008.92621597728
2021-10-05,3.0745245966173527,3.0829827424350533,3.064117421155196,3.074226690275139,3.074586026702315,580026.7905438661
2021-10-06,2.923774817480536,2.944923929140005,2.908338395179332,2.932067742418443,2.932159110499477,746734.0306908222
2021-10-07,3.0063696348646096,3.021828466598427,2.991350318266714,3.005488025050996,3.0056672945566567,71249.04513681403
2021-10-08,3.1128536816059382,3.1346577001977662,3.0987889400684328,3.1120109992480205,3.111774295533283,342932.6809527099
2021-10-11,3.0441748792348,3.055397800141588,3.0441902158896466,3.048456163008241,3.048635084322509,137242.71350774096
2021-10-12,3.2159518681330246,3.2497515004364934,3.186489566392517,3.218407429371878,3.218795676842619,181037.4273055101
2021-10-13,3.32704186225653,3.3404166976917256,3.323018966683964,3.330134168856356,3.3320738515193846,229582.42571836588
2021-10-14,3.3752554377599338,3.3975982405953253,3.3625089346785573,3.3718694505750304,3.3715845954483057,620465.3833583759
2021-10-15,3.4670413627188545,3.4756498320457068,3.468523869147645,3.46949578438867,3.4691148651455554,299890.6253747541
2021-10-18,3.4260676107675363,3.4395860847576563,3.4242116247844288,3.4287779275720336,3.4289221489969264,272407.6510140516
2021-10-19,3.507328819601399,3.508495126629889,3.4693485707375813,3.503669474582909,3.503383619244507,156233.76430660268
2021-10-20,3.4645405561524947,3.476435382404198,3.448550551875335,3.465196143964073,3.465297797221273,204602.08973404716
2021-10-21,3.464388645799313,3.489520727551037,3.4391902148034865,3.461103961558717,3.460610735464051,255329.20955916052
2021-10-22,3.315968833295152,3.323092567536159,3.306641014403265,3.313153142488335,3.313621950781083,149947.77902070977
2021-10-25,3.148433876604158,3.182439953977451,3.1344387139313783,3.146711746091781,3.146376396983721,410339.0012519076
2021-10-26,3.1940706481697028,3.214626787690801,3.1874622444754155,3.1926845224929794,3.19258804095838,358272.67297674867
2021-10-27,3.1971054847363005,3.2110014519133983,3.1848600450656743,3.1957794646827327,3.195332707136811,426639.46652241657
2021-10-28,3.3590723540011664,3.408433815780445,3.3526938175883934,3.357199795896194,3.3578482157249843,621059.5496040748
2021-10-29,3.6047682714506313,3.655585447754423,3.558400212995541,3.596582704639601,3.598587961823282,188485.14275988023
2021-11-01,3.6267713120727594,3.640688291391892,3.611705366064743,3.6229212174032654,3.622987139918597,649685.2049157603
2021-11-02,3.464625824985422,3.473397241359323,3.4498929911392744,3.4682806134958843,3.466602432855053,486038.474162097
2021-11-03,3.5504858234805963,3.5609852138295555,3.5560650011791077,3.556483794288426,3.5561186791833723,196031.4930290189
2021-11-04,3.480781308719196,3.487292501926874,3.4788429842885407,3.483566049317744,3.484094192396745,210162.79994094244
2021-11-05,3.5185398781424526,3.545339308505844,3.5163078172304063,3.522401846818343,3.5244118070495585,194333.26785218652
2021-11-08,3.667211487414334,3.668904447221066,3.653639013718146,3.666519011525232,3.666539702361231,199838.8310679519
2021-11-09,3.7473129567534382,3.760392991268589,3.75095501194664,3.7513993044170126,3.7524247657119623,156639.1490540174
2021-11-10,3.715417944963453,3.713615037195856,3.66421845041913,3.710926188316766,3.710947612203999,1084076.7008189072
2021-11-11,3.6723815159892936,3.6827987547403263,3.6726677351808457,3.681372471326804,3.681585094526704,213029.7177253795
2021-11-12,3.730580819846442,3.753934054467536,3.722469868786453,3.7318680107869016,3.7325498713087466,142911.16564789208
2021-11-15,3.825721942240466,3.854817960109093,3.823688909144247,3.8247201543181535,3.8249093334803983,203755.01423100245
2021-11-16,3.8796344240161136,3.88925481260395,3.8485780436539527,3.881533755354551,3.8808918298234727,408286.0695556254
2021-11-17,3.827891459843973,3.831435934577468,3.8152515529102495,3.8308118863056193,3.8317048094366593,610576.7812401025
2021-11-18,3.823825574654417,3.824591636568756,3.7984294760463566,3.8221831840185807,3.821511885165272,200991.73245570523
2021-11-19,3.990303824386256,3.996253712814393,3.978471427557301,3.989340726758361,3.99148163540008,366044.8555257237
2021-11-22,3.9518852017435737,3.962542444851188,3.911916262854342,3.945405589831729,3.946565437788773,176676.41852590276
2021-11-23,3.9984826706280208,4.00357169294728,3.9694404999659114,3.995794934848705,3.997832742793101,85235.46444637222
2021-11-24,4.028593692507789,4.037694775988083,4.021678637489318,4.028811263306797,4.029323086937572,195135.90249294756
2021-11-25,4.008040518863607,4.005624397258168,3.987872943006148,4.003258865604908,4.003042468861028,390645.5746530181
2021-11-26,3.921638416864904,3.931034242706393,3.9187904467894734,3.918971323983289,3.921415765215298,354204.26721793576
2021-11-29,3.824031658453467,3.832997197050145,3.815734429289531,3.820733752699923,3.8215174469289286,302081.4344147069
2021-11-30,3.909278657739831,3.9170204466934058,3.900562142464071,3.9141088824384576,3.914624990628503,329958.40264013805
2021-12-01,3.8430941311998503,3.8594857323534177,3.8351006934611767,3.840642282256983,3.841233316448108,345013.3773834043
2021-12-02,3.907730232915279,3.934477543526357,3.874177605829514,3.911095883623172,3.910685129608881,329107.9867371447
2021-12-03,3.963111618356768,3.968530814338347,3.940785373809636,3.964001079918821,3.965249543867484,113372.97598799554
2021-12-06,3.9682960620285375,3.9740016514064536,3.952183984472631,3.963923115483997,3.962172086922184,303745.12805536547
2021-12-07,3.91387578945472,3.914724350345215,3.882641080623925,3.9140014800046345,3.912917168877602,454435.2964917722
2021-12-08,3.9247467899595976,3.9511114987930527,3.926170630404224,3.9264404319920714,3.9258093928135103,314883.44685019075
2021-12-09,3.982564998984064,4.007691500979297,3.9610173540687463,3.9872407742481424,3.9869473418592,275565.84240835457
2021-12-10,3.8355959588247313,3.8440238683311407,3.823193249634344,3.8364792422156735,3.835396931132974,205778.17316612665
2021-12-13,3.703645736833612,3.717933605333996,3.683299043441372,3.7060528897402873,3.7054609577030657,446585.92413893936
2021-12-14,3.756772227465552,3.7931633378034073,3.7523295851420766,3.7591369515159503,3.7596156271465166,213424.7320261354
2021-12-15,3.817583171655812,3.850850999117945,3.819878375290771,3.820143374825861,3.820047110908312,246513.15047788608
2021-12-16,3.807390432143631,3.808451845333715,3.8058982093945257,3.8070685533615936,3.808067742365939,167753.07266836363
2021-12-17,3.783992095447213,3.796496729009204,3.773924385098845,3.780965144677757,3.780193179000876,324166.66694216605
2021-12-20,3.805291067856827,3.822653960417034,3.784783649228284,3.8023734301077865,3.802398034245122,218227.172667367
2021-12-21,3.828450807065962,3.828094328000178,3.818340642320446,3.828043577746611,3.8262048755566247,287819.38385386934
2021-12-22,3.742528308175279,3.741160268517458,3.737659654702945,3.740166661099056,3.740339156478644,101226.10531129807
2021-12-23,3.8355535408690207,3.852537029383819,3.810309837774576,3.829841547173715,3.830166967491914,224493.96288777856
2021-12-24,3.780881293926591,3.778136162668401,3.7688207472217017,3.777882633740363,3.7795217156615486,367443.8217036648
2021-12-27,3.7088447810617904,3.743818622652757,3.7069554502042767,3.712284878306108,3.711323739967466,1594795.0792369589
2021-12-28,3.668613264306866,3.676211332272503,3.642972958494159,3.661566688608073,3.66280296541276,659783.5423002782
2021-12-29,3.592385859818716,3.616728826594567,3.5849136960645227,3.597507357598015,3.596837110874407,175673.78382366913
2021-12-30,3.5988217472669004,3.6188488052165417,3.5931411208949178,3.601064706060712,3.602150728024096,451361.1947101178
2021-12-31,3.5561823650254705,3.578861246431677,3.552549851621282,3.5596615693704736,3.558657496295494,258589.9176478065
2022-01-03,3.423339357036795,3.425819193137106,3.4031257147895246,3.423483671524042,3.421711085511815,170048.23222030484
2022-01-04,3.59082434914837,3.6280220923945112,3.561588432386764,3.5940263682038256,3.592862427853035,256740.25953971304
2022-01-05,3.627266898315901,3.6453607443630505,3.625969831340136,3.627111499000707,3.6275083810277455,322485.9157027756
2022-01-06,3.402139148445723,3.4102544049222616,3.388030041312336,3.4095754080447875,3.4099396059696394,616696.4222910547
2022-01-07,3.455637426972634,3.467154018281929,3.4523082205143374,3.453081621676653,3.45216458706204,221953.62372490508
2022-01-10,3.5437007397174383,3.556210073861205,3.543921630903494,3.546588221170079,3.547106022803618,314531.3929620047
2022-01-11,3.5380934785243965,3.548085992947776,3.535792554348458,3.540655089421745,3.5399894183643177,161805.19823682558
2022-01-12,3.572781953960138,3.590038913808459,3.562417243918805,3.575195576307712,3.575750138200956,682527.4498115741
2022-01-13,3.7051801399317,3.719358363926269,3.671573671637553,3.69615383222458,3.694788326575525,357053.9522846703
2022-01-14,3.616771906790498,3.6357670818881824,3.610804585805439,3.615141891624596,3.615581105723519,209393.556173924
2022-01-17,3.4489722645902123,3.458892207130841,3.429519892168773,3.450901626312563,3.451125453721268,322962.98065598524
2022-01-18,3.5229987824371864,3.526493384758276,3.523042473873136,3.5252422552310394,3.525198934489341,345713.4066762547
2022-01-19,3.277116399713096,3.2862490208740995,3.251258886010458,3.274782502547794,3.2758419608214107,202000.455159972
2022-01-20,3.271191655526742,3.269529149371079,3.23980413395176,3.267570999052556,3.266282490359219,490442.6539543276
2022-01-21,3.1785059546607344,3.1972238726530717,3.1802268615432783,3.181554139930676,3.181454331554292,106545.90790500822
2022-01-24,3.05273706650304,3.0686913931413784,3.010704322190526,3.048898916401558,3.0499414402039497,295521.59333292703
2022-01-25,3.0995677762801663,3.111821654245265,3.0775015239111214,3.098583936533285,3.097556770108803,209079.31094293733
2022-01-26,3.0448518018392554,3.0448294835186265,3.0168628623437947,3.0400252764657365,3.040096897972724,204024.79036799763
2022-01-27,3.167160521343533,3.1775084370280453,3.151027433563161,3.169548544009647,3.1702551323087205,444378.86879863247
2022-01-28,3.3106200832382595,3.316095665580121,3.29878578389496,3.309059650729897,3.308795443662137,37626.16981745689
2022-01-31,3.444388246014728,3.4450248168319457,3.437269726787533,3.4435245858301933,3.4416003508589337,401368.5965461386
2022-02-01,3.181648706469072,3.1879987476707603,3.1726511488374167,3.1831174401058404,3.182908031130689,136351.97678209035
2022-02-02,3.1950114661112208,3.230659020104444,3.174114342770853,3.197704287628891,3.197980613882554,479531.5673887682
2022-02-03,3.166300413579155,3.175106790016508,3.1561428981335014,3.163850744425658,3.1653003331806877,552388.3492217272
2022-02-04,3.331854731127834,3.3404156470794844,3.3186801564605,3.3346558462962896,3.3350651317110644,664447.7546449505
2022-02-07,3.159763651328637,3.1677219474563514,3.156577099781335,3.1590250736513674,3.158497853361781,117768.01875980257
2022-02-08,3.156512632112224,3.174922517865444,3.145322742580006,3.1560986030556344,3.155323017130597,299211.9882071513
2022-02-09,3.0377377248209254,3.0510686275897525,3.021839780703952,3.0372555410443582,3.037887783866969,690663.4501433735
2022-02-10,3.0689900487193147,3.082470950758633,3.062213457060918,3.069723856664059,3.069998651756444,48146.84823295367
2022-02-11,3.3702256546046896,3.3859721179835818,3.355387649711889,3.3706130704576838,3.3707722012606487,1318591.4354620886
2022-02-14,3.176799223721081,3.1870937268640525,3.172767705945533,3.1727847206661277,3.172433354743537,191756.77712783383
2022-02-15,3.279433335819558,3.297459205485175,3.281844797790822,3.281858576190844,3.280120722509741,161037.17542264334
2022-02-16,3.305012119299044,3.3208119753198524,3.29407143358999,3.3102725567693434,3.309906763475994,177133.94990482653
2022-02-17,3.2518866835434816,3.2618000146221555,3.228526349091653,3.252585961128029,3.253439087993395,213636.27518586957
2022-02-18,3.3363173547671248,3.339908163420335,3.3253110539349287,3.334807944153991,3.334375744406708,160212.1896028549
2022-02-21,3.432314918279709,3.4378970481185367,3.3945374201721057,3.4329183543510973,3.432225530809692,357395.53983179666
2022-02-22,3.2840331510351444,3.2926551270533477,3.26675585775288,3.282008876943902,3.281774596824492,289746.4222393112
2022-02-23,3.339977874978013,3.343930956930963,3.337004473846011,3.33778177383873,3.3366706958314083,267371.3604033175
2022-02-24,3.3305484701639974,3.332448654350929,3.324204245107025,3.32677672492058,3.3269053861259645,198084.7768966585
2022-02-25,3.2658050769862683,3.283246511128088,3.2477591814708853,3.2627697080817053,3.263872017205588,469507.01389388286
2022-02-28,3.1220471926213405,3.120972306154505,3.0991321928949844,3.1188231146869816,3.1201910160455,102066.20077954496
2022-03-01,3.064824438117242,3.0828266865785605,3.0332397988631463,3.0641949327961533,3.064293637557934,153346.97947138813
2022-03-02,3.018191671996864,3.041480883616894,3.017801075379901,3.021722628683047,3.022550171967408,217033.37680102844
2022-03-03,3.0011137175951417,3.014901453960092,2.981918066960513,3.0013843626088046,3.002777974394425,194448.84848027624
2022-03-04,3.1124527581991104,3.123029959472808,3.1079169910398554,3.1137761242143656,3.113323765108852,400772.4869187214
2022-03-07,3.3026554116516444,3.30195242410328,3.2887566913719595,3.30138346872615,3.301701066072979,279722.12229956704
2022-03-08,3.256471245475766,3.271306226408184,3.2568807792578625,3.259852188495301,3.26003337333837,491140.1001367482
2022-03-09,3.15821540202988,3.183602930187843,3.1528109099927004,3.164601526482309,3.1647097112167484,380158.1779215744
2022-03-10,2.991734433621512,3.0276268029082245,2.976082488989005,2.992054547372997,2.991353331861461,423954.4872057788
2022-03-11,2.8748425026319606,2.872894980935921,2.8646491588276053,2.871292294049886,2.872237599489885,134369.7940476389
2022-03-14,2.7638057351998877,2.780042213442782,2.756025849354206,2.7641001859645757,2.763296216395719,432095.6373148676
2022-03-15,2.7140815223716497,2.713661065341102,2.7119817688872416,2.713023070473316,2.713249025777647,213335.66100312857
2022-03-16,2.825508738171931,2.829988850606087,2.8132654864640227,2.827104155056382,2.827638224016461,820865.6765984648
2022-03-17,2.761126515771476,2.774426759551457,2.7592292637092624,2.767163575893952,2.76657559293423,101573.55016874228
2022-03-18,2.6441617249110103,2.662322529851418,2.6467006666908777,2.647794699981548,2.6485204571364496,269710.189618757
2022-03-21,2.6631153194047457,2.6621934097115965,2.649346658868556,2.6599532763938685,2.6589316122838897,157123.6567180929
2022-03-22,2.7799010538871465,2.7848854941481376,2.7659874615553663,2.780613009460772,2.7806505777347845,163722.27833894858
2022-03-23,2.767490308947669,2.7702761001115936,2.7615935283913355,2.7672710044294777,2.767370349801361,142169.048671564
2022-03-24,2.714797975010164,2.719305242012426,2.6900236541530336,2.712022172945414,2.711640433380658,452535.9556002733
2022-03-25,2.6723039704430307,2.6794595015976723,2.667892969448161,2.671120107233929,2.6701568913715352,239447.77313712347
2022-03-28,2.71755855925257,2.7194237714437626,2.713722540994035,2.716850710088892,2.7185128625907264,116240.02179602472
2022-03-29,2.862526860101821,2.8715311597132884,2.8628798709949863,2.8646511954680727,2.864617893723626,386334.7283367607
2022-03-30,2.785334255781426,2.789223157360352,2.7850455377446464,2.7873122060682425,2.787857735181078,151077.0666811769
2022-03-31,2.7584644375586493,2.768344264314357,2.755437080593416,2.75899900074781,2.7574387994173115,283285.4056171809
2022-04-01,2.7447261345505685,2.781191114986271,2.7374710694464417,2.7426667986233824,2.7423142950683275,509462.40255423344
2022-04-04,2.639602210526274,2.6452033294008044,2.6392252076402314,2.6422481655922665,2.6416957626719157,192256.46427676812
2022-04-05,2.738849237285582,2.7582771387803806,2.720476030415483,2.738043986847233,2.7392331092516704,164901.6423901489
2022-04-06,2.799726133538077,2.807225610447273,2.7708971582084025,2.7973504825114808,2.7970935620578934,298431.8961720963
2022-04-07,2.763002962920638,2.772447193866346,2.7469514226039906,2.764326467223732,2.7636803547047077,364607.311476581
2022-04-08,2.7440631271123275,2.7507001859873035,2.729692562887841,2.7461836261155974,2.7467355268164906,177615.21963314054
2022-04-11,2.7093895551611613,2.71076332913089,2.696207288766426,2.707229265405968,2.7065464499660616,493132.5344423279
2022-04-12,2.718560059309029,2.736438506056837,2.71772330177252,2.72235970205445,2.7210568150244883,618407.4282984909
2022-04-13,2.77407375413369,2.78263156739324,2.742591129983912,2.7673209847956954,2.7676433549348376,146899.83846737235
2022-04-14,2.6561942963641547,2.6627407181025484,2.654937813966057,2.6603930571521253,2.6588751773255543,157763.4911711678
2022-04-15,2.541991901596147,2.553544935858676,2.5230422598104623,2.537907683351846,2.5374794944804813,289459.8127928007
2022-04-18,2.533919279029752,2.534814081627852,2.5280981712500927,2.531598966390899,2.5307113501560576,745976.3092567291
2022-04-19,2.463492416689917,2.481094135211144,2.4514903865458035,2.463919761129091,2.4653827772247703,156392.8778443488
2022-04-20,2.407825387261381,2.418016666861581,2.3873020537328644,2.408638007098008,2.4084553597962715,106554.69260157298
2022-04-21,2.3486221569646117,2.3586280047672905,2.336657369675247,2.349154967673517,2.349009602814436,318606.4395454335
2022-04-22,2.3310916162618764,2.338415839198826,2.326795615818544,2.328390176382248,2.32819105041032,370075.4002744504
2022-04-25,2.320532684777864,2.324676923054535,2.321829565083369,2.3219450650657585,2.3223366206244864,249589.4178358693
2022-04-26,2.4056545443968744,2.418516114606964,2.3967697303987774,2.4049157614472354,2.405428249979593,273434.9847165126
2022-04-27,2.438076284987697,2.4558559522330703,2.421898124169797,2.443520838623438,2.442745544022784,221683.7226977215
2022-04-28,2.5771596875007634,2.595588729771743,2.574744240434458,2.578097176052493,2.578029576683691,193819.88069655947
2022-04-29,2.5255277523541126,2.5275730696840064,2.5026175371133657,2.525250734720842,2.5263505011963123,331381.8775480697
2022-05-02,2.480086394358819,2.4865342879650143,2.4662584059625106,2.4811026199297763,2.481381434920857,136341.78129232474
2022-05-03,2.4500427534697526,2.450252892679036,2.4373729763938776,2.4497223275562603,2.449303123900382,140850.8980707882
2022-05-04,2.374012685130953,2.385335410932789,2.3744601046054137,2.374990983500632,2.375072694966036,200154.2969838555
2022-05-05,2.377219692490972,2.386406529573774,2.3740661299394814,2.3820147932981004,2.3819834764037764,385378.4451388468
2022-05-06,2.3513235197011197,2.353097718659653,2.3498184302520464,2.3517077448523187,2.3517764582087004,197030.25387558117
2022-05-09,2.3079004260485267,2.311538936688745,2.3061739277006543,2.306573433684529,2.3065072655575984,152410.17223229894
2022-05-10,2.269105016589498,2.274415155255319,2.264165033793168,2.2673953393893536,2.267161337417214,105373.23530572056
2022-05-11,2.223258895796974,2.227658324296346,2.191019414098931,2.2209720896181446,2.2207617020639505,375188.8082274559
2022-05-12,2.2846176347458758,2.2976879606325484,2.2801138294494177,2.283862370778597,2.2850228232438283,364098.8788969351
2022-05-13,2.2330459825028925,2.240216087149548,2.217441208844733,2.2318442032908843,2.2312655590025585,151658.17822047076
2022-05-16,2.225987286612954,2.2334526466765965,2.219945786601373,2.223453044428098,2.2234460442140715,1263264.0680089227
2022-05-17,2.1351554114917555,2.1377859014424154,2.1347789283641703,2.1357393070614425,2.1350901537358418,455415.1414837317
2022-05-18,2.0930183926979997,2.102042129682487,2.086609927966332,2.091790873221942,2.0914011589225936,319900.4145880853
2022-05-19,2.124282949701832,2.1545673024500926,2.116006999449013,2.1234265869747366,2.1227977241549736,443443.29841861496
2022-05-20,2.185325342398549,2.189695660095906,2.170279295192669,2.1857391038768976,2.1850508778787603,102386.14833299269
2022-05-23,2.1329193879598813,2.1480279276194763,2.1328276913277384,2.1332189431225714,2.133339970305132,181368.74592298025
2022-05-24,2.2528728840344123,2.2560552952595545,2.250989955955961,2.2554897118883512,2.2561520309252665,227502.7655399064
2022-05-25,2.196690231601792,2.2091296730082224,2.181385349656632,2.193586330431422,2.192871304938888,196986.43130020623
2022-05-26,2.1120699119061497,2.126293751710233,2.1133711034118114,2.116202432039876,2.1162853430326347,159938.07136403557
2022-05-27,2.1050754064103026,2.11162566132731,2.1042048811060825,2.108673071326707,2.108094759473742,703070.4398250637
2022-05-30,1.9983435947426016,2.0035243638268625,1.992734322242448,1.99682041441622,1.9971595825563608,237290.82592072483
2022-05-31,1.9984384730327027,2.0009107435950657,1.9773987631588008,1.9989218740982624,1.999227086479369,425226.48527173593
2022-06-01,1.9884115382872487,2.005125194970524,1.976646006219559,1.9895146977531903,1.988841549089012,182869.75710031769
2022-06-02,1.9906426626743,1.993923898043259,1.9901891935751024,1.990946427204887,1.9904630493515247,353167.31471840007
2022-06-03,1.906447134390628,1.9158292651849944,1.902740382025896,1.905476075178211,1.9053033764773213,490008.5048249163
2022-06-06,1.942201391080406,1.9564790674844208,1.9232597811797751,1.9405718511315304,1.9407436734771335,117308.24372952303
2022-06-07,1.844399471759668,1.846557669062768,1.83890439027303,1.8423131257573984,1.842747866561557,153303.32850563113
2022-06-08,1.92734233157044,1.9459158417279872,1.9175173072097045,1.927214578076092,1.927393650177374,440163.9140303421
2022-06-09,1.847607557156679,1.8574505980177436,1.8378317507549733,1.8488264856465564,1.8485372011137475,99375.62240811816
2022-06-10,1.7875122676182542,1.7982081984997649,1.7797064902039397,1.7865276522207405,1.786609221111195,923964.4949448804
2022-06-13,1.7494269475398327,1.7582460260208383,1.7500427020143725,1.7503808775698306,1.75100433220175,335195.6634893582
2022-06-14,1.6951313208872567,1.7141128102189618,1.685236879228179,1.694880588921171,1.6955956659086284,435379.3125083605
2022-06-15,1.7317317800569645,1.7519456487286382,1.7267601159275423,1.733272020601541,1.7324952416736086,139348.67352730117
2022-06-16,1.7720463584241346,1.774708989949163,1.7478886736683252,1.7720727648518162,1.7712988741396114,530394.693618762
2022-06-17,1.7435795328939032,1.7509336864206335,1.7265874428776262,1.7429346814052715,1.7432978079095156,484959.10346454405
2022-06-20,1.7298499578207354,1.7381467934870158,1.729906877685751,1.730438852397396,1.7302732024236307,285299.5936409826
2022-06-21,1.6605571221512283,1.6663291871006871,1.6540707791286775,1.660138503926194,1.6601904902560545,146713.69859526827
2022-06-22,1.6499201204932925,1.6579847637628076,1.6413904678611184,1.647700479732955,1.6483808364210937,242245.94121839205
2022-06-23,1.7421633773970284,1.7444821341853496,1.7386953076518132,1.7421306890876598,1.742344378417152,246523.3950591739
2022-06-24,1.6695983640169862,1.6771050755015116,1.6620136377311103,1.6722840129311505,1.6720437451389576,354478.71174575423
2022-06-27,1.632970122315874,1.6487923576021728,1.6307091019590936,1.6346287470162086,1.63464414648469,464192.460745004
2022-06-28,1.585140311693931,1.591456972284707,1.5799081875903425,1.5858386844869576,1.5858122643880226,355241.28774429
2022-06-29,1.5868418125579955,1.5960680962166918,1.586221524938509,1.5870564761020869,1.5871002534892833,97160.3244264638
2022-06-30,1.5444944578468371,1.5561041205558472,1.5348569822290383,1.5450032572302757,1.5452268221302958,527900.0565487902
2022-07-01,1.5677703387390112,1.569902220623565,1.557908072393826,1.5673726650994677,1.5671860292400657,289722.2072871078
2022-07-04,1.553872994546044,1.5676538995275662,1.5373224328696364,1.5545437117486465,1.555383947950073,323017.608922175
2022-07-05,1.5357331777872936,1.5425243188231357,1.5301312952866155,1.5364192853781058,1.5357560648186206,390345.7031075705
2022-07-06,1.5431696558571868,1.5579306941148858,1.5433368248400277,1.5434707271347925,1.543044834767802,145604.01173344752
2022-07-07,1.507501582676939,1.5121085987438387,1.5004402934841048,1.5092687597522163,1.5091535336416808,205357.52395591332
2022-07-08,1.4759068475506931,1.4864098008892743,1.4722437327169529,1.475921426876198,1.475392433691837,206075.45704399745
2022-07-11,1.500996728444436,1.500984885332779,1.491979350690218,1.499600461643086,1.4997205559166216,159344.2509454037
2022-07-12,1.5281353853686774,1.5428219369790976,1.512275859534359,1.5286263621872362,1.528543818495938,423724.1868695872
2022-07-13,1.5449615491989188,1.5545813929101215,1.5441007900154844,1.5469443997482313,1.5470133635796963,419347.31898449385
2022-07-14,1.4762851637793426,1.4813979356909883,1.4689680935868663,1.4760967736123605,1.4760503462205694,222839.8434006726
2022-07-15,1.427067153583042,1.432596761063756,1.4136187790365262,1.4273023697339924,1.427726991739925,188998.0352892927
2022-07-18,1.437093983381814,1.438167276460072,1.4272446134691203,1.4364030264055596,1.436576095453021,367159.84541996766
2022-07-19,1.3829898450103,1.3883721039272732,1.3825608691084903,1.3856322445600486,1.3856322445600486,194422.2954466312
2022-07-20,1.4431796155793957,1.450921378808257,1.4375873619320234,1.4436103037837118,1.444201722219346,816603.9605290408
2022-07-21,1.4229182648308272,1.4322643537621278,1.4216566931423582,1.42417427458475,1.4243216400113967,240147.3272279557
2022-07-22,1.417634638007607,1.4215540548005423,1.4114557107363566,1.41644251707334,1.4165103948950817,219289.81952685316
2022-07-25,1.5018185795441314,1.5030486212657816,1.496455728696376,1.5011787630066815,1.5015124228427394,127412.61466390836
2022-07-26,1.5009465220592684,1.5013178314542983,1.49595392649807,1.500720951591985,1.5010694188571976,424428.5775000822
2022-07-27,1.50566911403537,1.5139956117552311,1.4964126819289951,1.5068803808505673,1.5072635925459328,342853.94375569
2022-07-28,1.5106164142332696,1.515348255070673,1.4989504328454173,1.510294945610844,1.5106319651527231,415197.8699787677
2022-07-29,1.477229032211629,1.4798545848998046,1.470016685227291,1.4757846482437302,1.475752244454687,174845.3022320002
2022-08-01,1.4193757060306973,1.4198331919176206,1.414976321105749,1.4175534085226371,1.4179768119450975,334077.1949453243
2022-08-02,1.3619463917036156,1.3728247946773016,1.3565385893533448,1.3633866185498542,1.3634398904406473,376818.9976801435
2022-08-03,1.2765574568323923,1.2786839894701505,1.2729517201146725,1.2773911874707582,1.2776276313435098,269686.49502454704
2022-08-04,1.2657516801454016,1.2711902205136374,1.2616156119456814,1.2662763006303328,1.266129618665767,246975.2176498804
2022-08-05,1.314059242326192,1.3225346156509727,1.3101389679682611,1.3132721963891738,1.3134806931141572,171931.00376990635
2022-08-08,1.289978621980367,1.2958143099697417,1.2774623078432668,1.2907396812991612,1.2911550518887045,495429.7753525279
2022-08-09,1.37361543369471,1.3747225031977257,1.367786467583714,1.3741978985685768,1.374296135411086,151790.68039106313
2022-08-10,1.2956707517183184,1.3012980929780027,1.2902789082810628,1.29708245621754,1.297186202478044,85325.1593738237
2022-08-11,1.3106167318944617,1.3243094932521808,1.3016690154543569,1.3113822409735232,1.3111201713625034,102860.8816146862
2022-08-12,1.3285163103880195,1.337812725675083,1.3123819849631797,1.3297778031544334,1.329136299618516,434524.0186611312
2022-08-15,1.3026742484659954,1.3147388053401274,1.2899090948775145,1.3047946966871096,1.3051844699155053,278912.9973267935
2022-08-16,1.325285113980465,1.3301275964131742,1.3131227882959569,1.323044391724244,1.3228004341929511,221181.7850023393
2022-08-17,1.2589125068081195,1.2662987720307404,1.246531042870251,1.259963344934284,1.25973682759191,671986.1345836321
2022-08-18,1.2339829970042362,1.2385943498145515,1.232293248811818,1.2340823685886866,1.2346122823754335,269123.39541377
2022-08-19,1.264094420593182,1.269716166572109,1.263510687680529,1.2668819075376043,1.2662213730904597,223310.17739947807
2022-08-22,1.3038035462042563,1.3183149755889354,1.301700652045474,1.3038476690099725,1.304164662657889,525807.1577775417
2022-08-23,1.300942435321785,1.3060586524133877,1.2961986003025496,1.302221879547054,1.3025233359437085,72828.76745680887
2022-08-24,1.2968878104332937,1.3019256392780252,1.2921824061283973,1.2984601727861511,1.2985130327399563,265154.18187195
2022-08-25,1.2272574916292702,1.2365667474880253,1.2264014740601643,1.2275223855298412,1.227624616496509,1042871.378133316
2022-08-26,1.3449333442483715,1.3478225316417862,1.3402763111635556,1.3433401370764064,1.343651224465532,450031.2525619767
2022-08-29,1.370940731774683,1.3756458884729952,1.361212991706826,1.3710644516500043,1.371269488301773,283671.50616763724
2022-08-30,1.4300686120266417,1.4363018503630074,1.4242643182036612,1.4291745759211452,1.4291541606303952,969052.050894342
2022-08-31,1.47843661098422,1.480108856938848,1.4714232679746808,1.4774127109413475,1.4779229156909155,260709.483633949
2022-09-01,1.4841319398567612,1.4919227283958516,1.4748069953813423,1.4835974257544766,1.4839258180435704,243460.90153615465
2022-09-02,1.4454453465602537,1.4560476018984356,1.4377008354133178,1.444978003815445,1.4446181310699733,188597.79742207684
2022-09-05,1.4361391263785654,1.4445810628090732,1.42810441561328,1.434237893201952,1.4344371013088384,436956.0529180991
2022-09-06,1.4404387346223528,1.4484048355415111,1.4381672055390458,1.4406482545443506,1.4405336934028452,225972.9089865178
2022-09-07,1.427558390852805,1.4345205348278909,1.4180432853692966,1.4286001783741356,1.4281189840395894,1526047.6914302951
2022-09-08,1.45620365789006,1.477370957416586,1.448730113838166,1.460988475391764,1.4603240489535136,140369.09803601322
2022-09-09,1.4416845246339276,1.4504599644142333,1.4386130140791895,1.4423735348395854,1.4423594172081036,428205.6177232327
2022-09-12,1.33090190924329,1.3468660448630072,1.3249406560125183,1.3305062860464545,1.3301693218350363,244086.3874345217
2022-09-13,1.4133363196129785,1.4212400527805154,1.412863297739431,1.4138472865633955,1.4136704421509731,160208.2253282045
2022-09-14,1.4216957148822382,1.4239698090948554,1.4093164492654564,1.4216117557970616,1.4214594573350008,261169.3231188212
2022-09-15,1.4142083961958083,1.4173838454816123,1.4086784264555292,1.4167135802869746,1.4170454667344217,296619.32463200146
2022-09-16,1.3963339655952278,1.4016976177407934,1.3915064161099122,1.3973652921630362,1.3973951149377088,181827.82481069572
2022-09-19,1.3593021796763654,1.365183990699116,1.3581557956972,1.3596447976428654,1.360038091695522,118999.02410110134
2022-09-20,1.3491293783815912,1.3652915723267371,1.3485769725681276,1.3511474327148871,1.3511308816304544,639376.562632327
2022-09-21,1.381212171779759,1.3914290039683948,1.376812067924303,1.380802570301958,1.3816691145607165,306616.8269124233
2022-09-22,1.4262285809328674,1.4306216833480083,1.428113089002487,1.429702825085511,1.4304445324200783,220587.4150549592
2022-09-23,1.446065271415076,1.448808846152042,1.4424541989496222,1.4449706845766364,1.4444749863983708,228879.50963414524
2022-09-26,1.4227150028008857,1.4267112364914245,1.420043387814231,1.4235311044457992,1.4238746327207676,108900.9758461538
2022-09-27,1.4815378823339571,1.4835978829459582,1.476841142315753,1.4832375000429618,1.4829558773445983,217052.82834980948
2022-09-28,1.5349016305750005,1.5407359519141632,1.5293490046760876,1.534183436550022,1.5338111524772386,188947.6001782693
2022-09-29,1.493768353691519,1.5000525493045218,1.4841014505093093,1.49286441024424,1.4924901997534596,265431.6332676393
2022-09-30,1.5457925349276425,1.5580979116614335,1.536334959084501,1.5431134932122186,1.5440634427563094,148338.4991535089
2022-10-03,1.4731605690709126,1.476679471517377,1.4675830793994142,1.4718625255244422,1.4719633857718883,98443.13367841009
2022-10-04,1.4712197172642645,1.472982859679583,1.457285692888044,1.4723887977777064,1.4725843536773182,655048.8744038745
2022-10-05,1.5084405643570968,1.5073921511766335,1.5030384608539178,1.5073680532702685,1.5073403190004726,607966.3403769893
2022-10-06,1.5500628500752789,1.552627565064525,1.5487842002675627,1.5503954694625637,1.5502947164965537,115332.17306172424
2022-10-07,1.616861280983919,1.6202825757546797,1.6098174788464712,1.6181460334762297,1.6181695584377076,197717.9665582403
2022-10-10,1.5561303339954824,1.5583781207733072,1.5575516461019132,1.557769402730795,1.557513619019067,335470.3926159641
2022-10-11,1.4881906643207086,1.4853954305313584,1.479688261292844,1.485309328377004,1.4856716445282352,490136.8323595501
2022-10-12,1.4976611058168046,1.506400439829367,1.497057491594422,1.4972237329436635,1.4972079458584475,478592.5878598868
2022-10-13,1.5687055034023198,1.5687809178934928,1.5621677680152373,1.5666020096072168,1.566862731166412,590876.1885250938
2022-10-14,1.5039935845290415,1.512374580354238,1.4942455304924755,1.5042841094543034,1.5032665677980783,262206.31953277875
2022-10-17,1.4819313160068657,1.498320304591187,1.4716881288396009,1.482997131793384,1.4826484336101071,110106.37568742906
2022-10-18,1.5250459111257877,1.5267109855893828,1.5187118988587218,1.5253632640422332,1.525914256963091,70313.64295835988
2022-10-19,1.526702051004002,1.5267998212001532,1.5039409750789998,1.525846626144596,1.525778958907231,48910.56291620585
2022-10-20,1.4979208162239144,1.502699110903731,1.4960703887396003,1.499803372882055,1.499864877786799,365511.5716542537
2022-10-21,1.447196072802759,1.4483930816909385,1.4392656044886092,1.447243481576853,1.4477555296415656,273258.1119658307
2022-10-24,1.4219627384520297,1.4234334447211996,1.4205753852530585,1.4229571884356975,1.4234422081136509,455792.0279835948
2022-10-25,1.366183991702408,1.3699566464498547,1.3575832064757642,1.3671818482934488,1.3670858516297275,109999.65299009783
2022-10-26,1.353408440930305,1.3560706794312023,1.3482179810236423,1.354614948085986,1.3552120121739557,313116.5104176763
2022-10-27,1.3814308429830238,1.3937921353581932,1.3736982901518515,1.3836162046387757,1.3836161647520009,284985.4879880962
2022-10-28,1.3573446985321411,1.363166301650717,1.3590220020451338,1.3594067714122509,1.359678567155469,84738.43129117467
2022-10-31,1.3433254427145194,1.3515548992815771,1.341782638242551,1.344728076252765,1.3445880132993202,983869.2061902374
2022-11-01,1.3448003921004796,1.350120739637753,1.334703388865125,1.3439334111250327,1.3439039524163614,272225.5948894892
2022-11-02,1.3341227448188724,1.3399881631610695,1.3298899569186102,1.333744836005174,1.3332139609391185,93244.3414557668
2022-11-03,1.3494035808649496,1.3546383805189277,1.3443639530760834,1.3496698917116676,1.3493824968293735,217644.59628717933
2022-11-04,1.3524138442988174,1.3537740425266307,1.3503559959165077,1.3510938179362886,1.350986839532749,235496.03759484467
2022-11-07,1.4088025974563785,1.4159746351226945,1.4048033734459962,1.4082935332550657,1.408405329949682,163735.2469271086
2022-11-08,1.3761710519357535,1.3813451458992394,1.3706079536470963,1.3761003153040872,1.3758522914500837,399440.09896420216
2022-11-09,1.3491074530076113,1.3533551040416965,1.3434645495574162,1.3497037138605346,1.3500484957886154,210779.3488434711
2022-11-10,1.3526715103654123,1.364619816273888,1.351964477923354,1.3530624720025892,1.3526737678090195,253923.76750686704
2022-11-11,1.3777019306442362,1.378843713279183,1.3685112720191277,1.3776608789035447,1.3782896197775705,273578.05844719853
2022-11-14,1.3518741981357851,1.3528613537162075,1.344731043464913,1.351578671033682,1.3519637963111724,1037273.4465262496
2022-11-15,1.374711376228221,1.3787733788963732,1.370987838035754,1.3751845337822142,1.3753402404078288,651058.3141199977
2022-11-16,1.422632888120534,1.4402875635327244,1.4092544536821736,1.422476599614445,1.4232358943850894,479572.3791983632
2022-11-17,1.4222769736220542,1.4323984595626476,1.4215014528117773,1.4245633643239477,1.4245884061425005,185585.51532155287
2022-11-18,1.4863598720931204,1.4981971693482954,1.468027836296605,1.4856974426457286,1.485066263577306,220015.34770070968
2022-11-21,1.4463864870590235,1.4528075005225385,1.440298265044626,1.4478523205594571,1.447010055628403,305931.98658090946
2022-11-22,1.4026922261268395,1.4078285424521542,1.3929758863170754,1.402535928734826,1.4019695732926436,446989.1091956028
2022-11-23,1.3538743169678469,1.361753317183971,1.350175276473865,1.354817150678644,1.3550278513695728,351812.397834784
2022-11-24,1.3220471948407684,1.3225609297065255,1.3210459622892312,1.322407976190243,1.3225433472492487,97424.64053806894
2022-11-25,1.3390787828450894,1.3392789404371954,1.3336558181033815,1.337327272454991,1.3372625658302215,191757.84273222223
2022-11-28,1.370457703756483,1.37440054747899,1.3612886609998884,1.3712121107918165,1.3713254855020425,451065.5732648702
2022-11-29,1.4333198914739804,1.4389371970010298,1.428925325934696,1.4338355008057415,1.433879833578283,329486.7815265284
2022-11-30,1.4616373838498586,1.4649598309295704,1.4549493163730114,1.4617186973610818,1.4620622108492385,279239.10945999104
2022-12-01,1.4568781350559463,1.4603871805734028,1.4544051100565658,1.4558620300646552,1.4554050062141586,382065.0582706585
2022-12-02,1.4130328314141634,1.417904454418594,1.411629960310219,1.4138246695228545,1.4139356773999645,203685.95266586525
2022-12-05,1.394471177209544,1.3988606502926015,1.3867410656150896,1.3907187959498537,1.3908773678138735,255244.5084003037
2022-12-06,1.3913956859959178,1.4021526764828895,1.3820893550651336,1.388259935909306,1.388595282524925,177717.61254818624
2022-12-07,1.3792106315640418,1.385028893384557,1.3694032950581794,1.380259110692878,1.3797670216940543,215751.68838736252
2022-12-08,1.3841491775722492,1.392595890121418,1.3851695973462843,1.385605719138585,1.3854292990956631,651218.0811199155
2022-12-09,1.4040562284876184,1.403433967943381,1.398751104758461,1.4022471976043729,1.4018720139936742,952419.3851138906
2022-12-12,1.4576783265972797,1.4568432130856006,1.4475317894802433,1.4556768417746713,1.4560112915314067,211724.7345432288
2022-12-13,1.5342409101109444,1.5367401175506634,1.535259281561943,1.5364982208111917,1.5366321246522183,261034.7068716529
2022-12-14,1.5373290052352822,1.543249075250013,1.5358715330775037,1.5394324732963176,1.5394259351160164,1097274.7322024575
2022-12-15,1.5801930965446809,1.5806140432909632,1.575780211962433,1.5787171363889734,1.578587136389075,787376.6834595508
2022-12-16,1.5456491207122498,1.5525510474457704,1.531599608412182,1.5452801738390356,1.5448539446742664,714989.614638931
2022-12-19,1.5337452988079343,1.5369992644684085,1.5328205088752718,1.533970678271784,1.5336902189031312,239122.638816348
2022-12-20,1.517520187777721,1.5298111359687148,1.5017665274231036,1.5162272516704722,1.516468119588637,329986.5455758662
2022-12-21,1.5039642965777769,1.5054411046922067,1.4977522596936663,1.5042538782691903,1.5036910573607671,257028.4383972959
2022-12-22,1.528974050444146,1.5342431566495809,1.5186171206811074,1.528948391596785,1.5286510557857695,449205.983032859
2022-12-23,1.547659156096017,1.5519809429375686,1.5454422433689103,1.5473036095609125,1.547379805755875,116057.21889658172
2022-12-26,1.5792178182785266,1.5899848232935747,1.576319854648579,1.5779574148941966,1.5784642492096526,159383.74449375263
2022-12-27,1.502315554971984,1.5089324902961885,1.4921488283439228,1.5033929394529744,1.5030989194708089,178574.61538504242
2022-12-28,1.4930798479284615,1.497820756397598,1.4929451050658762,1.4944375104643153,1.4945663688819366,495647.81601120246
2022-12-29,1.4676979427820278,1.4678097175176623,1.46229686273433,1.466834217927727,1.4661924060101796,555763.352620279
2022-12-30,1.488707614275142,1.4967483020132235,1.484073928051152,1.4909120670488336,1.4913426752872767,395896.7461485692
2023-01-02,1.4779489319017232,1.479735864873773,1.4730769326793582,1.479629785583808,1.4798526244521737,180640.5273127981
2023-01-03,1.4727304860368515,1.481106794083222,1.4646678107484652,1.4739245798905665,1.474136159862329,500052.407678537
2023-01-04,1.4328670745385097,1.4361122356663385,1.4325250345127083,1.4325898971199489,1.4325545262521944,320431.0551841644
2023-01-05,1.457469819975673,1.460033116176647,1.4532085538100408,1.457425091626051,1.4582396351189726,678403.4165369327
2023-01-06,1.4474960847720135,1.45773907005956,1.4438749884905202,1.4452002007528566,1.4452344876134755,147428.46142314712
2023-01-09,1.4040477682201382,1.4129879171389497,1.4031181683090337,1.405633976064689,1.4056998652534327,384128.5025755177
2023-01-10,1.4138208362098597,1.4328297660639913,1.4044728328940308,1.4163830568697808,1.416291080510628,1370281.3056872503
2023-01-11,1.4433794026721594,1.4470942047438469,1.4433509747491882,1.4437818799805506,1.4433599767891163,166730.53008856857
2023-01-12,1.4779854254033638,1.4962764272093068,1.473952344485139,1.48018562569558,1.4797133100244926,362047.4210421359
2023-01-13,1.517078512126769,1.5349866889567998,1.513068743664471,1.5202735243624534,1.520258085793686,154268.55727262516
2023-01-16,1.5458923704920375,1.5591492416848376,1.5407696013311682,1.546276360508433,1.5470736804985108,293431.4405879596
2023-01-17,1.5048921233194896,1.5155036317382136,1.4986130030089313,1.5038776642345466,1.5043418382796034,199270.67424179305
2023-01-18,1.4787850541359535,1.490508130992586,1.468140016316374,1.47838307832491,1.4785971937721536,296312.8436032021
2023-01-19,1.527798894936964,1.5273121480589742,1.5232906450255002,1.5251430508438562,1.5252442287384484,200139.08107610387
2023-01-20,1.5625651348633829,1.5709939957989505,1.5590202987870638,1.5629132410097166,1.5632869999697756,304933.1359152516
2023-01-23,1.6218372633674174,1.6219895560572348,1.614001766407266,1.620371276260978,1.6200308286379062,88699.89169231974
2023-01-24,1.629300011526434,1.6461316893727924,1.6265982432713066,1.630441749663892,1.6301262688867693,203377.35243320352
2023-01-25,1.6121847826980429,1.6257792431255922,1.5946375935229966,1.6101434130926944,1.6107308389765074,235272.3401327932
2023-01-26,1.5799943963444147,1.5842360768347103,1.5741344225485447,1.5815455880525413,1.5819537812322355,263099.8282966267
2023-01-27,1.5986914222088286,1.6009475692766777,1.5950557993787289,1.5991207283918656,1.5991661791349914,246318.72431476347
2023-01-30,1.562809042282726,1.5697298512211977,1.5525306044326093,1.5622544488702692,1.562556255011767,127391.6600243667
2023-01-31,1.562547834827773,1.5657978755161912,1.5496869856148263,1.5627343785914514,1.5626156780236808,887579.2067655906
2023-02-01,1.5904740128400925,1.5950413253174998,1.5861710153710422,1.589550415885957,1.5897994486759073,356699.62850357813
2023-02-02,1.5902080776356564,1.5974918819564892,1.579189757881589,1.5914166743147995,1.590888841718891,201598.1026673824
2023-02-03,1.5537389746881214,1.5534146391701755,1.544030081996182,1.553228143575777,1.5528252778791676,322842.4852269513
2023-02-06,1.5059254269240605,1.5135373582624962,1.5003482088954558,1.5070875201814884,1.50740439771645,693294.4976718731
2023-02-07,1.4215230660251217,1.4245603331882162,1.4085017008227243,1.422716247491837,1.4233934564273951,609988.2733815438
2023-02-08,1.385200566486468,1.393946161465787,1.3775671385793344,1.3841112732271,1.384069615105865,240225.8963635116
2023-02-09,1.360560173986103,1.360668037189779,1.3583530965938089,1.359665602677934,1.3600207528395512,336856.78470757423
2023-02-10,1.3813677366186272,1.392033273129655,1.38205724346821,1.383937585384052,1.3844325557164416,606676.9979845175
2023-02-13,1.3612300709088034,1.3714942329039093,1.3589287059567523,1.3605840380276095,1.3609317681159745,178433.443253823
2023-02-14,1.3409994213013443,1.3479845690372865,1.3348560124082651,1.3394915181842897,1.3397846795797892,201117.3280304172
2023-02-15,1.4279955268346565,1.440877432039099,1.4243556147947751,1.4293034359980716,1.4292379662491743,289342.583732925
2023-02-16,1.4363661989849024,1.450232919512216,1.4300075248533248,1.43620385449064,1.4357903063854578,182868.45037998247
2023-02-17,1.4557150548941844,1.46037383619898,1.448451611581728,1.4561837566519211,1.4557336285063651,164786.5699436766
2023-02-20,1.4821136534264103,1.4822430570513732,1.4794383151240602,1.4811594737649505,1.4809718978317203,153973.82863051366
2023-02-21,1.4626303110449048,1.4673218385762823,1.462238249937701,1.4629113903772772,1.4627072184736094,459227.2879527495
2023-02-22,1.4590565219920146,1.4633821368227269,1.456983922479694,1.4583316185929966,1.4588304528313227,95317.00704259508
2023-02-23,1.4001490215830736,1.4024213047240326,1.3973784253207704,1.4006959303837443,1.4008947419133284,271837.6602604546
2023-02-24,1.3811343007410235,1.3875578084837017,1.378911565750468,1.38057309173784,1.380653965513304,308002.9579004145
2023-02-27,1.3829994890059267,1.3886068279873216,1.3819088857693136,1.3836522018744908,1.3837628642185449,343750.1154229724
2023-02-28,1.3591093215810546,1.3649277716229715,1.3560503503756964,1.3578155502398563,1.358454552881616,355667.67767280136
2023-03-01,1.3283457391030988,1.332550801044246,1.323639576262892,1.3266462262712706,1.3267645546197402,358158.71527365746
2023-03-02,1.2882258059879736,1.2919294219702795,1.272193678837569,1.2863582542868983,1.2866289344033066,163048.6520739836
2023-03-03,1.260262176755517,1.2627789515341823,1.2590408969238485,1.260604202094693,1.260370263192098,449723.5147294794
2023-03-06,1.2230265751897231,1.234590193848683,1.2181056454378771,1.2233670128133658,1.2231614625276932,260708.71890663475
2023-03-07,1.2404550153089784,1.2442729443604363,1.239352368688864,1.2394342809712935,1.238590520396357,208573.5468104245
2023-03-08,1.3173009403772111,1.3197388605092428,1.3085072046972317,1.318995104505713,1.3193512562014251,147111.7166492341
2023-03-09,1.3472859275441282,1.353312346506573,1.3379834779853903,1.3464367622530178,1.3462020137009842,114205.23247420434
2023-03-10,1.376101175647238,1.3785859139733538,1.3702428752383622,1.3759574861944406,1.3758040825031927,217869.9093309184
2023-03-13,1.35054255957022,1.3531825651968574,1.3418705549703815,1.3495389322704898,1.3491545916485528,177854.29618378857
2023-03-14,1.3798953533408174,1.380297681397451,1.3689311346899118,1.3789943799407998,1.3782988377274568,650811.1416972504
2023-03-15,1.431837702762235,1.4460337179383784,1.4293749531250153,1.4324315653534052,1.4325137305383222,188342.27586789103
2023-03-16,1.423533330094857,1.428621460347306,1.4224785092426382,1.4243880606849442,1.4246339777170651,182735.17571103643
2023-03-17,1.4940726676967655,1.4944412323276055,1.48215026034943,1.4921555382641498,1.492859007076355,199644.41906827767
2023-03-20,1.4567775735780937,1.473156926484107,1.4537379670055357,1.4549473272861186,1.4547210073389292,184010.29703595725
2023-03-21,1.457902748586447,1.457047852345017,1.4552726783030787,1.456765694103205,1.456550232791353,180147.23025196063
2023-03-22,1.4488789421925985,1.4528411359453903,1.4473674036113384,1.4483900114307304,1.4484617302962035,328684.7171602426
2023-03-23,1.4624122256256042,1.4658928204488677,1.4607581395544222,1.4623217045242878,1.4620583357617618,102395.82356743747
2023-03-24,1.4841734584833477,1.48732167122417,1.4774950319035236,1.484789705241364,1.484334809756899,339629.4361707189
2023-03-27,1.4165365078948624,1.423196137582174,1.4064648488731497,1.4159589617273676,1.41572449693433,301842.4080454608
2023-03-28,1.412883486218369,1.4139583171541898,1.406565963553793,1.4121670072809474,1.4119411118426206,182255.38514728216
2023-03-29,1.393673363840222,1.4038268564081284,1.3899075775700993,1.393278527259074,1.3932362901308355,37951.35450754387
2023-03-30,1.4621522496488073,1.4787886066907894,1.457648771816506,1.4640354893260437,1.4643830953745545,471422.3534937437
2023-03-31,1.412224567624363,1.4184981032580652,1.4002157458713118,1.410094634893392,1.4103396882589228,371472.1570807755
2023-04-03,1.4440418143323643,1.4479740799705143,1.4365306263889683,1.4431283367750856,1.4425264919485483,150721.39034951973
2023-04-04,1.474017851147034,1.478244091336061,1.4702168905189692,1.473411292138461,1.4736120135947894,171890.37166500604
2023-04-05,1.4865042216981692,1.49040321436091,1.4820915859264272,1.48625496336393,1.48716567890105,426111.5387641697
2023-04-06,1.429968201982731,1.443200735206168,1.425816464305571,1.4283346397175722,1.428320858541971,154653.443777804
2023-04-07,1.3772823527245677,1.3839813255598823,1.375587742296449,1.3790618399558636,1.378859148554261,97494.08968736994
2023-04-10,1.396994994213062,1.3984386851023949,1.396228108776414,1.398390863200602,1.398175241037523,89200.72187745023
2023-04-11,1.3893840497990928,1.3925230600527596,1.3856305341160655,1.3894139996229755,1.3895470214412584,0.0
2023-04-12,1.3373607021781575,1.3392321792998008,1.3303132909931068,1.3385721695450166,1.337905310507166,584488.8346560696
2023-04-13,1.3247267721414726,1.3354375258352809,1.3110246723998085,1.324763872565435,1.3249478865425437,107291.69063282043
2023-04-14,1.3387645324928088,1.3480675171531116,1.3269995521011473,1.338425877515724,1.3377665259634928,243948.4597600936
2023-04-17,1.3957457602193637,1.410175107875429,1.3904441263589726,1.3944309354456967,1.3944576409039735,331473.7652451704
2023-04-18,1.3480392416587714,1.3531438027334683,1.3403510408919643,1.347742089025137,1.3477370979401635,433549.40956341353
2023-04-19,1.333866209718738,1.3338896095486377,1.3318230487943348,1.3325375559828097,1.3321032666298058,709988.4185642354
2023-04-20,1.335343545307477,1.34773949196078,1.3256373857677335,1.332730004316686,1.3327698180063037,329008.21604605165
2023-04-21,1.31175357353027,1.314817749262957,1.3032609925291243,1.3112309752643556,1.3118352401929638,397711.2309565689
2023-04-24,1.2781317457185857,1.2826690690926597,1.2740689047181817,1.278589495557385,1.278386352491515,333822.9562214709
2023-04-25,1.2379847544275755,1.2446432439994657,1.2378616604858723,1.2380650288080093,1.238272635111216,577232.6711188498
2023-04-26,1.233420859270786,1.233369354131843,1.2257400105332308,1.232861450295746,1.2326559896860054,521450.2376928589
2023-04-27,1.2009457711362022,1.20637932937967,1.1968544527722322,1.2002378145703694,1.200197806032113,685668.7623327536
2023-04-28,1.2242472235105746,1.2296602124689735,1.2219410594678044,1.224825506755846,1.2249633883895483,411431.2461552696
2023-05-01,1.266774027376054,1.2720992509937517,1.256773746457495,1.268665061670552,1.2683298736968065,252755.57675912388
2023-05-02,1.2859067090759877,1.287256583767752,1.2820833850870916,1.2853843101980422,1.285005497270599,373768.7282399055
2023-05-03,1.2345070320710712,1.2365050539224371,1.2299248384006116,1.233416989748583,1.2334775736471462,49718.96054165565
2023-05-04,1.2382624134286997,1.2394434722620686,1.2298326513470694,1.236741880554402,1.2371211756715226,197585.39875043853
2023-05-05,1.1757939146211345,1.178102607975954,1.1633370956388,1.176441197662553,1.1763672401467786,258131.03819993796
2023-05-08,1.2362979186593888,1.2407102918468065,1.2333794251308114,1.2364469244796823,1.236496293654327,105529.44956670469
2023-05-09,1.2389225780675048,1.2401764495596803,1.2360565816528255,1.2383423508442355,1.238822320911916,1130449.565758268
2023-05-10,1.165617175703509,1.170231988321598,1.165702849199851,1.1662335968776556,1.1665836574802022,497051.8642678008
2023-05-11,1.260605706816848,1.2628258158795105,1.256347026243567,1.261303050276657,1.2610347744584764,432372.5396798492
2023-05-12,1.2075302289559902,1.214952470886527,1.2084198698544848,1.208555825877032,1.2089901559575067,755001.3156473566
2023-05-15,1.1823134548092509,1.1872599695040549,1.1795346124347743,1.181926357139314,1.1818310688426912,163922.91670737116
2023-05-16,1.1585368870751558,1.160472956847723,1.148415283066588,1.1576139219607264,1.1576755223678283,229840.1034624206
2023-05-17,1.1497839655586364,1.160757542228385,1.1417986909865656,1.1490108754849409,1.1491374495474802,100514.86786830616
2023-05-18,1.1100648973592693,1.1171722662619956,1.106643274519793,1.108680966812447,1.1085156555842817,296095.77048406505
2023-05-19,1.1084843173742749,1.114168915334153,1.1075502291674113,1.1087920211324462,1.109215150186496,620375.6583327743
2023-05-22,1.0901768116550046,1.089671865012443,1.0863085560101668,1.0895648633965842,1.0897308973212934,434938.76643822505
2023-05-23,1.040858429096771,1.0415510448579075,1.0348541134689226,1.0414060873897664,1.0412716047698445,162281.5702126823
2023-05-24,1.1143462910218898,1.122202757898098,1.1094314211610408,1.1137313242058575,1.1140815088331502,140707.36624751933
2023-05-25,1.0893962507954522,1.088401333167353,1.085567341231808,1.0877289749200667,1.087961625268698,407184.8359653215
2023-05-26,1.0788224230801318,1.0815669201394518,1.0760096820769445,1.0796321091678387,1.079900066590069,561903.3298898379
2023-05-29,1.0270516982245386,1.0298029493860037,1.0262867513414518,1.029436094579323,1.0292252931096464,416465.8773213142
2023-05-30,1.0421656247960311,1.0503332662682263,1.0372801088364962,1.0414787283652909,1.0417851328884085,528853.5505030038
2023-05-31,0.9699234110250454,0.982099129547698,0.9649245410653278,0.971313222410378,0.9719975971274868,317866.8684772255
2023-06-01,0.9792080726177552,0.9883944068600066,0.9762706132363324,0.9794110902256306,0.9796299720797452,150810.00204267097
2023-06-02,0.983436045410202,0.9917073630495492,0.9802828733352872,0.983978140347342,0.983767049562992,162018.34332956307
2023-06-05,1.0227008582303805,1.0316144980979318,1.0211444779527206,1.0224900175959777,1.0222451549610858,197073.6020979089
2023-06-06,1.0236520245261371,1.0272148103798304,1.0218420647962163,1.0235039986627028,1.0238200136743487,193286.63738149448
2023-06-07,1.0702933584693333,1.071508899785397,1.06753597956148,1.068996295027303,1.0689121471602552,244510.0833764693
2023-06-08,1.0356548963134469,1.041631949439696,1.0320320435366672,1.0364543905353258,1.0364105170777915,206297.30904233136
2023-06-09,1.023985992086024,1.0277327018078783,1.024212337346429,1.0248479281052485,1.0251032118022962,101132.03515689164
2023-06-12,1.020284827718759,1.0277418694370553,1.0153760003225136,1.0205471491411136,1.0205277622938065,329682.085139589
2023-06-13,1.0016249492793636,1.004211440548035,1.0015089030524873,1.001831608287851,1.0014995993529456,219300.08994576105
2023-06-14,0.9942023792628336,0.9999830684598447,0.9918381432646034,0.9953923223569844,0.9958966390155166,479731.0931547544
2023-06-15,0.9807949484859916,0.9848918043302192,0.9753133175028056,0.979652546808524,0.980047297957946,592766.3984641108
2023-06-16,0.9632876933264312,0.9706112832032912,0.9585490520974356,0.964241769205277,0.9641546173751504,162498.4111158606
2023-06-19,0.9584748442224508,0.961156496959307,0.955010853206039,0.9578758250090206,0.958056444548954,96550.41511262547
2023-06-20,0.9696886181852234,0.9747619142692155,0.964093758458887,0.9696269591872968,0.9694673238453768,487207.2384458411
2023-06-21,0.8925349825845714,0.8929416655851805,0.8916321340385129,0.8924602431164359,0.8923640826038354,153211.254682113
2023-06-22,0.9197155586723988,0.9222762352527344,0.9164672145148244,0.920464180299274,0.9205614978432684,140015.48543187158
2023-06-23,0.8722427623887894,0.8755882588196864,0.8729426556120338,0.8729457376236265,0.8729544737296508,295843.3178190717
2023-06-26,0.8656788938391865,0.8687215560796674,0.861921509401443,0.8644705287218382,0.8641750847178432,246983.8836254891
2023-06-27,0.8704860605295606,0.8733329807729842,0.8694334568109605,0.8706423228966572,0.8703632593971867,530079.7988853963
2023-06-28,0.8970259261989372,0.9008508511081672,0.8909447476247726,0.8974784386121544,0.8975590601089963,219154.180963634
2023-06-29,0.9048805913085768,0.9072122951523582,0.8953315374756659,0.9046075092153546,0.9048766821704688,317622.2598752438
2023-06-30,0.8946487302207904,0.8948385118126516,0.8879066846406213,0.8943286768155376,0.8941931731897091,280497.21147589287
2023-07-03,0.8606379860684888,0.8663421876790093,0.8588829742791682,0.860952051697913,0.8607502270779105,144064.932939034
2023-07-04,0.8815548020849818,0.8841017333519107,0.879997756588623,0.8823180958262832,0.8826144827347777,385218.3565731766
2023-07-05,0.9196234289058356,0.9233545268013554,0.9169722385337032,0.919936995924794,0.9201699652067726,183325.5340779548
2023-07-06,0.917946452699776,0.9191986528791668,0.9119520134207494,0.9171474730019336,0.9172580616556438,195765.53771301097
2023-07-07,0.9349419959305012,0.9358964596300148,0.9290019738688532,0.9342119854536302,0.9342119854536302,240917.86702682587
2023-07-10,0.9544234236835104,0.9570624387171578,0.9524973967972664,0.9533101375383858,0.9536673328973354,90412.45624862066
2023-07-11,0.9424180887512584,0.9497021824147012,0.9409318708289822,0.9447816211331896,0.9446175163281388,549355.9981632292
2023-07-12,0.944108459713892,0.9438814709226612,0.9405028264320108,0.9435744837881695,0.943829677635882,376372.6892517699
2023-07-13,0.9602323563044878,0.9641045118884064,0.9567020237167008,0.9609506864087842,0.9609760738160978,176792.786006414
2023-07-14,0.9442094089552184,0.9456340446622812,0.9386955045513204,0.9445086859471812,0.9444272707024344,218332.63407577184
2023-07-17,0.9645836546708494,0.9748088259533524,0.964704035832254,0.965288474973908,0.9652957136437924,166185.8564131657
2023-07-18,0.9685870238112976,0.9707793788165346,0.9674990366222176,0.9681065710319228,0.9682407204836448,75206.57921321188
2023-07-19,0.907413338724258,0.9071871764559666,0.9001018613295259,0.90644152663636,0.9064772073557368,385085.28833463
2023-07-20,0.8744878290834276,0.8774621417424573,0.8718122243228847,0.8741996384253403,0.8741288389695933,288921.7509210115
2023-07-21,0.8684823952112002,0.8678206474313297,0.8672372857719102,0.8674215843949243,0.8672736271307471,156598.9087409553
2023-07-24,0.8686844969030769,0.8729303409627983,0.8659299008760885,0.8678814465751106,0.8677958433391154,409562.8851047549
2023-07-25,0.9152845006943944,0.9150050838183962,0.910071045831532,0.9149009528864792,0.9144695767248084,304412.5354601548
2023-07-26,0.9357927370065294,0.9374814560545272,0.9342076240564466,0.9363563843471282,0.9362665513263952,279659.4764869181
2023-07-27,0.8992531329052559,0.9004950249649828,0.895849675017135,0.8994645237538904,0.8994803623616165,210574.682223498
2023-07-28,0.8616090518681936,0.8619494584520968,0.8511274004268247,0.8600325204010821,0.8600209387061921,317809.29927109566
2023-07-31,0.8796723300257985,0.8795877552108873,0.8640946943474801,0.8783657870629622,0.8787000216273116,323148.05804307
2023-08-01,0.8748870714293372,0.8739808189403958,0.8714403062976657,0.8738982149455002,0.8738937927608057,146452.24385768254
2023-08-02,0.8953734851054369,0.9051832332127284,0.893107045889785,0.8959089843503272,0.8958295231334616,532102.1587578377
2023-08-03,0.8892863864251723,0.8924823879456634,0.8884998540918632,0.8904219161348623,0.8902521737481882,238386.2932840229
2023-08-04,0.9583740514219622,0.9663596500532372,0.9556605805659086,0.9589080216532092,0.958758344760696,338978.3314755936
2023-08-07,1.0051141401487067,1.0035607858902726,1.0022335626825754,1.0034487375447398,1.0031925993838804,222944.8530580338
2023-08-08,0.9738504210214382,0.9807078911400638,0.96647531607793,0.9737717306568918,0.9739936100372768,271419.8831335001
2023-08-09,1.0004336160397538,1.004769427942524,0.9941581635123244,1.000138246190737,1.0001925350564858,87698.8953191534
2023-08-10,0.9465641903910832,0.9502858184963724,0.9466759459344486,0.9471719426185384,0.9473166031799328,160986.28932923902
2023-08-11,0.892117588809995,0.8935077954808918,0.8906058814264914,0.8912348174555674,0.890738031424328,271499.31767437846
2023-08-14,0.8966953824577961,0.8971985584777677,0.89455785147049,0.895337863606349,0.8954564395746738,344711.80536704115
2023-08-15,0.9203476164897852,0.9218358728097852,0.9164897283439244,0.919090386813004,0.9187916736787488,161590.82566177566
2023-08-16,0.930874944813294,0.9329399524206512,0.9285996572631144,0.9302374640501258,0.9297506535774884,428004.8055582246
2023-08-17,0.9198052140980704,0.9310455980259869,0.918123815492247,0.920221714987147,0.9202112988592532,306445.13015457324
2023-08-18,0.9717303660993648,0.974604705861534,0.9637838757211354,0.9722107987656876,0.9726731444493912,273674.2814821869
2023-08-21,0.942503068070276,0.9443743922659557,0.9402015082872478,0.9430633067636232,0.9432879895954792,379215.41879065946
2023-08-22,0.9591239751413636,0.9598938808056362,0.9576047671055108,0.95911561426453,0.959346088210541,550209.6770695152
2023-08-23,0.9853850805133344,0.9876389725301904,0.982883694851842,0.9838210898735988,0.9844019722759904,483146.4256230345
2023-08-24,1.0009465112367777,1.007181601208465,0.9973006674682312,1.003435590415526,1.0031214423644,712937.6070817893
2023-08-25,0.9608797607441336,0.9616330718438144,0.9570851334461457,0.9598005192661948,0.959633419079817,460786.5485100159
2023-08-28,0.8970898000152987,0.9008131453040356,0.8914597839572338,0.8966164079302831,0.8966253062673963,222326.35435838683
2023-08-29,0.9104020521079472,0.9118773739688248,0.9071153619305704,0.9113162982138802,0.9111340256892456,483619.6031422913
2023-08-30,0.9174013871480018,0.919234347563569,0.9096192091705766,0.9166567567569588,0.9165971946139058,523921.19872453547
2023-08-31,0.9012762730834684,0.9022081917199544,0.8944063778088741,0.9009774904553448,0.9008300117685096,132823.37036456453
2023-09-01,0.9086877139041932,0.9153053801132198,0.905871128365736,0.9082156017294708,0.9084563758600334,313536.7559622971
2023-09-04,0.9365127682873275,0.9370839044148142,0.9292004096880564,0.9365274596338794,0.9363936582704192,94452.28192343036
2023-09-05,0.9530305814452996,0.957857616783717,0.9518876997524436,0.9526496141023072,0.95259092069169,178518.27949716602
2023-09-06,0.9795593072708644,0.9802769366591988,0.9801119829910578,0.9802693827610612,0.9808162427234453,470547.2057971318
2023-09-07,0.9989356632031502,1.0023934601387463,0.9980664146172236,0.9992711601873148,0.9995155718040828,152404.56291962243
2023-09-08,0.976394811693175,0.9809277863757072,0.9691702063097504,0.9753920067757246,0.9752674716320474,223081.1599772586
2023-09-11,0.9278557602130412,0.931123972657195,0.9236227233393528,0.9278224655200386,0.9277960903306104,414537.0928778199
2023-09-12,0.9154011649029582,0.9206589028834355,0.913513557154874,0.9152567798932454,0.9153233214166892,939886.5623746072
2023-09-13,0.9162489518460376,0.9170767424318956,0.9132092381308644,0.9156905155417018,0.9159522846989536,169874.71439962715
2023-09-14,0.8754009805820901,0.8813498013522153,0.8743276597241336,0.8757304520974168,0.8757898401494132,888980.9468555734
2023-09-15,0.8554045417072449,0.8607109599077242,0.8463829297882165,0.8552206249277073,0.8550946988554915,292417.31055531005
2023-09-18,0.8411864104999262,0.8508335736891443,0.8383566450237657,0.8403448781573144,0.8408102458160128,447841.5394244291
2023-09-19,0.8387411265913033,0.8392903361152874,0.838502157344933,0.839185924726363,0.8394155726326504,456804.9698884763
2023-09-20,0.7767988844851215,0.7792543041748129,0.7703763178045389,0.7763442845567103,0.7763501396537867,206996.85340958968
2023-09-21,0.7408464569329938,0.7416306748447364,0.7410172785620682,0.7410430864783665,0.7409779265554562,228580.89393512812
2023-09-22,0.7872794961277194,0.7933837582033066,0.7812464953443697,0.7888439891984447,0.7890990730129858,104269.55572528164
2023-09-25,0.799369061897189,0.8028198771190848,0.7989140103875685,0.7996019352136606,0.799845429553611,110301.12255761096
2023-09-26,0.8342652829345792,0.8429465289395636,0.8321295097922385,0.8342218322732584,0.8340212103678035,270423.2304221147
2023-09-27,0.8278742494264583,0.8307210314205508,0.8269168658707093,0.8276218716178572,0.8276205540657204,157345.43103615535
2023-09-28,0.8171494491986034,0.8247364158980968,0.8177870644494285,0.8184494869303989,0.818780048489256,310539.58896966995
2023-09-29,0.7653784347162021,0.7685122636428943,0.7603780165029973,0.7653915315476314,0.7655482384719207,165851.44336470033
2023-10-02,0.7744230810388435,0.7749506394034046,0.7707825843457391,0.7736474856583184,0.7737042131048562,554091.6920740065
2023-10-03,0.7335079567430931,0.737607838771171,0.7330734994339742,0.7332038442924356,0.7334672446346735,77044.21944765354
2023-10-04,0.7159306562459119,0.7177786957474601,0.7112739943851337,0.7166829711141541,0.7167072154904002,229183.25585367423
2023-10-05,0.7340320193536521,0.733916383266311,0.7322940702305847,0.7333148124282771,0.7333079707052642,84660.81972115628
2023-10-06,0.7304726886152791,0.7311722338709188,0.7258622770535864,0.7301428564521611,0.7300532483241021,79038.64008843258
2023-10-09,0.6872794387695437,0.6877919142011489,0.6850716990618999,0.6871272949230028,0.6872157680758845,221361.4223401496
2023-10-10,0.6788548581044213,0.6809006478806049,0.6794258725668568,0.6796965445623123,0.6800513789109999,163209.96944486487
2023-10-11,0.6806386148987761,0.681762410919303,0.677234737038248,0.6804952577106509,0.6802062487534932,70055.92123526726
2023-10-12,0.7164123434973806,0.7185168324644923,0.7103553744679806,0.7160805148723596,0.7162253054907413,124757.74470288942
2023-10-13,0.6845729167463516,0.6896939828454887,0.6842386877454771,0.6850427230735038,0.6848373307777459,662252.3033171947
2023-10-16,0.6551764064891966,0.6584454639413534,0.65461877687222,0.6553608591513465,0.6553754410761209,497477.9085574289
2023-10-17,0.6356212614508102,0.6406537003102207,0.6334189809658102,0.6360692723291602,0.6359068162499454,0.0
2023-10-18,0.6175910908170047,0.6242702287843773,0.617963177775911,0.6182754789508432,0.6184793880511902,44504.52273453254
2023-10-19,0.6024899947233961,0.6044018280324976,0.5976817398650175,0.6024356505040471,0.602493996136781,192391.6390476965
2023-10-20,0.6443202759196366,0.64678204030714,0.641776634996955,0.6438587506195455,0.6438182548104334,268590.42034466914
2023-10-23,0.6234223333966279,0.6253040004260404,0.6216127853506058,0.6239914317164191,0.6240285593377861,216498.43166680372
2023-10-24,0.6166014694678359,0.6198692410323257,0.6138187551512555,0.6148918816738236,0.61482363214702,153027.86969501816
2023-10-25,0.5862628014777104,0.5959054633274341,0.5808106817880445,0.5867131152182365,0.586727588093595,351342.3791717682
2023-10-26,0.5787458653602469,0.5829134458836492,0.5772824015719592,0.5794616127311256,0.5795893461107159,225162.603710336
2023-10-27,0.6028417161557743,0.6033447747120919,0.6014822033911459,0.6020434572289608,0.6021591985199986,299068.2297898412
2023-10-30,0.5969209108628377,0.5987349773766173,0.5945647371531617,0.5965512633105556,0.596283426691642,188409.15159979413
2023-10-31,0.5826634290350419,0.5885233571352567,0.5800551552905949,0.5827614423518147,0.5827348858476947,131824.92428448386
2023-11-01,0.5844374979930137,0.5855447588641097,0.5806096512527399,0.584329412281746,0.5845057889595382,685299.2158081029
2023-11-02,0.5780207371123796,0.5803379505905056,0.5753624828535072,0.5782164208018699,0.5782415691700126,197729.2176953453
2023-11-03,0.5461810559716094,0.5495813652298809,0.5447143642884918,0.5466327903894977,0.5466365329894234,145272.22864228542
2023-11-06,0.5324387723281121,0.5332376562298261,0.5285955290368657,0.5325819746440966,0.5324991041219614,221577.19673433865
2023-11-07,0.5290655682315653,0.5285751546060926,0.5221999778412961,0.5284370376943263,0.5286521425720269,218765.46497306225
2023-11-08,0.515024501257209,0.5185332702363029,0.5139621463630184,0.5153313481803063,0.5151629594486562,148515.54222513572
2023-11-09,0.515878589584668,0.5194280892482981,0.5158595388488326,0.5159447091434648,0.5157891803993102,154564.95472207374
2023-11-10,0.4981477506177194,0.4993486472667038,0.4965086484692921,0.4988961408027964,0.4990531309279627,274808.06963896693
2023-11-13,0.4974668093426906,0.4998326113642445,0.4965169635812393,0.4981846678754836,0.49814077538417,354958.0785524742
2023-11-14,0.5075597939846521,0.5080459850268244,0.5063784285739747,0.5076045128618694,0.5075647272663343,242069.9214444069
2023-11-15,0.5385931531317372,0.5397918965343512,0.5369389563820443,0.538503219361917,0.5385827083584912,204375.19083579493
2023-11-16,0.5185052929042719,0.5190341554922542,0.5143764610131354,0.5175869700674312,0.517513672703918,153947.93984662596
2023-11-17,0.5405259358908135,0.5460080573889095,0.5385874523115074,0.5399580922482552,0.5399828295415504,118531.74796093504
2023-11-20,0.5262867636601261,0.5262297992470641,0.5224215986889111,0.5254268366156046,0.5254107317306734,67050.23206065172
2023-11-21,0.5343392103658513,0.5358848926261289,0.5329479706123001,0.5345822473337734,0.5347537265265259,261259.7797822895
2023-11-22,0.5412557358230811,0.5442787698854751,0.5373366748751139,0.5402657096722752,0.5405005666545208,102149.14860218356
2023-11-23,0.5335996773086635,0.5335761956351988,0.5331031961537878,0.5331821301540468,0.5330930953090814,98532.78691590812
2023-11-24,0.5127198498451071,0.5154674888692338,0.510984876776005,0.5120406074389858,0.5122937597574506,260324.39092798968
2023-11-27,0.5204259629171941,0.5223077072040684,0.5180576872430241,0.5207624383914418,0.5208805466556314,257521.2657957301
2023-11-28,0.5139445271399651,0.513902529207529,0.5133554838863684,0.5135731356070562,0.5136953256232143,452967.25312367606
2023-11-29,0.5034048625546311,0.5058380269238958,0.4953169462335679,0.5030310588669074,0.5033506750994714,398482.9194220491
2023-11-30,0.4935097748301134,0.4949134543215939,0.4930091566280432,0.4940247621328172,0.4941833502430385,311589.2642494498
2023-12-01,0.5141141650662535,0.5183932075500424,0.5080389657258155,0.5149225550261033,0.5149261084689356,251562.49052472785
2023-12-04,0.5012757218012549,0.5027989915090423,0.5003819382469957,0.5012074328107082,0.5010096005389366,454570.6321922316
2023-12-05,0.5158720843679444,0.5220185851058688,0.5159607900587038,0.5174103843142923,0.5175901198753947,249184.6327220604
2023-12-06,0.5258551105613124,0.5290960702849505,0.524068944428171,0.5258121320524435,0.5256748860543763,196614.6885518777
2023-12-07,0.5165003449487019,0.517156396278082,0.5134988343103916,0.5164207114731245,0.5165496912084308,361178.9434154506
2023-12-08,0.5037008751530928,0.5044135074660141,0.5009392755179034,0.5042342264803925,0.5041931999897373,124780.10970206544
2023-12-11,0.4848187768796451,0.4858679532335765,0.4839872171129228,0.4853381397490472,0.4854688215301273,269584.4725617968
2023-12-12,0.4802983270255311,0.4819282358625021,0.4788235188900267,0.4803004573124282,0.480366766647756,639792.3884476465
2023-12-13,0.4532236719939737,0.4552487266281222,0.4492579267600083,0.4530097118198883,0.4531269825064669,379331.0412952822
2023-12-14,0.4585236094890837,0.4617605245946997,0.4582177128539694,0.4584951534103166,0.458425475594927,152738.96056515147
2023-12-15,0.4631514089897533,0.4675336224842683,0.4605875479591605,0.4637796729551025,0.4639061447301721,150156.79767032783
2023-12-18,0.4774311669737316,0.4801400806615535,0.4774974873148819,0.4776168319471134,0.4775945901407953,134160.27421220543
2023-12-19,0.4596741999380644,0.4638023606867599,0.4597286284215464,0.4600119675084225,0.4602770036063602,225116.38477839975
2023-12-20,0.4649391282692554,0.467730028224448,0.4630159331659746,0.4631672705778721,0.4631279923323401,353205.9114874985
2023-12-21,0.4678804097819222,0.4692149498084686,0.4666583156018661,0.46842003087587,0.4683530563923121,598450.3666248638
2023-12-22,0.4661258718920603,0.4660227412301472,0.4656043941965056,0.4657579342719098,0.4657473055366004,241803.46124055737
2023-12-25,0.4769766000979458,0.4771906739886308,0.473898099145452,0.4769797038233118,0.4769827143602566,728255.2717103554
2023-12-26,0.4607397921479536,0.4635933909650599,0.4550321455622326,0.4603743336295856,0.46041621204517,287539.1075152042
2023-12-27,0.4856473506375816,0.4897888523988647,0.4835995171166549,0.4850883272914933,0.485017554748025,131971.11801291906
2023-12-28,0.4460157971073193,0.4497147002678708,0.4460812589875996,0.4472542793009676,0.4473792113143816,306256.0858405424
2023-12-29,0.4616914027129946,0.4629510406931416,0.4605062886732519,0.4617732146949325,0.4616713446938578,585161.5626193079
2024-01-01,0.473650038584146,0.474927689362751,0.4705024704638054,0.4719980071632269,0.4719799993987107,209439.1544841624
2024-01-02,0.4825404025722426,0.4846323231096209,0.4821991831781773,0.4823368142611217,0.4824320231130768,407734.7897313447
2024-01-03,0.4861819726987449,0.487635476026736,0.4845400092153605,0.4861991042826914,0.4861875910071625,430997.7595981808
2024-01-04,0.47075608426616,0.4709535802862626,0.4690993464906937,0.4702785273530804,0.4701717031520924,909926.7875059888
2024-01-05,0.460271958883534,0.4620687990015849,0.4565035521536736,0.4596274756213786,0.4594573245292659,220981.71637693097
2024-01-08,0.4692178789934907,0.4698064393256548,0.4679485264217793,0.4689540875535855,0.4687460476424879,146287.85034416796
2024-01-09,0.4897342771146794,0.4912925801046411,0.4888370476511082,0.48933905267516,0.4895744911796778,115925.20939202656
2024-01-10,0.4719458778032657,0.4730093697122542,0.469517734508532,0.4719543674905356,0.4719843653001978,50447.16519868546
2024-01-11,0.4704378720102266,0.4710601099219708,0.4703675154238326,0.4705821169668685,0.47060573247836,191806.3464752076
2024-01-12,0.4781018810775952,0.4826994326784786,0.4771922072209538,0.4784069144148065,0.4783426769971345,244704.61989424817
2024-01-15,0.483364180576938,0.4834696089641569,0.4832027999930656,0.4833975406072255,0.4833507969204714,210700.0256720286
2024-01-16,0.5180496830584251,0.5190649330916131,0.5098107247316116,0.5178889988350189,0.517776229069859,332728.72971497226
2024-01-17,0.5044705012890323,0.5045298560274495,0.5004428252581816,0.5037617283843628,0.5036904218791812,199702.2588814116
2024-01-18,0.5092173807310214,0.5098004587143707,0.5077285594879076,0.5094672842979822,0.5094581624544623,222078.53745661245
2024-01-19,0.5294746823862677,0.5360095840238461,0.5282817365554497,0.5293648094239278,0.529192733360705,250803.66067525744
2024-01-22,0.5519951605301497,0.5579037047140226,0.5493680551587965,0.5525244671982957,0.5522429227812399,182895.6360494912
2024-01-23,0.5798514112395385,0.5842741658148588,0.5787406793246518,0.5799457519386675,0.5798009378902391,185683.0479436679
2024-01-24,0.5610518226708094,0.5658523750628529,0.5608127797562334,0.5612843220887411,0.5612931148134982,369667.2992164304
2024-01-25,0.5271825659385836,0.5274799741527003,0.5265643857532204,0.5268150198782728,0.5267776781986007,397980.4927389102
2024-01-26,0.541539943160494,0.5449896398577002,0.538671590778571,0.5410181456051951,0.5414505131646746,350628.38333842374
2024-01-29,0.5297639842058294,0.5298724593896991,0.5249902654413712,0.5290694481475452,0.5288584108355047,324362.61245617
2024-01-30,0.5533637884022902,0.5537659286453586,0.5516388308806934,0.5525928999768575,0.5525767218060849,424404.9899316792
2024-01-31,0.5407606004589184,0.5437259475189138,0.5399398967011275,0.5418562572404123,0.5417728649081632,180499.1158910193
2024-02-01,0.5359565546424071,0.5387782324351899,0.5312587312671894,0.5357002015026806,0.5355732635813685,105429.46345131328
2024-02-02,0.5592142157742762,0.5627437782117547,0.5579521418097031,0.5590045470715618,0.5589612619475429,198203.28678775232
2024-02-05,0.5499912926518372,0.5515780994247275,0.5480682253807113,0.549565243569192,0.5497107035956759,391995.6994578081
2024-02-06,0.5439464550398364,0.5475755226898262,0.5429967777026476,0.5444127650447769,0.5444847061138234,180287.2578203988
2024-02-07,0.5483484314714269,0.5509290152903985,0.5455932442717661,0.5480360801240686,0.5480206721797118,130056.04390264724
2024-02-08,0.5373484741862979,0.537760692961367,0.5338275087243873,0.5367329375734549,0.5367755866404305,585670.8079918063
2024-02-09,0.5466959766651692,0.5476100700231733,0.5456880409646067,0.5461413358757149,0.5463095959886741,1150239.4808920366
2024-02-12,0.5271762248467082,0.528244858573969,0.5245020893009149,0.5271540255281134,0.5273952662951963,160311.60225863065
2024-02-13,0.5390975560159027,0.5417846087123181,0.5378972623374271,0.538744732064135,0.5388049815827373,970827.237522172
2024-02-14,0.5401994551884127,0.5404137512214373,0.5381792818327905,0.540348703086542,0.540252522064877,788977.640024121
2024-02-15,0.5099219301549949,0.5155233797268203,0.5077167021320892,0.5098227848363257,0.5100211819241568,253263.16464431328
2024-02-16,0.5074505917581712,0.5110162848351678,0.5048044795178033,0.5081694402115345,0.508023253165376,130464.32336748
2024-02-19,0.5018520749000119,0.5039636109681095,0.5006051384456538,0.501398291771252,0.5012565878079099,265096.1667370353
2024-02-20,0.5102483303213284,0.512249575717228,0.5082812157222544,0.5099384732380529,0.5100709823113113,189059.07763335624
2024-02-21,0.5001884176739066,0.5030358666436405,0.4940868144694261,0.4999109164419086,0.4998937659453913,142699.50688964082
2024-02-22,0.5233624584205135,0.5286168144448103,0.5172391627758729,0.523817154218652,0.523786526741374,397006.10907508334
2024-02-23,0.507804794598842,0.5112646746092993,0.5068147134804806,0.5077045972559711,0.5078376559127484,91714.35960353058
2024-02-26,0.5132823789445585,0.5137008847123589,0.5126896616105525,0.5136661932987767,0.5137510706774115,755740.3125432658
2024-02-27,0.5189792732431282,0.5213373429885424,0.5170046219613018,0.5184311804436008,0.5185619225652213,248695.3131656768
2024-02-28,0.5268419073114416,0.5277606371384177,0.5264273138245487,0.5268791913121641,0.5268679981113488,395043.13206029614
2024-02-29,0.5259453256169709,0.5288936469578136,0.5205135805613531,0.5255031508587312,0.525454138207072,445649.9905127665
2024-03-01,0.5782863038523275,0.5804424768705317,0.5770318948963349,0.5787960075143768,0.5788505113899635,529270.3414664108
2024-03-04,0.5870986425870018,0.5884533864303749,0.5839842611132137,0.5872608073561447,0.5872366083281052,300423.5989029811
2024-03-05,0.5680048906234743,0.5712106551463306,0.5651825996220792,0.5681887679784808,0.5681853530077272,341932.7983818159
2024-03-06,0.5674195128765078,0.5714600648492855,0.5658840247214568,0.5671518445448066,0.5672232486796057,1227173.398837892
2024-03-07,0.5940472947098798,0.5952150726050573,0.5908584547342912,0.5935660660629632,0.5935533926112166,456461.1868440801
2024-03-08,0.6119684774855493,0.614566687464691,0.6081468782168017,0.6119922185568986,0.6119082951283823,217823.81912843935
2024-03-11,0.6328832181351433,0.6347663802554038,0.6320741298553556,0.6328407349569716,0.6328779442760442,195131.54291403492
2024-03-12,0.632386014234678,0.6332885844140076,0.6319702663191599,0.6322134012550745,0.6322014910689706,264198.6207717948
2024-03-13,0.5983149906335933,0.5999195252319219,0.5948578730503291,0.599163599897155,0.5991683116981081,123830.417953062
2024-03-14,0.5870445211203853,0.5900387219944458,0.583058989949158,0.5878197693669207,0.5876439117759049,345243.2199275988
2024-03-15,0.5942241986371376,0.5974154310082654,0.5931508717574547,0.5933168041082449,0.5932415817800398,252832.48275727523
2024-03-18,0.6204279749223054,0.6225577148539129,0.619825609451314,0.6204254060660239,0.6203844765709331,175515.67198273237
2024-03-19,0.6650453209568365,0.666199361081245,0.6621340368312755,0.6645126910790486,0.664716777442739,366073.7109195802
2024-03-20,0.6688839841020949,0.6705650622955974,0.6620002729132831,0.6684881941755579,0.6686412381140918,188420.99941713625
2024-03-21,0.6852903704946047,0.6913628502325437,0.6788017011748407,0.6853505610351541,0.6852396132576781,128228.33067036008
2024-03-22,0.6904167624828116,0.6926359203506498,0.6830650596789347,0.6906149234548273,0.6906820667179333,108191.26119500476
2024-03-25,0.687036008425879,0.6887586456282061,0.6846244519894695,0.6877762781345058,0.6879962601922395,230300.46809873916
2024-03-26,0.7098639233744167,0.7143359378255143,0.7036375770652487,0.7092318811232888,0.7089196062380749,332186.4618419689
2024-03-27,0.7218773475690133,0.7234502651533062,0.7189613453547338,0.7212757481119513,0.7215120079407569,341904.7362844981
2024-03-28,0.7426354024717867,0.7431514092465527,0.7372887225284231,0.7427619667449499,0.7429879647152386,185507.76068756572
2024-03-29,0.7556181083923887,0.7570722512905576,0.7524742821050415,0.7559803819076844,0.7558543966124858,330392.8185096743
2024-04-01,0.781949590637013,0.7869464547870444,0.781294901554908,0.7818298651535823,0.7815201831202391,216133.9663796008
2024-04-02,0.8362874475133705,0.8395915649813178,0.8293839750698366,0.8360376653229878,0.8364113131932553,384359.02538975567
2024-04-03,0.865383465288387,0.8695642590772156,0.8604360805260868,0.8654846340867006,0.8656235509129676,115562.10290998706
2024-04-04,0.856682464421532,0.8652913553369856,0.8553195622686166,0.8573802975329213,0.8574518160408479,248308.07210421137
2024-04-05,0.8546651465695114,0.8617654202330801,0.8492027074759921,0.8547913874951751,0.8548457963696012,387869.6062547583
2024-04-08,0.8023619178577042,0.8041954365718305,0.8033881683442291,0.803812675148467,0.8037192995795158,209724.0454695904
2024-04-09,0.7812815080453737,0.782776258422892,0.7793349118987446,0.7816065750654815,0.7816593247196048,350270.89902865177
2024-04-10,0.7810000281844476,0.7819802215818153,0.7810859858410089,0.7814295928902686,0.7814204847924351,186641.8772838044
2024-04-11,0.7369425259276314,0.7374312763106795,0.7323346146496473,0.7359816401109079,0.7361556659603956,339014.49922470056
2024-04-12,0.7312011909975141,0.7349753648216873,0.7286555246621319,0.7308774792173929,0.7310024265537741,174383.0537022543
2024-04-15,0.7443201439071677,0.7473892532807012,0.7428698367847587,0.7449300866270092,0.7448807648537328,220390.08163264225
2024-04-16,0.7591394897365218,0.7680271610156296,0.7572398612379394,0.7596627641039935,0.7598540342300766,147061.78716254598
2024-04-17,0.7440283290928218,0.7476263494684215,0.744436738077349,0.7450266826094364,0.7448221871795219,384275.6696813388
2024-04-18,0.7664319756337264,0.76847957602044,0.76086601006579,0.7657688615894805,0.7658669850459023,144869.16626278538
2024-04-19,0.7731671653009343,0.7763607749985852,0.7703429185450413,0.7732079289409732,0.7734408999637965,1047416.3529278468
2024-04-22,0.8210317199791195,0.8235696086485619,0.8175116844006576,0.8210549084943133,0.8208265442025159,222621.47523653085
2024-04-23,0.8295729002208468,0.8359826105464438,0.8200066161341062,0.8297332756228479,0.8297186658189971,90422.0226234891
2024-04-24,0.7916871341716738,0.7949010762662053,0.7913328253930835,0.7928882811217985,0.793112556286289,262576.9742440941
2024-04-25,0.7517267478712886,0.7541798243914912,0.751047244111292,0.7519205739261945,0.7521431665562047,484346.6711270647
2024-04-26,0.7706234018714982,0.7712381890474213,0.7666447194615174,0.7710292997364752,0.7709376717824737,170925.9029826919
2024-04-29,0.8258852453008116,0.8277608429275896,0.8231309686754253,0.8261394833525313,0.8261260952641433,447917.9588494061
2024-04-30,0.8189609191961709,0.821320168167724,0.8171089859757392,0.8188068560190699,0.8187993497298445,253249.8939982274
2024-05-01,0.8159203221689552,0.8252425720406056,0.8157339681175458,0.8166984287900116,0.8167505982948666,327536.60714702256
2024-05-02,0.76763173238978,0.7683406209359127,0.7603510376332908,0.7672108499072751,0.7672419083836695,378946.2604206877
2024-05-03,0.7838707968044419,0.7880510336307618,0.7835085748968398,0.7847472571689232,0.7847368702661397,767876.9421337859
2024-05-06,0.750470967657326,0.7548984811910988,0.7471640815998826,0.7506453003187016,0.7507108384299364,404157.79496384296
2024-05-07,0.7734006538531543,0.7776339693708332,0.7722624334010766,0.7734075735349936,0.773466254744262,427277.8130262219
2024-05-08,0.7484380156793252,0.7525574259700446,0.7483981868524326,0.7498442134459928,0.7497260640376496,278198.94057433854
2024-05-09,0.7687808522647428,0.7731563326606776,0.7646982223007087,0.7692934833900658,0.7694141459321328,242135.607394151
2024-05-10,0.7789470732289844,0.7869762980769582,0.7768280560456094,0.7798010050409113,0.7797713851944953,199610.78165961383
2024-05-13,0.8170173911501212,0.8234213244319516,0.8145172971058092,0.8156909456032772,0.8151562943281593,264183.42020761635
2024-05-14,0.7785687329788494,0.7801476094255999,0.7749471382375185,0.7780612283084452,0.7781533179214541,448797.103270364
2024-05-15,0.8209778292789206,0.8224887035232691,0.8188327417487039,0.8215264688371242,0.8214891937152995,654459.7715821746
2024-05-16,0.7794273482566587,0.779343979022907,0.7751930641196255,0.7790971976135646,0.7790093557065079,190171.04545499236
2024-05-17,0.823188588168449,0.8332849539129595,0.8204890344378609,0.824093215880999,0.8242682802506417,267594.0717561368
2024-05-20,0.8456127197674671,0.847060819082188,0.8441386218989414,0.845003458832028,0.845034816419511,658941.0521057354
2024-05-21,0.84075755280595,0.845691982719371,0.8383006657505743,0.8431172628317293,0.8431555514327136,298394.16313001554
2024-05-22,0.8499766595873062,0.8569015571374637,0.8490697828062403,0.8502993760438767,0.8504030453715214,355787.98752920696
2024-05-23,0.8648190909499686,0.868122421832479,0.8638273315510232,0.8657520540753539,0.8660843369336401,193026.4635765796
2024-05-24,0.866708735472793,0.868520316621404,0.8630890907681967,0.8672450627932922,0.8669489386431448,373925.0055233123
2024-05-27,0.850997129173661,0.8524624765938988,0.8506296042919014,0.8514028491260992,0.8513213147517337,155884.4930029995
2024-05-28,0.8711156814951941,0.8719824519166813,0.8693809588566066,0.8717406975324192,0.871644390556944,431463.01602339617
2024-05-29,0.852362442242768,0.8565268973487827,0.8496859667934754,0.8524784196033591,0.852810449689741,258313.36479050788
2024-05-30,0.8643079937061631,0.8698449507635886,0.8596423303621014,0.864919834040813,0.8650090166022538,305953.2226021309
2024-05-31,0.8822750137708799,0.8918090163719004,0.8804077283133384,0.88186043765189,0.8819031126567229,189418.9193169424
2024-06-03,0.8389228266542244,0.8409116791299569,0.8372928671141909,0.8393431343763932,0.8395838947472802,373406.9124348321
2024-06-04,0.813029398068398,0.8204830553889613,0.807706198610912,0.8123056177553865,0.8124543494361676,301439.6074004521
2024-06-05,0.798249910487201,0.8034816720566871,0.793852492881453,0.7988993206112689,0.7987315246957255,94039.17043541383
2024-06-06,0.7835055373529567,0.7840493335367051,0.7757490002780194,0.7830289384027428,0.7827163841494935,139629.79004457913
2024-06-07,0.7699027935121492,0.7743942306371727,0.7689289398388249,0.769190195013481,0.7690141313365616,228989.85636276245
2024-06-10,0.7307090864530118,0.7407332194690529,0.7281720556397522,0.7299745837216723,0.7296528716591442,320807.87915660447
2024-06-11,0.7275356658521269,0.7287603295282667,0.7231754841570676,0.7273636003172215,0.7276326677158728,538118.3900202255
2024-06-12,0.7515772216472268,0.753674643182229,0.750979665572631,0.7520380037431476,0.7521129250684984,415734.71138369216
2024-06-13,0.7544100171175786,0.75528017762064,0.7476406244661339,0.7543543215708222,0.7544498957299365,401132.04695991153
2024-06-14,0.7260993333428638,0.729190854876917,0.7259169231840487,0.7267017385441178,0.7269065375747347,252269.4472296391
2024-06-17,0.7329631218684578,0.7342364206828434,0.7309048796291493,0.7323660448339595,0.7323016364578299,138886.13821256958
2024-06-18,0.7680654336720173,0.7692478030222969,0.76417513509968,0.7674667822021913,0.7675557268462269,117349.00736761476
2024-06-19,0.7609792693409795,0.7629370776513142,0.7570956039193011,0.7616128345280269,0.7615288305380057,161177.98035510245
2024-06-20,0.802923164374986,0.8034517364161765,0.8007045564430845,0.8032772787364517,0.8033895838111427,364951.6224164829
2024-06-21,0.7916420869051476,0.7930261435872266,0.7802898101334194,0.7913035480709901,0.7912168332444123,206154.6569772391
2024-06-24,0.8059160168456854,0.8134181695531988,0.8049726534421466,0.80667078498021,0.8063229065166384,116721.0541805243
2024-06-25,0.785261948434411,0.7842259870859108,0.7755851547236109,0.7842004694127339,0.7844133499550509,143857.56249568673
2024-06-26,0.7330962693108015,0.7345221798489767,0.7341636427597866,0.7343990538271004,0.7344411612953959,144708.8673329245
2024-06-27,0.7603226706891375,0.7616659537088354,0.7573930339407628,0.7597472081103085,0.7599630667624117,480255.43771606206
2024-06-28,0.7670698916724951,0.7718924997253293,0.7631998906505159,0.7675559457873656,0.7674761582270744,473193.0428804446
2024-07-01,0.7779931662021295,0.7839712592879777,0.7777056080589712,0.7793077323548555,0.7793668782692181,338431.6326277787
2024-07-02,0.7178826184290164,0.7214583613828588,0.7148170325602848,0.7185547685632476,0.7186013245489008,348172.36397017515
2024-07-03,0.7216394306296684,0.7292433341719746,0.7215388547046729,0.721934253926942,0.7219754635504673,273557.77430861816
2024-07-04,0.6971327713343345,0.7011656022987665,0.6958272300586477,0.6978334008600574,0.6978912928716767,326179.6335433177
2024-07-05,0.6937901747133385,0.6958245052185644,0.6888868654375294,0.6941438137582787,0.6941668714023463,236228.4154222628
2024-07-08,0.687533405088941,0.6916538492060265,0.6862587558613751,0.6872987004820773,0.6870955803968546,835186.88641597
2024-07-09,0.7180650340711683,0.7194690051181545,0.7159772649446354,0.7182822944933892,0.7184007767382496,270649.3599516017
2024-07-10,0.7206734096827033,0.7232052650169946,0.7221375605874234,0.7221817372395215,0.7221439715158634,365650.4748511773
2024-07-11,0.7429038485623035,0.7441652348018074,0.7401838242180553,0.7413684139802894,0.7413617278000234,164814.03357861764
2024-07-12,0.7443485881087671,0.747814734270629,0.7413053645606809,0.7439202932993113,0.7441586533877951,303708.69691023533
2024-07-15,0.745452002312693,0.7490243567283285,0.7453112935642761,0.7454185570192021,0.7457468436338524,344587.74706128926
2024-07-16,0.6876334507782054,0.692407435246962,0.6856166926853566,0.6880942858828861,0.688329130556492,151301.1612336812
2024-07-17,0.7162971682354036,0.7187291803173518,0.7148157154954494,0.7169803916055673,0.7168139624462898,245527.2955497412
2024-07-18,0.6806619570351139,0.6810045980396803,0.6780248729988498,0.6796749486507584,0.67937900035663,97575.7910254036
2024-07-19,0.6473787444175733,0.6532498059276234,0.6465528901187335,0.6482195165600603,0.6482172116984228,138196.91033840034
2024-07-22,0.6742030534738499,0.6744590935574094,0.6708533780738968,0.6738937640485598,0.6739756705801313,222335.85175708745
2024-07-23,0.6568524307971193,0.6625146514823851,0.6516327417218343,0.6568564914178422,0.6567137837339181,157928.46198309227
2024-07-24,0.6399955195162846,0.6420131043768904,0.6397278381396065,0.6400646585138718,0.6401956787631725,343996.3013700649
2024-07-25,0.6656513127903406,0.6691459983050447,0.6628396741118799,0.6649240604398022,0.6649013903906625,359289.0132662962
2024-07-26,0.6860883628059412,0.6958387464703688,0.6825592660068436,0.686777267046842,0.686873790870453,337777.42445737857
2024-07-29,0.6761650482120767,0.6783101075308374,0.6740412325076421,0.6771866847903176,0.6773266899160877,377406.7060503333
2024-07-30,0.6868624169364298,0.6904274696716226,0.686949969228274,0.6871950546978478,0.6870500008738442,277940.4448208236
2024-07-31,0.6767760087940023,0.6791133638208704,0.6743649415590605,0.6770018948442649,0.676926600787446,203976.18266805995
2024-08-01,0.6985747875130519,0.6995509816897166,0.6926847106242087,0.6976602948055544,0.6977337489226234,435729.85530408414
2024-08-02,0.6965884850173666,0.6997866550473277,0.696623175793231,0.69698025733485,0.6969897918616793,170401.93414914905
2024-08-05,0.6733092856001036,0.6770351670429332,0.670179914199851,0.6734960118238634,0.6738208742854078,187184.28583474987
2024-08-06,0.6974783723735859,0.7005716931303656,0.6979443731419599,0.698841359991639,0.6984512518015337,255235.5479557498
2024-08-07,0.7272272972190608,0.7359582432045777,0.71794289274039,0.7276294416308218,0.7274749297733492,197672.8582622669
2024-08-08,0.7375134011562076,0.7402270701180155,0.729337461189652,0.737280108745934,0.7371416137257402,376847.93653892406
2024-08-09,0.7219479818394842,0.7237730802877246,0.7223605865242902,0.7231490736799565,0.722929705927159,285390.8887014764
2024-08-12,0.7597691176986413,0.7609619747364361,0.7574737140717017,0.7598488326128586,0.7597786875656193,246972.5923699201
2024-08-13,0.7716490966323728,0.7777605886144003,0.7690038257688774,0.7721225446153469,0.7719943861542985,323987.1207392524
2024-08-14,0.7647272808538447,0.7703604394838541,0.7629871434995783,0.7643115342262,0.763958209415964,256443.51098215967
2024-08-15,0.7522934729516496,0.7581243018361861,0.7475783962249524,0.7527423028863847,0.752639633433587,836340.714930916
2024-08-16,0.7542838935319436,0.759916374471766,0.7542846600811662,0.7556353156690312,0.7558636917042757,208751.91431176552
2024-08-19,0.7272897284331739,0.7295311381392088,0.7256102375770913,0.7268635017952784,0.7265059473618534,149709.2479918605
2024-08-20,0.7457333140439913,0.7501023366251747,0.7423113145811552,0.7461727203779095,0.7461400997727876,121976.50824152824
2024-08-21,0.7636072108198081,0.7659825244174548,0.7607037245671833,0.7635101090420157,0.7634069360133244,331220.23808163765
2024-08-22,0.748297603809825,0.7554535569605744,0.74030260583602,0.747637007432643,0.7476690171142599,562545.4653941361
2024-08-23,0.7253194656645597,0.7289482991102736,0.7236227052701412,0.7263974442392152,0.7265307820041389,343247.90008904244
2024-08-26,0.7160329137658535,0.7212449250242112,0.7151193383357367,0.7154522379915503,0.7154530714394564,201648.680680154
2024-08-27,0.7149151366161387,0.7154735186297873,0.7089448151334252,0.7153436000825072,0.715247937325373,287307.09616415243
2024-08-28,0.7266165627246728,0.7302781920769437,0.7267798738494265,0.7272233239253244,0.7271294564868259,260791.81376219064
2024-08-29,0.7262300208238427,0.7274668840202854,0.7260202042249918,0.7270536351665373,0.7274076036389753,234238.95721063565
2024-08-30,0.7381840500991576,0.7419554025086528,0.7313771101105557,0.7384454057046151,0.7382245265917938,601752.9126827321
2024-09-02,0.7324243379686102,0.734234347635067,0.7308778350956128,0.7323480068126542,0.7324126402443456,579676.9798844056
2024-09-03,0.7981280942967326,0.8057670065088,0.7972095708906641,0.7975075129634853,0.7975912047840946,190583.25321802453
2024-09-04,0.8063538993956435,0.8121148411736048,0.803497485195651,0.806165710093653,0.8061142392780237,226107.5847200521
2024-09-05,0.7861322891601403,0.7858242131682603,0.7796784006885632,0.784564448444187,0.7845428365055636,190611.7812422046
2024-09-06,0.7839008466504235,0.7866013741040491,0.781205670200783,0.7848360848676791,0.7846633901032566,265057.4237359108
2024-09-09,0.8424101798064862,0.8481318143311943,0.8381419668586283,0.8415437266847445,0.8418881289487258,430168.9405604132
2024-09-10,0.8346918524754621,0.8384032122068957,0.8290518560934002,0.8345604962556055,0.8345152350260289,270187.8531485433
2024-09-11,0.8430102743772926,0.8485435071530435,0.8376233123603916,0.843947267000639,0.8443547413418526,313302.21536922874
2024-09-12,0.8219301812233772,0.8233612360134801,0.8186643902827055,0.8211550853806826,0.8211671691756137,201064.1431423712
2024-09-13,0.8224011786599721,0.8254808537995479,0.816149399453611,0.8218903894494158,0.8216453226542783,98730.72153457443
2024-09-16,0.8155894134026594,0.8203492140372995,0.8116165125283495,0.816656313384248,0.8167871364591532,210796.2757377722
2024-09-17,0.7939810625032548,0.8015358640775304,0.7937272586905342,0.7950169811422416,0.7948106218639076,350655.8148332879
2024-09-18,0.8042081079571894,0.8096890409465805,0.8031156292299472,0.8041983854189172,0.8040618166466929,150618.7893305127
2024-09-19,0.8372666301827701,0.8380698994610849,0.8313320686826968,0.8363354313057556,0.8363074258813321,638724.8044916984
2024-09-20,0.8818826898164166,0.8835238502847997,0.8783702969774534,0.8814900303622704,0.8819453351320846,144456.1437352444
2024-09-23,0.8640830329125417,0.8820773470793689,0.860071139910367,0.8625182380104636,0.8626398387556119,154467.15811225097
2024-09-24,0.9120953269580192,0.9128863455334552,0.9108323366251326,0.9120217983655596,0.912014878353432,430724.1552632039
2024-09-25,0.8791707064707643,0.8803522506820947,0.8753751675081537,0.8798623240950878,0.8797763587873644,102012.96088957047
2024-09-26,0.8690079193172049,0.8732485452399449,0.8659927583154365,0.8694795750679288,0.8697346203386765,160546.44377260198
2024-09-27,0.8610656488901075,0.8611022570160309,0.859112639065337,0.8607305008256618,0.8609852050360155,390012.48790599307
2024-09-30,0.894321867908489,0.9019383740467,0.8820050642075488,0.8944985167713995,0.8944721112484599,396261.1890259522
2024-10-01,0.9068757393508646,0.9145138194780064,0.90783235292807,0.909482833494567,0.9094897811056304,529078.7291737647
2024-10-02,0.8848735264493669,0.8876862353524715,0.8837738625953484,0.8840191679236576,0.8842508522786698,315245.545887871
2024-10-03,0.8930255387161277,0.8981990541623017,0.8893829436052668,0.891497831713344,0.8918464390090344,360772.5012696917
2024-10-04,0.936384697129562,0.9384509965255328,0.934617824172572,0.9373937333652002,0.9377562141226738,368969.1341080506
2024-10-07,0.9430456012710784,0.9465397037956684,0.9379385576622036,0.943566563515457,0.9435379473538784,370068.4963707828
2024-10-08,0.9680423162571242,0.971511278940251,0.965611544095963,0.9671513145665552,0.9670545553458784,383794.43440885295
2024-10-09,0.9924306766323606,0.9920472149570416,0.9904639489585944,0.9920330129921826,0.9921809772863982,340531.3758074191
2024-10-10,0.997476313442888,1.0003289587345052,0.9926221429502824,0.9965018982614972,0.9965239384586068,670155.4847193038
2024-10-11,0.9588659651281732,0.9618342556747566,0.95722006664629,0.9595025757035952,0.9596546063576428,603148.532582381
2024-10-14,0.92904173307789,0.9280354928413866,0.9212338823821956,0.9277609125723568,0.9279411775862016,155991.60598655537
2024-10-15,0.913775322181691,0.917136162531767,0.9086385650383696,0.9145258464524856,0.9142335210439082,251095.46735951657
2024-10-16,0.9391404031997383,0.947466416891986,0.938321014784742,0.9404136783363416,0.9405787338988008,209116.6468646105
2024-10-17,0.9316653247716428,0.9337864499071326,0.9259695317120972,0.9324595716730328,0.9324964624786968,269630.41780986846
2024-10-18,0.962223780684854,0.9612665893798832,0.956694562080843,0.9612200907284228,0.960905107887765,119891.19839498038
2024-10-21,0.995594862945244,0.9958962488319916,0.9942600956667088,0.9958592855232572,0.995228353018858,309642.5129698293
2024-10-22,1.0564847653308034,1.0573680422150873,1.0481931113843588,1.0562495057725814,1.0564435470348903,484098.82074749056
2024-10-23,1.064968436922503,1.0670143401421892,1.0631881785698676,1.0644419446844229,1.064479738839034,125010.6313315323
2024-10-24,1.0846884545289317,1.0875370860989733,1.077327919419257,1.084009259935167,1.084386306113141,622622.7170607324
2024-10-25,1.084889625900902,1.0943863802385452,1.070160410083484,1.0846489407105846,1.0844393439943325,102912.68360013368
2024-10-28,1.0907607564531685,1.0930382439234978,1.078684098689069,1.0889151087258873,1.0890912533313404,284268.5344212013
2024-10-29,1.0849197295314428,1.091761986786937,1.082383753807299,1.0848432193341495,1.0849287104811105,191722.38885885588
2024-10-30,1.044517724834909,1.0515791931514404,1.04415011952396,1.0452116519298091,1.0447037422193597,147965.10871237013
2024-10-31,1.0574509894507518,1.0568641643054573,1.0547530383540606,1.0564620623689578,1.0564116610772232,278382.65796373243
2024-11-01,1.0290565969855885,1.0353615054197582,1.0305131506408685,1.0306444506750498,1.0312109796335611,403824.0632534509
2024-11-04,0.9818256039879956,0.9951269429435392,0.97445799827171,0.98218706824278,0.9824362244952948,534574.7739024558
2024-11-05,0.9523625094257114,0.9590590720117934,0.949648612242006,0.9532525929085774,0.9532498090608208,165081.5049171964
2024-11-06,0.9434507048412304,0.9501800537489437,0.941010306915278,0.9437540553773844,0.9437097647534144,162695.86872618092
2024-11-07,0.9185071876694652,0.9191105957726442,0.9156977402377452,0.9178958881556276,0.9178782569335784,503636.2585769831
2024-11-08,0.9512128020404016,0.9565553003566746,0.9483100474941172,0.9517017751833392,0.9516110338776488,187372.9836346865
2024-11-11,0.9469270480446416,0.9493198839144298,0.9431853027097914,0.9469103652437996,0.9470833586522054,127183.21594944393
2024-11-12,0.942704176021361,0.948334905684216,0.9356535843105814,0.9432994863723048,0.9431590960012044,224867.5912798333
2024-11-13,0.9226463730158068,0.9249749106058568,0.9165924694009028,0.9238207764892862,0.923891428522248,1004128.3051316962
2024-11-14,0.9056499461196238,0.9150821483540142,0.9006960131895547,0.9066796068720916,0.9069753592993058,171513.1649772328
2024-11-15,0.9092907194811084,0.9163249742470622,0.90222359789341,0.9083796458537609,0.908145017997978,260407.95011690183
2024-11-18,0.9068910960470516,0.9102927215843792,0.9053482611099456,0.907449614597762,0.9078150629002532,555293.4612049996
2024-11-19,0.8834800266382817,0.8842439633843915,0.8816222092837781,0.8840636779206765,0.883686567128432,262709.0960731149
2024-11-20,0.8509614985946663,0.8515676888457604,0.8433351254659116,0.8506423298045372,0.8509275211527417,171114.89932344516
2024-11-21,0.8156375259014007,0.8166344763786649,0.8138743054005495,0.8164678425998879,0.8168446980091517,539100.9192069864
2024-11-22,0.8384315069826814,0.8394150862373021,0.8321071482077818,0.8374096238959474,0.8376332480935084,262503.69161320897
2024-11-25,0.8439417116514449,0.8446334650276157,0.8423065465830769,0.8430316572565131,0.842688704529783,423971.8042197294
2024-11-26,0.8754314768843143,0.8811138462315891,0.8731449964734178,0.8755496149510578,0.875174691067223,178773.0454554481
2024-11-27,0.8502210941687898,0.8505464914461403,0.8449919589040451,0.8501743905245515,0.8502164101568999,381065.0352521369
2024-11-28,0.8650916766131401,0.8669789772334672,0.8632078833440933,0.8644523839905395,0.8645703279450945,217266.6129433266
2024-11-29,0.915816263607597,0.91704995808441,0.9139768309983788,0.9140256023849924,0.9142720107749144,260389.19271075292
2024-12-02,0.898226515430528,0.9025808964081348,0.8950770561460978,0.8978636134876119,0.8978128382550243,108580.75891188368
2024-12-03,0.8999634568481786,0.9048156668904238,0.8990606052370731,0.8998054477287166,0.9001273229732087,237313.6787310012
2024-12-04,0.8914621425327205,0.8927138974398863,0.8862239899887108,0.8909910197427258,0.8910266896280215,292240.46998663805
2024-12-05,0.8852651504589827,0.8876283092074485,0.8790065070570422,0.8844794529366978,0.8843631816836655,612823.510508581
2024-12-06,0.8781829594798235,0.8860552315692238,0.877564603949041,0.8779927857535701,0.8777879025227605,131657.69698385414
2024-12-09,0.8831392157813984,0.887794213344358,0.8772010736288675,0.8833643277548161,0.8835779713850461,87141.86592916674
2024-12-10,0.9057666261031282,0.908260377020394,0.8987690923664313,0.90615105338979,0.9061628659298852,159826.48013111806
2024-12-11,0.9163783854113312,0.918232466381001,0.9156711687647274,0.9157074969710226,0.9156922781116904,284292.62464001455
2024-12-12,0.8470665492369192,0.8538793887667782,0.8394630262974834,0.8476696004155027,0.8482153546626744,416972.7400591545
2024-12-13,0.82094503979595,0.8236539214964571,0.8140883470540363,0.821743130240558,0.8220769052406172,335407.8045087464
2024-12-16,0.842378999883451,0.8432917076297664,0.8400208213735417,0.8414572270239583,0.8410651403568882,246848.54232110808
2024-12-17,0.8317168740312927,0.8401891112057062,0.8284644988989717,0.8329062388985604,0.8331747814901613,172860.83357913335
2024-12-18,0.8501610340647496,0.852188799775747,0.8425720805958883,0.8506659067913926,0.8506754773458004,138520.27119842725
2024-12-19,0.8523427524677017,0.8532285455763295,0.8473700932780003,0.8524599087323294,0.8523365300700984,98059.54778965938
2024-12-20,0.8753534495839003,0.8764056879490023,0.8717538620857758,0.8745917574071215,0.8749345520683084,231846.2112497145
2024-12-23,0.867452480263866,0.8692664562426152,0.863540919963567,0.8683823381342826,0.8682891598561625,782110.568655408
2024-12-24,0.888354960401142,0.8936567842781246,0.8792993128970384,0.8893839967725524,0.889142073424536,605021.2080929527
2024-12-25,0.9515659079509606,0.958818527945196,0.95097481716811,0.9526518498230292,0.9529414239868508,215597.40467449985
2024-12-26,0.9380672597986278,0.9398499716835346,0.9384964693454791,0.9390716214745078,0.939326412563519,311750.8200444956
2024-12-27,0.916074869897155,0.9234514237371552,0.9128993585027172,0.9166316813659316,0.916408673249974,116134.9418438631
2024-12-30,0.9440634744024472,0.9493111406085792,0.9442878244544916,0.9449732706007236,0.945002128787738,185459.56359624933
2024-12-31,0.966861223372768,0.9701251656320432,0.9619766441872944,0.9666513042851136,0.9669502267225382,402338.05595748144
2025-01-01,0.94800147837112,0.9527348891824136,0.939058197492422,0.9474731318606752,0.9475257490304644,252316.972171525
2025-01-02,1.0014572436927531,1.0047164666412494,0.992718126577438,0.9998226701678644,0.9999719308414904,215250.5355030956
2025-01-03,1.0478520847964945,1.051338032571385,1.0421362139758643,1.048233623777552,1.048338157648182,597467.8028121314
2025-01-06,1.0180014732710414,1.0326382441279622,1.015124136282719,1.019376618173104,1.0195167825353455,194742.72930908055
2025-01-07,1.0460980420057375,1.05696700894691,1.0416722896281556,1.0465255786853775,1.0464466038894686,102312.4687329002
2025-01-08,1.0315796726891189,1.0376919952720702,1.029531455738232,1.0324872391517297,1.0323331765950938,69795.80638427769
2025-01-09,1.0264257892633497,1.0358544786088897,1.0239399187871356,1.0273857597807476,1.027310389232263,267000.7231608288
2025-01-10,1.0216864611116778,1.0278108986399916,1.0179921192949437,1.0220679264021413,1.0217462266058834,529179.4108864502
2025-01-13,1.0137251146665531,1.0174150441830732,1.014947793789435,1.0149850898669102,1.0151841937899548,228771.6665984389
2025-01-14,1.036180204204055,1.0383803966927738,1.0312658877173762,1.0357533423009722,1.0352560805536255,132647.97016477562
2025-01-15,1.076426403922186,1.0797073303031428,1.075348703050968,1.0756765974508231,1.0759819463987164,356136.8906513451
2025-01-16,1.141156353973553,1.142609709301753,1.1407741250011345,1.14168785645961,1.14149268234324,329423.50140199484
2025-01-17,1.1513096219369323,1.162106290965171,1.1484991263112077,1.152283530885185,1.152844549736546,221193.61659862744
2025-01-20,1.2465851168332367,1.248786337289499,1.2406779897456928,1.2476910087951307,1.247424150901589,154208.81001674826
2025-01-21,1.1884023339838463,1.1930498141134176,1.1806333647908362,1.189839769827075,1.190176507732686,480249.3600580985
2025-01-22,1.2003685231176806,1.2043706817273228,1.192640748748847,1.201527260876278,1.201501289691218,172717.46521457643
2025-01-23,1.245019699061382,1.248041667479817,1.241046632183017,1.244373551987196,1.2445054300370533,416413.6031708632
2025-01-24,1.2159960959254168,1.2178124875585896,1.2114661590764677,1.2141090130758103,1.2136442352697212,912579.4187888622
2025-01-27,1.2024942529335008,1.202898433948054,1.1984131552175972,1.2025847183913465,1.2027221167576716,118357.94550206026
2025-01-28,1.2207001477171646,1.2280193308886418,1.2185799647870958,1.223225120302038,1.223007443618062,385496.19201460166
2025-01-29,1.2165512702031946,1.2313490856337947,1.2096944414444353,1.216498318843114,1.2172696455208367,141764.43277279785
2025-01-30,1.1956641759964686,1.2043679967730676,1.1914850731751736,1.196002273013948,1.19670643706501,519379.1528222151
2025-01-31,1.1621341338278055,1.1734333959880316,1.160034938127393,1.1639545555412345,1.1637478238444054,204355.6138463641
2025-02-03,1.1785663973005056,1.191582457334467,1.1761130665765904,1.1784695366798927,1.1780623619754906,248930.1154281946
2025-02-04,1.1398501590739052,1.139728427879863,1.1391869600091329,1.1393654279924712,1.1393943417226504,329610.17803129886
2025-02-05,1.153843183860526,1.1580206634215469,1.1483459931024596,1.154540756556629,1.1545358879387744,542059.4297877161
2025-02-06,1.214933694677056,1.2154766635413583,1.2101595318044984,1.2131866329220522,1.2131316784136108,201493.04847110028
2025-02-07,1.268544041365662,1.2743121726443256,1.250228834051247,1.268956597249392,1.2690673418383205,186384.3462015436
2025-02-10,1.2316409198892135,1.2360515613439875,1.2270574860419314,1.23150185315133,1.2318358593287415,163003.85929462916
2025-02-11,1.1955827978820608,1.20339637167707,1.1920412336400006,1.1960530204914053,1.1961244066456045,489644.2963500923
2025-02-12,1.183558854821833,1.1940736008684707,1.1809633581940189,1.1829883969136372,1.1825823870695231,473243.44009245647
2025-02-13,1.2423577379092212,1.243414185317181,1.2405949523534197,1.242299845717754,1.2422848823871042,153349.89734053522
2025-02-14,1.2129849602028484,1.2136794434045477,1.2111014771773114,1.2136096385135549,1.213162792958523,382362.3883090194
2025-02-17,1.1578978539386162,1.1638289778003337,1.1474419063534502,1.159287654498706,1.1591673504022983,628039.2304622948
2025-02-18,1.2185126608782355,1.2195423663545726,1.2176508774206327,1.219098907726107,1.2192184892576885,317891.8119585523
2025-02-19,1.2570722021874767,1.2578757886806218,1.2552950879943312,1.2562087781329394,1.2566637639194171,104698.582860268
2025-02-20,1.2334954651093235,1.2349111175716283,1.2273645984312238,1.2330494888795729,1.2325468798951094,315762.9442943148
2025-02-21,1.222029500182293,1.2234595090494689,1.2190568484644246,1.2226421715650375,1.2224425149641398,171419.81089730668
2025-02-24,1.2345133878093195,1.2411388729825552,1.2323140849589669,1.235769309915711,1.2358811165879633,226914.9724672013
2025-02-25,1.211248378320591,1.2148618923259549,1.210894769001464,1.211861929043455,1.2120410357122868,202075.9210891873
2025-02-26,1.2074814575203383,1.209807720083871,1.2070297462123405,1.2087347872842884,1.208479192416955,319443.67749212816
2025-02-27,1.2086646675564725,1.2133593466194617,1.2050732612524704,1.2092191902290412,1.2090274623869215,319981.48959803866
2025-02-28,1.250597142770956,1.2545308225042864,1.2465255005439273,1.2483289372167297,1.248550805998922,689959.1327942826
2025-03-03,1.2853659558863653,1.286454334176532,1.2778678694306018,1.2851296205961713,1.2849441583620425,292506.3814172574
2025-03-04,1.3065877482440205,1.3130781200554713,1.293149055540848,1.3059116677217335,1.306085744427134,248347.9594240893
2025-03-05,1.2590493670078535,1.2684058982863158,1.2569351187608289,1.2589273552604152,1.2593523307226342,90104.39944307508
2025-03-06,1.189167301025308,1.189527806738777,1.171873584620086,1.185692773923772,1.185945651643082,259949.36329115892
2025-03-07,1.14671325473278,1.15037056669868,1.1380248186980657,1.1462343372538166,1.1455727602159476,389282.6053284786
2025-03-10,1.1927884652821592,1.2040487628935277,1.1902637730169672,1.195120315806297,1.194856020229535,239103.3700600532
2025-03-11,1.147372180507961,1.157937877219245,1.1445446003933335,1.1460484927828372,1.1455651017007826,305301.44522475614
2025-03-12,1.1461108636783903,1.1519066084395233,1.128412714402974,1.144113157990763,1.1439775778587076,499354.3984948492
2025-03-13,1.0864038533278186,1.0866299587945545,1.0812884930584157,1.085395152444169,1.085441325358575,104066.24013053151
2025-03-14,1.064190844988699,1.0643427044413434,1.056553952539,1.0625070014979692,1.0626054094200683,279632.8853911755
2025-03-17,1.0886833118849109,1.0920941150080028,1.0850632500027353,1.0891412759260048,1.08888556316488,791148.508260176
2025-03-18,1.123352743320382,1.125465997806536,1.1190674060209187,1.1251987071139329,1.125128143923019,188981.65145759252
2025-03-19,1.0823816040458103,1.0819412501071834,1.079231293112196,1.0816904320513483,1.0815713586428894,113095.57325175167
2025-03-20,1.1049633845525142,1.1087704088235342,1.1034439082921172,1.1052256055209555,1.1049487364778852,344072.54637285974
2025-03-21,1.0788510679956052,1.0813688605083556,1.0763749330008825,1.0770108107630945,1.0774599557680329,116996.53108801472
2025-03-24,1.0212132183637606,1.029423705042251,1.0189284873075406,1.023040726649049,1.0230904825356617,135279.4108672334
2025-03-25,1.0044154478092802,1.0073646156656906,1.000392572456401,1.0045733902300715,1.0041181114379678,461249.4305538282
2025-03-26,0.9854537670583228,0.988888269786882,0.9819446631511988,0.9856866816225214,0.9855046977048972,173537.86108752416
2025-03-27,0.9821953123013676,0.989041769079577,0.9777907828989352,0.981929134729899,0.981692102057872,352676.684783249
2025-03-28,1.0054830334136895,1.009997415982147,1.0031259869376752,1.0084228713031085,1.008368886153807,119377.07565463948
2025-03-31,0.9559272751604064,0.960246178141016,0.955263352522458,0.95723331295086,0.9575509334868176,231919.5864607745
2025-04-01,0.926188851516651,0.9317484104201622,0.9199849454086032,0.926900074288833,0.9269552386527524,251782.4254757372
2025-04-02,0.8693603631442132,0.8729014115514565,0.8619939903809742,0.8689045623713112,0.8690153347082947,305615.51679768384
2025-04-03,0.9040651868968228,0.9057647350347712,0.9042861409644164,0.905654911222732,0.9054314794743672,440696.6332301329
2025-04-04,0.9043895767214736,0.9041707324773384,0.9006174642916039,0.9036881288652672,0.9031617380279044,175525.5757257685
2025-04-07,0.9135033700444012,0.9177060084064492,0.9126890240726558,0.913669084259409,0.91357295407175,427280.4362698693
2025-04-08,0.9164912814993974,0.9221832845390214,0.9127699954155344,0.9164090850720166,0.916357563508678,122284.01802363158
2025-04-09,0.9069681086202894,0.9193653565224148,0.9056990387762756,0.906077093947924,0.905952836896748,244871.61314787908
2025-04-10,0.9055520261703052,0.907531402350252,0.9007918320829844,0.9060865705690644,0.9061270425413992,550373.2157502454
2025-04-11,0.8562879161543813,0.8635130304069714,0.853996964611,0.8562805607764592,0.8562071133464356,225940.7317771408
2025-04-14,0.8622035368333765,0.8675202986910716,0.8620228687699478,0.8622080095375452,0.8621843932572753,120551.12296910142
2025-04-15,0.8352088788099867,0.8410489608864495,0.8335320622343497,0.8362615389578046,0.836264567548976,146132.09749254174
2025-04-16,0.8512080823079022,0.85686328683237,0.8495655019757341,0.8509551889836753,0.8512798112903276,243347.4304372536
2025-04-17,0.8708202723973896,0.8778302529715398,0.8698110770067227,0.8711902595648077,0.8712348399824607,303930.21654499334
2025-04-18,0.8385870394828963,0.8448803076928887,0.8389562407409995,0.839188222989258,0.8391232571679189,159609.41764507972
2025-04-21,0.8667149198963049,0.8667086908254333,0.8629923173247117,0.8660033938615164,0.8661135915830169,239266.35776136903
2025-04-22,0.8614528003757971,0.8707575782092375,0.8626426243245939,0.8627476142938252,0.8621986851922736,428002.8567678147
2025-04-23,0.871633803637471,0.873435714588862,0.8672675601118164,0.8724853518810803,0.872451149128718,500038.0904235644
2025-04-24,0.8599703018964985,0.8613465352550431,0.8561874412810724,0.8606604263676985,0.8604451974121053,160006.71107333843
2025-04-25,0.8679544234956368,0.8716651215940051,0.8681367770515497,0.8682136556132928,0.8684954108128767,274981.3827559036
2025-04-28,0.9163946174424312,0.923423641178047,0.9115822713749768,0.9167542951357176,0.916740592231994,392458.61790292006
2025-04-29,0.9162701101263568,0.917835508538307,0.9138028741805913,0.9156734703731711,0.9159974054774842,251185.21995637863
2025-04-30,0.9196289335204896,0.9210982233965632,0.9174550421255931,0.9205124971658394,0.920647256266034,106644.63877896596
2025-05-01,0.9203283419737563,0.9290591929621996,0.9162859661580484,0.9217565243612678,0.9215532268128036,115584.27710817131
2025-05-02,0.8652296165755023,0.868063948298726,0.8603735048600787,0.8649387578837686,0.8647676946286376,339111.5480665375
2025-05-05,0.8736419047447185,0.8737893833235755,0.8684548973001842,0.8726788559821866,0.8727558127442093,291351.9027529611
2025-05-06,0.8429673195434961,0.844329666201301,0.8407108705801241,0.8421684159151931,0.8420154030309803,180518.9764682092
2025-05-07,0.8655104787940149,0.8696064072313864,0.8648823160919539,0.8665232512935535,0.8666141642718346,878774.9032035096
2025-05-08,0.8308668338144938,0.8329997173614909,0.827720750779834,0.831623013424773,0.83153188483789,586116.9411225284
2025-05-09,0.8425734262846484,0.8460224306306112,0.8404905349519243,0.84219282479262,0.8421024477380389,523374.04439876135
2025-05-12,0.8391307884583615,0.8425796175850286,0.8405228745844976,0.8416076358648924,0.8417445145863439,233850.38466193667
2025-05-13,0.8089446786148365,0.8145383724105361,0.803783869166178,0.80898067249619,0.808908489863143,147884.96397937354
2025-05-14,0.825369756354466,0.8267555111475023,0.8258985992457083,0.8265721709660093,0.8266802797356596,193378.63592982467
2025-05-15,0.852663384452938,0.8531562248101286,0.8499460422052808,0.8520938943170839,0.8527088437072347,566235.0497094829
2025-05-16,0.8778746813283547,0.8798163200207725,0.8739069130662173,0.8778548966039998,0.8778003598562254,298423.6545290534
2025-05-19,0.8431287024942106,0.8471056462094462,0.8380001790758246,0.8425560004124052,0.842791461835863,388593.49254544784
2025-05-20,0.8605920704083184,0.8629844291159875,0.8557660928078232,0.860042458625343,0.8603077192511892,319986.4082496996
2025-05-21,0.8614990001701925,0.8638929004051212,0.8619812277884854,0.8622350828045726,0.8622959697104786,1317916.2628235728
2025-05-22,0.8256646340803822,0.8328159754294958,0.8228068880272134,0.8270353218435241,0.8272744521452018,80265.94306988145
2025-05-23,0.8354664087810999,0.8477700080778889,0.8322876768871982,0.8362491517126986,0.8361559729781771,60350.757723377465
2025-05-26,0.822536344129747,0.8270516415803457,0.8200758578475079,0.8220674897006688,0.8223838228029344,466901.5452116847
2025-05-27,0.8379022895451537,0.8412344852360872,0.8362773816319627,0.8383156605219073,0.8385591455983727,134587.58730035892
2025-05-28,0.7608909768018642,0.7610264572924057,0.760042316094607,0.7601882411045308,0.7605695415353037,696438.3743142106
2025-05-29,0.771470467823663,0.7717356926475666,0.7678113796800918,0.7711862375218598,0.7711626444784887,221793.7871557173
2025-05-30,0.7973752925116488,0.7986999359259406,0.7957534720178074,0.7977922529166375,0.7978207666224869,155502.59892685077
2025-06-02,0.7381982678124578,0.7429786995506485,0.7378062829426029,0.7387045701145583,0.7384000735271387,289398.0982013246
2025-06-03,0.7264088160759825,0.7305636590661193,0.725800632329433,0.7280060308436479,0.728008511427705,342491.30054138514
2025-06-04,0.7601745790764519,0.7627438121120264,0.7595495751495772,0.7597138743196832,0.7594954534131624,251393.47454565545
2025-06-05,0.7557363069840757,0.7601742392654315,0.7534977953025429,0.7561467604140355,0.7562580838319615,135476.82809134628
2025-06-06,0.6873065304929389,0.6886250585492315,0.6862607496299028,0.6882086307501029,0.6883838063789974,70458.10468945125
2025-06-09,0.6948357185297713,0.6989858415757638,0.6901814694477619,0.6938080004045831,0.6937267825854014,85235.54254400812
2025-06-10,0.7199956775283398,0.7259978945720423,0.7170851019561609,0.7209705159789634,0.7212930879973067,152942.75287922562
2025-06-11,0.7353974832734492,0.7407373006109604,0.7347587937089747,0.7355076659823203,0.7355102464866744,205640.35085281509
2025-06-12,0.7439371183274237,0.7499659296804311,0.7425365134925895,0.7450684944870127,0.7451242699911684,295572.4884259888
2025-06-13,0.7472837442621314,0.748303828394836,0.7450729672150472,0.7472349501101926,0.7471551355228514,145210.82832965135
2025-06-16,0.7535778994647396,0.7530731214620495,0.7499767188230363,0.7530497592599356,0.7532002755611382,98973.55676647216
2025-06-17,0.7326795899254621,0.7358922296002475,0.723578073329514,0.7329915890045647,0.7329759087728346,225828.86040952403
2025-06-18,0.7319477134496308,0.7345349507034917,0.730071223781307,0.7317771561239593,0.7318746817873529,1159196.115293218
2025-06-19,0.7474166095021111,0.748033933132359,0.7458352635186074,0.7470338258773022,0.7467004859241787,363573.1994189101
2025-06-20,0.7220174603623289,0.722628103092879,0.7204199538530772,0.7219030569522884,0.7220643372368171,201795.61619801837
2025-06-23,0.7164250506870726,0.7214880899080846,0.707977226196212,0.717658775389419,0.7179303017018323,331848.369602464
2025-06-24,0.7235735428295792,0.7319018031475453,0.7146091404770509,0.7239996436046219,0.7239020526007179,206008.15272876344
2025-06-25,0.751361806820968,0.7529016195064926,0.749486426635463,0.7521783126356665,0.7520361660933718,149662.5084242457
2025-06-26,0.7846277580856559,0.7845182370709431,0.7800250064068207,0.7836852991556608,0.7838913357284312,168115.17087571285
2025-06-27,0.7832173885962034,0.7881094693361677,0.7809989176377641,0.7819231464248861,0.7821682920434697,258851.61470248763
2025-06-30,0.7798554167337377,0.7836831456498505,0.7783797718267871,0.7783884594130344,0.7783136096466743,60581.85643123968
2025-07-01,0.7865928535901939,0.7887901642855077,0.7835729342170352,0.7879904111236105,0.7879320176480493,223267.3677649568
2025-07-02,0.8115874463854591,0.8152693451589649,0.8102795199496527,0.8115575695315446,0.811804867943854,181097.40684953172
2025-07-03,0.7897863688187602,0.7928999657380166,0.789420061167638,0.7895580688400782,0.7896297723927624,616065.427934183
2025-07-04,0.8010560126858428,0.8060306598858734,0.799425790985899,0.8016237368624805,0.8016552077255381,159759.4250634788
2025-07-07,0.7791764778728061,0.7837417664477778,0.7758810502731892,0.7790929899315502,0.7796080803159794,335705.6666152716
2025-07-08,0.748384700169864,0.7503517590437274,0.7437095707240426,0.747387160041168,0.7476789071014946,303566.4946449068
2025-07-09,0.7826362971221216,0.7857140724671773,0.7809125263795965,0.7841941207629446,0.7843302132169446,399870.985413193
2025-07-10,0.7683736983986802,0.7681964061637245,0.7663467771057434,0.7674426054836161,0.7674444302499491,336098.3967252208
2025-07-11,0.7515030456592443,0.7561405396256368,0.748207481788719,0.7513213744117129,0.7510913234996397,258171.84287271672
2025-07-14,0.7400340941307404,0.7442570720515731,0.7389106303738624,0.7400806411727914,0.739895174811077,167561.39350148774
2025-07-15,0.7360388613371764,0.740955992881585,0.7357987397825695,0.7368973630019442,0.7367416977212407,208890.7098178198
2025-07-16,0.762886178956637,0.7641527524844879,0.7562303639098806,0.7615881908116063,0.7615709002845534,528119.9540607358
2025-07-17,0.7436659160953273,0.745950778196204,0.7407567388757875,0.7447007348548429,0.7443933463880058,286244.1479825902
2025-07-18,0.7463283690991928,0.7456854121479856,0.7404530064577121,0.745324134733689,0.7453312386957736,312864.04787758127
2025-07-21,0.7288661850267414,0.7322259702721986,0.7275007701440777,0.7288072730480347,0.7287390414627999,320650.98423820955
2025-07-22,0.7236729895594514,0.7330556418259379,0.7239242247584925,0.724271165763744,0.7242418489936744,125598.11009984884
2025-07-23,0.746956455379966,0.7521565156488155,0.7449481352133218,0.7480195385167311,0.7478941379593875,279529.9689995592
2025-07-24,0.7990407836002431,0.8088753143281776,0.7963375343165259,0.798987138865525,0.7987604673169921,144363.42929119576
2025-07-25,0.7941758005651739,0.7952896635756634,0.7915846846092149,0.7943920601263164,0.7948422381303595,258829.7349820129
2025-07-28,0.7669590972772843,0.76856611315782,0.7650039802778171,0.7670039402133391,0.7673433247932956,98609.2493753327
2025-07-29,0.8010830106640252,0.8033690264529344,0.7934189913976384,0.8003978851598311,0.8004929223174199,138385.95641225376
2025-07-30,0.8391860742442346,0.8412584645649652,0.8324297873119715,0.8394222316535574,0.8396294907956589,127771.3910188216
2025-07-31,0.8171598054047795,0.8200854009080186,0.8126782918133082,0.8169550535021715,0.8170844495661712,279320.33355054265
2025-08-01,0.8413668034767903,0.8410922036910317,0.8370902583085242,0.8401150376097201,0.8404035016986156,157885.21405334206
2025-08-04,0.8953588164208993,0.898150699976558,0.8930696508565292,0.8940611405223674,0.894269364006855,407755.44196543633
2025-08-05,0.8771245632301032,0.8811378272276241,0.8755272970296619,0.8767504332316062,0.8765094508191958,211944.2152147218
2025-08-06,0.8939697136093503,0.8963147249619395,0.8844080562836165,0.8941210955727278,0.8941104451715834,356635.43514032447
2025-08-07,0.8711403224926625,0.8736562877949967,0.8687209643302009,0.8714788494858924,0.871230764301669,322148.67967469286
2025-08-08,0.818757422944189,0.8221670601768217,0.8173543875870712,0.8175149401417201,0.8172579070163103,402330.414358632
2025-08-11,0.8217657985919757,0.8252762161460705,0.8185466357406702,0.8205544286720079,0.8205383919635546,82856.37876248451
2025-08-12,0.779791767124641,0.7839827034171706,0.7773082462227255,0.7806431711750378,0.7808697306482218,196032.0319813416
2025-08-13,0.7471747131865446,0.752148685316424,0.7363081726978553,0.7482271300155049,0.748155453208064,138327.64803492778
2025-08-14,0.7012159717536814,0.7036991832380408,0.7011271022037875,0.7021097033603292,0.7022932489890887,232087.5239398185
2025-08-15,0.6818450393952491,0.6859299507426544,0.6764988405726603,0.68206234576224,0.6824317692249944,464641.16486621054
2025-08-18,0.6806685112297846,0.6869129821628915,0.6792318366590248,0.6807320571301236,0.6806905596231105,238047.7841970453
2025-08-19,0.6456340803457118,0.6469546382115968,0.642109257807813,0.6455192852741269,0.6455084189332924,170791.00240803996
2025-08-20,0.6549571299538827,0.6560855061696886,0.6533068138227492,0.6551726075359315,0.6551280231895953,218767.4620744433
2025-08-21,0.6570939357666378,0.66341250291882,0.656428772745142,0.6579155464521008,0.6578413546683486,189152.24088619987
2025-08-22,0.6585882321518782,0.6587284605558503,0.6543160404092984,0.6583987957430815,0.6583259392543082,171991.35832700742
2025-08-25,0.6394919756561078,0.6392771073465193,0.6390973910925412,0.6391000143053391,0.6391387555191065,269062.16773338016
2025-08-26,0.589534190791976,0.5927546446604571,0.5875419144582449,0.5891773355906406,0.5895736425540543,224071.7236811504
2025-08-27,0.5742109400755753,0.5788878116935571,0.5709602362399088,0.5746199790711303,0.5744690513341725,86887.11097652015
2025-08-28,0.5467043212516616,0.5480911575481207,0.5463296017391057,0.5474317606736407,0.5472898287134831,114681.79886331609
2025-08-29,0.5097205138175545,0.5106210665312177,0.5082520112258071,0.5095301806613342,0.5096633023648777,441176.75911862607
2025-09-01,0.5207233694370184,0.5246910675804504,0.5197272737859318,0.5210560719000971,0.5209382496466571,313637.194078754
2025-09-02,0.5337027694420138,0.5368708178510835,0.528456423642465,0.5334130944553069,0.5335155198050392,248292.16571136497
2025-09-03,0.5325584186536864,0.5341292381854589,0.5325144313288541,0.5326001476193245,0.5325897924526773,173811.72785557283
2025-09-04,0.5480238013680143,0.5511660796718302,0.5474287330007134,0.5483302598292733,0.5485856608750119,391770.7508575893
2025-09-05,0.5282106777619013,0.5292405726440594,0.5282465256132267,0.5286623259934397,0.5286187198047273,633731.6888570769
2025-09-08,0.5561823018896478,0.5583682789956909,0.5553467863980186,0.5558769464705399,0.5558192158966575,567651.8896882394
2025-09-09,0.5332818292750124,0.5391306896699593,0.5268868296265221,0.534056393005849,0.534226676326329,199269.79115806252
2025-09-10,0.5229790476892734,0.5254039186314654,0.5207324949237955,0.5236775822064734,0.5235287801219655,56963.81572774832
2025-09-11,0.5203035504401574,0.5215097917981748,0.5179616147836025,0.5198542152672329,0.5198545464107939,328326.5717582317
2025-09-12,0.5214227192724308,0.5228895383481981,0.5194082127645615,0.5210013774358394,0.5209639953336426,254021.7979464376
2025-09-15,0.5255035439109426,0.5279927468140393,0.5246881452288019,0.5252006878542654,0.5254882183179078,333987.04670769407
2025-09-16,0.5421038958322099,0.5447046978967367,0.5414364522626338,0.5420708175933762,0.5418630884241717,75287.61187066778
2025-09-17,0.5344020161838161,0.5350892041601616,0.5337799018591578,0.5340552430557948,0.5342336575178984,423126.9207385837
2025-09-18,0.5282732155575022,0.5284922055866159,0.5282089655665616,0.5284552258123781,0.5284004109852659,619186.615915246
2025-09-19,0.5221342026596396,0.5241000084485855,0.5207030468112341,0.522031432637971,0.5220175781513683,466097.4902749369
2025-09-22,0.5133979674286826,0.5187368810973177,0.5113896264325509,0.5131717914735395,0.513190453579661,156724.89798207273
2025-09-23,0.5256318923303871,0.5284252339563216,0.5242051381759091,0.5262855365088984,0.5260536973928293,348073.8080195135
2025-09-24,0.5310910610884002,0.5317647413339726,0.526688182698116,0.5312114175632574,0.5312767303307586,228136.84023123037
2025-09-25,0.5550557580761613,0.5567182919694268,0.5519552597722555,0.5557593248157869,0.5555849636705873,200460.6322086682
2025-09-26,0.5434911389960487,0.5439103642662604,0.5400217795756734,0.5429070973069428,0.5429076973842325,368967.70522215485
2025-09-29,0.5606215558776307,0.562477651763654,0.556210944051344,0.5603414930142818,0.560398992794544,166173.31847561555
2025-09-30,0.5774632624782933,0.582578992352337,0.5765734308558463,0.5777723622589261,0.5778458590468086,219022.2649405947
2025-10-01,0.5813046701129452,0.58358428614601,0.5720863952791405,0.5811668489173648,0.5812732885542932,601358.577838589
2025-10-02,0.5561568301039882,0.5567930320231225,0.5518795262624224,0.5556006490085719,0.5556298304475993,447843.1841747652
2025-10-03,0.5318891908549591,0.5343500880581438,0.5274552004027259,0.5315828456710573,0.5316176475087436,482754.2218550359
2025-10-07,0.5468859605077127,0.5479631344690858,0.546835413214247,0.5473993467088204,0.5474761950181648,119512.8111520146
2025-10-08,0.5494284107247998,0.5499543603454767,0.5464030590838539,0.5492637446255921,0.5492984446610512,446204.42325194966
2025-10-09,0.5515582062500164,0.5526069318615492,0.5513324883708366,0.5514390989457181,0.551221103273028,538992.0819135287
2025-10-10,0.5892791657229011,0.5894895275899392,0.5889437571452388,0.5893217624480365,0.5891831878057455,100605.389059187
2025-10-13,0.5873795351474158,0.5903046089509296,0.5833821037740857,0.5883070739169045,0.588271705914584,300456.75953753665
2025-10-14,0.5646845859818089,0.5685242870464093,0.564538888986212,0.5647676866812679,0.5647176196316758,327071.6569931278
2025-10-15,0.5958119043715824,0.5980603277241854,0.5947433802796789,0.5958706486673073,0.5959112740285456,554128.1044211164
2025-10-16,0.559203974035118,0.5599244069091834,0.5565286474915961,0.5585418477460548,0.5584395570205336,582084.6614726107
2025-10-17,0.5613833317466485,0.5702769222459265,0.5588411003325293,0.5614787291403525,0.561559570429587,291547.111013824
2025-10-20,0.5763556686267133,0.5767497548340397,0.5671414036759681,0.5757104887544752,0.5757682880543668,230387.3088686957
2025-10-21,0.5455815617834947,0.5465795782654012,0.5393758166557338,0.5458088795350999,0.5456217693941788,292682.64550004026
2025-10-22,0.5298018299741625,0.5317663555357162,0.5293076669532253,0.5303664921568877,0.5303614657881921,143294.53418954404
2025-10-23,0.5461712655669225,0.5486920346359607,0.5441038204175925,0.5457026791829932,0.5457028084051604,292322.43340185
2025-10-24,0.5196039277841644,0.520095525807788,0.517515363894594,0.5186843622189748,0.518580410803726,390140.5463213747
2025-10-27,0.5145017185861732,0.5155421343505103,0.5132818144241437,0.5141560845758372,0.5142330225934262,128945.647689453
2025-10-28,0.5246307242359118,0.526519245308961,0.5208126342176809,0.5242617511916199,0.524114285957361,330887.0988168117
2025-10-29,0.5278039934840759,0.5283950209765275,0.5255473682367718,0.527501486161714,0.5273782415738164,335067.3360498081
2025-10-30,0.4870730150224898,0.4892957790103575,0.483479564732005,0.4866777285908513,0.4865394255822991,756105.5020763363
2025-10-31,0.4692411356508292,0.4713195336353426,0.4653780799188254,0.4694453125220549,0.46970848851296,449917.9362134437
2025-11-03,0.4697945463164388,0.4737535855417247,0.4675814683289702,0.4701954998543955,0.4702916281068461,290628.1505044265
2025-11-04,0.4532143021647998,0.4568626251812417,0.4517573487781184,0.4528515149652642,0.4529078739206058,316857.4834054918
2025-11-05,0.4460430464843926,0.4510749026935219,0.4458859191620031,0.4467712190831973,0.4466803346098676,179442.08549148325
2025-11-06,0.4541063801245362,0.455992373755382,0.4517930934758771,0.454152790408804,0.4542415515732652,268000.6984917913
2025-11-07,0.43785201776527,0.4406638831669759,0.436848708391268,0.4381542646129419,0.4381117780951536,471996.8450659536
2025-11-10,0.4471913287726364,0.4479202317924613,0.4434208035171841,0.4466764939177449,0.4469752066398219,396795.6089876603
2025-11-11,0.427804999879405,0.4286056125087221,0.4241986673364493,0.4282828689438385,0.4283145298899012,277931.42631427344
2025-11-12,0.4452908181433948,0.4485681420423925,0.4433440509995544,0.444732595440018,0.4447247922317244,174959.84020648032
2025-11-13,0.4360743670327281,0.4396982419062013,0.4331873686830127,0.4364790325571174,0.4363642258312918,160786.36153304044
2025-11-14,0.4223498887291921,0.4259964161895437,0.4211242183583027,0.4217238370917731,0.4216439594070018,661355.0066581272
2025-11-17,0.4137613594182761,0.4160081504589631,0.4103544416695944,0.4133044609850274,0.4132690378893995,191276.66758394887
2025-11-18,0.3925202676520725,0.3952882512200776,0.3900540548635116,0.3922206846348929,0.3924362253735398,140548.51847109548
2025-11-19,0.3881747470498532,0.3913662127286708,0.3862778885039764,0.387554404167702,0.3875857038629039,1076379.4132554412
2025-11-20,0.3952782506334084,0.3961747273176878,0.3937195972304838,0.3946203322046231,0.3944035427154236,135575.09416096873
2025-11-21,0.4112982415182633,0.4117537376810318,0.4100827515532886,0.4113521575456799,0.4113921826105592,113326.99290432612
2025-11-24,0.3929404129215471,0.3955005060568821,0.3925984536986918,0.3934274813714368,0.3934079304591805,261816.7190594766
2025-11-25,0.4024041051692971,0.4049330619120695,0.401389792224824,0.4025858371646273,0.4024312715622289,205698.31743695008
2025-11-26,0.3964416528925403,0.396571321414607,0.3943664031451225,0.3960964128497993,0.3960799014734998,171988.09208431703
2025-11-27,0.4061303954852387,0.4090426537581349,0.4042466759626073,0.4056155488094876,0.4054524284025317,597860.5667132011
2025-11-28,0.4087924656861768,0.4106156418461082,0.4052226508032602,0.4088553399229224,0.4088458940682922,756527.620039924
2025-12-01,0.3959468804288592,0.3987217963802334,0.3958254112661359,0.3962861034332121,0.3964211624197194,500134.305222804
2025-12-02,0.385677754395833,0.3869944225078268,0.3809543162477056,0.3860501952843418,0.3860175028867588,788585.4612401492
2025-12-03,0.3828203129598687,0.383286248221691,0.377785765868796,0.3828227787035871,0.3827878128291233,433204.6865833568
2025-12-04,0.3839562667290407,0.385789767609154,0.3807107351464152,0.3838218225223973,0.3838595062545838,254463.51538340797
2025-12-05,0.399178283089153,0.4010682024121409,0.3983096103540867,0.3990714330038298,0.3991080889414498,366838.22932803474
2025-12-08,0.4002730919895512,0.4035160451369873,0.3990120373922555,0.399790669904723,0.3998020439208816,168775.8556917615
2025-12-09,0.4196482979410305,0.4223192913322539,0.4174391258125873,0.4204273612850143,0.4205705934309723,272973.36114827776
2025-12-10,0.4251970652338118,0.4267388414857837,0.4238637932288012,0.4252265485414879,0.4252582194626491,152178.9429061645
2025-12-11,0.4128683927235552,0.4156647846346819,0.4117437646963115,0.4131580447137971,0.4133022151641359,544880.4331313034
2025-12-12,0.4017215208616178,0.4049618301871087,0.397358142747418,0.402034446988916,0.4019891165111465,332315.5593074134
2025-12-15,0.4153548576166678,0.4159846528704026,0.4130342474235988,0.415009871247515,0.4149613395646955,313717.95118659426
2025-12-16,0.3856991286688525,0.385772895570767,0.3841532221824729,0.3850400719793029,0.385042212343152,511783.8560234585
2025-12-17,0.3936524087785253,0.39511607887023,0.3924673456357643,0.3938859208754381,0.3939040772069763,999102.155302938
2025-12-18,0.4111436856001193,0.4141515158065437,0.4098872660980363,0.4115577700734982,0.4114087880188103,393123.5162570546
2025-12-19,0.4058239606478393,0.4081436483005419,0.4059789874891922,0.4060032441980865,0.4059571380988949,315089.9931301675
2025-12-22,0.4582364364091715,0.4583498968651497,0.4565745630765742,0.4579365155682797,0.4581715875920119,114032.4265619446
2025-12-23,0.4611001246090076,0.4657572907754131,0.4605271779062294,0.461433505037579,0.4614297416681807,310678.9716404244
2025-12-24,0.453111846990272,0.4551281297989166,0.4520348422319417,0.453629057953982,0.4534933138820823,269222.3741587956
2025-12-25,0.4832798394265655,0.4874853321685772,0.4797311239164144,0.4835296628320404,0.4836344940083819,62259.55493202454
2025-12-26,0.4743697387791576,0.48138396378836,0.4737853650129504,0.4744490268804093,0.4743876953308834,249620.86619440268
2025-12-29,0.4915785563447731,0.4937234755736718,0.4900307919102573,0.4921387548990695,0.4920900220676508,133006.84160349812
2025-12-30,0.4946421647728303,0.4954691633445331,0.492108329223399,0.4942763954864084,0.4943804885638299,217432.75534256105
2025-12-31,0.518429075639769,0.5202033179964267,0.5171460299109704,0.5182707472585973,0.5182802773537917,371427.4143464938
2026-01-01,0.5156042666282679,0.5158081023586601,0.5098704939340194,0.5150166319375948,0.5150962010064241,379985.9920325979
2026-01-02,0.5286124055520658,0.5320525273112903,0.5247513829726766,0.5282358122392563,0.5282536400227369,62040.26027015997
2026-01-05,0.5363958921263368,0.538059778938624,0.5337666384829466,0.5366347767573091,0.5368796061453799,540317.2501655795
2026-01-06,0.5231796338202299,0.5273908523370521,0.5218333873055623,0.5231877988665641,0.5234600865247763,230164.57983783417
2026-01-07,0.5263753577299349,0.527089053803625,0.5249470664021605,0.5256283379561736,0.5257777475452415,245770.66333745996
2026-01-08,0.5372632978080977,0.5406261131568405,0.5359588954178174,0.5364589468825371,0.5364381576973856,154618.082838088
2026-01-09,0.5633757080875653,0.5635469175780619,0.5607158370047765,0.5632727079999906,0.5631292461230296,254499.1796826636
2026-01-12,0.5734549689959086,0.5805217461327304,0.5710983628235283,0.5733992440154541,0.5731710300465654,267385.7068195509
2026-01-13,0.5601729633630309,0.5626752582944077,0.5591663802039369,0.5601171389409002,0.5599998560213141,276761.6459555823
2026-01-14,0.5601393167281037,0.5612914753150868,0.5601355718326715,0.5605917744637896,0.5605626563411915,232962.219827118
2026-01-15,0.5552479704449851,0.5549502951725465,0.5515904185413776,0.5549311340532208,0.5551378449621527,166297.2947816657
2026-01-16,0.5402565732822758,0.5413604255399428,0.5378439825179628,0.5406014308427275,0.5404275568850228,272576.9070343982
2026-01-19,0.5329094123887705,0.5346606995288871,0.5277744582248437,0.5322566159678617,0.5322562996830357,142657.2688340281
2026-01-20,0.5195433765670555,0.521044768011457,0.5193769043805353,0.5193968495831158,0.5194782364211429,166735.68865977597
2026-01-21,0.5235223268209566,0.5251642481843579,0.5187686197857463,0.5239610192736248,0.5238671452369157,570709.6932491668
2026-01-22,0.5069654284784528,0.5098030785209421,0.5055028212897625,0.5070860156126095,0.5069916190119098,193099.8377585316
2026-01-23,0.5277758891893418,0.533911009204752,0.52482725441364,0.5275844532258704,0.5277207030692889,213596.619870253
2026-01-26,0.5160493937255232,0.5183828597483969,0.5134233964067576,0.5169015649808787,0.5167636421017419,214857.6053456264
2026-01-27,0.5072400104324241,0.5076204970331807,0.5057580140901372,0.5075472777142633,0.5074939212260562,529690.7610542941
2026-01-28,0.5095406907572193,0.5113525108372333,0.5078058094780377,0.5100681832515046,0.5102121254026187,582468.1233482647
2026-01-29,0.5135554240266104,0.5181495483254387,0.5124545708313254,0.5139992115296831,0.5141161055013667,251970.34806705892
2026-01-30,0.5114768414044535,0.5131246220819146,0.5073428279408769,0.5109073843898856,0.5108868073937755,185690.1780822064
2026-02-02,0.5155455131328532,0.5189395364985965,0.5138393976639823,0.5161210922139504,0.5159950276480135,257775.46744727116
2026-02-03,0.548809669988571,0.5491876957064271,0.5468021106832275,0.5488555363519769,0.5489390500627468,158158.65584531723
2026-02-04,0.5572925022377332,0.5595239248331667,0.5566189342749945,0.5569267404337609,0.5568792866642759,328308.2559937607
2026-02-05,0.5497141314071173,0.552348942693522,0.5466209907485337,0.5498640834693109,0.5499935295772921,416144.77610970574
2026-02-06,0.5335373192154066,0.5368296325659883,0.5328815852314729,0.5344686994287033,0.5343996749619073,860139.1827948727
2026-02-09,0.5331452401863102,0.5374973672564862,0.5333630337641406,0.5337435859845927,0.5336139209700866,187285.46726433784
2026-02-10,0.5452735306239912,0.546116993645952,0.5450469433663981,0.5457508546978093,0.5458343340838661,372063.6052648542
2026-02-11,0.5430787048912314,0.5456557196362951,0.5421314187315768,0.5428690325794603,0.5426249084210001,458795.4148911876
2026-02-12,0.5643713129225635,0.5669332023983035,0.5654845687652954,0.5657343991599991,0.5657145683513088,541990.6189326652
2026-02-13,0.5753840947053735,0.5770798340952404,0.5673802468224253,0.5751101343943683,0.5750050447923359,164368.51289711124
2026-02-16,0.5589089094238533,0.5618113489211094,0.5579881348636285,0.5591268664994813,0.5593201185236355,158007.17049697562
2026-02-17,0.5407294740810886,0.5434327318793936,0.5373761116396435,0.5398191738811249,0.5394937819586346,235272.50541069676
2026-02-18,0.5619756118374625,0.5656135165529612,0.5616964423471218,0.5622731564966976,0.5622814787560968,200538.5310387021
2026-02-19,0.5512693497178536,0.5560602807412482,0.5490787533587633,0.5519968432627194,0.5520970055968492,318902.7649225108
2026-02-20,0.5562268279972449,0.5576588313818531,0.5562782506341138,0.557273370783859,0.5573414165826538,182010.1658804401
2026-02-23,0.5309803046497549,0.5332727553295319,0.5298495536156607,0.5313662751331726,0.5312413385107376,498028.4468796084
2026-02-24,0.536108646592173,0.540456354335646,0.5310202504986018,0.5360762284465556,0.5359733456358958,370807.7277896161
2026-02-25,0.5683881617561531,0.5734497989837699,0.5684665471568283,0.5692742676769325,0.569518406906226,380638.3575363003
2026-02-26,0.5899620564340156,0.5935746417568026,0.5873455952541587,0.5897252954868151,0.5896704637842105,466101.3706036179
2026-02-27,0.5596559531348912,0.5597123630839208,0.5579544721408131,0.5596947063281781,0.5595358072883245,385468.4143255561
2026-03-02,0.5735281667442076,0.5743946964731711,0.5726195928434139,0.5739988463654624,0.5739563617641092,183126.68164273055
2026-03-03,0.5836405382445192,0.5872981136035801,0.5807777361472762,0.5835050638336089,0.5836468930191967,280230.1049283348
2026-03-04,0.6022660039906457,0.6047683865812996,0.5993667971737628,0.6032582873149863,0.6032996787364139,128445.15977320212
2026-03-05,0.6349530866028339,0.6391032800769478,0.6338045796343074,0.6359468522789902,0.6358471332177245,154467.43982903086
2026-03-06,0.6103602341713643,0.6148441231874562,0.6071795183111844,0.610822786402571,0.6105716995074181,396829.6470893137
2026-03-09,0.6064866395347114,0.6078210232540561,0.605392320906629,0.607719668978857,0.6075915197781727,476214.5636236348
2026-03-10,0.605972477259985,0.6080767094119485,0.6057354508589328,0.6061891307787671,0.6059337867791842,225906.6472698197
2026-03-11,0.6036255679271032,0.6059707526230538,0.6004198360236991,0.6027750767517919,0.60286140931062,375513.573015433
2026-03-12,0.6093230055599137,0.6126336223717014,0.6055957422188885,0.609662660198269,0.6095676816359696,417048.7965153351
2026-03-13,0.6360220410220263,0.6377585868843295,0.631615191362279,0.6363451071428857,0.6364149597176719,917970.9080174008
2026-03-16,0.6223045880998535,0.6232415459325478,0.6206301146436083,0.6221065484310341,0.6222676625386032,327714.3215705361
2026-03-17,0.6305520716228756,0.634266924643802,0.6271560109257854,0.6303530080477528,0.6303530080477528,466761.0869809344
2026-03-18,0.6403328169601198,0.6418926810901621,0.6383841138961331,0.6396476094411161,0.6396030953537154,230604.358696468
2026-03-19,0.6410616018146282,0.6415913700182002,0.6410147993103457,0.6414942828152346,0.6416228374850926,219651.03309577436
2026-03-20,0.658976901884314,0.6651781885333454,0.6583441945881837,0.6594770316275946,0.6591749251921215,289045.22327976004
2026-03-23,0.6493265476459938,0.6542546098432449,0.6457336971274797,0.6493006410700825,0.6491314377547323,727583.8604670714
2026-03-24,0.6882754781171793,0.6907988747223616,0.6864005483115676,0.687617498142501,0.6873454824990188,136481.95918718682
2026-03-25,0.7215674711499963,0.7214632046086357,0.7180975494213249,0.7213024572398172,0.7213959841049072,157250.3795538924
2026-03-26,0.742876742760344,0.745015292955667,0.7402444047205109,0.7439922338916138,0.7441400097599865,214089.0363099752
2026-03-27,0.7384181548535399,0.739050215330692,0.7374433480132506,0.7379976107611027,0.7379557287648284,99566.9247424836
2026-03-30,0.7265680512440968,0.7297552902779587,0.7253803989989736,0.7267564555943677,0.7266583748372045,693182.8169158145
2026-03-31,0.7151965020408545,0.716529851668073,0.7129882034623707,0.7159587787642516,0.7157381296564393,124541.17511474314
2026-04-01,0.6892731729582525,0.6913060164510045,0.6901611271020467,0.6903032114313681,0.6902037186025398,254183.05085953115
2026-04-02,0.6907910103808387,0.6930637794758404,0.684551124490168,0.6909378495411566,0.6908991221274549,174026.1152014921
2026-04-03,0.7356251000400839,0.7365171747457531,0.7296734805713331,0.7353066821438127,0.7353814114972684,122652.52505243088
2026-04-06,0.7507259457870892,0.7531729752114933,0.7458305074084832,0.7518447113955697,0.7518956936329478,161948.27106492865
2026-04-07,0.7354968898863362,0.7408219688287173,0.7329754496063873,0.7350580033828803,0.7350895665739551,178609.41413880794
2026-04-08,0.7066501883669131,0.7097916362524187,0.7012880019094635,0.707083664609613,0.707285759818673,297567.4700421239
2026-04-09,0.6900896564552071,0.6956395436964804,0.6835635006617875,0.6911831535361606,0.6909196725409912,130808.70764300818
2026-04-10,0.706329444354156,0.7087443299312001,0.7004424052925071,0.7067123288824755,0.7068191895224959,222372.17596628805
2026-04-13,0.7187332438309663,0.7227919185771803,0.714624409007414,0.7177949477157116,0.7177625221094421,53591.3140945097
2026-04-14,0.7266283911913671,0.7302534557185445,0.7256814627024182,0.7272671639140038,0.7272671639140038,458045.5488785839
2026-04-15,0.7317788727673675,0.7341977979268522,0.7302596010708107,0.7314035333672648,0.7314285660801814,1504111.6016779493
2026-04-16,0.7122495648368974,0.7140068911866677,0.7056217943326601,0.7120162853458489,0.7121145397554054,77570.11912054995
2026-04-17,0.7218964800070392,0.7228870824083322,0.7187290926232199,0.7227592909181372,0.72258534797207,105900.27072269404
2026-04-20,0.746691143087958,0.7461319891556684,0.7435374015918045,0.7456697734330029,0.7458918695392571,348255.4295164721
2026-04-21,0.7608110035175193,0.7628984794338783,0.7574198277732207,0.7616096757113346,0.7613888557321545,127088.17542860484
2026-04-22,0.8190295438821837,0.8243319989328936,0.8160788000125115,0.8176227721543153,0.8179657722345018,288398.54458888504
2026-04-23,0.8258607863518885,0.825823682934068,0.8197426938130797,0.8247659868711481,0.8247942184526824,237795.9999162106
2026-04-24,0.8839497059459194,0.8839505192034792,0.8814277090476729,0.8835968709108438,0.8832725022896293,339407.1151261722
2026-04-27,0.8635636787717516,0.867696581433912,0.8557480142652002,0.8641446564983739,0.864138794434036,309673.5276507169
2026-04-28,0.8755445161251897,0.878713396176002,0.8626504108236035,0.8751281828975568,0.8751545024669521,199267.63191059927
2026-04-29,0.8025519701173817,0.8035932648018572,0.8012889783862467,0.8019913461406473,0.8019126504530582,344232.0455173508
2026-04-30,0.773113718969428,0.7727757357445353,0.7663609384199884,0.7724795007298699,0.7723662524678765,352128.69241613173
2026-05-01,0.7883925583222537,0.7924333930763807,0.7854321245081113,0.7880686309962027,0.788213760148719,117311.75884669182
2026-05-04,0.7979389265706596,0.798075587820135,0.7978503449521296,0.7979900288947595,0.7977394426380715,270961.99750694155
2026-05-05,0.7918092432640621,0.7979859257222467,0.7901351699647601,0.7930470892548861,0.7931684785325093,412066.55075965263
2026-05-06,0.7929094150943891,0.7950893363917028,0.7891938109204917,0.7923309482160742,0.7922804055319561,979909.1008383397
2026-05-07,0.8085929926721057,0.8080058017094257,0.8059678406646834,0.8079050762395774,0.8078573859789383,81603.82634625552
2026-05-08,0.8215971971564991,0.8266325601927653,0.8181414060742327,0.8220698314303377,0.8221766737612751,518069.75661513006
2026-05-11,0.781982435969864,0.7880198026014118,0.7776066171868087,0.7813191955495277,0.7811186491643799,307277.6539619836
2026-05-12,0.7817803451922004,0.7824642206051126,0.7781785516503075,0.7818652947729584,0.7816580154841671,417702.9462941978
2026-05-13,0.7759817232336879,0.779769195114541,0.7760199575959003,0.776141133916338,0.776217368778234,240959.0986280134
2026-05-14,0.7998125761163203,0.8069374488290231,0.7924903665836565,0.7990988152186163,0.7992777403593093,397293.33571480593
2026-05-15,0.8080272752093969,0.8123303189702085,0.8073434576959664,0.8093958420415616,0.809450738711942,120663.05895836158
2026-05-18,0.8098068224967488,0.8104262003270192,0.7980836072829222,0.8088549048488545,0.8087336726820358,212029.98725588853
2026-05-19,0.7774130661445516,0.778672861524364,0.7736583693378591,0.7765016464069605,0.7763817412163947,246155.3208615574
2026-05-20,0.7830379606803161,0.7836716118169184,0.7792858761386213,0.7828795914325021,0.7829742217923642,257807.02487110533
2026-05-21,0.7641847021618691,0.7694794863447455,0.7620044702982002,0.7651873996915548,0.7652298296641331,351757.2664668248
2026-05-22,0.7727512561688389,0.7743131620592165,0.7699086124371571,0.7718557252899924,0.7718914341315609,141798.9134307685
2026-05-25,0.7355956723743322,0.7391612691757299,0.731747449770874,0.7368440752018786,0.7370634675996823,591156.396054047
2026-05-26,0.7405054998378596,0.7436637325978379,0.7361254081645031,0.7402332464426575,0.7400942817528919,154113.10743132996
2026-05-27,0.7342628963596278,0.7352381862598578,0.7316787441968878,0.7348695598098773,0.734689176932764,378898.9843987243
2026-05-28,0.7510344299702199,0.7563115944816047,0.749290834260935,0.7515378728950974,0.7512976780017766,359748.962349873
2026-05-29,0.7144609956007145,0.716175132369792,0.710412083276118,0.7141821148941365,0.714030790476157,1018328.2928404928
