date,open,high,low,close,adjusted_close,volume
2020-01-02,13.30926148301373,13.359123387938894,13.275828568365387,13.30071071845733,13.300260868046465,321888.6968374078
2020-01-03,13.909894810243935,13.910668014666356,13.905572061215029,13.908269147210056,13.907339956554267,285175.7181716037
2020-01-06,13.768993408302768,13.83450568250373,13.764411849993207,13.774956437271404,13.773920531632182,428136.924570348
2020-01-07,14.021512362209709,14.064352176202467,14.019903818637976,14.03975898884007,14.035068501497898,1208182.6850087172
2020-01-08,14.344694588823748,14.388460031443538,14.29063165976689,14.351753439748466,14.352639053538942,143024.1235408203
2020-01-09,14.406326003567722,14.442618149833317,14.394990788506291,14.403779662787548,14.394915661057976,539520.6852398348
2020-01-10,14.302524896343384,14.33091383970335,14.23383199507261,14.307869461499294,14.310592371339014,181769.86762076904
2020-01-13,14.010411693502649,14.188136703794504,13.975196448649998,14.012589555483592,14.012563027419628,498933.581578418
2020-01-14,13.970773928719332,13.959100215985783,13.866363856419168,13.95575074137605,13.956893389948588,487489.1344641944
2020-01-15,14.003892794320098,14.097741502000908,13.919163233952911,13.9919397273806,13.990533712877454,137574.2652557087
2020-01-16,14.007974462004636,14.01862961290599,13.998519367894769,14.00699710598786,14.007615473994818,395714.0140158721
2020-01-17,13.944230144255952,14.005215217763226,13.938760664629132,13.945109161279367,13.950961901815909,116475.97204054994
2020-01-20,14.537271812678386,14.615704359980649,14.465509397632925,14.52962666982463,14.531719252296297,451152.8765725894
2020-01-21,14.689991182407033,14.81059745053875,14.63842575982601,14.695009260312505,14.701808795733632,300899.17356902943
2020-01-22,15.092710593235031,15.187286929443932,15.071006350468029,15.082304375405531,15.086586219142582,218298.3390065092
2020-01-23,15.005794057698404,15.029508009953387,14.96154306584911,15.01663231312484,15.016191400757346,603370.2665930776
2020-01-24,14.856520330283196,14.865603328988628,14.838602673288053,14.843702575004455,14.852690824335143,509768.5666627872
2020-01-27,14.592231509098056,14.617960027350534,14.517380904858594,14.578065904782097,14.578983104871664,321677.31296203175
2020-01-28,13.769835805165442,13.838920634785827,13.779441961486228,13.785727636015997,13.781771595041487,204899.58548089047
2020-01-29,13.623529449312828,13.632590342123072,13.564341609005458,13.626654044378803,13.623376983544402,355189.72361636814
2020-01-30,13.907666599791169,13.925795323931348,13.84622313718914,13.911317358862409,13.91280143901698,462797.9136824251
2020-01-31,14.121715006259237,14.149680142352103,14.130154904239864,14.139592910638184,14.140868853625186,511151.298383608
2020-02-03,13.900660452297782,13.927644681843391,13.858193170832411,13.90055246837807,13.903072116960187,250928.84513985677
2020-02-04,13.545392429328125,13.57846419189641,13.489003885463196,13.566557500165649,13.570584708788514,234787.98644721205
2020-02-05,13.16209390621836,13.173080900686347,13.138421104012687,13.16507733262292,13.15829081453887,174325.42964208254
2020-02-06,12.938381166797615,12.97407823935194,12.82778197004993,12.959157884424746,12.960765429477291,285239.37391167507
2020-02-07,12.91992761944615,12.978722529773467,12.87790511721405,12.9281422312947,12.924236515529484,372621.1195406953
2020-02-10,13.059813864129312,13.065314109216017,12.943335472760076,13.050163264453111,13.04355927001168,444576.6927160046
2020-02-11,12.91407643228372,13.033017060159365,12.815688527456595,12.898776817525748,12.903591592369146,571184.4703587489
2020-02-12,13.408530432572036,13.455470411735416,13.28864217661072,13.427365861960778,13.4255346235213,372027.0212179824
2020-02-13,13.10658572208171,13.144383495359486,13.049937795854728,13.110498766025485,13.111286025353325,0.0
2020-02-14,13.332980257657765,13.36035782519492,13.287372793600564,13.322094024016224,13.328319461600282,520443.47447956936
2020-02-17,13.238123028729792,13.282484209227247,13.218916361517518,13.255648875994073,13.263897703698786,93670.6182684975
2020-02-18,13.552121848173048,13.569540760953249,13.550781117108748,13.56454525507992,13.561148468818576,521771.5818514175
2020-02-19,13.233007222393551,13.394882881197278,13.18905939866976,13.235702626679435,13.23181834852184,210517.88779713065
2020-02-20,13.227869394295109,13.306352672388316,13.133842815328522,13.247388253120889,13.24649659232085,157194.99648901395
2020-02-21,13.244941853565813,13.273546464577633,13.218724008669534,13.23804971588023,13.236972733677613,239841.64021013008
2020-02-24,13.08180108319459,13.167366865638586,13.013271492511157,13.09848609595439,13.100013511687251,295448.68126040994
2020-02-25,12.937557034321364,13.042369964621356,12.878583428557798,12.951190899510651,12.95200925473595,104095.72598760694
2020-02-26,13.470964956067863,13.534391380498205,13.48533359035478,13.502487821229456,13.501232970629806,278640.4323733378
2020-02-27,14.072216905545767,14.078057963909218,13.984610749504576,14.066256086306955,14.064514714220795,241743.5270470018
2020-02-28,14.163139139375469,14.2033358687329,14.053560834851304,14.178667636712651,14.177255661346104,518755.695454108
2020-03-02,14.2424058010924,14.382215153686865,14.132795847830206,14.269601670469212,14.270712437324692,473122.6891099935
2020-03-03,14.15234654332746,14.1855439695166,14.129025561372742,14.133668707550193,14.133890461452287,1064599.8107960718
2020-03-04,14.414004595915042,14.428641253363004,14.307512933542808,14.391736282007743,14.395420293439235,503267.1419855307
2020-03-05,14.32624404255758,14.349348867094536,14.319698903929655,14.348418983058274,14.35403280734938,375747.2255184979
2020-03-06,14.414820507060814,14.493342587727824,14.37485901437914,14.416101580994209,14.41590702019837,432255.7353587687
2020-03-09,13.86594699595034,13.879850775316417,13.79875294076182,13.843551368657504,13.842796872140388,221387.53843563405
2020-03-10,13.46274048430127,13.50524722075625,13.426980046217576,13.459593572203817,13.455820800956252,121516.87377428864
2020-03-11,13.65306308426985,13.66701631171502,13.503894285826116,13.646939721769144,13.648283041141257,664667.8923112529
2020-03-12,13.255999938679103,13.329743271420142,13.235250920325594,13.25920712019702,13.260965271379195,390388.7746755033
2020-03-13,13.056435684188855,13.118404808176283,13.044894863412056,13.081456060027431,13.075919405264774,182097.76813504525
2020-03-16,13.071553835526611,13.159836354885131,12.917593534723215,13.079121821616411,13.082844114329728,156589.9639874382
2020-03-17,12.921419864635432,12.928923735642018,12.830592629638785,12.9123111791851,12.912269110313224,143900.16566751883
2020-03-18,12.836602120196527,12.910069530595257,12.805139445077334,12.821288931560291,12.814922835435674,526647.4405551216
2020-03-19,12.522432012036242,12.588823324686253,12.526767136585692,12.541461341697264,12.544270235553332,375805.7731566449
2020-03-20,12.468524505617198,12.499467554390115,12.384841100710632,12.454595852922315,12.45711806145816,475398.8430147852
2020-03-23,12.602281739179126,12.629392355055275,12.567772218281856,12.603054854026604,12.600653956027193,319391.7885113456
2020-03-24,12.381651408857262,12.39883611631566,12.249022961496744,12.373011581110534,12.379525139547416,509706.6048698359
2020-03-25,12.78853733316118,12.82428841679576,12.76780159167368,12.784032205682992,12.781986408981188,261294.08162522805
2020-03-26,12.456392122499594,12.510178575448126,12.39889853354383,12.454411846547426,12.450645420936183,415568.8661709009
2020-03-27,12.222729756286975,12.27013931661623,12.199501241024567,12.224660011099086,12.22546967212834,186625.55011574976
2020-03-30,12.01967688458389,12.049392344171393,11.99297329288545,12.01412037640828,12.0159092285286,215199.7196458316
2020-03-31,11.59485884054627,11.686581262595183,11.587674786680775,11.602740313606215,11.60563800729313,163889.95891584002
2020-04-01,11.834172572439174,11.875202227439086,11.750595457872937,11.86600911518069,11.861918496642998,291496.8769192247
2020-04-02,11.91390160109066,11.927081850514188,11.91210115832846,11.918487651078935,11.918487651078935,164443.39269756927
2020-04-03,12.218888462747117,12.219311515596717,12.18505622137069,12.210348028383166,12.207713932060908,1040419.1650588316
2020-04-06,12.199840871089824,12.231393857277242,12.114423964924969,12.189516362838113,12.185482270477298,561818.2173854605
2020-04-07,11.972776631461857,12.02886970079074,11.965777085969558,11.982068021096206,11.983296894679018,310835.7846271988
2020-04-08,12.44930279980608,12.490507625793372,12.432450714413294,12.452134132801945,12.448254496270057,223109.0081345496
2020-04-09,12.367603663612368,12.451679654623945,12.343523440938707,12.38090017039896,12.381675011463807,613576.0082128254
2020-04-10,12.14147269006404,12.179137606111054,12.0745988945905,12.153240461319688,12.15068537534213,46902.72929104416
2020-04-13,12.201793832797792,12.238325967437747,12.13925381272509,12.189113604581474,12.19493576831833,671160.0978667631
2020-04-14,12.320689861695728,12.366066950635773,12.310456121008036,12.320476696292348,12.320750081294678,116914.16706671807
2020-04-15,12.146107671712388,12.159830862106764,12.128717827298791,12.130696480692386,12.135671370709863,322966.25982367777
2020-04-16,12.625268829370537,12.661429406868672,12.557288569029147,12.61556465355656,12.61350782557655,239756.06028043668
2020-04-17,12.638972764933836,12.732991738892013,12.610877277681071,12.61423254366082,12.616603526811044,423204.2115408173
2020-04-20,13.076552704872483,13.12256982241111,12.906779374737516,13.058977755820369,13.054745960091203,147888.96936954735
2020-04-21,13.235859565090502,13.262012697771642,13.229031063906618,13.230256555170094,13.230619371833471,317313.47848227766
2020-04-22,13.10118593170732,13.153399353674212,13.080850611774084,13.113228798944805,13.1163064424111,363568.7316965625
2020-04-23,12.743690602946414,12.812900232931016,12.71254679794836,12.759360713456411,12.754754769187292,306706.11920432124
2020-04-24,13.396045206473696,13.48689596871639,13.320802531716472,13.405187838396293,13.406403176269103,414472.7007236533
2020-04-27,13.677041824333047,13.699427629476991,13.598092144279658,13.659083953995165,13.661440676433395,255187.46767301
2020-04-28,14.158125672430874,14.231492688860952,14.116035597672075,14.16333622095267,14.16144355750518,137927.2925345146
2020-04-29,14.19130772071922,14.264459895211884,14.124117478449689,14.198919350608035,14.198498028525174,126743.74580956624
2020-04-30,14.302222001802711,14.387923969918823,14.247553154091328,14.312173301572615,14.307075932554056,0.0
2020-05-01,14.036253296716994,14.085646999583169,14.046282740367577,14.046865247893866,14.045731107292651,91848.98985790263
2020-05-04,13.918945006623154,14.030663663124225,13.898839263393478,13.921930574756288,13.919762429410255,86939.03468651797
2020-05-05,13.45453880929592,13.526633138493832,13.402151846428229,13.452845966412738,13.451672757266683,1146183.279405495
2020-05-06,13.808472393216784,13.89897937121188,13.764326719139612,13.815182470441204,13.81589075518485,129657.1897493586
2020-05-07,13.580207056030131,13.617876363496476,13.48431646559604,13.595248432366246,13.597795040802712,104940.61934397984
2020-05-08,13.514675067083648,13.57890532272178,13.353186897939835,13.504458014929584,13.501196619974468,615326.9056870684
2020-05-11,13.52813570452831,13.56363416755596,13.457206668042517,13.542827416600366,13.541381801771657,308344.8154209353
2020-05-12,13.996966198927812,14.045900288947855,13.928160945765285,14.0083321169273,14.00297885970447,310034.83398397674
2020-05-13,14.268416933795038,14.304616177528214,14.27490645088614,14.281120077170351,14.281170715557325,243074.8098016269
2020-05-14,13.984805200656824,13.973026637380288,13.944656726118277,13.968788548406694,13.974521165771744,540814.9558534458
2020-05-15,13.947467333595103,13.961785815183784,13.86220981462434,13.936862319551093,13.937563600808154,163748.3285316163
2020-05-18,14.61270157864718,14.656027142459171,14.568302383863806,14.604277659813675,14.605185164772037,160237.06699938548
2020-05-19,14.042879083372677,14.181013584365877,13.930464835731252,14.043458291534073,14.04564197423271,603994.7408358414
2020-05-20,13.767031041794322,13.834251928098752,13.759648195194838,13.7709546432001,13.769407513025058,506053.8030082872
2020-05-21,13.835172234087231,13.878072491941683,13.765460230111016,13.832734329368703,13.832414923386894,99360.7607416234
2020-05-22,13.365938025727564,13.410709413860255,13.3177424869895,13.363621472082334,13.363634545944702,1271431.15780764
2020-05-25,13.37241597975922,13.462073738528831,13.280406186540274,13.382712752144895,13.38402689615486,265875.2150517465
2020-05-26,13.300363445924445,13.31979392828383,13.13163902988913,13.274967107354806,13.276195715747996,329253.1972965293
2020-05-27,13.463424341270768,13.509867131890422,13.4084255947013,13.437228140819554,13.436742706334307,354017.9427684949
2020-05-28,13.33677858499726,13.388558169117994,13.311582374450085,13.324941064474324,13.323167123905138,173249.23649813174
2020-05-29,13.288389904852677,13.329052441031934,13.258587057655973,13.277235698909118,13.276917117429178,134448.97823345638
2020-06-01,13.593050627037204,13.593903287737776,13.52868827775358,13.583636979962987,13.577637989516608,370094.543878964
2020-06-02,13.458608239284198,13.492211251906516,13.348529492354118,13.448888520564235,13.447730833519271,222518.1906555924
2020-06-03,14.012350792798204,14.052136582851317,13.850436308711386,14.00136606071372,14.001288159978962,585567.8494876821
2020-06-04,13.960826326571969,13.965319618410328,13.889576278467624,13.952141704787968,13.95113845203176,136350.2239203503
2020-06-05,14.104291386260993,14.11186279825625,14.06769792018222,14.07282506935824,14.076046114483066,428467.2321969752
2020-06-08,14.303288495548223,14.34890685925216,14.26834444831977,14.279752954797754,14.277262635122392,271948.11858716985
2020-06-09,14.03571456261682,14.125671403016842,13.981154139815626,14.036284743998626,14.031065995587278,167846.24672019618
2020-06-10,13.976848481996043,13.954705948223872,13.823975776438717,13.9366215893569,13.930278039482332,446597.66925977136
2020-06-11,14.077906793194272,14.215062136950566,14.040703292658606,14.078853059415165,14.084183347676358,520454.8002563427
2020-06-12,13.791530423534724,13.834302216659182,13.720154795573276,13.811347231986424,13.808609251042409,172367.25105784144
2020-06-15,13.931776949159248,14.053302695260363,13.916955489844527,13.93470943597071,13.930771926638238,219084.39163985828
2020-06-16,13.760007179779256,13.78161526033795,13.67291510540517,13.77431139974861,13.770616015709477,446575.12674134783
2020-06-17,14.05484858667129,14.063556303405337,14.036738131148317,14.053303747201811,14.049091371214418,583791.1062220375
2020-06-18,14.438229946608343,14.414007192105048,14.37367426385498,14.410122264595053,14.406563722470466,506342.37757074815
2020-06-19,14.346872522168026,14.394051953240224,14.322330787752495,14.350788517684816,14.351867053015804,137992.91086170232
2020-06-22,14.482125518019574,14.475075904228394,14.434677707460756,14.463379939268776,14.46704045408888,294215.20486846444
2020-06-23,14.54953791008873,14.71680572076256,14.508316510562889,14.561016336778543,14.56645897589317,215174.0935911962
2020-06-24,14.751353147952717,14.787518533648804,14.739144248149133,14.75951417190008,14.76083540953665,206560.4913087609
2020-06-25,14.722177964643263,14.82231600347747,14.6905469130606,14.735215032291991,14.734943527620947,137288.1398218073
2020-06-26,14.323612728263138,14.42786688928582,14.270266070690294,14.317323352610696,14.31606506072901,224195.4326621851
2020-06-29,14.749743099343243,14.737847885569272,14.734680074682416,14.735359085570291,14.73859045051408,899996.1067578308
2020-06-30,14.941434933163816,14.95806127382776,14.890687073244704,14.943745430856309,14.940636050654778,542782.0391325909
2020-07-01,15.32854596528457,15.42745862396062,15.3074938744257,15.328673159658626,15.329720157411048,233098.18351827917
2020-07-02,15.876407826508649,15.884858837925751,15.836990757311456,15.865466202708935,15.874659682475418,287331.30542832235
2020-07-03,16.164439926256925,16.20551753672647,16.172302640124126,16.182679342702045,16.186858285488448,166997.7996297764
2020-07-06,15.84356516422682,15.96090140917321,15.865003081723115,15.86683955037943,15.86258412096923,307537.35486172576
2020-07-07,16.217504306133886,16.26222024782884,16.17810362185637,16.22798644573276,16.23026924084997,192245.613015182
2020-07-08,16.458416708858234,16.491786691116648,16.4297286469422,16.45128812798568,16.441256025382494,662453.8694821271
2020-07-09,16.773747917823307,16.77179222732733,16.667788314946428,16.74876118286702,16.750469368757656,205767.8608430925
2020-07-10,16.23573342958943,16.249786839798826,16.208808121469595,16.222906809577506,16.220454157109067,167867.3667301918
2020-07-13,16.803190032154188,16.838966936917352,16.766931531740315,16.796155126321086,16.798203051680797,1366731.264680482
2020-07-14,17.009819218505193,17.122397578839472,16.871774470656806,16.990254206195825,16.98872086517667,228851.10858234705
2020-07-15,17.29335486880709,17.344258372680525,17.161021051082724,17.295465477321656,17.292871924581572,408598.2114533884
2020-07-16,17.177690258346775,17.22823059810727,17.00696677383385,17.16238248644219,17.15976869468784,138063.54514010454
2020-07-17,16.65418264451323,16.67897196247858,16.619767156657673,16.674741874106925,16.67313841443178,266360.1434454222
2020-07-20,16.365323726154095,16.410768571069845,16.35583774139798,16.375971141965447,16.369884626516033,168997.95135922282
2020-07-21,15.94086561245451,15.978498659805943,15.830900801321327,15.924516252198789,15.924111260752476,520457.7327616038
2020-07-22,15.721759294513758,15.824049359958757,15.712237028397444,15.740245901421511,15.734380403793583,99985.82737731971
2020-07-23,16.248719013134842,16.274066135988832,16.220126936790788,16.246516131437044,16.23933841229563,426907.8617171056
2020-07-24,16.701575098113647,16.746486334350276,16.610206722334027,16.728970217710586,16.72802422747532,111442.0225131438
2020-07-27,16.68358596013372,16.69449661518818,16.579508958374312,16.6905107346058,16.688526650340545,689355.8306684133
2020-07-28,16.35295332865231,16.4288428917768,16.342311193968253,16.368817911663346,16.372331478906897,274838.96565758134
2020-07-29,16.28870234586379,16.2938140887335,16.199330314020266,16.27879153421953,16.277103066888056,621351.7789215993
2020-07-30,16.26713253807052,16.323966707011117,16.265990721155884,16.281318819761218,16.281469603633315,327390.5255787933
2020-07-31,16.536310684499774,16.707065399422987,16.521262195194364,16.551516581028544,16.553512427963437,217143.99743167512
2020-08-03,16.67943948808133,16.727424776309515,16.614296263387978,16.71274156687251,16.706497555754478,72459.28716989742
2020-08-04,16.603856626364415,16.722721544368422,16.558628645612128,16.628198314836865,16.623841329014528,140829.9820441686
2020-08-05,17.11778052150302,17.197474686522153,17.105452702952256,17.124458967286667,17.1216684491182,201889.154072226
2020-08-06,17.81045951476585,17.858013318137974,17.729323363168472,17.81842843905297,17.818409079861535,179206.9658374699
2020-08-07,17.57108157263093,17.59244602769085,17.554152431812145,17.571813297554094,17.573600975017275,69053.29233140215
2020-08-10,17.84704813963148,17.938154953532177,17.70420008557253,17.84272302549835,17.84073362638938,216145.1652915536
2020-08-11,18.122171677139328,18.11940059394541,17.97960974947932,18.11263145130578,18.11500900466459,619634.4138501948
2020-08-12,17.68661393404829,17.70706688290195,17.696086697767157,17.70416251930638,17.700408229906692,0.0
2020-08-13,17.921892175237033,17.991632024196573,17.913948775810212,17.93784361520963,17.937672046453564,538623.3127007507
2020-08-14,18.31593943790746,18.35556797192213,18.093875549281165,18.309122247518587,18.300177216088866,343192.078989164
2020-08-17,18.624439677429518,18.721063071443137,18.63696511581381,18.648589940268643,18.647820508093684,823168.088755986
2020-08-18,18.64029605069126,18.719988153623547,18.50317781749328,18.63477360585128,18.636306135798776,158214.15211835608
2020-08-19,18.94731589131742,19.04090607712142,18.788836994463857,18.91656362907341,18.92082879889689,264186.65989839885
2020-08-20,18.75709010114922,18.759658586313265,18.72723257439111,18.757967936546443,18.75705777086854,269182.89230322075
2020-08-21,18.994355498646268,19.05002772499665,18.92839920754618,19.031941680703135,19.03288702301855,223287.29760364708
2020-08-24,19.38364845342396,19.428735421609375,19.31788344327107,19.411167338497812,19.40763534371638,406271.9967371395
2020-08-25,19.516996528421675,19.54347744474221,19.51456548413577,19.5319600071966,19.5302504003263,114272.071107407
2020-08-26,18.7592119973054,18.876044041462983,18.739520371035688,18.753734430551777,18.757908220448773,261919.08830791185
2020-08-27,18.92959399008574,18.930538863170067,18.835317769397825,18.90109779920797,18.90591441195247,314710.9006868121
2020-08-28,18.671337415026784,18.734009012743517,18.655764383912604,18.65942057902649,18.65932761585739,221941.4912780539
2020-08-31,19.500229586100502,19.62098373607343,19.440305766405103,19.50478930621114,19.500331509718904,298837.3428107836
2020-09-01,19.45944694673004,19.613487126718333,19.318894980583085,19.45361971585697,19.44522143458417,218161.56276338876
2020-09-02,19.05649128906048,19.064949380259407,19.006991866406388,19.059188639263198,19.055380253225536,307878.5730151731
2020-09-03,18.4843005732692,18.61207499105347,18.377392875321803,18.498330734614942,18.49889084818818,441311.8277424943
2020-09-04,19.01691172781476,19.153410192929147,18.812841364091323,18.988288782935243,18.98666210794712,134587.459790861
2020-09-07,19.61707145709068,19.711598237528705,19.509619262401525,19.608334121136533,19.605321047393385,351790.2519664669
2020-09-08,19.02067541856425,19.180510964112383,18.978264826475773,19.034543693858748,19.034460877622188,246377.27852978616
2020-09-09,20.200232262273435,20.32646029359228,19.972326075860337,20.19011683659488,20.19669322113108,237305.69668262263
2020-09-10,20.10282338629844,20.15788924475093,19.928803908984413,20.085402318945285,20.07890910474444,199012.50656950643
2020-09-11,20.74212969517596,20.86373301280403,20.61506591814376,20.74618294403304,20.74173294412567,526368.5357797028
2020-09-14,21.019831062766656,21.1034836667897,20.915654170159204,21.00475086015556,21.006366929707774,990707.404137349
2020-09-15,21.1251012348222,21.23012931678269,21.14237913633364,21.15532859887837,21.155778846630973,268908.8242661238
2020-09-16,21.28468366924568,21.50758644806989,21.163425247333542,21.297717373680165,21.298179013266044,601186.9235119004
2020-09-17,21.06355024171979,21.101367822747516,21.070565782871807,21.073280960859023,21.071531758804653,160230.5595417744
2020-09-18,21.45491730303084,21.545397799598128,21.324741307259625,21.419190033778012,21.42089315603418,189063.99283405952
2020-09-21,20.55146887542738,20.606932354938795,20.475111358826304,20.57685628964856,20.57541733205155,68096.47794471821
2020-09-22,20.161480969904083,20.14410274014238,20.066567016370065,20.12578918440605,20.1216322944253,877256.19360306
2020-09-23,19.33993218811308,19.36526987393891,19.300637380773363,19.35841947577265,19.356218904088436,194518.09271109191
2020-09-24,19.390250130152754,19.53485001643883,19.31987662323373,19.380058877687787,19.379114398186594,439080.2622056247
2020-09-25,19.497335025633284,19.547659434374637,19.413670135855,19.50112581104128,19.50950210209461,212854.64437279096
2020-09-28,19.43575111731033,19.452719825714777,19.24787541403942,19.419815600091344,19.41682007038673,271821.9178322646
2020-09-29,20.056045758781323,20.08661288383213,20.03204877148133,20.04597846011671,20.051125220431587,78354.06982743736
2020-09-30,20.601111307113428,20.59844981370667,20.533050031242947,20.59451764674564,20.592708249845213,284035.5377404576
2020-10-01,20.61037034300679,20.74147953249166,20.584501644078948,20.62246921748628,20.61645958765372,242649.75897220423
2020-10-02,21.225598408308088,21.229781149554764,21.112843229774864,21.220074868627123,21.219904313367763,535069.8041557403
2020-10-05,21.384342833726144,21.441463762453196,21.32639530974574,21.388464064480257,21.387453673522483,409174.8777600053
2020-10-06,21.0300312223131,21.21098668904498,20.97279500018905,21.04898369113508,21.047870143751865,492999.08664874494
2020-10-07,20.951622416091563,20.981346747289667,20.95525379439125,20.95796069086324,20.95787365795536,320290.8453759433
2020-10-08,21.073611762179777,21.105149454578456,20.97345008963905,21.07844514013894,21.07714354154131,981455.2457833457
2020-10-09,21.45494630433432,21.620386462410774,21.45812888402895,21.46201950730533,21.474765176936085,388799.4297090917
2020-10-12,22.04340195858607,22.17209554618866,22.000360094544707,22.0429771993754,22.042356395948666,138817.60094350047
2020-10-13,20.900575331682003,20.90868421730737,20.882788443065746,20.88348367975668,20.88454726357353,232214.2232442749
2020-10-14,21.874126526582664,22.02654884912471,21.88344302034719,21.89583492887108,21.89659727955215,183361.6716007836
2020-10-15,21.787723008060524,21.90251292972416,21.72268651586632,21.79814459689441,21.80238564902042,207481.32172282663
2020-10-16,22.090567498469152,22.12619619305784,21.915460453308864,22.081686749674542,22.084207563949533,184796.75792045277
2020-10-19,21.83539361015717,21.918537590181955,21.86457954623072,21.87035533687601,21.871961007853024,90964.33711592657
2020-10-20,22.31520770889447,22.538906588540183,22.154807588779505,22.304435523097982,22.30099967957628,152906.0241120361
2020-10-21,20.53470858551365,20.550555034297293,20.44676411966473,20.533699005793668,20.53408925821319,187864.9635491481
2020-10-22,20.551956769590507,20.69564239173036,20.48186820338348,20.54427909669579,20.543847058656947,276042.1476990345
2020-10-23,21.180846596670285,21.252120254697456,21.00570492364179,21.180453457696245,21.186267603123305,149054.47019515783
2020-10-26,21.285273912954324,21.49125280003178,21.273541983837895,21.318961382127107,21.32300978195784,245783.92227770123
2020-10-27,21.29426019191589,21.28898802763952,21.193527386484565,21.276661173035727,21.276140320826315,515622.6166671481
2020-10-28,21.010506275157205,21.13309504601192,20.96928756581833,21.008413830782263,21.013690081556376,425609.197891014
2020-10-29,21.163751302770528,21.33437635216125,21.06888534569373,21.16471635431164,21.16435626515297,211756.75157422625
2020-10-30,20.6247228913746,20.89304479277765,20.544876544468806,20.64225563332462,20.63653308091168,182322.22217519343
2020-11-02,20.43883447347944,20.476530533270083,20.249893020736824,20.435388317611405,20.43852545012311,434708.2626831112
2020-11-03,20.506638425638588,20.551269680536542,20.46903740258643,20.53049516167811,20.53377006369253,378176.327388265
2020-11-04,19.58125509239184,19.63755893471703,19.339645703967744,19.55215064230141,19.543682030140896,132493.70852232017
2020-11-05,19.92748790397001,20.04172140243877,19.81657914015924,19.899558741200902,19.90363020710266,170544.50122501055
2020-11-06,20.34175507926345,20.42657884868892,20.289524745283043,20.34451070808324,20.347677002837496,236119.93161790085
2020-11-09,20.38133201001985,20.386371504425902,20.304549068052285,20.334080685212545,20.32784703177443,434206.0634342202
2020-11-10,20.527495147925165,20.67702028624206,20.460997929464643,20.52462982691153,20.53356935340136,359556.4261369899
2020-11-11,21.33699448919396,21.339278390260688,21.26325986686894,21.29480899178612,21.29570906529899,270204.15769080806
2020-11-12,21.9908069629542,22.04117608765439,22.012790260732096,22.027548264079343,22.026129240675687,751192.4442864866
2020-11-13,21.82944573703901,21.93694359995744,21.865946424333053,21.88048371964864,21.876487257265943,311706.72230337246
2020-11-16,21.12810045950873,21.227925883217765,21.104333195056256,21.1227658393069,21.1271500846795,192443.3823948263
2020-11-17,20.84504634801657,20.8557010204914,20.725783784498883,20.840668914853502,20.83765217741826,310167.27527055854
2020-11-18,20.69754769353209,20.74983779237347,20.556761868438443,20.677987340349063,20.68288674885096,448611.31940376846
2020-11-19,20.784519235242545,20.930914932973376,20.742970604422112,20.824694182485,20.829659965237607,77044.0867214821
2020-11-20,21.368176265381205,21.36916713115188,21.25900872910733,21.368250509380463,21.382700534393894,806202.1552072186
2020-11-23,20.98920061135678,21.047975104007257,20.818912551067022,20.97602127569016,20.972567047639355,484576.8225898118
2020-11-24,20.85937312063555,20.993395035521413,20.83827964851555,20.84356442688273,20.83404813632394,325940.5432424242
2020-11-25,20.436762285399197,20.568917970046517,20.41570698664719,20.41688166990349,20.40505655610959,508627.3003675999
2020-11-26,20.62333671647012,20.76144380994177,20.613695490946977,20.63711838653376,20.6436737755174,524877.4966033541
2020-11-27,20.02162064776288,20.08161615299697,19.99759817740996,20.03334386755869,20.028277486226912,89710.42846565429
2020-11-30,19.60794506636971,19.670559558215203,19.59957808048669,19.611471175950268,19.613211787813277,534023.0958374466
2020-12-01,19.68963401956952,19.74283408935579,19.58689052972105,19.6919738384926,19.684902267752967,358804.53815294086
2020-12-02,19.77514413884377,20.003478290433,19.68035033372029,19.776586725560623,19.773732471781805,52598.25342256849
2020-12-03,20.095919530973937,20.114251206705788,20.002539099843148,20.094133223251617,20.08441605257324,137610.41251413643
2020-12-04,20.2093307263882,20.27221553442051,20.157800808885685,20.19320087761181,20.193323119477228,181105.0984224805
2020-12-07,20.36647174943953,20.46220492173157,20.369507000197977,20.381869137502,20.385961573830738,528487.4103568238
2020-12-08,21.1986063787207,21.28343448747294,21.119144508306828,21.19279200673339,21.195421073667703,267809.3058091126
2020-12-09,21.23337205678348,21.29473664183664,21.086906949924508,21.178280320315007,21.176248772248567,564180.0504921767
2020-12-10,20.951607813536512,20.98825689822731,20.806978475379925,20.942567919385315,20.93634685953452,343697.1149984568
2020-12-11,20.853648238934262,21.00528636616768,20.793023724766822,20.84105194681903,20.83963068610452,362494.8638815391
2020-12-14,21.321130066559697,21.353002962272075,21.22976892814433,21.339893683934253,21.33940932332902,191857.14686592924
2020-12-15,21.89413105635472,21.902425926156383,21.61453215380164,21.857233767413657,21.85721518589493,272463.4323424797
2020-12-16,22.965724404667867,23.07599496557104,22.90049731173241,22.95871416506068,22.95765883981048,1213848.6906601426
2020-12-17,22.494144929188803,22.5309290810131,22.37099033527566,22.47766991259219,22.487693949012318,393790.20817633136
2020-12-18,22.62757270285209,22.64589796503474,22.55230449295981,22.58753721003487,22.58270743025097,287369.8701083026
2020-12-21,22.56195400226482,22.5702371656747,22.54324653594765,22.55960694105613,22.557855957435716,770458.1949698478
2020-12-22,23.06859882268247,23.144473306961185,22.90773988457283,23.062489183554405,23.06807338069545,524675.8429026802
2020-12-23,22.277350257540064,22.38796202830338,22.24959918532909,22.29453256491853,22.28672551380747,316396.3261808644
2020-12-24,21.42636145788709,21.519303593678,21.223207820674837,21.43715355388452,21.42133928803117,319307.4456970414
2020-12-25,21.810466199256265,21.86174551248495,21.587376733989174,21.816471545839654,21.827206482502813,333003.77447737666
2020-12-28,21.20452143695262,21.321760853710003,21.08191869329136,21.186203511905152,21.19804983227234,264586.6785246625
2020-12-29,20.93143280169244,20.95593336002033,20.86620424618856,20.930261206050798,20.93904558684576,90111.72039004692
2020-12-30,20.071227003957443,20.21930997684424,19.95640733925672,20.055942067129145,20.05655835950948,167144.74937123834
2020-12-31,19.787154941892894,19.841151603359048,19.737447945294875,19.80454481985843,19.805013524817863,549453.5194605713
2021-01-01,19.825648761887575,19.832783561004188,19.71937756827454,19.82358688814404,19.82206067767384,488589.0084802009
2021-01-04,19.483242123311463,19.50646735318984,19.43275532355292,19.47484088885493,19.47255547093792,138042.03609208076
2021-01-05,19.231270859655744,19.26616184010101,19.15991232280224,19.22253754951833,19.23287619181438,231525.4578871276
2021-01-06,18.467969988178552,18.51936526443647,18.40464653278262,18.47018096580054,18.48013335932591,222999.08854576512
2021-01-07,18.16798755486308,18.20335694951328,18.08030718853742,18.164035166455477,18.16511624626218,186509.02571678392
2021-01-08,17.87627514892744,17.937199385149952,17.85852537488014,17.906619463074108,17.915470582572215,402790.9137214089
2021-01-11,17.010218324351406,17.032017174488818,16.906995211846958,16.998025803142,16.99250619075385,277502.3185480641
2021-01-12,16.656599201573492,16.780033551501763,16.630428847292794,16.693453162427037,16.702916670000334,1019750.3933825154
2021-01-13,16.84312460405996,16.929107898811985,16.830024392844233,16.83960230641176,16.839542150528366,462656.2281206539
2021-01-14,16.56954785059986,16.613263844650028,16.411388534143924,16.569468385306298,16.56689704274936,199237.61119646797
2021-01-15,16.857338973280275,16.92105207637358,16.86550762536323,16.886138913233943,16.891373149693482,270134.2743668911
2021-01-18,16.25670140918449,16.323845484357552,16.194085753978623,16.254929504459373,16.25144171247532,301715.5881411546
2021-01-19,16.42983475122264,16.460933729207007,16.30609633975873,16.432598407114597,16.431535344026273,499822.8658197739
2021-01-20,16.471500026945836,16.538847979403076,16.454300587978462,16.484204725415406,16.483621824993634,329705.34127383353
2021-01-21,16.383363332188736,16.43530546321257,16.35916809881776,16.36654357063319,16.36309920483106,253853.35533878443
2021-01-22,16.151501144961678,16.22303588895064,15.977840441203382,16.179332124301656,16.191135192310288,264129.38974699844
2021-01-25,16.48469937869335,16.52315310297057,16.482769075196273,16.485958279445505,16.488162530447507,105599.20650850236
2021-01-26,15.661704341964237,15.676056197001296,15.615624142327963,15.645255744357826,15.648004356997008,76771.80720263325
2021-01-27,15.710122141823977,15.799168985046196,15.65231292518252,15.715124173567704,15.716197245167454,440721.752426745
2021-01-28,15.4717765574708,15.49720852665834,15.464133421381716,15.476322482954613,15.47270286971584,333191.6752817738
2021-01-29,15.429776841682113,15.493662173481004,15.377261109719347,15.434684383432192,15.432195690798585,88071.57037312984
2021-02-01,15.732402612592873,15.743220340421606,15.722586661790316,15.734678004324463,15.734281647787476,1218193.010231182
2021-02-02,15.355198880896308,15.395750603129317,15.331236071198926,15.342529751468028,15.345755814842189,287829.61499677727
2021-02-03,15.205483360303512,15.23944646342805,15.13278441365854,15.189738609627904,15.192604781357453,251185.8966840455
2021-02-04,15.34291375959246,15.34485802804645,15.204735301182046,15.314020089201865,15.314051057415874,314773.2922797237
2021-02-05,15.102016588962693,15.129996862779286,15.011477134374076,15.105800826075766,15.113821259140307,237427.41112156108
2021-02-08,14.96828871723664,15.002933005750595,14.934863115888168,14.961593349697496,14.965403563515109,272058.7024530536
2021-02-09,15.025573296042197,15.041762571064409,14.993278394981468,15.039388349130396,15.03815512161693,557757.8996409377
2021-02-10,15.023139294386732,15.04085475701877,14.886133358314751,15.011405119266136,15.008782044514804,520016.1983647181
2021-02-11,15.073210485419011,15.084413662510402,15.046585516811232,15.051376150825885,15.04392950275568,148027.48257717426
2021-02-12,14.646014956665224,14.659227915244768,14.644654501884528,14.645392460599824,14.645519055150404,230246.1625058333
2021-02-15,14.1083886936134,14.166130261221848,13.967943875580476,14.114187135589631,14.114696950608677,134285.21560394848
2021-02-16,14.0185991595533,14.143149281755624,13.99435328213561,14.033979800618631,14.03625477273834,432811.7756422305
2021-02-17,13.813402769385563,13.858142069087634,13.733972711408004,13.801150573277226,13.80262345276098,457326.59670646087
2021-02-18,13.827687327508764,13.843311770358705,13.654364959880294,13.820320426795435,13.823530559955795,112092.9284158774
2021-02-19,13.729278030270438,13.739972396636045,13.673538176574558,13.725036345043732,13.726155665426711,297284.7269884784
2021-02-22,13.589003838215383,13.633757108209531,13.474868722765166,13.553380353367954,13.550338808645831,146606.10412487708
2021-02-23,13.645067678785429,13.658950711677823,13.63441083196876,13.654855954506036,13.653002850985631,742449.1164162476
2021-02-24,13.15152931375923,13.177532306914069,13.1470518981376,13.159778167889945,13.159498184268614,429137.7252514547
2021-02-25,13.48096139318526,13.518668629672907,13.424110398048978,13.460720309119845,13.458695167716476,298691.25564789743
2021-02-26,13.933633370938272,14.00245494918866,13.966119065191451,13.96773698561017,13.96963151686164,196443.5260307824
2021-03-01,13.847962422963429,13.962270687619752,13.776267656875056,13.86057905118324,13.864019623622085,112898.1137787776
2021-03-02,13.871986461596048,13.887057885014212,13.838843683790456,13.861489045666728,13.866517577279229,162390.3493634833
2021-03-03,13.97093328572744,14.00228355735809,13.804029320221376,13.97403024470198,13.97414520509034,204361.31417726737
2021-03-04,13.85759946663524,13.85740308921949,13.82691764195988,13.83469926303298,13.83225821179444,160526.18273920723
2021-03-05,13.270165902524363,13.26540029486277,13.166723273264314,13.263075613135298,13.258672749883011,620175.4880883495
2021-03-08,13.159296778424356,13.173924023652996,13.105464505000343,13.161238667018424,13.161720657369283,282254.3630364314
2021-03-09,12.680703664894985,12.689039187201605,12.62035388382898,12.668636785117313,12.667319965843763,224814.2787220737
2021-03-10,12.598272815329643,12.67273933620091,12.546030683121478,12.61691761834135,12.624075014996976,371322.5572645645
2021-03-11,12.16748356730046,12.218962209796898,12.139686550635748,12.174749317267969,12.179039556723598,101651.22691016868
2021-03-12,12.04286005955549,12.0643811346288,11.93876582806168,12.04030014955966,12.040320978021455,151361.2182522077
2021-03-15,11.786061662498426,11.801893883761116,11.766943484516036,11.786380676624242,11.784897129881871,77934.92324246562
2021-03-16,12.094651054324745,12.165387432193672,12.033418856967073,12.11197115893378,12.11512059467822,237664.9625159839
2021-03-17,12.2465945846971,12.28353578962266,12.21522114562571,12.24104256287135,12.2390892982305,330939.46983946324
2021-03-18,12.122587279185366,12.202813309126732,12.12480641738093,12.142364009976705,12.139189857490866,94058.75967658342
2021-03-19,11.682664246611951,11.684654885473966,11.62219262957669,11.680993158554983,11.679970128934883,267547.64546368085
2021-03-22,11.757609955006128,11.818605764591055,11.682316971318278,11.745396890680546,11.748114653481776,68307.1209040276
2021-03-23,11.850087436054547,11.869284669284392,11.8244384602211,11.840799282233542,11.835416426082071,214507.29792136277
2021-03-24,12.219504517928122,12.235259112630088,12.152962461666428,12.216451841667014,12.223168530458118,303596.75748924026
2021-03-25,11.968277099672344,12.013601625151686,11.935703684843917,11.970269644781151,11.966872108916794,231432.600905016
2021-03-26,12.415414653860315,12.551799693427956,12.362877558003696,12.406898233249956,12.404488558075911,531715.4239481144
2021-03-29,12.322828456179153,12.41710504052055,12.289730060767964,12.32542467086792,12.323935045873933,140195.7864209832
2021-03-30,11.985865323344008,11.993723403936787,11.917847158295572,11.986405319928698,11.988186360080716,327536.13494308846
2021-03-31,11.968816016997556,12.069883832100816,11.944900972092258,11.964265731589308,11.963617679128731,471682.32667270506
2021-04-01,11.826090501228224,11.935426020697257,11.837934282907096,11.840135905483685,11.836270491005186,368257.586851329
2021-04-02,11.913260527242732,11.93976302829677,11.897985350947966,11.93049015951162,11.934313638156402,116090.66828616972
2021-04-05,11.959007576552969,12.05163741011219,11.94117693486252,11.955622235261012,11.956804595186366,214163.6000959041
2021-04-06,11.364151561404098,11.403708344770571,11.364084312744884,11.372434919259032,11.36895467800477,233914.66771945177
2021-04-07,11.4268933515603,11.580233837738488,11.39161347454234,11.421054688300808,11.426893672062896,345183.1987110212
2021-04-08,11.192447883346915,11.23092049312226,11.154552567245576,11.187488456919349,11.185827297218546,224168.7738170552
2021-04-09,11.49911567316512,11.602031566597356,11.413188584834892,11.477761044838855,11.474374324834802,200504.02202569085
2021-04-12,11.401847685527642,11.428084091694746,11.334397165906903,11.391834932457268,11.392404849565928,661429.6009060945
2021-04-13,11.98471330919824,12.043315740231728,12.00731041275057,12.010837190113426,12.009567006139529,85829.76734953673
2021-04-14,12.116402837294704,12.159227484248508,12.075199960525332,12.126523564998736,12.12894530595711,214928.5351237774
2021-04-15,11.781545286569427,11.840764514051973,11.688946053146283,11.792576648634476,11.795832922762282,363930.0835327936
2021-04-16,11.361244703153272,11.378007054310556,11.341941280282866,11.37052584088509,11.370124250135056,96806.8038168598
2021-04-19,11.2494755007369,11.281566669974016,11.187348480817665,11.251391450088027,11.250148448389332,212664.6267100358
2021-04-20,11.481934308757902,11.511556521178402,11.465414259850226,11.488367509633209,11.489908493255646,252208.1598102885
2021-04-21,11.410353534106868,11.502678155934062,11.3863814131446,11.410695539573044,11.412967098387904,676372.3450759541
2021-04-22,10.846937084411564,10.869291736222126,10.83357924140795,10.858047326574908,10.858528943127448,191166.4869101529
2021-04-23,10.807151463638371,10.852245132974286,10.741276807990484,10.801897436023689,10.80355320630068,275709.10815525503
2021-04-26,11.06760429698244,11.113046719978987,11.034263916563456,11.061756046974493,11.059641528075955,350725.3920405661
2021-04-27,11.337483017945392,11.367104781663802,11.268459632423426,11.336882929157072,11.335989875995384,454047.0352380051
2021-04-28,11.305360100812551,11.32143752903884,11.26981716985201,11.305672658961088,11.302777769308603,225682.00594800356
2021-04-29,11.5919203577786,11.659425126565132,11.537832827924069,11.5925444299619,11.593990812083698,284160.4064221409
2021-04-30,11.624479074711765,11.669062039027304,11.617256110761108,11.61884467436811,11.624023234559496,138816.59091481715
2021-05-03,11.058230734319409,11.069866926381648,11.033146889655043,11.064495191486898,11.060978384375604,222006.3526836553
2021-05-04,11.216741163745626,11.265187013070504,11.148724657121964,11.222773695190002,11.220934514291002,97761.84285507884
2021-05-05,11.335901084970182,11.3996107729269,11.296418248275844,11.347925320753788,11.349112137057675,97112.22743606984
2021-05-06,11.27555534585596,11.384047044636244,11.254955693234466,11.263667473852587,11.262072937947815,741528.7406382521
2021-05-07,11.141550187463846,11.162885498553518,11.110974681232276,11.129125335257886,11.128202051027625,568795.1538377582
2021-05-10,11.4234946670361,11.488425673304954,11.41735404800284,11.421851829804714,11.419199997814378,402421.36554388487
2021-05-11,11.233356836045884,11.264679355031324,11.166993778110044,11.227331893524369,11.228173196392657,597321.5818375319
2021-05-12,11.492413871905876,11.527136324582884,11.44102686344595,11.481888519789573,11.48198569545652,120526.43975807544
2021-05-13,11.548680837226687,11.642695072172756,11.488291702572049,11.538176865849222,11.53972316631127,472367.2004701271
2021-05-14,11.727730924124057,11.743415323654991,11.684346672844988,11.734783477662477,11.735211180325836,212334.03138004185
2021-05-17,11.802746798916052,11.820778139447889,11.79793423595198,11.81410045725323,11.81290786162565,113031.68882287924
2021-05-18,12.058634313298311,12.095157457521006,12.020247352089047,12.057458050569492,12.059998903095526,212866.01081665175
2021-05-19,12.431153036074631,12.61128147667742,12.436520114830325,12.440963773384487,12.441620650669666,294694.24935950246
2021-05-20,12.217776736000516,12.265405483316092,12.140799855886003,12.23140926357592,12.229856408059236,294818.85827121563
2021-05-21,12.41452356158627,12.420268016635593,12.393046263768763,12.41425109834934,12.414717391991196,1067853.876445672
2021-05-24,12.223082952244392,12.217475139411468,12.16996398573052,12.212220168370235,12.209108216628422,531577.7728373631
2021-05-25,11.796990857590862,11.860924817594956,11.69394682410644,11.781423981723252,11.783173672420286,368083.7609595021
2021-05-26,11.703462970496384,11.721560465872397,11.670967492588792,11.704110335890192,11.704565844471162,684697.866051695
2021-05-27,11.434303824823896,11.543148327407929,11.329733832247838,11.43370833325432,11.43751632311512,1031227.0749572174
2021-05-28,11.380506098490743,11.44563454073135,11.319474656996965,11.372242262137249,11.371474623557576,289998.0098414891
2021-05-31,10.683080119329745,10.688050695565394,10.6147504821134,10.67511561271028,10.677725291347594,267840.58759702527
2021-06-01,11.220523080956625,11.241595947141324,11.21214611106082,11.22686026616519,11.225166400011473,724486.9349814724
2021-06-02,11.16300305952286,11.232157025349869,11.099622831823131,11.160852350577535,11.155905386629332,161938.85040844622
2021-06-03,11.29454029540632,11.345972828085662,11.270255314966194,11.29460408871596,11.29639773389896,307758.77890617604
2021-06-04,11.204901312808552,11.183199590308783,11.100960986803914,11.17963830623966,11.181738779661758,342520.61244953977
2021-06-07,11.292514873664675,11.34404072067114,11.20671908435014,11.284991404428087,11.287655537644264,117479.00263515476
2021-06-08,11.208771620725102,11.284964051703964,11.126681184826028,11.218182069858855,11.223130456091804,88293.21442935124
2021-06-09,11.249441638611811,11.246344837020647,11.100921935017634,11.243987439478406,11.244082513040867,180687.09561467808
2021-06-10,11.07203549601995,11.077919763169644,10.977748359914626,11.076197199975017,11.075073914332616,254095.19720965432
2021-06-11,11.202019871003149,11.243774347645251,11.177741761023505,11.17852060679758,11.178308020830896,204358.8437291482
2021-06-14,11.574242829069131,11.61445253083845,11.516972641978336,11.579554003154726,11.58245066492812,456790.68624898646
2021-06-15,11.72627853431022,11.839648704645766,11.719893721884477,11.735640613885325,11.73263135488526,113163.04681749332
2021-06-16,12.429914099393372,12.473167758920116,12.273116537297906,12.402429202446914,12.399881492515886,118941.95662667534
2021-06-17,12.278005375513452,12.307752707681916,12.191497924424256,12.280670023819816,12.284686199224767,193742.89824791183
2021-06-18,12.421641071355976,12.47130018318051,12.36157152119163,12.415330396593356,12.416485046847011,360889.2551566052
2021-06-21,12.372845883858313,12.403670674212629,12.319563589829514,12.368022759985118,12.365640023528885,149425.34538691596
2021-06-22,12.660763984921113,12.717128713534896,12.66930130368708,12.6741242655158,12.678406110976152,247044.63686769168
2021-06-23,12.726772774581836,12.736486875668712,12.703292887230978,12.735716499493371,12.735356850555004,155239.78732668384
2021-06-24,13.203231902677894,13.306085121583653,13.165713866117532,13.21679197575838,13.223745494234592,374685.214891103
2021-06-25,13.029326903336324,13.033651802361227,12.963698028334392,13.03335371301006,13.03258832752506,359777.3635630264
2021-06-28,12.900244973242676,12.958881409883304,12.860285927206096,12.90299536762828,12.905262718020095,334254.519870387
2021-06-29,13.083236267006782,13.144545074037293,13.04208349429766,13.073576303978385,13.073284254904534,171628.29437075983
2021-06-30,13.35861166146103,13.457369883622098,13.325493144652652,13.333130108225268,13.328259882712109,150737.8081919711
2021-07-01,13.429597479991022,13.463599693638969,13.361450878158587,13.422055616390022,13.4289157583806,184430.72777486607
2021-07-02,13.046601100437297,13.079202178033547,13.002787551846044,13.047686048642795,13.043096713839102,64283.55531200414
2021-07-05,13.143739058262772,13.159895793189214,13.04360874068174,13.147735645354055,13.141806729583458,196437.70697176948
2021-07-06,13.086221335030384,13.132701197439197,13.065975319824313,13.086664814523305,13.08869594207852,331816.54000099143
2021-07-07,12.93258036655802,12.960540672792376,12.819903093195563,12.941141404321073,12.938976031420117,733421.4721402475
2021-07-08,13.082265067961629,13.162227150573996,13.069924874146269,13.09946835361358,13.10219547052892,155656.32876281498
2021-07-09,13.12614371556427,13.198102758975407,13.110233601069607,13.135662279736428,13.135399457576137,548150.8241463244
2021-07-12,13.047108745205568,13.067968967712906,13.047877184496304,13.050099734481725,13.048886244806384,411694.65367198753
2021-07-13,12.93259553232938,12.967691851382485,12.87725878172027,12.933473261447135,12.934075881455025,185014.9385877803
2021-07-14,12.912560465557757,12.954900835315136,12.829216357658453,12.92890311277236,12.9307514774343,303269.7061922378
2021-07-15,12.891143946099112,12.967726621186488,12.792199728805418,12.883164303318871,12.884119561709014,246007.26484390645
2021-07-16,13.113381834400924,13.197772816761931,13.031323109651746,13.120548695454737,13.11921908183905,287384.9003465416
2021-07-19,12.970770270976493,13.031625031698647,12.861830295549204,12.97649873341405,12.979395627662049,360053.642049666
2021-07-20,12.764469726181549,12.811465544050575,12.681910608127744,12.787045865192258,12.78900920379156,90175.0807824039
2021-07-21,13.294050303762535,13.325480045857006,13.186547227421816,13.288353395758609,13.284765839611108,157653.09119923186
2021-07-22,13.30308451282265,13.320523965418646,13.199032241209885,13.307056636174297,13.310308652551504,367950.4662069444
2021-07-23,13.60528198850527,13.719749155572869,13.576278078382186,13.609739588544958,13.608807649807485,184868.88208904056
2021-07-26,14.114324749549676,14.23781165141267,14.101007559687927,14.1222301209009,14.11809830978887,135241.8451519811
2021-07-27,13.685024657977705,13.8309895553348,13.632916467857813,13.689431548338016,13.687310736164914,774473.2473116027
2021-07-28,13.753072231758113,13.830194841958686,13.711835005147496,13.758594975236266,13.755004188801392,178206.92074246265
2021-07-29,13.964235936810962,13.986730625813037,13.93088555286794,13.952161158108112,13.952079212390236,599793.336704305
2021-07-30,14.373538001593708,14.414070005456749,14.325856093428108,14.36377990033126,14.36411992390117,125291.24605142852
2021-08-02,14.29062163437806,14.31040153036386,14.20843365726152,14.284381346929072,14.282083935812112,115511.83612276884
2021-08-03,14.62194021747261,14.662848958016212,14.58097445351603,14.621429100859018,14.621218008258476,869494.1836010765
2021-08-04,14.694438719997954,14.758507216434031,14.645134331845137,14.676118087000646,14.675801427027295,247466.5261140184
2021-08-05,14.875786934857594,14.9507285830703,14.847092417007444,14.897062118942625,14.893541298627133,542122.5213611744
2021-08-06,14.367135656884097,14.417697956605746,14.217654901651208,14.34613797739813,14.348674882928208,417020.7353268531
2021-08-09,14.423120030745745,14.467307475724082,14.377030822419746,14.400742064387442,14.400189134093957,200103.9451175896
2021-08-10,13.897438982324084,13.94174998820972,13.88214901007998,13.909328967275092,13.909660734282298,116862.1411902344
2021-08-11,14.064155808566786,14.134170169648842,13.99427893166317,14.066470903482514,14.063242650278536,278344.8562257266
2021-08-12,13.75109082073104,13.756219136609346,13.689343603009728,13.72135684700315,13.718117185591543,626212.648295783
2021-08-13,13.133622365364364,13.129007675126942,13.102716074120364,13.113903469461228,13.111204311896644,233640.7340384588
2021-08-16,12.981668826988251,13.013101552647164,12.943883089753504,12.957765636514816,12.951088620979654,228111.8707553034
2021-08-17,13.284681054181114,13.27762070053338,13.244651993492088,13.27205455385985,13.280674855970302,72978.66266285154
2021-08-18,13.591257109842022,13.634935271979367,13.565116990472406,13.581642727339466,13.57876222809187,431217.2717953798
2021-08-19,13.77375732139584,13.79259116691331,13.733007152974343,13.77397870197621,13.77786303727317,223156.0706300866
2021-08-20,13.95822684856951,14.04818701046024,13.894701148003044,13.96701825018767,13.966683949400856,261209.1702660808
2021-08-23,13.847216939103898,13.839157581678055,13.804008152984268,13.832508097773175,13.833374527109385,157705.54543292802
2021-08-24,13.897665047042585,14.006206430801424,13.855601787033374,13.89246551971394,13.892623199782786,428311.648776727
2021-08-25,13.99136565083081,14.09408382272907,13.954840449952082,13.99294142673805,13.990914611801625,159452.3081873299
2021-08-26,14.259783964772677,14.336919439353409,14.187129603246692,14.24475720942856,14.245502653275445,363782.8722684247
2021-08-27,14.19628951875816,14.243589228293004,14.121354069124065,14.172441536989108,14.176773921146191,141302.9579746496
2021-08-30,13.597973840017708,13.724530671292062,13.498627896572966,13.596927746282232,13.597597102077188,204239.00231886207
2021-08-31,12.989293522240988,13.060456174776384,12.978052564369746,12.998035072880986,13.00029131886436,173313.7304538875
2021-09-01,13.42953650171352,13.43478140831298,13.366609148062714,13.434375616046047,13.432661782100476,921354.4036989624
2021-09-02,13.077641247278155,13.092960567378414,13.02325460501624,13.076324584439876,13.075207355945984,276279.1068024292
2021-09-03,13.184234016999508,13.242048497379791,13.109032009970232,13.192755968090545,13.19887639950503,198139.5002653866
2021-09-06,13.443908014138632,13.558805005546686,13.411354664312846,13.426138950126688,13.417249878635587,183855.06945344945
2021-09-07,13.358167010076729,13.350052423866767,13.2993461413789,13.344401457398812,13.345466893719871,74126.00478350496
2021-09-08,12.980725025401672,13.0102951115238,12.971325340510976,13.003332273578303,13.003140918033562,172377.60438555726
2021-09-09,13.254151965942125,13.373091705150046,13.247167850082546,13.26223152881984,13.254444421037334,147054.6436639219
2021-09-10,12.968585067223296,13.001573586567156,12.869037404269962,12.970057650623058,12.97066230244394,123789.64678850803
2021-09-13,12.672476699342909,12.719427754734763,12.594167211718004,12.676846933278028,12.67791518239491,75305.68238421837
2021-09-14,12.548683808981114,12.564450265717896,12.497774057794528,12.55796924265449,12.556580084309504,271009.27813274885
2021-09-15,12.62532440865246,12.641338291600285,12.551122013520011,12.61618380978045,12.613838150693557,94062.46241523096
2021-09-16,12.718506427489402,12.766330114142573,12.70962423188979,12.72948393524496,12.727274769460204,110038.82748791804
2021-09-17,12.969364301097908,13.076168227598217,12.929833463016625,12.974345834727869,12.977302375256777,113099.83053893398
2021-09-20,13.189401842532924,13.22858031593262,13.08054067390269,13.18951849274847,13.193930496958748,764181.2210273371
2021-09-21,13.455721462232336,13.496919620297325,13.385362773983246,13.44777928205653,13.44682330168557,112393.57387310926
2021-09-22,13.336437846831409,13.414272598556796,13.293045347074996,13.325124392652722,13.32566151398247,203876.8455193017
2021-09-23,12.833202302205429,12.894098835236017,12.785371966615122,12.82434800633137,12.82379558767377,177323.25786003834
2021-09-24,12.837818267637104,12.890534481464671,12.787285165045436,12.822036856014488,12.825451977941128,203438.60019298195
2021-09-28,12.893435268485298,12.892958829845034,12.842083696543453,12.889897035721326,12.891307099549046,327137.76531596883
2021-09-29,12.91862286045698,12.971321522624867,12.827548352768158,12.933361702612874,12.934350678521586,215852.67653874203
2021-09-30,12.3949342105026,12.428404510553667,12.359671826229492,12.394371635285152,12.394298278380544,241646.0694270009
2021-10-01,11.917968581840803,11.962524839419483,11.842214460532022,11.910580804878338,11.910059438491857,70134.1090726561
2021-10-04,11.908219193236633,11.940428008605338,11.84097222966168,11.914280150488777,11.917177525603188,104378.27983849571
2021-10-05,11.704811174024483,11.715709030589595,11.670512245188648,11.71444364355908,11.712969521847702,550955.6645166934
2021-10-06,11.802157326801437,11.954148154544685,11.78224485915038,11.788812360607718,11.787438515204974,108044.1904575982
2021-10-07,12.254140771181897,12.365274366520785,12.123831671037744,12.25062845752084,12.252223358817972,186026.5086724437
2021-10-08,12.08397370600855,12.10594237146417,12.07947188679988,12.086963901735064,12.08756230397192,330927.5665599924
2021-10-11,12.445262231908568,12.499897806981792,12.32890182934151,12.440198568141454,12.443504503282796,353882.87664475164
2021-10-12,12.686991735661492,12.722956734426347,12.65832083400505,12.687851802172954,12.688830856226728,660841.25114697
2021-10-13,13.099650884465987,13.13417358220396,13.059834946457874,13.123013024796569,13.118194217683756,454523.0653498488
2021-10-14,13.239345494561077,13.242547885403912,13.16862883610483,13.218668269508695,13.223301947071535,172395.64410288935
2021-10-15,13.32592372433627,13.372752098405968,13.325055442724588,13.346266633122433,13.34808812835464,679575.0375230691
2021-10-18,13.281236153052806,13.40710847966473,13.276136377880128,13.279549650164236,13.279372571674166,189454.66679166525
2021-10-19,13.27888088423923,13.307661538465837,13.26322847338279,13.27835596982345,13.27907423957268,152100.32570836242
2021-10-20,13.224139143205496,13.259051688135257,13.13366706777965,13.206794800754295,13.203686399520334,366647.441305491
2021-10-21,13.430064134645276,13.430593895047688,13.411623015042531,13.423318636994228,13.42597517357415,250183.7697581697
2021-10-22,13.057239785855485,13.13554160357284,12.97183313094979,13.05936425525272,13.058275676254269,465407.8847232443
2021-10-25,12.965916122320866,13.02242840202349,12.862268907763454,12.961233156700713,12.958453282121416,156454.41981771667
2021-10-26,13.077891057634323,13.15588096194544,13.051631627094936,13.068038422659088,13.068586181211966,275529.8355429564
2021-10-27,13.124904768981882,13.149666372125685,13.051966644494923,13.142551462112742,13.143392707344807,297925.5682205813
2021-10-28,13.446916552262236,13.46740220442649,13.42696107243025,13.44279825090728,13.442541582162468,127743.14934939716
2021-10-29,13.075731063304325,13.088626170177232,13.061652462319977,13.077083375508446,13.084581852751922,256059.74401457587
2021-11-01,13.2338997063642,13.27752671608732,13.12395943896478,13.222563932275207,13.222376130923536,268570.5609182712
2021-11-02,13.088950928326428,13.227484740152493,13.061607977871825,13.086558723574552,13.087383478681748,199246.14894818692
2021-11-03,13.051950078878408,13.1347757316085,13.035482035917893,13.060328968081237,13.06239254218966,336999.36565334065
2021-11-04,12.798477451362364,12.826240630935525,12.714376298135418,12.783915141928878,12.784714446375002,497132.9459685733
2021-11-05,12.785658899389674,12.909969353595892,12.63315827501762,12.774574960585344,12.767269112343524,429387.46781042864
2021-11-08,12.858295486887927,12.876447092877198,12.82353705445286,12.873570053395367,12.873854955352098,278538.45203544595
2021-11-09,12.954446428477157,13.042857884127256,12.94585890760062,12.95657944128966,12.957996738393511,358387.0275385233
2021-11-10,12.76583617025333,12.82769787019734,12.66768460961139,12.774803563425603,12.780327119073483,372028.61357131245
2021-11-11,12.764540554204084,12.845502172485975,12.72108505376063,12.759396004803726,12.764257755323708,211109.52336564055
2021-11-12,12.689284858905602,12.689891740949252,12.57226691820716,12.688154600832842,12.688154600832842,450785.11741934624
2021-11-15,13.16976191802862,13.171508693726024,13.15417990218974,13.169951169125572,13.171226439143128,751728.926515197
2021-11-16,12.877362033788788,12.947791615085231,12.833921071261058,12.885613749737566,12.877141169055218,480977.1374265346
2021-11-17,12.935524123942129,13.00842653202428,12.908338383122077,12.942154826674724,12.941068528316642,161149.6789045975
2021-11-18,12.443105553964305,12.449271527028676,12.338966271343718,12.41871684874697,12.412923641328474,119280.86555838694
2021-11-19,12.484172054885512,12.53179157221313,12.373521904761978,12.486474055679365,12.487670679720836,310299.78828400554
2021-11-22,12.846869576553663,12.863690489319346,12.758785865403556,12.837143250002306,12.834517040030088,1081148.9267376466
2021-11-23,13.503122471472151,13.528155942522018,13.459615205633446,13.507543497565337,13.503100527919898,103014.38798662148
2021-11-24,13.504624571381362,13.606042809314008,13.507242911320729,13.51425186499349,13.514100917182803,480342.2763030019
2021-11-25,13.262466307962702,13.313905082155005,13.23471032809206,13.269169097515336,13.268747898162175,176215.08712145485
2021-11-26,13.298139051499676,13.413291932152529,13.27209476815744,13.303774747753389,13.302217540794633,304399.0350941013
2021-11-29,13.338580591688885,13.345190652400037,13.24850691780731,13.341738145582356,13.336084159240508,307164.7410238596
2021-11-30,13.334849205821666,13.381947244019974,13.326658225800676,13.33723141115215,13.337360503361282,220790.71130480996
2021-12-01,13.51497935667084,13.566057599014009,13.526120449109952,13.533216916611565,13.530178674804535,141149.24699220224
2021-12-02,13.346642234467636,13.376437864452583,13.337402441603423,13.34232423998772,13.34157989199164,370491.95265434525
2021-12-03,13.26642745204228,13.282574220349922,13.194948681664874,13.254216655631229,13.257257710399644,883750.0593856648
2021-12-06,13.083071718317536,13.153578456867372,13.09564167552641,13.098384143360304,13.100561502332036,220285.3533080635
2021-12-07,13.15695805907058,13.362564716701876,13.166600965533446,13.176492866372469,13.17654805799977,299782.2798818292
2021-12-08,13.390800498847986,13.405664477071836,13.379215878997185,13.394917784140013,13.39134240181668,143041.1567597577
2021-12-09,13.696841841045858,13.716317028197835,13.650045702362547,13.674183346112114,13.67996330019776,180202.3845474932
2021-12-10,13.890358386954722,13.943430994731653,13.80013117733026,13.904385299542266,13.907241816516487,459193.9096220018
2021-12-13,14.335713428534278,14.413535633021985,14.337855413551072,14.340058473166197,14.3355204464913,369252.0067301527
2021-12-14,14.389697097442216,14.409217538108743,14.342647042380346,14.381627933188764,14.376713174381738,101029.20664269965
2021-12-15,14.481236814513224,14.484216858190834,14.466514487074518,14.478788514943512,14.473007548642215,483141.3233529105
2021-12-16,14.657453769941515,14.704466096858305,14.669311605775702,14.677043960850812,14.67903670814693,188152.83475414533
2021-12-17,14.489334362209522,14.513572787045971,14.452522743425012,14.473674910492733,14.4720742405081,288785.11264526506
2021-12-20,14.341617396245782,14.396983045997684,14.31829025659336,14.364522231684788,14.360216846828797,251725.75812496163
2021-12-21,14.371094207322573,14.389219524192573,14.275231736286816,14.37155564596718,14.364400655844028,115781.92154209549
2021-12-22,14.124595666399363,14.167729786832712,13.978484753972312,14.11107516934242,14.107892127498255,328122.9756146765
2021-12-23,14.216032658247116,14.319438157475826,14.213195613573046,14.215539318714807,14.218074597481314,191099.20526903815
2021-12-24,14.519869815944215,14.528045941228353,14.478482023576277,14.52262291432337,14.512253544599876,202572.8904494318
2021-12-27,14.738592452678576,14.801636916667784,14.703264411051386,14.725881023923034,14.726005527013688,763781.8972057741
2021-12-28,14.23779822535232,14.289852999252217,14.210925699547978,14.250798740431474,14.251126459925958,198457.99974038824
2021-12-29,14.009926265915436,14.040169146217004,14.012809614852891,14.015404026058702,14.015003953370048,393492.4851947919
2021-12-30,14.291790086661768,14.405067891297938,14.205958749392886,14.302195181714788,14.303260887225846,184336.99093850027
2021-12-31,14.22856969236294,14.312975659507485,14.205914410519355,14.235047032966236,14.236403870557378,592293.449524773
2022-01-03,14.504520031848372,14.535888102430146,14.418493192098508,14.501440261688096,14.504489391529331,696906.5340375714
2022-01-04,14.22750860867198,14.256617341566091,14.18053219688673,14.225193103661844,14.218635750693176,129694.40609969334
2022-01-05,13.886370334291522,13.888470209238452,13.851762796687112,13.886440046281642,13.885168170922215,223076.02016068637
2022-01-06,13.872098890263288,13.91128999198684,13.877837532134285,13.896885776530004,13.89445240165392,162463.80930213153
2022-01-07,14.268789248435864,14.328548541013182,14.229787017072322,14.233354245997615,14.23422249551683,557087.7464627256
2022-01-10,13.728555700858214,13.785878537461912,13.697930183566848,13.723909535409916,13.722636143287804,213879.4122007285
2022-01-11,13.886436706802447,13.902590421194963,13.771576886508024,13.89169465370706,13.896448087160346,112982.9433507568
2022-01-12,13.732643759651427,13.75643296151156,13.644704430154992,13.7303729333015,13.732102608077714,118780.98517834616
2022-01-13,13.977024198037691,14.101938537612677,13.963349949840252,13.971516758024636,13.97018368656917,135615.74351325782
2022-01-14,14.086952086416986,14.118075494523078,13.895458392679142,14.084521044211746,14.077089482773872,217395.10931576145
2022-01-17,14.084466188516563,14.139739455526565,14.066825723336482,14.089829247165444,14.085180109418848,224366.9954209333
2022-01-18,14.263003480275936,14.305861385865926,14.132883690370765,14.273105088833514,14.27060458073553,344670.76429623045
2022-01-19,13.846168528738088,13.92635031878339,13.77813659445112,13.850967488708344,13.852585646875882,325137.64996962814
2022-01-20,13.97977356380088,14.036514189766914,13.953303610417311,13.983354891198086,13.981355951211032,264676.92318451667
2022-01-21,14.135918194873042,14.161219890154834,14.084036241092086,14.133474384592937,14.13197853421914,243590.8943808659
2022-01-24,14.410654366258344,14.539796806820847,14.385940894271686,14.42485008508945,14.423824219075687,273638.24248407653
2022-01-25,14.834782800700657,14.884297908934323,14.71998000113695,14.828740150691065,14.827750303171818,129427.83830220696
2022-01-26,15.277042936145929,15.275442566295858,15.245163439480724,15.26417657053671,15.267356763424353,603081.2701977168
2022-01-27,14.741747809546196,14.835427415653395,14.61621516235646,14.737319223657352,14.742241291053697,299358.774402495
2022-01-28,13.61494494035497,13.628753478373666,13.5572409907663,13.619683209495845,13.61672697414486,524955.4078078548
2022-01-31,13.634620328944944,13.726862507403265,13.574601143085877,13.641370929982202,13.644290200180814,170575.3635983513
2022-02-01,13.842097913972722,13.844698285894152,13.799188410337374,13.816538182009277,13.81623447613216,398703.8177418723
2022-02-02,13.339704093433566,13.37238313767163,13.336138025370504,13.363303236039826,13.364987553219573,150559.15142785845
2022-02-03,13.247300310754143,13.320386784537575,13.204099863081924,13.261366369996203,13.25937480825901,452224.29143672506
2022-02-04,13.728304542702032,13.791404202219292,13.690703314464791,13.729917104048337,13.729919545213647,312820.2705486146
2022-02-07,13.641891634770436,13.657921964516577,13.625114275874802,13.648537805815618,13.648896169190182,809755.8963229285
2022-02-08,13.479162810026017,13.54393699509353,13.402540190105842,13.494802509060586,13.49250150623319,414096.12647246174
2022-02-09,13.732529671098934,13.767352238667169,13.646793754178995,13.731172800619012,13.733045199889178,380522.229044552
2022-02-10,13.771666445165923,13.88205633403201,13.733005315797705,13.8026373376954,13.803362217009806,206045.74358593483
2022-02-11,13.63382024215128,13.659181560620446,13.615065115852476,13.653599818557431,13.653300074979686,304321.6217258972
2022-02-14,13.72994218618456,13.88100940635434,13.722661455714366,13.74327082706732,13.744185835584457,104442.65378445934
2022-02-15,13.620132458705791,13.709162992645958,13.604160753932918,13.62410203610329,13.626485045930268,822263.2123870288
2022-02-16,13.298187573946429,13.327638391586984,13.297354007935764,13.297767154837429,13.29300334931854,73623.10462834846
2022-02-17,13.164690809867457,13.244554144566012,13.135177033010368,13.158286520492643,13.158248608960104,280259.6868945582
2022-02-18,12.889881299418882,12.930648399749378,12.899824252419885,12.907033507954496,12.907527872668464,151481.14166730657
2022-02-21,12.786620466076416,12.899364299191951,12.779172019923896,12.79510468651302,12.793648633855492,269648.63917457184
2022-02-22,12.960891903698975,12.967256368773166,12.948112607725186,12.961131791859795,12.962682801648755,902736.1823053318
2022-02-23,12.604722312439351,12.595051662028045,12.543297774285396,12.581296382336014,12.580365072257065,907084.905729962
2022-02-24,12.594720190506273,12.64194334206537,12.55368553848353,12.598905361906768,12.594336622469372,463359.7504135014
2022-02-25,12.564734210547265,12.581983639279498,12.50261127458548,12.574243370733384,12.577926234576942,647076.4040692147
2022-02-28,12.309908298954964,12.368768805606582,12.200981134084508,12.300649491492107,12.30194193583552,249903.3039969396
2022-03-01,12.403703134390067,12.45426009407289,12.282368958186227,12.419009526055662,12.42197349855298,214045.56124805773
2022-03-02,12.329907840853558,12.38741451489904,12.298306940274967,12.329600806595684,12.331605719963385,126260.84765038398
2022-03-03,12.64594401274427,12.648062745189618,12.5649124693689,12.63624251691036,12.637283032611007,147050.7464318579
2022-03-04,12.625319403981711,12.65136600006066,12.553445564945328,12.62497519548884,12.6282771729559,181559.2795893285
2022-03-07,12.441342324827254,12.524240708993942,12.43752166925355,12.44975789669708,12.45182406793938,77023.19444293523
2022-03-08,13.104796230602874,13.159340507093685,13.065303443269778,13.094641182360215,13.09834287235628,79804.71946078939
2022-03-09,12.93986795969222,13.00818327230724,12.901382496631552,12.943568610110354,12.93874800744391,191498.44381749883
2022-03-10,13.513176812305916,13.511575272850717,13.40639614309914,13.500591676156658,13.499670655795688,1242368.5632462085
2022-03-11,13.272346914424006,13.332511181707565,13.206923747465831,13.240219245039146,13.24661630215406,299329.3231122476
2022-03-14,12.675204451952796,12.7607553828607,12.624382858648096,12.682789928614648,12.682909032509045,267904.7274989319
2022-03-15,12.766269757543276,12.794707163797655,12.72190837608878,12.772506352707758,12.772457070980296,150608.0147023634
2022-03-16,12.92836084404701,12.963644870256624,12.905274676479795,12.918372740565006,12.917931031795876,293406.35162846086
2022-03-17,12.972371579014093,13.012577577367802,12.945744692957687,12.96105325680714,12.964588743582958,265469.33234116645
2022-03-18,12.894364899473445,12.92700875961649,12.823159861549398,12.913301336030962,12.913231091205034,162331.05149298703
2022-03-21,12.547351508589909,12.547778830376451,12.51126355369403,12.533506188503807,12.532681442778363,550463.7208997167
2022-03-22,12.519473331332708,12.556998003971415,12.45381141395458,12.527372288035572,12.525767481335556,145852.6163244101
2022-03-23,12.555445256921145,12.667426927820308,12.463660038326474,12.545880069632828,12.548052391989913,203568.0138708478
2022-03-24,13.03921724046964,13.057845423172926,13.007935551050428,13.02800349094254,13.031639927929668,45968.03217497083
2022-03-25,12.773377313042124,12.81338727636896,12.74621170660954,12.780501507389666,12.77984080750859,526673.3069216099
2022-03-28,12.776424988856064,12.898112851705813,12.695371873310243,12.785092651153333,12.781711641917186,361832.2116124131
2022-03-29,12.862628321817414,12.929527111119857,12.803390839600958,12.875744008449988,12.87551231798868,280679.5961310192
2022-03-30,12.731286081046832,12.804446433510828,12.736181829243646,12.74545616551295,12.74571732852175,294627.65672477824
2022-03-31,12.703700708732711,12.71243765135692,12.616859745668863,12.710211919785062,12.713421092019104,230985.3803376744
2022-04-01,12.317055107260463,12.369454286412898,12.279124955429154,12.321520401726298,12.317624809711006,179148.60050479686
2022-04-04,12.441707085541882,12.45082708724156,12.334289558334714,12.427562724299216,12.432321087235524,312850.9076121147
2022-04-05,12.158974362793744,12.168909710604176,12.141294815214277,12.157277627749025,12.162769451149543,311252.0515685406
2022-04-06,12.108139834612205,12.093212331204365,12.048862717933488,12.086842836747056,12.082410037810972,858967.1115516606
2022-04-07,12.193395444809582,12.21215650586182,12.183229996083298,12.193628787257428,12.19393010817301,94885.61014132969
2022-04-08,12.589670157819157,12.58157616735036,12.544262735759345,12.570673176154624,12.564675277713953,224572.3743418209
2022-04-11,13.019569230046862,13.043496756460188,12.964097285239298,13.004927594950194,13.003973286826591,646017.578187409
2022-04-12,12.866660915189517,12.881901251845878,12.806074646971696,12.87791956807631,12.877011849671105,116106.7661810491
2022-04-13,12.313876983841569,12.36345476187663,12.29010052704345,12.32282533399171,12.324173912642912,157784.23472216068
2022-04-14,12.513944013196769,12.58839147426792,12.409462084216138,12.497366624567832,12.49683535451917,568119.7127948831
2022-04-15,12.496305133391012,12.52027128130976,12.400957051281894,12.501502957724592,12.49661993091294,468108.9460400317
2022-04-18,12.858856866426663,12.890159539518264,12.647269349742514,12.855824506122316,12.859564696080689,221319.96600280883
2022-04-19,12.942512900860386,13.069373456287856,12.925384114032497,12.966104892551,12.964820656350838,222069.02162966825
2022-04-20,12.537479704060546,12.563604219702148,12.493294455261182,12.519252848129236,12.517912905582062,164103.35253446936
2022-04-21,13.174630618404787,13.26334832208446,13.175516491439003,13.183286842300284,13.181955800593933,278672.8658988554
2022-04-22,12.981901146780285,13.02267463969354,12.876398996129012,12.973653457695177,12.975627228511076,248995.9893520001
2022-04-25,12.464764320983626,12.559465583995712,12.394880055624853,12.472241416295931,12.471743775186228,346890.02672799915
2022-04-26,12.597380321160603,12.759613406043618,12.539469682842622,12.60093663743643,12.598472045159964,326406.18302494823
2022-04-27,12.793644201193455,12.903005134403593,12.748902858952716,12.790156517105649,12.787301288957371,164927.46240640708
2022-04-28,13.04997692626941,13.101172792477504,13.041820746455295,13.060249302497391,13.061346085199238,314939.3626695505
2022-04-29,12.920309499992218,13.00777919414813,12.866018380602986,12.908091128159892,12.912137187303063,917212.481507319
2022-05-02,13.55635347520656,13.651239790109855,13.568038690379344,13.577454307133396,13.576685325075298,448245.5898802123
2022-05-03,13.221900459474426,13.202935746419282,13.112901831412357,13.1990913615133,13.197262297460844,291326.67843829346
2022-05-04,12.892408081917443,12.987864323682018,12.869034109006522,12.906606465517749,12.91399798936066,154352.94695754425
2022-05-05,12.75510060745214,12.8105867341454,12.720037671812229,12.747537827286004,12.743999755691858,497180.2311607447
2022-05-06,12.532227675311669,12.547290563455444,12.38049339351792,12.532623268043968,12.52796535125108,284163.1843198875
2022-05-09,12.073047524862776,12.119546786254928,12.022486702440291,12.046233535098214,12.042693717027417,494676.39652131335
2022-05-10,11.96252607927575,12.00168567768255,11.918477626809516,11.958094944010378,11.953841279384804,110823.90994546512
2022-05-11,12.12110767841458,12.182422233285616,12.1157439754579,12.124130773398754,12.121068513625334,231874.31292909305
2022-05-12,11.994276616425111,12.03949355798974,11.884204380014676,11.993274423213958,11.99430071650726,334216.7965022544
2022-05-13,12.164435001262868,12.170950175571456,12.125710609807362,12.170473916635183,12.17540478611681,457714.3704249149
2022-05-16,12.18015793190732,12.20658789508228,12.180352817967846,12.180777217768544,12.181098444854689,292469.2925045714
2022-05-17,12.068786022632382,12.148001138540542,12.045082496094338,12.079374877062971,12.079258710794578,234605.32041778316
2022-05-18,12.48377915292198,12.587679442512412,12.364114289911482,12.50942336331504,12.512968818378807,272603.4221993101
2022-05-19,12.71473716274209,12.737260619782424,12.649801467561886,12.721577069772628,12.718654864645512,130964.6111579668
2022-05-23,12.239205158392442,12.269460697308688,12.134582533022895,12.242893491492977,12.24254897683284,260264.67075453236
2022-05-24,12.38224955846607,12.43496962188931,12.34650787555069,12.351815685991506,12.351709821897437,267149.5420640896
2022-05-25,12.454698219970906,12.498348880672788,12.427614704047668,12.458282146103414,12.460830420660905,310691.54024041694
2022-05-26,12.322544360170165,12.43630855133838,12.22506397745091,12.333300509379898,12.326150007075066,385424.7019296248
2022-05-27,12.40297076975609,12.448006272623577,12.38923696740199,12.4015535057457,12.401187861255782,268283.11773309566
2022-05-30,11.940361032265372,11.982173700088106,11.809275149707917,11.935731214031165,11.93354369804668,360755.0533194255
2022-05-31,12.303131394999276,12.313895615651765,12.201275570445423,12.29189539933282,12.294928245623236,544766.8050522365
2022-06-01,12.664655216739586,12.724982426343306,12.634324787786907,12.675679797270794,12.67739332291907,292161.90512959246
2022-06-02,12.49180662592846,12.56975699206885,12.486123852523036,12.511673305264368,12.516097532665544,165234.40892893096
2022-06-03,12.891494754358154,13.011635127353893,12.87950626443675,12.895984078108336,12.89731007346919,583498.2119667407
2022-06-06,13.127887887115376,13.141553897032642,12.9561174078372,13.111614762899322,13.1153431246997,290523.077111016
2022-06-07,13.917859767515225,13.980307118323028,13.83870331027868,13.905211944153695,13.905490911829254,677077.4327562574
2022-06-08,13.822278791965996,13.956558961332592,13.762988477936062,13.81156130778749,13.818671937247093,226302.5204100341
2022-06-09,13.622277038369964,13.653964997370691,13.579545493658616,13.619348342806784,13.619190467115793,445091.9990434401
2022-06-10,14.0314472432344,14.032101191951948,14.01090398858058,14.022312637483957,14.02006345581649,228199.9275060298
2022-06-13,13.846811932044169,13.919704103974496,13.741912167999317,13.840607446719124,13.84374012559387,285019.66821487714
2022-06-14,13.421059372846264,13.433279212637975,13.35266824815344,13.42716293405994,13.432190434089094,148866.89880007753
2022-06-15,13.83247683038168,13.84232715874231,13.73958238324256,13.822973107947044,13.81967271711448,275558.87375639187
2022-06-16,13.885421105265992,14.10039247958028,13.834217123541716,13.858105481856674,13.85660690585712,692875.2449872462
2022-06-17,13.507503730221066,13.58150112115604,13.454584071592285,13.498541819271503,13.497140464169965,365078.4912322636
2022-06-20,13.376688569193776,13.403602941718889,13.317266628970945,13.376735486752125,13.382448422463934,387446.6626905405
2022-06-21,12.711645755208908,12.813373800313034,12.700043986186149,12.708031773423317,12.706542061122594,211942.06341704028
2022-06-22,12.720198138066396,12.739391677748657,12.6592770212041,12.736672078649082,12.73490344691795,442027.2040916949
2022-06-23,12.334541675751824,12.359316094779558,12.293332726015407,12.326715766448125,12.322758659511344,360457.1797156066
2022-06-24,12.425599769518216,12.59977455543435,12.36759544262237,12.415483589097589,12.41582202893969,704082.3387951374
2022-06-27,12.006939965178914,12.096076665953024,11.971141668326968,12.025519471972268,12.029689433493523,90188.56127555574
2022-06-28,11.166382796336055,11.19997492091738,11.10328798551268,11.156415679742103,11.15613651067404,241898.60268873573
2022-06-29,11.149173982928446,11.20667955489938,11.10268729418201,11.148585542501364,11.14761996937004,608084.6114910448
2022-06-30,10.747784556369096,10.875945259857662,10.734327775013892,10.751498634138368,10.745348864325608,280446.65376477176
2022-07-01,10.675645676283937,10.700143760346462,10.653595769472116,10.67130158766961,10.669177622107018,383661.3895566626
2022-07-04,10.483844378922416,10.551322828326064,10.388365847493723,10.499658808923218,10.497436225572011,207261.46102913853
2022-07-05,10.60307418541955,10.588123139180546,10.504898037449491,10.584951526159148,10.58571241712142,524450.7253189449
2022-07-06,10.450189136795462,10.478546350806846,10.41296192346155,10.45846674234182,10.45605728809238,227731.06727612388
2022-07-07,10.520523961771785,10.550876881409952,10.4827191679284,10.512082781635147,10.511676315943664,361903.3803290792
2022-07-08,11.10902082574246,11.22683148514414,11.05559215771868,11.108762094673056,11.10987075299198,165339.31178496106
2022-07-11,11.105525074188767,11.134507475625274,11.011242507274927,11.10503181738961,11.103366572124022,88368.3550482474
2022-07-12,10.89667066263086,11.001060421336373,10.894564995751857,10.904432892892183,10.905434825726784,132130.43018381865
2022-07-13,11.145041440708978,11.180093104740278,11.022480229909322,11.140547796648834,11.139735805334867,240745.67984233407
2022-07-14,10.964661037256215,11.062157935809276,10.904810062608638,10.99141948990917,10.990157413983368,82776.05473377384
2022-07-15,11.248303325364072,11.3281295054005,11.193164329220783,11.246544514555945,11.250084029081398,195815.3436736597
2022-07-18,11.3646390865119,11.39318431398467,11.33801870248901,11.352251883004618,11.350594889605691,299232.2409208805
2022-07-19,11.459972206999629,11.470096488587496,11.407516980194185,11.45377412510867,11.45319961302064,171174.88775110996
2022-07-20,11.577068760694154,11.635746860473107,11.593790545675455,11.598339473447057,11.59498418696944,188766.46357488615
2022-07-21,11.36893867311583,11.390811179340735,11.314772011247513,11.381312650514824,11.381098929180045,712213.9899435714
2022-07-22,11.65129595468561,11.65639852296271,11.654071317055331,11.656327751433077,11.661435981669936,51061.41957311742
2022-07-25,11.570155760920528,11.620224320328791,11.566493101611304,11.571767668780373,11.566922300304626,299467.7017854138
2022-07-26,11.600022690193931,11.609766919981633,11.576764806463016,11.587845713012998,11.589724329359274,190357.7332961111
2022-07-27,11.490298704623507,11.578629126729696,11.476570760591466,11.494294590953093,11.493568691775724,149256.67273295985
2022-07-28,11.662694346246983,11.729545367422483,11.582993811257088,11.651166831799518,11.65226463157126,321314.3446272447
2022-07-29,11.511301688792974,11.507117086599663,11.473425113809611,11.501641426383989,11.502147121519029,388771.7870521074
2022-08-01,11.567542723024852,11.588374926540554,11.530266784433705,11.561336654547304,11.557531885969968,349007.6661052921
2022-08-02,11.648271587958972,11.663505242699712,11.58955355213175,11.642739424172976,11.643618457399445,81167.29218039066
2022-08-03,11.800769409797406,11.815463834091274,11.725468241304572,11.792057167681447,11.791543547082586,61916.66055322411
2022-08-04,11.614239999907962,11.66455881195532,11.605617300758206,11.614757740392696,11.618685881032745,903059.5836525525
2022-08-05,11.207806296890812,11.21877873306484,11.152566354107943,11.209638478167747,11.209433184170866,529240.5540511232
2022-08-08,11.521633126033464,11.616668758828308,11.404747166335522,11.51938039208329,11.520689906153098,294894.7429586218
2022-08-09,11.838009121411602,11.848743558921504,11.767512535048477,11.828938969840582,11.82905418334022,257835.45869272455
2022-08-10,11.910048149667228,11.935960296953963,11.907534962229668,11.911588239929996,11.914914167399443,278702.66542380466
2022-08-11,11.98235983700624,11.979199812321642,11.939364376750744,11.972463401694547,11.97660419495266,120056.10612426048
2022-08-12,11.626752633766984,11.671108963246969,11.597353375477104,11.633582034340067,11.634494961151448,279838.6204409304
2022-08-15,11.660414705655612,11.758937914332812,11.622984555510362,11.657316087590331,11.661793034547872,504623.33160373376
2022-08-16,11.466803738590215,11.48651660799792,11.479467872069533,11.480721057516924,11.484628126980612,574622.9978405418
2022-08-17,11.365406982415909,11.448896313567955,11.350214969292804,11.367557583050376,11.372488486036106,356633.4936484088
2022-08-18,11.53719710724712,11.57876082289168,11.50759670875754,11.522509734582217,11.524859345531056,145501.88661657518
2022-08-19,11.529118543165268,11.544030657679416,11.349954817595028,11.515078253519272,11.512594994976396,342796.75763571647
2022-08-22,11.441005281433483,11.450437603473796,11.367904855942944,11.43149168710362,11.430216838448052,200914.0199690445
2022-08-23,11.80546161842966,11.802679529715652,11.785699098845685,11.785720297668076,11.791335516047132,401237.1160224804
2022-08-24,11.84025468482482,11.850615394822192,11.776011383427424,11.834546234367604,11.828014995194424,294436.0050127524
2022-08-25,11.519967305852983,11.593684058875349,11.513258620884514,11.52447773030546,11.522874898249285,192920.47928767523
2022-08-26,11.576611658376589,11.650066458813296,11.573826914867002,11.58412816424223,11.58467012655391,225102.50373268043
2022-08-29,11.641171405154717,11.64564414054401,11.6157135094265,11.636767273179386,11.639908729466288,424200.54188338417
2022-08-30,11.644351250926082,11.742297816397846,11.580302860012136,11.649988836546884,11.646699644281416,515542.25295226753
2022-08-31,11.02749148299769,11.025728861852086,10.927590522224804,11.01550352801801,11.017562010613911,193409.46405547924
2022-09-01,10.726823771633445,10.789925559109893,10.668655807526074,10.745080824013518,10.746472091121236,281089.9719961069
2022-09-02,10.413301619628644,10.430396952307294,10.36763250812811,10.40104423097382,10.400991367180463,407742.5856166735
2022-09-05,10.42203090161152,10.455192077749082,10.412230378876863,10.420562360419003,10.41840284762928,236208.0539995719
2022-09-06,10.185506560643883,10.187788593675924,10.13409971375646,10.170279668444635,10.173709866479058,63504.034566179485
2022-09-07,10.02411972308444,10.036053263676685,10.011625863590805,10.026410178184026,10.023953428411556,551111.6842060005
2022-09-08,10.406963430256576,10.494160229919624,10.412005439657538,10.418019117525713,10.418991195313602,229431.6277631503
2022-09-09,10.522551641459296,10.548131336638598,10.486442945819752,10.537967221054686,10.541421431728873,519283.4579225181
2022-09-12,10.526460819985145,10.564391541717312,10.50893046625814,10.522224033881583,10.521645394452822,186714.98208028564
2022-09-13,10.656150723742964,10.692133889862715,10.61836704076027,10.648797849313766,10.651352403555716,196744.5491821984
2022-09-14,10.536868923649624,10.537391987170018,10.519184404399164,10.52077533219822,10.521068568790866,310129.5651736793
2022-09-15,10.771018115376185,10.831803257877905,10.742751462474404,10.7745699789425,10.774970486100804,221081.9645394668
2022-09-16,10.477758853700855,10.538010327235474,10.476796404062634,10.485485739623186,10.484842249514305,456755.9766918388
2022-09-19,10.619834448934547,10.70561015493858,10.64471349339929,10.646821508183852,10.645106557409852,398921.1508256379
2022-09-20,10.563395595400118,10.671375245204164,10.532088647663734,10.5757346458327,10.578174531698217,151703.52021448835
2022-09-21,10.782915678653852,10.768397279692246,10.706523167240608,10.76762837259638,10.766776873346508,825880.0008007694
2022-09-22,11.407504801477884,11.469730395091515,11.37707297211784,11.385095535815204,11.383578813487503,253252.74348268448
2022-09-23,11.845897323367216,11.90347571407233,11.759917166475171,11.835976349930432,11.836016094939868,465668.14734264143
2022-09-26,11.631127741511673,11.622174433320293,11.550429618406667,11.621081371810574,11.620861269936958,410584.6039567975
2022-09-27,11.64796926865733,11.702514881723804,11.589718862857568,11.639277965803585,11.640790062127891,409503.8437153555
2022-09-28,11.734915589815662,11.79058403516571,11.71535358139512,11.740621063829913,11.74137573356027,190851.2282173837
2022-09-29,11.368817950754316,11.49056667559439,11.311743576959168,11.362062254913033,11.360726075122876,150754.1875780204
2022-09-30,11.5015891983995,11.56944913598953,11.460034310252878,11.487078299873676,11.485408590848769,247857.06346109792
2022-10-03,11.198967386853653,11.204155675809076,11.184619888349388,11.191016468413585,11.192819336382907,512313.7730528646
2022-10-04,11.287837687716184,11.344176412689825,11.198199653027409,11.300950312890992,11.298722656868312,680025.8723722579
2022-10-05,10.95381135356211,11.01949377140073,10.913211893951448,10.95707846228358,10.955008548753188,205067.06250106983
2022-10-06,11.07670190973762,11.094192017925405,11.051702609688574,11.083723977623684,11.081670969567428,124533.4018188893
2022-10-07,11.152299188846188,11.210674380751348,11.10015977107205,11.159224416746492,11.158641703101742,179141.60195436166
2022-10-10,10.791272849274426,10.885036284931935,10.749082091464354,10.795007480093156,10.79879504283931,241938.4624086284
2022-10-11,10.608450052003514,10.631150317279486,10.601977002125633,10.62988031145425,10.630574270622269,613248.2138485435
2022-10-12,10.510507993538669,10.529308777242257,10.444886804010372,10.514266853635938,10.511134510467285,326200.60387949937
2022-10-13,10.66554065682611,10.71120550858897,10.661382965117864,10.670121166088748,10.669152278745011,249470.39396078628
2022-10-14,10.613347496863293,10.664998494939097,10.610140758589086,10.624893652328169,10.625734623307496,319012.8130488417
2022-10-17,10.835203252265527,10.834550244032112,10.75388616484739,10.817814432622464,10.816031293312497,412323.08219075936
2022-10-18,10.515679922128964,10.553372201826129,10.422988103090644,10.509135031869825,10.51150023809611,354609.60117643786
2022-10-19,10.807151579527428,10.888426925547757,10.788780338653554,10.815745929130667,10.818819034334258,212043.6662721369
2022-10-20,10.857880847802948,10.89650956879628,10.795884259165566,10.850884220280138,10.854458268057863,261066.5292624288
2022-10-21,11.06233214461406,11.091257917241366,10.998681301105508,11.044228494482862,11.0437356997603,105504.16406410736
2022-10-24,11.294592503883024,11.331866081102644,11.268275360581631,11.297319511733756,11.299658125467506,596928.6853195697
2022-10-25,11.399257952746511,11.416268055761282,11.305944163636322,11.38556839869772,11.385987816632774,564217.7032122229
2022-10-26,11.401776196830944,11.419950164576676,11.358546137910247,11.40259059644562,11.404217412621682,193208.22736128196
2022-10-27,11.071570670696168,11.108785161049347,11.0740187723717,11.078410487942822,11.079593853354904,486015.83199509216
2022-10-28,10.955235511575902,10.995217981299149,10.925640363975804,10.940566178853604,10.939870914085825,340644.0450071674
2022-10-31,10.895194022587628,10.931089632903303,10.84012150085391,10.899023908794147,10.899890400795726,189047.45266119463
2022-11-01,10.511281689890016,10.61638485899077,10.458057740893532,10.519938232033311,10.520581653596448,176378.04346974503
2022-11-02,10.241206626996377,10.296779137482444,10.192910731930152,10.237200759346024,10.236356485617486,151726.67041135012
2022-11-03,10.219111650501246,10.25587174794656,10.197698537350508,10.21748649146723,10.213463328864966,673004.2388537112
2022-11-04,10.37642052421645,10.38059260893418,10.29203885381162,10.376441992589726,10.378097679855058,307310.57486017025
2022-11-07,10.271016465488582,10.352130397413202,10.263680625758516,10.277250329965492,10.279613336928408,564901.9617838329
2022-11-08,10.19069095746992,10.238316369251352,10.157426558677622,10.185858634244846,10.188636146285845,402717.2843367468
2022-11-09,9.919196693692736,9.953226316488776,9.862115093374646,9.908377769584652,9.910938739004298,499633.3162241587
2022-11-10,9.643814134029862,9.739337271498885,9.621210847067823,9.636734771105097,9.638881583403364,426964.8451719142
2022-11-11,9.618801236902694,9.714974872730206,9.632519352784184,9.63427264890412,9.627665245696177,384708.8658962083
2022-11-14,9.506978251312493,9.575943057684157,9.505784939256827,9.515887970716191,9.513859408580306,166739.30286626198
2022-11-15,9.562396227389726,9.603454020946211,9.482828982979017,9.556952664315924,9.55684065882384,577696.7120518057
2022-11-16,9.580736192570996,9.578908784517353,9.56976417542687,9.578721915995857,9.580004862826616,358797.98602814245
2022-11-17,9.137761336410716,9.121157725908304,9.097143275445267,9.117739045185216,9.114808957727387,155284.32165541284
2022-11-18,8.97745023203373,9.096173497373108,8.942095466121822,8.969479180068852,8.968402444075808,397874.51557470864
2022-11-21,8.85108815396734,8.904399538708006,8.83664771914566,8.850655892824966,8.85410067529315,131415.06663983065
2022-11-22,8.96992151713775,9.045277287149132,8.919303163862583,8.969283987641807,8.973334347171518,847842.7491711958
2022-11-23,9.142520637057196,9.156867776670156,9.131542027441634,9.152556955775786,9.14699110174852,230063.8883976756
2022-11-24,9.196840641036136,9.21578933966319,9.106277737807869,9.184798131353284,9.186285702651626,89591.8274923603
2022-11-25,9.41583554442138,9.415166962255578,9.35191872391674,9.40893852327248,9.408089955747796,118417.90458623812
2022-11-28,9.714472423928976,9.73148444689924,9.709104885375238,9.724598979139929,9.724791765408842,463629.1486008173
2022-11-29,9.281668483878196,9.351533231202362,9.246760744306185,9.281829231724004,9.282198916676611,197492.23522380585
2022-11-30,9.317032229293211,9.35311728442054,9.281814056899174,9.319434540976932,9.316743268710429,113082.71866658377
2022-12-01,9.017276369967313,9.09954445502308,8.994509989121164,9.028463115624858,9.027303878623968,244793.5486040054
2022-12-02,9.048562269483238,9.1130170624688,9.02273653641913,9.02914553965411,9.023990580098808,116158.85199113704
2022-12-05,8.633095567162758,8.639290017469309,8.603079262788563,8.628559975610017,8.627666403664806,147019.47116900166
2022-12-06,8.629852099050126,8.658506553760239,8.610603631782716,8.614984109543677,8.613165017054936,64709.69668619344
2022-12-07,8.944797685578322,9.013592615269104,8.924052074560752,8.941524886302316,8.941734313234644,691146.1485142863
2022-12-08,9.006912228193222,9.016498520963683,8.975001201281573,9.01542759051943,9.013395405238713,272125.0104988031
2022-12-09,9.174811203464944,9.193411292369213,9.177661637356572,9.190000426986437,9.189895214267404,279147.2319245772
2022-12-12,9.194459791951768,9.208440258663078,9.078998754399905,9.18564652677977,9.184366477166304,209602.16218613932
2022-12-13,9.487499151621572,9.565983349961664,9.46810738076064,9.507217315456613,9.508092742402948,150247.7124524372
2022-12-14,9.75104742462736,9.905373242937204,9.652943581955803,9.75767096579042,9.760746740773044,267604.93644146
2022-12-15,9.86531431685695,9.890739212095216,9.84094311304129,9.86234283407292,9.857923071607004,205454.98814044357
2022-12-16,10.494880470778453,10.55140719576458,10.4481648640128,10.488776507120846,10.490411984696204,157053.5016817704
2022-12-19,9.665461928531844,9.778898398133308,9.644175056626215,9.67190333733282,9.674119739065034,132976.5160567197
2022-12-20,9.816111258075804,9.855182359022129,9.786497747985278,9.821284428595742,9.821304465230943,265914.46594352217
2022-12-21,9.665660546156104,9.747506417217044,9.573228514398105,9.660974916759562,9.661077897082384,287326.44120402314
2022-12-22,9.617651273244652,9.631673123563024,9.582615882560535,9.62451462414466,9.626329741617251,309044.5302535161
2022-12-23,9.224910321398813,9.274437421117897,9.154974179376422,9.215923537112731,9.215019913016924,327189.02080281934
2022-12-26,9.158849896353829,9.165214247508333,9.154775521512631,9.155539988576386,9.153861839846252,256357.04366530164
2022-12-27,8.939538718730057,9.006377967108842,8.944981853619241,8.9514036241466,8.952596079611402,1017543.5256841924
2022-12-28,9.475381987746076,9.501168175648017,9.391203202924912,9.476455104703298,9.47733019849133,1566788.2834116009
2022-12-29,9.60379809461255,9.62581795651666,9.478695784307638,9.606458434442306,9.60551162234288,492105.956018228
2022-12-30,9.446464038827564,9.45477104996642,9.416701317761076,9.442598789416538,9.438702088734342,479669.48997585336
2023-01-02,9.793115603276938,9.834295000144609,9.77259490776368,9.797778499620469,9.80023215357614,118043.57392170264
2023-01-03,9.8932705493579,9.950674411504515,9.890189665253503,9.906566424435656,9.907998324141762,173881.28728206843
2023-01-04,10.275067782557157,10.324997603380078,10.220390750276326,10.267460453102183,10.26731122026335,158793.34163195355
2023-01-05,10.170849414373585,10.20764393823702,10.157494250404106,10.15944509110679,10.160049862522031,586898.0084387091
2023-01-06,9.64968815995146,9.677590628476825,9.592708866225102,9.653739430544706,9.65665786383484,218157.6102250416
2023-01-09,9.574464370713631,9.631898628336968,9.515965467442014,9.584429703876593,9.584624366858504,391802.8012935128
2023-01-10,9.615049346491787,9.6712931281901,9.6034946048269,9.623144054622726,9.618736594330011,432963.60694570845
2023-01-11,10.043483799661583,10.07657981468817,10.017421566834066,10.03355965742225,10.035471609234293,262347.22494851524
2023-01-12,9.998846528064814,10.038556240248887,9.930211414734648,9.984402520187832,9.988815264073065,286091.01882711303
2023-01-13,10.22175147645385,10.218466080235856,10.190318891408722,10.214644351518888,10.215401126457229,200343.86621863965
2023-01-16,10.02881112384238,10.087643063661996,9.95170152421527,10.035513851987348,10.036093932921617,355301.98816838546
2023-01-17,9.754189660596923,9.776545264752553,9.687836517940063,9.748475959290952,9.74718893386576,204681.11711388017
2023-01-18,9.776403388039164,9.777595308568586,9.754323981577436,9.763086386153295,9.762771707504,489381.2977564033
2023-01-19,9.795048402643074,9.860004704032107,9.788077213967608,9.801005722694182,9.802561369461417,363317.76158461726
2023-01-20,9.706756725371378,9.728662878153504,9.7008939167514,9.707177446474876,9.709096447936789,254479.1620216969
2023-01-23,9.433653661596624,9.437025603976553,9.368963375208384,9.422425834239984,9.420999201913476,294547.92598150624
2023-01-24,9.644183455750897,9.763334536707092,9.590814504623664,9.649989232652716,9.648438048765836,186391.28151256355
2023-01-25,9.688130840468023,9.677239557711196,9.645112410488846,9.672361195427834,9.674526926713389,209647.36738502025
2023-01-26,9.792038766848142,9.82762857148306,9.763627036301566,9.795106785525691,9.800304844798871,148507.47900215263
2023-01-27,10.107774660251197,10.102023400655838,10.071194931161887,10.09362267194128,10.090277710748456,111737.04553735316
2023-01-30,10.19420929436362,10.239839133387791,10.176265343753034,10.195468143723,10.190418659246063,207332.6925392255
2023-01-31,9.820290843210572,9.875942804855605,9.80999251200305,9.827485586386926,9.827116181286828,453540.1395981149
2023-02-01,9.955787653895031,9.975015724484358,9.924871619946948,9.972045508645904,9.971629304090632,239968.41774114507
2023-02-02,9.930584974389452,9.94387584905964,9.9278967755274,9.93863217824579,9.93860846110034,160323.0261296963
2023-02-03,9.922358305508125,9.930854916442064,9.894876439878374,9.923007085680624,9.92000526487353,139955.6951549451
2023-02-06,9.744330459122354,9.797953935640836,9.73003118161147,9.735449533137016,9.739311956097778,196347.09808713925
2023-02-07,9.878460705417975,9.882322291009771,9.851263349201131,9.86976772014406,9.8705647090285,410653.4208484791
2023-02-08,9.745281964641393,9.818575249860157,9.696127584461218,9.756694239938064,9.753366454569717,119525.2037222678
2023-02-09,9.64814706496898,9.695009167322432,9.613975633663918,9.649436090313184,9.645215018495469,131964.67904507986
2023-02-10,9.549914715358373,9.575859944921666,9.510534105505997,9.546366233829554,9.54623837365348,762418.6657346355
2023-02-13,9.610632262097582,9.611219903990037,9.547505085721513,9.610017718397858,9.609196508168438,495380.19829193386
2023-02-14,9.753637598766003,9.871348896372853,9.752036192250896,9.754130335798658,9.75713804574265,219405.5131468292
2023-02-15,9.885484268392355,9.89316138484356,9.841894125632807,9.891043603868004,9.892209341869425,166361.6817470393
2023-02-16,9.59584395186255,9.63941206276844,9.40648904476478,9.586240396666458,9.58498836013349,335140.70649548486
2023-02-17,9.69021488472845,9.724799207601327,9.659919693674254,9.69373774316233,9.694670974144264,148865.79508811815
2023-02-20,9.381690296360436,9.434340591787882,9.27595836177197,9.379891998056628,9.379788102947408,233773.5029435007
2023-02-21,9.492141246383769,9.498698465805598,9.46859752497056,9.481092931449703,9.48112814194122,332556.4389855764
2023-02-22,9.776867978935556,9.802835761815128,9.783161342764108,9.786345482524515,9.784910289645737,153996.28476683435
2023-02-23,9.70079389564432,9.724052024181937,9.636355695470913,9.713680856349685,9.712896959591582,381157.8139294581
2023-02-24,9.68858936834018,9.729842393097602,9.678908973922429,9.692661862034193,9.691533157509229,208537.207116856
2023-02-27,9.41247302932765,9.492504509557872,9.307502780698444,9.4034210972994,9.402197222679352,228393.3606882248
2023-02-28,9.634942582166444,9.666720616781513,9.60810009154506,9.63230894901789,9.633163753293257,638393.7912395851
2023-03-01,10.106074932463256,10.123438891469034,10.076058576353436,10.108494625470277,10.113810822612251,289756.69102170464
2023-03-02,10.63230767089474,10.69067532838099,10.6143183186593,10.634609139127887,10.635041935251738,1007503.9329321592
2023-03-03,10.602412167850902,10.619668838366886,10.558443443234708,10.599350225537007,10.59145345631315,387463.5660853472
2023-03-06,10.601591945871812,10.614078069058282,10.525991205730806,10.610961810220209,10.61182952179239,744010.2970608595
2023-03-07,10.64622804513673,10.645892791092496,10.592779224346188,10.64339965365436,10.647567379059822,63372.02229409414
2023-03-08,10.717657727466182,10.712367597258684,10.592040644105571,10.70544350934147,10.706789865765929,174263.83474483422
2023-03-09,10.514007969369958,10.522543207172438,10.493897077418517,10.50591730176814,10.507106410062791,257225.03896487216
2023-03-10,10.181232825517156,10.289348709017972,10.168421580585758,10.173023255607102,10.173675370129288,50248.11719162993
2023-03-13,10.136773008758968,10.20954139597687,10.133601606395915,10.150713843175494,10.148717141721889,588508.604445548
2023-03-14,10.040857366597864,10.044865735904684,10.027019203272,10.035999858300894,10.03707410539351,119861.87372793574
2023-03-15,9.85717147264896,9.898882572736202,9.82803536033418,9.85615526220564,9.858881110708513,206948.60946983047
2023-03-16,10.119284868852832,10.125659895371143,10.066761994366844,10.106605193427985,10.1056330207194,246787.5714088679
2023-03-17,10.048935868777525,10.07811267237652,10.00605484161784,10.055268086790583,10.05844259726472,140443.3456203829
2023-03-20,10.106042862939468,10.11058389064222,10.063469517249974,10.07641743982936,10.075508636021244,558198.8259195914
2023-03-21,10.253482389770436,10.26936605575989,10.240585949125094,10.265377635280576,10.262219071039269,294605.82642840926
2023-03-22,10.153368802865094,10.156859413740808,10.102765727087297,10.152137392226276,10.152822877353987,286368.4784487279
2023-03-23,9.910465218967062,9.986622910553772,9.885562307092796,9.916300180198109,9.918983549145617,135177.21080966567
2023-03-24,9.820627670534412,9.88919396807192,9.805601493107076,9.818427485479129,9.822551341774092,458627.7664988104
2023-03-27,9.905536343497358,9.92864605774207,9.897851804271236,9.911519173167196,9.913720370636916,183531.00587051568
2023-03-28,9.730891197578725,9.732511301524577,9.605730971736792,9.723735154697447,9.725784768795156,192616.00358284375
2023-03-29,9.761012198563051,9.788382139598935,9.723796210173262,9.764129109172098,9.765435976801417,188291.12138382084
2023-03-30,9.71864317187968,9.769470082025228,9.686807415746598,9.733672034085656,9.730217238261105,88964.38029045817
2023-03-31,9.64861322181427,9.65567144472847,9.647306181827782,9.655075935279427,9.65763676154758,314485.6639642274
2023-04-03,9.638190009523177,9.672859944365223,9.597842072564951,9.640288243589092,9.638241842420436,480410.6228036866
2023-04-04,9.620811169127158,9.639751555673168,9.594159608906672,9.629719688986825,9.626419844537844,250074.77305506036
2023-04-05,9.722250374683822,9.714308361705712,9.676771326257098,9.704570255295742,9.702268163821714,521045.1167364231
2023-04-06,9.60319718902039,9.632143754068949,9.546531641195886,9.587520036139177,9.591435709304532,406893.5347540501
2023-04-07,9.289944842948152,9.378128873807746,9.238494779915646,9.287701175895968,9.289318203129266,625614.7547803199
2023-04-10,9.071064779065418,9.153994799924222,8.98981245667474,9.068178529420315,9.069802402602924,218348.54365640317
2023-04-11,8.830909111452177,8.947930820904498,8.75602653081372,8.82528842154121,8.82578369741677,311205.6514164425
2023-04-12,8.592556796855527,8.602439515018515,8.49207595822673,8.593568616942498,8.595178785779302,480041.521839016
2023-04-13,8.597505174605097,8.682698148110385,8.573545506366289,8.60253893562724,8.60473956507525,255628.865103096
2023-04-14,8.517790285318778,8.54349305877875,8.495369162884316,8.5261820539079,8.526708400735025,308551.9927007651
2023-04-17,8.523507237936151,8.594617351905475,8.534523749404515,8.549257387981712,8.548044644771505,272139.85972491576
2023-04-18,8.647889211854215,8.701363617620007,8.540042426140854,8.643779290463906,8.643098414918551,170847.99195859794
2023-04-19,8.603832494339324,8.649519429875191,8.537887835898191,8.598032776884777,8.598248177598409,48404.32500731687
2023-04-20,8.424152864022416,8.485483024083168,8.4194766795778,8.43267518878845,8.434227065853191,232191.2879305441
2023-04-21,8.274283370347828,8.29443937803668,8.243644721473467,8.266691622234775,8.268927475644958,320749.7903261595
2023-04-24,8.683743472210121,8.716347923805431,8.654341597911536,8.680299655341942,8.67955835034694,269181.2255216349
2023-04-25,8.836062573161508,8.866538045816817,8.770126411693404,8.826381514050178,8.82329870495336,310287.575906719
2023-04-26,8.680393058111125,8.700872042126875,8.646871599192123,8.688904109292245,8.68406913323443,152041.3613319196
2023-04-27,8.72378995397721,8.762275269896502,8.607929614722671,8.726878878174187,8.725029387932413,223317.65245302097
2023-04-28,8.79681000249272,8.833125195443074,8.782644034694068,8.80930980184968,8.807237644463045,124892.60145067408
2023-05-01,8.99164267306467,9.02213105119111,8.974839730975058,8.999784475759812,9.003111384795178,261775.6365807197
2023-05-02,9.214238463461314,9.292967036751902,9.187557950140624,9.22348324444257,9.219357336697756,250545.29055184123
2023-05-03,8.930914205896462,8.936630007335012,8.881970926724925,8.925376927482453,8.921574468627096,443294.3348751808
2023-05-04,8.626882592116722,8.666811916969907,8.542246536876823,8.61907782718729,8.617550128822508,306727.840511402
2023-05-05,8.421025657962229,8.46649445689922,8.417843001899124,8.42338222444132,8.423475722471613,125637.86724784244
2023-05-08,8.637474120201821,8.707017131272176,8.620335646308378,8.642727814469845,8.647014526366213,147879.83148506584
2023-05-09,8.217483017914546,8.265151863416841,8.168635057159591,8.225555435392112,8.22693838532784,200459.8084373368
2023-05-10,8.206576074156354,8.268015501422191,8.214479852567413,8.225050710235752,8.225060530080798,263354.7627687725
2023-05-11,7.918269119715219,7.925305569681552,7.8628663177237055,7.91966799271551,7.924342792855751,210793.5925377001
2023-05-12,7.858842986074186,7.879608701091562,7.830567519442384,7.851109498610095,7.850358417787191,241558.67791943208
2023-05-15,7.920520122455326,7.941905333021594,7.896670332685614,7.931046950647153,7.93376980789381,455220.9015664522
2023-05-16,8.130737554325789,8.180938958389866,8.06408801925335,8.137997279952403,8.138623146543855,261236.5686601506
2023-05-17,8.51426671751942,8.587495138745554,8.497228180698373,8.513016985236234,8.510496949568646,214202.552945142
2023-05-18,8.503265446920263,8.498585759854146,8.473876175427348,8.489781347582642,8.490509113838344,197272.67717832336
2023-05-19,8.787129790201632,8.78479254450953,8.77454178297336,8.783191146407477,8.781264700076516,670019.0818934568
2023-05-22,8.844719227769877,8.851069483809274,8.766418414881123,8.836586750301182,8.833438544947528,196799.8716912638
2023-05-23,8.500866179963223,8.50792553211853,8.430565216743899,8.503760000175872,8.50054587707396,479693.5811642469
2023-05-24,8.772934836885597,8.83511384059601,8.707312786019402,8.771295811416966,8.765336268439262,281520.882546435
2023-05-25,8.251860927240799,8.268424061164788,8.220121116886125,8.246787467329286,8.248685741763802,189311.10935059455
2023-05-26,8.294785213619468,8.32873297315755,8.253007404077549,8.27845216329765,8.280362075072427,253230.11607811903
2023-05-29,8.196393018982628,8.204604287121326,8.18386067307175,8.200081937674634,8.196885731966063,151487.50979279508
2023-05-30,8.164305577633105,8.18923475332132,8.159172977276947,8.164270457202138,8.164385256594935,326647.9790461073
2023-05-31,7.919181666541426,7.93487687350059,7.864511337528002,7.912718478898376,7.913032871040463,271243.65753672976
2023-06-01,7.694433041503078,7.707700301362339,7.696366359170757,7.705976261453505,7.707529139080202,328389.3342375636
2023-06-02,7.413063914892115,7.4300704953993,7.402563930392049,7.41705832073514,7.41470753969023,138150.12831572088
2023-06-05,7.262323429268363,7.316978821860455,7.260959023772402,7.260961231140818,7.26160532087551,125863.83921229184
2023-06-06,7.196679858384246,7.227149699106054,7.1672097393108025,7.190683567824023,7.189318133757861,140612.25456065254
2023-06-07,7.064458001790512,7.1273513184573405,7.035256874071505,7.070088211628648,7.067829623829188,608658.128457861
2023-06-08,7.169794500613524,7.182928035948379,7.124721786972291,7.17596489647488,7.173381769956568,130199.48357154384
2023-06-09,7.21690954301502,7.216623252212112,7.154707671586879,7.212620678480662,7.212620678480662,607367.5415160675
2023-06-12,7.100894076676629,7.10710879112718,7.088071370685579,7.098463564664169,7.097790683756182,185684.75487523264
2023-06-13,7.059245352135712,7.098809648475685,7.032091784472552,7.0532489251812684,7.053859278727486,298647.27042132383
2023-06-14,6.892431178203553,6.910678159400682,6.855030321622427,6.879168766518678,6.8811078497068365,139725.72046296098
2023-06-15,7.068075826824264,7.144266830092597,7.057689408679191,7.070727847870962,7.070308870092385,112406.4321643052
2023-06-16,7.001461494058266,7.024880449474426,6.973465951398759,6.995323270110717,6.994917933104475,485120.4414851351
2023-06-19,6.745581186465694,6.751099987385572,6.7126724919269405,6.746085702060844,6.745587719203058,285217.28025946126
2023-06-20,6.800163859385571,6.811625548770297,6.774674323253604,6.802039059655968,6.799167560497651,575617.3696424272
2023-06-21,6.627328020750625,6.655610452899631,6.595279095347067,6.630362139784147,6.629800181789085,229662.6434782144
2023-06-22,6.686100424042049,6.697951281423799,6.640141810916785,6.6770968559571,6.677755127960359,642977.0669246797
2023-06-23,6.637227467203324,6.705578533878242,6.580087984439753,6.634758246437849,6.634665430706543,94028.2826209339
2023-06-26,6.365032490439949,6.373760430090735,6.31762104670552,6.362221328705052,6.362576213847246,101502.87565901532
2023-06-27,6.571200688481663,6.590083481429116,6.571910031448346,6.578780749185778,6.576262025849087,216295.8229134504
2023-06-28,6.272598234103706,6.276134186819187,6.263980801861115,6.271044232764025,6.271414830899058,233435.326186682
2023-06-29,6.114142112538753,6.186971737341058,6.110611421392935,6.117285047490277,6.117759906477763,282173.48593702243
2023-06-30,6.245598161529921,6.270133414719332,6.207124652722729,6.244410552598598,6.248022234732082,167571.91935971
2023-07-03,6.350974136582453,6.356870784924398,6.325187220424329,6.353666086563596,6.352004385304782,97076.53508836895
2023-07-04,6.352612490913865,6.362510405179018,6.32733872675466,6.354047488729473,6.352689974462459,122678.14852882797
2023-07-05,6.42118716267066,6.446242588852115,6.396907575322415,6.412730272966584,6.413750590059165,445914.4690224286
2023-07-06,6.256778652547917,6.278491044416713,6.273104601409155,6.273950649740413,6.274402620132009,232081.12522529185
2023-07-07,6.413659019562092,6.424614432775243,6.406630953945326,6.418350375855567,6.416636823973498,246635.1375856705
2023-07-10,6.790870135539585,6.816538719287793,6.756139036810773,6.796074289048998,6.794274321653636,125721.7084902841
2023-07-11,6.934005025256723,6.952332578975097,6.906662822389847,6.934400510484692,6.934049487392885,549869.5397403316
2023-07-12,6.81639610197147,6.852722524474296,6.801172871971489,6.818133007323484,6.819833718633458,269973.19814562943
2023-07-13,6.920746944501479,6.927356838866093,6.908055928040915,6.916428131513808,6.913903845765455,160621.5922727804
2023-07-14,6.700761668013248,6.728381389977075,6.657072708831912,6.699636674489087,6.698633986492022,305223.8183519804
2023-07-17,6.678952912932286,6.690769687035933,6.635365381903763,6.677434568665185,6.675823067647648,538025.9801861853
2023-07-18,6.669658932842127,6.688585883699024,6.6736921389920125,6.681425214368217,6.681433556458418,90895.1329437199
2023-07-19,6.410276704440918,6.419812112535641,6.400420844468306,6.415696370839823,6.41721559400144,217883.78102000715
2023-07-20,6.475737849621971,6.498662346435269,6.441059344049229,6.481664766248358,6.481062061738718,478086.78974297165
2023-07-21,6.350845948380131,6.365897625659502,6.3358256242643565,6.356950721564474,6.357401793759983,71854.5049589974
2023-07-24,6.670571114894503,6.701388564293858,6.623537654119448,6.680523353135563,6.675740235446822,252615.0491688744
2023-07-25,6.306459498439778,6.352868840625426,6.307943244398937,6.312390357468273,6.312075895650414,131133.50757733232
2023-07-26,6.504442481931831,6.555453018624668,6.466607614122285,6.501130996850365,6.502291252568846,128806.93896866728
2023-07-27,6.454630256931782,6.504704237861175,6.424466636267687,6.463416546401776,6.463672958482522,189260.7795088948
2023-07-28,6.383594174533812,6.379279750808504,6.353296278450608,6.378575648397255,6.378196249032356,138399.2902619552
2023-07-31,6.503284920161971,6.54326389919167,6.499287307082608,6.510972307897173,6.510236255040567,109302.41875590912
2023-08-01,6.41139245795901,6.413529529921857,6.355334694334756,6.408374130727028,6.409190136758292,259205.67377295945
2023-08-02,6.459579642968209,6.517280198116065,6.41980779222012,6.468894002557959,6.469263748608397,168142.0916818803
2023-08-03,6.700290136455527,6.729350892634374,6.676673598454438,6.6972100381022726,6.699431035892696,143501.70455036242
2023-08-04,6.547359589001411,6.588631104976864,6.550400594179871,6.558458709256683,6.5575289090557245,252147.69251911645
2023-08-07,6.939877612851935,7.006838585253569,6.926480845333769,6.931275003857681,6.933339179634639,315679.0503470957
2023-08-08,6.84822123304591,6.882367374181678,6.8380417525397625,6.847633268663615,6.848937218850276,0.0
2023-08-09,6.851284516738106,6.903535266566406,6.818974052183752,6.8662557743164365,6.864619681621673,168947.42572324316
2023-08-10,6.944186004455191,6.999269264622793,6.888848874281264,6.9342855245543085,6.934926203494233,101961.91043168308
2023-08-11,6.7460006184454056,6.773427056877011,6.706525117669311,6.740012576154919,6.740421197420727,223921.14695201395
2023-08-14,6.821849231381541,6.854790709277332,6.81347106194294,6.823114968679957,6.822905532613322,140622.48422470342
2023-08-15,6.899446591757511,6.886310813591974,6.863390062993634,6.885261885264291,6.885875462203567,142802.50024150455
2023-08-16,6.836759120855208,6.896118462080934,6.806586457141944,6.824813517318185,6.8242670329159685,503867.0453350944
2023-08-17,7.113305925875401,7.121900125321549,7.1066210205738285,7.113203007471623,7.113883614252528,206372.14364315805
2023-08-18,7.396787291692897,7.463896453898291,7.379328642998938,7.4025616479253555,7.402982070242911,431459.8769021461
2023-08-21,7.49698996486867,7.498273484010884,7.395599044689723,7.495509922618771,7.497675488451826,410126.97320215247
2023-08-22,7.278892635308623,7.298122730710198,7.234046429368599,7.2788465600271,7.279951302616203,382024.4930151277
2023-08-23,7.1278699455641865,7.149962931167063,7.085020257208996,7.129093057599295,7.128868535767943,224801.1313977251
2023-08-24,7.015094924807387,7.0416346586064265,7.011274228739882,7.021944923867229,7.019147690018939,279426.5196230688
2023-08-25,7.166390736024865,7.227172205921179,7.1644723406833375,7.167951015476174,7.167731180408213,0.0
2023-08-28,7.16460897551883,7.185387416262816,7.10075216866634,7.163898757206853,7.161228065566588,318626.92622421536
2023-08-29,7.295911606843318,7.314604098718647,7.276618190540205,7.291134240078502,7.291889210887279,422187.54150445305
2023-08-30,7.19717180588909,7.253185411704352,7.193949477585906,7.197783242058558,7.196336730071816,242193.820542559
2023-08-31,7.20836424491858,7.261904088424104,7.166699904169855,7.212959862572088,7.211228637797709,218704.73431623384
2023-09-01,6.937144131407758,6.9382897734044855,6.93409508192356,6.938232759464418,6.9354575039176805,555041.546399911
2023-09-04,7.072784475050022,7.121681595223274,7.032780310021141,7.078029270939791,7.0771455463206765,172381.4628430739
2023-09-05,7.020843826531013,7.059414119215717,7.0074785629574325,7.034652383067892,7.037071739476926,138799.14548016986
2023-09-06,7.0661858577186,7.057231809866171,7.016305174257302,7.050414382553496,7.050923504107012,244672.9905377136
2023-09-07,7.226719127186614,7.231191255227285,7.209794452959717,7.229336431579079,7.230273180641896,159315.08234761475
2023-09-08,7.427583888226415,7.444867469592866,7.384071535209149,7.422014045814679,7.421737399867943,267443.1204020295
2023-09-11,7.276706967270078,7.279360640551506,7.264595306905002,7.26539062891595,7.265275669352844,155253.8307199118
2023-09-12,7.017258437148112,7.04966928125241,7.010734756934678,7.022286016907235,7.021838209924585,186096.8831877702
2023-09-13,7.01348067679668,7.051399729983794,7.012461780441334,7.016491359521393,7.013670684300509,74081.63563896442
2023-09-14,7.272759070282894,7.290539698932591,7.249103225145673,7.256627557120285,7.258184894356128,100517.66905662148
2023-09-15,7.034333681848733,7.084772782266856,7.003229414763091,7.024065160462538,7.023330640466042,349364.9675788252
2023-09-18,7.030471565857106,7.076833397734116,6.958279843305353,7.029685520830844,7.029360001623801,141239.06268482094
2023-09-19,7.120379104445936,7.135654900797781,7.08836204586277,7.126989946297193,7.1274598262210525,290920.32621810754
2023-09-20,6.762736847790583,6.803464217230138,6.727047984670014,6.7619321969832695,6.762962988769726,269800.9681829522
2023-09-21,6.454475622199772,6.498112244059467,6.412389124710456,6.454356735791686,6.454655115345988,817350.7566959121
2023-09-22,6.42103256277553,6.472679221567097,6.396643638257788,6.4190955509091525,6.419474854190578,249993.77853712605
2023-09-25,6.237587882999498,6.250907440214879,6.21335393656245,6.237312649862267,6.235896525506229,238349.9736478927
2023-09-26,6.214117090187638,6.274598148656831,6.196589297003191,6.211865435774532,6.212688517161098,159690.65325823557
2023-09-27,6.1856399430164455,6.210422869791509,6.150799640047519,6.186931041220096,6.185494197558987,212623.02805121307
2023-09-28,6.148164794461889,6.177504611787839,6.133061234746672,6.15444212204939,6.153302678417391,244225.94686842957
2023-09-29,6.043414186558323,6.048221232847912,5.993623639110403,6.03572409928822,6.035377946101862,458826.9608531768
2023-10-02,5.895816623033993,5.936754255317919,5.845813732473346,5.8993906715456585,5.900846837205683,384699.36755203566
2023-10-03,5.702372069366011,5.712345268562806,5.67327322998386,5.700401773205833,5.701308502663305,549505.3887454928
2023-10-04,5.503965872853195,5.514760317238193,5.48055357585054,5.505354413136229,5.503857848439443,317919.9415972726
2023-10-05,5.566273906635999,5.584142362972044,5.558743279393046,5.571269595073116,5.570988376051325,207156.81978228816
2023-10-06,5.542376525483155,5.5386909704767975,5.487930912720709,5.535572252057829,5.53793019692866,1274864.666895344
2023-10-09,5.286145816564654,5.287141203048598,5.271175670462768,5.281924240887635,5.285914281317229,176636.7464906768
2023-10-10,5.276000049891685,5.285429728570669,5.248703247945281,5.269716832785795,5.270506248256365,512764.12289550266
2023-10-11,5.1579643057984335,5.179872284455262,5.127776993790365,5.15540540799296,5.156376119034832,164370.71774505847
2023-10-12,5.339122611249622,5.356605736292603,5.316417939051245,5.338326471122441,5.338663302730663,285454.3654345497
2023-10-13,5.292631243425032,5.338272750972447,5.288024263682526,5.292645025983474,5.29222811665847,128481.99648046018
2023-10-16,5.370311728756721,5.396334288190949,5.313084469671331,5.368560201179718,5.367191981750787,349906.8134588375
2023-10-17,5.575159183521418,5.588465194313413,5.529901479882754,5.576113305268062,5.574779135495681,215681.80868628024
2023-10-18,5.546928164593766,5.574780894663875,5.512285385243073,5.550362768732967,5.551953527468048,228195.03989854016
2023-10-19,5.726618521044848,5.728601697348821,5.7245064132953045,5.726052081241292,5.725912879576339,146464.94807624217
2023-10-20,5.602479902682052,5.6145968189976045,5.579347201707737,5.597747243098528,5.599045222217476,202111.6713610515
2023-10-23,5.62558924169882,5.630720756799692,5.603807555793424,5.62456761349427,5.62447137434087,324957.2940163394
2023-10-24,5.297811604444551,5.340796116542054,5.264822892794806,5.301977518559973,5.302631531929143,90890.33137989024
2023-10-25,5.260734236724768,5.265332518372302,5.233926692592543,5.250080404963682,5.250927891340531,669352.2642887676
2023-10-26,5.200159236343724,5.197195770300492,5.166498184077145,5.193324054139459,5.193989703517739,945645.8446653784
2023-10-27,5.137255433147028,5.1446941459147215,5.1011538288546365,5.128775046077887,5.1269945890916615,180560.73126903008
2023-10-30,5.120361616743132,5.131353450810567,5.093027828359784,5.108181150073063,5.107754459470294,376705.6861581853
2023-10-31,4.942187278805664,4.949655518711476,4.91662524186079,4.937862797225876,4.937846845219955,532426.0999138663
2023-11-01,5.18202267424668,5.206490582302275,5.169236273226084,5.181121857215293,5.179683704679811,335169.9859601945
2023-11-02,5.3501706627321,5.356135264225829,5.341889319634616,5.353915324724519,5.355464629096633,329139.8067055209
2023-11-03,5.404952237924797,5.444740304006117,5.357328923941949,5.396010917668079,5.396946260946389,122002.7928030372
2023-11-06,5.367744475695833,5.3751474710493214,5.332141340103189,5.365797349685457,5.366411010198508,714266.3240847883
2023-11-07,5.3736802145634,5.374052768571533,5.31513491576796,5.366601243716104,5.364655546876231,304619.1653141044
2023-11-08,5.49817694514585,5.50518619572969,5.475858524729047,5.50011742120655,5.499489890693169,89189.72799040319
2023-11-09,5.634727979051578,5.643420640686237,5.584024101407443,5.633775034667529,5.631725296418712,255158.62475560405
2023-11-10,5.796281744635332,5.829928340751886,5.759745070602742,5.797214475549684,5.795952866515835,222911.82244609465
2023-11-13,6.010077203187308,6.029071680647563,6.001162251679389,6.016222178490367,6.015727146223208,349530.9923306215
2023-11-14,5.949975651298126,5.957296083659962,5.899992290173143,5.950580398652252,5.950358008773771,452375.2411712216
2023-11-15,6.238836418474975,6.280869639143455,6.235984114614378,6.24591046194464,6.245522447799442,340276.85351727577
2023-11-16,6.377086718552692,6.389160140798074,6.31694305454235,6.377389413246699,6.37475354111946,232559.51592398097
2023-11-17,6.201607194754311,6.227840772311533,6.1958870997938265,6.203683431749501,6.201923227951648,427624.2115376987
2023-11-20,6.338016046316314,6.353676760766771,6.326861869549915,6.335934778708875,6.336250797568161,199129.284061805
2023-11-21,6.320095040013528,6.339208012768723,6.270501189696582,6.324086545290915,6.326201854709587,282413.9479024762
2023-11-22,6.38787832163046,6.41702481918677,6.3719351759435865,6.390682219964981,6.392377052636332,149865.76312969674
2023-11-23,6.532450442320131,6.554011734500155,6.4454089791522975,6.544080542999396,6.5438220911854,331529.6762109094
2023-11-24,6.559040499114616,6.580454583201189,6.5492611305142665,6.574872154847353,6.5739026865839,446950.7829497983
2023-11-27,6.621875634563229,6.653608039244052,6.620069826049765,6.626886121178249,6.630907248543963,316969.4499938144
2023-11-28,6.3805753070571605,6.403210340411323,6.374666892058968,6.3812553390719335,6.381542463540413,127562.3800573102
2023-11-29,6.383126860479597,6.398823983946024,6.373728171711132,6.382101937919912,6.381831505841827,490062.85855588847
2023-11-30,6.300559732887526,6.319766159056753,6.26193464815802,6.293281225485151,6.29268169330929,277480.68395116023
2023-12-01,6.353655017203468,6.364805659755533,6.326438166294028,6.351568245390216,6.35128717392657,454900.7704491227
2023-12-04,6.1458492826841775,6.201550355299212,6.125304896481076,6.158298709542683,6.159215822196278,102841.13761388024
2023-12-05,6.083909690435161,6.123824700924486,6.044286253515493,6.088929254762232,6.088371443917121,127179.86065736228
2023-12-06,6.084132187170479,6.100971606703796,6.053007841133767,6.074034379662654,6.07463294628899,233580.54634337744
2023-12-07,5.886543105271853,5.905203975427891,5.871492469051743,5.893654131147909,5.893917737649623,115034.2758402101
2023-12-08,6.088975995263503,6.096544110454914,6.065200467195976,6.094541675376906,6.09322679542221,170871.4644222258
2023-12-11,6.417139019040119,6.463907653349103,6.402575611902291,6.424120202314024,6.4256456313145165,104845.31528362726
2023-12-12,6.443348825945058,6.455891120948938,6.425585300017633,6.44183663243651,6.442139638086947,404220.0888711009
2023-12-13,6.07500863297852,6.1222469825931,6.042949032932268,6.081516646046268,6.079411999628868,104826.71705748136
2023-12-14,6.304072395896823,6.324143189024236,6.256569110444917,6.298125035136421,6.296881210584345,118844.96427874242
2023-12-15,6.102377164876887,6.104413790257072,6.070641860039181,6.102169648401182,6.103270556881339,351530.8767454653
2023-12-18,5.990863604903936,5.989753652749887,5.952695150836764,5.988811472410744,5.98841855234595,377226.96212310606
2023-12-19,5.769848182564472,5.852426699493002,5.709341694175101,5.768701521596934,5.768686311651815,176694.53046731334
2023-12-20,5.678740459619217,5.686726890091347,5.662876121305073,5.68177299004671,5.680519988266312,79921.69296142124
2023-12-21,5.836417077968864,5.85489940526536,5.829017800565332,5.837938128633454,5.837553363902883,973061.0241816356
2023-12-22,6.04211658228017,6.053429037237549,5.998440083498593,6.044512782154071,6.045365981771638,158555.36921654746
2023-12-25,6.171137404484489,6.196922978573059,6.1193581381225055,6.177155550557628,6.17542528240862,309253.4747203833
2023-12-26,6.157637482881029,6.208631704650261,6.113102503368568,6.146457395547625,6.146524820927594,293320.53450558847
2023-12-27,6.161540875141728,6.170593110858552,6.159467909422199,6.163957309131478,6.163915712731473,139492.47099580007
2023-12-28,6.168137003630863,6.200019522957259,6.1351404815372765,6.164179421436434,6.167037667516111,273192.9538505182
2023-12-29,6.229198453002048,6.27380793957084,6.202385228507344,6.228720373960104,6.227542794555239,153730.55538327526
2024-01-01,6.183975891720866,6.206281826506054,6.1280564936753965,6.177845961222653,6.1764093346534406,134162.9270168578
2024-01-02,6.327300182244672,6.338609964611583,6.30311599626021,6.3181010369458654,6.31566122715819,377364.6419921286
2024-01-03,6.2100141963015485,6.222529366581374,6.200972744761451,6.205195182662291,6.205289778321869,158076.88588677192
2024-01-04,6.081440272544953,6.105838587497828,6.0647934641765495,6.079707925096096,6.082003723522917,143535.62614777015
2024-01-05,6.069440443200443,6.086253022590332,6.05473754961578,6.0731607491280775,6.07193161003549,392739.1236247516
2024-01-08,5.977313681156288,5.979036246072351,5.958596361726207,5.976425039767939,5.977863362650991,583858.9793509325
2024-01-09,5.852420408919837,5.868139851320283,5.781057374519945,5.834979374470548,5.833869062354562,143863.06783295382
2024-01-10,5.573728965618444,5.647855651554067,5.541248787596205,5.570661815823724,5.569461241917187,394722.5529673844
2024-01-11,5.487402212339083,5.511247139662822,5.443321768323894,5.487709165441826,5.48885984463275,125491.14655435216
2024-01-12,5.171017019918405,5.178438042604357,5.150801959651076,5.171314791897292,5.170331303965794,637171.1052603133
2024-01-15,5.146503548177934,5.159611157209151,5.134764916040769,5.14509081928051,5.144535761275614,357091.71445227694
2024-01-16,4.979649745133608,5.026153388772561,4.937271659232143,4.98170469095273,4.9798740367491225,332220.47024849744
2024-01-17,4.951745630145924,4.978469736697358,4.957251299561847,4.968663206959756,4.9685167054089945,0.0
2024-01-18,4.707043487969284,4.733117569904362,4.69034333636256,4.705914091228865,4.7081313245834,189214.6722462316
2024-01-19,4.581397285233662,4.594307921337721,4.575548177324438,4.586327863843648,4.585318179450139,361098.7189542623
2024-01-22,4.717618779599957,4.800806383238243,4.698548529919339,4.718037145318956,4.718363333749134,720074.3348285462
2024-01-23,4.708375348766874,4.732849478718926,4.700431440359573,4.7066955175100365,4.70699320893759,383815.5470109448
2024-01-24,4.690846516620291,4.70386297720177,4.671195623107937,4.696253869401536,4.696155606545892,325020.65663052513
2024-01-25,4.635254910829159,4.642304096600553,4.617179741759627,4.63297679384508,4.633043362836224,275459.4948162006
2024-01-26,4.549961043652985,4.633597846225393,4.522431504411731,4.551540923359662,4.5509565138267645,475396.7470338095
2024-01-29,4.57252780424669,4.574457218793737,4.557132426750052,4.572147911780801,4.57121935337638,271426.5174881024
2024-01-30,4.51664737143569,4.528349502373271,4.501553787147114,4.512082078128283,4.511066568782818,309575.68097013765
2024-01-31,4.435545972482831,4.450871884103389,4.414677386926666,4.436242996586173,4.436094562747534,266098.4781994783
2024-02-01,4.2816308872865285,4.280617278254879,4.259086935359149,4.273675541799289,4.273008384163493,437334.2657992971
2024-02-02,4.392111568818844,4.412272231213831,4.346736150629484,4.389167371700578,4.388714243783858,384336.7764464354
2024-02-05,4.4496639276507945,4.463407531898982,4.449693337858991,4.451616516793424,4.453384263857673,212409.4829435128
2024-02-06,4.4351356792920456,4.463997595518267,4.432479012411221,4.433670300107474,4.43274929447444,197672.37151548392
2024-02-07,4.6120424017183534,4.629308084987773,4.586258371051772,4.607633922431693,4.60727719744688,299376.67006376846
2024-02-08,4.593385685572075,4.651619830675863,4.577162797591908,4.590664280919711,4.592287332306398,239984.69440214423
2024-02-09,4.415744378634451,4.429270675219734,4.395203724677562,4.412262634865214,4.413302978364302,101695.51203787317
2024-02-12,4.483219786425431,4.505660546164903,4.427901286714353,4.485647184923765,4.487087546480988,639810.3096065039
2024-02-13,4.684005969905771,4.696803242356185,4.684573989621665,4.686051220871836,4.686940500388683,76286.813655087
2024-02-14,4.599348841286551,4.60848800032486,4.580010256075208,4.595017057589192,4.593316748175365,306967.8682142656
2024-02-15,4.669325126911708,4.678299045759885,4.668338865016353,4.668643331821924,4.667298513401221,266138.3582246686
2024-02-16,4.673385242191025,4.707307675241408,4.66314817850567,4.684350440151249,4.685893069952575,493549.1376913249
2024-02-19,4.527120181338869,4.562613868924275,4.52053856709081,4.526095126131097,4.525436227067954,251120.21481724267
2024-02-20,4.63657432382883,4.647589690599574,4.635654721718985,4.641412175317714,4.641063601950482,137364.78423687888
2024-02-21,4.64339248466821,4.641354368019727,4.592477307267855,4.640160270323758,4.640160270323758,424526.7921524709
2024-02-22,4.719380870378107,4.741740184759254,4.704857569975208,4.7213829170527655,4.719999498488203,119416.69222840756
2024-02-23,4.812364761618924,4.825414126281676,4.797495912984271,4.803906574926882,4.805098557507229,222792.44445002297
2024-02-26,4.866117716700013,4.892758966154293,4.852931631336174,4.869094231280776,4.870144830030757,925530.3794433724
2024-02-27,4.967583741340969,5.000253266939353,4.9705005692137645,4.9715821361664885,4.974460255117228,179332.3758624567
2024-02-28,4.984264470113319,5.002013291299903,4.986440619254745,4.993439415847769,4.994622835568039,208449.6124141531
2024-02-29,4.821675410027888,4.836522377346756,4.809625409221383,4.818063966283294,4.816716634103315,385608.5064676671
2024-03-01,4.718322222979803,4.723429234301673,4.682497328323868,4.7144464900023255,4.71603592689877,197702.0117559868
2024-03-04,4.821128016457814,4.85878997594917,4.7882375788518985,4.812578051678341,4.814345005156768,264019.88051519456
2024-03-05,4.763670120383721,4.794211284070867,4.759297898182544,4.762853101122186,4.763191441566204,396311.9711861647
2024-03-06,4.920010496685033,4.932699491379079,4.91842646159732,4.91921546224712,4.917978783671642,1416627.6304365962
2024-03-07,5.037076177941834,5.0547513239706126,5.005092195652025,5.038023008908141,5.037774636031705,483107.03643296746
2024-03-08,4.98278086647501,5.01027992983915,4.977631143382445,4.9847718106574295,4.985485280708223,412776.401044716
2024-03-11,4.725071939275954,4.728566056832072,4.717251413822899,4.725388047265968,4.725587859938506,227676.74804328024
2024-03-12,4.685695550839226,4.688592222199622,4.682122181912167,4.68467540329931,4.684035341433292,205137.1659488954
2024-03-13,4.628255309988186,4.641159038004068,4.618890207484085,4.622362789247135,4.623402487085085,210486.76508696773
2024-03-14,4.5906669438742425,4.599305669208405,4.578468529549384,4.598596483493791,4.598824236959556,217028.14204240424
2024-03-15,4.484501806579548,4.489852665635617,4.466692663241173,4.474670342800841,4.474639523803247,479632.063142545
2024-03-18,4.327315164116702,4.349571266689359,4.325206202723536,4.33472613416415,4.336289550161476,437714.4619476408
2024-03-19,4.493145044135235,4.519094834157029,4.441523346779108,4.490160916118724,4.490467092694016,281590.1154436939
2024-03-20,4.498906686697209,4.516962560427147,4.48987275335209,4.491958342662987,4.49164519425434,96522.7887581352
2024-03-21,4.376258198657396,4.382511524961241,4.356617088678564,4.369433271371356,4.368676023455299,512384.3016955487
2024-03-22,4.364948731721214,4.371941120203974,4.358860176333776,4.365418646348517,4.367004966425916,428173.0462158312
2024-03-25,4.313118293525616,4.320923391811498,4.315658909443974,4.318165665354509,4.316682801816334,287342.95103626966
2024-03-26,4.185942714876678,4.193554130564905,4.166975453595079,4.179805715345774,4.179351956334205,336872.8145647138
2024-03-27,4.283112237423043,4.306209970374656,4.285309915728652,4.285679756534237,4.285512994023297,165277.15335537185
2024-03-28,4.29167563730184,4.305543577192838,4.289503679602398,4.298386868798064,4.297663976745271,270345.74797000445
2024-03-29,4.182978591824012,4.193812138572476,4.181461171652239,4.183702546650689,4.18464314110442,158187.54720571695
2024-04-01,4.159527073652559,4.156377279217069,4.099998626803483,4.155184381135792,4.156519038791937,539029.7366509904
2024-04-02,4.102805184014326,4.112031632262655,4.093279866689788,4.107851040073926,4.107069742052098,217583.39685601837
2024-04-03,4.082434700748816,4.0897211827385975,4.07574327851587,4.086037995408387,4.085939092271335,310096.65084676153
2024-04-04,4.2557645085462985,4.262313525012784,4.254000073049395,4.2566127231123465,4.259152412001984,80340.51903541648
2024-04-05,4.297242842483856,4.316242003821868,4.262483241549075,4.296315322325031,4.29604462941997,245146.57322875463
2024-04-08,4.347528676778568,4.364820947266018,4.331541621603527,4.343882007682948,4.343547787109585,245590.32913155068
2024-04-09,4.15226772770376,4.1750833920019055,4.134517071221216,4.152285805134161,4.151868915406716,277418.66564920766
2024-04-10,4.043940162104281,4.078379436445917,4.024127276292126,4.044438920730358,4.044017986007685,326206.177042534
2024-04-11,4.135805128322614,4.144262843901182,4.125558412759854,4.134872480350235,4.134836828565217,196665.415416137
2024-04-12,3.9346713592356783,3.9633156792263455,3.915319834219866,3.939791274962827,3.939955338941584,276258.1766740583
2024-04-15,3.780389476537217,3.785414967839375,3.76798987097192,3.778550610462312,3.778711395760335,367147.2691495963
2024-04-16,3.747781971850064,3.778698560469012,3.728969193304852,3.744331085291397,3.744956127604549,458509.33349262376
2024-04-17,3.707925662600016,3.7337575166268966,3.6976940234715663,3.710779808710004,3.709842198326191,123839.91866582412
2024-04-18,3.7918330487459055,3.789827815891602,3.7629315127339846,3.781782657593659,3.781835607361212,193620.64009204236
2024-04-19,3.809753018006179,3.8183234505814743,3.790569499067536,3.812778113634448,3.814205476193073,364158.23863153695
2024-04-22,3.8357452740074462,3.838859040881766,3.833895582885877,3.838233474258705,3.8367049765448256,698781.7832104915
2024-04-23,3.820527841238331,3.8177040693972777,3.803482159833181,3.816472264869794,3.81664999983669,303589.5924079902
2024-04-24,3.761816702739096,3.782150414514168,3.750118933794419,3.759963511198311,3.761143123238084,504466.83915774105
2024-04-25,3.779593466080769,3.792058920705827,3.7575131749937167,3.7800171167238585,3.780815726422908,176848.05726449474
2024-04-26,3.722810225293895,3.738462505138443,3.7074893311688015,3.728917294239872,3.728505105131141,163386.99238561714
2024-04-29,3.839029127326404,3.8542034524649256,3.837082078733152,3.844541159174981,3.8444600392012926,236687.04547334847
2024-04-30,4.0849282453610805,4.09336778299776,4.066383032851344,4.082253383459159,4.0827042822892805,157974.6031748635
2024-05-01,4.113981761509043,4.111015234921864,4.073584130847234,4.107930527133533,4.106394895652671,384629.9538278175
2024-05-02,4.140626629721556,4.153898843607411,4.098336929768401,4.142963679711352,4.1428241737412685,133912.1826835415
2024-05-03,4.266705853310458,4.2803926641587084,4.253444367497876,4.263050716457953,4.26207397467641,186597.2533359905
2024-05-06,4.326076293542502,4.342425865166171,4.320835281429129,4.325330465562864,4.325731354430928,121519.64580319884
2024-05-07,4.307503629049814,4.332357444424647,4.302262532413042,4.309238164674033,4.307755551505413,117118.4501423581
2024-05-08,4.239210926332729,4.265896883913168,4.227022905435733,4.237530689180082,4.238584769556595,74056.70148471945
2024-05-09,4.185542060532094,4.181683193489313,4.153970331249679,4.17967373261329,4.178242058900855,367972.48929939786
2024-05-10,4.103973298691884,4.156566736564763,4.103813207783265,4.106012187887063,4.105622809106796,423696.1225064173
2024-05-13,4.167385886459536,4.177753187136216,4.146527257580464,4.16814803047768,4.166908605438012,372435.1006700156
2024-05-14,4.116300134959293,4.131227572268406,4.087434517612484,4.121353581858287,4.121458910259496,154598.81153446969
2024-05-15,4.023319970778928,4.033180321900489,4.010858542950938,4.023828027734566,4.022972941016883,186949.70866759948
2024-05-16,4.108320267114377,4.132435624239694,4.095915734427165,4.1036654565536725,4.102709026039473,182768.2397160628
2024-05-17,4.0229681037207365,4.030504137235099,4.02048430545744,4.028558217445769,4.029499973057243,330240.2785102695
2024-05-20,3.905381192095688,3.9298880814898287,3.886321259867943,3.901260591164504,3.8998517099276495,307179.98358876025
2024-05-21,3.972632154622624,3.994650225385976,3.959662074950333,3.9788668684503303,3.977466334909394,365702.2311273716
2024-05-22,3.861080180497505,3.8757005041144,3.8534770963308302,3.864982834517084,3.865643303003321,81501.29563047562
2024-05-23,3.7287244810289497,3.742022086185992,3.722306287047359,3.732440080393391,3.732281463038198,397646.03324314766
2024-05-24,3.8187815067131377,3.839135278858449,3.804902396271357,3.811098286226135,3.81098744104776,276025.8903449908
2024-05-27,3.805862452753375,3.800239067981108,3.7851998668686098,3.7996002516900216,3.799090528195728,204963.3485477749
2024-05-28,3.827608710036069,3.8497057295463257,3.823477896669354,3.82350967265944,3.8236907415404335,296688.42143194703
2024-05-29,3.9282635109261776,3.964013185080317,3.908426755341794,3.925855113209284,3.9265208922431913,222343.66390744143
2024-05-30,3.990988083081232,3.990169633531613,3.960472161552449,3.9833835086300815,3.982857469836012,91856.27857149008
2024-05-31,4.017802124534888,4.02365179824314,4.005543276170889,4.014659400500095,4.016242600833883,190160.6006050256
2024-06-03,4.143123249821855,4.149640032734321,4.120439543283276,4.137147368533395,4.136570978468645,426577.2673235952
2024-06-04,4.116140542184803,4.130348359541355,4.096825068851961,4.111292492287556,4.111572483144597,644583.8246144353
2024-06-05,4.10829385400493,4.128877864722767,4.092717816264239,4.103442326146777,4.104268713065862,416206.3748774485
2024-06-06,4.139928894783114,4.140725623236515,4.128104083433132,4.136375672118195,4.135247599988362,225222.67986662957
2024-06-07,4.030326098027754,4.027953046951532,4.00090811984569,4.023572926407296,4.022070188199051,345631.04284092446
2024-06-10,3.947542889487783,3.956706194023668,3.911456800771405,3.947985870162509,3.9471916199990953,230771.88702792404
2024-06-11,3.963096915040519,3.999398690642648,3.957754269882933,3.95811934950765,3.958092694610483,411647.9156241879
2024-06-12,3.913045764980173,3.920170497750649,3.910002685970056,3.919143807915783,3.919269904784573,254060.16507938772
2024-06-13,3.933327467660694,3.94338264577849,3.913052672288264,3.93454549094496,3.933945324797517,940341.8939432036
2024-06-14,3.806768165586533,3.8105941308632905,3.7954506869611127,3.80336619050177,3.8049559537506905,300877.86314771784
2024-06-17,3.7526937878660025,3.801935912815706,3.750805186280572,3.7550593586575234,3.7566861903103503,155754.1881836066
2024-06-18,3.6257637374212233,3.637675023361667,3.6160169033179166,3.630698492902084,3.631087326404471,210355.5188671531
2024-06-19,3.602134834338267,3.6031537493460952,3.595190277863336,3.599529575308853,3.5997652944522387,85730.97157821154
2024-06-20,3.798190177779836,3.812915951216982,3.761744210953568,3.792418703026208,3.7920376511128975,263620.8054660935
2024-06-21,3.5708529077600017,3.5935890518023963,3.567328956349055,3.575934337818496,3.5750235605880976,361532.5694859415
2024-06-24,3.604260544659295,3.628851100514584,3.5833890636102814,3.5991564741989768,3.598362401475488,92169.99380286496
2024-06-25,3.58233279579243,3.603442704054812,3.562656798540227,3.5836378201631094,3.582798116461801,262970.1028602911
2024-06-26,3.693108320183256,3.701963959699678,3.693463852880749,3.6961630030894734,3.693422988776749,470618.2989787461
2024-06-27,3.684101117034556,3.702196417726332,3.678453799525163,3.685614970001725,3.685270236095183,394672.2846130946
2024-06-28,3.719985776161167,3.74881168411628,3.71250115253817,3.722526490115805,3.7211273121925754,225259.42203040907
2024-07-01,3.6948362147606746,3.695075706705,3.684640361286128,3.69192313724848,3.69228903671928,185570.72826256749
2024-07-02,3.8144324343241856,3.844397849222316,3.8069521712130414,3.8176192979311607,3.81886877105794,87621.0228150013
2024-07-03,3.762494564105483,3.777572898610941,3.7291389815672975,3.7659637688340046,3.76415063287958,345497.4013162753
2024-07-04,3.752263064831263,3.787903090487146,3.747375343172332,3.754449554390284,3.7557964287707386,261109.3497782904
2024-07-05,3.8275098049047247,3.828123454972012,3.8184214519135344,3.82290757444866,3.823576854878207,316900.6451715843
2024-07-08,3.924774590200068,3.933363229524644,3.9063024542718767,3.920914733650765,3.920291487000148,340191.65737627004
2024-07-09,3.828551370511428,3.8402872863787927,3.8140735314041474,3.8282575316634246,3.830852443867275,628514.6166139443
2024-07-10,3.963205532596525,3.9854415401396377,3.923811179350509,3.9611130585892766,3.9613870298708753,153856.39340320614
2024-07-11,3.941253416610948,3.944186282862294,3.91873183612546,3.943492086304279,3.943870746427936,180596.18470265277
2024-07-12,3.755467140863045,3.759406001605248,3.7471007813282937,3.755213819806501,3.754429609432061,625510.0274013702
2024-07-15,3.7028153498034575,3.708531046105309,3.661827070688159,3.704578329659181,3.704578329659181,287163.3167131577
2024-07-16,3.730359266321321,3.790664214847267,3.738888241685141,3.738898931093324,3.739029928212679,278112.71862404404
2024-07-17,3.8292331536483246,3.826037546697669,3.8035533870752416,3.824927819436167,3.826067701695396,165294.73426867175
2024-07-18,3.87053539774933,3.9143587577490746,3.8628901914784137,3.8729685436058103,3.872420629323004,760341.8966443405
2024-07-19,4.014616725043759,4.044616718358851,4.0098286777138,4.010168979053012,4.008618377542775,387746.6445389271
2024-07-22,3.9215799905844975,3.9328295063636247,3.914165203397243,3.9161360746807343,3.916256497646328,183925.2332328348
2024-07-23,3.983695984658463,4.0037083341456485,3.9806303312580633,3.988021295327136,3.9887247253058926,141734.38134106091
2024-07-24,3.9831777997324704,4.0151246275710735,3.95964858328116,3.9837014150193486,3.983150573511873,380160.2741981745
2024-07-25,3.996943477072441,4.005289221410865,3.997429656456257,4.000557912465814,4.000333993638172,531554.7482127295
2024-07-26,3.9382578240586574,3.940865157469634,3.904296010055241,3.934668173220078,3.9339763661907807,951911.5873076275
2024-07-29,3.992425137019874,4.043731371447104,3.935529695496716,3.99106593677656,3.990392353899077,173820.1169776503
2024-07-30,3.940953630012775,3.956902599595965,3.937187705783283,3.9387558876366073,3.9394542615830166,144647.93110250105
2024-07-31,3.8392491570858622,3.869920711941315,3.830334099141641,3.840941155801331,3.841874223173922,119834.56199208238
2024-08-01,3.934279789282799,3.9414367256496936,3.91252888649314,3.932550421877012,3.934495038057682,408382.0927581369
2024-08-02,3.9144141483559327,3.9325142812564073,3.912360563472578,3.9184727665283687,3.91858553672858,752452.8192573335
2024-08-05,4.097051337484801,4.105636873552872,4.089530311289024,4.100760951871809,4.101363768324522,332110.734370583
2024-08-06,4.034976548776693,4.037445817920106,4.02826843728158,4.031936574695949,4.032085670083137,349316.8607372649
2024-08-07,4.026997155017157,4.04840783839282,4.021647207730567,4.02662273142006,4.025521699022633,327487.9240571308
2024-08-08,4.077180827362165,4.082427015519013,4.071904417288544,4.077832616924697,4.077051163144115,970090.6575456236
2024-08-09,4.132994002654799,4.158393488272114,4.128493959020518,4.135960988730154,4.135796914042591,234042.8026148588
2024-08-12,4.101432428742692,4.129037557880023,4.072574391762837,4.102370675667601,4.102257937761316,115075.14850801884
2024-08-13,4.174397202950173,4.178500919857498,4.16765080560444,4.176956596583723,4.176331017569583,256545.51522450295
2024-08-14,4.0975649371376335,4.117123702456296,4.079486015979948,4.097898518347548,4.0996436674459495,241717.7472185793
2024-08-15,4.261290514218335,4.263286037022391,4.246551654581166,4.2549144584520215,4.2545342465541145,212325.63213795508
2024-08-16,4.35676675122601,4.361688584864153,4.333565700708758,4.34897028128823,4.349001320576286,347984.3071006827
2024-08-19,4.578419388835113,4.587373900381398,4.563684845265963,4.579927895044129,4.578738131830965,551206.9959055502
2024-08-20,4.5353567459305815,4.546569763355398,4.530605701026368,4.535867503740019,4.535979277904593,640197.9669476523
2024-08-21,4.632698060984223,4.665946062679589,4.61354864021896,4.629572222471627,4.628126622930881,422564.5779736807
2024-08-22,4.609249172151186,4.6594163898131775,4.61160459811768,4.618113533680205,4.6194703671479,338722.99003966205
2024-08-23,4.66632538262016,4.687465892367747,4.650935567379832,4.666538194335201,4.666288835016108,602072.2980336141
2024-08-26,4.786150662130612,4.794521758548735,4.775311257774364,4.776629619876468,4.775385661994589,230577.25022472077
2024-08-27,4.746605440089993,4.769877008812604,4.718835830683712,4.747861598611319,4.748105046020191,779552.6295081114
2024-08-28,4.819878873047304,4.84777988360378,4.785525813833192,4.813768629408081,4.814526192040214,341233.5083977204
2024-08-29,4.909509222640571,4.915142117066136,4.860304814365381,4.914013021631877,4.9162133036201645,537231.3357577012
2024-08-30,4.918446808781862,4.923143604674806,4.91078814206647,4.913299526393381,4.913916597238455,103757.53514100629
2024-09-02,4.950108774457935,4.986553124977891,4.9075763373884325,4.952148857408659,4.953553599853497,637122.5421900506
2024-09-03,5.381402768128817,5.397404588154656,5.377122619221892,5.380159298357328,5.380782705468704,147701.70998041987
2024-09-04,5.307717317193857,5.343112762542035,5.300068135103509,5.309197329459242,5.310720044660176,214743.60866506863
2024-09-05,5.498902063242418,5.506549055892577,5.494015106863329,5.498280792366768,5.500748819168067,299005.16929212265
2024-09-06,5.502424048893883,5.529496529804742,5.472666829930614,5.507833301465614,5.509774378891403,220614.70705903543
2024-09-09,5.489091454432946,5.516889782999295,5.473007687348714,5.486321354292721,5.484605557039221,137292.10459673457
2024-09-10,5.681733422376166,5.711535091096025,5.63108396370267,5.679132277927525,5.677305053836759,583799.1217266163
2024-09-11,5.7253273156003885,5.749693001576148,5.700017758258593,5.726294990813395,5.725809358840171,107084.09778601174
2024-09-12,5.725073084717606,5.755640122038738,5.716815127275699,5.71923598865548,5.719776626664325,346540.9666259708
2024-09-13,5.602621376342978,5.621613351399377,5.569953323546878,5.599753528475432,5.599094340959057,487204.5349692373
2024-09-16,5.750123231125476,5.794534127954543,5.7456603132287,5.746309228582748,5.747186626356792,257728.78048967788
2024-09-17,5.500982378379848,5.523993536092941,5.439369023879571,5.497463296818868,5.497645549873029,220647.7860369496
2024-09-18,5.477709709311421,5.513545846565946,5.465662080751184,5.478713805002758,5.480040351901394,381604.2764139634
2024-09-19,5.542512378589495,5.561955186407132,5.513637449408368,5.54857416537762,5.549136361807418,248072.7201937333
2024-09-20,5.785779604105078,5.787608524791208,5.773494114057212,5.783482974296188,5.785452188965933,162344.29972250448
2024-09-23,5.858943450348986,5.862814556151231,5.845815659389156,5.857843578185395,5.857202416365286,164375.0101499496
2024-09-24,5.954488267794805,5.966963568864727,5.949625788845618,5.9497889058548825,5.950878225177561,217101.33304376388
2024-09-25,5.849082820593944,5.866425938140099,5.840410236191029,5.841687707159549,5.841286457519883,193741.5455472916
2024-09-26,5.897675081105022,5.905757064065149,5.882548830863145,5.9040672111628645,5.905571092401124,575318.6601130544
2024-09-27,5.817668583541204,5.886898998116806,5.826549496976729,5.832113060967966,5.834604269659781,88450.93300865538
2024-09-30,5.74103995391688,5.747119664608684,5.717934043643062,5.743449587272893,5.74622502556423,118928.33570544928
2024-10-01,5.838939206581302,5.899246187777729,5.836368998305543,5.836970945702461,5.833928203714296,363442.0046575785
2024-10-02,5.9929620293323,6.047190784715278,5.979207099115408,5.986177095608595,5.9863847783488335,243861.70712294496
2024-10-03,6.011412990572848,6.008834450457356,5.981790692258173,6.003371667643787,6.004023045359689,402095.7908324011
2024-10-04,5.950021391911301,5.986834776187266,5.937263460743436,5.949034634048815,5.948711654498654,88793.8157827172
2024-10-07,6.067745496534349,6.121597513608628,6.036635076162352,6.064031089534343,6.063041243384636,1147890.0228385865
2024-10-08,6.171343634965841,6.201683273830769,6.146017619138918,6.16904329680686,6.167079035002495,153290.94137275626
2024-10-09,6.177193224447251,6.194120404849512,6.165587489794129,6.179389662374097,6.181768133303003,204642.3637066496
2024-10-10,6.557043076380481,6.569330956134493,6.453898951910642,6.551645578368056,6.552889711753685,344567.20784953074
2024-10-11,6.59992470754178,6.608927315092689,6.567075163784356,6.604453465999982,6.602272064115957,436631.8471133818
2024-10-14,6.461260866479061,6.494361451933821,6.438580904091066,6.476015680689656,6.474415285311027,546940.064459629
2024-10-15,6.21380477165917,6.23033273989638,6.213112027362506,6.215109526259759,6.213645172617976,745684.9512641071
2024-10-16,6.074834076481145,6.10640551796574,6.044368544922038,6.077633526077409,6.080297233889221,368581.3690932124
2024-10-17,5.981116628615193,6.021990337999179,5.979004572952247,5.981369216028473,5.979860801689703,116546.83994704991
2024-10-18,6.083463679538752,6.104364119413913,6.053396551598388,6.07817641617581,6.077271874349921,182263.81656655687
2024-10-21,6.607319183886745,6.658847617125458,6.583495955714663,6.611841603692925,6.611330437849685,278846.1618743611
2024-10-22,6.560724078606434,6.59200303297673,6.550265142968596,6.56053965934454,6.563601449466411,629736.5045224236
2024-10-23,6.838281936325374,6.84281096412784,6.823298100559189,6.826822406125008,6.8271468819565415,154197.86372172635
2024-10-24,6.770582682962409,6.825691990114216,6.722087172175118,6.768271120608923,6.768508718718426,110831.30122961524
2024-10-25,6.835439583748808,6.859613147073757,6.806844427214749,6.834773526923302,6.832998679678124,620612.1412363971
2024-10-28,6.872905863321055,6.878332805392825,6.837184950103894,6.867890240866619,6.867315586374509,206482.03485386015
2024-10-29,7.001207983214601,7.0287600956747625,6.972238010782114,6.990501880532912,6.991219152519098,120503.64273361108
2024-10-30,6.9508704468785965,6.959419013693648,6.910364788835751,6.955051805126648,6.952720877009586,275801.793548304
2024-10-31,7.228345798979197,7.256592616055662,7.2111933480649855,7.230230131575794,7.229047444970837,333494.5985365045
2024-11-01,6.803980271770592,6.840510053646054,6.781201661390824,6.806165292449275,6.804783147867627,844634.3130595441
2024-11-04,7.109550291474073,7.148937996742113,7.108349444156121,7.108740925561698,7.111199344493072,986589.0440088032
2024-11-05,7.057456136406641,7.0698555281987625,6.999612724234253,7.0633297100071655,7.065549142730828,450367.1152696365
2024-11-06,6.790929874747246,6.809239559855508,6.76451354350711,6.787437707138393,6.787528733675473,122543.96323870332
2024-11-07,6.860479157622351,6.883235608518718,6.810669820570263,6.856442308535825,6.858861818904789,740527.3405918113
2024-11-08,7.195022008691546,7.230551703326462,7.150216010521549,7.2020399711419865,7.2013693293881005,388361.1027534936
2024-11-11,7.363359256372663,7.3699370025835504,7.323774801408333,7.365014510955881,7.36524898900918,273208.3069562599
2024-11-12,7.305324166589321,7.3239228444309585,7.314681122729524,7.315648413826726,7.314190042284175,232083.89578502625
2024-11-13,7.00357046364411,7.030118727905911,6.9320462502966205,7.008825711484469,7.0057610786142455,260726.57195366317
2024-11-14,7.311315657343977,7.352274348869247,7.2913867734003075,7.323871552825399,7.321125456111642,183648.9452236457
2024-11-15,7.069024105863995,7.09591685996637,7.014414214585306,7.064230433100837,7.064751161159488,795919.6626174677
2024-11-18,7.2530087162349295,7.274504851932752,7.231799071485015,7.245330670567145,7.244790078631071,262116.87275739395
2024-11-19,7.522319265777362,7.536356857201319,7.480648793989094,7.521254594927957,7.5215714096158015,258897.4660485976
2024-11-20,7.438916386087111,7.455735739610606,7.432000989348805,7.442846916391657,7.443827438805479,207169.4077276776
2024-11-21,7.591946596193769,7.598812497245605,7.5153179992459105,7.589612434059942,7.591558915866624,301351.07483834226
2024-11-22,7.830862405975796,7.822758658580184,7.804365874368266,7.821306136510478,7.820819761397778,203276.01384109483
2024-11-25,7.958038174751297,7.962315354231638,7.951558010089048,7.957627198606583,7.95725079116293,158720.87109141136
2024-11-26,8.238475332178929,8.252128985969264,8.198532365324137,8.229580429210888,8.230297313571123,80519.3959500086
2024-11-27,8.11059827811211,8.178647064442192,8.043273982946282,8.102210897014553,8.101109661301074,182154.20447823484
2024-11-28,8.073611670214913,8.06981084455171,8.003662868208696,8.065456088561623,8.06804680607754,236805.09120916456
2024-11-29,8.042862929491422,8.05810198910025,8.040167978317708,8.051870286978561,8.053880880358887,330280.29160861083
2024-12-02,8.225909920298266,8.25966906007542,8.217099618604422,8.222655794671232,8.220778187625648,413363.0817739612
2024-12-03,8.163570215238837,8.243207060855829,8.125176598537163,8.16334343278282,8.159226590082469,105873.4528796058
2024-12-04,8.291939676085997,8.335129502495558,8.284478896166188,8.303161041375478,8.301301018923148,182358.6954904176
2024-12-05,8.30506916540995,8.327986085327732,8.282626462267555,8.305501586247575,8.307255139864363,293072.38815900224
2024-12-06,8.099902921811543,8.124363826840414,8.090999422508908,8.113828085901167,8.116862949391564,319151.70855525526
2024-12-09,8.481508592744222,8.497266690019924,8.44634035562524,8.480534156359148,8.48334643788754,344340.1022544994
2024-12-10,8.495671070631493,8.502746772341743,8.447722327382403,8.483846476297789,8.484202601350587,307627.1750383205
2024-12-11,8.135349918417575,8.15258494687565,8.120160979194328,8.14162576074454,8.144419078467218,73710.28269085643
2024-12-12,8.323227253879676,8.365418451285857,8.315884055156186,8.317755533459605,8.320532587824331,467600.0735141437
2024-12-13,8.25940639886696,8.297622932312295,8.226923256474375,8.279150230091265,8.278004137581155,1037229.366914866
2024-12-16,8.26071321290682,8.287603280874656,8.237841926076229,8.271834294079532,8.274893150736887,276941.0273051065
2024-12-17,8.172356122336227,8.197036965733654,8.159851142038466,8.168284471737929,8.171382226732387,175547.40506192838
2024-12-18,8.029844365857697,8.078785516222624,7.972499033928254,8.030959548266507,8.02724261664685,77915.40891517387
2024-12-19,7.7088170603463295,7.781410399944481,7.687390187382496,7.711632243130277,7.71220459829614,289455.654522917
2024-12-20,7.959102835090976,7.975517251049134,7.902980222140403,7.942026086239559,7.942068553615819,173629.96798217416
2024-12-23,7.987398362309441,8.037009562318664,7.957971942962945,7.982954409606067,7.984327305947014,398366.7115368832
2024-12-24,7.93390434137457,7.960862160875933,7.914276960780073,7.940822713715379,7.942652412769021,78357.09771397145
2024-12-25,8.26067109918117,8.311734849290408,8.23364348018791,8.269052577618648,8.273002981384503,313642.80691515014
2024-12-26,8.037255734895135,8.108033525587842,7.951749075837561,8.041265176982359,8.04254010578312,231569.5218213155
2024-12-27,7.874561113008929,7.877743329860978,7.820016646563178,7.874351961568109,7.873033277966724,228190.83563750645
2024-12-30,7.578374162768727,7.571729253264671,7.55002169590694,7.571528483526213,7.571257872693223,118413.15614880707
2024-12-31,7.706105457110849,7.756943697782039,7.679258306012345,7.702666941023516,7.701826882789537,144181.33461521173
2025-01-01,7.543012473155461,7.560305358283215,7.453480726523477,7.533022219498211,7.534253660093181,231362.38533243272
2025-01-02,7.811497279320553,7.856287791726646,7.74434960660061,7.814098800964924,7.815206736503645,440911.8582287925
2025-01-03,8.203651800680342,8.243170200426075,8.191050962045074,8.209406782141057,8.208240810174543,236381.24107357196
2025-01-06,8.223516438855546,8.247423875727414,8.213103492641997,8.228091960260842,8.226736545477099,104286.5858602017
2025-01-07,8.374798967953664,8.426177606376719,8.348965741168216,8.375975369651831,8.37634655128472,399509.2958444413
2025-01-08,8.594145905077479,8.599285507893583,8.537543617274752,8.596668677866637,8.597962259223307,215419.0851691735
2025-01-09,8.462682396589527,8.460198128883087,8.42280431394276,8.458090868506115,8.45846239805785,88304.89997552469
2025-01-10,8.296969425083274,8.316896680924787,8.26162485444834,8.303904419966639,8.306089366494861,487805.3998586711
2025-01-13,8.07009956099219,8.109616166899286,8.035559195165954,8.067536246403131,8.066894170250258,193220.3946808916
2025-01-14,8.264644803770402,8.277229527353482,8.190774030043933,8.249175568780055,8.249714275970426,277883.02981928457
2025-01-15,8.17302862172576,8.191526507984012,8.142532272651644,8.165275912031191,8.166090605555159,231970.8912000716
2025-01-16,8.234425014888949,8.227037502480728,8.19699263435592,8.224516882353285,8.22640839648327,358328.54543315695
2025-01-17,8.213391654663422,8.248306130295825,8.173117515658259,8.22706083748329,8.228622230788496,271282.80211666663
2025-01-20,8.260048660986165,8.32096496961808,8.255440700651665,8.2565714096946,8.256472216446909,287430.9732158776
2025-01-21,8.118191680846165,8.202555544856864,8.125698244261196,8.129066931009909,8.132198677595627,344624.256202129
2025-01-22,8.661224838430831,8.665271413589418,8.634620953308556,8.654169797128995,8.654048854932453,269509.05016603775
2025-01-23,8.935893630120509,8.94165129082941,8.903464325038676,8.927895342230071,8.927439514735438,157912.0723382837
2025-01-24,8.804114939204975,8.845705054872308,8.733816874362294,8.785691625803684,8.787057820591135,261187.8258951601
2025-01-27,9.101206758597147,9.1319124648345,9.061292000975616,9.082550397870584,9.086554286031523,436011.6065320043
2025-01-28,9.053169082009427,9.098532507778408,8.986919274279817,9.047475762057212,9.04877957861767,369962.7979409141
2025-01-29,9.10526394852986,9.117710866551072,9.05639105559328,9.10541428183526,9.102844242860437,305852.0420405651
2025-01-30,9.26898267939026,9.265483057193377,9.197354508409122,9.256002401293005,9.256813712888649,75540.22918953054
2025-01-31,9.477151947704725,9.482428572044697,9.385767097667484,9.472683446944396,9.473102552450882,454805.5930039023
2025-02-03,9.122729029251602,9.139758981920266,9.12745007348851,9.138065873495288,9.139753205894294,163585.6833885857
2025-02-04,9.187948504109489,9.207382264517022,9.150808964718571,9.196037590363526,9.19939008569304,299313.73986577435
2025-02-05,9.31136217306453,9.41818069995495,9.272043139046222,9.308449483684967,9.311103392073566,260923.7719267193
2025-02-06,9.145224949489284,9.238097249605229,9.13388865352229,9.168724780429276,9.1702382282295,146048.32436345489
2025-02-07,8.95696800512754,9.02762348502042,8.94943303115407,8.951232709042749,8.949386595446793,172493.47028502406
2025-02-10,8.90686105426936,8.93236005328533,8.851547842886632,8.902328937453785,8.900264392673224,348601.87101712124
2025-02-11,8.989978221387371,8.999893790906167,8.91697151734006,8.995341348177247,8.993208829546136,284679.4158537092
2025-02-12,8.755325949814663,8.752839140667438,8.721543019789499,8.743925993114786,8.743861091210883,376872.2614008169
2025-02-13,8.687645455470129,8.684304348856212,8.550309385827498,8.682255959041244,8.681615212172424,245207.73576329777
2025-02-14,8.602037720794504,8.630428127850266,8.602223711793956,8.604876497605767,8.60352900284242,197331.3052306208
2025-02-17,8.680503786448982,8.702083739337844,8.63788750896432,8.676215203256753,8.676609657743974,209814.67881719707
2025-02-18,8.503384689969097,8.535252549445403,8.47613606524085,8.506877076242368,8.505383533923428,533588.6756187499
2025-02-19,8.543632062981212,8.551998615792009,8.452494855970789,8.539070018442697,8.535759886397061,324721.1835955102
2025-02-20,8.261747816605792,8.319246445100543,8.166948744766945,8.260012200449577,8.257896002784946,372843.48862853233
2025-02-21,8.210643226693431,8.250852651137961,8.174310671383747,8.20504330449959,8.20062567877154,254644.9312177313
2025-02-24,7.941796961593512,7.997196678760761,7.931914562375184,7.956516074129203,7.95750995064562,456577.3468398728
2025-02-25,7.80012522120801,7.817648712300591,7.702450691754295,7.794402260996946,7.796355878165484,202380.68008261503
2025-02-26,7.644530218555219,7.686565331186034,7.611486599005324,7.6482155985839855,7.64985630813022,447167.7106620636
2025-02-27,7.764979212043825,7.857296799942908,7.772011571440083,7.774535212428624,7.774473525934485,339569.4886855483
2025-02-28,7.951356710913971,7.953762255950585,7.931581681184128,7.953140357761345,7.951489280576274,363741.7769044037
2025-03-03,7.805037819266326,7.80963949392991,7.787614116461117,7.797002639623018,7.797405929367073,165216.44606959797
2025-03-04,7.914923841754413,7.999997055952324,7.900047743114097,7.9148927250014625,7.918025585883377,677404.9863956617
2025-03-05,7.423681763535627,7.456210910405852,7.403574974097322,7.4342697964777855,7.432476248709525,217799.7747927977
2025-03-06,7.372226971323788,7.399115100456125,7.308075891494012,7.3716242077634675,7.367784899144669,373885.3739243979
2025-03-07,7.22092236407937,7.231527915870687,7.192572861450267,7.214932702227355,7.2150770161519695,995983.4802390278
2025-03-10,7.210258323973556,7.230949984276972,7.211682280977374,7.212911688776936,7.212488517426807,142368.19037931724
2025-03-11,7.329353426046985,7.341221043047491,7.294897753358634,7.329319075176034,7.328766510651272,401420.2409129976
2025-03-12,7.652626602390878,7.669463098503905,7.627151622761591,7.653759400711165,7.654405535403572,292109.79322456906
2025-03-13,7.403988755630195,7.410631139817877,7.36350888159581,7.397451207143378,7.396380069392418,252911.8993849437
2025-03-14,7.522824604351745,7.522764460878828,7.483695520891109,7.5167844682032445,7.5156425744849,112466.68519637318
2025-03-17,7.693911952476879,7.769747391088533,7.693318765641159,7.704707934561756,7.701845321791287,616343.547101392
2025-03-18,7.638855693473471,7.664357973751972,7.592344011815514,7.631731851507771,7.631875571502726,186739.14275404185
2025-03-19,7.674571843563435,7.714684235366438,7.657011939786056,7.666698467909276,7.666365883260132,367820.1021677108
2025-03-20,7.478206986902747,7.517688769538335,7.472244470171937,7.478521845005045,7.479462413922144,305328.16603916936
2025-03-21,7.840476421475525,7.841201789636995,7.790241096799672,7.837005269349063,7.837919280438069,645039.8837535306
2025-03-24,8.082465682693972,8.118783897194618,8.092766094599346,8.099370270378715,8.10013752536662,269372.8262064667
2025-03-25,7.880343501793381,7.885237492129217,7.873079434339494,7.877450390034842,7.877073719987854,242441.8294431957
2025-03-26,7.970643773578304,7.986173130323556,7.932825346689289,7.961178181259302,7.966497624244405,522251.8856090122
2025-03-27,7.874448912298263,7.882779427095262,7.848074170005585,7.8653395593508755,7.865304728887502,376075.6614059388
2025-03-28,7.655318443734209,7.716925352120772,7.649842969650262,7.651429918269192,7.6501944866728335,299034.15718064783
2025-03-31,7.763395648827684,7.799980868129309,7.756902540680923,7.76369137277054,7.767445126509975,81169.9588614078
2025-04-01,7.864527459575997,7.878675532691677,7.818187791781443,7.84992753020024,7.851030348774382,396964.2059230647
2025-04-02,8.049292153055816,8.074419995386364,7.9456596416321,8.042190446165138,8.04328699313831,137014.06232855024
2025-04-03,8.383603843079586,8.419881347348884,8.375371173116612,8.394833943185498,8.392090790116669,205636.99237025317
2025-04-04,8.447460470137901,8.500532972021476,8.409029916727194,8.443297909145068,8.446007360558854,266333.4479981015
2025-04-07,8.247320162837315,8.29224681715344,8.2297320539184,8.251644913239126,8.252606909665342,439091.0322199655
2025-04-08,7.995463083970852,8.011167331105826,7.991302674207008,8.000311656574931,7.999072886216264,458709.16868829314
2025-04-09,8.30576517949993,8.400388358890243,8.301908306747258,8.302030942478588,8.300036592451512,886208.0442834754
2025-04-10,8.340834320156432,8.349754047290126,8.339963699777865,8.344823725368332,8.340195394040553,153391.0748992002
2025-04-11,8.718279245019865,8.798007987827303,8.67946141641562,8.720586157790054,8.723646881720228,248292.25767520483
2025-04-14,8.948404478146731,8.962957259100882,8.933826043371234,8.946197002589843,8.945234197849121,115399.07679762229
2025-04-15,8.978832331349864,9.022998518102602,8.927510994311666,8.98284267603311,8.985605995828575,265243.7242481781
2025-04-16,8.857105201829857,8.867763258422265,8.777966928668015,8.858485821546898,8.858383282197112,184690.04497456632
2025-04-17,9.2998133099742,9.387637465596018,9.28379857970056,9.30108993595366,9.301516943379337,217633.9403161641
2025-04-18,9.570594253087291,9.585398004167956,9.550546842742394,9.57259991625148,9.567722382962144,419012.976683941
2025-04-21,9.247394641650084,9.297962834353983,9.249147647644556,9.253492045251614,9.25407780319058,151531.80936664503
2025-04-22,9.23273644282736,9.310640750671483,9.21865131780234,9.246069540335236,9.248181848246448,130034.5820728088
2025-04-23,9.326127526759429,9.364946511655855,9.323265818232914,9.33191517553579,9.32867266989546,612043.9953112401
2025-04-24,9.38453039090066,9.477492439128772,9.384295565759883,9.397610878887097,9.394243606512507,283495.46946571534
2025-04-25,9.444725727122323,9.46354817272093,9.435713578742552,9.454168426297636,9.45094050865879,260842.4161065396
2025-04-28,9.551372046983357,9.602244319471447,9.526613051191548,9.553490569794242,9.559831964576611,980839.9377179889
2025-04-29,9.63880558109964,9.644910463084068,9.51948175691645,9.64136050524616,9.641599793609268,254735.1711785784
2025-04-30,9.456633959590985,9.479995125790447,9.434333709616745,9.47553114299162,9.477474384274894,189480.93888369208
2025-05-01,9.378516536655974,9.415640017218571,9.324567324185011,9.388695393319162,9.383654821637496,319755.81920619507
2025-05-02,9.810011433967354,9.815918079693436,9.802456921135423,9.814500405490744,9.818554300368096,466258.5170813426
2025-05-05,9.842646971554045,9.873578452648085,9.818556813102376,9.837314280022838,9.840625838585904,405907.0615502258
2025-05-06,9.37742028293292,9.449730892605013,9.377175687919518,9.387723772362424,9.385592837262651,349565.6272715054
2025-05-07,9.373822366807076,9.4218095459817,9.354134899117367,9.37257531662502,9.371064180658225,160332.3347096188
2025-05-08,9.433274584020245,9.444688350290198,9.42473336946311,9.427504602289703,9.4235986856238,221626.0369355904
2025-05-09,9.68184801143479,9.762570939035562,9.691541815738814,9.70143062096644,9.701275812848449,195143.87432650544
2025-05-12,9.543182769584,9.551024101942833,9.52285687077832,9.548275001314764,9.547758491997408,140761.8456665278
2025-05-13,9.60071502640506,9.610083081534986,9.559584213671766,9.592887987510508,9.593817955788229,490681.6963314613
2025-05-14,9.552810016078912,9.585520285692956,9.489693203885986,9.545480774844885,9.544812766289136,200443.04551834712
2025-05-15,9.3251038351029,9.33869875628884,9.312132951078668,9.33562973293608,9.336321405218412,273981.78633851366
2025-05-16,9.130769101750928,9.187973514566876,9.12617620082844,9.129437959337972,9.131119171731674,155577.05468532885
2025-05-19,9.032097829344066,9.034769355562878,9.014788251093073,9.033942702001104,9.033766246541791,146122.20560524496
2025-05-20,8.888060023303954,8.903675054897558,8.854820752746226,8.876693922144018,8.874745777671611,784682.7478084778
2025-05-21,8.955995055651787,8.983456385660741,8.915178208243079,8.946808914301835,8.945894438161817,310952.1853859889
2025-05-22,8.677274019988676,8.69050537475573,8.661345480303986,8.677185128814305,8.676433607389992,0.0
2025-05-23,8.72650578553411,8.822787540882251,8.738052238371006,8.741444416323416,8.73900330606641,90909.9886560844
2025-05-26,8.924002036974175,8.94021303833457,8.906360765287427,8.924546529310978,8.926063813570254,198895.09505123083
2025-05-27,8.705012530270697,8.777765026084783,8.64121785106229,8.710159484797568,8.710159484797568,311298.9374819098
2025-05-28,8.925179821283864,8.957401192200125,8.877809323491372,8.928435487588516,8.92734844883095,140543.81597077238
2025-05-29,8.456229131125696,8.47693664795694,8.400306631910142,8.456626324861384,8.454474042557301,518165.85181655845
2025-05-30,8.673709212379817,8.708411458302129,8.60835236654278,8.662638309651129,8.65957092399635,465391.0926213973
2025-06-02,8.50452022251409,8.516197594824662,8.471759692811709,8.498085334910538,8.495234392790175,62882.04376720555
2025-06-03,8.468321958371684,8.506048122658845,8.446624245126088,8.47050883264173,8.467681240062351,104558.61352269052
2025-06-04,8.919381318816965,8.964103835497484,8.909597586299721,8.923464843268679,8.924228587016216,368612.1312658883
2025-06-05,8.548582752822005,8.56790317045537,8.545188595575905,8.55435454283547,8.554090037538744,352040.8270666445
2025-06-06,8.246226470955085,8.257922336366313,8.214338570823017,8.242675878753566,8.243711735422192,498947.5534007059
2025-06-09,8.27049273604238,8.304401286092169,8.241799202447465,8.258328312605089,8.2584538682135,136484.0345473625
2025-06-10,8.503205987875328,8.559788321820058,8.434849718880395,8.508033713906752,8.510180338390525,114626.80379663678
2025-06-11,8.684235701415563,8.720302282683638,8.682490682193084,8.696672575619036,8.69750400555424,592350.0725225928
2025-06-12,8.647667369012542,8.663255531688458,8.628229870379547,8.656441926028315,8.653431160829376,636339.3727385728
2025-06-13,8.643429237435114,8.660330509735154,8.596404110702412,8.638377383388834,8.636896459548264,945052.1407202984
2025-06-16,8.90961785930483,8.959794418170764,8.835546829607853,8.906978933669095,8.905107785915375,400265.22928662034
2025-06-17,8.634134911128958,8.622750932606356,8.593950157742157,8.622720753963495,8.619205346493152,725526.3565431151
2025-06-18,8.799656675102714,8.909444896054543,8.794316181994281,8.796434176396827,8.796532169380207,232936.24000459997
2025-06-19,9.224946946001982,9.229838350098404,9.173229129255384,9.22594561024913,9.227559178876572,488929.1478685653
2025-06-20,9.082588062267234,9.085398138451286,9.036322919713546,9.080644676998183,9.078237490732011,332920.36298826936
2025-06-23,9.30928742828488,9.319866629437998,9.279764945174476,9.315369312915896,9.317511923161158,207544.10659849155
2025-06-24,9.30741708015976,9.364897396289717,9.310624515583877,9.310942282907046,9.31215210013776,394009.82560170273
2025-06-25,9.519258920026957,9.522546289426668,9.479868751324586,9.515326735062413,9.5138993488299,340522.1803205838
2025-06-26,9.480729098921158,9.491739402395048,9.43429962437344,9.469659096470613,9.470960780873162,127543.47410626573
2025-06-27,9.393978555484765,9.413650494134057,9.407336398765466,9.410207574216876,9.408839113840552,728144.0169099079
2025-06-30,9.075886253851133,9.143069140948883,9.076613025988662,9.077473923873251,9.079577402671342,153647.25318159137
2025-07-01,8.890850666174236,8.906191651060196,8.877641833120775,8.8934491573923,8.892787784719083,209785.62389431096
2025-07-02,9.440714068405557,9.552462298266027,9.456566756690547,9.457777020295126,9.458945818105953,185349.4345512693
2025-07-03,9.564268261252696,9.605973559785994,9.555877988161342,9.564262307973063,9.561779173477635,475636.4871349181
2025-07-04,9.7225153905712,9.741908823562008,9.705654841249263,9.717703505332931,9.713891230022163,260444.9633789149
2025-07-07,9.887695746450802,9.92216884069869,9.883596283950624,9.8851210150448,9.888149502087591,227453.85489266875
2025-07-08,9.55808190932831,9.58731986665246,9.519850673393734,9.565646239470665,9.56780125480164,508316.2652041989
2025-07-09,9.248101342759416,9.350501038718026,9.161211776256094,9.239245486123128,9.235028320432503,435887.61081784
2025-07-10,8.91418847088573,8.956230332024099,8.915369988042698,8.932315939136263,8.936224690219069,121658.7938698547
2025-07-11,9.06448690548171,9.06627219011101,9.033631614371632,9.060641320148722,9.062656741311324,946484.9583510418
2025-07-14,9.456349298240523,9.503726681958389,9.38216600480404,9.468944558495512,9.47025565574802,228744.4313233224
2025-07-15,9.711398064977184,9.766354833341278,9.680952806507143,9.71474773958862,9.715782117968722,594787.04659752
2025-07-16,10.161270489707816,10.229916422269604,10.111553657203524,10.162218537598308,10.163409083090004,319257.29955597274
2025-07-17,9.99878132533722,10.00516147509245,9.962322110438103,9.99657965767313,9.995913754697344,304768.8671998501
2025-07-18,10.043808053945778,10.05069327218269,9.976569779655344,10.038404183779807,10.036521643986177,128676.89624631211
2025-07-21,9.75648080596012,9.777947574385369,9.701182323650528,9.76515389041963,9.769252887081809,170861.90764988377
2025-07-22,9.621647047367274,9.64808963702099,9.5764721874755,9.62316680824091,9.627480402369466,156127.08330639728
2025-07-23,9.331006277651316,9.40708319037648,9.297517529451792,9.34063582464685,9.339361748399952,175861.37809320807
2025-07-24,9.218224426940738,9.235058187939703,9.196972818908543,9.21362588269644,9.216370476339964,315387.34013229125
2025-07-25,9.13628246806594,9.162418752832696,9.120472117041423,9.143456258338182,9.14502577631446,0.0
2025-07-28,9.149126218746446,9.210919119119492,9.139742126982968,9.14906627615983,9.151575712856054,477665.95724413387
2025-07-29,9.237096098910854,9.264096842144264,9.237098954370396,9.238451447752489,9.234906247572038,229326.59872700908
2025-07-30,9.157658507557157,9.212106761093017,9.106496202466657,9.143510225376495,9.147388457041975,420934.5104681755
2025-07-31,8.938344589979556,9.056531392216778,8.892497547495182,8.95240771624858,8.950971785836051,119071.42163090792
2025-08-01,8.946154037050022,8.982930728527974,8.90667109969419,8.944712692792445,8.942862323663341,224430.78334553877
2025-08-04,8.893078164939789,8.96219295258342,8.820862625669314,8.886751744974204,8.882526461008723,205311.9152585693
2025-08-05,8.962859503717397,8.96566073298833,8.929022076554675,8.961032582671624,8.958449686533537,220827.24332649377
2025-08-06,8.917359290686914,8.95459083640442,8.766423732631868,8.902909602267956,8.906379562317843,295259.49725639063
2025-08-07,9.010776690556751,9.051527418928195,8.997763486521416,9.011117023837356,9.011228061318672,144099.9699934519
2025-08-08,8.946770463254992,8.973499304323594,8.926765381137619,8.937206323881108,8.940470203838235,141838.73314260406
2025-08-11,8.89798170425489,8.9135910712568,8.870447031747347,8.891202373038995,8.890370833230286,192512.31729660256
2025-08-12,8.798766464083434,8.86020091123619,8.765607235711915,8.79648443381772,8.795334854731317,272155.15127139515
2025-08-13,8.787458883404947,8.80250916871459,8.734111864080184,8.78571881890814,8.788659672468802,216932.6971561432
2025-08-14,8.401567671239492,8.426935961939174,8.39929609980305,8.416827584186807,8.415180482592865,83714.33952035882
2025-08-15,8.651096765493735,8.674815847702453,8.617062377293673,8.635023696937095,8.636086379179103,252624.43479241448
2025-08-18,8.888111274335344,8.929327684814183,8.822859154193393,8.895751351116978,8.891717636757319,369714.4445099973
2025-08-19,8.92496609405235,9.006622190197215,8.906348930129397,8.92774210279027,8.928067579738125,208945.74994616196
2025-08-20,8.885739492022402,8.892519419240498,8.849596737630316,8.892228082925854,8.891911905163584,154665.0593166182
2025-08-21,9.059232321197372,9.056040747104944,9.00987164055674,9.048007710602064,9.046345911954957,240476.42843817285
2025-08-22,8.745061178294199,8.830655568464843,8.705123787026114,8.734891123455816,8.736268494242058,373146.2234305494
2025-08-25,8.766485387421223,8.79521448569144,8.758079699188738,8.76880620058483,8.76908481066153,164643.26615932854
2025-08-26,8.675061760291246,8.724440868143793,8.612386401049346,8.678295674039868,8.678503575084733,429036.0537023436
2025-08-27,8.981406159646426,9.003073095011004,8.983177634428875,8.986276195959464,8.982840075738324,512275.4975029879
2025-08-28,9.181302181755228,9.25796924161416,9.18482683933513,9.19594419714626,9.200076821429088,653878.5413407097
2025-08-29,9.469599127824283,9.523115214507008,9.410597527663368,9.475050065683348,9.475722807711955,300208.1211744852
2025-09-01,9.72908371892283,9.74241665381273,9.70614844753351,9.736259040100188,9.738787299326477,174915.0566609724
2025-09-02,9.700084677049428,9.70468387392352,9.682475185232915,9.687444261490242,9.688389717860233,413785.84854726575
2025-09-03,9.796410726658316,9.861036762577676,9.80813101498396,9.81419468961886,9.815660739526551,278764.0796601067
2025-09-04,10.16432459968216,10.209678629685522,10.158286135465524,10.165388248602026,10.16436533167126,347280.63207377243
2025-09-05,10.09062104751321,10.11326876588479,10.014978941935096,10.085996982269974,10.081501387244728,533271.5499968216
2025-09-08,10.228592481651718,10.28731223647279,10.15913054149372,10.25720799923856,10.258789540870788,466255.3328690147
2025-09-09,10.044444056865562,10.083078252035692,9.983873353255174,10.042881710518026,10.041564576719304,65036.51468422274
2025-09-10,10.497063316844995,10.524180173136958,10.464015302319732,10.510853551560029,10.505982493487108,288677.1286516655
2025-09-11,10.154445601197189,10.152973295095803,10.036667727868478,10.151977105534948,10.152081438843805,465317.7950923051
2025-09-12,9.77399416552561,9.7794012314596,9.743643392539884,9.77525874901936,9.778770653799132,169996.7212753475
2025-09-15,9.777380601569009,9.785081374851432,9.757887658165842,9.759888493734792,9.756649424803884,332841.8557209276
2025-09-16,9.648877752408254,9.66644132708389,9.536812507853474,9.650869925919633,9.651591885950792,276805.916923822
2025-09-17,9.489661621127947,9.537048245512924,9.496897702448784,9.502778177216658,9.50289443495562,452158.03838685417
2025-09-18,9.28142058390442,9.281255061953887,9.18927011768772,9.272687846757163,9.273792395820776,318295.80809073494
2025-09-19,9.4450020907451,9.542867043269151,9.426078813578965,9.446444570530549,9.444822763535804,410470.98670273
2025-09-22,9.990825673628985,9.991661211344711,9.898848737558357,9.970291311279084,9.97063412362723,255940.1556171832
2025-09-23,10.001187101719514,10.002460538152022,9.93984296085514,10.00100820368632,9.99571410406122,169562.11061545735
2025-09-24,9.589992833043416,9.668154177338076,9.587517535196802,9.595483540008791,9.59484469773517,178488.3989501147
2025-09-25,9.555006219546833,9.604117557678585,9.551161041293096,9.5522977874568,9.554303101049104,268671.2688120272
2025-09-26,9.530844445354074,9.52411257785696,9.516655439600118,9.519807991694888,9.5197600809587,689005.4995452858
2025-09-29,9.526815880031164,9.54669926279027,9.470901763869165,9.516110333779864,9.516302158024413,304378.5039278241
2025-09-30,9.616479280553891,9.6774238106437,9.57837737891612,9.608930855980814,9.608445077878518,392392.4006785232
2025-10-01,9.45500673396658,9.470782049522086,9.434245210898784,9.450337272239835,9.449338803105912,238287.7035361823
2025-10-02,9.307882495504812,9.30583126605593,9.260762522454115,9.298559155845696,9.296074315262135,422387.9948330681
2025-10-03,9.542018326873263,9.545023301304882,9.539190854892796,9.540568611832478,9.53888133213671,337091.1360422017
2025-10-06,9.588538037808418,9.634311117976011,9.543657354309504,9.573392032057104,9.569800122581098,686893.0536023168
2025-10-07,9.397910640819628,9.470679966117707,9.326426234123383,9.39720277726265,9.396678626468308,322108.74613543664
2025-10-08,9.81259656496803,9.829321678182446,9.77311564510185,9.805083510805444,9.804212417849149,267810.1404383108
2025-10-09,9.407941661208898,9.42042603102983,9.348844467396283,9.382891737670962,9.38174385570246,529905.9805505804
2025-10-10,9.023339703217802,9.07156032552726,9.0156299436241,9.045666079605777,9.050513101988496,485313.1423371817
2025-10-13,8.850472134169596,8.858023106546975,8.779166662501996,8.852157674283673,8.855057338033925,268336.31813668384
2025-10-14,8.79643761224639,8.799183819639977,8.70183811026231,8.797010121915,8.797580275079369,316125.0274964088
2025-10-15,8.723124341099112,8.805049483269665,8.649576787059566,8.716459059424459,8.716573746309567,163798.04215221285
2025-10-16,8.750776684315614,8.778875344494557,8.687961160938078,8.74851886405214,8.74695261907922,268888.2519196692
2025-10-17,8.795561802800542,8.820733551744572,8.752126673599172,8.800704548504076,8.802951112293348,60635.74735965383
2025-10-20,8.796729132148378,8.790723586080032,8.764004407262048,8.782791262738346,8.784921039502827,278296.91892085044
2025-10-21,8.74879227452464,8.810986310854972,8.737831849857715,8.744026883236133,8.745492103082341,389906.77883045
2025-10-22,8.862941140067925,8.869130364107424,8.80994575043972,8.858172044792259,8.8609786079461,289053.051393728
2025-10-23,9.262559344667917,9.273653729394216,9.208537849530217,9.2645536130545,9.261316437346688,296617.6902180337
2025-10-24,9.170874031450133,9.21523605533677,9.08170806597206,9.1548246754637,9.15520788891216,383865.7756798152
2025-10-27,9.046206681118766,9.059253058694212,8.983886236590536,9.051632385674118,9.050864562042545,369946.8591962796
2025-10-28,8.769727462007186,8.812881418282064,8.703768654979564,8.770073056115047,8.767157880288757,404086.29263451486
2025-10-29,8.6633778079449,8.685299192630962,8.589088035889205,8.6537370842814,8.652566781015146,242163.09908866655
2025-10-30,8.979841310619843,9.012326674947223,8.961172956714885,8.990078316994309,8.99025178238292,156677.33375189028
2025-10-31,8.939301802479937,8.98822296039791,8.917685424444525,8.930943574688422,8.93435533998533,217021.09061717443
2025-11-03,8.814740985300528,8.850939880387346,8.745129269814965,8.800858542369143,8.79985813778035,645344.777765901
2025-11-04,8.906082369425986,8.903880914439743,8.892457990266388,8.899212058124826,8.896319607077334,200814.9694547501
2025-11-05,8.97033285179927,8.99375370097097,8.953877356172317,8.977145797910953,8.981829031813168,201688.63210288988
2025-11-06,8.749507763585537,8.78589442710348,8.660034540506745,8.768300335637093,8.769832056700551,119663.56573558088
2025-11-07,8.548500362088278,8.585746610804232,8.513675130484808,8.56267805437937,8.563179494431857,172133.17249596948
2025-11-10,8.046182725350537,8.076729079308766,8.044243131156216,8.053240433317807,8.055717278866652,311833.0035585466
2025-11-11,8.276061557073179,8.335426417432979,8.283896918212424,8.288474743636886,8.286054052490256,636807.9067021916
2025-11-12,8.165647015211636,8.16636403182978,8.1534460577822,8.161568171368092,8.160642480187885,278262.36484925344
2025-11-13,8.497188241895655,8.531650896988877,8.431461695816132,8.503725641972746,8.504016652178493,352805.0815830008
2025-11-14,8.833185211674852,8.868367477337786,8.820918660525944,8.83408773507854,8.832217850639726,611245.5563481105
2025-11-17,8.745313619272114,8.809845829211303,8.704570491557421,8.752061693974538,8.751694253864862,255855.63553798795
2025-11-18,8.880949882819165,8.892900705544376,8.86571986242304,8.884811256442514,8.8843891365565,382677.0146394289
2025-11-19,9.005120719306085,9.02834003526883,8.963440930348186,9.000818358067264,8.998421251473543,358634.4340113084
2025-11-20,9.11081648192526,9.10182670894927,9.012174959296106,9.100974592732022,9.098653407438544,464403.777773912
2025-11-21,9.147849699692156,9.144107407876746,9.129288847581586,9.142035542694185,9.140904857121606,180040.44325439353
2025-11-24,9.104473130059148,9.19099143952656,9.055578957978607,9.097169402748683,9.094121993460233,190767.400996788
2025-11-25,9.573342184356552,9.57472367229908,9.546475553182669,9.57173935707642,9.57391651253978,727496.1860805934
2025-11-26,9.39120392819113,9.378390998851245,9.355709299768076,9.367078189562092,9.364127244834783,197251.30445510687
2025-11-27,9.482771234557127,9.564377721263403,9.454658513073008,9.473056626861071,9.476824784366858,527146.3795375889
2025-11-28,9.500093196588344,9.545113526969264,9.500037568964828,9.511982853073611,9.508807246946988,254072.09314499935
2025-12-01,9.46680952028684,9.464924823952266,9.412429236549764,9.461752683714282,9.460696349215093,211004.48587298417
2025-12-02,9.378495370975168,9.37453753712723,9.335034130853794,9.373911738051568,9.372220103603324,387838.1768531046
2025-12-03,9.184154068140764,9.258793323383696,9.15957266543041,9.192036835340868,9.188705186611823,180846.7131970171
2025-12-04,9.3540466801405,9.382936685575904,9.342406635866574,9.36099905729838,9.361855477978256,337700.3724138538
2025-12-05,9.16332170088286,9.224764805209665,9.155358554352937,9.162146290033888,9.162167855937776,154850.9164237828
2025-12-08,8.98351730066931,9.109498218552083,8.926612815821695,9.000640157413159,9.00353165214157,194263.48007818116
2025-12-09,8.932041597351471,8.955847091492224,8.909622061429094,8.93841438526497,8.939106745905477,217139.41276536923
2025-12-10,8.970840191244566,9.016370361903958,8.977273930341942,8.978147569312618,8.977114096672219,150651.1038176622
2025-12-11,9.082429632621402,9.11402578846856,9.028679110739905,9.081655898230196,9.078419822180493,497093.9726066753
2025-12-12,9.215570498582746,9.271139532887494,9.14454112280668,9.207153032075238,9.20832461485485,475054.5330323217
2025-12-15,9.37097657787372,9.408189397502593,9.346558608162429,9.382148139039616,9.381310060656512,295874.3695339363
2025-12-16,9.35330253897775,9.397578815239743,9.356117132532129,9.36044980281738,9.356968081245936,229198.94216038
2025-12-17,9.3605420213839,9.366535714432509,9.351563112814004,9.358352899543195,9.358540931019794,188197.52857043067
2025-12-18,9.303334420848792,9.322513785657325,9.303757064545572,9.305271536141996,9.309660565634092,229928.7268280048
2025-12-19,9.499449769604375,9.516304905480371,9.41746476214681,9.494105833656077,9.489164107121924,293348.33600510634
2025-12-22,9.448072582696984,9.501001465831836,9.410639638172947,9.452060846540313,9.450759629843892,210182.2647755338
2025-12-23,9.08975474365222,9.100938684925968,9.049296519334526,9.095289745605792,9.096684120950504,135551.539496444
2025-12-24,9.32935041003247,9.374755966150932,9.3113074418308,9.31155383568048,9.311605325785104,361553.6322869865
2025-12-25,9.352696489861993,9.392055519857005,9.272895420049428,9.341162389779182,9.340444009472318,496997.8076562848
2025-12-26,9.191914628682015,9.253992900660824,9.157543432087095,9.203005446284072,9.204404970857937,376913.2984480558
2025-12-29,9.487854497345984,9.52229945130867,9.47165705831408,9.500312102397002,9.500387907352591,250924.86901089828
2025-12-30,9.65209542927057,9.670509724868475,9.617084467068764,9.66306012698456,9.660736609747278,527414.2028697876
2025-12-31,9.46393660136371,9.513801187264953,9.438601809359762,9.460647988238732,9.45961698872591,183456.6164336028
2026-01-01,9.756863648929835,9.807043780853473,9.725655071410175,9.760160229746749,9.758875883496623,132744.6231775906
2026-01-02,10.17142477012499,10.28064965040981,10.13918966947754,10.175284114897623,10.18038706731371,0.0
2026-01-05,10.21896067473132,10.22766192606177,10.168596951193653,10.218121408096554,10.217395100614048,224110.4418015669
2026-01-06,10.314068642960144,10.386966013351527,10.274937413605716,10.316830979977745,10.314369675750038,87096.33665379966
2026-01-07,10.197205504970988,10.309822846966044,10.168527334126331,10.203916850216112,10.19882229652357,1078374.9703252008
2026-01-08,10.0730604263765,10.114556682153133,10.035018776493787,10.092425848983538,10.099178559908117,307017.91532134044
2026-01-09,10.21441412008916,10.272369564818824,10.177869633688951,10.218701727594471,10.216620244113074,214980.73921127815
2026-01-12,10.448222443769794,10.511990234716496,10.445801811370902,10.449170618617636,10.448240939015292,295308.54783483763
2026-01-13,10.39391346736489,10.453151754960295,10.391020941542,10.40076643584164,10.398254099443536,99731.0164780574
2026-01-14,10.255440241263065,10.299542876756847,10.149399057367932,10.259673949362073,10.26211318000004,428738.0803926352
2026-01-15,10.274798407203168,10.32032666705331,10.279638603071866,10.285550093213145,10.290798796963388,199699.14931985023
2026-01-16,10.423342214225132,10.53419551944894,10.375284792437531,10.42224674103335,10.420847337954015,270146.4516665903
2026-01-19,10.230744745031071,10.250420998493096,10.1401368826296,10.22039926236358,10.222653607086231,234829.56681050075
2026-01-20,10.202173557803173,10.225011435392863,10.119540995173317,10.207292810393366,10.20580626025378,200905.21822473416
2026-01-21,10.376183532801768,10.458469462225407,10.3641181100395,10.373389151178223,10.37813194001368,504970.1785111972
2026-01-22,10.171173026190113,10.178399918378751,10.120188763811704,10.158992059481877,10.1595243191899,478413.5918893903
2026-01-23,10.463105015458597,10.493175308132564,10.40558861128942,10.44825575049016,10.445433545045226,117386.80258250608
2026-01-26,10.920907053799915,10.943847809067568,10.887569040969714,10.931433685379872,10.929992411807286,200302.27316526184
2026-01-27,11.370164540628595,11.44984580601053,11.263591314925057,11.364405745250146,11.367686948841516,119788.509722742
2026-01-28,11.3635972160267,11.391786459943445,11.33405954556514,11.350539501841896,11.355738882760834,118701.82212386488
2026-01-29,11.197199870751165,11.23419175038674,11.17976927769486,11.222975067600627,11.225978967390589,603800.0551970332
2026-01-30,11.323190669332028,11.364058793232072,11.296219687934926,11.34322764345349,11.35022593229506,151834.49046606626
2026-02-02,11.85153932147416,11.85394258701579,11.81662434812329,11.818634226887369,11.821040881627482,395546.85883085
2026-02-03,11.920880352640708,11.960396889299744,11.840717150313797,11.921316909344906,11.918415455743,711426.9651500436
2026-02-04,11.12648797228094,11.252241160025722,11.123978119985912,11.126548113224258,11.129256001714282,189337.65190184352
2026-02-05,11.08849163077782,11.184700495066066,11.070589745100236,11.10489663688497,11.103062131160735,798329.775681093
2026-02-06,11.145378286217356,11.147176584104097,11.087189089002566,11.145760000461308,11.144547502359885,289291.18970559974
2026-02-09,11.226289208347795,11.30713176082484,11.18652455786715,11.22701518621403,11.22051162726772,68997.51606950458
2026-02-10,11.005846780644385,11.024191656139092,10.911901655079102,11.011432392984467,11.012605956055918,291987.7220378465
2026-02-11,11.096082978466614,11.101252780990457,11.069279669048395,11.081699585067918,11.08115062579416,256981.68977387185
2026-02-12,11.007690829049633,11.030674058778189,10.948764239987389,11.02285133547245,11.025689194641524,164473.08594516042
2026-02-13,10.850197028082496,10.885420040694136,10.815355699266378,10.854031366238097,10.852982953570642,1026240.3835841174
2026-02-16,11.119667391684672,11.189950204603544,11.009119843144829,11.129867632067716,11.13034719534792,297817.9295704715
2026-02-17,11.300042845666862,11.303843447918306,11.264133361789789,11.299147995228507,11.295115636758768,623872.9330070269
2026-02-18,11.525957923788717,11.542392615690744,11.426203516564412,11.52192628318666,11.521826518937177,88425.82174910484
2026-02-19,11.935979773641884,11.937799765075404,11.903119908507136,11.935720370175604,11.934946937217097,923253.801721124
2026-02-20,12.152282705209068,12.21333213039673,12.116839495996066,12.161453625136703,12.163321866626712,631318.8369965657
2026-02-23,12.33989430854946,12.357872984034962,12.31258510658163,12.34713040897256,12.347183961219685,164961.04536063116
2026-02-24,12.60147810567063,12.65862550635946,12.570709894592504,12.62843417496888,12.626233075660252,192126.404826955
2026-02-25,12.822813493892378,12.871761320590084,12.783830258299773,12.836279108015686,12.836727313134585,313910.32280989614
2026-02-26,12.85651858540042,12.931844596042962,12.77227936026956,12.842323262021669,12.842433515346697,430195.0489690975
2026-02-27,12.72586562789042,12.74991709596502,12.62911869807288,12.741302339787511,12.741746453783216,286043.9263816563
2026-03-02,12.80376713152517,12.90128496954455,12.677319883904364,12.808058232000857,12.812437833226388,567641.6076583255
2026-03-03,12.605306844309704,12.65240217787081,12.603964961661829,12.610382836682131,12.608929135614138,354037.8289066213
2026-03-04,12.883072853971068,12.921103502566192,12.899008287790762,12.901365827669386,12.90329633226321,378974.7361696254
2026-03-05,12.79710404694148,12.892045169179678,12.7945528733516,12.818099858579926,12.823638942765283,267953.3356141284
2026-03-06,13.00139740987783,13.0696127307389,13.021313303030158,13.028844751734862,13.034932711102352,629296.4489666533
2026-03-09,12.890290848930466,12.8803531236654,12.78201572927319,12.870687843044864,12.873935524375131,192131.9824455666
2026-03-10,12.264704341622124,12.285874404525597,12.14669058182307,12.269237160136177,12.27171229295747,163265.44627777074
2026-03-11,12.866444042350768,12.897758852463769,12.792896287457626,12.859963462377724,12.853466072864617,529266.4089184185
2026-03-12,13.567525535848633,13.724145409929962,13.496053894875486,13.580644186192336,13.580837098928525,732645.0853213326
2026-03-13,13.774428275310097,13.757224942089126,13.721984971088888,13.755857090796546,13.762295435843209,280888.03729451617
2026-03-16,13.853674991007146,13.896599130491476,13.727229559371397,13.856178856452164,13.850138305981195,276104.1939841078
2026-03-17,13.723413211379311,13.772795051927726,13.697691482927093,13.720869665316842,13.717976587914531,164893.08797588391
2026-03-18,13.536881969107029,13.590973362166553,13.539828687481622,13.552430663737564,13.555694589212504,875397.6207848768
2026-03-19,13.582461338668605,13.623065301041107,13.51822076864833,13.595313467121,13.59659225802632,479434.8922831561
2026-03-20,13.448355421506715,13.45331977053549,13.419929978527438,13.441594863153046,13.4473205498247,166679.0291726538
2026-03-23,13.578071742525063,13.641949440824186,13.577139739352496,13.595509292451688,13.595646003778988,222536.82568665856
2026-03-24,13.263587610966267,13.291053355153911,13.201503628035812,13.286571816187084,13.280202481611656,242998.644391138
2026-03-25,13.59263209411845,13.61070412678098,13.563258955940096,13.594853687242653,13.59271566611629,190373.5175510013
2026-03-26,13.93697665445962,14.016806130530682,13.879382243026244,13.91364038301474,13.910668667752836,234076.25490566264
2026-03-27,13.608933070382442,13.632680126811463,13.558669197304576,13.610634540767556,13.61116536818648,98823.79779929457
2026-03-30,13.51107282269012,13.494630255786149,13.474685427619884,13.493838391411838,13.49282020508708,796200.0028070373
2026-03-31,14.206485395154813,14.23464541067227,14.14922228826381,14.223893500696242,14.222197692600952,339558.7908982158
2026-04-01,14.020763185989862,14.097348468843034,13.973105460808156,14.022283129755492,14.020899689232278,148399.8260096296
2026-04-02,14.087892129716218,14.175316119896149,14.072526136434584,14.094848067945422,14.091921363388524,543114.2997150979
2026-04-03,13.53845321703087,13.630961252575382,13.523245991618406,13.538840182369984,13.53410259326129,379447.9154907389
2026-04-06,13.04909572508802,13.042060914307774,12.971072735615875,13.034165161779294,13.030440296254817,417966.96255527466
2026-04-07,12.900423501191336,12.99636458711915,12.870282318802571,12.886692124885055,12.883558557827998,190190.68729169408
2026-04-08,13.036384118633933,13.076560966247571,12.998994762057723,13.014079903791773,13.015640664287757,585343.8197650458
2026-04-09,13.018966972760252,13.081497424246486,13.0003876448543,13.01683672421091,13.01720461975732,243936.12109989868
2026-04-10,13.055836387491272,13.148778794715271,12.945774290503188,13.070252288905722,13.07230229437168,216710.4829074215
2026-04-13,13.460126262209547,13.495544922781727,13.396160260924404,13.446467182751912,13.444987239423028,285216.8742901355
2026-04-14,13.438893965385253,13.4999456940324,13.44325713670704,13.455459054085749,13.457684266878262,331091.09606282
2026-04-15,13.58873353008855,13.64461786913778,13.515229392179323,13.582485371945753,13.57825521648025,194773.3786088915
2026-04-16,14.165691368847632,14.266052052769618,14.086824118171537,14.148187043793769,14.150613761629677,193679.4826056098
2026-04-17,14.33264576307362,14.394543535392067,14.289649321935956,14.319365961981664,14.321129108124977,793172.842379443
2026-04-20,13.907666945483909,14.048891203621448,13.876233873721016,13.89573850459767,13.894667214616554,581004.8794995968
2026-04-21,13.646432496387416,13.759049179728468,13.610460320907428,13.649702609635618,13.651698025865102,599492.6531842286
2026-04-22,14.37434042005957,14.397911434447233,14.273605779305434,14.368677000125874,14.370350721282716,146409.29335127183
2026-04-23,13.697645824805411,13.70465103639574,13.612546665734598,13.69052557854009,13.689157648839736,214581.0680137785
2026-04-24,13.747805512663442,13.785614517567362,13.73773240106534,13.76352203851092,13.762605014642451,127336.4809926804
2026-04-27,14.00367105101673,14.036362515553584,13.899630714298146,14.003602628475107,14.005090852777592,290075.5407045996
2026-04-28,14.209419444454443,14.281688314622556,14.095890731820246,14.212159529426817,14.212967638345145,378972.9810852028
2026-04-29,13.868316416991156,13.902746560377247,13.726663618878463,13.888374939690902,13.88528779480436,413137.3440561682
2026-04-30,13.31690342583753,13.35220126632105,13.312933685867486,13.32008867389329,13.32528485750507,992817.2434205136
2026-05-01,14.411913519758778,14.488896838019786,14.35174674906466,14.405442121957586,14.408159189654372,593219.6826375743
2026-05-04,14.676601373173868,14.657119907974453,14.649514059005456,14.655776784640048,14.656845867369906,183844.623807874
2026-05-05,14.92497177772779,15.014571515624198,14.85162358540628,14.922644491842751,14.924600148330317,78635.2664458379
2026-05-06,15.328362385806058,15.382145471518454,15.339315677455192,15.343037111388632,15.346484075006638,742507.8069771131
2026-05-07,15.383132739637883,15.493440625411226,15.299477303903592,15.400761248447408,15.400623409300843,401302.28537385626
2026-05-08,15.325064408290284,15.398969241671074,15.32156597322919,15.339477136025163,15.339477136025163,207114.30692143095
2026-05-11,15.9384475147503,16.0400642148621,15.811784632632945,15.944819369154034,15.948273445429868,412180.4291212263
2026-05-12,15.86247007948248,15.872255013103564,15.822645566330786,15.854992569172628,15.856069549075457,438376.5579052574
2026-05-13,16.54242417505505,16.571090452786503,16.462112334205607,16.56000590094213,16.55309049023159,615289.8234469574
2026-05-14,16.317687774063014,16.41390142031263,16.201075655037876,16.302698908720988,16.304760255925355,183441.90007336708
2026-05-15,16.390932373279913,16.52386970086141,16.266138164749858,16.40725918029997,16.405633133752545,515616.2895348423
2026-05-18,16.42511611134034,16.515198741528845,16.40957301737183,16.43334563281744,16.429912857812273,227910.72589668463
2026-05-19,16.205051305849825,16.289227454724003,16.146277988625076,16.239789526778324,16.243169311180406,722765.8398749128
2026-05-20,16.57964867806617,16.637142048443135,16.457906758076955,16.593172153179857,16.596208730465907,176564.80611826398
2026-05-21,16.723808189946084,16.727724095952595,16.655970242442265,16.715425808883293,16.7156756159817,163112.3336323578
2026-05-22,16.42872768796506,16.55895007235549,16.36904269720147,16.42073689104234,16.42211511088443,518047.0394285622
2026-05-25,16.559873601187114,16.6438398593135,16.515314921508885,16.570199831244544,16.578689440505705,264298.42830081645
2026-05-26,16.825642729013662,16.956496932186027,16.77212106994051,16.840299569304705,16.84202191080026,427471.807308713
2026-05-27,16.49828423465615,16.552248742687695,16.372634951103223,16.477177583391395,16.476112347690865,152257.86020270106
2026-05-28,16.688519041310396,16.73044093530464,16.6319917995683,16.67994511679575,16.682774519693655,303879.7553059006
2026-05-29,16.93995132328086,16.969358994796668,16.79530591879644,16.9063570645072,16.914433206438776,143721.27721777806
