date,open,high,low,close,adjusted_close,volume
2020-01-02,37.53591012778398,37.80326658771624,37.42412946509356,37.49597963525614,37.495326098371365,495684.9609183001
2020-01-03,35.97169879399836,35.987051021261394,35.5885845622083,35.96642864877393,35.975678899873415,398928.01991204655
2020-01-06,36.695773764549486,36.90440310745746,36.62924203984984,36.771464102935845,36.77525986957553,170992.64013662547
2020-01-07,35.65549563775867,35.9071470974845,35.39707167888276,35.728811809220645,35.731200421275545,243336.410238482
2020-01-08,38.08621038788951,38.21271102306351,38.03345853809787,38.09775862917092,38.08777899472862,357877.8194809457
2020-01-09,39.63105387001925,39.78232366911634,39.610049560747726,39.62659131855721,39.63435371846791,128650.88163454764
2020-01-10,39.19735452697152,39.30978171606454,39.06655991997973,39.22984810540834,39.24971623742582,225173.2790532128
2020-01-13,37.27566748841994,37.36841628508763,37.21878600325381,37.35726337655248,37.364611924228086,305645.52594052046
2020-01-14,38.67290078036667,38.83869201046266,38.40412006198763,38.699823678226245,38.69346916288546,437977.5814554966
2020-01-15,37.8986123100796,38.13494776309072,37.78319910292724,37.91834451629197,37.91782459031542,237633.90357316824
2020-01-16,37.164370758361024,37.52770919729844,36.99063786039789,37.15174088166727,37.15505742248666,145127.0469697156
2020-01-17,35.26992076062292,35.243355821720975,35.14408635590146,35.239971576794865,35.24623657652866,278700.7024804056
2020-01-20,34.77059284953587,34.88692820747928,34.56654581179504,34.76483098460324,34.748898258790256,142580.06003037118
2020-01-21,35.12305625423792,35.40338846917617,34.90666572573486,35.16381463012665,35.15940056071104,117416.85092115252
2020-01-22,33.639162294031216,33.74136940871751,33.36671347168176,33.61777779265682,33.62360160157906,171231.90527485745
2020-01-23,34.46935251341854,34.59974354027029,34.48880776178081,34.512441345604906,34.517494658132584,154879.79132945967
2020-01-24,37.111524632351774,37.14479754277004,36.73773995272224,37.07074645109444,37.06312890687176,256118.40640045083
2020-01-27,35.73589604503344,35.77689119244998,35.56161064700682,35.752076234085074,35.7433765314376,184848.1584348691
2020-01-28,35.93248091910664,36.04670224083455,35.92097798742148,35.93977508051675,35.944725452305704,158760.1082203707
2020-01-29,37.02217267122332,37.02907019937077,36.979395437903456,36.999175666809066,37.00541798536338,269132.5575721555
2020-01-30,38.83149656208249,38.93587308615782,38.60825450778948,38.79701486494257,38.79712532731227,144754.53338186236
2020-01-31,39.8557030070879,39.92687843313423,39.84291582332733,39.87798271911062,39.86681176840931,206738.78425124648
2020-02-03,35.77176092169604,35.93897019477015,35.472782853222505,35.77515644816342,35.76119779369267,92090.94536993033
2020-02-04,35.42836256111788,35.57702250477744,35.3680742730794,35.44266741493127,35.44000824337224,287677.19159172283
2020-02-05,37.21027800891631,37.23809282812493,37.06435612498463,37.1392897534444,37.16615629797612,449482.5541431376
2020-02-06,37.70957135699096,37.83534037013376,37.53010137070829,37.77860244409525,37.7757512060582,77551.49662989263
2020-02-07,40.45150332496596,40.53849744642371,40.26709621256231,40.43290968556071,40.45567280634502,647794.6665548816
2020-02-10,40.66356665986815,40.89684706617709,40.28868485291261,40.642692858717325,40.633897255060894,322180.3654188671
2020-02-11,38.266783482399134,38.50396406542083,38.1069721861531,38.248879598709394,38.25390965332184,224493.70811189245
2020-02-12,38.92509551981085,39.13309873539451,38.836985802439536,38.895803289265146,38.89769197788214,445472.8398528952
2020-02-13,39.71043297034148,39.7427457466108,39.48236912439796,39.72212896900695,39.72884087389531,71845.45391430409
2020-02-14,43.6869469775052,43.69060352212093,43.5731255732343,43.58995585627023,43.592322887301854,294978.8975021242
2020-02-17,43.03417012251083,43.16643181622124,43.04207828166168,43.04447161107301,43.04779627471029,425142.4680997272
2020-02-18,41.75183650023057,41.97547972550695,41.53355533714152,41.75985472120173,41.74399130737107,361333.9366704276
2020-02-19,42.68038069305479,42.71941795257888,42.51780624737754,42.69735606254533,42.70771015979562,209903.6852948648
2020-02-20,42.31187336704898,42.29503228983845,42.03939469303153,42.28985919571819,42.27603795000165,199441.02656095015
2020-02-21,41.15028133408328,41.259028256730446,40.91279577536762,41.18344311181658,41.17151359335891,231590.1639967312
2020-02-24,42.74423397813863,42.76789940481013,42.6193254821704,42.68335550908153,42.68349338229386,212319.3179804697
2020-02-25,44.73393350736898,45.045328285703135,44.67071760417515,44.73275754346174,44.72746453231439,256603.1859093012
2020-02-26,45.24484617722321,45.577888439297546,45.12494103730859,45.21718871838014,45.20927577295284,333780.982578919
2020-02-27,42.24280823179142,42.35281862919934,42.111851560145546,42.23616333284168,42.23874493653402,927961.5443728468
2020-02-28,41.80432097102077,42.19444237515958,41.51316517639386,41.87232503175256,41.856053426001615,304108.70622724906
2020-03-02,40.52269411505224,40.69633370026487,40.43202011297601,40.56138166484983,40.55376649797108,132783.44682734142
2020-03-03,44.80306429566037,44.80180392174935,44.55436895593137,44.77565567928502,44.77310128542979,226908.2936389684
2020-03-04,44.458013581120085,44.49871907278026,44.4572283016112,44.48908887105721,44.49412293346904,183836.69334544972
2020-03-05,42.41494781800584,42.58998585667043,42.24767609066019,42.4125857334643,42.39657945051163,376639.9165141393
2020-03-06,41.53039492952054,41.9367384550588,41.368636517012575,41.54323217186352,41.55201438855467,205716.58203859915
2020-03-09,39.99201359791101,40.00398368694112,39.79698118665426,39.98867337105977,40.00604413933058,685022.9639697233
2020-03-10,40.859467700545714,41.28375287007723,40.85672194549722,40.91627750869239,40.92584609077654,970486.6446355556
2020-03-11,40.60411611969575,40.78141598664648,40.3528824393549,40.61670676929151,40.610672321774295,154674.6028101046
2020-03-12,41.08686388356861,41.21413145791119,40.97134700973268,41.12323182520671,41.121086530055685,856856.0323975974
2020-03-13,43.66829628441005,43.705446178273895,42.903062288534215,43.6246418273886,43.63870846540459,114952.36456863728
2020-03-16,43.60467890366159,43.9855346748998,43.41775922822647,43.61299738057501,43.61192582889301,748658.0376199397
2020-03-17,44.7998365548438,45.13423306279211,44.351168026606985,44.84391413233868,44.8340225225358,350667.6792673817
2020-03-18,41.52700039741104,41.62310497684199,41.50978748929241,41.530622937633694,41.54810856731557,102399.87301935792
2020-03-19,39.76040847426364,40.0017466228468,39.75933495944294,39.77514292784056,39.7809743457035,1473600.491090299
2020-03-20,42.49504711186083,42.53366165618507,42.08244231184035,42.479928871313206,42.47194718385454,164824.4442309151
2020-03-23,41.12926184034321,41.33747976717987,41.09104152016721,41.13919908127629,41.1214825819861,279408.2279543711
2020-03-24,39.91060581859215,40.23207249259152,39.85245190124122,39.89646062902247,39.89390504433886,283687.5857088495
2020-03-25,40.457003260155055,40.47111252268188,40.3017082098871,40.43685597862334,40.449570814749066,242878.15708722585
2020-03-26,40.97143410656383,41.234129784542255,40.89587968519432,40.99104635369736,40.97402242937585,231416.02581025404
2020-03-27,43.6901865505504,43.90684007144733,43.24258950472693,43.63898015454769,43.6302101860021,442253.5958450828
2020-03-30,40.827190951935634,40.97360974958891,40.66111619494078,40.876522213414496,40.866604615765375,519334.5115631189
2020-03-31,41.92590040549744,41.992010542333446,41.58238470575464,41.89959195134235,41.9045317839467,485486.6566409499
2020-04-01,41.631440187433405,41.5969558777973,41.289388305019294,41.57452780224513,41.58507876797795,167767.1124465084
2020-04-02,43.88160383772286,43.87522322400338,43.79676239097197,43.83356039192251,43.83299164728058,156792.5448064849
2020-04-03,43.78083921106394,43.89317412433422,43.56959968475125,43.72079584417818,43.7128616077859,702715.7998246648
2020-04-06,44.83367574823608,45.06871458181889,44.71623403309259,44.80027677637719,44.80444135821632,396533.31652612425
2020-04-07,42.2208024335816,42.402255598640096,42.25386737635459,42.31781266545931,42.29608108704453,780005.8959693311
2020-04-08,39.53679617448427,39.71985987496296,39.047687485565184,39.55091730994198,39.545207901103815,334230.87006777606
2020-04-09,39.71094857286249,39.85276685389899,39.42446129615919,39.703212144247296,39.69659619610459,437144.5819020127
2020-04-10,39.311354381914505,39.59461872519231,39.29307042610281,39.318415839898606,39.31491839437825,438987.0967217527
2020-04-13,40.14617649613548,40.28778321196809,39.858480921804734,40.14572066962624,40.14381930996556,145373.97115873802
2020-04-14,38.91924478366981,39.112480433940064,38.92655414723862,38.92736463742056,38.93251616452353,152086.8660496963
2020-04-15,36.96150756081485,37.03202880034426,36.898983289372815,36.96702792988918,36.96811309493479,583734.0904554757
2020-04-16,37.13620621876439,37.3899426327029,37.06947517104104,37.12005194363499,37.10452047394647,395268.9323046099
2020-04-17,38.04535601598841,38.15991084095633,37.9812283165767,38.02344789263641,38.02242655584408,255886.74909860687
2020-04-20,38.00655112566434,38.22077430489851,37.92627993462674,37.99998243686094,38.002823937763786,440562.3049408342
2020-04-21,39.15049546511517,39.35469241600261,39.05480728492289,39.20506990881551,39.21628620155944,912164.7624779324
2020-04-22,39.683976667762266,39.80582949332444,39.5724446151976,39.684957425906894,39.66616703192937,333440.13368333003
2020-04-23,39.918959320289765,40.2776048659335,39.75505716056343,39.89820754766823,39.900785170891325,85096.56613086897
2020-04-24,40.0701057863071,40.27615221069387,39.95431752001769,40.07170404731747,40.0633650084942,344824.8060448888
2020-04-27,42.00031095295736,42.27471729298033,41.9440076582374,42.02776017804148,42.04363399944033,155118.0249004568
2020-04-28,42.73029924893622,43.12681006184957,42.74992858236728,42.7545839012909,42.740301520543326,322908.296827295
2020-04-29,42.59675750130005,42.77008935522037,42.41439470082416,42.580944171967055,42.570528276614745,359379.33678564284
2020-04-30,42.55582143125044,42.83266793143794,42.46210233509932,42.55654504346148,42.54981307178625,151860.6161821811
2020-05-01,43.19034030939187,43.51138823729664,43.13801288385024,43.23251418970493,43.26443574979734,272880.29141114355
2020-05-04,40.90499374310509,41.07738141417597,40.48551110348327,40.95385239067136,40.95988727907033,443182.1802757002
2020-05-05,43.60253679551093,43.666017587176334,43.548342164155365,43.63459944475533,43.6436068232443,340557.48341220856
2020-05-06,44.33524427227627,44.570236414400334,44.08701483948645,44.25754136012527,44.25900349870957,347815.28840919543
2020-05-07,46.16126584173599,46.328157876583504,45.73344636254013,46.17401181948095,46.203879614012855,181391.67987213668
2020-05-08,43.06606674303026,43.27729514250871,42.97286385763682,43.05112263155113,43.05741204533793,253421.43606896588
2020-05-11,43.74958323611144,43.821648409753465,43.44467411178034,43.746033059107646,43.75530932154816,197799.569770603
2020-05-12,42.205929416909335,42.31660621040152,42.22996808011724,42.23377559421208,42.23571245750068,337021.53958193085
2020-05-13,42.899337818380566,42.92469848292284,42.639967377052656,42.867296756293584,42.870548660132194,396122.5847282492
2020-05-14,41.61925805904085,41.80974157779875,41.53258755856813,41.598238304893016,41.590425851058406,228126.92831630676
2020-05-15,38.43646320986878,38.76624129634738,38.30523545472502,38.46046529161426,38.45514792813191,303966.453866954
2020-05-18,37.2158584004258,37.39064481358667,37.11127066015931,37.20122004994617,37.210219477879214,342545.86926944
2020-05-19,37.06600254074151,37.171282089090205,36.98400653335313,37.041005728825446,37.0391892373252,341192.02174161805
2020-05-20,35.45509875332953,35.59608863255509,35.31271990431432,35.54254621019668,35.54042655571127,97835.45651291386
2020-05-21,37.21262854877166,37.33478057088213,37.15424439043412,37.16168028264946,37.16479102535873,166414.65505759043
2020-05-22,36.141965390339855,36.12427989863027,36.05548278604552,36.089454071201125,36.084637846562885,107503.0630281355
2020-05-25,37.185392822465765,37.2120298301764,37.14213872799835,37.148528074233774,37.14954900514672,212453.51938361887
2020-05-26,38.16765644979018,38.304837530029495,38.08985077241027,38.17118652006335,38.15992158561031,248560.99829694745
2020-05-27,37.22304574077377,37.35218669656685,37.23491586654514,37.27201011990268,37.24611384857332,226645.5823265862
2020-05-28,36.67051519691625,36.7417966916689,36.6569757602829,36.66608614650277,36.666063086913,123487.41633551304
2020-05-29,38.88174041272212,38.94232694125992,38.67772343502632,38.878329983645074,38.88450913600221,649388.4089804712
2020-06-01,38.25712962286984,38.29933772485786,38.13760281988004,38.25431693808006,38.2587001879033,474528.4084563037
2020-06-02,41.32581545306048,41.34434253118573,41.23441929798848,41.29233258853423,41.28153159040269,494590.4966820345
2020-06-03,39.54645469240124,39.80639903128808,39.496220276031785,39.57270276853761,39.56134868791103,531867.5053039617
2020-06-04,39.26697669969656,39.663589356838806,39.15731048201148,39.27192889706964,39.26613596267886,316850.0356977672
2020-06-05,38.56977572557485,38.796903224954505,38.52830702110305,38.59669750832364,38.60407028139971,663573.9744671269
2020-06-08,39.55107648614912,39.6525106137806,39.25742333659901,39.499771063653945,39.511045420979805,136822.39349361588
2020-06-09,40.11157904122688,40.2773188928518,40.02471937495843,40.09100219321871,40.08987603067823,361302.1669718266
2020-06-10,39.692495447238976,39.73343949553636,39.698320320789286,39.722651454851,39.75237156730984,116539.00437414838
2020-06-11,44.4678574019711,44.48995999908449,44.46413241780471,44.47747619236379,44.475501527230826,243859.77056407684
2020-06-12,45.44506401335226,45.524479302446856,45.41074792467298,45.471389622998565,45.447681353510056,308775.6833793773
2020-06-15,44.837822583884055,44.94426636626397,44.62978596031988,44.83921346921042,44.82607874570129,263076.480209048
2020-06-16,46.897565646697245,47.15052062256894,46.643493386377095,46.88198314283813,46.88051272306303,385608.2875353338
2020-06-17,45.20222687847763,45.35944203971487,45.16240528234936,45.19875426619557,45.1935500783118,266107.29414198466
2020-06-18,45.34170482182388,45.52079746100801,45.350438194574366,45.4049943097624,45.41376469453136,173756.91420886767
2020-06-19,43.57761763212061,43.71474797472297,43.25586659736465,43.58276330364669,43.58303235524891,804145.6401223197
2020-06-22,43.771870827538,43.8052663705677,43.26000505447144,43.67934091694018,43.68129124967174,190236.8290507801
2020-06-23,43.70377697677745,43.78786665652457,43.682602606819216,43.78247672210983,43.779263543613695,293281.9280635802
2020-06-24,45.17460552585715,45.32100032679704,44.83107411614707,45.13265742759374,45.12697182911363,364941.7490606917
2020-06-25,49.04186103207852,49.14543259837442,48.99385816812014,49.093456287787305,49.09134638677675,253201.1886512395
2020-06-26,54.11865663025026,54.28673809965845,53.54917384185963,54.09919909118807,54.12763476480716,76259.34654424827
2020-06-29,50.29579362814178,50.4721972048164,50.27036077357578,50.35980230642359,50.34805571232258,376104.0568361572
2020-06-30,51.3213842627633,51.351698567120536,51.02385714475757,51.31650855409011,51.33216672008426,213453.43356350917
2020-07-01,49.618931959928304,49.72409143088131,49.58807979525306,49.67809028849518,49.67227705744023,391715.6381111294
2020-07-02,50.87677125275079,51.1089908701126,50.56033129377437,50.92923892648762,50.921523094075496,730657.6638472963
2020-07-03,50.690639350871365,50.91617725430486,50.49332019793908,50.65811388826016,50.64771756116618,172372.80028434796
2020-07-06,47.89034434475185,48.39125568907893,47.56031578011456,47.92477078924635,47.92234476333435,151056.37447659043
2020-07-07,53.96175063779138,54.08645546654515,53.80401550562276,53.99691045936831,53.97362270755049,282406.5590908697
2020-07-08,51.160464105541045,51.48281068112818,50.49153704669401,51.218522323966816,51.2165919424905,400526.0944181791
2020-07-09,47.88517462916904,47.92735848307633,47.870617632352754,47.914106168283645,47.90072760715052,264492.6212134867
2020-07-10,54.912599705906345,55.23838851525712,54.83204386197565,54.98302092672548,54.9661608050545,204031.0384882578
2020-07-13,51.33923928142815,51.67545033789686,51.20235969602336,51.416611768538665,51.39468339318627,172085.5393737303
2020-07-14,52.43436221656822,52.955579536195934,52.0508302802358,52.39124909352517,52.39392085344347,368308.170051119
2020-07-15,47.801221183042856,48.04960941794901,47.54926603975164,47.79771488245133,47.82861195546792,170487.48694913732
2020-07-16,51.061782611395294,51.314840148186256,51.045774463544376,51.15558540078562,51.13713189536443,141021.65187992933
2020-07-17,49.43260891674581,49.7522148982027,49.23779446610976,49.46318144060122,49.44523950261294,364026.1272014511
2020-07-20,49.608948641605686,50.28265856467467,49.33887694288796,49.55102250626776,49.56493045499163,194299.42603744467
2020-07-21,49.00849339004591,49.25710257388451,49.01049562904562,49.03421389344383,49.03423971805906,308495.661464015
2020-07-22,48.504805793922905,48.86772120342467,48.46483483095989,48.50628909737402,48.505432959493085,677185.5115256023
2020-07-23,47.81096752231934,47.98751968674539,47.804101467913725,47.8099488888634,47.80532242399104,384738.5165354672
2020-07-24,44.56059708420752,44.65393143878148,44.50261334869397,44.552704190769006,44.54803407433855,172721.39672040212
2020-07-27,45.0707750937037,45.32172148037723,44.74656999563173,45.15729514502536,45.14975881585733,284268.2651466837
2020-07-28,46.3282265909422,46.2957772117799,46.0955948430946,46.2698560159704,46.26614102981962,136212.48330726774
2020-07-29,49.314129880995296,49.42726784195756,48.89683486619135,49.35032292802267,49.366195597741694,240712.83914789883
2020-07-30,48.12971960318777,48.32508171449721,47.91784878694035,48.03997654895911,48.03370540628945,432695.8965300873
2020-07-31,45.43526335479146,45.75225471341453,45.2780641842984,45.4334068127783,45.44160908701271,145189.5886683468
2020-08-03,43.62246066725447,43.64110826096063,43.55480214988496,43.59203011498708,43.584359663517176,425771.44892301527
2020-08-04,38.65274052759735,38.818914931146445,38.32650376466719,38.68552478598989,38.668825878595634,434271.1316123319
2020-08-05,40.34165410396736,40.3642006983964,40.2373553257418,40.27915477134278,40.25033969623112,172777.79141880505
2020-08-06,41.99527355039102,42.1359411937644,41.74155596160711,41.93396338095374,41.94072729281432,315233.25022254966
2020-08-07,40.23927325695625,40.37907597308214,40.04690124879882,40.205871709471246,40.21180501082284,312842.7393611533
2020-08-10,42.04577376790054,42.24911289549476,41.72476606632319,42.07795727464893,42.06843790413599,239506.90578671257
2020-08-11,41.56541428452161,41.697437435701374,41.27886212838213,41.506879658563655,41.48959855749704,1670746.188703196
2020-08-12,39.95955231139424,40.248839047275965,39.79855907344092,40.029801174842845,40.03152494877307,832673.3919390988
2020-08-13,38.40966869075514,38.404195439892106,38.34566246117767,38.39506555136427,38.3952225484414,580233.7990768609
2020-08-14,38.0838421809024,38.24630647909029,38.07317326389305,38.07619572073824,38.0845975521297,0.0
2020-08-17,38.03798716132496,38.20475473859275,37.91519918972969,38.0506509715477,38.04737717576554,299546.3436023227
2020-08-18,37.1465702578176,37.38156343232546,36.98814829876584,37.17012392456017,37.17295173353025,344146.81286089565
2020-08-19,38.99561006302162,39.44782113075991,38.82715599290193,38.93897654378268,38.93830539232318,238887.19126897768
2020-08-20,39.7182635898013,39.68435545721802,39.46731580127773,39.64290865406792,39.66044208668917,148190.99043387172
2020-08-21,39.74422769654077,39.89605360057048,39.47715452335446,39.71495018214985,39.70823419005299,255310.67091053395
2020-08-24,38.15956536955163,38.163460204845805,37.915020888867645,38.14461690323457,38.14020602860696,347487.06852818606
2020-08-25,39.41918097110327,39.53525855736715,39.17392741350484,39.36062087847877,39.3620316741337,512844.5711146347
2020-08-26,37.902547059591015,38.02708268724718,37.51047614334594,37.8496308667298,37.83648447055892,799932.2219922811
2020-08-27,39.16686094022508,39.4397705538726,38.90741218392384,39.19305330268355,39.18427665843617,308088.58195892425
2020-08-28,38.90971426353592,39.21895021222193,38.94846046662696,38.98157900919347,38.98004019050578,316173.6858444044
2020-08-31,35.476694275863146,35.541813187693066,35.516766166081375,35.525724556853774,35.52470184372667,531755.0973363847
2020-09-01,33.579236145010896,33.60804887428807,33.55466181162354,33.59074511366214,33.593198239072954,971568.6999197312
2020-09-02,32.86890319959114,33.20007852641971,32.904995408666785,32.91605229183763,32.90787276509682,718443.0015541601
2020-09-03,32.82692259406508,33.053336213089054,32.719107644515155,32.8184248927183,32.81531264879196,351371.8473314189
2020-09-04,32.703567352961805,32.84838265984969,32.69658299404818,32.69782712585409,32.693980979377834,710302.9768682533
2020-09-07,32.7239273583888,32.81496775963755,32.37690419284204,32.702966022040385,32.70941301289875,329114.2660780855
2020-09-08,30.996846781453268,31.262197068791423,30.934479488778067,31.02907875484745,31.02943889304167,206345.78983942763
2020-09-09,30.05509004546728,30.161636603912378,29.894736228448803,30.054351842484117,30.055928426976987,400858.4380467253
2020-09-10,32.94374889304543,33.105653676736296,32.62433256734304,32.956221446698784,32.95018119628277,216125.58711465236
2020-09-11,34.50504560790414,34.61182470280934,34.365948575022,34.54614976613366,34.52482576532933,339667.9907051384
2020-09-14,33.821511446929,33.94124455207109,33.53907942412193,33.862111878969586,33.86711659487721,177263.88375910278
2020-09-15,32.657961560581334,32.94231039049591,32.48884061180397,32.6751232683287,32.67250338802709,209497.45056407468
2020-09-16,33.47976438071325,33.8528577870826,33.28196224891568,33.52653340498374,33.5232361030095,95908.77044185714
2020-09-17,30.595427126827875,30.621197552204613,30.46151101479509,30.569963148041268,30.572041532755787,135586.8374509885
2020-09-18,31.251946056447725,31.313750655565816,31.27061164569841,31.290724644179143,31.29089164090999,759381.6832389649
2020-09-21,29.14008190241048,29.170444729438564,28.98842637082137,29.12412126070113,29.120420196230185,1142588.7827966155
2020-09-22,29.96438841293012,30.197586631575337,29.785373718377937,29.936270631956106,29.93690050543684,402284.87206319376
2020-09-23,27.947175514124726,28.044057279169905,27.94369728707464,27.952732590303476,27.95507988842535,591254.4389267367
2020-09-24,27.47253834810647,27.581056518410147,27.4965405731908,27.513532423379687,27.509176707987518,340206.6662775578
2020-09-25,27.83341993680098,27.87123059969109,27.728910077080872,27.84524579313045,27.84089025281752,244570.8928848293
2020-09-28,27.21506644553309,27.244465376759205,26.99899633920506,27.23744035839189,27.22849735023144,1278327.9750657957
2020-09-29,28.723805242142827,28.792662201340647,28.573021889729244,28.756741921378158,28.745764254331693,1074951.9453671626
2020-09-30,30.238111801547227,30.378242869440754,30.159982937663013,30.26117907726085,30.267577721364265,340158.27905994764
2020-10-01,29.350535856328435,29.41235910776895,29.33192683758513,29.38824494324021,29.392428958667573,348985.9501857142
2020-10-02,31.15873815186449,31.36978468402944,31.050828293475472,31.17094039154434,31.180421558448224,203083.38281716
2020-10-05,31.37526124367335,31.514573737544502,31.330661476491635,31.37715291715682,31.392032296617877,309485.45330108807
2020-10-06,29.67863664747391,29.81397214926181,29.629302612957687,29.67923166943213,29.689073910015956,160426.09538698674
2020-10-07,32.42573515046793,32.54561347827225,32.21553300681774,32.41725870474814,32.42645966934177,243324.7307517056
2020-10-08,33.2681564719792,33.43189365900078,33.22527128759882,33.28158356513712,33.28215392684269,580263.0844544796
2020-10-09,31.057907435311865,31.09477103604224,30.75175635799066,31.017937371236805,31.008969073330437,254320.2504579848
2020-10-12,31.979186772339148,32.190176222609054,31.81696867359824,31.93577888951148,31.94860890014313,160251.85825241604
2020-10-13,31.554824659038047,31.808677755493548,31.53434485379713,31.57212897963402,31.56974178995969,121715.7592177074
2020-10-14,30.003219958742275,30.343273562779093,30.005326889375777,30.011739616082465,30.015699425056216,478831.06425620994
2020-10-15,30.818657887352973,30.87148443604253,30.601314593625855,30.79933718656868,30.81172073310549,122567.7792701188
2020-10-16,30.061842809643483,30.336797374050796,30.018407766588584,30.05984959864884,30.04877785946561,206377.99361529117
2020-10-19,29.70675893092692,29.812928712644947,29.71175384548748,29.72964757779565,29.717390191191747,299905.53970459
2020-10-20,30.70300932000769,30.74624519901018,30.57524034597293,30.6892700517103,30.69416612485937,471878.2648883743
2020-10-21,30.785444355537617,31.105046602677746,30.498519201498333,30.828396411818797,30.833504680404285,472375.9573021277
2020-10-22,28.736428484260887,28.85889355133712,28.49825662416972,28.78983733267623,28.790670341914755,500896.5380420679
2020-10-23,27.206512287752016,27.535129850119283,27.172545968305567,27.185543211771822,27.18263532148467,421427.5874299502
2020-10-26,26.88964914805308,27.04462618334548,26.88996936207026,26.938538183269685,26.941788322876132,208660.5327567436
2020-10-27,27.783221257872,27.82512607013597,27.69979657516756,27.79660931258061,27.79406868164542,122341.8321303689
2020-10-28,28.746335777491986,28.961363812051506,28.547615874594268,28.77724433307325,28.77709567767846,248426.2539515076
2020-10-29,28.49447219885009,28.55708351378957,28.145620936766377,28.47576324212876,28.46988925564323,382038.7064289036
2020-10-30,29.04352862648445,29.11513695371801,29.031276862071167,29.039719114898134,29.044661278885226,110225.4566015864
2020-11-02,28.33757953766053,28.37221277531303,28.301035892141204,28.32003389804184,28.32426370492273,155484.7184016477
2020-11-03,26.120244200083,26.213197938017203,26.0464193053171,26.07889505231624,26.08261119542363,89610.96667800563
2020-11-04,25.82042986312188,25.960808665609445,25.690389120011183,25.844236862255872,25.842822529971645,127326.10236000798
2020-11-05,28.333600136041376,28.37297804557099,28.26560939581701,28.300152330373724,28.303056238010093,286532.2816536718
2020-11-06,27.767630817959397,27.816425370691967,27.490654631690724,27.765870726507437,27.76711283038563,262518.1310066339
2020-11-09,28.26487928707052,28.37785687879616,28.107748622765765,28.241193172246724,28.24287939942837,160489.1062030706
2020-11-10,28.19760306838665,28.34829651110996,28.221682909787816,28.26876308055585,28.27045206731827,423498.6923849886
2020-11-11,29.14090388941032,29.304457371871003,29.062718529963146,29.144279829964574,29.146295486996223,85147.66611532687
2020-11-12,27.285697074095744,27.40783585206215,27.09970545828872,27.229986903519567,27.218614226393505,419364.9278290924
2020-11-13,26.80561903327412,26.90698051226113,26.771450938824994,26.827448848615365,26.82475631940752,290870.549768034
2020-11-16,26.505009802000806,26.53317229306092,26.36338630156692,26.501942035876013,26.49960035416639,170527.99762215916
2020-11-17,28.745073406582417,28.95425175181012,28.638362849505643,28.7376251084186,28.7479798154196,651840.1104641418
2020-11-18,26.628787196835415,26.941131377390025,26.488648407296985,26.652629466323557,26.64985297736997,329379.8579233942
2020-11-19,24.6915818816964,24.976725876188866,24.542147029234044,24.67524003406061,24.67399357970705,388077.3007742057
2020-11-20,24.321579767978257,24.438113058709977,24.224206306261568,24.32689647904288,24.32784291269182,397613.8548739277
2020-11-23,25.362972900271124,25.53806615509048,25.256353711203133,25.337406443483424,25.332555480944382,133806.92211701954
2020-11-24,24.09925388467812,24.147432654238667,24.038794151644694,24.06549888744135,24.064559502025887,370958.25695577054
2020-11-25,25.790166546057296,25.81629852442715,25.668708608026854,25.80253066577114,25.803498391970763,200919.03036831625
2020-11-26,24.854528609848977,24.951119308125136,24.818984151530533,24.871223919578497,24.865317074723382,140788.5963905839
2020-11-27,25.964565396815217,25.99013547079993,25.872709077416182,25.97709066101039,25.97731349863948,260648.80990272164
2020-11-30,26.475707283986463,26.541288341676367,26.334116962521424,26.46569313005429,26.46099123044394,76499.51503453054
2020-12-01,24.838035687367,24.92453596221419,24.69485668674833,24.85590702335219,24.84217357653604,103489.34057165176
2020-12-02,24.810150374413343,24.893529226553543,24.74490033569605,24.768177325927965,24.76727660411238,374577.5832724261
2020-12-03,26.06687958117872,26.25325761954412,25.886214360538712,26.08440107220669,26.08739891899316,454808.2961338089
2020-12-04,26.35908648320612,26.538686186692026,26.29415254383538,26.358185549919387,26.368332371883547,154796.7444289322
2020-12-07,24.17627689031712,24.26105171749585,24.0777208157929,24.14084633314118,24.134930316212436,605316.6747017376
2020-12-08,25.311219272216576,25.343764190575584,25.198549518323727,25.33956580499676,25.349307635892405,1272296.8751185376
2020-12-09,24.284494989807584,24.36942626317729,24.282962912149,24.31519138797484,24.31331148234986,93967.10137219538
2020-12-10,23.618133673399157,23.750716421627533,23.49959388597672,23.656406318606503,23.65852563767944,143245.29107194135
2020-12-11,23.45482732380163,23.44288611590993,23.40754042549461,23.430031652336663,23.428029780097106,176611.86623991953
2020-12-14,22.395571443839863,22.401698084877463,22.30694222298496,22.384857522555887,22.387655832829445,868926.4435873919
2020-12-15,22.652656387569337,22.70260521303958,22.544350734949656,22.643634980808937,22.644320857884946,1031809.0901787498
2020-12-16,24.722252551148117,24.756315140894504,24.728436811633333,24.75090723115668,24.75219372577805,817032.5973742561
2020-12-17,25.384976025378148,25.41412625607462,25.134024779470487,25.38575797516362,25.38756289921801,127052.10701047744
2020-12-18,25.449669714159928,25.50323845629349,25.440040969058757,25.460976889084325,25.47460531856254,328267.2735966166
2020-12-21,25.811921335003227,26.005400567864097,25.727179587222174,25.80602025200145,25.80198949985772,321643.2904168362
2020-12-22,25.866008599792824,26.01733867214976,25.816827803084127,25.896280188972533,25.909125976063923,346330.7310698112
2020-12-23,24.55551381830501,24.668402965032644,24.454509880580986,24.56085484361742,24.559167438552947,218894.39823192844
2020-12-24,23.956475320218853,23.97985328065612,23.797256608682616,23.96207024140598,23.96207024140598,587457.5663086087
2020-12-25,23.25962043359273,23.420269425051,23.251018075366822,23.31324846127647,23.309410751105315,242889.1221340536
2020-12-28,22.938619165960507,22.951575859852877,22.817020064074544,22.927625873140727,22.92897457299788,166274.90645278923
2020-12-29,24.589296626608363,24.837579791436784,24.53961330410941,24.61913699200608,24.617574329697767,403059.2510311542
2020-12-30,22.84779464949992,22.89536519449296,22.74613313378604,22.889647268446627,22.88732763395434,596704.1806655114
2020-12-31,23.64897754138293,23.65625469325038,23.58554246483299,23.608954274448777,23.617263208564484,195450.58513384205
2021-01-01,23.44525183104693,23.431739150975627,23.196634315657764,23.422995830499463,23.428210227365472,327074.3421933786
2021-01-04,22.26258958202774,22.36487667324275,22.119920748575414,22.279271366627007,22.275858058799663,335816.7639793112
2021-01-05,22.572166800288212,22.631614591437973,22.40222069715234,22.552469567578942,22.551842395987865,172933.01756992587
2021-01-06,22.83700732822296,22.88649543733353,22.71940884190757,22.778690800907743,22.76691245169105,256033.0481954774
2021-01-07,21.870619963910844,21.93847492401399,21.629175668725825,21.7882917016592,21.78976649365644,363154.9015079881
2021-01-08,21.181034365732906,21.43489706837619,21.0125736776866,21.194300452308543,21.201179453150296,144160.497273333
2021-01-11,19.17569880530411,19.331477075504008,19.149128045355912,19.159179961764742,19.15871930227984,294440.7269013611
2021-01-12,20.61076880229351,20.812772978817865,20.53929601811258,20.641011031641597,20.63195539428781,502918.51540640026
2021-01-13,20.262866027474,20.29080866723537,20.05710470460209,20.240687846370168,20.254754917674987,170603.78530128897
2021-01-14,20.861508606849203,20.90181163048584,20.761153622278396,20.849766958759904,20.8502951490154,271158.0285028685
2021-01-15,18.81125090040845,18.99740841954933,18.5604978653294,18.79830640406468,18.793332162034257,332764.1186127805
2021-01-18,18.74052934874415,18.790899177294506,18.734793854527567,18.746675128951725,18.74273874039105,386966.7725617309
2021-01-19,19.6356046160091,19.637406555146818,19.464000704527948,19.62068573037296,19.61627728515423,157759.61584527386
2021-01-20,19.9985128352364,20.03274353530765,19.847506526798064,19.98721634655688,19.98411670453153,199284.96676161463
2021-01-21,19.53890177441956,19.585576738507637,19.494932572062726,19.528902699560305,19.52460340835735,1554169.957552598
2021-01-22,19.78885906478881,19.79929236324876,19.694552197848207,19.77390947473309,19.76930318190641,274536.63027471735
2021-01-25,18.877699091857483,18.95765855134068,18.902174453185037,18.913806881198525,18.912126350487352,128579.20836081734
2021-01-26,19.374099520543076,19.588783655967177,19.365067779924537,19.36858044381087,19.372834079399563,285840.4416995746
2021-01-27,19.85025568295263,19.8305349799058,19.753314917560303,19.812346597198243,19.82126605767252,284189.1420519854
2021-01-28,20.845741859584223,20.883797483509028,20.772852871887466,20.85315866086031,20.85609935917015,151604.04895733303
2021-01-29,20.72661128935156,20.75906064336062,20.65730338865705,20.69922451797101,20.70015399479068,519091.6357818726
2021-02-01,20.15324449557001,20.21015273273592,20.02133962135156,20.132939835271177,20.12720390875256,572053.3774348364
2021-02-02,19.554265131587822,19.71062991056736,19.467096253108608,19.5750408968785,19.57540416797186,648033.9308964553
2021-02-03,20.098781478841435,20.079348293309128,20.01588900770166,20.068702623020908,20.07218539681136,167325.12065984288
2021-02-04,20.678896619905405,20.74133133470816,20.574483539585906,20.716674864392797,20.708203023453635,530249.0854379992
2021-02-05,20.40533057946897,20.527633432879167,20.18113870841139,20.40193157494605,20.405010971045183,178243.0695511087
2021-02-08,21.6246889866161,21.63677514329971,21.468766539440534,21.58481846446313,21.58060905346633,377086.38322648
2021-02-09,22.10312507424705,22.116055178010978,21.9840918481761,22.09997473156878,22.10034290674267,299103.2333746111
2021-02-10,21.56100539499665,21.54893794453253,21.512589559634403,21.517832090375727,21.518600928228132,372224.1149814321
2021-02-11,19.84720653241364,20.07448699859468,19.70641761391314,19.834898729128085,19.83698610887669,528200.46070648
2021-02-12,20.37756909020185,20.40273981943021,20.34049343765473,20.374661041015205,20.367008503027144,428244.8802306107
2021-02-15,20.92245024216342,20.94959645239429,20.779601591351668,20.923966079806853,20.9249047862364,233405.2176092349
2021-02-16,20.23149358825661,20.29814698272554,20.16622811515504,20.263349817288766,20.25925943184468,264377.65592565347
2021-02-17,20.57889623804211,20.591325090639348,20.49609503631393,20.5654511084164,20.56415626534774,444941.1260078583
2021-02-18,22.85129156497281,22.900554033342445,22.762278341489782,22.866641960324426,22.85314953420192,101880.50605797066
2021-02-19,23.57694921454013,23.76604828453906,23.43804161805439,23.59713751339861,23.60471928527397,117447.73879285104
2021-02-22,22.236292980078584,22.31227943694676,22.25273731741014,22.25403004321468,22.24894730137437,136253.65936075212
2021-02-23,23.57696373534939,23.717580912244756,23.53691530132216,23.585752309712124,23.58687821761545,537128.8049300724
2021-02-24,24.46277741055513,24.469200331794543,24.421459394008416,24.446679029437338,24.44799741977565,347980.8119164808
2021-02-25,25.17936966968133,25.21716575890372,25.047665540424184,25.2097057494095,25.20110389716497,301776.49547815515
2021-02-26,24.128474843467565,24.13210507852647,23.967974900849896,24.12549976143976,24.12912920240342,248910.06006499188
2021-03-01,24.56333473846274,24.63532025620371,24.445487312080445,24.522904898535185,24.52979144640028,210068.28887730397
2021-03-02,23.663931735494845,23.878638736406604,23.678564591761347,23.692448995472933,23.69239891972821,161587.3346360327
2021-03-03,27.00319312527927,27.067679646567424,26.86166449024421,27.001336429912367,26.99843167934349,772157.8838237112
2021-03-04,27.29540485273737,27.314006243825165,27.17879587338121,27.278930616577643,27.279143078263807,166286.56924938678
2021-03-05,28.33524255724366,28.661553051311063,28.294881950107296,28.398718374591414,28.394449680354857,200872.72435247205
2021-03-08,28.49308179442928,28.548047964762056,28.372368713266425,28.457106407858397,28.462587925294056,203161.03544823825
2021-03-09,27.852850129769628,28.037297000118315,27.80330181246537,27.901124710248443,27.918135798527445,142832.89499010282
2021-03-10,27.490619351615404,27.51601760597501,27.421110934842712,27.4856073082866,27.48598589112527,85825.08189559281
2021-03-11,25.48176643142754,25.545172422358437,25.360654487235884,25.43140860165117,25.43641596620045,143474.5781268891
2021-03-12,25.369200592677284,25.399985140288603,25.38511062444924,25.3934174147694,25.37958611221255,221098.35451958596
2021-03-15,24.236426600615346,24.22070387720498,24.04386709213245,24.204006569071023,24.20207778110657,632938.8780627954
2021-03-16,23.300971944002736,23.390810511479703,23.257036952317467,23.31939046822368,23.32334212062197,271957.2947016734
2021-03-17,23.88566418421015,23.947928995079664,23.72051682253197,23.88205319199466,23.87274031157169,271845.5045950543
2021-03-18,23.961914862260205,24.157528540395084,23.96694232684776,23.983287378792408,23.984996412590764,313692.54106013646
2021-03-19,24.571141064918574,24.747455673943342,24.47418084024334,24.61856239391157,24.622397545395906,345536.5438480205
2021-03-22,23.225558840946604,23.23947436746101,23.166325653711368,23.17981913563552,23.176015619202623,174506.83224224846
2021-03-23,23.287923442952607,23.344929836344512,23.267271265165707,23.28226209781532,23.2787723431473,271387.67237542995
2021-03-24,22.679560487214868,22.90557843756645,22.620631990490978,22.65196850052378,22.656378197045747,452286.6232399986
2021-03-25,20.60328790575032,20.859906653196603,20.602023386182672,20.62883450381721,20.631593500264827,342012.9544031882
2021-03-26,21.908470673646185,22.13575318960976,21.75430126932178,21.887235331624865,21.879358010798686,673067.7609367709
2021-03-29,22.52733394409256,22.574294577580662,22.30548057167789,22.519409270780248,22.516435763694084,127362.4162105873
2021-03-30,23.418349666706625,23.494181474752587,23.41339591122373,23.43630678567556,23.435321907863912,203891.00041422743
2021-03-31,22.710472282011672,22.71132410608172,22.50599356939852,22.67154868919791,22.670346822363687,441176.5166049485
2021-04-01,23.415517237967165,23.515131543426985,23.330627943500136,23.43165383951049,23.43259212691071,132847.09629375863
2021-04-02,25.567242473839705,25.786031641606005,25.548582465287797,25.56452809649092,25.55550362523936,152386.7853835752
2021-04-05,26.15683461172512,26.20056104226348,25.94479458769232,26.14713431770345,26.158645320135413,97149.4313172803
2021-04-06,26.460530050355096,26.55743044165587,26.46969400794975,26.48238788312658,26.487884085957894,269538.1476644726
2021-04-07,27.74536076220752,27.901246813313413,27.668996444890933,27.75577765784408,27.75558865148388,89002.76419962359
2021-04-08,26.040959277414853,26.308044113608,26.04375313176702,26.046651177925224,26.050687089611205,190288.59363441888
2021-04-09,25.51794993898242,25.564560897036312,25.5094077932466,25.53384399110656,25.536131317196155,335553.6846801829
2021-04-12,24.926398754960317,25.019626696752933,24.756816787107397,24.93485615550507,24.92114682366392,568721.7152962441
2021-04-13,24.381365972785414,24.458961178410643,24.167496072125846,24.401658359053005,24.399113097667858,176085.45496599982
2021-04-14,24.27867425015091,24.356156003317214,24.04316290868662,24.24163614200156,24.248861544392287,205350.70847558568
2021-04-15,24.251217807500836,24.263804367966017,24.176707158449776,24.23458230963268,24.22432163510948,370104.80677092687
2021-04-16,24.17484342210483,24.21247534211981,24.07358626909416,24.180590874599748,24.181901692351957,254705.789675796
2021-04-19,24.10710248917193,24.0988647732066,24.077291287962737,24.093650719368423,24.09447656012913,109590.61123648207
2021-04-20,24.780953501955885,24.921844462865323,24.71296693097555,24.748053462566837,24.748950215113044,285625.46089497855
2021-04-21,23.78567342421693,23.80849004005614,23.74750886196514,23.787064521282048,23.79110689838276,243613.9343066197
2021-04-22,24.401243160038792,24.4428681400794,24.24176080887125,24.394367231802576,24.38814201891828,541289.8303125008
2021-04-23,25.25458821298242,25.33239303084059,25.201710597695115,25.265150219488493,25.27458209920728,147530.3782546046
2021-04-26,26.81306570364128,26.877299597920302,26.694692285644543,26.810686229851143,26.802402112949743,230004.47838017927
2021-04-27,26.128933318189446,26.267689850811657,26.09723426775889,26.162326331625373,26.157331288313177,152638.6678778294
2021-04-28,28.034654147020703,28.07008026959463,27.908742829519166,28.01132097890707,28.014643105652468,151794.9446617724
2021-04-29,27.41285475990215,27.569355340367675,27.419136953605275,27.46317887073755,27.462706771069485,177074.24072514402
2021-04-30,28.018166220073,28.0778743621254,27.9680938616039,28.01357190321933,28.024747319759307,92730.56548161586
2021-05-03,27.17389012461382,27.22907413685565,27.195853652444924,27.209931691269663,27.207097055720144,211458.79847352183
2021-05-04,27.79459453774385,27.86537236628229,27.807505470220523,27.863528317625583,27.86934948193637,436932.8350132177
2021-05-05,26.282740427184017,26.3336409759335,26.225447632360822,26.27376166468608,26.271214178581072,196958.74765027463
2021-05-06,26.48446389001052,26.588859568181267,26.22686048873017,26.489393564931344,26.48611583580434,344748.6091416881
2021-05-07,26.074598289296,26.27082878994827,25.89537505754809,26.077585063283205,26.07817743345533,447389.7584691508
2021-05-10,26.24209157644437,26.23604799359709,26.01732108144388,26.207181086618675,26.2092725375868,377915.79431931645
2021-05-11,27.240469277270204,27.27403847823101,27.09761312401164,27.244561401888504,27.25088658359638,223497.14807670465
2021-05-12,28.95835770575948,29.208849669470617,28.832118964132,28.94918304436804,28.95441271581968,184149.86942364383
2021-05-13,25.990176315968323,26.035339641977966,25.915288083924317,25.9991930888958,26.00754752900812,347557.8441944126
2021-05-14,27.11095611497809,27.15687213116438,27.036610742031502,27.106499755150928,27.10084652063792,243644.7314862925
2021-05-17,26.568648071226967,26.61400421668144,26.393253420387563,26.59405418094259,26.6017025151795,108927.076478528
2021-05-18,25.86800093945721,25.88298271371764,25.825842012299475,25.86622737458241,25.863494223481208,165743.71346691746
2021-05-19,27.29826852694864,27.36174228896292,27.17210716784596,27.252756873760447,27.25396640957364,650430.1911041009
2021-05-20,27.310572252855017,27.470914274682585,27.25276743067832,27.29272611801105,27.287851682350738,355343.9123245405
2021-05-21,27.713898189470765,27.77314027918094,27.704605596153527,27.72575959038139,27.726512165927776,331482.2363887551
2021-05-24,27.408871481508125,27.52778392317918,27.298026256685016,27.461977443744296,27.459631538260137,440267.7269772716
2021-05-25,25.00549683568643,25.001241227842154,24.95601050477272,24.97905216585505,24.968547893175828,165728.8806952591
2021-05-26,24.50950699246322,24.770126141530703,24.420206632737997,24.505773951212998,24.51515590403028,253875.072464692
2021-05-27,26.66154804474403,26.82571659729579,26.49190818065876,26.68468737004037,26.686631670144216,255940.5519607662
2021-05-28,28.320071649278685,28.533546542577284,28.2392638888661,28.345243392094496,28.347559916485807,0.0
2021-05-31,28.011672589284565,28.14077921817276,27.919187919023084,28.034842265708743,28.037368421801197,862709.1708875917
2021-06-01,29.81695022607577,29.904551212860834,29.659442258288944,29.81533248172696,29.8065515007437,379091.5649238
2021-06-02,28.171456291949408,28.342432941932994,28.101506317080236,28.196855883170837,28.189065889557284,286775.3477853244
2021-06-03,28.586472843085996,28.645474951342933,28.334553523061192,28.56701639332826,28.556066097007765,73186.91532399502
2021-06-04,26.96427072691837,26.99929857224153,26.75460132759048,26.915482567291622,26.91256977576581,130466.53697070108
2021-06-07,27.726975973208088,27.92449190145791,27.57733572227551,27.80721051521934,27.817898183218112,201174.2324864423
2021-06-08,29.227304568030785,29.2145758917321,28.89190833103789,29.20454585864051,29.202145444790823,172595.59191516208
2021-06-09,29.61722573020717,29.751293468318558,29.59764355471624,29.63850676086647,29.639201002790973,283836.8511522786
2021-06-10,31.76462001034886,31.807354994996786,31.68507004915533,31.77372023965272,31.776941205125706,189317.04139842547
2021-06-11,31.299744134637955,31.28039746852188,31.02482714170819,31.27128880804383,31.26586258924251,747371.4699675051
2021-06-14,30.11269432136454,30.14432243732133,30.07375782449858,30.0772169508668,30.076855005556983,203535.63785057425
2021-06-15,29.944899572611725,30.040335877250502,29.89617312787182,29.942558674832465,29.95009096873337,210138.3854917336
2021-06-16,29.748754508673503,29.872438061565283,29.730933231752548,29.80262218359583,29.805284823451174,139635.65830978972
2021-06-17,27.68099898704145,27.779812567561336,27.691061721464266,27.7045297083292,27.702975947858565,184753.6996993293
2021-06-18,28.201186091114845,28.248947801053315,28.10576785562072,28.233206816800827,28.228475001096133,336145.9736891542
2021-06-21,29.30011572765018,29.35297546654046,29.224013438786876,29.276041956509854,29.259424456622146,360496.4324380778
2021-06-22,29.77342332887438,29.84413068545841,29.706933903611187,29.73055148088782,29.732534517623,340262.3739714934
2021-06-23,31.1839051148305,31.307048630510455,30.95519263198049,31.24561118672367,31.24779480916611,385858.40111823817
2021-06-24,27.976362516767384,28.02426602839126,27.786182718856352,27.94750782087662,27.94368780711773,230952.12647244983
2021-06-25,28.112739954588243,28.51202897896586,28.07634431910803,28.113158751363176,28.12605361421603,152087.85027008268
2021-06-28,29.73480876880005,29.716447883649227,29.70430112366508,29.706465066065537,29.71184278088301,272999.21075631585
2021-06-29,30.273832107663345,30.42776006373575,30.12884749814922,30.281437402102917,30.28123651822578,725272.7371389144
2021-06-30,32.48859532076635,32.54378352588868,32.33701671450413,32.48738302940324,32.48385972485084,101025.3772025538
2021-07-01,31.63778584401383,31.677785257816744,31.56478554497067,31.63393474891,31.63411139569996,213052.1124697532
2021-07-02,32.94698805831873,33.16626797836518,32.683256738977,32.918571497189525,32.91767610561533,464765.94820560137
2021-07-05,32.93945472856902,33.36314608034416,32.938703995998814,32.943585965051945,32.94336122383842,255658.74769489068
2021-07-06,34.09694651831449,34.05617571498126,33.89628368789327,34.015964496598684,34.014471678600025,156418.8682858875
2021-07-07,34.987176081114434,34.94236206509059,34.66103193750057,34.935291168895986,34.942920530163924,373588.4594303743
2021-07-08,36.63083159687535,36.743203044203966,36.36777140549048,36.60294857320344,36.59425575559046,357503.97142252745
2021-07-09,35.650074779153485,35.682973212642814,35.3486295437501,35.679717439630686,35.65403407104954,281622.7351377393
2021-07-12,34.98235502081686,35.222946187840584,34.722157659421725,34.98561338503404,34.97871035555381,77637.335446936
2021-07-13,34.249305878238765,34.48487371271954,34.21969721123419,34.28409086955549,34.286518896286786,466671.6744319817
2021-07-14,35.5785551733851,35.639298037509334,35.253736522253405,35.54659005172629,35.54626671167593,172616.67904015273
2021-07-15,34.7972133693045,35.16136386662038,34.767936170737045,34.79862686314576,34.79482799396781,239479.2053110973
2021-07-16,35.36837777554749,35.5147410831409,35.363335175238845,35.413337800436594,35.400832731346235,157749.0588072648
2021-07-19,36.36145233188402,36.51028032511635,36.350541595532825,36.38421676533204,36.37576850212163,361796.5122161206
2021-07-20,36.16973601790671,36.57999602887635,36.04316321965389,36.17723055716602,36.18092340586636,455110.29973380594
2021-07-21,35.147058067055454,35.182656497219696,35.12116232740524,35.13695991521334,35.14132890314581,274756.1364278756
2021-07-22,33.80320594398069,34.00737175224233,33.54964395257532,33.8348861275658,33.84011271399176,132996.93540362446
2021-07-23,32.108161865914994,32.35788408004728,32.138951285497726,32.152469845585145,32.14171045477873,272891.89797550725
2021-07-26,28.907495318456277,28.969821455152143,28.805283447095384,28.955831553377084,28.9525193459608,318074.4029773181
2021-07-27,28.38777318341702,28.32379052726196,28.26920256851452,28.30860952255452,28.30548311950832,352542.0296620137
2021-07-28,29.960034810007283,30.015508376343178,29.89074388860595,29.94675764710044,29.9343615690721,794084.6040649414
2021-07-29,29.445636467263395,29.510368191618426,29.41204668853746,29.459368917738708,29.467333171746304,298196.3626867598
2021-07-30,28.420080064242303,28.45378747725167,28.44162486334991,28.44456156841511,28.439144856349586,200372.2515204304
2021-08-02,25.78254544306899,25.80036839890669,25.61252294946623,25.76896683658693,25.76219473336405,291032.9756426846
2021-08-03,26.673912663785718,26.67976814058494,26.556054953604573,26.651189641051705,26.639043863483582,331102.00212381704
2021-08-04,25.8107697425765,25.87796577937792,25.501278422397,25.810192661010355,25.81338204336889,191383.297584962
2021-08-05,25.344919918114183,25.3315711786632,25.243181319252592,25.305396020632827,25.30791151189116,94450.80440600304
2021-08-06,23.71083963043396,23.806824157438932,23.47930831746911,23.702184579411423,23.699772674259183,129778.00614938814
2021-08-09,22.89013205688642,22.919198886294247,22.755075926376943,22.86956253069957,22.869975024849616,94478.34394964905
2021-08-10,23.29113527369735,23.32326781646529,23.107063657433024,23.282241058426937,23.285705851279676,177743.39269063348
2021-08-11,24.188973743141528,24.309997865795932,24.14639693062561,24.168777809401515,24.17520638564828,183611.98828881048
2021-08-12,25.062558254958624,25.20825034314641,25.02449835907369,25.08273698384662,25.080529258448674,151449.26194224195
2021-08-13,24.190552853099952,24.46464029067501,24.07850089451475,24.212814797764064,24.202973490186636,122444.73462757048
2021-08-16,25.927629008880928,25.97652550196473,25.81948425137218,25.86787075461469,25.86811261743779,221270.656905722
2021-08-17,24.966962981443935,25.132648305641062,24.76777405598329,24.96231045097416,24.964698348667653,130073.24930874728
2021-08-18,27.63881760143239,27.695254275187285,27.62817585692401,27.65950281774428,27.65439716495847,257958.96074748252
2021-08-19,29.06743921408505,29.07395523941086,28.943699316411603,29.04446525822108,29.044448760422977,424110.97767485527
2021-08-20,27.552463523897764,27.73662093109759,27.334571083255724,27.570695286688306,27.560250779794988,246964.10856226785
2021-08-23,26.6757255544927,26.66856961795745,26.58584206078589,26.61844156593558,26.6306786633624,684087.4587455515
2021-08-24,27.471200388147786,27.49512162787435,27.429475252071125,27.48510969191054,27.480330760228025,129710.16633004416
2021-08-25,26.575832053513302,26.822293321551733,26.55548056983696,26.56085324927048,26.551533402431165,605533.6982154266
2021-08-26,28.84375834212289,28.944392500519623,28.793602924466757,28.805879228316133,28.81576951663905,895703.6892047639
2021-08-27,30.23079329140972,30.35325394545372,30.058073563534062,30.23343148272314,30.225209385423195,241881.40480920085
2021-08-30,33.34353613397202,33.60900986089551,33.26189714325307,33.39316415921746,33.39555046547275,135391.0398395538
2021-08-31,33.300388003249125,33.33634470961421,33.03478525930673,33.25762388751934,33.24787301140108,547739.2047305936
2021-09-01,31.5385603869366,31.75633106943952,31.321093522344828,31.521145033756746,31.52571783845241,188978.3861460712
2021-09-02,30.73785384480659,30.90870938809046,30.666497949903302,30.71865863679747,30.72039013420806,112448.67167353968
2021-09-03,29.553868303628704,29.609155014307223,29.52025618428313,29.531774696715303,29.53515719040744,398135.6721293412
2021-09-06,28.60901471482644,28.635955849997163,28.47913092446184,28.624563317373426,28.636852363241704,395741.3057764086
2021-09-07,27.76590803629309,27.881692826515728,27.649045801114287,27.78743142510993,27.7852230086234,166691.6887624875
2021-09-08,26.001529105450096,26.10458757709574,25.71260469555977,25.969782600383382,25.974941421875204,692549.6306555626
2021-09-09,27.21820056541497,27.313903943340424,27.07715577644115,27.199648523966182,27.1931349274142,419948.5934580872
2021-09-10,27.04744875942704,27.047131671179365,26.82572482971663,27.0199942113726,27.012841156170865,335926.7599996808
2021-09-13,28.56067775576424,28.52665345807676,28.38881328974848,28.51925094214249,28.51644490187244,161473.95339066425
2021-09-14,29.872897016242028,30.233953964044428,29.88033654539953,29.888961986505254,29.88691368617827,955713.0068051025
2021-09-15,30.45909098346048,30.812887584181688,30.424129335366093,30.46364032231266,30.47023169625155,328456.20236750453
2021-09-16,32.001319416302934,32.33609326222684,32.02772763870248,32.05132811358967,32.05491779711508,81190.4978257805
2021-09-17,31.678597859152543,31.975521616223997,31.527123932687758,31.663589558124748,31.67594420669676,152285.43516919043
2021-09-20,30.94616199176977,31.02669949114085,30.878447285166388,30.957875293533323,30.9494658331039,223096.853466124
2021-09-21,31.451934039081355,31.58178707346242,31.363283744340933,31.42347301544212,31.41423373771432,358620.3975806625
2021-09-22,30.95015604736639,31.16072949429907,30.839460963095988,30.945979930364807,30.948297110820604,426834.6837238575
2021-09-23,31.94361198478322,32.1274319767592,31.803117923230705,31.963303445849878,31.962666886044563,367759.9600264498
2021-09-24,32.311269319080594,32.34045770966298,32.25866580813911,32.335090143658924,32.33010830415876,115737.13074401066
2021-09-27,30.879517849357907,30.965162964328755,30.696249588508664,30.83645258225215,30.8398320404028,244612.9251678036
2021-09-28,31.83739056296399,31.85671263828232,31.663133178082308,31.81167035188589,31.81834908362072,353982.1743079072
2021-09-29,31.215363279595977,31.34042184877684,31.189605151240745,31.207553530406376,31.204061792366154,284173.66388808115
2021-09-30,32.116659642730426,32.11440801517353,31.83326711012645,32.096839504553685,32.09539335883192,160141.68989051998
2021-10-01,32.37030110009872,32.390314718024726,32.34771246146432,32.38529468243929,32.39649008844392,420319.8615481975
2021-10-04,30.359974253333,30.67423941401985,30.20755614945056,30.32543433342813,30.339427817426277,140503.72132282495
2021-10-05,29.685668411543706,29.70610190724381,29.39600971408118,29.63012663297716,29.63495204895152,70684.22530918183
2021-10-06,29.48979518298968,29.530230070873333,29.45095390642277,29.5006726496382,29.500013247236957,274856.89256710216
2021-10-07,27.9672719960734,28.078632784901757,27.70605341594911,27.95515714670538,27.95377758127081,221718.80751752105
2021-10-08,27.53063760073886,27.75223604183223,27.413589853910345,27.511956666234852,27.51445181334523,220524.6248667772
2021-10-11,25.76632131832117,25.869001112994063,25.675118499275676,25.749571159055588,25.751968334704973,119538.09275552737
2021-10-12,25.123976009472702,25.19392912342516,25.144719813581084,25.173805501406772,25.16973374932858,269385.1505196441
2021-10-13,26.522910305670912,26.698946554070936,26.558372193166928,26.5869753872052,26.584688034978395,255352.6468252915
2021-10-14,24.97186123166591,24.938515690588115,24.855001537884004,24.931739297639027,24.926693929939123,282388.3254142557
2021-10-15,23.32175284077441,23.38307837261185,23.23350216571881,23.34083094815057,23.33096549988574,58250.72362073484
2021-10-18,22.76836152227021,22.96726121925746,22.748196612372613,22.766896541371217,22.7597784002406,392015.0725008576
2021-10-19,23.97036739310054,24.15822108067792,23.879634546244247,23.997677375716524,24.00013422720313,358025.6267663066
2021-10-20,24.479336420840813,24.54413644283912,24.25542322368824,24.415066241924045,24.41248360690791,247214.3988374136
2021-10-21,25.427522854735983,25.586461868696382,25.40313492089145,25.42196222800717,25.41652172514213,270133.1341250803
2021-10-22,25.469678157361184,25.54996763498781,25.45705313523549,25.46700202096188,25.47185793603987,303320.2077740322
2021-10-25,24.504361922288016,24.546350095059687,24.47684909944074,24.5111879515562,24.513606956940503,159151.9952333623
2021-10-26,22.46687317924965,22.64022450433972,22.462095334861548,22.47315991262887,22.472829267905,364759.33172971767
2021-10-27,21.75199226199926,21.76550365714945,21.645401897538687,21.749724706058817,21.754099226282683,159173.24504200093
2021-10-28,22.383619743859978,22.445029135618626,22.338133452890524,22.361791914830828,22.366817291258897,624598.873512414
2021-10-29,21.74397564796798,21.836777830666687,21.705207466667478,21.72723246764408,21.72082945439321,272977.6100450407
2021-11-01,23.055633448649143,23.10260264512531,22.984262869422324,23.092644803229284,23.09412311770797,282905.0532438922
2021-11-02,24.09638294774003,24.29071847417532,24.05671142414612,24.09988232474879,24.10068431386905,169898.44034856712
2021-11-03,23.534247255894737,23.60648971405485,23.28245883847078,23.48834304989319,23.49548751924994,285026.5885054355
2021-11-04,23.61976200650063,23.745269075964742,23.544970847332863,23.58529422778492,23.587636384665217,525308.2336879758
2021-11-05,22.133762239803243,22.314757084433808,22.03382421433675,22.13796545075766,22.128080976985625,442164.674892
2021-11-08,23.060910534430946,23.153843662559147,23.05069494518265,23.05891417708803,23.056028954155355,143138.8733333235
2021-11-09,22.81669834658417,23.01048170545805,22.78967770950969,22.799858676134757,22.81251249943953,114371.24719171094
2021-11-10,22.61234816238003,22.79064237422956,22.60030885737861,22.610136897574836,22.6057126115128,91237.8534900206
2021-11-11,22.048571685973226,22.066865733550824,21.82847558867422,22.05540809557196,22.049667120426854,247220.26004256168
2021-11-12,20.66319806292684,20.697935147190435,20.58085842526935,20.653336090932854,20.656537722885503,269715.8650618196
2021-11-15,21.53377877869612,21.724921062055767,21.47186212440334,21.573967177458947,21.57741997406002,314204.3077494827
2021-11-16,21.458450281913816,21.48157056759252,21.40456790321269,21.422106905012143,21.419776941890586,335558.023980627
2021-11-17,20.77603933232653,20.99961444995915,20.770478096658543,20.78645568630721,20.78938056617901,155445.5995628082
2021-11-18,22.133561751563,22.12915966711977,22.099361984147183,22.12048772343292,22.1180836222943,253603.0160591552
2021-11-19,22.79637009135492,22.905121311552083,22.660280798389383,22.821387893946778,22.8177358529074,204163.3742487647
2021-11-22,23.9091830220398,23.92960019266473,23.898683486799342,23.92434576227129,23.9321244752128,66525.38956383998
2021-11-23,22.10026644735705,22.1168500685758,22.059453944148245,22.103059792752138,22.09777389944988,224998.38414594645
2021-11-24,22.507480611918037,22.5625794081778,22.48159286466529,22.5151059759716,22.51575594898997,98533.91493057169
2021-11-25,22.13644693387174,22.210685569335755,22.055424456795897,22.173798007350623,22.16438633368049,103979.2008479311
2021-11-26,21.957543314493343,22.158867112840497,21.9323213436259,21.974953927604503,21.976508355665523,0.0
2021-11-29,22.059480798729417,22.073344619990426,21.91671657692993,22.065729545850207,22.0578710866842,341989.8101924679
2021-11-30,22.69850722353401,22.7859052462964,22.61501704255701,22.67701183355438,22.682403171871822,426385.45900811546
2021-12-01,21.72091520021682,21.827851023595997,21.67566641201349,21.730571563884176,21.73229811497434,1013975.939218939
2021-12-02,22.54656560996148,22.624183529082227,22.418454250632774,22.571067365475137,22.5703307826325,337423.2275021678
2021-12-03,21.027882665970573,21.13356088291569,20.977447648322087,21.02909772477564,21.02375212819336,718909.4819683424
2021-12-06,20.18507812496445,20.27610501063336,19.98893053979788,20.197752973301835,20.206466466502896,155154.11800491382
2021-12-07,18.90833627899014,18.965411203165413,18.75520247966749,18.923165449864506,18.92391387543421,586256.0772878394
2021-12-08,19.152982754254,19.192877422273305,19.115514782939236,19.15209906962348,19.155620622512448,260327.62313148816
2021-12-09,17.866023852253324,18.02414964627009,17.80773471149703,17.857866953354137,17.855483924882513,106628.38357101154
2021-12-10,16.79984088379323,16.928657251750103,16.771297148928163,16.800153720207028,16.80368862374159,197480.03350545093
2021-12-13,16.87690253706535,16.932020537707313,16.78422637057218,16.90454233699369,16.907231574962367,118784.59210890831
2021-12-14,16.413126666568257,16.441675638456186,16.316722792919176,16.42104018805918,16.422808719100395,124044.18046200744
2021-12-15,16.61881226458757,16.638539019172285,16.510682064231396,16.628373970316314,16.625195887523983,497793.46576907
2021-12-16,15.777269266007282,15.92467437606151,15.786100045671532,15.798771929667303,15.796226683810469,198924.8221375487
2021-12-17,15.995262622665358,15.993072553128355,15.945661540723126,15.980548748927438,15.980340291819235,197487.81024226252
2021-12-20,15.562161556887364,15.575951277349905,15.510683602801889,15.543548238544624,15.543117779064357,111719.20510238834
2021-12-21,14.927881345585533,15.092953291106388,14.841372224216649,14.936796783486338,14.936293535554936,235396.2258452145
2021-12-22,15.440983679214051,15.502697626378009,15.309051201602816,15.427923425568512,15.416594281112976,217353.60851570708
2021-12-23,14.888203553431778,14.962902298012374,14.820953144931314,14.87542628336595,14.87059206066226,499459.4654997173
2021-12-24,13.498275477970887,13.61057642654432,13.439701862689278,13.496968034730232,13.49759082152143,219386.42579854265
2021-12-27,13.713635198410584,13.7524821224317,13.63949345936854,13.715344508754384,13.715142636369452,423082.47600852686
2021-12-28,13.54922918468627,13.625646440492243,13.408908017826471,13.520410501099205,13.52547870498822,607726.6245326052
2021-12-29,13.048278985726537,13.07071727022641,13.001870957668409,13.048209410309754,13.047119583678914,186048.9219469881
2021-12-30,13.166079294016155,13.221744908181982,13.132960086920342,13.174719950989164,13.169659370849253,178962.71968946815
2021-12-31,12.919320484460268,12.95980736486752,12.820808596616516,12.93076805642492,12.934539780028125,378007.1615141773
2022-01-03,12.45897398977335,12.556014138671175,12.456217687278244,12.46296548926015,12.458175766380096,1055996.7849762142
2022-01-04,11.98397500614713,12.076286260969102,11.895912672092663,11.9830112486531,11.984298316816284,264055.1049260393
2022-01-05,12.492606235167829,12.561521535674304,12.449910299390938,12.512788598167033,12.513629274046565,581964.3079742199
2022-01-06,11.7981286035513,11.834940361042792,11.75004930796627,11.822507637827728,11.821078155993554,1134355.0632537603
2022-01-07,11.50266879170447,11.658145230973226,11.471388814767757,11.500113161057168,11.493476334994863,514746.2867912287
2022-01-10,11.516954112853693,11.53020837486221,11.480156498251205,11.511216277735675,11.51396557364578,223062.20796189387
2022-01-11,11.159617767780428,11.223770471733976,11.08443723673765,11.162172580703292,11.162462950092154,591644.3059176148
2022-01-12,11.065261173784004,11.079495497506588,11.0526274702199,11.06995625516216,11.07291798944482,474502.8713492981
2022-01-13,11.680604656767718,11.7247063224535,11.563341418066043,11.676731659544703,11.680555700101698,277985.55512982555
2022-01-14,12.190857839644544,12.297060401602572,12.139661819025363,12.194303848901434,12.191015963957277,98583.75526920707
2022-01-17,12.00765289285374,12.039023415457631,11.853600000721713,12.01150586115068,12.008040014337876,283905.4458809163
2022-01-18,11.210052450526732,11.231850203406204,11.13029958544392,11.1974938631717,11.1970584200253,167127.23162229816
2022-01-19,11.710333559548763,11.804407865642125,11.648729043350269,11.694201725347586,11.691769995889418,122017.26594092888
2022-01-20,12.178850663758942,12.236057952850755,12.117537225593177,12.196346179311456,12.200208580453598,368463.309883873
2022-01-21,12.460044560508011,12.527168478492142,12.41051394071896,12.470162535842276,12.471563373592046,1268137.722715147
2022-01-24,12.970965252416834,12.99802644249417,12.886176468378228,12.962500630848496,12.9604365161916,283318.169226228
2022-01-25,13.41824893514413,13.453900156676015,13.399134703093637,13.417145334301464,13.421507389955597,383426.52318702097
2022-01-26,13.241140694845326,13.27079884108087,13.222712912010431,13.239497087080752,13.242393982111532,448156.396057462
2022-01-27,13.327242414002438,13.389041389204154,13.224695361177425,13.32709099082254,13.328552142769963,180015.85557367996
2022-01-28,12.315875097841303,12.349771568995005,12.30663141896575,12.316518830554903,12.318922059187424,272085.26682157366
2022-01-31,11.238247979987042,11.292129113355532,11.231464699895676,11.24948615790778,11.251389362699944,303355.7953930119
2022-02-01,11.335595000990354,11.393581764863974,11.235337730805238,11.344541601215669,11.344116539139645,150089.41866708104
2022-02-02,12.360077756419845,12.354194737462269,12.254087978058315,12.350697215382894,12.353243353497833,324147.0418682745
2022-02-03,11.189223386451491,11.205615881808647,11.12846136168271,11.175313692701174,11.174878208219036,129326.97840845805
2022-02-04,11.622922403825449,11.642904452582716,11.60090821366024,11.639947703904312,11.638173480691604,228405.90457929517
2022-02-07,11.848801336577813,11.865331443394115,11.84051792660966,11.855226432612008,11.859742893642096,346980.85676203395
2022-02-08,12.684849066841098,12.688259057492584,12.627468982909685,12.682747301014436,12.67978718714827,357004.3513758372
2022-02-09,12.07391953000473,12.09531073293816,12.034845837414847,12.061422786515,12.062949776008423,641845.797761343
2022-02-10,12.771511838373527,12.856790106111657,12.700694752623704,12.762446342962855,12.759561775144842,143850.0760329941
2022-02-11,13.080298529511817,13.125520883081387,13.03501115715589,13.083862984644858,13.085995525953148,200364.4744248037
2022-02-14,12.709734540268409,12.75470835971202,12.697409713721324,12.709861809306632,12.709261240469578,729050.5042220163
2022-02-15,13.15432775076965,13.1728055725449,13.009447633224026,13.146832666653324,13.141380197925926,657821.2322555056
2022-02-16,12.550377827587816,12.585753456143978,12.527730033648783,12.55682688040458,12.56122939117571,79567.22890211189
2022-02-17,12.512169896145592,12.501712599147536,12.481183274961452,12.498096242198496,12.494630293444116,318091.49246052234
2022-02-18,13.016757982456843,13.024775701019424,12.90028951000799,13.015767143256395,13.016552628454724,202127.50481118515
2022-02-21,14.1471656884555,14.153490142300743,14.107991790010658,14.141096740627264,14.142567518876897,0.0
2022-02-22,13.659032229939406,13.66025895646104,13.65403372321246,13.659450794779078,13.65808474682407,213275.16738009063
2022-02-23,13.61484747719986,13.716154205872536,13.559918033953725,13.60768891031151,13.601812168508037,382894.5158459408
2022-02-24,14.695316964619863,14.781124443855536,14.631014553746056,14.690220914737765,14.686003818726038,619063.3901012863
2022-02-25,15.307944106397064,15.368184549979444,15.27584029349799,15.321240559286926,15.320074720663357,164012.28756937204
2022-02-28,15.867494632185302,16.003478902891228,15.826603793455082,15.86473708429504,15.864354305302882,258940.1816337996
2022-03-01,15.135260902854908,15.163499086641956,15.033753489287031,15.158925349160084,15.151981830353812,224462.6208234816
2022-03-02,14.168691680948946,14.185758010693853,14.14467595924541,14.14752805811728,14.148455158039544,186685.9476637232
2022-03-03,14.433388915356096,14.413298756148352,14.355269354157608,14.396937217055603,14.39977800737622,70796.6095635033
2022-03-04,13.512332180874369,13.526870827448844,13.463301694222814,13.50406926115448,13.50398689748698,246361.33539586235
2022-03-07,14.000630993768274,14.003683174203765,13.977197407828928,14.001009941721913,14.001075036515848,179972.86115466847
2022-03-08,13.88616503113336,13.913882349243169,13.802843313667736,13.879687775656116,13.878117702579086,268665.4293255067
2022-03-09,13.379801259378002,13.383966080785791,13.2856322665148,13.38249031750307,13.38338520080772,347695.3760826345
2022-03-10,13.523338732462314,13.65670664014425,13.49218690744421,13.52304785764509,13.519716326204612,274419.696723414
2022-03-11,13.223258467148446,13.315137503476745,13.127829871955402,13.235956421490362,13.233333605583349,723656.032672113
2022-03-14,12.612226675358707,12.67182722637922,12.561133388016328,12.626922124688992,12.62643227370524,222931.413351633
2022-03-15,12.540541492193215,12.617445355882342,12.514400582507363,12.554477178491174,12.559673021589088,207491.6133173998
2022-03-16,13.631066370568826,13.625610006496984,13.572648854795512,13.600346891534691,13.59916607889005,445278.4481529733
2022-03-17,13.094342572326132,13.1297832436406,13.070912932032694,13.10385145047472,13.104707834818711,367470.142886393
2022-03-18,14.444591001378711,14.474376453719865,14.400325155218251,14.434745845198742,14.439205415452562,147026.19070047175
2022-03-21,13.846389713846104,13.831388954815782,13.760469896816575,13.824961142743591,13.82595307124952,203528.35848719528
2022-03-22,14.152168304232424,14.201537703066112,14.108197926659798,14.145293702031305,14.149620496451094,153686.1917864487
2022-03-23,12.885038218699837,12.903872316287686,12.7988615296214,12.878546999225115,12.878296029341348,240286.7022003072
2022-03-24,12.36967618617164,12.391399540697757,12.312762163524832,12.34475445348948,12.341269856875876,87457.81733374074
2022-03-25,12.923301943237735,12.974360975319412,12.885773068492604,12.92093249516797,12.92603575487605,203526.6708699944
2022-03-28,12.602531552774357,12.63920701623118,12.573733226703617,12.611254879108142,12.614205568062118,245408.43715172503
2022-03-29,13.229538855520614,13.22471003145885,13.175923374603228,13.204174214366793,13.203977258458158,254963.13451369008
2022-03-30,13.392245182762672,13.41164729393322,13.38151648591748,13.404506963601834,13.402690605357268,240163.39113984676
2022-03-31,13.50364196811092,13.552954255501074,13.463396026957517,13.50502935665049,13.512078017009651,125517.48152031492
2022-04-01,14.208022818236,14.282405902374949,14.104289719178478,14.201233266840134,14.206144676536514,173211.39108395926
2022-04-04,14.670759225850064,14.720362510504945,14.661856558225514,14.673860330154262,14.666888986691674,379573.3652902726
2022-04-05,14.67453635752018,14.74093349920722,14.592308935369736,14.678461354764089,14.68128206067156,169552.72148049594
2022-04-07,14.493868667377184,14.55157611523572,14.473326122230231,14.493045315147802,14.50242887265136,157644.36882185002
2022-04-08,15.164993688183005,15.266057581909449,15.169639786530023,15.18690134092489,15.189882418981114,875166.6245190225
2022-04-11,15.153017828934674,15.192714500927467,15.154982364519338,15.166273992196896,15.16628665008362,174853.13365482556
2022-04-12,15.27226376533686,15.283171441810984,15.091258076664651,15.257669294177637,15.25849945833218,261685.89242568755
2022-04-13,15.4682622174517,15.47222999563854,15.420728206462792,15.457774323144225,15.451820769048464,112346.76830446304
2022-04-14,15.02351711911204,15.065815800164826,15.00963253058489,15.02128685522437,15.01478208343599,189303.46156121395
2022-04-15,14.940148287965489,14.985648046218524,14.943265630583186,14.95101208162735,14.953906169875427,523926.9854632554
2022-04-18,14.914717266285466,14.983171717171905,14.765032819746036,14.887825167292265,14.887464659211414,664574.5608618776
2022-04-19,14.434844597065355,14.448135004493412,14.381316762617482,14.421781398858212,14.425904941607696,69369.97278680172
2022-04-20,13.988617359699347,14.026211179472396,13.912818063032924,13.986628277459983,13.986556226514846,526289.3844973365
2022-04-21,14.376593954480631,14.445995445185448,14.30185520017887,14.398453489769356,14.397010939248776,239895.88998121672
2022-04-22,13.749501006681168,13.896520609293407,13.7035796986346,13.772425631554077,13.77238560726822,120164.07637980011
2022-04-25,13.3777796452408,13.519837958564574,13.365431016156691,13.3794287417182,13.383532040494304,319868.5730854379
2022-04-26,13.521053973190355,13.54453139080774,13.44256540269652,13.512653481448108,13.511495332742406,482339.84511129535
2022-04-27,12.371969761105706,12.443554862675972,12.2741538823707,12.379909323557175,12.38312388122672,227806.61535103453
2022-04-28,12.229196079114155,12.27208871609977,12.182201887158016,12.258716776026231,12.26057447240394,300598.34130539786
2022-04-29,11.91346012956976,11.943471998942393,11.853899430666116,11.926017526666408,11.925973355939936,527547.0741241564
2022-05-02,12.342129405351251,12.361264717586623,12.329241178259318,12.337586840317693,12.340425201365294,212555.22998720224
2022-05-03,12.58524731773718,12.605681385910469,12.577638182216695,12.59284187853846,12.58683473750382,162674.54263811314
2022-05-04,13.420228021009462,13.465350863381504,13.388202484832169,13.413014078470136,13.40974688487692,103900.72656893432
2022-05-05,13.506899842051803,13.551946056217709,13.404859403459724,13.485803244818836,13.488990240488851,499023.9608101122
2022-05-06,13.744628317635073,13.830180713981386,13.72842006946841,13.742564012174393,13.740845482114835,119449.52047736455
2022-05-09,13.629178346744622,13.790567601684412,13.54210724345502,13.61393246723721,13.615095120856482,309797.06779978913
2022-05-10,14.503049517393636,14.677602669631934,14.482916563157758,14.484126960587815,14.48268258215242,199319.62095213003
2022-05-11,12.964718802767791,13.079953830910036,12.900057332822184,12.950303118460743,12.95760944451558,348528.44204092433
2022-05-12,14.155051427108656,14.281525249522524,14.073024156867351,14.179332038839592,14.177636715902976,146700.3387716524
2022-05-13,13.89806292258434,13.88731101287996,13.851026843286103,13.866953758477262,13.865101930465688,195639.4546977112
2022-05-16,14.50986654894547,14.544149679379128,14.420005016540484,14.500901647244884,14.506966869392382,564156.2048114352
2022-05-17,14.791340670615522,14.82315788122602,14.712942458747168,14.78475687648444,14.787788990175578,202216.0473032573
2022-05-18,14.434233118525274,14.461943786223236,14.367102744709204,14.400226767968135,14.397662203979817,132832.8184439514
2022-05-19,14.25523953662944,14.26669711262345,14.206949481282813,14.26422839513172,14.262973941770907,73254.17936178911
2022-05-20,15.392653873081096,15.4446159522062,15.35882995536044,15.395668557860196,15.39460816446052,346196.13827454404
2022-05-23,14.474168112723213,14.566478366297462,14.345982042666986,14.474309967040565,14.469136912788835,526393.0977458629
2022-05-24,14.224341386510591,14.302375051053284,14.238392712582876,14.24076497090069,14.24566544662955,210198.62832871664
2022-05-25,13.514390075633395,13.59272096151001,13.384574694904224,13.540768420138724,13.545148700666838,494042.6603281377
2022-05-26,13.666274478596437,13.691924830321833,13.620083649923757,13.659596973649386,13.66490200894588,494666.6033190333
2022-05-27,12.853640996391093,12.898679335658002,12.830384087050058,12.868827564568427,12.86878899550736,275258.0955457595
2022-05-30,13.047581079005806,13.111751719343689,12.994829799825183,13.048724210812788,13.049734297055425,1287674.9980612572
2022-05-31,13.578567253306309,13.709759410364535,13.521549474396949,13.560337641404356,13.56069106750854,648231.2719984316
2022-06-01,13.652351136992968,13.668287992353427,13.588746644882583,13.658311113236596,13.659652684066108,424759.6153464932
2022-06-02,14.78469500681571,14.824770262433086,14.735286223795663,14.783324647352666,14.787995793773526,107697.792544472
2022-06-03,16.47220188349794,16.66036874699709,16.432536084299365,16.474088626506912,16.474695404692575,387745.9020832583
2022-06-06,15.568181557792997,15.625474692069863,15.421858397625606,15.56739200265365,15.570644747443817,249269.07122248007
2022-06-07,15.915758710067976,15.89455390268632,15.849319957265829,15.89073660003572,15.892500315248167,150930.0754326337
2022-06-08,15.315531260479457,15.290141663964173,15.093182227222504,15.289826321047313,15.288504279370589,258360.68625129573
2022-06-09,15.22938739039037,15.247525884842757,15.241153317528005,15.246898032801722,15.253412733121754,168239.38229960765
2022-06-10,15.05461941742825,15.14811318757108,15.043940253451671,15.05348871863474,15.05066281995926,184944.7685914463
2022-06-13,15.292180100874022,15.286901316317014,15.210141699969864,15.284252454862491,15.28605393384328,170206.08002893432
2022-06-14,15.590869243158773,15.654127834812602,15.510759468677987,15.597913718374508,15.59834546348984,357002.9808193742
2022-06-15,15.191074557137092,15.264816529404271,15.123267373343191,15.190105390674034,15.193246364206392,293888.73921032785
2022-06-16,15.785573314113392,15.838154020297443,15.75455818356665,15.798575129219902,15.803168256040564,192156.1051741947
2022-06-17,16.243892693212835,16.255918836767215,16.114621402112597,16.245270701163694,16.248603681789866,271690.99344743
2022-06-20,16.56069656058078,16.635310465591036,16.435883842344527,16.5627876699177,16.562493253003915,487125.0175903005
2022-06-21,16.789791773162946,16.81113427592864,16.71506894778858,16.779082846647324,16.78356024813584,228968.1128228839
2022-06-22,16.954021912092823,17.11733493634542,16.769552738056422,16.948205620127865,16.94333925238825,376558.2287674124
2022-06-23,18.460882828663955,18.476262382757756,18.317052275864988,18.47306677144938,18.472158292469857,153766.48125472487
2022-06-24,18.51643414645437,18.66230887298904,18.5304161937441,18.539849699472683,18.542970540765197,562432.05359462
2022-06-27,17.735236309073134,17.81978590349581,17.69304119312061,17.74841827851941,17.753534466686354,245425.65171656496
2022-06-28,17.43679345055787,17.526883215505084,17.431402813143734,17.452192160730625,17.454547894133558,197321.2333990606
2022-06-29,17.66428949037849,17.68787675804365,17.576731182045123,17.678960947664063,17.68028521777461,435656.6559343565
2022-06-30,17.103692091335372,17.14258425525988,17.051938279915476,17.104299678534435,17.099156601730737,130979.6288044714
2022-07-01,17.06497348424869,17.23542136641403,16.95597214307401,17.049052953307744,17.051454931107155,94116.56313362245
2022-07-04,18.262462161451957,18.300808748244403,18.14966426109721,18.245213283871944,18.240241396160307,622210.0348373885
2022-07-05,17.711681914804046,17.722869804505134,17.65669271212829,17.69471026610782,17.701270304305446,681173.9124588849
2022-07-06,15.8194364548449,15.900537884200782,15.81209860980626,15.84263646657865,15.834976461223446,179745.09167965062
2022-07-07,15.97570750352804,16.061818139639445,15.915467284326455,15.987424878284124,15.993152647555512,126275.62621541148
2022-07-08,15.471884160391982,15.556170101600255,15.456576102173342,15.476194841130267,15.472608107624945,266790.7016258981
2022-07-11,15.039776517848049,15.102696296452963,15.023785888247854,15.049625778218962,15.050414816176897,119927.1785105788
2022-07-12,14.882530176822092,14.974738778999876,14.812592058818463,14.86163738673262,14.860135334399056,209641.15398252185
2022-07-13,15.067035216741967,15.190451029733063,15.054465938779664,15.09380492151033,15.09248497387033,544390.3688592521
2022-07-14,16.30221996809924,16.37944786360394,16.300102083477523,16.308596186765524,16.308573892511937,335138.2125927234
2022-07-15,16.04334568753131,16.122782289724732,15.995798967654231,16.00455672930273,15.998143365063296,206358.61413313865
2022-07-18,15.77423697120557,15.869377027957382,15.594440334014196,15.765187620430911,15.764398759700612,181158.5722462234
2022-07-19,16.19412008795993,16.259512566754513,16.178799626565645,16.202131663041914,16.203777139200756,324428.53076289326
2022-07-20,16.111838204562417,16.120515556295974,16.090634271602948,16.106934459399508,16.107664863291614,641804.7642602661
2022-07-21,17.02748520915296,17.20617402687494,16.99670907920612,17.027936586010508,17.029371523433657,122113.24686245147
2022-07-22,18.09969052981119,18.2787290458127,18.098165466866515,18.12903859598625,18.126005982646305,313504.5065949011
2022-07-25,17.2022267205977,17.243249176140377,17.14937518620115,17.18726213623257,17.1776939706407,855531.9177925301
2022-07-26,17.557644605963937,17.62302267526968,17.495082018285053,17.53241387779813,17.532218801156837,227261.4290677413
2022-07-27,16.77512286914986,16.81878578271696,16.759687056594885,16.770341623216474,16.765589273829207,389158.7838390751
2022-07-28,17.059331467191765,17.05160480240617,16.960875693192015,17.045233133205734,17.043964096389825,312198.4163059727
2022-07-29,16.74044687245251,16.841577518245824,16.709337074430405,16.72451783307071,16.7140781875868,513980.0905700229
2022-08-01,17.861313164400237,17.95217782781915,17.84762430043948,17.900605603623735,17.893566291449908,52814.31780411406
2022-08-02,20.18764303992381,20.217836017919957,20.182496606048147,20.19879390052519,20.20515656143007,146013.1328177577
2022-08-03,19.84278495902307,19.94463184396395,19.780610108340035,19.85472721632664,19.851524717247823,545890.1950674026
2022-08-04,20.35059825500258,20.46360333530716,20.336783795195903,20.35743743900592,20.361992622250487,114789.45772103078
2022-08-05,20.43476149929097,20.481029923549656,20.414117428855477,20.421690092885218,20.415822576720064,85111.73743961145
2022-08-08,20.493364862969813,20.5414185366046,20.46504735571458,20.48972589646977,20.48525386844761,256769.1556846949
2022-08-09,21.231005711660515,21.319058809134305,21.038884129592724,21.182674480992187,21.18744042052168,315643.60888260393
2022-08-10,21.28253882319155,21.357959997890624,21.206830858240984,21.3015145616994,21.29948482360785,133827.4596225422
2022-08-11,21.275148726195315,21.372415903887276,21.17309172674108,21.29060990553309,21.30046692264257,53503.37991973305
2022-08-12,22.84357729255124,23.109301922941324,22.749626913742247,22.885395949440284,22.89164966176969,254754.38948288636
2022-08-15,22.43902033422009,22.56290460639345,22.32004047627278,22.425882135510477,22.430979130375285,627277.8646538146
2022-08-16,20.36570756247185,20.41877118072867,20.18471603656272,20.33768450876044,20.34268586366581,330739.5211509395
2022-08-17,20.803046722782756,20.811627327466766,20.63866904422012,20.79798324952003,20.7976746407088,98553.3204688124
2022-08-18,21.3180901129605,21.409933226994795,21.330675948238504,21.33528181228411,21.331616583665014,313192.0442314004
2022-08-19,22.9522253760507,23.06311018076811,22.754847617020005,22.930876758159105,22.92891013960168,490045.1553468696
2022-08-22,23.21889417239854,23.206064551381637,23.09630060440808,23.18643391936732,23.1874470611965,96028.4698062302
2022-08-23,22.64781384112701,22.76987288630345,22.53199671464188,22.659477161217637,22.661122729646245,98916.22240499336
2022-08-24,22.459368305141872,22.494570150396527,22.398880495498847,22.44099847432598,22.437792956868694,66249.04912185416
2022-08-25,22.2173653773153,22.399948250802765,22.18089466217089,22.206852014155107,22.21053229207536,192814.31739638996
2022-08-26,21.63867231734708,21.699838018348743,21.54397829529397,21.648878849409705,21.649032462696912,222718.3291446456
2022-08-29,22.44577875894599,22.498984036948457,22.25215601031457,22.430168257016486,22.43404406534661,95962.28044766336
2022-08-30,21.75249312684577,21.78102515300822,21.64934830028001,21.722151609638,21.72261236655871,224521.41282178747
2022-08-31,20.2287189304738,20.284621450794944,20.138505712019683,20.229310266850405,20.22757985324049,404876.66304369393
2022-09-01,20.366804409121382,20.456731578918163,20.234097067037723,20.38629894341885,20.39561870261517,189105.7558479329
2022-09-02,19.67219847763201,19.748871834911807,19.672636631824048,19.68993144653009,19.685786821451263,116946.7557185604
2022-09-05,19.52615551417032,19.537723147717287,19.533553740000805,19.53376983640681,19.54373111742669,92372.9492308032
2022-09-06,19.279215308181016,19.292558564544134,19.177975212956017,19.28181399345942,19.288694651309665,389441.4882071167
2022-09-07,19.175702867291164,19.23808457384357,18.967365402503905,19.15218299718805,19.15744427152041,130649.66859918927
2022-09-08,19.066188378460755,19.128518623174678,18.96650054582032,19.06310563103534,19.0556725877136,153186.978015407
2022-09-09,18.749160221896844,18.789326923076427,18.70008792710498,18.768904894129037,18.76961126692694,190027.4468869127
2022-09-12,19.12319947203268,19.10239535642404,18.9720997832188,19.096007339942965,19.09167189500893,533940.6643997516
2022-09-13,18.235543491363085,18.381290521430326,18.16996486953387,18.242084638190697,18.242977214195143,428715.4888340921
2022-09-14,18.31752960875305,18.33974371320296,18.26224805447672,18.305777492855185,18.30560648283008,317330.85944926
2022-09-15,19.17758469386031,19.270438958215912,19.15404173545483,19.21622776891427,19.21894813196594,940056.9207643692
2022-09-16,17.983695964280994,18.173748016093693,17.998379578205398,18.005446905534495,18.005455823106747,149332.16201335844
2022-09-19,15.726534169976352,15.837940586869257,15.59789261164496,15.719331308138011,15.717686188666349,702511.4509907042
2022-09-20,16.437569592720934,16.43176065707559,16.34777028479091,16.426122787733007,16.437311929387974,373895.47488622257
2022-09-21,16.853933337934002,16.8923222912627,16.853105970314353,16.863495770410598,16.86063178759813,524864.4099345284
2022-09-22,16.71825345570834,16.83199941729253,16.64690838894805,16.703141011745025,16.701362212525154,380077.842025796
2022-09-23,16.622922219542065,16.71654390274575,16.549991604890742,16.625667141626632,16.62448053058445,216640.30452512015
2022-09-26,15.948930190017425,16.055779850056652,15.901373116416858,15.948813560248054,15.952683009521351,558902.3621354051
2022-09-27,15.857479914875812,15.995600775451884,15.83715549747902,15.841145347125602,15.839261592963972,227703.8526431113
2022-09-28,16.142817969458086,16.17544033196629,15.953160698373392,16.14128118656819,16.151380628255865,55815.143190577066
2022-09-29,15.15792987130418,15.19334435257303,14.976510318054,15.145665262712212,15.143441676076364,1219629.1301340123
2022-09-30,15.063465651429253,15.169631453784923,15.050371146161396,15.071038012580887,15.07331400473818,297973.21078071644
2022-10-03,14.36824071023202,14.382409690453969,14.327218809141572,14.354324698812496,14.358350551057596,272342.4451516773
2022-10-04,14.142457352146245,14.240702780435452,14.10975205716838,14.139833960885234,14.14094228192218,0.0
2022-10-05,14.155069670778271,14.21654104888392,14.08601483558484,14.159661918148672,14.161117461529576,144466.7497767346
2022-10-06,14.892266722708277,14.96518724064119,14.816754961244037,14.885604676922304,14.888218245004694,314008.27898666565
2022-10-07,15.315436997188693,15.459357782235031,15.28199213058415,15.323972586080368,15.323101139882093,568024.4582983869
2022-10-10,16.111403223848633,16.168679982743846,16.101910031614125,16.103759518059228,16.104526751564485,268929.1063331671
2022-10-11,15.482437779434512,15.52530766053229,15.43951699849273,15.453079395374242,15.452742989182694,87805.47729208446
2022-10-12,15.758825195219488,15.75519946043719,15.71156331632577,15.738270023913172,15.731597261048524,192436.56104428423
2022-10-13,14.83719669383744,14.888923441835558,14.785605178321848,14.814646300675436,14.816141302074136,109529.8380462594
2022-10-14,14.530332449710247,14.56509289281276,14.397314710209752,14.524286042054142,14.519795364609438,242636.60129401952
2022-10-17,14.874522954106038,14.950933143889271,14.78887655416867,14.88117381051058,14.881370589944945,219993.4808864734
2022-10-18,15.201134369247551,15.239160448542926,15.198259463699856,15.200922802214144,15.2004387911502,317174.508589877
2022-10-19,15.448988472584304,15.48721885865886,15.421277574134434,15.430188927185318,15.431635654647668,280322.29200778715
2022-10-20,14.81067609208048,14.822560470641198,14.735432364902763,14.812726288979434,14.810815832094676,363540.5858854208
2022-10-21,14.856851378736629,14.972000530535974,14.845987671789144,14.882781246235062,14.878898111418694,109787.54988398332
2022-10-24,14.82550736199819,14.874519922429425,14.78169327154522,14.831610182904798,14.836587493257504,256446.89230291295
2022-10-25,15.326275211967449,15.409568124736728,15.293093126950698,15.339979518640256,15.33482003648425,413447.3612009504
2022-10-26,15.803868227353847,15.839384760746928,15.800070524476428,15.812300712884126,15.81176268204107,68970.03444606019
2022-10-27,15.931661717617084,15.95761273209184,15.844646096144308,15.937039853687178,15.933659412249966,865153.7145419322
2022-10-28,15.708260478518422,15.725967390469386,15.649500130070614,15.69681889854546,15.691231889070758,363691.019010372
2022-10-31,15.293242700729618,15.334593779214474,15.294779317868912,15.30280098240264,15.299372593338465,297548.4187721508
2022-11-01,14.27260429229436,14.2859933763748,14.276892140959434,14.28466280695946,14.287509670701176,227651.53240102265
2022-11-02,14.671022412767424,14.7623761894378,14.613505853537996,14.665439208957949,14.661759461681845,151015.77709302018
2022-11-03,14.403261978525746,14.433630030869365,14.341939777315131,14.380119634810214,14.386358881987045,277850.83832254115
2022-11-04,14.694750695890232,14.699223319039584,14.650963139860952,14.680073498551083,14.684544121674172,294340.509359465
2022-11-07,14.149262272319666,14.204021194384776,13.993057246084978,14.149641873923295,14.153312409651887,659307.3879013683
2022-11-08,13.072592861595714,13.098979489357747,13.00327961021758,13.049016166863227,13.043490488277053,214051.86054558557
2022-11-09,13.394078783974573,13.417906609864358,13.346386249823986,13.387874827880813,13.3909398862257,167749.13587308026
2022-11-10,13.4193820041444,13.438705334205132,13.385089865687782,13.421380506701636,13.421652643240272,101456.48353547671
2022-11-11,13.527857659848184,13.514947959931424,13.457688547462094,13.51488485022074,13.509035650633557,172001.8243059334
2022-11-14,12.04536736455837,12.177094660988708,11.9440118614875,12.052621953693397,12.051261047313384,88986.25049908711
2022-11-15,10.957727956666178,11.054167812171578,10.907517150158665,10.958746227828446,10.95859504357643,354408.7912482119
2022-11-16,10.988420402879424,11.039559302009485,10.91604292715372,10.990637528702232,10.98641832625304,605313.3974818648
2022-11-17,10.126396255611146,10.163921078871349,10.074306248742056,10.123042022314548,10.124204813275597,87420.35438917817
2022-11-18,9.362689828994863,9.392974980669724,9.324857619511551,9.365656814556798,9.365599530983864,648091.6875436701
2022-11-21,8.767544872162828,8.761765920841244,8.725237563461297,8.760765687634008,8.760318868795373,254882.86234416417
2022-11-22,9.62023178657654,9.661744449307594,9.558372410383784,9.591443963473663,9.589942119853864,324255.83380694233
2022-11-23,9.662566534975245,9.755985828794596,9.637942675123334,9.65752874179712,9.655553718455124,257692.47957445565
2022-11-24,10.376796989671751,10.402485482590771,10.309768377926986,10.380758840914853,10.38363599047396,111547.67181163812
2022-11-25,11.585770701955967,11.628707360583752,11.55366895967068,11.57736471283316,11.57599145137511,78086.86548579314
2022-11-28,12.513329715746025,12.562540865173132,12.416543257310195,12.497540881213858,12.499508034356731,453122.59414661705
2022-11-29,11.982556218132236,12.073229235144836,11.973225704906891,11.986790071731978,11.985394762665182,358092.51550407195
2022-11-30,12.914786152504778,13.009577890863024,12.879950665928131,12.917344900760462,12.91198427271576,333132.55441152805
2022-12-01,13.52504780998595,13.512722787749254,13.408334350096457,13.499653601315496,13.50057454422346,189111.2027472345
2022-12-02,13.002363205244135,13.047409480576016,12.995115492441132,13.014023752515676,13.014651692307226,609765.9219661822
2022-12-05,12.684451247651824,12.717486963643989,12.624222989029644,12.674594960116009,12.670287370848706,140341.1028421671
2022-12-06,11.643637914387687,11.68877645253895,11.636999226822343,11.64979867227546,11.65191343894991,170857.7255825418
2022-12-07,11.40025344010539,11.523690353128965,11.351008935403131,11.406892602678022,11.408978759362489,148538.85972080374
2022-12-08,10.749141599730672,10.797731140011544,10.703035543649634,10.74303668815047,10.746434199533576,205895.6887364729
2022-12-09,11.079418351367469,11.130181634677832,11.03251205781967,11.09160095193088,11.096426654203489,107433.75600952252
2022-12-12,12.048084080653522,12.075440713317672,11.983658957129803,12.04213004751538,12.041644971294252,251939.5903193045
2022-12-13,12.23908638514123,12.292026836119032,12.17404810827034,12.23415628413354,12.226837939958315,281865.0594949207
2022-12-14,12.656036306199285,12.814704136920948,12.635138183234863,12.685282126984529,12.686416381963546,275415.7686610577
2022-12-15,13.035135718326329,13.023231294052556,12.975221738661771,13.018610855507966,13.019848661350126,509952.7137792365
2022-12-16,12.57182956826724,12.585180110393631,12.522481287856174,12.571325567495162,12.569521369252069,292615.0821152004
2022-12-19,12.99553605772965,13.080336646645824,12.973895950162262,12.99574566767093,12.996203995064022,370960.5279537925
2022-12-20,13.853510626832028,13.946283518702431,13.720640948556756,13.831350265397372,13.82819530124284,203892.0172131908
2022-12-21,13.459772277157034,13.468416498334244,13.441885584705728,13.455724097424955,13.459843201212486,560205.436342394
2022-12-22,14.145380513352244,14.200708419749256,14.10793582378124,14.146426034847496,14.14563098678636,269564.0555630514
2022-12-23,13.726367708744975,13.83292148126208,13.709529510836616,13.709765996489482,13.709082849157484,222492.05211452837
2022-12-26,12.702692908734958,12.790863536193743,12.643213012521985,12.68954430923331,12.68623080164308,144587.3714450466
2022-12-27,11.67099532152491,11.705764792031689,11.548092451953815,11.682542566902825,11.677441527689735,483205.1255060235
2022-12-28,11.50345813898226,11.560911982101388,11.474935179503012,11.49290369495189,11.495565271365852,413896.16532243695
2022-12-29,12.180912735258696,12.198916397536918,12.119312850351758,12.177375589363184,12.17786227381252,525178.9895522185
2022-12-30,11.808534583541183,11.904850162631494,11.803488506091764,11.810987851134996,11.813742832963417,902983.754485974
2023-01-02,11.635894416965384,11.64237047268576,11.606112634715812,11.625014056347249,11.62548061926346,250085.41387112276
2023-01-03,11.70260454184616,11.73595965401722,11.693145455181382,11.719989071030524,11.715334207359634,240657.900069184
2023-01-04,11.747327041741457,11.816833844185142,11.74186269396897,11.754193409216986,11.755470577171742,193455.15952549627
2023-01-05,11.57056576557584,11.578883667388173,11.550535983426364,11.556757139902212,11.556030808053167,66588.35072732798
2023-01-06,11.544940025489652,11.579353270315428,11.53314618137686,11.546569497634415,11.549004899967017,118567.60624916753
2023-01-09,11.78871620216482,11.78544487220182,11.673334469259842,11.760271295172808,11.757161642865396,443061.1646797634
2023-01-10,12.36776489128567,12.400403849466512,12.372602439939731,12.38000182468052,12.381189967748105,229179.83722900887
2023-01-11,12.580355709504891,12.587836311218716,12.544016320977724,12.554164836081528,12.556995938846288,288093.68798759766
2023-01-12,12.564458281961342,12.63788192660369,12.50274463209929,12.558536286526694,12.55992248318004,194810.8223008216
2023-01-13,11.994225522637027,12.054100839025187,11.926202764017866,11.985592752719686,11.98571790754936,165278.23586212983
2023-01-16,11.479670616416588,11.515034206028098,11.374075681450076,11.48125709123338,11.487445234639692,210001.8762066603
2023-01-17,10.891825619565363,10.944241292545009,10.854555453215472,10.896063980689371,10.893247728931094,89595.65939249522
2023-01-18,11.674329672894045,11.692462619386625,11.649216308835893,11.6709310658239,11.671510654511057,140726.82996367125
2023-01-19,10.648037216974435,10.664108429889032,10.591075555358428,10.652982174023457,10.65083756581103,499510.5957818269
2023-01-20,10.054319002540876,10.121014957417474,10.035634367956044,10.04260295254244,10.046504865761271,256557.5360265684
2023-01-23,10.032362312152973,10.046139262182958,9.97252903147055,10.025640009347834,10.02846365410907,388677.28807776666
2023-01-24,9.656176069262555,9.692550483302735,9.613738736311278,9.649849479311028,9.654096953931385,201364.0376477723
2023-01-25,8.993507107079179,9.032951026089489,8.943009189585235,8.987018584905933,8.986659955108054,257668.48791631788
2023-01-26,9.423518632117164,9.451732910855808,9.373760089549082,9.435908070275614,9.438003582275313,236960.2165652481
2023-01-27,9.697560195604767,9.702628169421171,9.623153211109017,9.690824482769155,9.688223710716873,142573.1828131332
2023-01-30,8.967810587516565,8.979260929746333,8.93463126651731,8.97796233612161,8.981617754610747,132693.60850836698
2023-01-31,9.0572029172169,9.074105912211184,9.016658716255794,9.05720595262192,9.054922569734712,576044.8922788535
2023-02-01,8.98079027835306,8.999044903739753,8.913334918422262,8.990986280649784,8.994868744294566,246964.8870041091
2023-02-02,8.389493013850922,8.391180131822473,8.352376177633106,8.387016772359079,8.386003965302116,402152.0154703585
2023-02-03,8.578249144803072,8.646179386033557,8.463949319553027,8.590114868598793,8.590168732904358,190224.190828569
2023-02-06,7.96277419120263,8.004883128817008,7.911550436574101,7.965050103871588,7.960265285400186,236880.2810193221
2023-02-07,8.463830306454438,8.503567985071017,8.445346006739715,8.45531512176106,8.456670034312491,236784.1653744975
2023-02-08,8.077774611321733,8.134375776237905,8.058218017505757,8.084841460477314,8.087271182581429,337528.15474498906
2023-02-09,7.693620517097851,7.711831356651991,7.655993021879273,7.698032596391341,7.693040448366732,153534.78396316056
2023-02-10,7.798325113106228,7.840769896489046,7.769232116214379,7.796852985131006,7.795441180098441,206703.7574071312
2023-02-13,8.582455876091014,8.579785908324618,8.524475563250958,8.574735837402073,8.576653242568455,359249.638946628
2023-02-14,7.81586243257716,7.832459135203204,7.793632292376465,7.810191791499121,7.808578409308476,480787.63419242064
2023-02-15,7.311851614820158,7.351958142783076,7.280489656562689,7.31640175795185,7.316261093746887,317707.9060661952
2023-02-16,7.627546295689876,7.643047493186708,7.63385654206341,7.634135499175173,7.634750956501006,362894.8502172381
2023-02-17,7.827985712346594,7.853180988330668,7.805726739463458,7.8394497447146865,7.840656169694335,189882.12748734155
2023-02-20,8.223005277249287,8.298304928727768,8.219714072863175,8.227783500440053,8.22972112722548,177697.7979194658
2023-02-21,8.262068559333368,8.2992940841101,8.208162720617088,8.2649742184536,8.263764676831105,221531.00206528977
2023-02-22,7.97268829121261,8.002965907923032,7.937264311137055,7.979607491871607,7.980069487919807,464707.2016724135
2023-02-23,7.608580405771236,7.652840787870423,7.574126435471538,7.605340617508596,7.605622639109159,416762.1099286926
2023-02-24,7.991738704743856,7.986102708552113,7.944004935189461,7.983382786582671,7.989570388138918,219013.0019776904
2023-02-27,7.999316253474098,8.026918181732047,7.997188642854155,8.001637449069595,8.001009979060386,223498.26946819687
2023-02-28,7.999203712518462,8.018108405808304,7.937092301184912,7.98362826023092,7.984275954607763,340018.41561730474
2023-03-01,8.284316205550512,8.301228035860035,8.204986244817745,8.280739100424075,8.279171151389361,345570.3884713517
2023-03-02,8.684350585167516,8.752047939127639,8.66214680327809,8.688394460657452,8.688315187413206,167608.5425878716
2023-03-03,8.643949814004166,8.654533609272887,8.582068932639471,8.646652337707037,8.646831927526236,186084.2628386499
2023-03-06,9.019663009249989,9.057512340808517,8.983586092005767,9.018675904858032,9.01314427139344,411839.8831206329
2023-03-07,9.532076625757004,9.545132941256954,9.511619920452112,9.541703909609216,9.540969549438268,469943.6420601432
2023-03-08,9.99368654695399,10.025651570165907,9.985441614823348,10.006438401180665,10.005984153292031,158223.0482842493
2023-03-09,10.478057085861266,10.503386264025709,10.45742715763724,10.484926770678644,10.48417609600432,203888.2868434053
2023-03-10,11.717337421720575,11.743442227519829,11.669957735024347,11.70869312187979,11.706351751368812,323833.0569118594
2023-03-13,12.324832846471832,12.336315582568076,12.245705668126195,12.305553029552836,12.308323778537892,132263.31322808462
2023-03-14,12.112331184408353,12.110245816475745,12.07762461266548,12.11022837765364,12.105394737558646,118701.96336829424
2023-03-15,12.079335747896176,12.146846383596698,11.997190935260884,12.082638212843127,12.080990030420704,429113.61027542426
2023-03-16,10.928128353113737,10.97156458838858,10.792403737350584,10.912233978420865,10.912909211959017,157147.60190413045
2023-03-17,10.998867757101092,10.99737802786785,10.93120584641155,10.995514935623824,10.994873709869296,528783.2056181114
2023-03-20,11.504376042513188,11.572034535392476,11.472547396692567,11.5009549182815,11.503638020486726,190846.15035800825
2023-03-21,10.873084533540778,10.933791968108109,10.85698787474834,10.8771314162032,10.879908629373698,556345.2715604756
2023-03-22,10.980811789042807,11.031795738016868,10.951479479936795,10.992580351038448,10.991253314845098,87277.83458982578
2023-03-23,11.0187001357975,11.031401999759812,10.924297209930522,10.999028155636884,10.997180721421069,337021.19800347806
2023-03-24,11.000463988685738,11.042870358156655,10.987466514181923,11.01925582697473,11.015709051663206,235135.9482418167
2023-03-27,10.406222312630236,10.446189334529128,10.310170790138644,10.419206116374326,10.416796540334053,699669.5348282811
2023-03-28,10.27304820732743,10.318188077657608,10.270606167650207,10.272047100091452,10.265576218656902,186017.9364310168
2023-03-29,10.55918869375128,10.652470688162962,10.53298580982764,10.554490827672051,10.557177708192722,81416.62325013682
2023-03-30,10.052203998216086,10.084565615474116,10.049055531548984,10.057541338822949,10.057397733766102,481662.4067666988
2023-03-31,9.77328348595404,9.793238654265371,9.742664559616236,9.772290003544429,9.76996313252755,179503.56190378556
2023-04-03,9.844085962823826,9.878862937629489,9.825361053706372,9.8383295785896,9.83346194615626,456133.5884747736
2023-04-04,10.656254708201276,10.77685946746885,10.621279477547397,10.650365427634467,10.650994930104504,162913.8466779565
2023-04-05,10.70985048312082,10.711820424309089,10.63865417872535,10.70884628208706,10.708046573439178,261898.362776308
2023-04-06,10.517624003373305,10.566080514851537,10.41847115065812,10.530643000943346,10.534754944861357,633475.6225724721
2023-04-07,10.959859282578805,10.949394188324634,10.846991163603183,10.948665491559844,10.952261712594447,433999.032161982
2023-04-10,10.404767951782633,10.469112241751532,10.404506618526794,10.425127474034968,10.430726240930197,210371.12333169984
2023-04-11,10.46394397212305,10.493642999317045,10.4010629885008,10.454672849143064,10.453561185620975,478533.248900849
2023-04-12,10.19116498971854,10.29660858298077,10.166374735791996,10.209180509079507,10.20774171065947,146116.12208647162
2023-04-13,10.739818289459445,10.750064027975222,10.7266591329117,10.73753603158008,10.739627240914905,393162.5147509317
2023-04-14,10.230773160981355,10.245189205696636,10.24213199141101,10.243681403888484,10.241316689420826,355222.2262573005
2023-04-17,9.799688547589662,9.886963158223962,9.787183467024953,9.79568653569184,9.793399308098254,534362.0610341117
2023-04-18,10.63373879434579,10.632490567744084,10.60862691768236,10.622041893967506,10.620156121706623,294882.8807959466
2023-04-19,11.520330610282436,11.572365524185123,11.472696765415057,11.515169750918536,11.514916002989382,190487.0967622748
2023-04-20,11.627285340509191,11.71577868135294,11.61397338042685,11.637725336024266,11.638902455987882,170468.73189933356
2023-04-21,11.78391692990654,11.802836356341748,11.734870396565862,11.763028092710606,11.76380195273151,762128.987072826
2023-04-24,12.0267182713338,12.062759774422997,11.957594544761198,12.007700412210788,12.009915847291689,148043.9850086552
2023-04-25,11.810198047704944,11.822299817552768,11.771055304829344,11.81443364610925,11.817506098442468,145921.45882164195
2023-04-26,12.720202050256018,12.755617026901724,12.613766761151236,12.700995724998656,12.697719109250825,245086.75255908133
2023-04-27,12.64956748412253,12.684284116564026,12.630062536785,12.661604231330722,12.659838706997428,403949.589293725
2023-04-28,12.569058811111042,12.593044406281228,12.491674966747716,12.578730610936368,12.5766074488655,326159.36920825235
2023-05-01,11.63682211979224,11.722143171403156,11.57240692819049,11.621544708417968,11.623448864184551,232927.82278603024
2023-05-02,11.53810844247308,11.569924770504374,11.519341885801442,11.526480986780433,11.526940466363396,332148.13887887687
2023-05-03,12.013722082812215,12.07572706982186,11.95028765762523,12.011952511258452,12.01382258330676,481072.6154557904
2023-05-04,13.302332829154848,13.313488773072542,13.124685882184366,13.265134543171287,13.260998774649943,284261.13550909923
2023-05-05,12.441255558198428,12.42498696388304,12.405093168203344,12.424901676064676,12.424670828844642,0.0
2023-05-08,12.648082691462982,12.735977462511332,12.574793603694951,12.665274296204256,12.665716686445371,495554.20242886257
2023-05-09,14.339818227268696,14.42241428437433,14.137595313428625,14.332549250100907,14.33145093997813,375000.3979254048
2023-05-10,15.152985527050689,15.203210518203283,15.065599693710054,15.163339473002138,15.157337033714132,204295.32229760903
2023-05-11,15.243051511683827,15.317062857802805,15.233835145214972,15.259855724411324,15.262520028600203,677457.0110373987
2023-05-12,14.00340452382188,14.11651253103514,13.989606836581835,14.011072356108713,14.010999408920904,111849.99848269268
2023-05-15,14.206252432790004,14.3695288481692,14.231078935318214,14.236178461716571,14.231151027060468,558462.04689854
2023-05-16,13.463005920688763,13.54355930204578,13.45821415694888,13.464186309138844,13.459112910979956,201450.51002367
2023-05-17,13.78780417211207,13.864101624799815,13.741254604223606,13.79250408660718,13.788706444013767,980224.1638296972
2023-05-18,13.123151094835224,13.165271526017325,13.10261541035478,13.109618067569995,13.114705021881916,415942.2116136145
2023-05-19,12.934599517872725,12.940405670692694,12.818677755838838,12.923360993882977,12.91956868956917,556447.3960129007
2023-05-22,13.912246838074608,13.932816329895036,13.860524758721237,13.911473499930612,13.907314415537726,225987.35727679357
2023-05-23,14.636273287604476,14.60893377301035,14.521888112600452,14.604510346871658,14.60681023399598,471507.7174449355
2023-05-24,13.846942422387755,13.909822030804946,13.84147865356478,13.842936369626493,13.845508740307425,165160.80954881295
2023-05-25,14.608083414618356,14.687639713888212,14.605566575082465,14.618690323219674,14.616552235969335,125607.5903590084
2023-05-26,15.263172462560547,15.277479611912586,15.194234430447178,15.2589823866219,15.254416843164176,428327.85044240265
2023-05-29,15.119651577769584,15.148166824704292,15.10018331443494,15.139796546599584,15.134775133935854,279392.5800606824
2023-05-30,13.711908895414108,13.703177929199423,13.688270009675458,13.698314148260472,13.698218435619763,270294.1962247098
2023-05-31,13.496879132947212,13.533583206177918,13.373643646172717,13.482913846042605,13.486584919092977,140506.93239087964
2023-06-01,13.320414139215607,13.345828601509512,13.245598880677376,13.33597157343832,13.339708204884738,173175.76907416907
2023-06-02,13.441808874224536,13.436728278369516,13.386000558965044,13.4346176451834,13.431243762791905,325927.7302307837
2023-06-05,13.836371352175387,13.873477590649824,13.81567293288459,13.842267533864533,13.846395677570657,334527.22085892
2023-06-06,13.502896981633723,13.62133031240034,13.448433584608727,13.499349719073198,13.503031709879677,132001.48705500097
2023-06-07,12.869568788950795,12.943528889266796,12.813050882060905,12.867756670715304,12.861827006899649,223086.10888908195
2023-06-08,12.09915650324734,12.208348122855616,12.064343153817484,12.105832327061044,12.108348015166516,760674.093861931
2023-06-09,12.417779907333289,12.437746959689012,12.384209110724203,12.411973262201611,12.414729697298876,301028.8201849486
2023-06-12,11.687885548004994,11.711372576068252,11.678949018319386,11.690178070393582,11.6930651011127,194496.62109171963
2023-06-13,11.83443397149342,11.949606653796517,11.797840967021784,11.843766317479345,11.8458322315821,440881.72852949554
2023-06-14,11.767374775445711,11.8252929691383,11.715807896519951,11.776159352175783,11.782854561248437,333515.75298091176
2023-06-15,12.005980448946588,12.071214017525318,11.965625833787628,11.98724038165178,11.983726400677844,188846.33913586405
2023-06-16,12.031505176026634,12.124384945442625,11.949607664459467,12.042112107375813,12.043797331754718,125867.09666660284
2023-06-19,12.314566866308038,12.357058966366106,12.312296213777634,12.32338160494554,12.325216642754944,298389.50307199464
2023-06-20,12.318669935536729,12.38498963830502,12.28215191205494,12.326742256230771,12.329011944236496,99196.53732416307
2023-06-21,13.298758452997824,13.327706630511166,13.239791105545862,13.27688945529617,13.273910260925405,605439.5426090689
2023-06-22,14.03539755314888,14.050255831764083,14.004399413219256,14.03720508684358,14.039772426479727,1233327.0289768483
2023-06-23,13.77335660320114,13.82480449949291,13.752735620170885,13.775518158489692,13.77379396932686,148668.47329120076
2023-06-26,14.701893315571551,14.736478875602272,14.68140370214058,14.71035681022266,14.714858168695788,538665.7264040201
2023-06-27,14.397344383235025,14.512324669352145,14.33565452286953,14.382960306509396,14.376668883679056,540322.738980468
2023-06-28,13.347095583499014,13.390340759296326,13.300850590819062,13.336638478606542,13.33928838797162,82720.02543919205
2023-06-29,12.428941428835868,12.45680590295991,12.408683174977735,12.430563065355232,12.427496287035568,113296.8107850405
2023-06-30,14.303970666463956,14.32046718801295,14.087673829721414,14.303108255460188,14.30878457786001,390715.9245992327
2023-07-03,13.943108882530744,14.04447646124805,13.880959457102664,13.980276493641426,13.978824276127233,259757.0355277076
2023-07-04,13.113973762521573,13.138983002140256,13.056016890432508,13.104913771212622,13.100634833289073,388286.2428582796
2023-07-05,13.178492048120864,13.21854300148519,13.146671238858922,13.188271207227876,13.185121609157372,183996.4312520373
2023-07-06,12.447116563291804,12.475507081436987,12.416119373542372,12.432400074007983,12.435498506507846,177359.9295612547
2023-07-07,12.7935091474429,12.875886568154694,12.782712756529376,12.786392150706869,12.786096754758232,228502.2690841992
2023-07-10,13.215323381773931,13.212813134398692,13.142113466752688,13.212267972006932,13.217996723755332,301553.4073822302
2023-07-11,13.630712188264146,13.711629657009944,13.570277999077277,13.608995261877528,13.60787882208046,432184.1378300846
2023-07-12,12.538288068933577,12.5876630304665,12.539093569989443,12.543884110516965,12.547023352094138,300152.83067198686
2023-07-13,12.45709007532686,12.462867557150542,12.34593254429094,12.44601718640451,12.442490599024504,417814.457584016
2023-07-14,12.51907692683594,12.623286235056144,12.52290993950411,12.529272109761076,12.53260906852822,274500.5912561979
2023-07-17,11.513023347104127,11.588910635954482,11.530760505774111,11.534109385049058,11.534357380130178,376799.54685729794
2023-07-18,10.82819863911675,10.852966490584867,10.825290550745391,10.839362830925804,10.838994297928584,290660.1525550671
2023-07-19,12.021956381233018,12.126051245877038,11.960253716975393,12.029492052403258,12.026995560912114,745436.2972259329
2023-07-20,11.930360415108703,11.962579874988329,11.87129720588379,11.932261572833186,11.9345145372255,248764.3266922617
2023-07-21,11.998597609861935,12.00101817923636,11.9436892933642,11.994171786476446,11.996614318482708,253866.7520729628
2023-07-24,12.750155417041336,12.80227504148024,12.685395442376322,12.750192832651148,12.742100548666984,549577.8439976566
2023-07-25,12.699127668889124,12.847572371354271,12.686705753046295,12.709678418295404,12.705060208429268,534912.5897550328
2023-07-26,12.362330040978176,12.37427094229269,12.355467328639776,12.357049919143115,12.352685475630889,219710.0706771333
2023-07-27,11.529662241627102,11.55466332327892,11.449035777197455,11.5368150812531,11.536540695550684,952897.612618308
2023-07-28,11.276913280201898,11.303186920354197,11.238794984555115,11.28485383605856,11.282612907271648,658658.3953105478
2023-07-31,11.216407431232806,11.274563786244403,11.179616609031154,11.204332110600497,11.205794789655096,188115.46889539383
2023-08-01,11.110548462297867,11.13630342639986,11.084771053170524,11.114946243584498,11.110880846968769,324687.04697832384
2023-08-02,10.843825856637656,10.906159206642604,10.817641819547916,10.841631276562968,10.84004217244628,126322.30660303004
2023-08-03,11.33503168227291,11.367527024141248,11.29971678673424,11.33796167024496,11.337188945364966,286217.51497431926
2023-08-04,11.549089996296978,11.524826184694613,11.448588253296869,11.523520542714811,11.523730970117509,545079.333433144
2023-08-07,11.553252468670308,11.585945372420372,11.505127479632833,11.55655858808341,11.550639170598824,319754.7385477337
2023-08-08,12.152043196936644,12.1805425184837,12.059582976812155,12.155606887316974,12.15458747948891,95905.56823797616
2023-08-09,12.03798085957393,12.12110763234897,12.021334245891197,12.054370737651094,12.054390307796858,176437.82519612598
2023-08-10,12.21742105166836,12.226475082792378,12.199321059765373,12.20160878156664,12.19932281338844,216512.7520312156
2023-08-11,12.671941001997649,12.716691667199216,12.649346880949134,12.676540650990075,12.67228830131861,169199.92552370176
2023-08-14,11.77668847125586,11.7706310696066,11.703859121392538,11.75889577656656,11.754415247616365,785333.1235963518
2023-08-15,11.268662121260885,11.346572317067524,11.222444064711691,11.267639377267352,11.269257857635887,419576.0689180349
2023-08-16,10.06958336179347,10.085839203854594,9.935094042535628,10.06221611584026,10.062370633168523,167786.51849267824
2023-08-17,9.76327580822997,9.793008392127147,9.716344485548047,9.767018332365716,9.765620616650915,462631.4880308755
2023-08-18,8.758572911574161,8.869450427870847,8.712204931243685,8.757359593769598,8.76084677461348,854762.4365073188
2023-08-21,8.558555150815014,8.634550206031399,8.547506240841459,8.55415570854263,8.550291770180712,316954.13644395093
2023-08-22,8.779497947917521,8.801107672322098,8.704731210116714,8.771886825574684,8.771921787205704,88168.05934248648
2023-08-23,8.809800394600527,8.827080356817877,8.804109560412108,8.807461791592015,8.806595722156306,190200.28947624215
2023-08-24,8.662656398343676,8.718816279170039,8.618970556157917,8.668942001598563,8.67103791247843,886272.23181469
2023-08-25,8.922133981006116,8.961264870836354,8.885110092831681,8.931524292050593,8.935944334870618,163279.58394894542
2023-08-28,8.70586685400899,8.723111232836619,8.667763506419176,8.711480542620926,8.713289934733833,175951.23849411865
2023-08-29,8.161683109615675,8.15821723760956,8.096214257769697,8.154701592419974,8.153850776680079,313324.7550351473
2023-08-30,8.702086731635275,8.740336513482882,8.66792069057989,8.70625595974306,8.707047414966064,274004.4716720568
2023-08-31,8.250207521534003,8.318740196799515,8.224931362792466,8.252702971864085,8.254485010422517,896796.6282213543
2023-09-01,8.608608299904256,8.668532841568554,8.600798232017022,8.613129538423834,8.613822374030883,301661.97226854897
2023-09-04,8.295588866601005,8.301852605121805,8.282602028569798,8.290856160344875,8.292271219144345,468452.124690014
2023-09-05,8.382381876352571,8.43677404864189,8.319143987409115,8.387146091338092,8.391031411697197,709871.9224235876
2023-09-06,8.24698627999726,8.323516284952206,8.254894788594147,8.260569692946401,8.257694511473408,433209.3416377399
2023-09-07,8.212091836529185,8.353605137312643,8.206036971613239,8.242654277997582,8.241294871679429,356812.114247081
2023-09-08,7.703390770562463,7.786431181932776,7.648222439263113,7.7137038183410045,7.714827812289395,424756.8180634904
2023-09-11,7.899607072354404,7.933419979813091,7.881114840693722,7.895005289379323,7.897050535213696,421437.2323911988
2023-09-12,7.58062883484234,7.601762610447735,7.518334388461937,7.576364189472795,7.5777081866666895,178880.65279050742
2023-09-13,7.164418671662065,7.188724004561774,7.162385961341775,7.169681113576641,7.1690676589620095,182859.61410738813
2023-09-14,6.927744924883476,6.949244304453657,6.840627585513194,6.91299925146595,6.912711324796526,467991.8046148738
2023-09-15,6.57955741701166,6.596881197585428,6.502926405149952,6.5768405211156455,6.575696505536564,324849.4618695373
2023-09-18,6.499246080576439,6.500801402639991,6.483230090067656,6.4962594635152815,6.496129899413824,332003.9200247423
2023-09-19,6.7702801992715855,6.818476999193579,6.726905705714336,6.760744154401644,6.762658386794721,169980.69439295007
2023-09-20,6.609220360174037,6.631183781058271,6.589284696002692,6.616593099783668,6.616648215304581,194823.78197570928
2023-09-21,7.257795667846032,7.272707299206866,7.244683450005495,7.252869878616234,7.253272104137837,168049.4145610841
2023-09-22,7.269030999069124,7.286270582061577,7.227486334144834,7.261504261888835,7.261052266700322,283712.6758162025
2023-09-25,7.734599308196078,7.764578538658001,7.6619810101605745,7.73256287618615,7.730488441106874,0.0
2023-09-26,8.111348902437669,8.189397859947668,8.106932965509522,8.116513979122638,8.114994859500301,272236.7995841045
2023-09-27,7.919072993765448,8.011573440431382,7.864502250643031,7.915097012462364,7.915691054348798,213332.62545196296
2023-09-28,8.319302134884808,8.421800747904962,8.318111338608949,8.335458317616222,8.335255637696088,246906.6649580303
2023-09-29,9.025732819286604,9.08427590103564,8.996227131810828,9.033104190045425,9.02748889430682,261776.6046843409
2023-10-02,9.558908701077696,9.586692542782682,9.553920915403712,9.557396473953649,9.5597395499382,140802.41276850933
2023-10-03,10.296556606295905,10.320800713940915,10.272203758483554,10.276511443218627,10.274059571537512,315341.6306974788
2023-10-04,9.99274784482381,10.143784807599326,9.931911102828732,9.999559455072845,9.997999855279089,212782.29005142127
2023-10-05,10.04342440047668,10.04813505211992,9.943680599584702,10.045800662577388,10.048930090758969,213432.7537394412
2023-10-06,9.92411855563004,10.010151204698555,9.892251849226277,9.920468671301377,9.923679593356091,153347.77215349197
2023-10-09,9.859363629978503,9.92233092208793,9.826164274308017,9.878491368557183,9.879152772159786,284116.3868635978
2023-10-10,9.899284009123214,9.918024519004408,9.885216107285382,9.887546772042716,9.88660982471938,442904.8778753774
2023-10-11,10.137399075373391,10.152970526737851,10.113896868932368,10.152867973258015,10.153956469453682,564356.4777246676
2023-10-12,10.437459465680362,10.455180600136512,10.418170781334396,10.446485947442987,10.444434717136502,437178.3959921786
2023-10-13,10.585940668082182,10.635588248444291,10.560023224397703,10.582916905084785,10.58115595886413,162499.86431853412
2023-10-16,11.385014432369044,11.409758157801644,11.32025608954454,11.40911942459878,11.404985680015496,318883.6411165425
2023-10-17,11.372136603026677,11.401287445432729,11.382408079820207,11.385377663177136,11.391222659958068,168602.0944120658
2023-10-18,11.113900248378428,11.1608059000529,11.050870967503748,11.11117310765531,11.111777019792834,397196.5019547804
2023-10-19,10.840040413076656,10.909827632875457,10.809411092824,10.834138142438569,10.82980020516277,121822.41998794992
2023-10-20,11.647351146708628,11.697758597598444,11.604507666830443,11.648779823895511,11.650591984191236,364211.0140207278
2023-10-23,11.879352626231146,11.901447137930075,11.869033203860376,11.891958534207324,11.886233702592582,156056.3283001175
2023-10-24,10.883215849321113,10.91793848590454,10.848548748847916,10.885247450510962,10.881904843577187,92683.70539491126
2023-10-25,10.898092018168589,10.921372048869324,10.87119749508354,10.904175668168351,10.911402049689752,401804.89008858375
2023-10-26,10.538833706698432,10.584267895913618,10.495753799382747,10.517253448426388,10.518727380920792,766273.0672694136
2023-10-27,10.509748015832184,10.560233257344432,10.51602443759577,10.519921309706236,10.51861788204943,317340.2400979551
2023-10-30,10.71390058764658,10.742910407557623,10.618686806146188,10.714211189037544,10.707203214764036,189380.6749691133
2023-10-31,9.990929640515258,10.054324404239852,9.979598825952449,9.989894567152897,9.995392461858126,157511.12670795718
2023-11-01,9.978434004404876,10.025600125849392,9.950406318687298,9.975096955743584,9.975186938291465,271606.9723330038
2023-11-02,10.570278951115728,10.598631232926168,10.520902021546554,10.585228661064455,10.582505613119936,169272.9014083768
2023-11-03,9.977776495593227,10.07653692287615,9.939543408644852,9.964017805882428,9.96914468246025,136070.57198048185
2023-11-06,9.44884851731044,9.475949844038588,9.440939406017122,9.455020235358989,9.4530065348412,138021.70823290368
2023-11-07,10.305056098390816,10.363155487400832,10.296380722192517,10.310369947162432,10.312974255008193,233673.87823037384
2023-11-08,10.032960340535968,10.163184637733304,10.021447410066784,10.022853306921723,10.023914144658884,654165.2698195158
2023-11-09,10.319753246407496,10.345446091488451,10.278361464040762,10.314355246459664,10.315677863457836,96441.38935984236
2023-11-10,10.27491494029162,10.260820008517936,10.240928334006917,10.256725169886636,10.251745526048442,346441.0197078772
2023-11-13,10.917838573729153,10.97492284219994,10.903495215795443,10.911190818228777,10.916401304437318,215787.19578175465
2023-11-14,11.090118410896862,11.208237113412842,11.034331517900268,11.093447134815689,11.092221022956824,602859.4892121911
2023-11-15,11.1760754938622,11.174425766363024,11.168673985690496,11.17132749186693,11.171387006473411,133974.03087533827
2023-11-16,11.253229157319362,11.340706242750406,11.191490883368976,11.26500743333398,11.264847189855374,193556.95337664933
2023-11-17,10.455049700989417,10.466950291119629,10.426213698131551,10.458378304120911,10.456907850613163,245038.04383262937
2023-11-20,11.53125493552161,11.602472875898144,11.48770174149788,11.54535484232221,11.544987470801829,85041.71992629537
2023-11-21,11.568377888918306,11.590831551065394,11.541011463691747,11.57910718815262,11.576894114979469,368042.3863918431
2023-11-22,10.858326049835004,10.992505745005396,10.81326698950426,10.855740747776322,10.854970311442798,560350.2709254804
2023-11-23,10.333188934500146,10.403298594842914,10.32047456323794,10.329904831807475,10.33030426918592,137640.21407005997
2023-11-24,11.120363236557203,11.135321444000184,11.079814828239366,11.123620264882003,11.119514491159777,266194.54361011373
2023-11-27,10.98071512260053,10.985567223928202,10.948825949665537,10.983027204941443,10.986827894980426,418380.6028840234
2023-11-28,10.07438300944245,10.155763766321243,10.032163229690614,10.065720338163391,10.06575558433382,172019.8516385019
2023-11-29,10.417059642577648,10.460817738203817,10.354827168048146,10.423301448933044,10.426499774984055,193229.5176167984
2023-11-30,11.07594397173916,11.10714986058725,11.067189323630307,11.090196375881336,11.084556791436755,154655.17102504216
2023-12-01,11.754394216154909,11.779703314298182,11.68930424670238,11.763395556862497,11.762523040508228,286112.9718594743
2023-12-04,10.988394390207269,11.00279512764602,10.96240242669199,10.998035194830727,10.995651572272896,219776.69829704496
2023-12-05,10.598008482213055,10.63989521813432,10.582779199728076,10.616358133275542,10.614880756932822,86858.25222485622
2023-12-06,10.836125896687788,10.845050472005736,10.745132740854292,10.830918116252263,10.834333483158431,226367.2479896069
2023-12-07,11.66491827467148,11.762380659169953,11.661852910936473,11.67191198577275,11.67194366171408,247457.24257054288
2023-12-08,11.500065969526071,11.514932913150831,11.448883446610925,11.494320746065348,11.490571037157617,561790.841347772
2023-12-11,11.782784481338954,11.7841247578709,11.740560064967386,11.77371258857121,11.76763379268674,275257.603249671
2023-12-12,11.274283121288704,11.35560041204926,11.142835944487416,11.250874020942566,11.250709751186932,206932.44096839172
2023-12-13,12.01159800590197,12.020947078937027,11.966368869186278,12.006437407177964,12.00856855368184,373137.98031632527
2023-12-14,12.051800140755336,12.054824010169169,11.949314023717688,12.051357158218602,12.050477809996812,850876.7193574114
2023-12-15,12.210252016191136,12.283245980192342,12.170292503011485,12.21094416507971,12.210399414779928,261051.27117838463
2023-12-18,12.879541713141238,12.914153758423868,12.82399159312956,12.862109833272308,12.864611474680858,298524.9540214269
2023-12-19,12.280295877167152,12.347508609894,12.219989793584702,12.281962247636123,12.28698309637697,616752.4780441842
2023-12-20,13.247234135791736,13.334054602304317,13.18359658831564,13.24536257135625,13.244556048966071,594665.2293406138
2023-12-21,12.544830981994606,12.580766628519298,12.46878276365874,12.52205913424569,12.518971628467396,288143.2472338618
2023-12-22,12.664509780669889,12.68186812703932,12.637579040546424,12.676802502282303,12.682663761407936,1224797.5968339776
2023-12-25,12.826597946463314,12.824516198079124,12.815553515225597,12.816165803076457,12.81477853368257,231675.65749048165
2023-12-26,13.738158365513293,13.812185487128378,13.660580979283434,13.726047212982383,13.729191672035048,455164.384563703
2023-12-27,13.990739353567957,14.047819185190573,13.943835301335197,13.99903059668975,13.999521314170993,53046.63980909357
2023-12-28,13.222197914544523,13.275225592507631,13.15369235694062,13.217421751829432,13.21223769815837,601747.894229051
2023-12-29,14.10320770605115,14.108999769609412,14.096183679004664,14.10173788731542,14.102764799516102,82458.3277529538
2024-01-01,15.090429293938652,15.150905263012834,14.998816341014813,15.08819783968079,15.087676465715363,217241.61768462876
2024-01-02,14.820597130674464,14.829577726662029,14.689486390887136,14.815261013313815,14.8158437672585,523702.4324724004
2024-01-03,13.693271449325769,13.733964474935334,13.576349315152225,13.67664447275971,13.67894296696169,251770.96791197069
2024-01-04,14.452634887212929,14.49174458114526,14.384795230805643,14.454655544296497,14.45203092398162,269835.2003042271
2024-01-05,13.96241488936866,13.969581035594512,13.929318146247212,13.963629180929155,13.964069573573594,194709.82776299823
2024-01-08,13.726551489788193,13.940050344767783,13.70966547001219,13.713346778913682,13.710169852020115,267783.2931432397
2024-01-09,13.339613765264115,13.347700255157978,13.224305837392343,13.329014585814564,13.328943159011889,298149.5587325296
2024-01-10,13.297076651429716,13.37133991435315,13.198235847450734,13.29642854145134,13.29384009522532,172111.90136676037
2024-01-11,13.332867846006913,13.326639599897725,13.24133036985217,13.324566739076062,13.32206292589294,234479.1631955122
2024-01-12,12.754802581434474,12.772479686939668,12.71991281305668,12.746093804140669,12.742940171547035,533813.695820236
2024-01-15,12.702872983851694,12.740124557954887,12.670810671901087,12.717506791122808,12.715291519113636,545940.9262245618
2024-01-16,12.795027252309817,12.84565550867524,12.770949162527256,12.800154511339247,12.797715093623966,300596.5915675751
2024-01-17,12.80069185655426,12.872235253741689,12.691537295833337,12.811682958011795,12.8066684188363,991608.1532149434
2024-01-18,12.979621540232731,13.022231568286667,12.891122743245246,12.96355002338034,12.96294178647719,360645.7270174873
2024-01-19,12.906225665154148,12.907741922620891,12.858824018921725,12.88416873536454,12.88470502782113,366510.5006847308
2024-01-22,13.105528796553813,13.128477811547327,13.040533429701592,13.073815387938506,13.081101783992466,355520.19858883554
2024-01-23,12.922891684946622,12.91431736703961,12.870464710287017,12.913694972698949,12.913375339556769,373497.53014700784
2024-01-24,13.310652738216517,13.40562575659174,13.27967072493912,13.326578435629097,13.326961425387172,323985.1519510519
2024-01-25,13.63905408201977,13.647651117576611,13.633117634451608,13.641898050603668,13.644081640397731,316313.48045150284
2024-01-26,13.214516817035722,13.240965142805615,13.187675337970264,13.207077431670692,13.205731015745354,206390.41902369517
2024-01-29,12.75345055295633,12.80604309190834,12.658894807789814,12.734834800054337,12.736546047155707,257088.262592827
2024-01-30,12.456671724643329,12.50076519339068,12.379130150756362,12.460287438234364,12.454792407938864,124645.40507435356
2024-01-31,12.862163894314948,13.011991393272169,12.853249337893304,12.877327841719875,12.8765595096131,901808.3924362044
2024-02-01,13.240016224121362,13.334250411624453,13.176299419079688,13.277300471773485,13.27799077730446,218312.8118046449
2024-02-02,13.162231528663265,13.216353115810488,13.072916323014857,13.161434252944348,13.15857653199309,361966.3756587893
2024-02-05,13.326735563175207,13.401320425286992,13.320875699158425,13.323178513431516,13.318933689170333,342475.4493644253
2024-02-06,13.70756405819929,13.781923133716118,13.62917352355104,13.705823318513405,13.698134860007116,150870.58763880964
2024-02-07,14.18888620521798,14.257911217850763,14.208195507041514,14.209697184919772,14.2079677781195,907210.9935276848
2024-02-08,13.422566290114592,13.534169260120873,13.346898153123018,13.457884110394216,13.456797891034036,156633.37723813285
2024-02-09,13.725084597093684,13.815826059666303,13.614744482468126,13.742667903001944,13.750722865612184,80620.40537672064
2024-02-12,13.402679839356768,13.430891940495156,13.386710402932732,13.405553072714602,13.40495870474377,286045.17624682776
2024-02-13,14.090877811524114,14.185039576761104,14.021209940043924,14.071057352241008,14.077319439282666,744096.7678309066
2024-02-14,13.766009082182766,13.802238062145566,13.759184778264409,13.765285260018487,13.76700604577684,274820.48273733654
2024-02-15,14.510686319441362,14.619730492876904,14.49991218759927,14.50374136385525,14.504827677051198,161503.06287432302
2024-02-16,14.822770154629302,14.909188264109888,14.81622682356839,14.84096987968656,14.838397399523087,598739.2409821119
2024-02-19,13.697335963864411,13.836925932170669,13.657083645839206,13.685068776452296,13.688545428023705,393462.6033898316
2024-02-20,13.255142063644763,13.294545577849902,13.18173992465228,13.25559786746443,13.253788973660116,227796.7958227989
2024-02-21,13.382458176653362,13.46381126076792,13.31798377307723,13.35931019093353,13.357899371581004,559876.1755725784
2024-02-22,13.75013788668497,13.81541803959155,13.661100248386129,13.729877509555424,13.724616829236524,407700.6910990331
2024-02-23,14.3176483585149,14.375164086895872,14.293952179567418,14.318181777285862,14.317970270556176,354244.1732205924
2024-02-26,14.769088059093129,14.821096420562943,14.780379924772337,14.793067689057844,14.79835150246644,409415.8087618344
2024-02-27,14.622811116056653,14.717932746652853,14.391608325360648,14.618369249713371,14.616490318669598,1247767.5844732798
2024-02-28,15.093516197675218,15.142436408867823,15.0793165601692,15.107332446719433,15.104308867344244,97550.16981997548
2024-02-29,14.18331828185187,14.323125757486643,14.163634689123636,14.1835718045527,14.180227357702186,426468.9136413988
2024-03-01,13.63466335196664,13.6811460310271,13.61315691118225,13.642554032039795,13.644388776131258,742720.8523701167
2024-03-04,13.907496041928836,14.038994003859251,13.854776599233208,13.898502022226324,13.897319110577689,83550.7533189707
2024-03-05,13.127486737364322,13.21063323486783,13.110579915691204,13.12897110050202,13.12386029002956,810018.6780752917
2024-03-06,13.580071261126426,13.6047129518046,13.47192067127273,13.56645026463767,13.569140890314909,237067.43784223357
2024-03-07,13.701320319586156,13.737763808366468,13.62355546524618,13.706498867228955,13.704785264231262,86010.83821631144
2024-03-08,12.763699491487088,12.951161905336171,12.715822701707229,12.758727118431688,12.759421576025323,280712.6798458979
2024-03-11,12.673067327616076,12.694167878542908,12.658797001237216,12.672765675883696,12.680044509287663,86705.75525526381
2024-03-12,12.461731755217578,12.458390973104072,12.333794030677922,12.444583259857833,12.45180742911742,120275.85862715953
2024-03-13,13.039074442635613,13.050979191642265,13.001424578055088,13.03688296497078,13.034644757366069,324842.18394933955
2024-03-14,12.51457897326334,12.58309768899268,12.521475417279763,12.529820297311112,12.529731529408398,473181.2040524584
2024-03-15,11.704030767885708,11.81374186312415,11.700376713994247,11.723238712249854,11.724092987551629,2486024.366053021
2024-03-18,11.407318364317112,11.434526151469347,11.336120810982235,11.40323008626706,11.406468311938523,168428.9623255085
2024-03-19,11.101962819389172,11.099587103069014,11.074781811274452,11.097383770741562,11.100376653798548,253022.369255883
2024-03-20,11.617181907601536,11.647186421819685,11.56360906146589,11.623858069664209,11.626747009777914,180435.18581754685
2024-03-21,11.596933218315415,11.633744809899197,11.57209141632964,11.579950482239235,11.580346162460932,320226.09856893617
2024-03-22,12.406551177242228,12.491016419630329,12.363962347989894,12.409766844478018,12.407279072274113,115448.35381101376
2024-03-25,12.24665356688372,12.261803507598144,12.22738001398041,12.240667125222004,12.242709960935215,307553.48467213404
2024-03-26,11.981612486559616,11.977382245701314,11.87678036768154,11.967069247171242,11.966044726386484,193387.4120522557
2024-03-27,12.577141669666842,12.670982623269026,12.535158769220274,12.576095716420856,12.577749763326658,195223.16428430483
2024-03-28,12.352908413826905,12.369821795986182,12.327042656001645,12.354855438273672,12.358121697363726,196621.5113490064
2024-03-29,11.722455754302064,11.795586458033585,11.698824470756795,11.706170207987382,11.704401968581672,450379.95190963167
2024-04-01,11.610432449818685,11.694785315040123,11.55371467949528,11.615297023842771,11.619217126927268,428249.40405320807
2024-04-02,11.565016647643647,11.572899260236166,11.500184268022084,11.539960451904108,11.535989709943728,334591.65074836183
2024-04-03,11.826175334206653,11.849520412035044,11.765659632020569,11.820123968794713,11.8204014974423,305043.98835807736
2024-04-04,12.00690124440876,12.004804313978772,11.929362508464216,12.001509328264426,12.006568625671624,421740.3199321652
2024-04-05,11.412508354664004,11.464733345070046,11.374298617657889,11.39410865774444,11.390295688910976,161296.27262460132
2024-04-08,11.973744199772336,12.04331117530294,11.923512392859202,11.96404978209937,11.963838857856176,186981.186620348
2024-04-09,12.195805556172868,12.246675570923497,12.126304441211644,12.186545136710302,12.18420639730359,175135.37225426987
2024-04-10,11.832383480987676,11.873010557509051,11.782507875944589,11.834384578996367,11.83485155084804,588558.4738835264
2024-04-11,12.050678052212527,12.099201999475545,11.996645630256776,12.036335635084129,12.03639480251425,680289.2014955811
2024-04-12,12.871285471619863,12.884850111732584,12.78492448605903,12.88112177573449,12.889166665409975,466467.9035677236
2024-04-15,11.270589573617045,11.29087869108283,11.206753364981564,11.270165778841784,11.274097101301598,262297.0551921901
2024-04-16,10.883671861190129,10.883739426696886,10.848807060091763,10.876968735762468,10.876824930457262,487290.7473046249
2024-04-17,10.902597602153454,10.92542352627436,10.876059445103628,10.899638699444075,10.90349915488315,257703.41892325968
2024-04-18,10.574884016498338,10.621727961922256,10.539475703246977,10.548044891057888,10.548957223504551,164991.79704922717
2024-04-19,10.445769360492646,10.446479802700452,10.3972666260523,10.443932422711088,10.443932422711088,700230.1251252955
2024-04-22,10.049227020316492,10.075689891316614,10.020512405994683,10.053551779448004,10.05506736565223,313757.8352606343
2024-04-23,9.131154970130758,9.17358140549303,9.073110385509032,9.137443532307666,9.139383904539212,337082.3555172079
2024-04-24,9.63931451180141,9.663952685718186,9.636851717043593,9.64206555973067,9.644687193633349,78442.58863160298
2024-04-25,9.915568104236716,9.898650938733908,9.88172285018557,9.89239227402884,9.88748423524161,334261.5419986975
2024-04-26,10.439273483108892,10.521860273599318,10.337706873386749,10.435138606577278,10.438178845460468,144694.42153723593
2024-04-29,10.541774905311511,10.580763400599269,10.492952547430937,10.530796002562044,10.536894139043056,150258.68436536685
2024-04-30,10.532822543081773,10.62841780137201,10.496741857531145,10.540538941315592,10.542123124166606,535701.7229608808
2024-05-01,10.455334957438854,10.540638067078484,10.3700153152597,10.47314203090832,10.470315907018394,593821.3627130656
2024-05-02,10.10182141231252,10.124283786958149,10.081532090111365,10.112933172108718,10.112093644470152,154148.27327976446
2024-05-03,10.3131919495706,10.366266549025156,10.24513411507074,10.326039873870815,10.32652190537046,187915.01012754647
2024-05-06,10.554408054647045,10.610311465119162,10.52982242828744,10.55958903019214,10.558856284586708,325888.4332795761
2024-05-07,11.261282092717162,11.276766820205468,11.175679946651789,11.253181543734309,11.25286680799458,315223.11701608705
2024-05-08,11.414491784130314,11.432397635593269,11.341820895696218,11.407977739295356,11.411503220695614,454783.57248261233
2024-05-09,10.090355106307598,10.11689659326882,10.032119369198456,10.08200747164745,10.080694863992456,165394.70789439112
2024-05-10,10.917762085378236,10.974764221008453,10.894079458257565,10.920136738990887,10.917054773364304,588537.5775517728
2024-05-13,10.906573137745818,10.993132058162306,10.868328544066092,10.909133783240808,10.913444553735197,143335.28096872233
2024-05-14,11.561681281863954,11.612442622457577,11.558138331764654,11.562559289992487,11.55919922935845,373502.67597014864
2024-05-15,11.693031758295154,11.807039564131276,11.66854425939321,11.693211107091242,11.696954779380077,288243.1676367894
2024-05-16,11.85278054616393,11.863927395411975,11.815066049254982,11.857568140084627,11.86338472801456,567988.6426099536
2024-05-17,11.88845330013122,11.927876423114324,11.829543963331972,11.881964839357186,11.88465143195881,448626.2507716076
2024-05-20,11.241499623564156,11.25944284138984,11.189522756942866,11.240551652454837,11.23615950216102,262155.2642908347
2024-05-21,10.738642097428016,10.739667171897008,10.674744639595648,10.72213952425467,10.724875881858027,237064.2831404033
2024-05-22,10.66117661588378,10.735820967994158,10.656052647699992,10.664959789925712,10.667823026169682,282418.13765236473
2024-05-23,10.149805027177258,10.177082548862128,10.120780239844976,10.14614880440166,10.1435998883464,423405.39178071095
2024-05-24,10.719466728308632,10.811994017466212,10.707129788741312,10.724834698228134,10.724806485007258,189874.52186904408
2024-05-27,11.467203465302688,11.524528337140834,11.340209804821898,11.482961250633966,11.484411976281,0.0
2024-05-28,12.09828094774374,12.124785291484782,12.08623372984216,12.093699044804865,12.099740077975309,339134.50633423013
2024-05-29,13.274342055711989,13.443898074920355,13.233418649144404,13.274480678123671,13.273611198100244,464565.4515761898
2024-05-30,13.55269290767691,13.607504120188793,13.485453877283406,13.53844214715877,13.539422143091707,435357.27936954895
2024-05-31,12.290046934636488,12.31325679908196,12.221897520997397,12.282690703678046,12.285697441509004,108735.20417641434
2024-06-03,12.32490547379762,12.437413624977635,12.316909535163152,12.324666515787746,12.328113768091637,188616.1351766532
2024-06-04,12.55791975358818,12.604043243325211,12.530140617407488,12.562692236487385,12.56517260444339,417986.7939647381
2024-06-05,12.221360626737342,12.246260950095746,12.126100806837174,12.211107981335902,12.212383317466708,721159.0466341313
2024-06-06,12.304871361117998,12.361802139838,12.308197725995129,12.309939163831103,12.306392061806225,614157.3596992531
2024-06-07,11.849031985702696,11.919296170209064,11.8282918582474,11.862938137372376,11.868117367003872,322804.01006444765
2024-06-10,11.540408706457296,11.679254936141996,11.559113886604024,11.56035344657918,11.563372264546112,361164.27976857504
2024-06-11,11.319073704889783,11.35332662018151,11.322160193257895,11.323864602566555,11.328136463165784,164888.87143817457
2024-06-12,12.741651555652,12.826345215734966,12.726947317620969,12.74985684791299,12.751613518940095,312501.9911795384
2024-06-13,13.013401470842403,13.099347532202287,12.973415126524442,13.026312819892858,13.03352379541443,1323387.1686012817
2024-06-14,13.380492926542114,13.39608009997876,13.338007342948648,13.384011506054348,13.37798906696079,472671.9386609548
2024-06-17,13.271648491334496,13.342270021774528,13.215625857885584,13.255122358538893,13.25959377576027,130312.41461536784
2024-06-18,14.565172525329103,14.675345047294693,14.556302633499865,14.571232978613784,14.569726037515526,269082.22044711764
2024-06-19,15.489561143645822,15.476827644213634,15.42354853055635,15.473343212017358,15.472192941727918,560615.0761769343
2024-06-20,15.676704178268343,15.768173783286898,15.570978404001378,15.659707697645883,15.659171789607004,363958.47493359353
2024-06-21,16.383547221020958,16.498665562850455,16.376921087901856,16.412422326734852,16.4066965853819,182919.44135317215
2024-06-24,17.28910930462746,17.38905479916972,17.235680778644777,17.258332176197023,17.2584864061764,137910.2735577393
2024-06-25,17.530484369545,17.540412887421613,17.4734296961519,17.51455702929695,17.513941616240686,255456.1658550548
2024-06-26,18.897263248476243,18.95037112469504,18.66833031708451,18.905656796429923,18.89951167362661,383918.2147058351
2024-06-27,19.754706498362744,19.94441218943188,19.650148639775225,19.77654752967881,19.77911457434738,921299.5175116037
2024-06-28,19.63978064425846,19.71972491541066,19.614987176122096,19.645482531908947,19.64268085375204,289387.95674503513
2024-07-01,17.407650174167536,17.411962480405098,17.379020308385993,17.40430404828026,17.4006726779621,135979.95485481503
2024-07-02,17.56581414781827,17.5522258290403,17.500906719617763,17.52013538350049,17.522031767727544,901274.8257462272
2024-07-03,17.47238201675296,17.481963164100524,17.326006978617325,17.458016886981635,17.458500148220587,254773.4370266584
2024-07-04,19.18025977169753,19.23880397805915,18.992323329509794,19.179460353448075,19.183248131845676,267089.7493228134
2024-07-05,18.56460376672503,18.683470380548563,18.51437559313645,18.57653001388636,18.57974944387078,373027.4511568049
2024-07-08,18.082276006649128,18.16731059220536,18.084952878970167,18.09687863422767,18.100015618662507,739384.4994718438
2024-07-09,17.03260600602543,17.13446719712828,17.006295163122434,17.042458994921493,17.04147830562117,525542.2669555537
2024-07-10,17.791715345016495,17.851860005305237,17.718596534121115,17.801486015526333,17.80092387572946,289946.9657014184
2024-07-11,18.08803932824369,18.126950560780354,18.037062666357496,18.06276582961965,18.05974978577608,413588.9044631816
2024-07-12,18.07623072890591,18.116464522876345,18.02035432972273,18.068500376983376,18.061332957347435,94522.41927694494
2024-07-15,16.52951372259137,16.592062671663445,16.483299754167753,16.53101445546282,16.528036186550164,103625.19371672136
2024-07-16,17.205266212622917,17.30060965024604,17.15666321118669,17.20437621139665,17.201604303619916,387114.8310580497
2024-07-17,16.981048931109466,17.20589539331686,16.983918554662754,17.014305082370033,17.00968826633955,342039.4785664494
2024-07-18,17.71294106148573,17.817132465849184,17.646988641926463,17.69887201292019,17.698686550222433,253308.5873084162
2024-07-19,17.727662615649198,17.754567884842576,17.70244514540476,17.725141113443808,17.713925359486055,195344.2772937369
2024-07-22,17.795481233747807,17.90917612741466,17.793798865102534,17.79465460124972,17.79119027322849,469245.7095787004
2024-07-23,17.105613189487865,17.14795734949521,17.058499488241125,17.09454818612177,17.10552948698626,558707.6981365056
2024-07-24,16.91952971056429,16.962260144817492,16.733926954477763,16.931970142646062,16.930179697383796,75353.43934319052
2024-07-25,19.0198066770868,19.05179072664534,19.02398251832401,19.025611527703006,19.027426457277397,242691.8834645396
2024-07-26,19.631929434630354,19.673760021910383,19.54313874156882,19.633017188493927,19.627654765635448,785038.4448564275
2024-07-29,19.86252360678308,19.80863088938624,19.73635456954782,19.803257692784342,19.805448069361518,99084.64869845376
2024-07-30,19.45119729625159,19.573507471291677,19.275619669385613,19.43872384842828,19.43789961387519,501646.5831942607
2024-07-31,19.71671613094088,19.773097676401463,19.689763433370665,19.721393957715414,19.722812746703752,355436.6262630713
2024-08-01,19.591083619513597,19.613078284220407,19.520257245801133,19.599861622008383,19.598914525314623,611157.8950170756
2024-08-02,19.172485764712643,19.33170186000281,19.102908918406943,19.178112836944425,19.176992259524614,438917.4619762312
2024-08-05,18.3288593715788,18.571529758844807,18.33057931638454,18.34554919576679,18.35113099673028,357891.5224958821
2024-08-06,19.11222793363976,19.25117397446561,19.0740541088058,19.11062607153927,19.11257264928608,184170.34484365612
2024-08-07,18.035127219343305,18.097685325015608,17.920381131092444,18.04411070735213,18.04411070735213,67967.80764193153
2024-08-08,16.278668647779092,16.290924387769675,16.263094049513963,16.269251957038357,16.262859265273327,302649.5556065103
2024-08-09,16.95455921733824,17.04244374188493,16.87894264540167,16.969486816278668,16.963840832357093,279606.02558357816
2024-08-12,14.888972658945082,14.926093348526264,14.860021286817148,14.922275455245794,14.923870745405226,242342.21473958524
2024-08-13,15.16184100531654,15.23568526230012,15.136587360367416,15.174751030046728,15.175859441422784,149160.16745761462
2024-08-14,16.22111672103955,16.379263776185333,16.174929212757288,16.24137987049142,16.238517050728035,242925.4347403099
2024-08-15,15.606625099716094,15.673665223312424,15.576282993041916,15.62419598356267,15.62218650997414,102585.1981042716
2024-08-16,15.731620819319588,15.796315093127578,15.680159439362043,15.743180857636476,15.742353523510204,434882.064727878
2024-08-19,17.000649920962058,17.08811276978121,16.951974118545085,16.982946972350916,16.98487484210678,686830.1289022991
2024-08-20,16.828736773323627,16.91564688070744,16.795492950186734,16.81796011366882,16.823418472565578,236960.71102858504
2024-08-21,16.433030478659212,16.444688623746305,16.35704305019646,16.40139969477247,16.40906343081895,104943.1669247591
2024-08-22,16.845516639763304,16.891765468388915,16.634638198878534,16.82324266829772,16.81748859796645,602324.7835425882
2024-08-23,17.70117306676966,17.707870802045154,17.658411972508677,17.681201006621365,17.687120973246994,606654.3045358419
2024-08-26,17.501502988085527,17.637227458375516,17.475202074246106,17.49973927082569,17.489859784640426,166396.14414783285
2024-08-27,18.016097799296976,18.000653796077334,17.810615259588033,17.98803067526266,17.991682167673222,257791.87923026856
2024-08-28,18.227346215958644,18.30805791449088,18.17275268307329,18.19695372522472,18.19671886841495,243806.2530986821
2024-08-29,17.587369773838372,17.64645099856524,17.591413439362608,17.59720788623924,17.59210426439736,283059.00868654554
2024-08-30,16.26695748429752,16.370995441184316,16.23487696924533,16.276600323590298,16.277443238475318,295635.0495797364
2024-09-02,16.335151118763665,16.44911770005246,16.13580708347842,16.34257634869676,16.343231857828048,199751.4050685036
2024-09-03,16.89745698577102,16.913212705070354,16.880635084072523,16.88515386814704,16.881197959303393,203419.52923326468
2024-09-04,16.706561533897055,16.67985192145247,16.65249041172829,16.672104579387216,16.67478506513726,378170.89377321786
2024-09-05,16.059278415285046,16.086524767584457,15.9897237053516,16.065271524826642,16.068359928201303,453253.8373035317
2024-09-06,16.320999199877704,16.349967026783265,16.324055175370844,16.338173708357488,16.33584542734128,639277.35032875
2024-09-09,15.028994328558682,15.153446096809716,14.944860296949392,15.058230446058918,15.063384411931702,176817.6549832227
2024-09-10,16.379214762452207,16.37287990426946,16.26939584049647,16.368821396877987,16.367273802841872,192365.3326580449
2024-09-11,16.830367760788143,16.826249577561004,16.765581315052128,16.825815322879617,16.828751917197874,85977.95470517599
2024-09-12,16.399965719980774,16.491393306315572,16.35980443477198,16.368397440477786,16.363286906100747,114907.33529119448
2024-09-13,16.14517211106369,16.29846194900271,16.13300346505189,16.133697417859214,16.134324124928405,226476.3245324395
2024-09-16,15.553409358934214,15.584204810907922,15.543969798895333,15.55611814071183,15.553768120899052,223813.77236251644
2024-09-17,16.19640710972675,16.264911696137457,16.202310194025543,16.220176463357777,16.216866077099546,304023.1816653108
2024-09-18,16.414373413252502,16.47609862915422,16.31347553897023,16.39673700912065,16.40004464761433,221811.96231402495
2024-09-19,18.14489712877432,18.204929266846403,18.11164933168316,18.133162298740505,18.138730101802054,253929.93311031949
2024-09-20,18.787786670034336,18.789667037101367,18.728775131205584,18.745847870477284,18.748077380220067,161612.36599842232
2024-09-23,20.19110886487988,20.28914821595269,19.936046860834956,20.169794273160694,20.170316396830223,308734.76293461904
2024-09-24,19.673191026105457,19.70318224590625,19.57771946469957,19.631593184242007,19.634389600204887,404325.2808841349
2024-09-25,19.29546071608833,19.37682629467731,19.159208753738955,19.27959809619075,19.273954231110316,253036.78492595136
2024-09-26,20.567231875853835,20.60734637941488,20.433049462072347,20.55849864087116,20.55338017199397,148589.35265290158
2024-09-27,20.8618572245584,20.923643177585845,20.79877525994237,20.826864713273384,20.820935474237807,910119.2455450508
2024-09-30,19.78667163372833,19.8869732908764,19.71501610968461,19.777848494620983,19.776181977730506,289214.7270385642
2024-10-01,20.301864914862808,20.353807087169084,20.22696001073237,20.30274111561049,20.31060391129341,105286.43557454362
2024-10-02,19.80087296005262,19.87182504078475,19.673754077163277,19.811904735199537,19.811904735199537,419395.71471614303
2024-10-03,19.701207309852748,19.702080647549323,19.61320614249971,19.687181278321788,19.681423737076823,195510.77390112035
2024-10-04,19.587281214155627,19.681859223324217,19.43633862232856,19.5723375745408,19.572247143148815,79369.06618506963
2024-10-07,18.45294095728195,18.507568578443443,18.32674265348763,18.45889269163944,18.453359521700964,193502.12864017588
2024-10-08,19.63859427682568,19.687666143851384,19.550194527065912,19.669265049022677,19.66826651994983,439214.8752913324
2024-10-09,19.972178192984828,19.91711330957868,19.812579820685784,19.91397954974615,19.914213363502625,146639.7058206257
2024-10-10,18.76329499087348,18.850760124929334,18.76591162979944,18.795254858967397,18.798704685420624,85183.4296156911
2024-10-11,17.39338041559499,17.493297903212053,17.317999466487052,17.40624441094741,17.409848570644947,198200.0071128593
2024-10-14,17.94871228979799,17.955314043708114,17.861558590808897,17.934724365742845,17.936528653945505,624030.52952726
2024-10-15,17.685858760620853,17.717394066824653,17.604742486865124,17.66992627992607,17.67260941101716,66349.01280414406
2024-10-16,17.921835565324475,18.0022230706063,17.86324939374858,17.946647116063186,17.945407659951027,216869.2052424107
2024-10-17,17.560638100503677,17.669119119113866,17.436315019452845,17.552887968963415,17.552139301766765,222145.8769570014
2024-10-18,17.419438517358774,17.546661911090904,17.317392235914223,17.409205493607413,17.411586510439744,713555.8705205538
2024-10-21,17.43958264382035,17.527221818650975,17.360282772908526,17.42190957683198,17.428902483427247,283727.99286952073
2024-10-22,16.42090365135122,16.459260501709984,16.364022356267512,16.419306641002912,16.41127569170832,140110.87445620794
2024-10-23,16.9849885193752,16.9940914757219,16.967010528651812,16.982004664715816,16.983204086859896,197284.11518833408
2024-10-24,16.576438384940122,16.68268433940167,16.509076083927212,16.576244316664877,16.57582191520751,334936.211745793
2024-10-25,16.44154589673854,16.476240172167046,16.41493769656776,16.428511167633264,16.425526093735886,183535.52909053664
2024-10-28,15.373864096774955,15.364005659200714,15.361383042323306,15.362460511569331,15.36086394713053,148474.66724120162
2024-10-29,16.49657257445132,16.559991656485828,16.490338348032896,16.51908076643888,16.517739452062347,287967.8092476355
2024-10-30,16.04564002495417,16.160860061773725,16.015277939598334,16.03000488810697,16.037141997267135,312549.6564378743
2024-10-31,15.19338189729786,15.315939541965896,15.107772154380552,15.170033728270594,15.1739725808323,374392.444351368
2024-11-01,15.915023418879311,15.933108806356984,15.858926863773307,15.902382743786871,15.903529714263406,167460.3957789695
2024-11-04,15.29716118067735,15.338634555251597,15.122429854131862,15.283198741491256,15.285133621744386,188105.59703226996
2024-11-05,15.834563318684912,15.834397224936376,15.680019114597822,15.817015671957646,15.812410004509832,218548.2719615485
2024-11-06,15.68826060590246,15.725537362006095,15.579887954100528,15.643915881445242,15.63817091315461,211884.97233821487
2024-11-07,16.136076041630233,16.139765852811475,16.066817407297098,16.131002439768935,16.135931794547833,187238.7577855048
2024-11-08,16.933250856836022,16.99419750621219,16.813669349946085,16.92047946290317,16.91427153113088,211112.2918596811
2024-11-11,16.6828840317959,16.912959931402455,16.6764610090105,16.69487302492829,16.694942098961977,145038.72470298395
2024-11-12,16.993247254104823,17.024962318313687,16.76136026619733,16.98868455615348,16.983566106695196,418044.2851932313
2024-11-13,18.38853309605508,18.535757729359688,18.339692345446057,18.394869465611496,18.390137738395087,364295.19294437167
2024-11-14,19.59479680700276,19.704870559759083,19.55950261337717,19.603670183688216,19.600780995111418,344233.02311942604
2024-11-15,19.08481205111014,19.227157607367765,18.95220186679181,19.07506931836657,19.06564624968858,431209.769811184
2024-11-18,19.454094913133083,19.55986897425962,19.234305023326943,19.455065865075987,19.44898561586977,888997.2409797315
2024-11-19,19.35485623476992,19.4707730046246,19.29470844986687,19.352114622313223,19.36274941768232,184362.58674237036
2024-11-20,20.06456396753264,20.09019575659412,19.93963808887385,20.066648817544117,20.06026946037549,416079.3093874921
2024-11-21,20.167402019803276,20.290049532438825,20.062284303044517,20.160918061942876,20.171595607924925,58492.6623319182
2024-11-22,19.26886212247473,19.358797935734906,19.24873038692618,19.263427636803797,19.267483138729123,88570.89035106527
2024-11-25,19.93232794528978,19.94062015753401,19.88092223340068,19.92899549511137,19.928428224392547,224341.63126426545
2024-11-26,20.886632115105115,20.99080931068335,20.848410287165013,20.93164938004397,20.932384833888676,377170.1268807447
2024-11-27,21.21915408393485,21.362933641334354,21.182479168094364,21.24255210047402,21.25080984046691,309996.1816171215
2024-11-28,21.55779229628809,21.610463689124646,21.526906045754124,21.57087294055216,21.561530989908064,317631.9802803419
2024-11-29,22.50243929450971,22.75282712459325,22.32034003767977,22.527036704549616,22.52902319454044,226104.4013865102
2024-12-02,21.675081894975825,21.708449037347112,21.65716255028034,21.66490847076425,21.66562103763729,180469.64917401707
2024-12-03,22.355808655863832,22.383027160211142,22.262594070059414,22.324745078533947,22.31032937907708,214362.96468079067
2024-12-04,22.689766294607256,22.70092855474345,22.632837539763784,22.669350021998643,22.66813249856184,328104.74641332094
2024-12-05,22.66911229323192,22.735506957979503,22.6070608493779,22.701769844313343,22.702788079460497,767020.5245385071
2024-12-06,22.249755622256163,22.265711993488868,22.163533422805585,22.254642006046268,22.251740383554363,122039.2047948912
2024-12-09,22.537716709211807,22.77643372463149,22.38992258867385,22.526556734879183,22.52914409582947,240356.38270863265
2024-12-10,22.00437193679485,22.07947426442633,21.90266601888595,21.98392720205698,21.988467848598173,375593.95642536593
2024-12-11,20.254738202935197,20.317838889432107,20.27913792317812,20.2801651994688,20.27711859725545,765317.4831358191
2024-12-12,18.905558117774607,19.122798122651854,18.878167872648643,18.922932069793863,18.922295685305617,244454.93430132387
2024-12-13,18.888264750809853,19.01142049186488,18.873049819392925,18.91075160624094,18.91053631373378,146842.50455420263
2024-12-16,18.805723885753267,18.9791750514023,18.730395348256263,18.83469888001023,18.832624358408395,466585.8005581759
2024-12-17,17.611125995555792,17.62574763997296,17.60822493416604,17.617999537888682,17.624706511489283,204968.9812007964
2024-12-18,16.99236260972001,17.01455502246772,16.93674180047418,16.957979534852388,16.954530266704502,0.0
2024-12-19,18.07002883324037,18.0976160608278,18.031601060443933,18.051237988572986,18.047942677089186,610973.263166817
2024-12-20,18.58330868733023,18.62412782355706,18.56748241295957,18.58313270721449,18.577995547376496,65766.35852592789
2024-12-23,18.13192688037118,18.16377337348177,18.104411068578173,18.127539936747933,18.11380614901255,196656.65516772764
2024-12-24,17.20660441959024,17.22125483183717,17.138734797410155,17.205176054123367,17.20565779565621,668334.5399617921
2024-12-25,17.03242714286187,17.138577876188847,16.888727508004973,17.030046730754005,17.026550479571053,117219.25400234608
2024-12-26,17.122495317644585,17.117447921882757,16.970973976500485,17.115836945023876,17.117974034005442,410414.9233641713
2024-12-27,16.572844458085576,16.598746379956015,16.5483256877352,16.595769471994704,16.60342789721928,323586.4311475247
2024-12-30,16.623932547236322,16.722927314721126,16.41388783148104,16.621814612542146,16.618189984787787,307551.1782980353
2024-12-31,16.67610575089327,16.698156942167113,16.556596207920464,16.667727104126705,16.66518242141699,512351.7474012927
2025-01-01,16.729747360594427,16.757803907397218,16.649095648705305,16.730928280311918,16.72605188226341,105309.17742706471
2025-01-02,17.661186344638338,17.697421835582354,17.61792336433509,17.65983954290334,17.663672116941967,302502.5282686372
2025-01-03,18.53205655726621,18.662841724809383,18.510769550007545,18.54100555285753,18.53955874500759,155425.9818996451
2025-01-06,19.655974210309644,19.671132885422335,19.60015141004942,19.63402561995038,19.641176460952945,164036.42977867933
2025-01-07,17.93495464667087,17.956794171727818,17.889682081009465,17.941152384418785,17.9518640247578,136932.34868123583
2025-01-08,18.1389825647074,18.15169472918599,17.988384833206517,18.12612341293513,18.128719629542875,340621.3434635566
2025-01-09,17.074721495294618,17.168118029770596,16.986492524625735,17.051801441665457,17.04958918505721,314071.63673601975
2025-01-10,17.30910784328709,17.39125982866206,17.227063626699767,17.305052786057836,17.29492898860748,517123.4698781536
2025-01-13,16.862337073812874,16.94047963202037,16.834213164475262,16.857993786104885,16.864284622011308,633505.4688995427
2025-01-14,16.492733769296695,16.50534308775402,16.468142578177694,16.50194574120218,16.508902799125067,462544.22852100537
2025-01-15,15.523157064304208,15.642177072661624,15.409862845665844,15.509814789322926,15.513260278019082,347766.3973791515
2025-01-16,14.83611567071545,14.829382566270258,14.75500368801447,14.824412051339342,14.827875013980432,443160.700840794
2025-01-17,15.255532204782105,15.321325528549352,15.153720612219786,15.266573410583964,15.271051937855852,183380.2206297764
2025-01-20,14.68677197570704,14.708961006032752,14.666077256381786,14.690469907464172,14.690469574663323,258704.3480564733
2025-01-21,14.281566254430045,14.295238351075136,14.283020366339947,14.290963514613695,14.289829554891048,199532.31272825017
2025-01-22,13.307854872945835,13.40778606287748,13.300014608913266,13.321275548288304,13.329656433428909,131975.76017413512
2025-01-23,12.792281521647896,12.794590241511,12.724105734790164,12.764390445568027,12.764599652657656,264175.51522746874
2025-01-24,12.341076319780374,12.395217810124825,12.31171307398015,12.332727425991925,12.334939032206638,199268.653635442
2025-01-27,11.929364686846553,11.968837607402712,11.885901803453438,11.918656986215204,11.91448345778118,311697.0181095192
2025-01-28,12.693125905055604,12.705180314547071,12.68214366804433,12.702904726579636,12.708667100337005,459766.6917039983
2025-01-29,12.317578713747537,12.344612705379346,12.217091624535078,12.304120508630875,12.302778610217906,251708.3991865161
2025-01-30,11.671425219938312,11.690467343971536,11.661663873170903,11.673658329782867,11.672543984454952,169337.91568112298
2025-01-31,12.10908806094345,12.1801063059661,12.072816081019065,12.11445897077954,12.112381925020284,350509.94813937193
2025-02-03,11.848111620353263,11.862292813905244,11.798586276547166,11.85664344021392,11.855386501607368,378986.1625458133
2025-02-04,11.503733005208888,11.496259282011527,11.462783702231892,11.480723194391611,11.481737694461316,142790.2989482394
2025-02-05,10.994344126316602,11.04721548512954,10.94690870525855,10.98001991123783,10.977383380238756,262793.0001564936
2025-02-06,10.823076731971108,10.861595793879443,10.768890874125754,10.838677662613843,10.837977877630678,450224.5495728811
2025-02-07,10.25716319910642,10.318015952241533,10.222503819080949,10.279461057546788,10.281719569275223,295425.7726470753
2025-02-10,10.036227060276968,10.091991664467704,10.000216386680815,10.034180982508214,10.035024188527975,215620.21931387245
2025-02-11,9.943475137023825,9.93800889843696,9.84962055929177,9.929030452080475,9.927466481668768,318168.82335533225
2025-02-12,9.945905371142969,9.96964579751866,9.918232059111482,9.938097864444185,9.937720671609892,281471.11497148
2025-02-13,9.09017756670202,9.122998258166296,9.039416635884455,9.104787656850908,9.107697590122063,461789.0118140575
2025-02-14,9.677844138536535,9.703148674553375,9.651418401179296,9.68249244307862,9.679546399244568,326737.2213758557
2025-02-17,10.146293945305487,10.190068812731882,10.118853119454776,10.168919845004744,10.169223380416351,1112346.0081456625
2025-02-18,9.575527331160568,9.598554729483558,9.58081452884767,9.587251292619229,9.583125021846378,139862.48946323036
2025-02-19,9.69730415714741,9.70936509873848,9.680043987480913,9.683981231931456,9.683085664519048,599913.6570053354
2025-02-20,9.9587874291235,9.940619793827592,9.90490237572348,9.938463160953008,9.937873451064494,314843.4335515103
2025-02-21,10.013462500183907,10.054050649364235,9.923545096152615,10.0136150191363,10.01633130766495,382303.9983387533
2025-02-24,10.60026213492075,10.69248373979186,10.539281336209273,10.587638992845807,10.58589041794909,367955.2447118103
2025-02-25,10.854861093228909,10.88978318627185,10.808536959079868,10.87165500722228,10.867731316856895,93977.10171723113
2025-02-26,11.010027684092767,11.01981419355108,10.945679208088244,10.99435721105337,10.992109559673796,134676.06230008983
2025-02-27,11.647164310572366,11.685010759210549,11.593347302578817,11.669925511545092,11.668941503139022,171099.33589190317
2025-02-28,11.420929876578391,11.47581746185404,11.36552554988588,11.43199737275588,11.436594073616588,252563.04182992005
2025-03-03,11.164759732329928,11.191814830327,11.1595081201579,11.180022496196685,11.180911041707294,187244.88627286511
2025-03-04,11.116691835772407,11.21550226970746,11.051138323272628,11.106603993911474,11.11249378870948,138253.82530811144
2025-03-05,11.19054825505228,11.21582687616852,11.120328982916003,11.1973130405622,11.197140224072472,662642.6999859735
2025-03-06,11.743467965728945,11.750845892461347,11.701553267084892,11.722595846401266,11.724472916838126,213361.10255734436
2025-03-07,11.095229345178184,11.195035598039189,11.091768156626053,11.102636603443012,11.10084195110166,189420.7278836352
2025-03-10,10.855909983932868,10.913528711197747,10.795331406726795,10.862950823184391,10.86449928962403,394337.8085904999
2025-03-11,11.062732902739423,11.12093064406057,11.03510516885781,11.05323689919268,11.05213159962279,107371.34789662952
2025-03-12,11.319039089649335,11.41805452670108,11.243950708501728,11.337860442168546,11.340534950407232,618621.480882068
2025-03-13,11.723928295910447,11.76998880222044,11.720790664956109,11.721608705917555,11.72076714977334,120231.197886975
2025-03-14,12.176808432851765,12.18092826886214,12.168157656207883,12.174852714391948,12.174340069700882,302244.7722246177
2025-03-17,12.569541399774232,12.5940458515162,12.572256253766598,12.572429948946404,12.571660338297711,152335.57502380395
2025-03-18,13.227551991775062,13.246926555065263,13.179225978707722,13.223341230539068,13.226647956932,600346.6577225365
2025-03-19,13.44826059473412,13.554594904581869,13.405448830542989,13.474260554807298,13.47366457289854,153441.20779043267
2025-03-20,14.160125373708528,14.164273158975584,14.096795748225473,14.147794099723288,14.148020168941898,800477.9632876439
2025-03-21,14.928102166430504,14.976565055792785,14.785948148423094,14.93657755295146,14.933211641826764,0.0
2025-03-24,13.76122259696906,13.84996846273078,13.766618226856016,13.775331649472047,13.776194040878648,169593.14717985233
2025-03-25,14.554928727824434,14.606249396116764,14.531079731280766,14.546611468452936,14.54558197487018,968825.6967591367
2025-03-26,14.497480863256094,14.635085372842733,14.394048314065572,14.507215734975183,14.513136853997011,308070.903035888
2025-03-27,13.8336859135431,13.932157473332738,13.700837487335091,13.82334733953379,13.82090853343171,352900.38988298527
2025-03-28,14.765337990869089,14.836795562128358,14.69273078427324,14.741202823055538,14.741217630596193,331669.36590174685
2025-03-31,13.85598585759251,13.926383702770474,13.859941857020006,13.872556587410989,13.86944754578783,211098.6651773682
2025-04-01,12.91222607040338,13.009564867473625,12.896438358835267,12.911945251268868,12.910093078674551,126244.91629566828
2025-04-02,12.508086198410682,12.580496826424396,12.499026775185843,12.531719171513188,12.529531644080905,255132.51551747415
2025-04-03,12.3099681933713,12.315748452409489,12.241612559718066,12.300618351488172,12.30121261586807,197071.25071849616
2025-04-04,13.640430594780044,13.683403146649718,13.616266637376254,13.64998250047224,13.65204286850062,211063.47593269308
2025-04-07,13.623413470284891,13.658525399100617,13.599194999226006,13.62998896369094,13.626405165641971,424787.624405799
2025-04-08,13.751185145093675,13.795306872643268,13.706727370303124,13.755277093539874,13.757961320017516,746705.5083474317
2025-04-09,13.825283395828642,13.926492232088403,13.808117885389334,13.84603269863443,13.842434185941231,110406.48697261092
2025-04-10,14.123124450264916,14.125951324516114,13.959851821688776,14.115963433782207,14.1105083306027,282238.4030787731
2025-04-11,13.971472617171749,14.01913962112472,13.946752450111584,13.967256749804958,13.961041980670556,111566.25667895892
2025-04-14,13.615344768372356,13.61375300056732,13.538145656607307,13.596888917615146,13.5995523476651,193814.5851918877
2025-04-15,12.555175163282684,12.585156850954707,12.471783646105068,12.573146260652637,12.57565642939968,1337901.9896281683
2025-04-16,13.954734795602024,13.985768027571911,13.966576120900232,13.975571085747248,13.974617434477528,254100.68336399557
2025-04-17,13.93751983694574,13.926083581586091,13.868585095191532,13.901560053215656,13.904471422248305,213391.54320256048
2025-04-18,14.233309491048612,14.245287371149132,14.098402178683752,14.205196678214088,14.201986893418129,89047.53719206645
2025-04-21,15.578511366360544,15.62076528847798,15.481850146657202,15.56023891761544,15.567453008370116,310538.2558751339
2025-04-22,14.66094053941164,14.751829822266386,14.577467598862825,14.647243371522082,14.642448072123775,208719.9439485765
2025-04-23,13.471378571313483,13.49822168233288,13.410335950895782,13.479322309037578,13.4775288019846,411668.57930006215
2025-04-24,13.11315969878492,13.14571065028959,13.00478759905734,13.113240189418756,13.110779165836734,251579.53382033613
2025-04-25,13.232499837536226,13.300346758334213,13.1629036854651,13.214240967065813,13.215580035066113,268512.32240044547
2025-04-28,13.374816710200982,13.416368594610692,13.348537306508948,13.373146376642582,13.3715284206607,241605.3131067264
2025-04-29,13.805492224666937,13.880061798505446,13.80073232234866,13.801521464900937,13.800687894059877,158873.08048710035
2025-04-30,13.095026012721457,13.200665067056104,13.065130631697963,13.120838225253635,13.117576554367073,166626.4488385226
2025-05-01,13.199402103522315,13.265605870464489,13.18268394761809,13.192234371987343,13.19153535242404,260291.0047945816
2025-05-02,13.904318708534344,13.950167513211868,13.851544125692044,13.876177179025186,13.87799022392713,159493.37697173312
2025-05-05,13.07330742325978,13.09520072099301,12.953349698094517,13.076408476389553,13.072834145710084,243345.62013037447
2025-05-06,13.373769120493368,13.49259182223017,13.390949993383565,13.40339410457082,13.40342564855192,691219.1912920433
2025-05-07,13.129611130758486,13.115453816288005,13.10367754925835,13.114818606681188,13.109011655444672,271987.2456574375
2025-05-08,12.819572308454925,12.822301380467469,12.768392896822926,12.819730288110454,12.81752289389002,204704.8568918496
2025-05-09,12.798980869800822,12.863591377356691,12.741705051837766,12.791957039220216,12.797969770465548,665089.8690980256
2025-05-12,12.833538085115448,12.85837001972397,12.851169693391746,12.856643420645144,12.85598842513859,254595.9278198135
2025-05-13,12.193909954980407,12.20633665304642,12.130502025346944,12.19079219078054,12.190393495108545,350308.6716591086
2025-05-14,12.150231143856306,12.27188787437828,12.066764963260333,12.14594492839884,12.13829067520718,116745.37479559748
2025-05-15,12.188563293223098,12.28840365053239,12.14586979688445,12.185506600998009,12.180238711643208,593610.1304828027
2025-05-16,12.09356652179449,12.139851333941088,12.065655965724204,12.0943837569842,12.088689345300104,107620.60909073116
2025-05-19,11.824633151007005,11.84167077947653,11.757490149206197,11.835952949092947,11.837952277862044,95099.74979532164
2025-05-20,12.013083533398676,12.04156116866736,11.995316905780776,12.032274143848031,12.036613432985598,119927.20268258768
2025-05-21,10.7752169115072,10.785149788590338,10.773305039631188,10.77586636008015,10.777017606342897,470134.23474774713
2025-05-22,11.730243032744418,11.760259119973805,11.703506840237957,11.728477959091071,11.725964781561544,297190.7444822247
2025-05-23,11.860960788502986,11.924977254662082,11.789072664312446,11.852823795758288,11.850072826807589,152063.8444377699
2025-05-26,12.434087722408522,12.500197029184392,12.393506678283964,12.419832569700434,12.420550402023563,215677.3640834532
2025-05-27,11.589329180345466,11.629698748814366,11.50090748233784,11.594215232985627,11.589930957729829,106314.23042411516
2025-05-28,11.213534242320163,11.334187323579934,11.163598400355514,11.21672547134418,11.215965029208643,343056.8725546021
2025-05-29,11.528308599411634,11.568535000045246,11.474007055150956,11.534107391164271,11.5323245615319,447156.3723747867
2025-05-30,11.498653322570233,11.551049897547092,11.413583699994302,11.492923369964302,11.492252189738585,197790.667075816
2025-06-02,11.240218951102202,11.267542430336386,11.18749588567865,11.219774544257504,11.217474993148022,347316.6164133446
2025-06-03,11.203496286344306,11.238790905458504,11.16331715249413,11.197552957231007,11.194924775232334,476033.63995014905
2025-06-04,11.24837231542794,11.322836152579637,11.260505497487442,11.262587614719378,11.265072121550936,328981.1898151313
2025-06-05,10.991045552156004,11.05871244039714,10.97269985935261,10.991580542127387,10.989326055953812,437921.3314421322
2025-06-06,11.63637503506908,11.743479550802787,11.599862914417288,11.646502233850446,11.652792491834452,0.0
2025-06-09,10.734652128462043,10.767566825216548,10.699713029356792,10.742216218335836,10.743570495880771,737486.0816968351
2025-06-10,10.250224550867252,10.297623458678668,10.200014333981263,10.250498152954592,10.25044240094427,230179.6948607304
2025-06-11,10.121358259793707,10.20627848019102,10.041567749358732,10.136152287576785,10.135575229995576,436314.987208904
2025-06-12,10.160526571329516,10.159017120270128,10.129501396258185,10.155464237563788,10.15628572564066,313300.97712391074
2025-06-13,10.6043908753033,10.673255591193696,10.609314881257609,10.6204887555741,10.620043902638358,68323.94816232554
2025-06-16,11.045183784765849,11.153101133913564,10.999112887569432,11.049376826782536,11.046489334384685,535682.2281620535
2025-06-17,11.437075672669616,11.4598647045613,11.41192539621446,11.433176932219402,11.43364947873494,258105.94934462075
2025-06-18,12.251214082125264,12.292091398300622,12.21281295821974,12.247756512428516,12.245288758640504,861964.4023151743
2025-06-19,11.431112248690985,11.498518633996875,11.402062621920631,11.434241479251169,11.43659520592206,365922.6286333735
2025-06-20,11.953741708925683,11.968428394207212,11.884611603080735,11.921663952499284,11.91905044435152,198350.85820256057
2025-06-23,12.151617272402293,12.217363541449163,12.09300126297274,12.171006838887758,12.168926578845513,493951.19711929286
2025-06-24,13.199083926953335,13.21153123052827,13.193678768607352,13.210219162170924,13.204014795295722,194253.31604325847
2025-06-25,13.996306818292414,14.007702654995317,13.95323490205284,13.963848419669448,13.967977340783284,309589.2791924445
2025-06-26,13.84671660279829,13.934013038367032,13.801553033532477,13.84860729924083,13.847497996403982,137934.66667983113
2025-06-27,14.137142973841094,14.167400127993613,14.015096100511013,14.124616246083168,14.12593651342428,286481.7687663704
2025-06-30,14.73622266743194,14.85679327788494,14.61629331700239,14.73869652178851,14.7418574574057,229932.6570264001
2025-07-01,15.548088616046329,15.758222121267494,15.491067075849626,15.5517093659501,15.550661457549534,660121.3904015048
2025-07-02,14.793450130543576,14.931160711167005,14.814759509908992,14.825578445832797,14.827946577353988,652026.4075102642
2025-07-03,14.628437093612089,14.630260536267173,14.529446696533151,14.625137912508055,14.63233268190449,873418.195593023
2025-07-04,14.180528757124891,14.245713274136213,14.106829545189829,14.166991783418345,14.168773682685908,205311.3278503052
2025-07-07,14.35325439536871,14.377557137222183,14.320280074107384,14.344312357218536,14.347192975245834,257094.77195446735
2025-07-08,14.384273622079082,14.43455993148727,14.357724958463177,14.386421432327332,14.385925412988929,362585.54085816495
2025-07-09,14.274395098564447,14.297817773308466,14.208930618719023,14.2793000554598,14.282573556867163,429002.89627217833
2025-07-10,14.175972915226886,14.24555378978161,14.095784777775648,14.176370577520178,14.174201109034378,189815.93681503524
2025-07-11,13.695416029306848,13.745827480370007,13.624799854564476,13.696864564497847,13.689751893474638,67960.45582439462
2025-07-14,14.045221030623544,14.065115777008897,13.878986499177463,14.03611406453841,14.037838820556138,255967.33754827653
2025-07-15,14.812624179605542,14.862861524269508,14.763668976935628,14.773998297729545,14.774207342643455,128891.7104146732
2025-07-16,15.598468667098398,15.755089097310591,15.544341233590009,15.644169465737356,15.644267974727391,692291.6646523665
2025-07-17,15.033880635784012,15.076909449813051,14.965064010651584,15.030444886371598,15.025186585887006,265917.60826487374
2025-07-18,14.986129472822585,15.021279478830383,14.916571257612844,14.989083617015048,14.991050055693048,140556.052639446
2025-07-21,15.86897818009354,15.898995700978992,15.854484374156264,15.86592052215392,15.867857315110491,429988.7756060697
2025-07-22,15.746171161748574,15.87300515294646,15.666419311699592,15.738603657966838,15.740974053378764,433501.4936190488
2025-07-23,15.420939172846673,15.49836137539622,15.350203356856982,15.4418308553418,15.444358392041815,650434.0413885436
2025-07-24,15.6460894350915,15.696350656811626,15.52584970190133,15.633481018588828,15.638614629470522,233457.81596305597
2025-07-25,15.912797089800724,15.950640339123677,15.856009361674031,15.892658644693606,15.895644465719412,355387.8016792545
2025-07-28,15.794110610216768,15.868920175875736,15.736228087123806,15.818282421153494,15.82191928740737,287890.0954062751
2025-07-29,15.24522240934331,15.313579857513504,15.194102346574532,15.2397514562742,15.233767264791563,833225.7299194075
2025-07-30,15.937944664819971,16.022693757656956,15.824144929227224,15.95320346973187,15.95080410912518,211473.30758605935
2025-07-31,15.637872026448868,15.65466105369863,15.568862571488266,15.62920500750601,15.629747353606165,220955.99034435657
2025-08-01,16.570993601377257,16.601816831791933,16.48309138167875,16.565621143192036,16.5642909906722,236411.3491243612
2025-08-04,16.74504098538265,16.932548985759144,16.763010290109353,16.76417815306989,16.762138402374227,156959.32614281628
2025-08-05,16.257233323144312,16.36194671699825,16.20648684011965,16.27101788856343,16.274612410184186,529639.8289547209
2025-08-06,16.66989425383123,16.73126550747492,16.617506682483036,16.672265641996578,16.671653169538793,816688.3820647512
2025-08-07,16.91279942673953,16.969990750795937,16.92228512676121,16.930176338913498,16.92173399432856,160318.61552623578
2025-08-08,16.851153482552643,16.88360657226775,16.812463778978273,16.822413342756594,16.818697291839193,491669.95898524753
2025-08-11,17.023380153643817,17.169784402054525,17.008249257689304,17.036547270814765,17.036220537847676,168878.49652738826
2025-08-12,18.007946041045997,18.003349556407212,17.85633207683984,17.992957597552326,17.995757270162333,371604.3664739724
2025-08-13,17.37524874994776,17.432794024415514,17.226411294059318,17.360752745318127,17.35919444094538,291271.91769135423
2025-08-14,17.017799149287885,17.151543498565726,16.99039443597327,17.011780835404483,17.0124511088328,877234.1464345752
2025-08-15,16.49079091197742,16.473646513051932,16.439026928642612,16.46726060118315,16.465311658669826,396782.4045242321
2025-08-18,16.995918716610976,17.056427358312956,17.009553268017733,17.017616314416625,17.020006462431173,527665.8688897169
2025-08-19,16.295561258287236,16.35511196838189,16.279586409411106,16.285616976226088,16.285109158696894,457768.21238038025
2025-08-20,16.920686121274702,16.95748382921015,16.827135638739176,16.926515245256482,16.917277654153157,357655.420341219
2025-08-21,15.9201844291373,16.082674240108542,15.928166681774869,15.932863389386307,15.936363543008936,47227.37909211974
2025-08-22,14.727046113699515,14.74928450904626,14.701339858591684,14.71736106453775,14.7180108022749,266721.71957906644
2025-08-25,15.618265650031876,15.705195062334054,15.420777220660256,15.604688046546142,15.60211361976998,224778.47703888465
2025-08-26,15.368088744286757,15.387698319725258,15.29389447304067,15.375608200331344,15.373272246284268,469879.5987993401
2025-08-27,16.98274503336803,17.02067285461938,16.856969669131587,16.99985681705332,17.002079390223162,305081.2833506278
2025-08-28,16.707623913874233,16.829254397985657,16.644104622882494,16.743332472542455,16.74330886749048,230790.10703819327
2025-08-29,16.763876857578204,16.775166877265818,16.64177602701142,16.749187999008626,16.750018844464485,287819.1770897748
2025-09-01,16.3369300461845,16.381879556017015,16.338764303835372,16.340262925017534,16.337440050210375,93962.51480564456
2025-09-02,16.571259626918174,16.6753904927292,16.514206372108504,16.576144437190116,16.577463895991993,197183.076742727
2025-09-03,16.937881609760254,17.04751827451762,16.816578684925684,16.939278366082807,16.936760226634522,206383.82789001023
2025-09-04,17.164776568188447,17.190426446707075,17.07875416369193,17.180388709232982,17.181423714673418,94715.11389026509
2025-09-05,17.183932648032084,17.38997698862956,17.178757550940684,17.203057657087747,17.20574891503352,344039.32061158714
2025-09-08,16.247197159432712,16.31433892953002,16.12413894048135,16.270051059345082,16.2667528662979,372481.8340852055
2025-09-09,16.096893079614762,16.13559270832537,16.102204497502328,16.102409583618225,16.10061140920443,327110.9831579766
2025-09-10,15.223896149529374,15.262307388843515,15.18602268069176,15.248878600565495,15.252328024524836,855920.569894098
2025-09-11,15.64335985969328,15.70880407100526,15.587839637687066,15.640491447858004,15.63895108781428,217251.6313911094
2025-09-12,15.05542776604714,15.113180040371956,15.003633595151344,15.07073517767208,15.07011231727457,101826.51078027954
2025-09-15,16.002032684065316,16.07224542611515,15.978278554485446,15.996741049702278,15.998326779801566,384495.9738033699
2025-09-16,15.50920788958301,15.595085975915872,15.502966814733345,15.503561577923962,15.502572404967346,330690.7709567242
2025-09-17,14.444843666541344,14.468093893218002,14.434275343893235,14.456457224860468,14.464790945503683,197832.27857183025
2025-09-18,14.816866675184874,14.82767757821575,14.798587808192286,14.811890076841076,14.816682103633722,281924.77188360924
2025-09-19,15.24330086157839,15.2587247679776,15.193618374221131,15.251071103099129,15.25301301997288,220441.0932297104
2025-09-22,14.917239479745325,14.943396813628832,14.826566958125795,14.89595783292424,14.90663808209609,488030.48522601806
2025-09-23,14.873296975233302,15.035459113873934,14.853686793842655,14.872862125987838,14.872964345744046,417669.9234787653
2025-09-24,15.58143020037025,15.682737988738426,15.393140663753076,15.550180089272423,15.548806302953324,144118.81796340982
2025-09-25,16.03480007902467,16.036090007605743,15.972495482453532,16.030228818273926,16.033170543787094,418091.7610369171
2025-09-26,15.602869566964142,15.622220863838251,15.432435272592828,15.592936173467889,15.590665773422048,746682.3165261087
2025-09-29,15.018155034235331,15.049914181139664,14.945233991458968,15.031224209344549,15.027991142866451,165676.28540944905
2025-09-30,15.508798283870604,15.650798437547358,15.38198248436438,15.5028511375707,15.505368722278709,357762.6366437471
2025-10-01,15.503474054997923,15.645363095592066,15.439405410731558,15.506390693371216,15.508744896212589,279316.9550052839
2025-10-02,15.56246227889356,15.637083572041876,15.44053772134422,15.511029975989386,15.502064476523609,91555.46319192433
2025-10-03,15.266679060820591,15.288492925175026,15.189410231115335,15.259386502023796,15.259077211522737,368157.34144950745
2025-10-06,15.947656252993475,15.947911565891552,15.812371539918674,15.933534848323044,15.939762276699632,387487.60855455376
2025-10-07,15.751722861010588,15.853468083485472,15.729980720552131,15.780379387544976,15.780628648930866,219380.50828854792
2025-10-08,16.178304635398415,16.181176628772977,16.17077819406799,16.171400366014797,16.16941583196583,262621.991432511
2025-10-09,16.158721979220886,16.216057685814118,16.124649359634805,16.154943786870604,16.14905577689975,407786.306472649
2025-10-10,16.685585543058966,16.81156204069734,16.596366765501443,16.689014060448503,16.68842870238086,128611.46639188078
2025-10-13,18.327408832935127,18.385731807953377,18.295346683266448,18.320976957727225,18.319491417065827,96911.09283836043
2025-10-14,18.2088621261819,18.21379894066078,18.15944147998301,18.203934639336826,18.20443724203613,214996.82380211927
2025-10-15,18.44847399016684,18.487549759141316,18.424347862695683,18.46717060199677,18.469192009495828,64044.62452664693
2025-10-16,16.231709974104483,16.376227247812324,16.141581416999397,16.247538814814746,16.245864833627923,132218.92652387478
2025-10-17,15.68289545396833,15.712946303323742,15.696513269379082,15.712813620649827,15.710741483188873,204500.19579390087
2025-10-20,15.90113735281656,15.969772400965152,15.886312444401714,15.907541251531024,15.893708139570908,175550.76863499582
2025-10-21,15.348625865993572,15.400097196758916,15.323935319074184,15.345096270376583,15.338304304922726,409577.4379692909
2025-10-22,15.000666531210552,15.07613749138189,14.992658163435612,15.0036866400049,14.999026802851574,276492.83530383697
2025-10-23,15.03331358570476,15.086180002767303,15.029345754219143,15.039828420852448,15.040080348747866,807581.8740632222
2025-10-24,14.84585848347814,14.884648264733364,14.809737837157046,14.833825587133012,14.833748293515432,234432.24322835743
2025-10-27,13.65878216198044,13.662774651217106,13.593348956349324,13.660776076558871,13.65782054776339,333748.68893401284
2025-10-28,13.034545203104653,13.096515644362372,12.994711643110543,13.041604853822347,13.03952780753072,325652.3346260076
2025-10-29,13.45199045970722,13.498651976582652,13.384676251357838,13.44496185886698,13.444964128082102,258942.68119964423
2025-10-30,13.648522884037074,13.664868253523,13.586361780651403,13.649902319799432,13.651178662945991,116475.03302214907
2025-10-31,14.302917482345498,14.306945893334728,14.304135235767747,14.304594437586182,14.305647153115318,177113.9040623426
2025-11-03,14.185267379714949,14.227356103642377,14.050285421455394,14.159954996806688,14.16320754556086,245426.15044108755
2025-11-04,14.059704673889552,14.107008305853157,14.043448027902247,14.06111706024594,14.06317594797252,1259767.41330019
2025-11-05,15.107665354301568,15.136155033514456,15.04932293526048,15.104052743513137,15.097213536467054,204718.2024178438
2025-11-06,16.245178732205503,16.44628759017899,16.24691602009362,16.25909171328904,16.255924392464006,112789.43211265812
2025-11-07,15.846617256146205,15.864101837474712,15.761855540102816,15.847916982419516,15.848318343913313,156705.27171447995
2025-11-10,15.496172894798926,15.50483286096346,15.48107273451555,15.500441908336008,15.50461026260523,114469.16618714678
2025-11-11,15.67801105854441,15.701388502234511,15.640456542743737,15.67644139786979,15.678119188477508,352467.4076543964
2025-11-12,15.18211532453422,15.213945267409825,15.094918340203106,15.177778650452591,15.181444435134829,374514.5684713203
2025-11-13,14.892923162096626,14.905622910733086,14.751574497843174,14.903718892190966,14.906739380791684,598459.4330837507
2025-11-14,14.516129043558198,14.575933239135288,14.489527017295131,14.500808621375986,14.497131927423156,377024.253955598
2025-11-17,14.245170982210531,14.284000506798328,14.206082160371604,14.245488755378286,14.245250866104396,335540.73789405404
2025-11-18,14.525550842357283,14.5780584323576,14.446628492178975,14.551088296829937,14.551201306160047,247459.2292193792
2025-11-19,14.98902197712428,14.997329907352563,14.9776945671122,14.990434329325351,14.989474406609643,455157.6382008026
2025-11-20,14.84734393021336,14.91299044422006,14.819171128143784,14.843406009031437,14.84444495840178,286543.8910158627
2025-11-21,15.773965677408132,15.757058269649328,15.69014474393462,15.73375523758862,15.733426559067114,271123.51223595603
2025-11-24,15.935791370274334,15.96639737890598,15.907670391744384,15.92604064604764,15.925117098179548,174279.1292631748
2025-11-25,16.31558116574134,16.37481585582341,16.226616215268184,16.311638160032988,16.308590658993985,206833.12474804907
2025-11-26,16.67747351171888,16.757684585365492,16.50931177045399,16.702481238430536,16.706377192887558,384165.8655447975
2025-11-27,15.78766731826896,15.912151852747384,15.71737141047514,15.766194349181324,15.763460052842849,213062.3274423971
2025-11-28,16.59435179170306,16.610571519879908,16.568410025000603,16.5729206009984,16.570152604535682,375058.7594919587
2025-12-01,15.806416445084396,15.857856327725145,15.786378017838151,15.812047660787291,15.80799197949186,285481.94477943616
2025-12-02,14.024491752215752,14.043956461849604,13.907800724882629,14.012215657610776,14.01432931944722,634881.1989289769
2025-12-03,15.01130505171976,15.093217266908354,14.971216494804564,15.029664695572116,15.02360340287452,405121.8093113857
2025-12-04,14.84914412674149,14.92847961081806,14.78442671587604,14.820467500588515,14.825992042456717,363587.3095304687
2025-12-05,13.970248772865036,14.006420247402168,13.932313183591692,13.984836997692703,13.98606939683376,197223.6389557813
2025-12-08,13.362808124856876,13.435562486269845,13.32831720154251,13.362857478980189,13.359353362642254,143722.8133749138
2025-12-09,13.49352290255822,13.60067964495858,13.483807621736275,13.490229198028244,13.489675837654858,324524.8451965425
2025-12-10,13.424762585673124,13.489294021234604,13.420822809095748,13.433513524025608,13.440956037598438,176440.60417468954
2025-12-11,13.468247862623365,13.47583551533225,13.452027758095204,13.469179736748927,13.47552709178492,287788.7620434768
2025-12-12,13.384475362414545,13.39967937521599,13.358137168264232,13.377585703699785,13.378954928817365,330571.5928310878
2025-12-15,14.096399136634387,14.135278829539596,14.093041363608997,14.099308819053832,14.105543691734136,210601.89882739203
2025-12-16,14.118331954556483,14.184383961232417,14.105281042168125,14.127860358122522,14.124096849653627,430796.6449979199
2025-12-17,14.219567799089884,14.35247965188884,14.156260757119428,14.240970165581144,14.242235305998342,230515.70169986432
2025-12-18,14.167839503012472,14.205552342383031,14.090461786447522,14.16119766000454,14.159161672353086,354567.285061568
2025-12-19,14.90229684702065,14.995179594128825,14.93901728462873,14.93956355749649,14.93901131318782,364143.02427853126
2025-12-22,15.73740513306234,15.792415945432282,15.694599884933623,15.766644403609783,15.762028115593958,880487.9433570143
2025-12-23,15.25816444555926,15.361646624288932,15.198036759239953,15.248889131565004,15.24359383908142,117482.86413301782
2025-12-24,15.346852315749482,15.3424693585034,15.292063207772683,15.340234250199302,15.341946278752062,205025.78497427463
2025-12-25,14.941324683909317,14.96118844127988,14.915445611765255,14.920111674325693,14.922974350953732,271633.0801633801
2025-12-26,15.031137417637606,15.167603030161116,15.028606561431356,15.043524574479434,15.044498387785216,139599.92945525554
2025-12-29,14.46255624807634,14.489762670983156,14.41860578953957,14.444365919077155,14.436299351397192,225766.47663831152
2025-12-30,15.166610831014925,15.287631857918386,15.13358438013009,15.186294899415532,15.18809786141462,420433.2486951407
2025-12-31,14.880017697675564,14.939711272127164,14.842995207114544,14.865523095733108,14.866395695287617,201446.6367221864
2026-01-01,14.844496018214928,14.883721912114169,14.823151404518098,14.852479655039252,14.852746954842184,356630.7788446115
2026-01-02,14.926789635295814,14.981806603481957,14.8541203188968,14.94055980284319,14.946478832679322,251487.21179605252
2026-01-05,15.092978895862736,15.139015366226024,15.089056644728911,15.10548282496634,15.109789005150404,370937.1459343076
2026-01-06,16.452272210357567,16.54631142414306,16.38929278702429,16.444182569704328,16.439765506507637,260201.62999981464
2026-01-07,15.933419544726387,15.992274996426971,15.85020403703277,15.937241213650593,15.93934298884588,382087.722188124
2026-01-08,14.651763296834462,14.665412680914184,14.5487019646613,14.645183678670152,14.643317849436588,107376.35462340288
2026-01-09,15.895346237164672,15.870977938125476,15.859315148621093,15.867349117891823,15.867828810331972,130210.17631139571
2026-01-12,15.65625270046167,15.687578831769168,15.526727992582993,15.651595246771931,15.644958353958456,419729.0284298749
2026-01-13,16.005943162321717,16.10060099803888,15.9958595916826,16.02796542011922,16.023140431819627,686745.4296916041
2026-01-14,16.64920887604208,16.68119187886895,16.600521265363533,16.669248507883307,16.665984350019016,534438.5333789639
2026-01-15,17.63939133193812,17.663281697304782,17.4246293440463,17.641981094864214,17.637815252887766,484296.61087279365
2026-01-16,17.7689015396533,17.792916524796244,17.69784172353843,17.760773234609378,17.758303479746342,216734.86707737637
2026-01-19,17.512063483022263,17.549273339892125,17.466922528192544,17.51538273155287,17.51653355014109,344371.1212884418
2026-01-20,17.86450178301687,18.0352249681314,17.862081132580176,17.891067083575678,17.886444122959965,162112.32309741483
2026-01-21,19.57474558601073,19.70939039940196,19.55165708104753,19.58054133912024,19.575787064066617,201889.12619529443
2026-01-22,18.565940205889586,18.65621568593865,18.51304646880387,18.55320811772633,18.54853572451205,268150.372949779
2026-01-23,19.54707853200027,19.612408187293838,19.381838135691552,19.548595448083567,19.540233919853573,575102.6133414943
2026-01-26,19.166687974104605,19.209472819084123,19.05660094198048,19.16958300979795,19.177674415229976,276016.8433821127
2026-01-27,19.605912282174973,19.6425961165228,19.527499705889216,19.59356834982751,19.59049021287697,263207.37042475736
2026-01-28,18.39568255563728,18.44884388131475,18.20840845796393,18.405803467155263,18.40843012065768,392726.5361808473
2026-01-29,17.817208789996894,17.82343078085016,17.766858764787713,17.822850407611224,17.82848228125507,345864.01645596506
2026-01-30,17.583013255173494,17.619988274356807,17.494690559376565,17.57540759072634,17.58111024955971,300815.69226148346
2026-02-02,17.218276846924358,17.409140865439017,17.117493349976993,17.2296844362676,17.220988114178134,356130.98913547525
2026-02-03,17.87532909859332,17.893793851425606,17.85843978522081,17.867761830134846,17.86329096119708,120348.3380043797
2026-02-04,17.962138052940706,17.982951619737626,17.88686408027599,17.98095719753431,17.98027250147508,639683.2104082046
2026-02-05,18.2177076180033,18.287030020245403,18.2088776605098,18.214168450847225,18.216850503814143,204011.4425813912
2026-02-06,18.74902366356792,18.86368327291019,18.674669354759825,18.772455277357132,18.77005641494516,395482.5999700284
2026-02-09,18.800166387522417,18.859940268685293,18.64746715762412,18.81357891651731,18.82177728271958,422488.8246976725
2026-02-10,19.464222093154195,19.525376444086103,19.434483959430327,19.483718271512057,19.485145337612902,152321.9075880612
2026-02-11,18.54420053897421,18.623319242483237,18.432449005628555,18.54458417495432,18.540446867025825,143655.89371897787
2026-02-12,18.359875861633853,18.378990683175925,18.35597645754507,18.365673777847537,18.35544153617353,464175.74651854
2026-02-13,18.272321480466324,18.426545109957328,18.229017104269847,18.262405370490992,18.264057339601575,331982.0660246133
2026-02-16,18.9564286313168,18.938909788034795,18.89328291936759,18.926589481925056,18.92642936513952,291363.1694176474
2026-02-17,18.54034772342914,18.58999870995277,18.53642260653582,18.5434650745988,18.54039016061791,185166.39565886627
2026-02-18,17.819374216709605,17.83407990448208,17.801297343585343,17.832934533352393,17.83391184728036,267434.5415806793
2026-02-19,18.32982827836929,18.43377669343066,18.25575108737283,18.328860572987185,18.331110653699515,368650.4664512493
2026-02-20,19.21312088380573,19.29500541936858,19.171008890126814,19.20499214171137,19.20118277729945,509496.4416678252
2026-02-23,19.674464481303364,19.82865024781327,19.6385478099032,19.69379302836779,19.69730946725159,470764.8027045167
2026-02-24,20.074969107771874,20.17013440355524,19.99735356674497,20.063897206983167,20.06687229691667,147564.2492825904
2026-02-25,20.289027984924004,20.250709287731645,20.246627913226398,20.247052508516884,20.24683643850184,1140996.630626174
2026-02-26,19.81801242403358,20.014085736592104,19.80327981489721,19.81734527262219,19.820968693448343,233739.1072086827
2026-02-27,18.742095137717605,18.99769509101021,18.703241738361868,18.72308944141922,18.72193797860517,766578.1181515928
2026-03-02,17.31483205782273,17.342900704810436,17.242125688266807,17.302789916562954,17.29983798453084,179200.7583834799
2026-03-03,17.89443246974377,17.93421488065972,17.851863924774957,17.918366474109114,17.922184467854947,361066.3564629594
2026-03-04,17.773318894402532,17.928638417343876,17.712827247282505,17.762129705311427,17.771701608029336,365715.0860580479
2026-03-05,19.08281783167705,19.107350303883766,19.05659653169075,19.08460217544816,19.08281757203428,120215.07411058169
2026-03-06,18.772761280995105,18.806794831627467,18.7462362591004,18.78897084791018,18.78731447244144,160926.24000070218
2026-03-09,18.31670965594822,18.39336452083348,18.257591097835657,18.32970548988648,18.31899790739264,238502.86095121413
2026-03-10,19.27348330958814,19.31737607204944,19.174200863186925,19.261039918662327,19.26156896531526,347311.4344662283
2026-03-11,19.179730164119302,19.298148111078472,19.089429296970824,19.14269845373515,19.144093147112283,106294.47432937085
2026-03-12,17.85122529270031,17.88941337845563,17.564581636086444,17.815030320553294,17.81478079692662,242928.8478558765
2026-03-13,18.168699764352485,18.184309203053576,18.133990097829688,18.147836406719254,18.148288033925603,254726.12652415925
2026-03-16,18.2572112451983,18.379478925310348,18.2052825221788,18.272031977739303,18.272031977739303,814700.239665303
2026-03-17,17.725293031959275,17.749147105490174,17.696528896158586,17.74139286824594,17.744308857059654,178646.73991626495
2026-03-18,17.770986866598346,17.864386373127264,17.752655355543872,17.754742703940785,17.75972583694404,82803.91404518601
2026-03-19,17.134934130117035,17.16427130343282,17.060220004350732,17.09713845790054,17.096140541916867,362558.98270667664
2026-03-20,17.75236313803343,17.779488460908258,17.602794949260176,17.75044987075502,17.761303225683594,383813.1085351569
2026-03-23,18.374638817661413,18.35404815046737,18.267394068467244,18.343655926480945,18.34636766433964,369016.47251980985
2026-03-24,18.177547907244957,18.256686628623147,18.172271825020893,18.177986401761068,18.177911982258323,178121.98555184604
2026-03-25,18.443374163986668,18.554711779043732,18.36657894899474,18.4435296087153,18.4388154189236,103214.96947869986
2026-03-26,18.419541089760887,18.45067208266036,18.374963945332944,18.44572208298184,18.44350381387871,414866.98355150985
2026-03-27,18.234374662933703,18.289925173421317,18.117878399851403,18.22792624170564,18.226671916944685,77694.96022096318
2026-03-30,18.603796136227867,18.68929230688744,18.5953291629911,18.60995326119132,18.61807774756303,167267.68856609458
2026-03-31,18.38460245155153,18.459662360413727,18.384426822147084,18.3935513158512,18.38718310370689,276555.3088160932
2026-04-01,18.956496201127816,18.945499137986904,18.80087657287116,18.92505523080896,18.925801388252992,482230.17554987536
2026-04-02,18.15576359087904,18.160354411450136,18.060325996550063,18.123988631948645,18.12037497798589,675595.4753563752
2026-04-03,18.115895402005428,18.245307019304622,18.018802907139293,18.11886611697035,18.12042151655709,262658.233397282
2026-04-06,18.77996472239492,18.79197539832954,18.713408375662915,18.762721323664813,18.753414672047647,147766.8074059997
2026-04-07,19.85110378051764,19.99102197649282,19.844411279773688,19.85738451946064,19.85305457239804,413508.3111941429
2026-04-08,21.62020330694773,21.61268842367372,21.518582855605604,21.594794901152326,21.58690081394546,252433.23375286805
2026-04-09,21.26699855057737,21.345144581977465,21.23364297831112,21.27521136958411,21.267685086224606,117115.12578382964
2026-04-10,21.950004167200277,22.02692963099885,21.9361268384914,21.960801413030783,21.962307238078917,487485.0272366809
2026-04-13,22.58019371625195,22.72049880286428,22.53505387438632,22.599229031713502,22.602552516680348,279442.6882123251
2026-04-14,21.810610041822603,21.859443191087102,21.74089930230564,21.797671085264763,21.79815947040197,669875.2597268841
2026-04-15,22.177303943676858,22.19893971831672,22.030362786205597,22.18536105015813,22.186961907866227,431078.987739754
2026-04-16,22.242655230926207,22.48453026534805,22.05742718936394,22.241387894690277,22.247070563187854,420414.1408758076
2026-04-17,23.97952069291759,24.05770716845604,23.868653232671345,23.950350463658232,23.94915012235576,235588.30935878755
2026-04-20,24.710355860996643,24.81883783948098,24.668818865617467,24.704695502877424,24.691432570755357,328310.59009113937
2026-04-21,26.042360663207337,26.07440434754636,26.022380960072688,26.06947057110928,26.05981615743335,215520.9758115771
2026-04-22,27.293542942586704,27.46141130566164,27.246626280792437,27.272195892275345,27.287527406708968,423600.4600765008
2026-04-23,28.93356837004575,29.10652015020118,28.731167213037057,28.935743942171374,28.937916178671102,523271.48286697495
2026-04-24,29.69256777930961,29.709881459839764,29.645130966356717,29.655666066800688,29.663095868478194,92756.67689279134
2026-04-27,30.36632956313032,30.708395937013748,30.21233388887769,30.41107886179828,30.41189075588473,372154.2346038829
2026-04-28,28.89877556439977,28.891368006937064,28.56511217381299,28.87065198509154,28.870715153916965,380081.8942856921
2026-04-29,28.319892470471014,28.454648948008025,28.254842915596505,28.35167756796357,28.35680331837317,193730.3746728747
2026-04-30,26.955035328172315,26.997873364652285,26.896191127455754,26.997431171115743,26.999201728103923,131977.62433460704
2026-05-01,28.07950311746643,28.19263319333197,28.014729769571705,28.067319585045627,28.07910967819726,259275.02936240108
2026-05-04,30.66278137018261,30.73767202646806,30.617943506818325,30.693916404399022,30.69693132178504,204977.8514939248
2026-05-05,31.463652026217627,31.534557962305108,31.40512256189824,31.48732903850422,31.48778620174568,152344.4198770772
2026-05-06,32.45873548321674,32.59595789105642,32.3985260099641,32.47471455551153,32.474991062642445,277305.9661554147
2026-05-07,33.601502202144545,33.711752125517854,33.557724652285195,33.65964193359725,33.67510369466106,536572.2813991199
2026-05-08,35.601867492489035,35.62202122495789,35.53403965355489,35.61397687580578,35.62151959428793,115255.8846301306
2026-05-11,37.84687612522789,38.15833267769041,37.78487195775585,37.89819792156145,37.89760577727968,133917.82262791725
2026-05-12,35.33758716950406,35.393292827800416,35.30207456294318,35.35197255846541,35.35418449700206,260670.58919674525
2026-05-13,37.07296396284929,37.22581218131992,36.91570281216067,37.08473942658792,37.07623594852323,139383.92761664107
2026-05-14,37.05405562789561,37.21343713418024,37.01079337629181,37.08871239221343,37.10018088101245,417327.7012444913
2026-05-15,36.14067234526356,36.13247948521515,36.03252258244057,36.11338067345024,36.11338351465762,488689.5539691533
2026-05-18,35.61189072078923,35.84692590133896,35.48392409874358,35.64141982784271,35.63170520512831,167557.95707362995
2026-05-19,35.8566877777059,36.16953628938261,35.72483405638894,35.88877591630813,35.90629000639531,294450.7057177485
2026-05-20,39.93804808720663,40.0551834077357,39.71555374702697,39.98796979539526,39.98464292621659,861544.5810361535
2026-05-21,35.942559368567856,36.1838876958863,35.823864346665545,35.98791011710908,35.98164977010208,137441.33749106264
2026-05-22,36.72726538066525,36.70288537977957,36.60846608657119,36.70062945489192,36.70524044485692,301763.9642474418
2026-05-25,37.33805472855544,37.48359466863683,37.15664748815966,37.30804873502139,37.306007925815855,244936.379978749
2026-05-26,38.76665064577658,39.01878360978665,38.59447158035209,38.726631329739405,38.73150055744564,631561.8837189879
2026-05-27,36.81668020108276,36.94463158389629,36.80263232610525,36.81738352093232,36.81082194430237,435617.49316358886
2026-05-28,36.22389443018651,36.33611540600448,36.04091310464237,36.19446158150616,36.20177369716389,320106.6443485002
2026-05-29,38.16147845320705,38.345708466693445,38.171039011758445,38.18719624277442,38.19406521453031,144917.52681475793
