date,open,high,low,close,adjusted_close,volume
2020-01-02,31.753918143538,32.00856451806215,31.797656564937043,31.800162204234784,31.824102456845797,90170.34522703738
2020-01-03,30.900268258751865,31.00840252622912,30.76082860428772,30.85992102158457,30.87057391746096,222823.9847795724
2020-01-06,31.086754000462825,31.109699843036587,31.05689319779309,31.074846178651683,31.06752993168623,166106.19496524235
2020-01-07,32.376350685410905,32.56078528403556,32.168240227660384,32.376996344805086,32.363061053987394,495447.88606676896
2020-01-08,33.19364833922799,33.72326194303106,33.14076843702571,33.20444830025577,33.19725571021901,181416.8223896796
2020-01-09,33.706171146140456,33.709828259781496,33.63706817914585,33.686173427014054,33.69963824811955,719988.8178508858
2020-01-10,33.759345215121066,33.86879760527592,33.460914830692445,33.710523258479654,33.706231363213675,361371.94247750577
2020-01-13,34.1906870574783,34.55903928965788,33.80084585024837,34.21795947562112,34.21688543566131,219911.5147162314
2020-01-14,34.099279673977364,34.206939056000245,33.76879353465127,34.05873052498245,34.067022874222744,383233.7042677095
2020-01-15,34.38272166835377,34.58203083058592,34.29262056122874,34.33742187519293,34.32688151673861,231379.25265148253
2020-01-16,33.92750082616603,34.209953801274374,33.54127905753788,33.90524984790699,33.9165510216932,202809.3783489836
2020-01-17,33.9435787427846,34.12821304471767,33.85434739159012,33.92356432932567,33.92686705673707,693145.5773146487
2020-01-20,34.83398606840802,34.95751831668008,34.81740219220288,34.86722702012476,34.86228742897613,373634.4007197431
2020-01-21,34.36888862269878,34.433597116221904,34.05079032908375,34.36207459947698,34.373744169235934,214944.72589499716
2020-01-22,33.240413741082975,33.49326106380286,33.18416024578591,33.243850235272134,33.23269780693192,976268.1521616452
2020-01-23,33.09338768677517,33.26934743196251,33.073495735835465,33.143376725246966,33.13112820249434,286162.58562245965
2020-01-24,34.280620347963456,34.373186656120915,34.18272862768678,34.27953399638229,34.28261970420361,132824.14073191833
2020-01-27,33.21198632538344,33.298892619690434,32.92323623447235,33.23170484918736,33.23297125009369,128730.40892342376
2020-01-28,33.46804513954039,33.67000599550546,33.36253618199672,33.479768830526055,33.483539595817255,362110.05387700914
2020-01-29,33.307529083267525,33.275355224058586,33.108931343858686,33.26735006171311,33.268335280236855,482144.8370665942
2020-01-30,33.59992014938252,33.82365976028481,33.51751219387089,33.59722402334094,33.591385089688735,563483.3655728175
2020-01-31,34.03253385500426,34.41928674047174,33.99535282623262,34.03422468171531,34.03593949385417,132375.2144904746
2020-02-03,33.18034341725485,33.295946254153655,33.046115780054315,33.110324932678495,33.09641695196513,632954.7066332797
2020-02-04,34.161310845202934,34.278492986158284,34.10963452023371,34.1582009008169,34.15914773200286,133721.4587489238
2020-02-05,34.88977323442971,34.98508805066409,34.850310701361906,34.894333239094706,34.90812620809974,292503.5782325885
2020-02-06,33.92996466478079,34.01109802363811,33.86676703405461,33.917319825324235,33.911494360756976,198225.52440147544
2020-02-07,33.85538162865754,33.981531747969896,33.82612869605897,33.83894038574849,33.84145713466528,460359.9253389801
2020-02-10,33.70113809254083,33.86991098910127,33.60105150957722,33.66192578819454,33.66482702870317,342146.83909575327
2020-02-11,33.38093641584278,33.42321896985354,33.23477625729836,33.32201495707976,33.329260254725554,253042.27714883565
2020-02-12,32.92488684600872,32.96626240121955,32.879385674598204,32.92195621799382,32.90738477452367,94707.07360999208
2020-02-13,34.34442625760075,34.523620543854385,34.23859722735288,34.320262577820024,34.3274718970393,151816.0237269826
2020-02-14,34.202276055043995,34.35246020539549,34.20430720430838,34.26207528695643,34.2741240221033,751817.995328832
2020-02-17,34.61125450444171,34.7132493671922,34.57727857192255,34.60949607744961,34.61859649599611,191201.75934496504
2020-02-18,35.86412475619802,35.98468063452256,35.84467885132382,35.85869343103821,35.86815940231352,239625.853788168
2020-02-19,35.68349877309767,35.78835172977765,35.438914251999776,35.72325547100716,35.72207026050422,185879.0393292133
2020-02-20,36.45869552324432,36.51711664924856,36.19816693446786,36.40483573228426,36.409474624650194,217126.46721587755
2020-02-21,37.2018906052374,37.40343393768092,37.13675908938426,37.18414124380865,37.19522978257915,618985.7871348227
2020-02-24,38.43662706711255,38.3819264272056,38.04356161572571,38.34403152704003,38.33612093215935,92594.20593950912
2020-02-25,38.60763773180568,38.77967458485322,38.5955386870955,38.634300258921805,38.63205586177583,122526.09872513363
2020-02-26,40.158020780555766,40.374094321136255,40.10218334191538,40.16386246702093,40.17242089419536,126422.49272761996
2020-02-27,39.914740769853935,40.35437165706144,39.83308243130707,39.96171202475645,39.95598048327397,212105.1591803428
2020-02-28,40.4939213920304,40.59382751466383,40.325987136006646,40.41214945551165,40.41053373592628,252368.43173435584
2020-03-02,40.60487801071364,40.686470922093946,40.15897156498392,40.52642517959739,40.51831275816882,150105.36244391077
2020-03-03,42.02431317795094,42.560560105232014,41.83786410644187,42.03446532978106,42.02060433171014,271122.876237783
2020-03-04,40.744539397295824,40.82237651449434,40.72864661330544,40.75460523783244,40.7517590004516,180699.78030040808
2020-03-05,40.34295899364131,40.43975377729935,40.22098759359604,40.337833723972025,40.33408751014951,196330.5622481309
2020-03-06,39.54012942134786,39.8542300597824,39.10055931458538,39.55532791975499,39.57015692084906,294749.7055536631
2020-03-09,39.15452572174066,39.361618108410326,38.72685936343788,39.2168780826041,39.21578858445327,233561.1952542446
2020-03-10,40.14006614683679,40.12312796313621,39.950709952782645,40.11953943748247,40.13360472580672,285160.62124367576
2020-03-11,41.68275614062394,41.92511493066578,41.52717042348637,41.66541355070143,41.663176092288055,93702.37721394029
2020-03-12,43.63609943805533,43.75428218404661,43.61416784470585,43.62450785972183,43.62192444878527,297966.88332055404
2020-03-13,42.99771316736763,43.09171857095179,42.76211891419901,42.97699060212858,42.97667007451426,152809.7111961729
2020-03-16,42.5003089171585,42.544623781331374,42.27268333111196,42.54155313536462,42.54292148594454,525173.7987555914
2020-03-17,43.133730757132895,43.204656925574255,42.74175545118578,43.13113681663852,43.1041808716638,588304.8258646493
2020-03-18,43.0197978732989,43.32108421595805,42.7071408317769,42.99168581021912,43.0062647784679,334596.7202397669
2020-03-19,42.590822923550974,42.61323796274395,42.4097494730656,42.57062527963261,42.581498059381175,523059.8941821971
2020-03-20,43.68154587495814,43.773228314972,43.3754361860911,43.72328067498277,43.72186285023164,234836.43968636676
2020-03-23,44.52311506183461,44.69674477162745,44.37781139529586,44.49372392068018,44.51908601693604,326136.1152728012
2020-03-24,44.77240245733511,44.94478065080326,44.74106233650844,44.79387529274255,44.781665481774965,421693.43158030615
2020-03-25,43.90874663059408,44.03031279402928,43.66517439076022,43.89127128682948,43.89800503159872,250845.0119744533
2020-03-26,45.0937705352416,45.49589017701525,45.13298439390298,45.14597581381347,45.13403864581849,196787.16408229916
2020-03-27,45.488925200675205,45.91656175163568,45.31343847679472,45.4879767555913,45.48860042564002,466737.4808184033
2020-03-30,44.971296067198026,45.05163687410204,44.95533687488449,45.04174000945438,45.032400161792914,359644.5380666272
2020-03-31,43.73785867443025,43.85454763037285,43.581234462306426,43.70632709099976,43.699890017489246,276418.59498341964
2020-04-01,42.95072658357218,43.02937367835617,42.90804870756873,42.97675872600006,42.9805484017764,231554.00601972983
2020-04-02,43.58961942373203,43.822458324913214,43.35997562103123,43.591904400349655,43.59182152467734,675228.2903382619
2020-04-03,43.43104136030156,43.47755042829484,43.18225563969846,43.45832866060887,43.46923676457696,195190.112026388
2020-04-06,43.48755340346374,43.74409643948741,43.27043479062823,43.59464389635534,43.58346547743889,66744.24689901958
2020-04-07,43.36608014423978,43.59139289416215,43.116780232563606,43.36207144222227,43.37807295555941,210090.468630581
2020-04-08,42.61643535475259,42.678147947877946,42.5397534006149,42.54705828735926,42.55100155691507,275955.41028340085
2020-04-09,43.13030598195194,43.27367522664004,43.10214589267208,43.18338790948575,43.18729387300034,642758.8515844778
2020-04-10,44.05302207269979,44.35814155437978,44.02407068204327,44.07898223358925,44.05812681395834,268000.19309220905
2020-04-13,45.555169819442106,45.73794723843077,45.351086218536345,45.494359445629584,45.48838063329092,284219.5617972136
2020-04-14,45.80025175460272,45.92348386170416,45.29715430695853,45.83585375165115,45.81989837192116,263175.4548959206
2020-04-15,44.67398887781947,44.77049689454997,44.50376190757781,44.70448487312189,44.70825244978305,211842.27762657852
2020-04-16,44.71529618890776,44.74017365431954,44.31547405603335,44.670403840691854,44.66378164191171,167486.23730639837
2020-04-17,43.63486498554821,43.78978093896727,43.50819643741872,43.689545125594485,43.67945131687833,262733.41510010906
2020-04-20,43.97517358395517,43.99754311890344,43.938334201026834,43.96840417395259,43.962461992895456,137880.55290721275
2020-04-21,44.21477524012551,44.54320318591196,44.03524794580098,44.22714779620074,44.22944349995045,223676.26319450804
2020-04-22,45.280607063997465,45.398752262310346,45.20183755202594,45.30525849951177,45.28580367447959,225556.4224084289
2020-04-23,43.90431111496899,44.06752741486859,43.870059771467766,43.88581831780892,43.882124258050496,181626.686061714
2020-04-24,41.71124676353348,42.00613728715879,41.65662215458659,41.65763850053116,41.65448917038362,195803.0613443316
2020-04-27,41.717407023755,41.85086459319994,41.55670251843575,41.64223320957814,41.646842762368486,129695.8376486227
2020-04-28,43.0347128704274,43.06696542594564,42.91640533928725,42.94099763040687,42.94867829969285,173190.33452047093
2020-04-29,42.90981136347102,42.9723708135726,42.83000770658075,42.942217408198815,42.94887102978664,357218.377443997
2020-04-30,41.633244277022506,41.783809658928526,41.57472979023385,41.63866478778627,41.66241661855626,199140.4839344645
2020-05-01,42.42999735950488,42.72258151593479,42.2867441255172,42.40650834139558,42.405240672091466,213118.5087608781
2020-05-04,41.51396219795578,41.55406338687693,41.22876953966426,41.48881500599633,41.508159441979565,374412.5871556943
2020-05-05,40.57453057218554,40.76162636434952,40.26913012071856,40.609854532031854,40.60634672938156,301003.156698621
2020-05-06,40.449211335553805,40.72725382282669,40.41208754094973,40.46292729459402,40.46745166444989,143608.25047645875
2020-05-07,39.41385793200673,39.47853410886756,39.38787171236898,39.391325919706254,39.379984992256894,168139.72559083943
2020-05-08,38.78051315218707,38.826446007337495,38.67087089172591,38.76880710923389,38.78318730091006,794624.8052213297
2020-05-11,39.07902642580152,39.08454699115486,38.97936529504176,39.07403158058839,39.077301966877954,141506.2861337957
2020-05-12,38.431238535117295,38.61382041973358,38.20628730471035,38.42231406646215,38.4226177581767,488836.6278677254
2020-05-13,37.07385485343648,37.28372784633496,37.04283134676714,37.04828203540655,37.0469574735256,202967.0349971823
2020-05-14,36.24210280890861,36.52951384304171,36.18191332540473,36.25894889825784,36.24227637660157,861085.2464363626
2020-05-15,34.43569912721491,34.45068433620164,34.33942442395976,34.36685037611198,34.35650994794452,101062.81992419407
2020-05-18,35.823556955471034,35.9330863141334,35.63544695678949,35.84369436798723,35.85409769105473,250348.82309631133
2020-05-19,34.857225418410444,35.07284216574818,34.66348572616253,34.80234401818176,34.80091342771168,720550.0718960806
2020-05-20,33.76876579361843,33.97045187602792,33.59906643908888,33.769998876858374,33.75444317432547,303717.0541646063
2020-05-21,34.1549337325486,34.38359817992975,34.05132107429133,34.09100782961713,34.08356924808405,192868.8083670494
2020-05-22,34.08331418516743,34.37083791199977,33.94155829133722,34.132140279026,34.135288245528834,256377.53227949492
2020-05-25,34.5060642000966,34.748550624686644,34.49602033449587,34.49855498456591,34.50474772970216,179182.10939929762
2020-05-26,35.70563306812309,35.871934762487925,35.24509935921983,35.64905063354978,35.6547497882226,509246.7042502201
2020-05-27,35.76176195482388,35.969234571280744,35.675474716579416,35.74448252288884,35.73729575257974,296104.4174312298
2020-05-28,35.96716940019589,36.087592310364094,35.865431679817,35.95707826322257,35.94924763848897,410266.5259214608
2020-05-29,37.01481053873829,37.00331234576759,36.7972424364574,36.98232444151335,36.98775911798853,236660.46131357635
2020-06-01,34.58509558247172,34.959591216709484,34.33741822651606,34.54237405405497,34.551695802345286,508465.4090140381
2020-06-02,34.80916701358842,35.12262524837313,34.62670942097557,34.81277127335161,34.80205340248006,334086.72412708105
2020-06-03,34.65708180707643,34.93629029115035,34.5955799915631,34.69037487817542,34.69780389397199,420421.0887029732
2020-06-04,33.94045560102137,34.37178240189068,33.90250424785666,33.95936096935297,33.956687824085115,223722.4961908674
2020-06-05,32.953057588330886,33.15945354845694,32.753492560647345,32.95902194212199,32.96541377826652,372339.36536194914
2020-06-08,32.312686799572184,32.39485294265425,32.269228781697976,32.30111590085242,32.29910386217896,181236.65570937045
2020-06-09,32.04899127091976,32.0660228673384,31.83492387274562,32.06022058735311,32.06629311228682,89451.96985422181
2020-06-10,31.60705002120481,31.64645285727058,31.60473691487996,31.632599977101734,31.63691695007555,169268.2613961834
2020-06-11,31.59333973763412,31.91716129951756,31.49154162261509,31.6066834527601,31.587321360932112,168249.70771518032
2020-06-12,31.004453351110183,31.00759770418934,30.910214410338213,30.93211490880619,30.94704301977421,1057580.849237586
2020-06-15,30.97379093853882,31.260509255342782,30.907550125869097,30.996233754293637,31.010965382027184,337502.9924755764
2020-06-16,31.319638790414423,31.29766895371613,31.23102715938867,31.281493394633436,31.264814367863277,234553.8971081885
2020-06-17,32.74462718389497,32.86234580339531,32.60654280294673,32.74053966731476,32.73657209277964,326120.13320881326
2020-06-18,33.29405959687525,33.34880686724592,32.99971022100925,33.2791695146669,33.28368711674772,317549.01520912204
2020-06-19,33.713177184018605,33.79070749884884,33.51963038685298,33.74278383797355,33.7376997122744,302001.66184252285
2020-06-22,33.12459321555079,33.53206302953942,32.862057238751675,33.153279083237535,33.17274588056435,374638.8099725847
2020-06-23,32.83301422227459,32.834668825201874,32.68498133085363,32.81715730837532,32.82062224065258,306215.5894566028
2020-06-24,32.80349403919266,32.88038746065757,32.723310646795056,32.794905530515464,32.79506443409493,231109.60365840237
2020-06-25,34.092327034395446,34.24915243727451,33.94274948917868,34.152231603625935,34.152770591651546,124436.7138759026
2020-06-26,33.5276235003377,33.60237205319874,33.439739706765494,33.5231310742378,33.52302388640566,502823.33897323615
2020-06-29,33.17006997950136,33.32280735812628,32.99079212827692,33.14608540443996,33.12420513953266,292230.89980821207
2020-06-30,33.573265959020866,33.925330534855995,33.4761898476942,33.60843697404654,33.60276018522849,127927.17913750552
2020-07-01,33.5713942151337,33.71123103739651,33.38956192716378,33.55090907568856,33.559094737303305,211271.89749466808
2020-07-02,34.949911820896894,34.93732612778561,34.896923959284365,34.912260619469016,34.92053060741774,477373.0750409834
2020-07-03,34.3089912994978,34.494698556358024,33.963950293579074,34.264950533245184,34.26602366505292,256306.55759435703
2020-07-06,34.41772280642557,34.46511324118489,34.14955664562674,34.423846613740515,34.42267019524763,940864.2381899884
2020-07-07,35.07540266005754,35.26760112490082,34.9265345768251,35.05355138323536,35.05723185219505,139913.66285560376
2020-07-08,35.31783687567507,35.60973758492131,35.053653589104265,35.37112712650868,35.37581770446868,574947.6004327158
2020-07-09,35.027340181437694,35.24313179684944,34.86171042441265,35.03554861391248,35.02572403062431,137652.65571493114
2020-07-10,35.65937071766248,35.700056597099184,35.12451742549632,35.62950693133836,35.63783723115037,397023.8717930109
2020-07-13,35.8431733780298,35.89113567946284,35.836337074475175,35.84091122528965,35.85055677137661,194997.0767392077
2020-07-14,36.51206367981418,36.8223720741325,36.53120618982951,36.577712527706254,36.58873113393326,360965.2622181402
2020-07-15,37.73271366485611,37.92387221209694,37.61604191937264,37.71433297759588,37.71089037374165,439542.2040097204
2020-07-16,35.06190319669932,35.07327803941373,34.85640709010187,35.046801628143285,35.04348473857146,204729.12253736675
2020-07-17,34.75261502678773,34.932293297755685,34.61142476676379,34.71829381619031,34.70627797389542,312252.9604065079
2020-07-20,34.27563478000545,34.266903191727664,34.14488665477929,34.24107416445795,34.22193881760938,369221.9467792621
2020-07-21,34.307735666108115,34.41640128954819,34.218432253262726,34.267825193996515,34.27265775341896,216763.0987025711
2020-07-22,33.26894199308813,33.382419413837994,32.84546073977044,33.23073232447204,33.23121632177369,283855.77234143816
2020-07-23,32.83347277628962,32.99273608187613,32.84492558265721,32.8537526188024,32.85579060305136,310029.67225979484
2020-07-24,32.770729212779486,32.862862329314254,32.78974978869097,32.79004047607932,32.77966414819519,275456.1086004606
2020-07-27,32.390701968686685,32.59691769226147,32.17272662013252,32.36561229483059,32.35612212278261,233065.2402123454
2020-07-28,33.30044667849052,33.367724838295054,33.305293073801245,33.307260416605374,33.31332228303864,238424.37406138112
2020-07-29,35.343814876543995,35.54352171387213,35.18773336930098,35.326379561182584,35.32582510281118,72274.1125126248
2020-07-30,35.23960123058057,35.32797674516766,35.06664620376712,35.19839049005264,35.20126349835818,227246.03827586095
2020-07-31,34.61261153736956,34.73272707148867,34.36582686507908,34.62978779132197,34.62485344602471,86131.98066838463
2020-08-03,34.8444211229497,35.01786238188371,34.744275945158314,34.81202043869946,34.80765980926546,352506.8441410546
2020-08-04,35.30195224822388,35.407009152228035,35.202723148059874,35.312141820630856,35.3100647398352,1117991.5778310276
2020-08-05,36.06403510034257,36.15656182574903,36.03579739119875,36.04957621918216,36.061782537259816,168689.62972500458
2020-08-06,35.992071825259416,36.03024034208085,35.93029416637166,35.98425078070569,35.987793614735864,227576.0921263162
2020-08-07,35.373957930118586,35.666324321720914,35.3558420813176,35.36097837409142,35.34694815498817,543820.388573013
2020-08-10,35.037518811836506,35.17504713747153,35.04725432598809,35.06020619287413,35.06864282140714,329326.41013609833
2020-08-11,34.81990678312579,34.94418265160476,34.727288850758015,34.80204566463787,34.80365341935921,202165.8363911816
2020-08-12,35.49068519072039,35.71939664556031,35.356570447099564,35.48108838907555,35.4895465803952,124924.4327052305
2020-08-13,35.16479144785905,35.26858354209692,34.92811660177664,35.18103042024618,35.18141858770975,275960.85459755483
2020-08-14,36.58363186324524,36.907670803878965,36.439771089165504,36.57832274126147,36.579169638577895,103607.45974572764
2020-08-17,36.4730511687776,36.53791206892439,36.42073632586633,36.4723082399647,36.47639411608407,439240.9459455583
2020-08-18,36.65240757546953,36.61311159268346,35.93953061849927,36.58373099996077,36.581403362046366,311221.744621784
2020-08-19,37.106266195671736,37.34402582341238,37.11369510544653,37.12376486727836,37.12977157880782,218200.77608903733
2020-08-20,37.02253353235408,37.02979235679352,36.853360834386336,36.97802149133173,36.96606702134686,403899.60780521866
2020-08-21,36.57999842164434,36.67365348692093,36.26685150639872,36.55993650121312,36.55602046396871,308406.9322222314
2020-08-24,36.22173652614057,36.43273051102607,35.81809181025894,36.21624095924459,36.227723023358806,140756.5298699459
2020-08-25,34.984402154593965,35.264273053935376,34.7678858413078,35.026722145887085,35.03914488085168,141561.71853198027
2020-08-26,34.420677572445015,34.5603035966091,34.13530533274416,34.406271979100815,34.393864920636375,367291.4094130449
2020-08-27,33.60703224708794,33.60502343167976,33.50403893039762,33.60024369330661,33.60510475690786,330015.7684270069
2020-08-28,34.58543023319091,34.586452752742986,34.55887676847614,34.57464624323115,34.58233284488467,95783.81411335104
2020-08-31,34.24064175608344,34.47800984172083,34.12755378755596,34.23499190602374,34.23696684144379,147144.05464477043
2020-09-01,34.7392623499457,34.95797017823767,34.6892968366266,34.74355169579844,34.73735989552695,96771.62951710346
2020-09-02,34.814021240297464,35.19029040814715,34.764684364818805,34.87246449079658,34.87065139764858,98993.27358413678
2020-09-03,34.86980615677302,34.9762802697331,34.81873125096738,34.93697978822484,34.916579641598,71014.27157057883
2020-09-04,35.12290260229518,35.23044898480001,34.895299211178035,35.14448190478567,35.14383570994263,304175.27608048724
2020-09-07,35.89874686829569,36.022223088834814,35.687435374766736,35.894040317217865,35.90521709717833,416525.2826019461
2020-09-08,36.72983605989169,36.9986354198246,36.74114836857503,36.75944300848551,36.7618049523708,398243.6113083564
2020-09-09,37.50465805850329,37.49809631129408,37.43883442951856,37.46786783487459,37.48365255195566,147791.36875561593
2020-09-10,38.48068136027103,38.56576976927967,38.357362131090056,38.47587106706554,38.47732412726926,519118.21927732194
2020-09-11,37.89211266791132,37.93569447757906,37.71119966699169,37.85445987256478,37.84228264789748,83508.08016950445
2020-09-14,37.39625053899709,37.48277118763886,37.27164366010024,37.40889674780865,37.40699064761674,248149.8797772451
2020-09-15,37.39153697621927,37.52401111449655,37.307716100401976,37.347260754911765,37.35745448262703,363399.3792443253
2020-09-16,36.7197931355356,36.83824735249746,36.679424175206535,36.74911553348676,36.7506702266793,198022.1264423165
2020-09-17,37.133923666726,37.12658277037005,37.03695384963776,37.09943508509046,37.09700741228984,228494.33035074797
2020-09-18,35.84971653214622,36.05789670333293,35.62649531248034,35.86046555541615,35.86990193981194,162860.4715870959
2020-09-21,35.6151884495055,35.58315498302575,35.53176736466361,35.55463190895128,35.55699425476313,141123.5648254761
2020-09-22,34.75145004682636,34.77291968840533,34.68954459979704,34.7192893066907,34.705129304909846,400925.5599293581
2020-09-23,35.85081533444982,35.869466587771164,35.6548083095615,35.75192382378578,35.73671935577258,334265.86277288984
2020-09-24,35.26578054857182,35.34189889551872,35.21253209788348,35.283905114381376,35.29986581297267,229231.36788218017
2020-09-25,35.633926688785124,35.63510519849812,35.32470050223876,35.59168321236163,35.59695607986337,222546.0067806443
2020-09-28,35.99461142114819,36.26785821484359,35.98177690160274,36.02309027945785,36.018373461531134,62522.8655871196
2020-09-29,36.52976776140155,36.74693737169617,36.4312575872596,36.57617149037092,36.58549347591162,659696.0188085024
2020-09-30,35.960256047799334,35.97422695681404,35.85839978025743,35.974203871265885,35.97873493794489,273276.98605738755
2020-10-01,36.08367298631931,36.27580898166145,36.09692707080514,36.11702954459052,36.10368374077421,185466.24370749612
2020-10-02,34.26022205656473,34.43096145045289,34.08078246993164,34.30992560111028,34.30768240405242,420173.75412861054
2020-10-05,33.48454151136462,33.515593608685066,33.400555269489004,33.49024527608371,33.50015510368488,1006378.7079907536
2020-10-06,33.015028695586004,33.0587984887154,33.02685371600101,33.044572809259634,33.053321175293256,286158.76589552325
2020-10-07,32.62611532662768,32.80966892952911,32.517758165341895,32.629751856956126,32.6292009843102,267470.6268713721
2020-10-08,31.540768074762717,31.63378074723141,31.158234753730166,31.517627246674422,31.524086713343618,278324.0073856556
2020-10-09,31.760305126826907,31.752094781808022,31.583132519898623,31.71489598102557,31.726676995762425,94604.1777484548
2020-10-12,30.69600961076095,31.087137009557427,30.66505860326346,30.714471229040665,30.717675985840508,139575.1193707958
2020-10-13,30.97852376248911,30.97466198658828,30.880019455346087,30.94850225830969,30.93871906854256,503073.4402652851
2020-10-14,32.12793980234667,32.145533843334185,31.913454997046543,32.12612037097735,32.1221611206767,206006.7938738614
2020-10-15,32.13182985264033,32.224399201736524,32.167314512320345,32.17591929152005,32.18938605928846,165102.88419484915
2020-10-16,31.356131563609367,31.51808895062693,31.09251329905582,31.35747849105989,31.363147184610224,528602.7694949977
2020-10-19,30.992057680917583,31.322700586884803,30.8329924777999,30.972330445296148,30.966359162168853,229528.26960747407
2020-10-20,32.49695280484064,32.57800479207648,32.086264771281634,32.485456280580074,32.477391614236566,290959.7370955498
2020-10-21,32.99765500419807,33.063311863575315,32.84763673196159,33.04285756208166,33.04611546407775,127843.71350252652
2020-10-22,32.94632613664833,33.01949221383233,32.85762248714742,32.96359436509973,32.964606276221566,296418.45604058146
2020-10-23,33.35255166977597,33.54939236423521,33.267306381317404,33.348747427716624,33.35220684100001,195206.21573003076
2020-10-26,33.1731494263388,33.36246836911331,33.10924760967252,33.20627735168858,33.20395370959203,47762.767437747134
2020-10-27,34.860300986030474,35.17666616495773,34.705251025790695,34.89445204500942,34.89684766257392,279967.2823587495
2020-10-28,33.515757537846056,33.58929719833702,33.406665075532814,33.5151956206974,33.52100969379929,171353.87122018432
2020-10-30,33.9563003436787,34.003150295267304,33.96223108254309,33.98599465062049,33.96823550306716,234400.09303308307
2020-11-02,33.84371940682606,33.86784330324397,33.69869070895398,33.866439709868224,33.85546720397225,115721.5460562888
2020-11-03,33.00536345427188,32.97592703653077,32.80662398848467,32.96755481086852,32.95865595606858,164012.99763960257
2020-11-04,33.10347887020484,33.319992300156215,33.04137133986177,33.065360083303766,33.07744162997243,271937.46778313984
2020-11-05,32.124399943162075,32.37324727796434,32.10116370828417,32.11215631023473,32.114127906534186,337571.7361274648
2020-11-06,33.21072630005511,33.275417100691115,33.10061226197589,33.255541880919644,33.25999524345521,316952.88535746664
2020-11-09,33.97856004956539,34.10165597839241,33.841777676179966,34.010620811519985,34.001565087104986,321400.6299744289
2020-11-10,34.2328125390216,34.56725992987483,34.203867652170246,34.28442931890789,34.2969584965749,110650.71030066205
2020-11-11,33.114218406226215,33.286480946707634,33.105151140431126,33.12033489855114,33.13021316753623,201062.9944729679
2020-11-12,32.89343198050287,32.99716297507903,32.48221202758728,32.895592480494315,32.903322352203325,522436.70499169326
2020-11-13,32.981720824136886,33.05195843367499,32.90866537004859,32.94015632676578,32.94991401130904,854645.2262350884
2020-11-16,33.6983919860209,33.79403718204745,33.65852906149669,33.78081475895571,33.77188443918053,94314.43988257385
2020-11-17,34.39486778720129,34.67516961620286,34.36985639047813,34.3856797944357,34.37697918126794,150364.07342578468
2020-11-18,33.513531724259586,33.56391959941506,33.4586335165083,33.52567154052924,33.5125538064805,544814.1759679564
2020-11-19,33.340885090753,33.519966588787426,33.319926801764005,33.344548000386986,33.33740139678474,151996.6205721268
2020-11-20,34.7818775057176,35.03874541860682,34.670356444304694,34.76887378813991,34.76024820984223,367981.4692190563
2020-11-23,33.62034670657307,33.67289151961026,33.377297093893496,33.58282237965518,33.57472426446328,156953.36647455994
2020-11-24,33.139914479722265,33.28253938271901,33.02440471913805,33.13546872234581,33.12875734500086,250195.38389680063
2020-11-25,34.349637012021894,34.53283318055554,34.0466015779371,34.3124967901191,34.31004496813899,457832.5770284737
2020-11-26,34.103115492210954,34.21105534240185,33.77939073037336,34.08949678782441,34.079434888659115,783606.9791272015
2020-11-27,33.09249848995092,33.11367888257127,33.04831884386647,33.07351669879993,33.066923579671936,184390.26859336748
2020-11-30,30.80382643038241,30.800728729471576,30.662548479236914,30.78562728378791,30.79093033011233,335395.8865480742
2020-12-01,30.01842768738475,30.16841600877632,29.55494129468292,30.025466137632208,30.01703213696936,109534.31872771154
2020-12-02,29.56027287247436,29.596673821762103,29.518730606722567,29.592034001781016,29.59005047205179,346977.1840528548
2020-12-03,29.86078280410656,29.85773746251977,29.683491763153143,29.848464968994204,29.83390938722817,270745.4512380871
2020-12-04,28.858199059562708,29.087211743832693,28.624015389130257,28.80458566894471,28.80994861892444,191397.0331145152
2020-12-07,28.744501701699157,28.932818581560745,28.75450942557495,28.828422570267257,28.833722333600985,336183.9473482125
2020-12-08,28.766202013388614,29.05252148430722,28.653127885624208,28.73659393905547,28.729351520534,139959.74914257025
2020-12-09,28.90265953993032,29.161204658034887,28.848223216696287,28.870858744493056,28.867211077506717,570570.5065900631
2020-12-10,29.32205702827554,29.52752703165613,29.108519421486857,29.390468361749075,29.392293603521733,344124.5677250979
2020-12-11,29.86198442053395,29.903110852241404,29.63309820066842,29.876610852456064,29.866522375054224,238007.72671360208
2020-12-14,30.036095932101592,30.252831787967047,29.98854155034649,30.036187338390263,30.03845229632744,565055.1192859763
2020-12-15,31.6469505894548,31.654776581386184,31.418763054070894,31.63257184367229,31.633699294661096,199672.72298519016
2020-12-16,31.099693709454733,31.231262963681814,30.911378200463982,31.134073633691653,31.143213836081426,149701.9935684839
2020-12-17,30.456848509942716,30.658099764502968,30.44465322732237,30.46045889943145,30.461172681960992,532057.5262809681
2020-12-18,30.032015378455167,30.18279819889969,29.96190427361629,30.07263604549565,30.06919806692328,257180.1544461202
2020-12-21,29.36812845885688,29.692573860567972,29.246143518530083,29.40279820083942,29.40493569679549,741943.8301694067
2020-12-22,28.788100490926496,28.88115435773329,28.591026654849884,28.753097212985782,28.743749837313093,797577.3378045327
2020-12-23,28.93292883508959,29.044713159384195,28.713965888194757,28.96682703587605,28.974371076929373,106595.09283197195
2020-12-24,29.643818525143725,29.656312815760163,29.50601027642836,29.610899218137643,29.610473000216317,485111.6783625439
2020-12-25,29.073653594358827,29.16146915676469,29.05263008774736,29.062166609493836,29.06466208851881,272026.3387783149
2020-12-28,29.308433520662582,29.39069951542952,29.108932838946508,29.300177986598765,29.302849768211804,705888.3320193758
2020-12-29,29.46198082741301,29.56851485926489,29.395267995594946,29.46590384526756,29.45289624757638,635002.6366900099
2020-12-30,28.980388110286704,29.1140732696486,28.81505433590309,29.01787414019629,29.009703181586094,345699.2225674118
2020-12-31,28.280842502416636,28.387074797932478,28.285098126223573,28.304372221933438,28.312287128711624,78944.4086653486
2021-01-01,29.543945808012143,29.688303128431052,29.545333236990448,29.56193532166304,29.55892694759473,624664.4167058198
2021-01-04,28.84162810398224,28.974437253155585,28.80753076813558,28.895467282810294,28.896807948685822,214407.92639066183
2021-01-05,29.70721956272188,29.80693186482611,29.702749726242114,29.718773497527305,29.72214298611736,420544.524048716
2021-01-06,29.76851148172234,29.794118225689942,29.40591539214395,29.77385335163713,29.780053991694512,371915.5415861907
2021-01-07,29.047847661873952,29.19034087237764,28.95273356252402,29.040762565029432,29.037714599952277,275627.8535977388
2021-01-08,28.35851187222253,28.43101036421884,28.256891477219096,28.366211968474,28.36399488769482,367219.32128570153
2021-01-11,28.17200019126953,28.349591138133317,28.09572371909013,28.170121830004035,28.164945200371285,542052.1705930327
2021-01-12,28.31170836012647,28.32940880999147,28.204051524863235,28.22828489805059,28.2167627051507,406741.88822696137
2021-01-13,26.865870246610395,26.92103875521683,26.68856818124066,26.86499099165508,26.868087178271026,205530.3447283592
2021-01-14,26.79995711989872,26.78238800403969,26.728940588840928,26.755948639433715,26.73609325384676,125043.59078664747
2021-01-15,26.283513737360074,26.47506830222808,26.257382956921745,26.307511592889497,26.29971486505095,132682.13675666324
2021-01-18,25.671149329172387,25.80577106386166,25.665340005678683,25.67802731554165,25.68420608513148,126060.9609824416
2021-01-19,25.905589626001984,26.10513020055316,25.88476965540917,25.905572944349256,25.89232429643932,207697.58709073867
2021-01-20,25.771146609791472,25.992822689471375,25.717892682465408,25.7812676433906,25.77582856991529,247984.66242681947
2021-01-21,26.94533525125969,26.97478612165568,26.85889215533568,26.969155275895638,26.972925611360743,372715.4410551352
2021-01-22,27.11215039567732,27.089140764693383,26.976441660084067,27.088760179128982,27.102195508230626,389669.483040424
2021-01-25,27.05317789365749,27.20813655312828,26.91705660094035,27.070710307460605,27.077509672568617,541639.8863395636
2021-01-26,26.2877580141721,26.34775288298277,26.221295561705883,26.30933412068024,26.317007308181523,145450.17449527734
2021-01-27,27.06372665050409,27.13234864034015,26.6789507797104,27.05512062438146,27.062508321594205,226873.3100851973
2021-01-28,26.882323981081694,26.886390325042345,26.7709184921642,26.84107470001376,26.849369814311743,450488.2455017377
2021-01-29,27.31206163789504,27.595001528585605,27.18250903235064,27.29466325338715,27.279908951584392,402204.0077740632
2021-02-01,26.90325321476156,27.08286046010624,26.801130596358217,26.91758079500754,26.928702292566683,209851.14121776205
2021-02-02,27.28944964968433,27.404161760031823,27.24160463156072,27.287770403715665,27.277573196113043,90298.95886028216
2021-02-03,27.47806721532728,27.48295181048878,27.45361282273185,27.4698414609488,27.46911411218137,225873.392208385
2021-02-04,27.508634139841387,27.72393879848368,27.413501166830702,27.522992747772733,27.515922933346246,223722.77711887256
2021-02-05,27.780728088617675,27.8581462635034,27.628622404570194,27.75414254980099,27.75646027124532,160481.56438537317
2021-02-08,27.50417259153777,27.72525745537961,27.4920867838486,27.534971038725367,27.528946218083064,135850.33394262008
2021-02-09,29.013675419132312,29.11191971438995,28.87803125473488,29.03160675957379,29.03059642367346,79179.87087542629
2021-02-10,29.6728609238095,29.887029566175844,29.548860401130543,29.65030789815013,29.659934965578792,297986.91029809264
2021-02-11,30.874912086678385,31.000446081811543,30.852622336685968,30.88401759138532,30.885892161216347,145883.1524089527
2021-02-12,30.82951948582202,31.127295491884844,30.56506180419148,30.870056196476305,30.871567829473477,158694.06340216444
2021-02-15,30.27703943885392,30.36522503292693,30.13507528134352,30.282913399134294,30.26906546831169,309867.1913042422
2021-02-16,30.511958122237356,30.57088761732621,30.423457922855185,30.555053372145945,30.538922217114298,875363.4657508826
2021-02-17,30.95109880271183,31.341083086389485,30.971977183716508,31.03820692086657,31.04552680015644,80488.43835877538
2021-02-18,32.272356072324975,32.32734276231696,32.15602329773087,32.26448446786916,32.2773463457305,506901.9926996577
2021-02-19,30.90552396505233,30.926390072841738,30.76025349216606,30.895304486056645,30.90717066998221,132793.19026370204
2021-02-22,30.938512748254816,31.008013825701745,30.93620593803448,30.949570838036,30.949616934340067,135018.9639312257
2021-02-23,30.56270099812643,30.63840007731045,30.334778438995887,30.54923550650945,30.545180201345243,229110.1887510506
2021-02-24,30.343460450077146,30.54361278144083,30.357912147486648,30.41326245394591,30.40848203951322,294462.08936772664
2021-02-25,31.23736699688525,31.34616963165036,31.20159542806856,31.23408560586428,31.235534139588676,122615.58859520304
2021-02-26,31.180990029093955,31.18204307446598,30.960229497378368,31.18115671628489,31.18520707906567,315764.40814743284
2021-03-01,31.44333698850268,31.44291158871366,31.29064586256405,31.432903561480856,31.43112364340908,117034.9650672683
2021-03-02,30.810251113415628,30.875882706419503,30.58569909876688,30.82600370115908,30.84372981421881,302818.540629551
2021-03-03,29.51781918256007,29.472511180735047,29.317376913844125,29.43826359380829,29.427231755395542,359715.975510654
2021-03-04,30.52181046277329,30.5877963818992,30.36826186800712,30.50311282679408,30.506823091744213,174827.82211502333
2021-03-05,30.055266423924028,30.119967426287523,29.95052287915801,30.06154795977439,30.050591895342915,244425.76712244577
2021-03-08,28.874868044311096,29.22550983942203,28.816943267722724,28.905567859684048,28.90491834661804,169852.75964962802
2021-03-09,29.26587104750652,29.29352455056087,29.237133264547804,29.25717899935271,29.25169829747047,285679.01116639195
2021-03-10,29.04404386301768,29.273670457578337,28.84299385826647,29.05269999940237,29.05629083856477,97926.9469423476
2021-03-11,30.827061070270386,30.75092145397381,30.73057341678313,30.7418754169664,30.73712890008517,197633.9855014884
2021-03-12,30.71337133775488,30.76289746684794,30.62125622253981,30.727041071034147,30.713313792891302,125190.2263891325
2021-03-15,30.856903547860384,31.05381075122842,30.8105857838156,30.82981574437797,30.82598784186092,374341.129452534
2021-03-16,30.574983492466767,30.629431589890967,30.491517122546306,30.59912326456435,30.59360120344278,265842.438785558
2021-03-17,31.1279939772378,31.337184324716464,30.98276112980648,31.128979843813998,31.12769912988347,248206.7907703892
2021-03-18,32.52943432385796,32.904581789994786,32.55739690333069,32.602718668768226,32.59410564335111,0.0
2021-03-19,32.83417012874417,32.89022020375461,32.701469523856545,32.82617504584007,32.81682195974866,338372.5979896066
2021-03-22,33.99347334284229,34.05217803346351,33.94645556007718,33.985865044223615,33.99096305180496,279010.8141449004
2021-03-23,33.769864951942246,33.82034457153377,33.6445731895932,33.704191790068606,33.706986804833555,260888.82451920005
2021-03-24,34.04266728900932,34.081796148288774,33.97384509112416,34.02914684438426,34.00823231316945,409961.8256076804
2021-03-25,33.968285235156195,33.941394783076305,33.909768827770186,33.93632059829913,33.94144096707496,218530.10371070536
2021-03-26,33.26992452294459,33.49204597383789,33.17881393246457,33.28427809263576,33.29833659798969,245281.73076691997
2021-03-29,32.72078406193582,32.77000274809846,32.67204419482211,32.72601508368531,32.735038419194375,565081.0150704825
2021-03-30,31.186000078277427,31.27075541499804,31.12417743097875,31.166392776219556,31.156108856890807,308758.0719515032
2021-03-31,31.38418118279874,31.3800438432191,31.30025112099153,31.325345246515397,31.32360212446917,102672.38712320318
2021-04-01,31.44619366782763,31.457243595930738,31.3691780934058,31.455385933316716,31.45960338158713,468819.7954629381
2021-04-02,31.153640611785736,31.302244962529617,31.13368414675526,31.17381429171218,31.16429438634747,436669.2684230774
2021-04-05,30.402956658965213,30.596766571491617,30.3743938912068,30.412530280898544,30.41605669230636,145106.53878973695
2021-04-06,30.32147998683052,30.31509263543845,29.991896310490045,30.26846257748462,30.27744469125883,344422.89446549444
2021-04-07,29.07021970580493,29.122875064414423,29.04773458121892,29.09766424542273,29.108814379538515,276265.7884720818
2021-04-08,27.704983741960707,27.7725971025946,27.64177969325164,27.6917471260335,27.69691786308159,186590.8466376176
2021-04-09,27.072950163771463,27.123068862212985,27.03335076513362,27.101913735862976,27.094605528931616,780293.6388151996
2021-04-12,27.88809666519869,27.925649024568816,27.824802418523664,27.90043396913,27.89623467578766,58592.42536776191
2021-04-13,29.08133408087861,29.098527884702712,28.99477605968074,29.065077508960204,29.0657283178204,275369.6065244881
2021-04-14,28.90013498389816,28.99639866407453,28.538750086660134,28.913402963302502,28.92329307290813,381402.5095969565
2021-04-15,28.790560570464653,28.831973013047666,28.607619033983934,28.792518040043387,28.789738001044977,1613750.0565644954
2021-04-16,30.548108092901863,30.66136700165761,30.476016867221105,30.53121584972683,30.51836358254977,630142.3483654268
2021-04-19,30.431098737322813,30.813611406207347,30.17447048794849,30.40693501957653,30.41088328286196,103465.91752995936
2021-04-20,30.226586542459025,30.326418959605,29.906461617171896,30.234750544338507,30.24244664416464,387462.2387588399
2021-04-21,28.914605178690543,28.97158706392672,28.75602963986188,28.87091138904776,28.863551547808168,313988.9187857328
2021-04-22,28.53529175549392,28.50038986627898,28.47989060303041,28.48621280102534,28.48402638728969,225741.10415770896
2021-04-23,28.89724472300604,28.970484914807997,28.714366881635307,28.86905949258301,28.86195741832344,329867.508107994
2021-04-26,29.09607292282076,29.40125210768268,28.89591818732648,29.13561902033424,29.135467403156845,479807.5220176435
2021-04-27,28.022787871017226,28.318725370364135,28.01683510380992,28.04590446172648,28.047553507321105,717403.33262304
2021-04-28,27.722882254872413,27.91777891883166,27.60401930899775,27.73055265729848,27.731647902362223,446350.5532211698
2021-04-29,28.39640778206365,28.405446211000143,28.31587984086788,28.36654415656097,28.361133075775907,362358.4982906099
2021-04-30,28.76141160579011,28.972950370902044,28.681231256734616,28.78367855911806,28.77346418081949,314833.412714796
2021-05-03,29.086296316284034,29.140005784110784,29.0221700234321,29.103305384218924,29.11322230409932,272483.27046208305
2021-05-04,30.48913808581677,30.60479948638634,30.31409518344918,30.51462166263869,30.511055745892502,412546.604544384
2021-05-05,30.45964522819772,30.8437423925827,30.47869158807113,30.48907474609817,30.48894999519144,234875.49421764835
2021-05-06,30.64327112446553,30.8042751046648,30.209738198478703,30.641033943562004,30.65352693285014,229782.31286744872
2021-05-07,30.268707155177363,30.403785709003262,30.27649970129625,30.288759935370877,30.28836372884512,194447.06530927136
2021-05-10,29.981551197075824,30.256289888104025,29.920979023365277,29.962969250495792,29.97258559181148,192893.70952828563
2021-05-11,29.684443664654964,29.886652208749496,29.679153146253597,29.71174285172273,29.706441444355548,307490.1001813522
2021-05-12,29.985669614579315,30.184754421569057,29.920313981381028,30.03017025604121,30.026968924159014,59601.232229686015
2021-05-13,30.58073792649476,30.818274146517,30.452287240783036,30.554175105545724,30.53667753797579,317124.90280255256
2021-05-14,30.800983338325818,30.953208845462044,30.67587630523559,30.789579965241067,30.791989283842668,529653.3038730077
2021-05-17,30.840677157412102,31.04179234007892,30.70870770809628,30.860999295239893,30.86184687204787,158827.20417379192
2021-05-18,31.623743524141897,31.62827582324608,31.54916685491441,31.62214058254468,31.61369956874069,170218.64752083088
2021-05-19,31.56874350086825,31.960357836322498,31.467371633081648,31.58373637192181,31.585902072757424,160245.40650340612
2021-05-20,31.93375436261347,32.0866269919195,31.93424636211779,31.98238893709508,31.981125354892715,719629.6397443342
2021-05-21,32.29728125467157,32.33075741811628,32.05104229872728,32.28674002349817,32.28727828127278,178390.7192952079
2021-05-24,31.867811752630494,31.8525439538068,31.57720679983935,31.833758575370336,31.83502025143872,312879.3672529925
2021-05-25,32.182534607882026,32.188702488292904,31.892065528167503,32.17672452169199,32.15808794772358,242440.84666109213
2021-05-26,31.232120283464663,31.37381755487053,31.09032012077477,31.26339138301133,31.26339138301133,427721.8398737861
2021-05-27,31.729295512825665,31.82444487555501,31.502468099277294,31.725743610059855,31.72720638392272,336064.1665158317
2021-05-28,32.77320983545162,32.8855050706358,32.743414680368154,32.82273859264858,32.8247768352886,322950.45463948185
2021-05-31,31.850147860369933,31.91707871890471,31.87995026964588,31.889999234135736,31.89687836149954,203245.2428645196
2021-06-01,31.421281660827635,31.645013246923117,31.19203609968577,31.487991231932284,31.49141995832836,335303.63536270603
2021-06-02,31.532393331514637,31.802253732388,31.38869557200588,31.511337210176404,31.51862588048544,118809.70492483088
2021-06-03,30.89954285137444,31.01749272538177,30.84474497332276,30.8948787899058,30.902794994344536,169490.53007526195
2021-06-04,30.85143586353636,30.88734966685456,30.66802711606488,30.83714295217496,30.822337466798142,379451.6886924942
2021-06-07,31.133179145666617,31.177432179792515,30.98549507701373,31.13163569824053,31.118751824386564,321249.43713568966
2021-06-08,31.392349229530733,31.55139103030353,31.29283401863909,31.418276603498438,31.409313024041797,251204.1595005608
2021-06-09,31.764225855994624,31.837762415801908,31.748278847297332,31.772879098243266,31.761775807378687,158511.0342314177
2021-06-10,32.70762030988038,32.800059410993285,32.56097155108263,32.712258639441245,32.70944256904857,282417.8731081529
2021-06-11,32.56307315963896,32.688167450872776,32.44418374488851,32.52192707640057,32.52187899574862,152050.39971440058
2021-06-14,33.25651233895809,33.427874293040354,33.11846691147166,33.23496424686243,33.23569667032907,421756.739368655
2021-06-15,33.15599207113083,33.501033512991995,33.00409284851697,33.15319615093762,33.14882356152114,584386.6556432083
2021-06-16,31.98732492198128,32.41949514637201,31.870148577199053,32.007516617366974,32.017467093237,267215.5783718409
2021-06-17,31.989574894923635,31.99065403813813,31.922272377681143,31.98814107208601,31.993244013630715,349879.50511233346
2021-06-18,33.179038186307935,33.234842845218644,33.04660444021459,33.15485316959836,33.15715812522415,501208.3479175488
2021-06-21,33.495998206985945,33.59488057718976,33.51408407810587,33.54163807495128,33.55281705813916,710927.2623935291
2021-06-22,34.06276268213402,34.13190050465401,34.04659050068326,34.04901939354696,34.04418367830815,228591.08101641983
2021-06-23,33.867664619363666,33.86635842735062,33.767571814220176,33.843736117265266,33.82250994419512,683655.9246485186
2021-06-25,34.76010974581821,35.05517080364342,34.52287245072858,34.72988622762677,34.71659022248999,133705.62826415693
2021-06-28,33.6101329447068,33.78830034904381,33.45637352323561,33.63706654957788,33.646821221904375,166455.72227332645
2021-06-29,33.03491200641695,33.259125498347224,32.84317165047303,32.95737367500454,32.95682515598183,685249.3783780226
2021-06-30,32.41480897954828,32.50102839886895,32.370948032725785,32.37638086525047,32.38456527622529,590901.5177900281
2021-07-01,31.085356853657203,31.166498669143618,31.011192108299863,31.130001117863547,31.134936988418424,408525.00161170174
2021-07-02,30.879841656443272,30.982937092266106,30.90043908697692,30.91410013131945,30.92667833999155,468533.2250130058
2021-07-05,30.01332055415624,30.32416724995723,29.887422710013094,30.00589510707961,30.00848394725785,92827.33829512604
2021-07-06,30.18022698271332,30.190348434358004,30.10408011574909,30.166606941141453,30.158681677239887,74003.82119890992
2021-07-07,28.935403972016207,29.091681976067218,28.679087722132486,28.90215348430262,28.885955378947425,148622.68508301704
2021-07-08,29.0486936391067,29.278331227920926,29.074206066211413,29.08002444282053,29.085421324867102,65204.2326948619
2021-07-09,28.397157296894235,28.506179945453223,28.308201446260096,28.41019376033096,28.40512408700472,309899.9760045168
2021-07-12,28.70784150115459,28.722825087871453,28.53845154250766,28.690948063176133,28.6861992916312,336767.3730954775
2021-07-13,29.39267410357744,29.559717682236275,29.326262005081976,29.385984589032358,29.37730888304068,183639.3616928164
2021-07-14,29.4866072817944,29.874060957588657,29.169304077293532,29.48386587782321,29.49376643086486,374236.2217248976
2021-07-15,30.542821690740467,30.750644883446547,30.579832425544662,30.58030969314153,30.58871581842764,495169.5603245717
2021-07-16,30.44836911053362,30.49355299721525,30.224774705574497,30.448536844462403,30.448759450727287,351043.16652380925
2021-07-19,32.43908011790926,32.472428529426466,32.299231806996424,32.447325954498275,32.44620675919354,282980.0348951649
2021-07-20,34.01816241682073,34.33976067728018,33.9909662259522,34.03774726072975,34.026580105185175,150080.24331238665
2021-07-21,33.84863299808467,34.30446200946424,33.83197807069169,33.8424624885001,33.85451159007938,366403.2696351837
2021-07-22,33.30470599563826,33.31973598954091,33.11815856266963,33.2534715272671,33.23990642483815,274675.4675707757
2021-07-23,34.573758194507256,34.63988726067133,34.391392113410234,34.60437135692456,34.60491540720812,209458.94890502197
2021-07-26,34.92983910430282,35.03519307743133,34.832779028020745,34.88565053279246,34.88399766097228,132677.3262084395
2021-07-27,34.04333595702835,34.21685714393365,33.9512715337447,34.119419889029245,34.112245558732354,330447.6983469577
2021-07-28,35.02362524804937,35.13810288526824,34.75345461586101,35.005429340598184,34.98934555345225,833062.045804652
2021-07-29,34.82850367046891,35.23584320876803,34.63683173529093,34.89363363074819,34.88690884258349,258174.6989202289
2021-07-30,35.454111468533085,35.451083293375895,35.22328924635249,35.42552633310972,35.41775618127837,251924.4690648768
2021-08-02,34.02939368871383,34.09449713888873,33.670855428464456,34.05797129167942,34.05449419958076,487734.8793043749
2021-08-03,34.75535332849758,35.009199188550426,34.68433099430115,34.79603080860236,34.793776776704995,293710.6451095532
2021-08-04,35.25658897196588,35.49735480063631,35.22253535657998,35.249582003819704,35.24618296724283,196885.0875468497
2021-08-05,34.695233172122784,34.90120478095162,34.64322078598249,34.73111853857967,34.73031280398867,325213.38274529204
2021-08-06,34.47046039641875,34.526012525853034,34.451263550105814,34.4552605499929,34.44716531269628,155060.6285793152
2021-08-09,33.54601160329685,33.68916526132378,33.48286237440677,33.542631452352765,33.52824904673936,703504.6900407886
2021-08-10,34.316701362744205,34.30129969148938,34.08866507537484,34.24622332241112,34.23980705483565,211023.97047007037
2021-08-11,34.95808674033278,35.14746747200301,34.88128083304458,34.94436112338172,34.950997291637854,119963.42803248452
2021-08-12,34.715461906994314,34.9239954826017,34.43980369796058,34.733141035655294,34.71879639203311,454042.990334198
2021-08-13,34.47466598008963,34.49137774805381,34.05456363138858,34.46557288647313,34.47775272681022,228504.4122611372
2021-08-16,33.71453199581198,34.17655599358854,33.64409616421786,33.72825666441229,33.725992705287055,293805.5417430205
2021-08-17,34.26445129268059,34.40098863346144,34.01371698162509,34.28230805356863,34.28731599560026,230416.71235943344
2021-08-18,33.93336377575336,34.11027439896504,33.930565070944525,33.93348616897617,33.930642627594736,256983.5844194292
2021-08-19,33.77223418054924,33.835664127744295,33.587998721522794,33.75692190514392,33.744377887086365,293019.7717722295
2021-08-20,33.58604828446525,33.73243810683793,33.45391883737719,33.48841174924695,33.46165852954193,218872.8347162522
2021-08-23,34.643611458799384,34.843266236866825,34.28338892947527,34.64163355954488,34.640435820346454,165767.37839198983
2021-08-24,34.20549375030454,34.28873630385421,34.202220074977745,34.233444407129454,34.23821532719343,131939.21569652195
2021-08-25,33.95708586834606,34.05429240948326,33.67958330939089,33.98622796564451,33.97726505720829,61713.548003560936
2021-08-26,33.28000100292879,33.43305392496418,33.27413891105308,33.281686066587866,33.28953410291799,972249.3643280928
2021-08-27,33.79192042382834,33.85972481772519,33.61976617377775,33.800695052604915,33.796689437099545,222477.29830014543
2021-08-30,32.733679596980075,32.74107479020834,32.67109312884092,32.73794353397163,32.7269206712106,662343.3534110795
2021-08-31,32.1164433092933,32.27975954625178,31.86554171902953,32.06231095010377,32.06528865386129,162832.4033692544
2021-09-01,32.3665224500939,32.570002369599486,31.997068909399875,32.36983880826914,32.35985588381492,1196751.349668789
2021-09-02,33.047461951033505,33.17280687464685,32.8468303943165,33.06737597115778,33.065717412008425,263895.91637978685
2021-09-03,31.25428898613958,31.2649904222406,31.16585462073281,31.19214122573002,31.18522095180873,330306.815706568
2021-09-06,32.19472631708349,32.31711429557366,31.968135402592853,32.19556746986491,32.18461674691935,661669.7152849378
2021-09-07,33.96687213496206,34.21025211258111,33.918775327091225,33.968359211485605,33.971781459214974,351564.18392433313
2021-09-08,34.53769752430764,34.522770130277365,34.4502172499141,34.512632816508265,34.519182448192794,232167.5125192293
2021-09-09,33.38806036594632,33.554802018308656,33.29213913964631,33.381624480023284,33.38438033431799,304328.60790657793
2021-09-10,33.69105242029446,33.70273527484834,33.43314833638935,33.66514635455183,33.66210729841666,188341.71456680796
2021-09-13,32.79545230703282,33.00048183386485,32.72669180725236,32.87534453871686,32.879985501922235,388513.775689474
2021-09-14,33.51672857983856,33.68009994294533,33.43022991820569,33.51479647486398,33.505100898563015,329425.14622673584
2021-09-15,32.84287353103123,32.968411886134504,32.73403408136633,32.8226873334244,32.826819264443095,299671.6851000251
2021-09-16,33.35210215448236,33.3841681978757,33.1584307198632,33.322839609252654,33.31202967735611,347596.8244914832
2021-09-17,33.712696317099144,33.83790921304403,33.62092980429848,33.71169147979042,33.729786050081955,1035123.94628979
2021-09-20,33.861029489748816,33.9535148099208,33.767964361733405,33.90005433912957,33.90509065781087,190844.32184540457
2021-09-21,34.61979493724197,34.68473744820754,34.34153660051197,34.5875779063074,34.582433384773815,287773.90227689326
2021-09-22,34.933834386217484,35.08807343057462,34.8933259436016,34.9374232731056,34.93061794511699,271530.87521607085
2021-09-23,35.059368793229815,35.104138934019744,34.77533705953429,35.02269800025991,35.0081631806025,326940.267164991
2021-09-24,34.49464924455967,34.696733628270024,34.434131944744834,34.53430005052608,34.540293020634834,179815.4266965244
2021-09-27,34.75556363793934,34.87913088303005,34.73320904597921,34.7394460327234,34.73894949049606,240354.02503951604
2021-09-28,34.327714011079685,34.39904713873503,34.14922660044686,34.32508717502603,34.33464326801235,868169.9409165949
2021-09-29,33.07936974744884,33.10526967098659,33.039539189036205,33.07645536859968,33.08110375731793,422803.24576487934
2021-09-30,33.39731842309052,33.53056412426104,33.31946303382082,33.39182004176703,33.39413184478866,183706.09601719023
2021-10-01,32.018699058157814,32.064395522933296,31.9572379557674,32.01151762345916,32.00693636664338,518993.648896721
2021-10-04,33.66114766049282,33.94445233174438,33.5614844028157,33.715771224503044,33.718342495990235,172549.4131340598
2021-10-05,33.63303335032079,33.9206617898639,33.3298590766034,33.60725894805716,33.6049254581998,476661.6697135396
2021-10-06,33.45319519703583,33.52774183968643,33.29379418452465,33.46262069395084,33.46246097262148,115175.33020717038
2021-10-07,33.57306989995318,33.93817876140478,33.54423523605989,33.62600180174659,33.63683547216068,104309.2103831965
2021-10-08,33.9177393273805,33.94299679152603,33.907096464539634,33.93214752638915,33.929488874550515,352274.49345711403
2021-10-11,34.57691763479946,34.759591197128664,34.311258402705015,34.618043657310146,34.61465657205043,281291.63218297466
2021-10-12,33.73803157867813,33.9405081155719,33.507274003171986,33.717775790629844,33.71634640211449,490282.437624933
2021-10-13,34.375300096613024,34.4586800810685,34.1102284624842,34.3876002624633,34.37888138636974,276734.96055669937
2021-10-14,35.27502265070197,35.494253015741506,35.17912690679714,35.240522731740576,35.24258843463028,222896.86082506148
2021-10-15,34.91278574845661,34.950472447222865,34.8030638371032,34.90924133993196,34.91646785346632,365277.0790094978
2021-10-18,35.96466287619734,36.074656270929246,35.8466994473619,35.969298671404324,35.97994581925026,673890.5777855285
2021-10-19,36.171789759813976,36.38118557777345,36.05740842604557,36.197564474710056,36.204080908548015,122333.99862272844
2021-10-20,36.50792814518885,36.81448910243151,36.2094930530405,36.5117800782733,36.50982312383675,70711.60228001748
2021-10-21,35.928602911278695,36.03134141666623,35.852827865413616,35.884927406332245,35.8844805498591,77037.89837739602
2021-10-22,35.99528740338151,36.06347729633317,35.9584747017208,36.007769628443526,35.99953957733741,458438.9302778975
2021-10-25,35.4914220969932,35.49791156368445,35.48028947662842,35.49037334709417,35.49586121027236,210666.886511395
2021-10-26,35.155199008493305,35.25027355325441,34.87462565206394,35.150991321488064,35.142454601124776,288932.1764669149
2021-10-27,35.25743971972752,35.39245540948672,35.16625022418862,35.3369684897581,35.34015360762837,283575.4719695797
2021-10-28,36.285286294109326,36.54199418650266,36.25457645277776,36.2855358036432,36.27591776231586,238777.0649192569
2021-10-29,35.23236922499994,35.257615095576135,34.97280429063901,35.223681556907565,35.21808319937158,176384.41739554875
2021-11-01,36.1120688539876,36.24472665651716,35.930424269527045,36.12608657500833,36.1227788623648,314312.6287273137
2021-11-02,35.588749298532015,35.783197671186926,35.60223089756433,35.66301302721212,35.68000498509353,353701.7222329144
2021-11-03,35.57996845844935,35.76414689139065,35.34058681696542,35.55782348753762,35.54809823588052,159779.37795220222
2021-11-04,35.22394103531299,35.562815950618244,35.04063684513976,35.209312737913926,35.21782368092517,898575.5595978348
2021-11-05,35.92740215873434,36.07675788299802,35.634231575536006,35.91429412935407,35.91580584948517,353693.81116953527
2021-11-08,36.39474583879237,36.4259888912107,36.28646321355342,36.37997069917146,36.37886300400461,204406.08269980235
2021-11-09,35.7373708247172,35.92597188137275,35.599415368670364,35.689140625901175,35.69352994128875,117772.20321368916
2021-11-10,35.47038821029045,35.48770187691923,35.41513382646172,35.433030748060794,35.436435940189305,258141.2981742753
2021-11-11,34.731052887926694,34.765052162329305,34.68619711325584,34.75422841373504,34.7385878256355,367329.696385105
2021-11-12,34.46355364289274,34.651932862889026,34.38066349725782,34.519329666525564,34.52480613464203,290866.6169283669
2021-11-15,34.45322933084811,34.44898789616602,34.24710492854124,34.434296294561086,34.429510422774406,232170.43254882784
2021-11-16,35.026077111831704,35.08175591982088,34.96457388345274,34.99715029423912,34.998906649359924,264676.54603677714
2021-11-17,34.78568725328007,34.972975976702344,34.73811000059387,34.831284002917094,34.83492222894807,191109.22782171285
2021-11-18,33.69761209672491,33.82688560281795,33.59307832632236,33.72626315546957,33.70628550710547,242067.98676485172
2021-11-19,34.123227368084514,34.17807580815682,34.10352182652336,34.117116272812524,34.11603896900537,59611.85007636204
2021-11-22,33.57833386310365,34.24382360181438,33.175643932310685,33.58632117552859,33.59023237709024,162060.48595911782
2021-11-23,33.113073040729454,33.2210015159134,32.90195801866462,33.11665846258252,33.1016630882324,116306.79229903888
2021-11-24,32.4541548384505,32.61158840593027,32.11692209268258,32.4511883803677,32.455047204067945,385592.5892471154
2021-11-25,32.82551357491777,32.797989737232086,32.56912115577085,32.78956531437468,32.781267606629584,621958.3561632244
2021-11-26,32.18050644044618,32.41381730845001,32.11493650528545,32.17264761860393,32.16275674251439,623462.5177334019
2021-11-29,31.52410806976304,31.641000492731735,31.504483531225176,31.579250753271943,31.58150707204741,310012.7344597774
2021-11-30,32.27628763958539,32.339184183059494,32.256133700651134,32.29519173875928,32.30359616627061,264556.39360912354
2021-12-01,32.37892292550207,32.538572147769166,32.19051669998871,32.38233395904371,32.37061278692808,273902.7612571497
2021-12-02,32.23460797248527,32.41962079806231,32.00742710722235,32.23629412126237,32.23911861362006,282930.1709995315
2021-12-03,31.41308651649045,31.56876484874412,31.379532369808675,31.38730318003722,31.390447515957216,775955.0607246571
2021-12-06,31.364519431446183,31.558836401604417,31.031134028156483,31.36505283759971,31.376917425977886,260894.00855437847
2021-12-07,31.23803286248736,31.22057534659173,31.09919646594882,31.20363020375988,31.19690568662026,149219.79829011197
2021-12-08,31.79338661723671,31.848387560531005,31.70455057287249,31.80800503946529,31.7891301675115,221070.1482907697
2021-12-09,32.86067139304756,32.88537221324138,32.71554209469027,32.80624030490041,32.80239759769675,155967.664612165
2021-12-10,33.05851108898552,33.13638484841596,33.00849030705906,33.05115642009721,33.04646704191536,794962.1145376961
2021-12-13,32.38730416229963,32.48624406101928,32.25406762167349,32.38414069249453,32.38853472686009,437874.5507251594
2021-12-14,32.36385134017196,32.86230069203818,32.12028537458673,32.324555783694656,32.32340505340507,258301.7059411417
2021-12-15,32.55916101957828,32.77502562812696,32.35172020637102,32.591725992793464,32.589282133762026,239913.32854026067
2021-12-16,34.141571180239474,34.48961455448232,34.08705611116174,34.169325722583885,34.15570606865448,575722.3822375145
2021-12-17,34.943599790884804,35.22005978460431,34.863545207799014,35.00708035217681,34.99715669411572,199171.53267606403
2021-12-20,35.137529528318815,35.534143311697804,34.91431617627327,35.14172713040475,35.12954657773135,564449.5398372434
2021-12-21,34.9735176111765,35.21263985681057,34.847818415097784,34.93088021372151,34.92566324990802,189452.4225387649
2021-12-22,35.13223624382836,35.2446260050455,34.87743063639041,35.10778511018039,35.09806152744314,690786.3675752318
2021-12-23,34.48007576164976,34.63638556330623,34.33885282432815,34.48270697259201,34.48466042517288,518566.1629903968
2021-12-24,33.77740570845985,33.87012599806825,33.79559626675897,33.841922270954335,33.847697572645,146813.0835572279
2021-12-27,32.506012934711755,32.59764391242611,32.423684036823204,32.50895691646505,32.510464705569895,158748.86439853496
2021-12-28,32.1641071476457,32.23687130171713,32.11592329590534,32.19370391824387,32.20071052652732,233025.1396073301
2021-12-29,31.727912162834063,31.85836882343264,31.60545951803344,31.675512161119947,31.681020448788395,110086.9357194803
2021-12-30,32.41687573521655,32.49372317098182,32.36621148456766,32.399528446054944,32.40395954147913,178798.56476156157
2021-12-31,32.466161229826575,32.600197725206904,32.42714853442968,32.44152853671613,32.453368233847705,103714.63051945812
2022-01-03,32.661971167244026,32.637270374910834,32.50090031381792,32.60710804752404,32.611439349469066,165032.28437820895
2022-01-04,30.980643973830617,31.391538287448554,30.93425168904569,30.984850773319184,30.98534368785261,258128.97553524707
2022-01-05,31.130380174659543,31.34783791864514,31.07662977034533,31.092687795828343,31.07788171067864,312301.12687405216
2022-01-06,31.451494099950757,31.77337272356863,31.482113438288128,31.483183036514824,31.492089211345377,389191.7731360928
2022-01-07,32.60581142264876,32.897889034708136,32.52393105648541,32.655983783883414,32.66110093201125,291251.81107841607
2022-01-10,32.210283055453026,32.24957311452762,32.12684388322877,32.23328105203686,32.215073665298945,509544.0192716649
2022-01-11,31.718883475068267,31.755174533329487,31.50009707496546,31.684667899545182,31.678524409878985,263481.8473583047
2022-01-12,30.76427184175219,30.850406688528405,30.75757924812422,30.801837772633935,30.80057000482647,534560.3777830768
2022-01-13,31.30227710091397,31.56240382031785,31.200043308839668,31.26824510146825,31.277621353679464,169367.7503166281
2022-01-14,31.989467292046378,32.20450177281284,31.83704687321069,31.974941727082733,31.96916488447358,240893.82021403385
2022-01-17,32.830734849837604,33.02636151586979,32.62463738507552,32.84827582873251,32.852721700539355,274143.2923699859
2022-01-18,31.34630060084908,31.607818082604105,30.92082890570498,31.3833618277823,31.3833618277823,105809.50602709872
2022-01-19,31.164172740758485,31.415443279047157,31.01022178203928,31.18284967852744,31.188086743158248,416593.4325283647
2022-01-20,29.68554955744423,29.870529134602464,29.58038252836395,29.708343993648167,29.711823356164807,480304.5929669149
2022-01-21,29.378412920515768,29.712239740416667,29.274635881663457,29.36815745235441,29.36366789373749,253543.7578610945
2022-01-24,29.863248311327023,29.89097378324829,29.60303367164124,29.800684384648285,29.8172012078787,648456.2385384988
2022-01-25,28.24161580564076,28.255699315519472,28.16671448843989,28.23893050365137,28.24052744964278,152318.44359776608
2022-01-26,27.13447364558436,27.19279853298064,27.10790366002718,27.143538756518453,27.14732615700637,223213.58829644092
2022-01-27,27.233360848992422,27.35662503817689,27.052624916183078,27.21764899055463,27.21949975138566,352415.4937220821
2022-01-28,26.89799875399854,26.98545920905915,26.74790473153256,26.92134189391571,26.927049514748163,480255.6708897735
2022-01-31,27.27970461900613,27.38915769979297,27.19836625307173,27.294640416719638,27.290661274141677,300416.4030306322
2022-02-01,27.775760177986363,27.8667809047767,27.710061535707123,27.75992426202344,27.75777102063801,699517.5597805142
2022-02-02,28.09357583977491,28.147994068595924,28.08948467888074,28.12655810300199,28.132238376706077,412348.8939229836
2022-02-03,27.618028960802928,27.63604029433742,27.48001921852827,27.61156979919747,27.610612830030224,219182.7435848656
2022-02-04,26.586025923244225,26.605905300486565,26.54739158201664,26.587783317021696,26.59932790883999,229253.72273787676
2022-02-07,26.33726974232356,26.51550723476063,26.30687636828668,26.324979729293407,26.311878636937,232442.76345440783
2022-02-08,27.00199193582724,27.06597850341929,26.84112055085358,27.0131674230622,27.00974999473933,558478.3062309185
2022-02-09,28.001084213542143,28.20421589585752,28.023844724242466,28.032124059322896,28.03626426555783,252771.0274100857
2022-02-10,28.59425140620205,28.72641659202983,28.595999271715165,28.641520733423228,28.6504065718331,327984.5904721762
2022-02-11,29.68531044792758,29.76658761725458,29.602652033691875,29.68696742680261,29.688643379391618,173614.60577878152
2022-02-14,29.25170894276109,29.426359293966843,29.22302456227428,29.259633730991272,29.256324412692894,111423.5630881183
2022-02-15,29.185858763871387,29.265006754300185,29.16655967487701,29.17354569455101,29.17803481152391,253567.1307000144
2022-02-16,28.070344539664195,28.1599324328776,28.04089898194977,28.077532575664414,28.081665909459584,355884.25260441704
2022-02-17,28.98223396995921,29.06417274762393,28.88395384463395,29.01046900335272,29.018108756572328,82157.28192741517
2022-02-18,28.73289422881821,28.84893041064199,28.65450265559316,28.72110293965708,28.720563785685595,240309.80779529383
2022-02-21,29.7016859927584,29.723211075158822,29.51764525003729,29.71517768879312,29.729149655872025,539059.6313154842
2022-02-22,30.448536767495884,30.63960097770588,30.278003228942275,30.49208741237156,30.498574412829825,103162.21899420278
2022-02-23,30.611831483256285,30.8042087516309,30.38822174705832,30.60878720498769,30.612649891531863,257256.72664939365
2022-02-24,31.329833594035332,31.431618826202254,31.17852642255403,31.2666435866444,31.25658702471777,240400.67020025212
2022-02-25,32.48235446931963,32.502844532520456,32.44924991941095,32.46484277882907,32.4591849897867,355992.5397165248
2022-02-28,32.23413491334286,32.335109344292086,31.785847001942106,32.23028843956091,32.23917570884261,268658.90198762016
2022-03-01,32.46678590084122,32.65189939659294,32.3711963498152,32.442939431551096,32.441278879007136,189108.151932677
2022-03-02,32.601535093301315,32.690887069549234,32.532515713408664,32.60125466605896,32.59130794253985,197903.1407680128
2022-03-03,32.03472835526754,32.427071123104625,31.945189988639594,32.054269591716995,32.05446750843532,657449.5564394773
2022-03-04,31.198766968965376,31.29205908340752,31.07992893261816,31.237069822324194,31.24476545562268,453386.2467086632
2022-03-07,31.983337279082747,32.00092296351331,31.959497760903485,31.994628089546502,31.97355251925929,306549.1632059429
2022-03-08,33.432774362696044,33.619225593036234,33.31719225354825,33.49420680655058,33.488526487227304,237197.9744578574
2022-03-09,33.2965105656061,33.55220751912721,33.23745214243822,33.305919640871394,33.32377313605425,104580.25874435937
2022-03-10,32.67228913414774,33.00016710038422,32.56980714474014,32.59226624688181,32.60064256486057,245240.247537749
2022-03-11,30.59093830184992,30.59691610669923,30.470109121233683,30.585898691639688,30.57390452016313,250327.07965853496
2022-03-14,30.800067275377064,31.113144978606407,30.476529822405613,30.822196636286915,30.82075190470293,231957.98113188567
2022-03-15,31.007812022208675,31.20431808181911,31.020302315237785,31.024971060955416,31.00914585861665,834013.0657843031
2022-03-16,30.942537607479004,30.981496585768788,30.54921406816621,30.943485641673306,30.943471118562385,145984.04572576788
2022-03-17,30.901357173719436,31.17054897824985,30.901477045784677,30.922410674334905,30.91805623834968,420324.516439752
2022-03-18,30.66569972536356,30.917862157045494,30.693525295092748,30.707187479157533,30.70959871633752,506152.3624382182
2022-03-21,30.84008586042868,30.92528308365309,30.786931735416044,30.85351691441152,30.8415041320557,130363.38987040192
2022-03-22,31.58417083821853,31.992331003016723,31.43482723284007,31.566554310880303,31.561805199685697,434659.19489026896
2022-03-23,32.99680816835256,33.1550849484344,32.96611695422769,33.004384743197896,33.00005818307971,176073.28336746388
2022-03-24,33.56472124490814,33.80555386399373,33.56361288514358,33.56969120682388,33.56528884097469,299771.09976551816
2022-03-25,32.41901662156406,32.54233572350102,32.3747200758569,32.39807636194767,32.39927821843213,185759.1470072816
2022-03-28,32.54654172135289,32.60879169236089,32.48816879200006,32.51897537878568,32.51871300412496,398969.2368767104
2022-03-29,32.46539993068526,32.484090850929924,32.395241780618385,32.43471403155104,32.440950538428424,337079.52065423963
2022-03-30,32.52234500554459,32.56613597591401,32.30895097725071,32.51217391401825,32.51320402084764,285602.6803601467
2022-03-31,32.71533801311723,33.11926197960883,32.587091794182534,32.76774773410272,32.76245313710534,284704.89658646134
2022-04-01,33.627978122463134,33.804356604855776,33.59160410877192,33.633997721009365,33.62543100527664,127896.72758934514
2022-04-04,34.29542246692712,34.6560372683455,34.224519438363586,34.2889708993767,34.29164850139261,237819.53356051864
2022-04-05,35.3377571805783,35.590596720385165,35.34757575369777,35.364175956540215,35.36125543798288,353484.409917873
2022-04-06,36.163194430930375,36.43474533382808,36.18227795844942,36.20991754723955,36.20252805628282,121450.98938305612
2022-04-07,37.9811427224578,38.292510650912256,37.739582929275166,38.01706580197549,38.01248739848678,191628.45103982743
2022-04-08,38.83475396270059,38.85993024782299,38.776359115823226,38.806152793779845,38.80684974337329,73531.89297513042
2022-04-11,37.8317303583337,38.11088031206368,37.81693848674199,37.83548159466277,37.83731887945321,585236.4489729659
2022-04-12,38.11266113143078,38.12457499855228,37.81188648859654,38.08660641876399,38.07923809480998,178133.84647167925
2022-04-13,38.09075457954738,38.17388699718333,38.0371619874171,38.09305245943938,38.10352232198117,113843.20117002411
2022-04-14,38.25590799774631,38.47954955218864,37.9361609567941,38.22589128260277,38.240375169162256,319721.23108805134
2022-04-15,38.265638398193104,38.70093605486096,38.22296917253188,38.31543463422746,38.31332664237164,478499.29774044687
2022-04-18,38.356763033566125,38.58334837098583,38.33561697507735,38.3963447291552,38.39151028759455,248371.18033596853
2022-04-19,38.39569365981453,38.6437246587624,38.33026624896484,38.42176020236109,38.41308922380245,203305.42269746136
2022-04-20,39.02121561902222,39.32711771734065,38.9360456397356,39.02916889604856,39.05306020842262,296416.87572782155
2022-04-21,40.20063357582119,40.296518254099496,40.00950839639555,40.21172881113362,40.200408024713546,439194.3982612158
2022-04-22,40.98600563483621,41.01525631428407,40.76559098205114,40.915225179996895,40.89974007758243,198449.50301653225
2022-04-25,39.87253236396285,40.38437436155933,39.77072417160459,39.8915249635525,39.88469638044734,264882.0904964298
2022-04-26,40.168633534965984,40.4886879063909,40.18263178168606,40.23308593539891,40.2219530952746,437409.7627567487
2022-04-27,41.15539498285668,41.35247541339536,41.10536309261224,41.13344136562295,41.13980146421551,1115721.4600993707
2022-04-28,40.74782836603527,40.88451718650548,40.531964286205714,40.72095658056433,40.70349624536393,113574.75870314208
2022-04-29,41.95747726661477,42.1774221147729,41.72590234043199,41.88705302045034,41.89175318358506,107038.9930931224
2022-05-02,40.73979834768302,40.94237432841334,40.71648074581274,40.768745686645154,40.769486243571706,97673.52449565294
2022-05-03,42.399820267414896,42.55692483609829,42.0398986375838,42.3525910160338,42.330389393796736,448057.74683912325
2022-05-04,44.48245669761739,44.761226025027874,44.40958391555558,44.47113686398427,44.48140916588547,117564.28065814912
2022-05-05,46.234253179853454,46.43463669268787,45.95855620517002,46.20368464548408,46.21464638441799,189402.713303662
2022-05-06,46.50275933535597,46.59398537226658,46.295570680500624,46.51144683186008,46.492267883248985,385488.579302711
2022-05-09,45.75599581918812,46.194399872671546,45.42344084506995,45.759727305787074,45.7476450415989,87137.76295116384
2022-05-10,45.014254603138085,45.314758121527255,44.86863761184012,45.02911939129128,45.04053901949761,545701.4375640576
2022-05-11,44.34195269055516,44.42630699785381,44.124283182102594,44.3689832681524,44.37692763767912,145769.65844569035
2022-05-12,43.44649162410949,43.55730828900504,43.03852055436206,43.455795542125095,43.46520418282135,178548.77634922764
2022-05-13,43.23577566793024,43.228045484461816,42.63565928436035,43.16240784281053,43.15341576464042,237868.84584133013
2022-05-16,42.67630099020367,42.66177129710746,42.45807529456168,42.641095034194734,42.61382893660951,284657.7148643
2022-05-17,41.64365869873747,41.89498781066131,41.69698753078261,41.70170043136054,41.69139517991601,185841.6265962882
2022-05-18,40.04531500009896,40.059712434616415,39.84365151817981,40.03675288604949,40.04400109703138,245712.58500470017
2022-05-19,40.29250388219216,40.4380369495638,40.13596796355078,40.30231226611443,40.310214285294805,683571.2523940186
2022-05-20,38.657599578320045,38.848751251808416,38.46609989492505,38.601821093674005,38.60294404166606,442703.3545147501
2022-05-23,39.05956824870544,39.32433392503225,38.74096573456807,39.0274115678625,39.035678879395945,142098.86678261764
2022-05-24,38.605279084837655,38.92222894941078,38.47485189243396,38.606666215909385,38.59582655807089,136597.9235338482
2022-05-25,38.9697790949334,39.09983329537401,38.84056809433266,38.9948174671882,38.99468113449455,327309.30984484777
2022-05-26,39.06417486515221,39.556089905494574,38.7904575235682,39.04463755511524,39.03292108875895,139352.25616769612
2022-05-27,37.90956719969405,37.98105386358753,37.84896035776072,37.911142541341626,37.9051077658689,428916.8724737524
2022-05-30,38.17577332446768,38.37883427994072,38.031183987513664,38.19472938742605,38.20023090040012,197463.71260116028
2022-05-31,38.36423819309981,38.46385595339935,38.21963500852885,38.31620490464795,38.31826885201706,601567.1774339455
2022-06-01,38.07478720301072,38.125746524863,38.047727143039815,38.10987483250516,38.11481046204451,159546.7344351032
2022-06-02,38.674777205259765,38.860180513765656,38.59970428048265,38.66376560614143,38.685425564501024,92434.01665824393
2022-06-03,38.8540329103696,38.983319006922336,38.85476848499167,38.89512924354216,38.90792486479284,111615.6900436081
2022-06-06,38.46285686905019,38.68763854461664,38.3939081700324,38.462741642222525,38.47275742247184,180562.0278909405
2022-06-07,38.52896977228373,38.64175609616034,38.37540797085865,38.50598726253727,38.50974683973874,179956.73692430358
2022-06-08,38.87760955946507,38.95962186260247,38.75585680671778,38.89535023674218,38.89070879820303,334685.5203180926
2022-06-09,39.58764480399135,39.79777631558928,39.53709013032573,39.54010761570764,39.55346025704015,386145.7406890114
2022-06-10,39.958238394273806,40.141010806071606,39.69819056313455,39.94055534292907,39.94323399098313,209581.5052283279
2022-06-13,38.77052720773017,39.441850903382736,38.796361282670496,38.86756398985262,38.87173636381098,378267.9593715536
2022-06-14,38.266854484013486,38.46478890326951,38.28739090460861,38.29002109546129,38.29647036849079,195728.01434717936
2022-06-15,38.090713862968734,38.16935567780215,38.07152184060384,38.140241443040445,38.15238271665581,164374.6877656925
2022-06-16,37.5029878575537,37.76714934852979,37.51642565221466,37.55597634003895,37.55657340513794,137068.1074296576
2022-06-17,37.56568702260773,37.68188226122623,37.3992429217621,37.60471786412993,37.60020140632193,81175.7571418725
2022-06-20,38.81364865943818,38.86108095173425,38.83743104284934,38.83973524229865,38.84972622424005,264881.2985838331
2022-06-21,38.68002832443163,38.84417073986904,38.68533029670783,38.69369673693633,38.710355125825416,251604.92284813532
2022-06-22,40.038105336642616,40.247805268556746,39.80484849439295,40.0843996425149,40.08372049338481,668631.6142432514
2022-06-23,39.92104616281717,39.96390035046035,39.76215761342646,39.87926690205896,39.86997158850745,111823.4655537542
2022-06-24,39.1388340228494,39.10186621915522,38.83997799435864,39.08230192208307,39.088555699129046,178656.80404758366
2022-06-27,38.26737385690296,38.36185551750896,38.116324097443766,38.225669900841616,38.21684168998,405227.4842973559
2022-06-28,37.22450146055365,37.33687648458948,37.1622492272657,37.22266516674689,37.22841856390275,184521.37128895416
2022-06-29,38.12084754389729,38.156692550002056,38.076374496194894,38.11838136425608,38.12981436169442,208243.94446854232
2022-06-30,38.55788316553527,38.697989583515735,38.19680514095485,38.52254555385333,38.52699251838627,175852.86527898788
2022-07-01,39.168605394611646,39.38689298997756,38.9728623783852,39.17005518439103,39.16380202683199,704133.2386078412
2022-07-04,38.13692931931704,38.59489112603626,38.06809879010429,38.15422605313756,38.16096886058398,357853.2744518142
2022-07-05,38.55024672944559,38.66181507579118,38.284216669358095,38.57742417782979,38.586078535256114,185977.81770528576
2022-07-06,40.31713881146721,40.35437073939048,40.14779297222567,40.30299673529957,40.30044503539045,353098.34563931345
2022-07-07,40.30336156288173,40.50433753524669,40.27876973608435,40.29721525801352,40.292744319139125,262339.6735465879
2022-07-08,40.70669553344949,40.69652003126144,40.63009761611411,40.64609146509896,40.64622652619153,357834.40858924185
2022-07-11,41.42757041027961,41.50863004226244,41.39947535533414,41.41364718231209,41.403947169325015,454340.5001355464
2022-07-12,42.37814423839393,42.59682689137416,42.04503685591755,42.383107189014986,42.38660073858773,340906.86108214967
2022-07-13,41.00116986046688,41.048900201687296,40.86501865859074,41.00361847501319,41.00563510431079,184566.3459750625
2022-07-14,42.506963820667785,42.634998947840856,42.24456208030242,42.426553785229856,42.42906562738275,172929.96750970453
2022-07-15,42.62255507281201,42.67040141243388,42.37213299729992,42.65903827594336,42.659813884835344,175622.37301206085
2022-07-18,43.98671198696934,44.21611856563773,43.82739183906696,44.020627441047296,44.0301769003025,189421.58826832435
2022-07-19,44.33241388417815,44.36334589227913,43.84610604719518,44.33578879006063,44.33283727312521,338124.6714014976
2022-07-20,45.62638086894975,45.89757448107149,45.5280609107374,45.59671484996555,45.59214019484962,160709.89111363626
2022-07-21,44.33626323535309,44.51214047252972,44.10403057230306,44.34229337991011,44.327366359976814,178363.89899990198
2022-07-22,44.02258334876776,44.11595106518549,43.73348965816192,44.04994291150254,44.0523523893022,164090.50746698157
2022-07-25,42.74846497697858,42.79253519720432,42.601511128711095,42.689406940686055,42.6923748297358,68091.27001265173
2022-07-26,41.759638369277965,41.82024124709289,41.6659143378052,41.74126438321293,41.74888724559616,139335.98644806235
2022-07-27,41.26250456110812,41.48949473181823,41.2411953449975,41.28543884997167,41.29434755996338,266464.5758230596
2022-07-28,41.225149233782176,41.386668053414006,41.15643741826791,41.28124405785226,41.27748417215243,338609.41859698144
2022-07-29,40.16018546031323,40.40535918823471,40.14063748577096,40.18487607539824,40.189709976277726,826229.4541047461
2022-08-01,40.81751045365007,40.89932956636826,40.57725793020244,40.82586721807097,40.82480475329172,310533.85251625866
2022-08-02,40.37329766614135,40.4059060684646,39.9355971300746,40.30331305333363,40.30876687229822,345693.09029501374
2022-08-03,40.92537926111843,41.017098837129474,40.65626660889173,40.984024095630346,40.98588270893493,302354.4213744653
2022-08-04,41.192480345290434,41.35142962874762,41.14435414878998,41.20871305526598,41.21158466362939,177387.53222375462
2022-08-05,40.9600900907783,41.20053919433455,40.80638627375459,40.86577160723707,40.86527706173206,511379.3021008138
2022-08-08,39.254973058854574,39.39357490245307,39.18534796147923,39.22472046218599,39.23122915109631,841083.973788221
2022-08-09,39.58801555638234,39.68452242131088,39.4329713651198,39.576431243335335,39.573433648393774,144921.750903291
2022-08-10,39.74030866212852,39.79628965816682,39.61560354280883,39.68305609335582,39.685860575996806,785580.6958524284
2022-08-11,39.1665167498513,39.53572893065187,39.0796206010607,39.16869225454424,39.16782388632453,560786.5671492706
2022-08-12,37.88859725819461,38.0548054900822,37.60384586206887,37.89821780430392,37.90708458173748,332475.8159511141
2022-08-15,36.16623795239511,36.330432100555015,36.10307481632152,36.18065700101484,36.186021401600776,513498.0883229213
2022-08-16,36.26391749880648,36.551123905543726,36.19084757220877,36.29578407114496,36.29693260123849,135937.11536881706
2022-08-17,37.41618964926735,37.8916961931197,37.21654042252856,37.43789972352283,37.44685142780755,259723.4103863188
2022-08-18,37.76462912830302,37.86354994768256,37.674998655538346,37.71874257697801,37.72213167222025,136612.99337238888
2022-08-19,38.626475416145645,38.77944210823583,38.347072805985405,38.65540395210258,38.6525333068816,658908.8017614371
2022-08-22,38.40834222513545,38.70032868784827,38.37846087628793,38.42656533605877,38.4361661717187,143712.92941097362
2022-08-23,38.38127779930463,38.40575835160629,37.99054632104198,38.39145557016964,38.40114869989321,358192.3602900667
2022-08-24,39.12565478664247,39.3366167125971,39.11612946527395,39.14127938535367,39.13576666835535,436890.3501253986
2022-08-25,39.40178620811742,39.64760834425331,39.250151850366905,39.4365909925551,39.420431950454365,195861.00275206775
2022-08-26,40.21088106821031,40.18162499738053,40.16522529021432,40.1814861579201,40.184687098709766,602437.316897129
2022-08-29,40.02285872566884,40.17848176579055,39.87718711324055,40.10541438624951,40.10535844526336,119449.16819559342
2022-08-30,37.764232869501285,37.909130524878286,37.43247442189785,37.800451865681815,37.785603640286304,262878.69264134305
2022-08-31,37.67470645340473,37.65505408953658,37.46295891820159,37.63505626615506,37.62627504679381,283273.2671193277
2022-09-01,36.40062761995896,36.70246965401647,36.32758090285965,36.41440130673031,36.40377752268929,249575.63176750657
2022-09-02,35.44653503617574,35.54525824339734,35.16809492257915,35.441789253282046,35.434056298817296,638625.849045693
2022-09-05,34.16555462663439,34.294163491851776,34.12998720457641,34.22875536981913,34.24358005440255,318597.2478030825
2022-09-06,33.96214286316285,34.02011522597877,33.95115914329626,33.98532795000536,33.98357798555369,120256.92463806696
2022-09-07,35.05417680519089,34.977100038891905,34.97569574988638,34.97699638373509,34.96776034347069,257122.34340022417
2022-09-08,34.40579393283531,34.46136801419608,34.207499708999585,34.42160955475658,34.42106657481636,321492.8484829062
2022-09-09,36.019136831128776,36.01660618835893,35.90723211858469,35.98481435409431,35.98677169994795,351537.8882567526
2022-09-12,35.513977409609,35.55218169908876,35.158665876109325,35.478831329166866,35.48242221406212,411975.5006598126
2022-09-13,35.59966525138824,35.78590447867654,35.39639364470814,35.63446508002555,35.628562519575866,160012.66560314113
2022-09-14,35.192108486431856,35.34215348942924,35.0167953114281,35.153359287574176,35.14693458005719,526796.0526936325
2022-09-15,36.08554021903055,36.44091737871461,35.93664765880269,36.09566611652136,36.08752351831144,310431.3240919012
2022-09-16,37.59163980787456,37.79791056225976,37.36960667281236,37.6224465713221,37.61464995391341,138266.55046508551
2022-09-19,37.073385110539256,37.11075647995168,36.97779335922665,37.070153209330726,37.05753876311592,344937.6734229266
2022-09-20,36.06293974659145,36.11662287285341,35.941433611671094,36.09387203191567,36.093442674287935,80355.89514008204
2022-09-21,37.21359261734261,37.440613688769616,37.0955030147752,37.189692825626,37.171580835828856,176721.02019262174
2022-09-22,37.99492242722417,38.05816125024814,37.65911288537423,37.95954346355872,37.96770196940571,225138.36118788275
2022-09-23,36.78246007347734,36.921626672885225,36.64262335862127,36.76377803789146,36.76535132730428,309927.77511162974
2022-09-26,38.56901677542999,38.94129865865152,38.34599284499848,38.55174532340308,38.55886966319989,867821.4404912534
2022-09-27,38.437039923711446,38.56377471861719,38.23473037626206,38.48903535459526,38.47989570086943,633894.7115082977
2022-09-28,38.69458046431716,38.72940346436304,38.54645129857888,38.71186953883031,38.70798703151684,104434.0999182192
2022-09-29,39.75765459850122,39.76067595878656,39.343028362052905,39.71043357483889,39.71561270017849,122280.4353983442
2022-09-30,38.828101255635296,38.97630450935406,38.70207875474393,38.78802587333823,38.78619198084604,224716.32515096065
2022-10-03,38.7081558419856,39.02801698217725,38.59623974092371,38.728894363654135,38.731921643572925,0.0
2022-10-04,39.19410840495031,39.34688930825399,38.94505552623245,39.200690998018274,39.20265942241709,166719.0745784947
2022-10-05,38.93558802545237,39.1604693239991,38.74899023172794,38.96986674179504,38.96453037983105,814311.2476746412
2022-10-06,37.96511884282385,38.21282067900966,37.79349078701426,37.93482458633852,37.932393055832975,203985.7819743184
2022-10-07,37.928686360689824,38.34979957613935,37.85279971666799,37.8933645659664,37.90239437480541,339408.7246489496
2022-10-10,35.72372169857633,35.95345503578331,35.61537143398385,35.67084191766188,35.66741815136626,407820.66528796765
2022-10-11,34.147886247440844,34.61953558851328,34.07943135609027,34.162037489261984,34.16423454939448,292618.4272507291
2022-10-12,32.94038671980017,33.12696983724253,32.858486838396246,32.9177537502123,32.924787527351924,298639.14116253686
2022-10-13,32.956697684882094,32.96616784119698,32.92906433737376,32.93190202956547,32.94318398562396,134748.16112674744
2022-10-14,31.929698651143315,31.999894639824657,31.70277518148752,31.95224903614169,31.962331761283583,466977.5169005989
2022-10-17,30.863254795734253,31.074376897834043,30.57532487243141,30.89922673274897,30.904942356675523,294341.1763177327
2022-10-18,30.178687459663944,30.1965953022374,30.120437718782057,30.160039546809298,30.145722196144185,317292.58439567185
2022-10-19,30.88339429871168,30.92961587442985,30.67877083228174,30.835869235544905,30.852361473098146,266523.5413046016
2022-10-20,31.753232876983105,31.879823354562888,31.75264213911517,31.75707578927888,31.763949351979555,210117.8358075879
2022-10-21,30.637457294827104,30.895017463305653,30.54763808852394,30.659196553966037,30.66640689541226,237992.37552225144
2022-10-24,31.494103132091144,31.540766743733293,31.47526029759309,31.51509537913289,31.51432101648981,223449.0177898701
2022-10-25,30.559964371466936,30.786184990277484,30.51056675254556,30.58539476398729,30.572952007198055,354592.80355188827
2022-10-26,29.53227246934881,29.73137829404748,29.391652835117693,29.55945069353461,29.554721509266518,107823.29216560304
2022-10-27,30.037990690000065,30.00887176048324,29.90715419365718,29.998015971626515,29.99559177222232,285167.2588328998
2022-10-28,29.482776513198512,29.51196347267974,29.334807566856067,29.459096417589016,29.45498122309757,258486.032972332
2022-10-31,29.159999706705445,29.61733693966636,29.17616048877268,29.21042643415021,29.218550263796608,108322.66545856783
2022-11-01,28.60830052162103,28.82086512291844,28.553312473412905,28.587886102981933,28.56948926752004,199628.1570227088
2022-11-02,28.204203474889805,28.295787873527924,28.201498481740657,28.240449045630665,28.243634351200797,133243.97302452664
2022-11-03,28.32990775669616,28.626610089912585,28.29818900687864,28.324015106949552,28.315030339168494,317770.21588714747
2022-11-04,29.3710335892272,29.452071498052877,29.446946545712787,29.45101472558465,29.452368968010436,126027.61877265746
2022-11-07,29.16207687836929,29.224864134973757,29.11747538514122,29.120351331352037,29.113774135215618,322134.3575239113
2022-11-08,28.85259343181279,28.883535614187405,28.674673884385147,28.859541105053705,28.848008137217928,151555.8094193042
2022-11-09,28.70656698257163,28.773016652111533,28.656278278634066,28.726621060762028,28.72412252416784,255331.72858447357
2022-11-10,28.888134895632664,28.965058659952817,28.833353660089088,28.964621730690183,28.966585921364707,247624.0501900859
2022-11-11,29.41994804208654,29.50499164092136,29.31764901386515,29.44283181894476,29.44206539864212,717677.0140332291
2022-11-14,28.692200634309245,28.740367336192005,28.67390040114216,28.736249323471952,28.73911516603985,447142.3134008293
2022-11-15,27.19592370413164,27.2591468008086,26.94078143639992,27.20006251407756,27.19807946310825,194122.27114816543
2022-11-16,26.63482444053176,26.873187517252664,26.319915991073977,26.611694846730504,26.62899167599926,376910.2111514776
2022-11-17,26.47233436040348,26.53671111656056,26.18054120502821,26.456983630829264,26.46533500531623,492017.9270963485
2022-11-18,25.471384820150305,25.65103382881533,25.48044180874567,25.482731746692902,25.477029603946217,429111.6767224076
2022-11-21,25.296226295471087,25.46768910911632,25.221085412659708,25.304812280625363,25.29977659402382,108010.60418881848
2022-11-22,25.480563633204437,25.474963722010425,25.466642348750437,25.47438298539597,25.47244753665125,344492.185940834
2022-11-23,25.352053045040183,25.489255044496044,25.2529106131959,25.33358885786944,25.33972484251886,265889.29162031965
2022-11-24,24.73190986772625,24.817587539682997,24.497383871856396,24.75842196396399,24.747601010774027,159845.70817703707
2022-11-25,24.868503688529216,24.97372520351472,24.82927755947896,24.85473540967586,24.85626354584252,134607.60621733888
2022-11-28,25.80969330536333,25.832928547282997,25.70959472009984,25.803220898788744,25.789994487360257,309462.39129986754
2022-11-29,25.854701444219156,25.8570821282228,25.581258359501547,25.85678768724916,25.858867192678467,1091868.9990638385
2022-11-30,26.618831733530318,26.701323140680373,26.593489807233237,26.6098022424403,26.597821912015775,545409.585517896
2022-12-01,26.903187213548836,27.004128403139227,26.872822039646877,26.89299284885276,26.887246425288502,207126.27731858977
2022-12-02,26.38706986822843,26.53555089327001,26.354017136846544,26.38990433521582,26.40476913255499,69380.35420615973
2022-12-05,26.817774731733,26.828177632967623,26.65396383973278,26.827156446632333,26.819355031344475,537339.8126173568
2022-12-06,27.02771849717473,27.1837872920579,27.034142147142752,27.08236236517529,27.070821158074367,322569.38785662304
2022-12-07,27.08811920044766,27.271110800745895,27.07890978183214,27.095318446806704,27.103465345053127,359513.81460843305
2022-12-08,27.14750238389271,27.295868962904223,27.097161621349787,27.176425825222243,27.174943266582307,197797.5588353735
2022-12-09,26.16783850461848,26.23212240250646,26.016385189830853,26.15312193152681,26.151041416211317,182528.9349795369
2022-12-12,25.987301704616133,26.05390006727285,25.819695721553146,25.98124106195857,25.98502565884082,203145.41936792055
2022-12-13,25.471782537982477,25.549493236005887,25.41040694274656,25.46753727103492,25.47621406363689,530279.6815543919
2022-12-14,25.654317486806505,25.729232573672935,25.630829637478207,25.657158040095258,25.651320946872517,180353.9530611614
2022-12-15,24.86037459895743,25.17598295241977,24.548580574752677,24.8260557083451,24.82940637708721,300298.7617493885
2022-12-16,24.51244860317552,24.52121326000988,24.40479945872203,24.4855992109074,24.484799896593376,544152.8160047897
2022-12-19,23.913492929741505,24.17149261841296,23.82948462994584,23.911566267844805,23.91333770521859,406838.2341318317
2022-12-20,24.092806256300367,24.12482609209235,23.982033276354255,24.074549625134505,24.08407346601748,273428.0763095792
2022-12-21,24.0564625684259,24.154834948839657,23.780385581195947,24.05023439397385,24.05646077330736,184108.00560251428
2022-12-22,23.864622391795464,23.87534922792037,23.807030703410597,23.862624901113065,23.848977639785467,402479.8496591969
2022-12-23,23.164683481482854,23.27647680637636,22.98769598572654,23.15921946410423,23.1588291458804,242454.48235929324
2022-12-26,22.17050311587693,22.22341472255752,22.138031031556277,22.15498358884536,22.162111914862717,807515.6686606018
2022-12-27,22.41808462294581,22.500379421022945,22.371029243108055,22.39563800503628,22.39402623020741,118364.56669143852
2022-12-28,22.828687303237004,22.95458144948334,22.61518468008396,22.81437209562001,22.820392213404475,232082.77966035448
2022-12-29,21.96081167406105,22.021641899519988,21.813509309234515,21.970499797774465,21.98039142680598,172895.31391472463
2022-12-30,21.5781290557516,21.585688644360623,21.432151129223545,21.547927031450545,21.556507582717582,459095.87960538064
2023-01-02,21.14890146646967,21.162070396246047,21.13172876128252,21.14895284161896,21.1482006858596,778808.4344561181
2023-01-03,21.9105490371483,22.031692218192912,21.889488360657705,21.8995621415898,21.90164475744024,104869.17891739322
2023-01-04,22.20074852460365,22.189448900272208,22.08902636039374,22.15641190188668,22.156875668083003,132586.9377041767
2023-01-05,23.02530814832844,23.07707627231059,22.899478644276265,23.01596431030837,23.01224074602135,382363.1545073258
2023-01-06,22.816286855633283,23.01724854574183,22.77912001266828,22.79211018026009,22.802151715320168,316446.23707485344
2023-01-09,22.18714450582901,22.255060615960463,22.16732447006106,22.204770751973747,22.201139992974813,115716.8185083688
2023-01-10,21.35386868747254,21.465472193006946,21.151645250917536,21.341434826962253,21.344870781837617,296244.50274892774
2023-01-11,20.850651102062624,20.91374523393889,20.73473804705017,20.845637451096543,20.841519963822886,552205.4617719324
2023-01-12,21.834996769987697,22.00142078029805,21.622380228624277,21.88037774527008,21.87566212668589,310581.1099220063
2023-01-13,21.716012685076333,21.876873735382524,21.692030751318157,21.71555710633462,21.71286781741077,324147.6869723682
2023-01-16,21.451588530889783,21.446298619839325,21.416462105557407,21.42842095080982,21.429205424516077,302582.1222487842
2023-01-17,21.441977060762728,21.619025279125832,21.322577239692208,21.43668130382886,21.43978706855681,182680.27549627653
2023-01-18,21.36957894296971,21.428183833772717,21.24007079937146,21.367414219357933,21.364653438767316,319205.35911060416
2023-01-19,21.68499420438743,21.74871865202147,21.56935116993959,21.690597025524493,21.685544787187137,587838.7653438506
2023-01-20,21.82716481089093,22.03200297730635,21.697785189733416,21.80858424483698,21.81499974724823,406528.5865531487
2023-01-23,20.55978108249009,20.65827864299453,20.48445666143468,20.562878667024144,20.556153968477027,216428.2232909579
2023-01-24,20.779340515135143,20.90418961201235,20.64070465451095,20.780379376005484,20.780368396331333,412691.0266509266
2023-01-25,21.25184143486723,21.29280456886156,21.184255978382897,21.26778415025741,21.2706603667107,396606.0561889207
2023-01-26,21.94644593017254,21.99739091301476,21.895845168281014,21.988759432059577,21.9924467372558,351878.7635129486
2023-01-27,22.03079129862753,22.185721245854623,21.941110358058523,22.01482650313511,22.011930777509043,184214.67188414565
2023-01-30,22.180355991186243,22.25086014023762,21.988261911069788,22.17345203688153,22.17062896628249,333805.75204157655
2023-01-31,22.451993074526843,22.532538104669907,22.328742875318767,22.42077272559548,22.420084387824424,334164.4877457672
2023-02-01,22.68982296648281,22.70714726835627,22.681678471201096,22.6981017473628,22.70601655998688,698606.300153125
2023-02-02,22.32954237906063,22.399174322109147,22.142563594804987,22.29374552905238,22.290344494894835,275318.23423254944
2023-02-03,22.590182301874663,22.75439932023531,22.512105053217088,22.571402742733547,22.561985333150457,105285.0374221368
2023-02-06,21.431784819662944,21.48366913069303,21.40240099634886,21.42570995004936,21.42693897941503,150391.21740406047
2023-02-07,22.13119651887972,22.298975340619297,22.105476292793902,22.141497078035968,22.13434752498508,96443.34570378404
2023-02-08,21.90768640534432,21.99963433802588,21.82205697427773,21.931491772436456,21.93523344855422,236647.77917758204
2023-02-09,22.54604577684756,22.611547147471978,22.46321431026546,22.597120672389416,22.60023126366896,309771.6674509373
2023-02-10,24.056046434471146,24.05646541276891,23.93642362673262,24.03626090200513,24.028957398145952,315150.07989203307
2023-02-13,23.506000050761507,23.566119438133335,23.490993871002622,23.521607309358306,23.52694907554986,283984.9695127777
2023-02-14,24.153353411044822,24.31057451396956,24.046557888773307,24.17841540311081,24.18336436560784,177602.8295763091
2023-02-15,23.86107758017452,23.911138405336587,23.837697275650413,23.84644185518613,23.843382586079397,130013.15131737792
2023-02-16,24.00480195487308,24.043973300455043,23.947359495837617,23.97477391812382,23.97698904560948,182249.5121686113
2023-02-17,24.466564560335424,24.56096943403948,24.250812221128857,24.44466811204905,24.442813359404692,226380.139700562
2023-02-20,24.14820672518789,24.307583810853536,24.11276808755891,24.136401799816284,24.132985000910036,137395.10449638692
2023-02-21,23.979512558451272,24.062991762056885,23.90197836819654,24.00519561026798,24.00703278732136,254732.86631862665
2023-02-22,23.14525409280876,23.36892732203113,23.149382285122197,23.17026897843088,23.17031230332319,470159.31344370847
2023-02-23,22.783909935663445,22.855161679662203,22.76385681382509,22.79003255851588,22.795175304155613,340789.4618670558
2023-02-24,22.476257044359727,22.587336199519267,22.40602842511464,22.46817834800554,22.465258073468355,190806.70005219505
2023-02-27,22.83022627827981,22.87897880582755,22.706022400425837,22.851745480973,22.858498146888422,261012.5847547636
2023-02-28,22.7026621270807,22.744480128853297,22.677342672060355,22.717703271964744,22.721199532034284,121800.39018941412
2023-03-01,22.67568192588374,22.65782483752172,22.570843582832172,22.6547660817384,22.660523945053857,129813.04267188738
2023-03-02,23.30939051345133,23.381036721629705,23.21710349375045,23.31732315988082,23.31292255989815,336643.7308533885
2023-03-03,23.75732456855796,23.924801227746286,23.725772399679524,23.766745174562782,23.76511286177741,250387.8407005148
2023-03-06,24.23818694603592,24.287990933869064,24.141645190412937,24.242817182732743,24.244912464553995,476918.0075075205
2023-03-07,24.911781695280773,24.93970083192686,24.77058873353016,24.892193919250992,24.87809848079169,69664.4773823728
2023-03-08,24.904814574058843,25.027155498024328,24.886917941229857,24.891569540693222,24.895268742039438,243170.80881137645
2023-03-09,25.749383321423327,25.86741716881756,25.684360987518414,25.76016545056416,25.76420227130042,188894.22795803635
2023-03-10,26.201969470856007,26.19741887889018,26.066475152717405,26.179304526634937,26.17494048512567,833256.2019886542
2023-03-13,26.593802514463736,26.81523945369953,26.565929360217574,26.624188645791165,26.624027596086176,290694.914790038
2023-03-14,27.493819221825127,27.59905953732317,27.354654520394504,27.498350310931134,27.50623052110372,276669.1280450838
2023-03-15,28.13154844882305,28.19146254117057,27.951022994317068,28.128304005204363,28.12101845486732,406862.838647445
2023-03-16,27.41450724190707,27.44958147958557,27.24172775792722,27.421782895888857,27.43280534434928,386974.67474346736
2023-03-17,27.59879715505827,27.744517152317048,27.517326598978816,27.590622851676457,27.58262805902596,536081.9283703242
2023-03-20,28.5654035412318,28.669464735455875,28.385785623873684,28.56406892747974,28.5644018208274,276521.6725948981
2023-03-21,26.713378423793657,26.77246883054234,26.634697647538356,26.674821504780542,26.66977252024155,433982.3643497148
2023-03-22,26.20345680792387,26.247139909763057,26.03022133744744,26.178806862783286,26.18013195053726,538658.1612994004
2023-03-23,25.889195749176043,26.113453615364595,25.833245149249304,25.89007642674004,25.89215610778308,113186.48595086628
2023-03-24,26.17470680545637,26.24342957662116,26.068502437127734,26.18514217680432,26.18865940695309,293546.2409257891
2023-03-27,26.340949097754923,26.391393411134388,26.265330953614864,26.346501795399373,26.351716128734527,476581.6811599234
2023-03-28,26.486281562553387,26.562516325391897,26.279611786236387,26.46691526744599,26.47273823058569,288105.16264655074
2023-03-29,25.624313855322843,25.842172471489988,25.53502729561896,25.628574448689477,25.62747149916515,506163.6986444494
2023-03-30,26.200231734370835,26.39894044264359,26.155235092317987,26.21129429347264,26.211924233018586,394604.60135096713
2023-03-31,25.616671187566432,25.67306969112206,25.489808348655995,25.608771250808616,25.62139687979359,154366.15359638145
2023-04-03,25.50917240794613,25.56137359126326,25.343752527658832,25.542695555964016,25.532945236004537,254349.63532390425
2023-04-04,26.43814759890004,26.662864358947843,26.314726548698573,26.423623480849454,26.42971145342159,378500.8688765424
2023-04-05,25.95878579581304,26.018600314343058,25.89638302794206,25.92497586488841,25.92133637741514,340835.7076566408
2023-04-06,25.42077269666857,25.51502184970864,25.304235407050346,25.378653884937545,25.37405996659064,126051.80213119948
2023-04-07,25.927459506377726,25.990663318990904,25.72709536432382,25.94054413303514,25.928984586136195,351425.0856685782
2023-04-10,25.83714243480616,25.84662033085583,25.773983219081742,25.817310291769157,25.823076898249827,704338.3279930681
2023-04-11,26.090191508680725,26.34328727851187,25.99280591936229,26.12006002479571,26.12083346562911,371320.64746792417
2023-04-12,25.75720375204121,25.81756020910204,25.740033855975465,25.751319816529588,25.74785561274085,415166.20108324016
2023-04-13,26.238690670491263,26.414752577825897,26.19929908760058,26.20284057760936,26.206557415639136,214295.8884031959
2023-04-14,26.443943907951947,26.449243143325425,26.238135089091195,26.44672987179632,26.469494987877532,100338.10254561684
2023-04-17,26.64843544743036,26.870651882740745,26.602201731835635,26.62216043108201,26.62147676338616,469523.5178609472
2023-04-18,26.6668760577674,26.799203302951604,26.5825212628438,26.70841057553894,26.70373437267257,491248.6756413493
2023-04-19,26.55468341571118,26.842550658638665,26.39057608186289,26.575853442437147,26.570379928447952,334921.7529994294
2023-04-20,26.209117063369614,26.473131967928463,25.958583670370015,26.224488965174945,26.225425615155167,269575.43664913706
2023-04-21,26.33784996493827,26.42389652226908,26.238266599494423,26.35605799966857,26.35506347582021,163963.28429613414
2023-04-24,27.876193976493948,27.999977990643828,27.7206115544664,27.87402947693057,27.87318658883053,179785.1372026876
2023-04-25,28.141329027707947,28.37081062309417,27.87360445834232,28.140165698295608,28.13665945009309,451682.1182953466
2023-04-26,28.252580531586503,28.30915593816852,28.160483747611305,28.209464612091978,28.219006622306217,288267.2132146607
2023-04-27,27.19576025638304,27.24190814066657,27.21972072148941,27.229305875346608,27.234536421974106,159279.674553657
2023-04-28,25.926623457417875,26.090564562992213,25.888409661902347,25.92436322927091,25.91762761236431,160162.544103556
2023-05-01,25.19077818691269,25.29678954400359,25.11147385147713,25.158553090177183,25.154138328655137,98526.06492749648
2023-05-02,25.57521624922456,25.837658090571324,25.47161819445227,25.598280032603355,25.597003340892147,202707.353644474
2023-05-03,25.506701082549597,25.62065755602437,25.46607112849924,25.50900798209448,25.508168340278907,139742.39320788396
2023-05-04,25.841513269505658,26.071320374047698,25.64146290659444,25.830626365066127,25.834793240354497,157506.06466293277
2023-05-05,27.016234058754637,27.06876197870133,26.87791768812109,26.977807867411045,26.97459855685466,1022751.578177862
2023-05-08,27.900477645922496,27.945773292350975,27.80122447522653,27.890452093290232,27.89334456918149,214594.23744534835
2023-05-09,27.44639533173496,27.53627156909833,27.213781368877523,27.47076569941289,27.471216350007317,224913.0799915316
2023-05-10,27.092025514371542,27.070540332991165,26.93824872665253,27.016987126724484,27.008479970128818,70566.88840732815
2023-05-11,26.3627214427331,26.54172926487354,26.26929003397721,26.373269715910894,26.37018269675686,284727.27036861965
2023-05-12,27.28624377356692,27.289844424604944,27.18950043256005,27.2816484402665,27.272289097095427,109597.91293271894
2023-05-15,26.649843508021256,26.73874755242933,26.634359440924047,26.6804752176471,26.682079563576984,324828.6134701613
2023-05-16,26.15207094446444,26.146729123436305,26.03766163535029,26.1350090158516,26.111935729431544,335648.98705845216
2023-05-17,25.40320654686714,25.44548324602584,25.25180670937968,25.403315886611303,25.38799564031412,174790.7716245402
2023-05-18,25.986609957198187,25.98408771972449,25.885399508489996,25.952056102652392,25.95351244730529,228041.19847562743
2023-05-19,27.833550044821653,27.88557688662917,27.79273515839841,27.88247883370221,27.87711383114725,124637.4727334316
2023-05-22,28.24457515561946,28.303984462539383,28.22442781799855,28.25675930870703,28.256265201413942,222244.29255242972
2023-05-23,28.96084336674564,29.00763685329358,28.892566194198796,28.979337650753155,28.989427057962384,282802.3722383187
2023-05-24,29.230355825423707,29.358687249468197,29.066085881269597,29.23260984075873,29.23078517228607,470153.3068807286
2023-05-25,28.541621521814704,28.63606464347789,28.550635116496032,28.579669969401845,28.59023982542979,238686.17087443877
2023-05-26,29.00245537020112,29.08873991326135,28.922055575238275,29.016630793526662,29.021315309565946,59942.83014576118
2023-05-29,29.840987738056867,29.860449753472416,29.485909464734924,29.855715818197865,29.858712769047056,410425.2766874292
2023-05-30,29.55699712147408,29.68478927942089,29.514329993713616,29.543739207745684,29.55645289642909,1228305.333167723
2023-05-31,29.256928850065268,29.469709875976733,29.211969647385697,29.284991511208613,29.27717795809944,593248.643482346
2023-06-01,29.48219521449433,29.772321973750728,29.208409536599174,29.46796379170426,29.474530025664187,335667.45465399843
2023-06-02,29.134914968579803,29.151524514960165,28.98373163953371,29.092498908604707,29.096394749182416,291998.785607904
2023-06-05,30.171378576906488,30.3390094343554,30.08769945115277,30.186030908518838,30.19708716267535,301762.23518898844
2023-06-06,29.55014269081581,29.589499603719812,29.37202936946187,29.526327425728816,29.53329728678541,911863.2251790296
2023-06-07,30.50022377617153,30.725669251296768,30.42791985831894,30.51710308629985,30.507120375526767,225938.64051416263
2023-06-08,30.54882979129159,30.661202260853035,30.498337705000203,30.584154656252775,30.582361680773506,519973.5879113695
2023-06-09,29.274956421777997,29.67842575093585,29.134304342910543,29.244087092773288,29.23449492276792,899448.6877410419
2023-06-12,28.73875728591846,28.945829523040388,28.65649766322958,28.75924825750698,28.764329283037227,213646.95357828288
2023-06-13,28.12848191744466,28.49998934537533,28.11150775282761,28.111989965008192,28.11681677573827,342958.63277940016
2023-06-14,27.427351331001542,27.41185964633762,27.212769508376304,27.40505310479312,27.401433408032705,254239.381248604
2023-06-15,26.522575160489925,26.59548746125343,26.41566346713424,26.491686114476916,26.489584379920625,675232.1165334049
2023-06-16,27.47751172694054,27.473676328511672,27.42827591699131,27.465706182353717,27.46361340026085,1029183.4373628306
2023-06-19,27.951221499528515,28.01973352945261,27.879319596751397,27.94488821600879,27.9499572352237,449273.1642518056
2023-06-20,27.24247739626544,27.328847119878617,27.190491785274613,27.22537426977116,27.233620897733463,284595.4369747077
2023-06-21,26.70417381162637,26.815285091356397,26.675930437409253,26.71219242403917,26.71221238431768,244118.9846876483
2023-06-22,26.84401361074368,26.84981476958585,26.7386554370878,26.823516175405945,26.811314657731987,357792.00920331484
2023-06-23,26.957941632502973,27.064062149389677,26.82391758183399,26.94083506865549,26.94201675537449,110620.34506111208
2023-06-26,26.98151054485617,27.12209036791651,26.74811177862963,26.998198649837416,27.00991758299341,269211.83770288515
2023-06-27,26.94806781300971,27.262831013953964,26.875834420443564,26.94562113548523,26.949973094063257,70364.19471037696
2023-06-28,27.47110269509771,27.70283116273674,27.38681427375864,27.471127483309687,27.472868568367403,368434.57950236986
2023-06-29,27.18803387797213,27.29312483026365,27.16839102561774,27.19680834108144,27.195916128891163,252193.6124074933
2023-06-30,27.35661331539497,27.462890723771096,27.27473228985403,27.35954541316426,27.34548174038133,120688.07450325727
2023-07-03,27.462658532086184,27.710046893637205,27.210478041465706,27.46733442636624,27.46837061799601,513745.2472931236
2023-07-04,27.899285691817283,27.896515949042584,27.66265286119909,27.84931522831216,27.84970582424493,68742.4627973779
2023-07-05,27.904628731963573,27.886177761502527,27.85670824937885,27.87333802360448,27.86497132385557,516535.716255907
2023-07-06,28.1907910229403,28.51493692548779,27.98238412299282,28.137013278100586,28.13276806121348,500639.3467119449
2023-07-07,27.41540787909118,27.475827422812763,27.4090968274011,27.41471637180651,27.41766328225764,250569.35617913495
2023-07-10,27.16108168528371,27.32343773796959,26.90065710892552,27.1556632939632,27.144650975896827,283338.0159739504
2023-07-11,27.19031506076592,27.1726830151372,27.140898111361683,27.169302502552284,27.174262240057782,148977.06705875575
2023-07-12,27.118969644167,27.339881529902406,27.13925830954069,27.14566425168165,27.14291403055513,155353.7728679386
2023-07-13,27.91541580262701,27.97089527512239,27.822748231439235,27.937021474743464,27.921300539972457,309938.674269633
2023-07-14,27.263489548878702,27.45186859780289,27.1758532555676,27.252927334240216,27.24930288344893,327834.1461730392
2023-07-17,26.241160540123992,26.30446771464904,26.1184415117401,26.25617531559756,26.260146275164228,162826.35545236326
2023-07-18,26.89663157916345,26.96127579135797,26.75627587100498,26.87491602615597,26.880262816845363,109266.09248802056
2023-07-19,26.68861431541948,26.784872235772564,26.47152657065552,26.686893083546565,26.67606542692811,316862.0159826011
2023-07-20,26.15091407401721,26.34061389895587,26.0904525535292,26.14129365319781,26.13882946291253,77017.09612977554
2023-07-21,26.84604561515907,26.8952672165858,26.82454016260055,26.87579895298005,26.87559538584188,195255.4725152954
2023-07-24,26.500929459973804,26.7200246485937,26.447113851170275,26.5283741516661,26.531772637095955,227104.5097877753
2023-07-25,26.74764865668435,27.01004094665788,26.66651780894364,26.764121652471385,26.76745928135337,612668.962339378
2023-07-26,27.646760324169197,27.833755020024075,27.64072745919854,27.67819656085581,27.680570204100057,270469.4854109477
2023-07-27,28.51542305075272,28.62038189983326,28.394969749076825,28.518922643359485,28.51043543689635,984002.6683295564
2023-07-28,29.234097886333554,29.369085320880654,29.085889785004618,29.26030103344725,29.25803869462772,277122.0326472615
2023-07-31,29.32019472304847,29.602187576646816,29.356823661816456,29.36258426925033,29.355031916057243,60491.43106106933
2023-08-01,29.271334422571798,29.45358707371312,29.25927530216202,29.285338118563452,29.282777105544454,360863.1283879515
2023-08-02,27.88045071138932,27.89985805451456,27.772161419598707,27.849318311638594,27.839544251929564,364533.96413046704
2023-08-03,27.73364477386597,27.746718870644816,27.48454441333219,27.69977607125,27.70051291762936,287822.29628037696
2023-08-04,27.23747433124996,27.41035577844201,27.207573180604484,27.280006072981323,27.277929358247828,244618.07920551283
2023-08-07,26.51303492751748,26.58856906440217,26.36685539734221,26.54966469103684,26.550514021312665,138102.6096636514
2023-08-08,26.786922938802405,26.82634234166668,26.763855314549456,26.80614978201609,26.80118542566128,828231.3114868798
2023-08-09,26.74853147106069,26.814869805896404,26.70732324039994,26.73112498941696,26.73510398169071,535586.8298596145
2023-08-10,26.573379822476763,26.69666672071358,26.54492985274929,26.56568740184501,26.560242363759244,543502.263915486
2023-08-11,25.780883491025502,25.88381962251181,25.713351032267244,25.79809450942149,25.80416953392164,220027.994024951
2023-08-14,25.1645195048111,25.261874485463053,25.07184877749381,25.172098820789365,25.17527923158004,835554.5734122675
2023-08-15,24.754776421205037,24.91309717506238,24.618254779259257,24.71669425871001,24.706568581596223,407608.67096586834
2023-08-16,25.07512012311238,25.215339706244595,24.89185318453628,25.040964955670976,25.042344753726585,223060.95698351407
2023-08-17,24.957589218398237,25.132158878529385,24.818284720935356,24.98308702448705,24.979759509806296,441257.1622216875
2023-08-18,25.59144750897041,25.7438466620614,25.50509551490009,25.57222045119023,25.56879885883087,438949.43800419255
2023-08-21,26.152285217150805,26.33372315008985,26.123896828316376,26.17218251576179,26.16855429640464,270466.20589399594
2023-08-22,25.252802661191488,25.274171001902616,25.078890316080724,25.257156352575816,25.2485714423793,245136.1396742755
2023-08-23,25.35636886560978,25.44306583113003,25.386000632697016,25.388578810878396,25.38795489357737,203655.89292051728
2023-08-24,25.21343700726203,25.390419800393765,25.23775091672425,25.25632953805809,25.265031254939554,517287.4773575537
2023-08-25,25.256374759698836,25.39821072026153,25.213334367530376,25.25000607722435,25.25805092335516,443821.45017425466
2023-08-28,25.56041163966375,25.71794043996889,25.39928012119488,25.526429774136474,25.527689543903907,196475.53747948117
2023-08-29,26.409342793158984,26.52371444090476,26.311430822237163,26.384509268242187,26.39062047478013,447625.5101018994
2023-08-30,26.415129079939163,26.411782676563536,26.34837543078111,26.354585968272588,26.349093142569323,795842.5086125485
2023-08-31,26.58211856279329,26.688497551545872,26.540014253218956,26.600911080265405,26.605469299266417,148311.42496323618
2023-09-01,26.254606207420267,26.270792624477203,26.13128348800893,26.229630999150874,26.23300273294168,525893.2552479125
2023-09-04,25.37308665295997,25.60560304697947,25.30007992217354,25.404285413911605,25.407819111031888,613552.8261358311
2023-09-05,25.93366441650159,25.982538716819672,25.759823738692862,25.95256899130785,25.948118290092093,199633.8428894887
2023-09-06,26.905280404190652,27.271585534517445,26.877876826742984,26.89528522365787,26.89952112631424,168128.50688755044
2023-09-07,26.596916997085582,26.642519831594583,26.57553112240549,26.57990712573341,26.576715844486333,196089.34989496844
2023-09-08,27.09538209957133,27.39146893735607,27.12012357504681,27.124445183518564,27.110069249443526,340859.55272906186
2023-09-11,28.312852409465982,28.353780660008844,28.200816728045528,28.32720645859833,28.328634458885094,169115.2053081407
2023-09-12,28.52836530885406,28.747796864209672,28.50112799693241,28.528166666966477,28.52814587332537,123309.4569271917
2023-09-13,27.10024187537653,27.210487283339848,27.106743191542574,27.148643131335984,27.15677223896441,596326.6741256893
2023-09-14,26.731914960598704,26.76892831939101,26.62754151782407,26.718803860376564,26.714096398442308,326209.7197285269
2023-09-15,25.921667960866323,25.958766521360868,25.908169818852578,25.91754971182558,25.904626041578197,217132.4845386295
2023-09-18,25.59984780686358,25.65744115779585,25.437091978031663,25.598195549164146,25.604054957897198,474693.5735663742
2023-09-19,25.8281641680912,26.014057208029453,25.71918693785902,25.76789028748536,25.76454749476437,188245.91841970733
2023-09-20,24.982691336624608,25.210465205694952,24.894282971290952,24.961191831510828,24.962881315137228,528213.5983145739
2023-09-21,24.80971242340117,24.829683704670977,24.39046530385249,24.812573431190504,24.819623696447778,480850.4532357427
2023-09-22,25.354356391827206,25.467625379049903,25.329489276047028,25.35111939446855,25.338251207732256,401461.98260316055
2023-09-25,24.39528932926249,24.488648111881307,24.28867464130804,24.40883029678682,24.407484300737643,529164.4195945449
2023-09-26,24.452106910643465,24.53034706344801,24.356282834780448,24.44886578097336,24.455728485922343,577404.867747068
2023-09-27,24.20024908249832,24.28288921001063,24.14787788949021,24.237742087910185,24.231453462400108,452283.140043268
2023-09-28,23.8053315050972,23.79771851615616,23.563221133317697,23.78304234365554,23.78338963711932,276631.45951723465
2023-09-29,22.905243371144454,23.11103985889438,22.85805668271744,22.908273366323936,22.916657526540785,262539.5043383311
2023-10-02,22.978074334786086,23.152866085831768,22.933184591029114,22.94410299705044,22.94594904241008,208375.40942970483
2023-10-03,22.80311354495402,22.894837716235926,22.59227181253907,22.816133453578555,22.825767013511708,252240.22953822507
2023-10-04,23.718967575938496,23.950916138780304,23.682645540124277,23.7270604627737,23.724768374715183,528505.3102173819
2023-10-05,23.31047350326114,23.326820994428093,23.176653437592403,23.31145065738162,23.31151963960516,274810.05865467875
2023-10-06,23.325088432887988,23.35155637730328,23.252503767424063,23.305829724090295,23.31671720852202,280898.95080575394
2023-10-09,24.03291932397187,24.08441670043125,23.83288755093133,24.05626292864994,24.066688507894398,232728.62016111135
2023-10-10,24.52749505234268,24.6647022102091,24.49516489445476,24.525307491081445,24.524930686293445,682486.210918029
2023-10-11,25.240768021139488,25.47884675585384,25.164611434854,25.20961505876722,25.21704700564456,305708.35895215883
2023-10-12,24.6420555920572,24.88382032189793,24.48883458107726,24.62740197629013,24.63059650385716,350321.5876784654
2023-10-13,24.769346179730544,24.881458945918556,24.661284668157773,24.78601831597378,24.78314434146311,103729.50449322502
2023-10-16,25.1910183607382,25.30128540526244,25.028978933021666,25.206832915191924,25.22201747435801,205280.8312152133
2023-10-17,24.626327139767103,24.75227959362622,24.449218612714382,24.62172311840571,24.61125469216434,1780260.0063042515
2023-10-18,24.35701868856215,24.45513895561256,24.359621835275867,24.368556600907727,24.36843026616032,284818.5323752096
2023-10-19,24.179717006568147,24.339548790031277,24.18517419243924,24.207017153290767,24.210393056106835,218847.84691630944
2023-10-20,23.820386475061845,23.822969652365284,23.646040222490647,23.82079567184435,23.82412121119328,241918.1554571038
2023-10-23,24.190575925566865,24.320424785469665,23.94513891217383,24.19080157800464,24.18867988248852,204683.84226050548
2023-10-24,24.0107111143298,24.18152233725374,23.89388303580518,24.04707647649364,24.055208866780397,484558.8578805181
2023-10-25,23.894095347960757,24.020738526687587,23.86349319858212,23.88829717793749,23.89249380977744,291428.8547399903
2023-10-26,24.35076806891209,24.368145534907203,24.315320138466745,24.346904550410613,24.35264433027137,365277.5947930715
2023-10-27,23.800220866450086,23.789995469210503,23.7646342061639,23.769206090976077,23.769880994291825,275982.0496216828
2023-10-30,24.47195270542847,24.59952548591358,24.405387360383997,24.447704489836696,24.46221705495853,139170.86524601787
2023-10-31,24.035727647909223,24.092107435173453,23.96260599378712,24.04754872121562,24.04359758675752,140608.10826224726
2023-11-01,24.37632209946445,24.62939170727078,24.11722019029692,24.386083385715672,24.391102635300992,698774.0069778264
2023-11-02,23.769861342127605,23.87371443136888,23.75429653841629,23.766993990960795,23.769378639178928,162238.14377667237
2023-11-03,23.38272205375257,23.428828974447804,23.32381432152504,23.391215242968045,23.38641048792927,249880.34570513855
2023-11-06,23.208525315243623,23.24601438410721,23.0452094890451,23.20517714379218,23.21017674079137,170964.73121097087
2023-11-07,23.621342791629036,23.71237923292569,23.59401790269395,23.60606336890428,23.599242247368934,246832.03130989743
2023-11-08,23.780387116314177,23.78982832142612,23.707741562501614,23.764980491598592,23.76706346521725,256706.6172608348
2023-11-09,23.841522397931264,23.938911264031425,23.74603944464168,23.85649196743799,23.858153484957946,250356.66151787623
2023-11-10,23.89448943639857,24.10484998088572,23.837636980954876,23.90399228639853,23.91247858307936,233164.52549178927
2023-11-13,24.08547429805139,24.137474577906104,23.9356509733848,24.0773169618174,24.065657349876407,238521.546699198
2023-11-14,24.218624498528875,24.262099214951213,24.213830640369675,24.220274406180742,24.22945847677137,302399.70314919984
2023-11-15,24.044608321389543,24.170779662408357,23.97266767359136,24.009394470443823,24.01365805542057,138865.5048984615
2023-11-16,23.04437992749297,23.25437109507304,22.939178712079357,23.010713013633445,23.018464800421707,99466.81941046967
2023-11-17,23.263851489959432,23.324220136898827,23.249563107288115,23.27188170986431,23.268945383624704,344434.7138907692
2023-11-20,23.678159782507997,24.01529320434125,23.69544335594636,23.698191113459416,23.70125717890007,308792.842927795
2023-11-21,24.08651603390329,24.33574513215538,24.04894095366049,24.08910777081041,24.082591739384043,307785.1324047112
2023-11-22,24.976444459927343,25.012633797928416,24.98724814395481,25.00196852741117,25.001756384179245,348765.67897089187
2023-11-23,24.96408528678001,25.119145917597777,24.991552926958448,25.007507338107608,25.000695184494116,79794.78642580654
2023-11-24,26.111210999003365,26.237134892209315,25.954576082782776,26.087358917114702,26.08094529200062,301605.76365528634
2023-11-27,24.67216500036357,24.7491230038772,24.652927633893032,24.738790093312605,24.72327999410362,323192.07817073
2023-11-28,24.04326718574675,24.06731927118972,23.88344045996724,24.033660567235184,24.040688662016453,453541.96600348543
2023-11-29,23.87373021192199,24.033260024683702,23.71861647919491,23.896610351822385,23.8857100179786,376631.7936416064
2023-11-30,23.334296811453157,23.4696647306796,23.313538795069974,23.348855299727408,23.347376923311064,650550.2124889466
2023-12-01,23.219401141246426,23.4070177028534,22.99051864272681,23.184375857517555,23.19019847773233,366931.1908134706
2023-12-04,22.367980099849536,22.39384174622328,22.35656976364692,22.363785886547426,22.36383707789302,671028.8012572492
2023-12-05,22.32729964239184,22.33097567007978,22.26443896094011,22.308292351574025,22.321909591509154,258728.29849435476
2023-12-06,22.077714574871745,22.14874479881466,22.05724475699044,22.08423646437328,22.08586005112507,179614.10935351398
2023-12-07,22.591029364261395,22.713757456659625,22.55889785039541,22.65056875049217,22.649115483409144,104048.60919313005
2023-12-08,22.88222853932068,23.079191962517424,22.84579840775121,22.90945890828207,22.908233949081083,321233.61823840503
2023-12-11,22.687255809773845,22.725719206518075,22.674249960178376,22.69022362457837,22.686670334619816,1328449.1265203955
2023-12-12,22.517996188903712,22.67421399605808,22.4934314159874,22.515988422919364,22.503748652304807,329668.97895933065
2023-12-13,23.330333127202778,23.32733018413704,23.25448654941949,23.309110012548608,23.317387633183607,273461.6799320711
2023-12-14,23.398684320406687,23.44802353992096,23.406485837218646,23.40883705744765,23.40030487456314,153156.99354903592
2023-12-15,23.450316135599184,23.532468056073284,23.33138281837812,23.45859077215517,23.45925024896277,527995.5523293831
2023-12-18,23.231156431016903,23.265489398382368,23.05992363795164,23.243893784529448,23.237631142410976,507675.6032896516
2023-12-19,22.82904912159447,22.84150911431028,22.687109421616377,22.83474932340359,22.82715398621324,431767.14038343343
2023-12-20,22.553909595378688,22.68027755618845,22.561421880348963,22.56275981367531,22.568626684550463,158888.04110391863
2023-12-21,22.56265172830917,22.73334800590978,22.424686046691164,22.56887311712657,22.56748358240192,477827.9659954484
2023-12-22,22.959670086638837,23.09746740194898,22.86352745912996,22.940291091172853,22.933418439458052,331218.31216350244
2023-12-25,23.08886291504942,23.12637619867254,22.97347791680748,23.068482899758813,23.07270287961481,665509.2392380069
2023-12-26,23.79348302312139,23.79150779716634,23.733697175613788,23.78137987455049,23.78578536080308,131874.76514155115
2023-12-27,22.62611422000897,22.800030145677344,22.649704025301137,22.651424230266034,22.660596596705503,119965.6058088056
2023-12-28,22.60564414115612,22.685847742162775,22.572433092836075,22.588212026195865,22.582179585721025,209652.206947803
2023-12-29,22.2422602059039,22.285956078528383,22.08013843121981,22.2121071575637,22.20895708982831,322796.1474296418
2024-01-01,21.659819239354054,21.666199344208582,21.464910399410915,21.629231533374185,21.62086860532244,104844.51891056228
2024-01-02,21.324701791953693,21.47050046852897,21.30236229747326,21.35212486799428,21.35990780121255,460470.9276748831
2024-01-03,21.476170094402438,21.47128336842211,21.437477259341247,21.453182532698072,21.44521475693853,235930.7697343181
2024-01-04,21.71049960955656,21.74928392027464,21.54963352614097,21.71128749532335,21.716055333182283,179149.1654155127
2024-01-05,20.825798663434373,20.923473284402924,20.704116649181664,20.814582783411623,20.809727468902384,110428.94345271905
2024-01-08,21.07445551008145,21.102819922725494,21.02748126454367,21.041473631886724,21.040725117404318,88845.92730142994
2024-01-09,21.69284397140617,21.714510150992343,21.63607627167012,21.655025036285693,21.658681863417115,435284.216332636
2024-01-10,21.17261649212835,21.219806140781625,21.12911457208297,21.174009376936088,21.17031004602839,111055.10612070844
2024-01-11,21.42856864079099,21.601942671291088,21.35655599760653,21.42081380468033,21.418451773639266,342668.19120775873
2024-01-12,21.50411385639988,21.5127839309726,21.38195006655692,21.49475090789364,21.491736004501508,183052.84998279437
2024-01-15,21.51226211516188,21.599239847545203,21.43705060183868,21.483013554664677,21.47791750271956,1800853.735044565
2024-01-16,21.40032847063183,21.49880586694477,21.27643441454416,21.420947263033227,21.42449215460624,524004.2057188981
2024-01-17,22.01852770761949,22.10500723845497,21.877155532386794,22.02552923250634,22.027968215706117,110006.58098800124
2024-01-18,22.219120842365275,22.36521521227083,22.21027049812108,22.22353227171301,22.224355662706696,310035.0052697934
2024-01-19,21.981340840382423,22.1806345312462,21.947927062021783,21.995932467764053,21.981590862095157,648214.6213931346
2024-01-22,22.26809672119452,22.429199264169764,22.1342252750669,22.242439802971116,22.24645327503566,331148.516128606
2024-01-23,23.12931209093069,23.382908068656462,23.154029615528508,23.154168758931835,23.15453055860537,591176.3050906254
2024-01-24,23.109110592984365,23.30970671908632,23.024218697514677,23.093489354414757,23.085945716578696,163236.38237586396
2024-01-25,23.622651669176555,23.67541495553877,23.55977798430208,23.627771322962943,23.63757840312165,418322.7198586632
2024-01-26,23.6216461558348,23.7020304263043,23.562281957349736,23.601069256669614,23.603608236807077,626818.2308161035
2024-01-29,23.43424631034846,23.424585793487097,23.20731556169555,23.401584146726968,23.411750219363118,244210.58660798945
2024-01-30,23.437015357795357,23.49536998400752,23.32305004680051,23.435603943230745,23.438932917198176,90656.80109239768
2024-01-31,22.71195792671384,22.845307830040717,22.685132121949497,22.686613949340995,22.685989583864394,285331.4838748641
2024-02-01,22.76944667869665,22.835540191886107,22.67827917238178,22.75661167604485,22.75736091543909,70487.19380259936
2024-02-02,23.581247660663923,23.679992514077785,23.32107611298102,23.56611743357813,23.566748633903973,200322.5409855408
2024-02-05,23.385685491241592,23.529002023246854,23.169284515569046,23.360486317873143,23.36274998049712,411806.7802766776
2024-02-06,23.55210359931512,23.58748334657045,23.17495465840959,23.53632188856494,23.523501189316043,103266.31239549468
2024-02-07,23.35756700211059,23.374213222777588,23.264409999909184,23.32839689089733,23.33533866516254,225711.7683322305
2024-02-08,23.12198680313093,23.165798974871755,23.010181508399487,23.116921526578995,23.122450220636463,77652.34291093772
2024-02-09,22.93240904038786,23.09181918493506,22.822778810616114,22.924242251912904,22.911667735438733,139447.87973972436
2024-02-12,22.810804825397373,22.83541381862301,22.40776356176193,22.765210996772243,22.76176227068968,144382.55386293874
2024-02-13,22.41286594811645,22.513970128850104,22.22653043695683,22.39221349436241,22.38644486104159,446300.5847626618
2024-02-14,22.45757234291012,22.52381231603517,22.387845195068184,22.42410734885897,22.418572782862764,278075.7036121055
2024-02-15,23.19972185469475,23.24350573289368,23.17141084047477,23.22480333077759,23.21892845132425,132891.0846202139
2024-02-16,23.25330850625477,23.34526914219272,23.05130604112767,23.254885294629894,23.252655540240347,226913.32741182868
2024-02-19,22.97236936982432,23.0881988682393,22.84753041266221,22.95794556345233,22.95736541673192,452074.2168984772
2024-02-20,22.6417611113255,22.74208729452609,22.525066883563465,22.62480974750613,22.62101948892842,507702.5187287381
2024-02-21,22.699294254938792,22.83818835912656,22.644209010003067,22.70473056865597,22.711710415716823,150629.14767763662
2024-02-22,23.21369519761301,23.336310383456613,23.091025029276317,23.21947454801052,23.22456558923118,379320.54977857525
2024-02-23,22.492577598840597,22.47630759231133,22.30687890599716,22.46454369810809,22.470632811829816,314254.85770196724
2024-02-26,22.186595693793624,22.33489871162848,22.10671250990878,22.16285777950743,22.172023982279523,286825.7446599848
2024-02-27,22.520807393319885,22.59795258269986,22.32807687582037,22.525619241248023,22.52048168030988,536223.1246344054
2024-02-28,23.136865671595185,23.225943688295764,23.068195503218927,23.137329223096284,23.143194284230297,200689.14868744777
2024-02-29,22.5999024105288,22.72470196423858,22.6613942877386,22.665484419021137,22.663239499693983,587534.965108427
2024-03-01,23.531118604370565,23.55359940030536,23.46063836589716,23.51934598513245,23.522687033031584,368380.5815921781
2024-03-04,22.96628547073249,23.211855285725285,22.95704110999296,22.97076278684314,22.960740896094,495148.52056234994
2024-03-05,22.42525980618045,22.573671415815998,22.290651143245103,22.42873655546276,22.440026962765938,526195.5389655706
2024-03-06,23.085596519982968,23.11404849530072,22.98903300151545,23.081046774950423,23.08700743915097,302459.6213765489
2024-03-07,22.457465500960907,22.471177624345884,22.42258402804205,22.45934369398389,22.46143970288553,156820.80828621247
2024-03-08,20.905391400251936,21.119503886256886,20.793792857507327,20.888221332582084,20.8892033800776,160404.87104990464
2024-03-11,20.30210858256569,20.36537468727918,20.21667233495867,20.32102637771992,20.32068043233698,116691.98105873208
2024-03-12,20.32900224377527,20.477293980232837,20.2639500043306,20.306810222816846,20.30902906238181,274005.89211195
2024-03-13,19.671695201022512,19.70399888308439,19.52513768119852,19.68872176625386,19.68888801413925,796908.3234236451
2024-03-14,19.800811749935843,19.849409730936987,19.661411208272213,19.77207850552225,19.77464027790974,298630.28161097853
2024-03-15,19.60042425465755,19.66299793798912,19.59121287984832,19.59927972274881,19.60014509401462,127665.6953169931
2024-03-18,19.80724796611466,19.892318621828917,19.750523825490266,19.819302432773963,19.82294435544581,245900.4004316773
2024-03-19,19.355174224247698,19.405583590872,19.26567807610394,19.35210548922151,19.352585845592664,123644.75572184802
2024-03-20,20.446191340044184,20.502859087990355,20.361113633028005,20.43819641853362,20.434384957367318,230357.58801176024
2024-03-21,20.97864285344111,21.091381342964706,20.940504034943704,20.975057824204924,20.961963161201115,330851.8286445048
2024-03-22,19.88102817592898,20.110592286256637,19.91099990607974,19.92068098333315,19.923581873185807,174012.01097146634
2024-03-25,19.381567077509946,19.42946190061639,19.30255761317716,19.35230369774474,19.35192224191055,321197.79810971016
2024-03-26,19.01291735536844,19.039902799845954,18.851375211883507,19.00511430808453,19.009605143587912,246226.6549301266
2024-03-27,19.278501189818027,19.27643048797356,19.07939182354482,19.27002854041346,19.26853009136357,121390.40538219518
2024-03-28,18.87016084508674,18.94595434250205,18.853046064082687,18.859065016507067,18.862995466296542,144298.01463629
2024-03-29,19.219132656835097,19.212234146265345,19.05480202370284,19.208802890540184,19.206785891725275,490590.3661504035
2024-04-01,19.3922317937876,19.485115211848196,19.382567604041327,19.404782381262464,19.401551122083497,591160.8106755237
2024-04-02,19.22338345739331,19.491925935842787,19.094836951686403,19.25825328394582,19.25083573675248,173097.75673967073
2024-04-03,19.51975028650624,19.619850743562253,19.440515116802143,19.495019732637235,19.49984930642749,103552.87097705693
2024-04-04,19.90660508560982,19.92219350689484,19.78746372104174,19.902831186913232,19.91035877317089,340029.06473752
2024-04-05,19.71476969455516,19.74874770760577,19.64067204264838,19.71185332994708,19.702945861688537,246853.5163971425
2024-04-08,19.62000070035397,19.6392189398323,19.5010795640378,19.6310023783415,19.635536239185715,840391.6002240318
2024-04-09,19.8060862705731,19.86399083087308,19.762084189119097,19.849254612716805,19.84526802806345,273559.9921318337
2024-04-10,20.63885484956213,20.716137161133748,20.61433770831224,20.63966700247537,20.6412098877274,229367.1482141117
2024-04-11,20.574301506900788,20.73881329554109,20.48532680947545,20.593836204440716,20.579956661841884,224901.73027171937
2024-04-12,20.346056496404863,20.467452251003746,20.187907069018404,20.365825728060887,20.365678231131547,211770.4335501257
2024-04-15,20.791761061017144,20.906263828953488,20.735536324232694,20.77779533389517,20.783895886084743,623813.1292252644
2024-04-16,20.119396639532567,20.212439114009644,20.00477744102122,20.11253857476551,20.115973683073587,193765.5472673108
2024-04-17,20.10196924381996,20.200970406638667,20.02084403196894,20.11780270823623,20.123050638466975,93180.21976882844
2024-04-18,20.917692447052836,20.931662322824437,20.82044379445016,20.908524289685868,20.905537813962468,294388.1062152265
2024-04-19,21.295313189909866,21.3580208191938,21.218363462548712,21.28690300825904,21.28691527952234,174893.54345560828
2024-04-22,20.554442020677055,20.54521095747688,20.332262782888456,20.52071695521287,20.52801206035712,260936.09709619667
2024-04-23,20.05048205159684,20.291474844890335,20.02553320684843,20.05533139517108,20.06274267389672,340305.13466233906
2024-04-24,20.187767506744866,20.308607974932528,20.101438375490115,20.19752443711402,20.201623550649803,320579.0149908455
2024-04-25,20.83665374913256,20.986816625509277,20.833049943192734,20.85569541857469,20.863075740596088,188497.26839745892
2024-04-26,20.936080990339665,21.068881119865832,20.9204815040005,20.96297581672778,20.970728212412457,177228.7963516411
2024-04-29,20.78197164168838,20.848598861554866,20.694557291162184,20.80017997593501,20.792560512190036,177870.47419228536
2024-04-30,20.355038865261765,20.458086280364437,20.268426236682885,20.35900896223388,20.360390018894176,101179.86240292464
2024-05-01,20.38772369663053,20.458206256230262,20.248563008463822,20.398034306944997,20.394771113403035,555865.3416968157
2024-05-02,20.25992586026615,20.28809113799705,20.124344510554,20.254683451491196,20.258814210605703,334203.4039728081
2024-05-03,19.651705040060087,19.69995904281878,19.49106857044395,19.63476168048036,19.63275440676397,118244.53237501784
2024-05-06,20.133250978104588,20.192857597111637,20.061663775620403,20.16436821045244,20.16496987770572,242736.36409096225
2024-05-07,20.08757607809661,20.131503213312225,19.952769922837607,20.100307866166577,20.09955048022635,193546.391191642
2024-05-08,19.602899810314824,19.67051735907534,19.437771503153893,19.562662961929817,19.56478948383252,270299.0876113161
2024-05-09,19.53647244350185,19.55576791785454,19.51220218946253,19.53618131240126,19.540092809118544,165308.09660890946
2024-05-10,19.57137545192475,19.641721251649905,19.587054497549104,19.598887158145395,19.60244642229408,308171.9159687711
2024-05-13,19.402714409370137,19.493727220770158,19.356041420990937,19.388666359529605,19.394101571823704,292121.2203372055
2024-05-14,20.113001958282684,20.16520923702385,19.93286527789064,20.137185959779924,20.144437449882297,451107.605561456
2024-05-15,20.11465916080427,20.230831832318383,19.97288592024226,20.119209677725785,20.11264225689284,216677.54160465547
2024-05-16,20.568803641492902,20.79416741407352,20.57413929847572,20.594615599113816,20.589921870723497,237832.17755567623
2024-05-17,20.497911109036263,20.61921155924046,20.416532659432995,20.49888025939246,20.499354733793886,407553.9562044764
2024-05-20,20.230171053880785,20.28971801149285,20.01590074076065,20.234560541871254,20.23911217391388,599221.099377228
2024-05-21,20.53550737590411,20.584138243129697,20.5525897675909,20.55314623567129,20.54974704986782,354108.2296966856
2024-05-22,21.142628683975943,21.144934160887946,21.02594810861199,21.122928403265824,21.12032968010105,394778.1347211643
2024-05-23,21.3798062484543,21.443729392217904,21.289326955234223,21.37448842276777,21.37763385256783,759963.9657311632
2024-05-24,21.339046897545494,21.43057001233214,21.21256141880508,21.34629826190945,21.35299397653119,142113.99233471174
2024-05-27,21.31371157864906,21.385649321343983,21.254060109198534,21.330079413731937,21.332752184640952,157867.48870878047
2024-05-28,21.491521242548863,21.505548444824985,21.30958930515637,21.45780004843626,21.46166527344891,119815.16889808724
2024-05-29,21.297812339749758,21.34567440867277,21.24245078955268,21.33146888922725,21.33431843007191,266527.16671556595
2024-05-30,20.863218750988537,20.818682488109555,20.792786932073017,20.799604682727207,20.794219684710608,312691.14906753297
2024-05-31,21.35650529632285,21.387610300779585,21.29900098360461,21.347790766176303,21.345670299148864,478949.9764059181
2024-06-03,20.981200881012736,20.98261182854434,20.91253229035093,20.97093433188374,20.968079913361223,118084.94562278232
2024-06-04,20.62584343832667,20.776485645742483,20.596927793396823,20.649079887953192,20.65676364400065,321894.6868537296
2024-06-05,20.48782893328424,20.499088510075858,20.38965470654066,20.496318187601908,20.492537498115503,397486.66905353655
2024-06-06,21.200375423885163,21.29723861473907,21.15940245899923,21.213600532715645,21.21753904943687,147273.20710403763
2024-06-07,20.55149134905161,20.660903607327203,20.4299111264926,20.548683181294894,20.544574259073237,428592.8411998256
2024-06-10,19.85936703197187,19.856477822892245,19.692426916656927,19.803517858072517,19.80056127193084,373346.8281146965
2024-06-11,19.720167341832614,19.864897210100864,19.692117700955933,19.711918014067347,19.70661777297509,202529.668482192
2024-06-12,19.564165107188845,19.66587493423579,19.540752685137036,19.56961197607201,19.56858311768766,427876.8665909068
2024-06-13,20.120222028595908,20.15797746877287,20.07225775030443,20.112540873797567,20.11393681211846,104801.17828209967
2024-06-14,19.874667438790866,19.9760826047812,19.84925521314142,19.860116161990675,19.85605970715612,179430.3443160212
2024-06-17,19.937907423302217,20.00584596327864,19.9257610259416,19.9393924212688,19.939076341232767,214554.84878149696
2024-06-18,19.533146379945425,19.565897772744474,19.527089558141792,19.548931028856625,19.54831307742112,544025.3752101128
2024-06-19,20.34558403825332,20.39532877058147,20.30747079003557,20.32323245984614,20.3077227297238,542599.2704535086
2024-06-20,19.94985407672772,20.09981506825047,19.870566550901614,19.932846783146704,19.934286091906756,200302.9393614143
2024-06-21,19.79231409505207,19.916761155310272,19.68389023070809,19.837223809446076,19.837655186549597,241021.47756706335
2024-06-24,19.242523765445952,19.367717527728427,19.104310654964557,19.24403507965808,19.236898792594207,241942.30657555975
2024-06-25,18.67787046979334,18.734696965201785,18.57302590456992,18.679560986362407,18.683769265002265,0.0
2024-06-26,18.888041937144667,18.99449021003009,18.787244723060464,18.891538002788227,18.90194778741827,761075.7035121623
2024-06-27,18.78363749996157,18.79090994499682,18.71864058423336,18.770778028261397,18.774296522081357,1046948.2037660308
2024-06-28,18.904563454326077,19.008358352885296,18.81613922176489,18.91849542389736,18.91883711427197,232933.30897342975
2024-07-01,18.732725618862062,18.767197781239044,18.64523771264592,18.731989159872008,18.73062700680632,598474.6941575103
2024-07-02,18.82352891826094,18.94070138924129,18.71577030421043,18.85282080117432,18.85030533326728,202037.3248941608
2024-07-03,18.22363733812538,18.341008369993887,18.22400287142761,18.23773990160353,18.241059947597897,277659.7823212642
2024-07-04,17.916760251686743,17.917074994302503,17.87595846594572,17.89516598101629,17.897480359490544,1087786.509251827
2024-07-05,18.167427104391155,18.21821569984933,18.049575162976836,18.15857995909325,18.16473908417307,389447.2591969384
2024-07-08,18.46525669572298,18.617376089847923,18.3879518818322,18.47832908007719,18.467408376298348,174205.57726643287
2024-07-09,18.448535083997893,18.663926316345187,18.41006600973065,18.471553276995586,18.46736189014369,496698.82428564527
2024-07-10,17.670698159361624,17.78109100436755,17.57856332560759,17.69279340970031,17.68986853192168,246348.4035208141
2024-07-11,17.976086189858542,18.03633612359418,17.971378885889845,17.986297827791397,17.984695145344606,439145.7509259986
2024-07-12,17.61249978402907,17.780237976900146,17.544182567737366,17.605696970378386,17.6080784953508,279098.59451436234
2024-07-15,18.128359442830547,18.210372729053653,18.05990836784124,18.13695884920859,18.144240593122195,453928.2948354671
2024-07-16,18.36125126304401,18.39304732597767,18.28693423926812,18.3777856601068,18.372561708755303,359621.53062219504
2024-07-17,17.512163684286225,17.571248465096453,17.505770552395695,17.51356720208432,17.517833096711453,466785.1299280333
2024-07-18,17.825246489951944,17.82991316901593,17.792852276060074,17.801147340194298,17.7982817105793,373913.1071086844
2024-07-19,17.641028996701625,17.770449059031954,17.457639974297777,17.627181998355873,17.62642644465347,161190.8242925897
2024-07-22,17.52359419611665,17.560106762730637,17.41016167236484,17.536661533901427,17.528414481566653,226719.84303059676
2024-07-23,18.063543897433824,18.139191089881496,18.07422479882872,18.075540413794783,18.08572024435768,249969.1727937737
2024-07-24,17.560570513117533,17.574303705273447,17.399905151847424,17.57255247629882,17.56881938474486,279982.11921868287
2024-07-25,17.64422458556249,17.643982710054647,17.58139027806139,17.614044113902995,17.617068950131628,248914.8712280488
2024-07-26,18.514627377262062,18.660573370975147,18.479780884958448,18.53309779962552,18.527419002835305,479874.8461532749
2024-07-29,18.8544065402249,18.896077065856637,18.83232981188496,18.853558265296623,18.84103134199632,254279.05455285037
2024-07-30,18.674045720819333,18.729019316308054,18.60054407504433,18.67040998158521,18.67748462808736,222301.19419177764
2024-07-31,18.610999229250456,18.62260499074122,18.50130528289869,18.608600633120687,18.60677772677909,441653.9367149173
2024-08-01,18.884135048248428,18.913691508763943,18.880060826345492,18.90668967158488,18.912507885223373,491928.5013007577
2024-08-02,19.03322640216529,19.03621306358987,18.99120733253008,19.005306646853946,19.009768658910485,149777.20738646612
2024-08-05,18.9644732581581,18.98266260300117,18.890945055369027,18.96602218114944,18.97221129970116,168781.6053794745
2024-08-06,18.563053016721195,18.577487281294808,18.516418409801627,18.534581035389305,18.53688968200475,152669.749624197
2024-08-07,18.265556728747907,18.33653448747679,18.103132470703063,18.244963087083647,18.246135302940395,345432.6472752981
2024-08-08,18.34106741286285,18.347224751379507,18.26312150344241,18.342204672603422,18.340389985315387,165244.44405680217
2024-08-09,18.272148102156176,18.303283641432973,18.208842493180303,18.269741745045952,18.273071241641777,459401.6468030349
2024-08-12,17.790521071405404,17.822799507687375,17.775915377046562,17.816443601824627,17.818942568180013,362004.4708489667
2024-08-13,17.47518661900726,17.553917754811813,17.416392499502766,17.48722320801383,17.489869083177126,70690.71257496494
2024-08-14,17.438019428058507,17.47981513109783,17.444266403576044,17.44428896216345,17.450938651283717,324939.2598521856
2024-08-15,17.288918348758273,17.406719663511378,17.30727773038192,17.310119609607725,17.306572171484653,375578.4469197073
2024-08-16,16.997079381537954,17.01795510477998,16.98502236657659,17.00271611419206,17.006114683811543,176969.75266005538
2024-08-19,17.716264437272432,17.759352139538564,17.661944173599046,17.674917980080547,17.671934345326388,137463.1257600641
2024-08-20,18.13748549486337,18.22802627929196,18.118029836120453,18.14510494767968,18.142619807251208,526130.9754956226
2024-08-21,18.650579656342305,18.69736240635798,18.607112650189304,18.675242964052547,18.67636940370638,160875.8822952269
2024-08-22,18.72816727246032,18.86150166349524,18.704229108988088,18.76035723844047,18.763839670643424,360995.82794055867
2024-08-23,19.654976087700945,19.68442514622341,19.522928737167547,19.654242171177497,19.65264788592596,121584.35220196904
2024-08-26,20.4406283240381,20.49459982820091,20.36904020644709,20.457205751445024,20.461981013776107,246626.6608428573
2024-08-27,21.293269274022737,21.37077589255119,21.275526920734155,21.309242942146263,21.314582161527785,711270.9554474519
2024-08-28,22.16657287090728,22.1958858838009,22.11083648481169,22.17816262812084,22.178324873761945,386071.9585676085
2024-08-29,23.202994769462943,23.39120843546534,23.116355583396185,23.20572304314218,23.210098290273045,287586.52202492964
2024-08-30,22.35559536430388,22.372265508125658,22.35399788699217,22.359247894583397,22.355324341329563,217222.43789896104
2024-09-02,22.377916799506817,22.3954935431349,22.2609685172602,22.37214588432672,22.36188224997504,334391.804894731
2024-09-03,22.22543211270672,22.371467376784768,22.168880189061085,22.21534654847715,22.21752531387899,528663.5685387613
2024-09-04,21.43403116558658,21.4576533580472,21.41730635404656,21.41731860513412,21.41620756287973,289378.4274479221
2024-09-05,20.703421445895973,20.7647928881718,20.555573481595115,20.746147783867876,20.74568970896337,285459.6085823319
2024-09-06,20.76219446581804,20.823936116190374,20.72984889114934,20.753432513501185,20.75394157982053,440978.8349913421
2024-09-09,21.232092224170508,21.211779752514826,21.11515172657555,21.20322782733624,21.206867525262734,361154.7021596449
2024-09-10,21.632151518148035,21.653260428257592,21.55485557092458,21.64855231570733,21.647718651062394,280788.91004774306
2024-09-11,21.454053681153525,21.46381055719576,21.31317432854056,21.4495854532379,21.445536896284,468565.06138852006
2024-09-12,22.184862818961964,22.18085432559167,22.041927451391626,22.1661171290135,22.157377425354888,294877.6311744253
2024-09-13,22.47855960808793,22.713306581207096,22.32352559133364,22.493426387739177,22.490779653306003,318131.72800140566
2024-09-16,21.758489477722527,21.892535369436256,21.74873813195577,21.778572964088564,21.77681091342099,200581.33988476463
2024-09-17,21.7967746957623,21.905573688172364,21.732176897149053,21.79104804388821,21.80159565936217,280396.6392635147
2024-09-18,22.04393003923561,22.125033638030867,22.05474247344084,22.064564237620512,22.068249799867832,597315.2316155754
2024-09-19,22.28814399462061,22.553851048729506,22.139037583208964,22.32077459799731,22.32929054476758,212788.46433325525
2024-09-20,22.75831879994857,22.764213038346536,22.74042215854764,22.75503420325434,22.753988683641296,291431.21327861963
2024-09-23,22.13165386277067,22.215992199077693,22.033531882889225,22.11993590015749,22.10848827621136,242458.6848248528
2024-09-24,21.654737579057645,21.709059674721143,21.63458689200456,21.65091252830929,21.64520766902011,377243.8046595984
2024-09-25,21.050683973432157,21.107033389226796,21.05129555770887,21.057535777357067,21.05465297824044,259254.88191488435
2024-09-26,21.2137975185111,21.31805078719071,21.217171942446384,21.24550808975757,21.25503576260052,551178.7831300922
2024-09-27,21.870889589300777,21.88285145064823,21.761353342236333,21.86289711003877,21.858505860663755,141085.1101539155
2024-09-30,21.61875000791295,21.688200926596288,21.458001780167148,21.599584006818127,21.604302668171776,118464.88292259254
2024-10-01,21.321910127003,21.4026519989986,21.185729392870574,21.31347172214676,21.308698114493712,116358.90652744034
2024-10-02,21.88821876896589,21.97998753825445,21.640795092469524,21.87702632590972,21.8732644436218,86106.07748496138
2024-10-03,21.97302304431889,22.002907984264944,21.950313689095296,21.99971958878917,22.005730132102837,161056.88654275326
2024-10-04,20.86993021398523,20.96826279101362,20.87703492818786,20.885288380371463,20.886955760620257,163535.6975104806
2024-10-07,21.54870603480771,21.5724136541592,21.44855343500294,21.530510375508268,21.541544075106277,312684.40556188294
2024-10-08,21.76960038763936,22.021389370264643,21.69000634336289,21.75749281421696,21.75368461973188,170793.2271502315
2024-10-09,22.06670279412692,22.090309232287392,22.05922067940622,22.081393181099138,22.0929874787487,96282.1593596782
2024-10-10,22.227305154928523,22.211160666954964,22.112527826542937,22.19116494149824,22.18206345118349,897937.0017391759
2024-10-11,22.07714196683826,22.10028673870673,21.979974575439165,22.058959788887027,22.066351731232512,254501.46029672184
2024-10-14,22.031816275391694,22.131568517040375,21.917039782781167,22.019884584449983,22.02378719234152,777501.8203529547
2024-10-15,21.69755531561268,21.773153280517636,21.68543927974147,21.722125033652837,21.72521400672102,476051.6936614257
2024-10-16,21.464459119787115,21.59755567759351,21.47730569148939,21.487078383418403,21.48634291949169,150792.50831963675
2024-10-17,21.762113178031665,21.91147958027122,21.68660169873587,21.757727316730048,21.764372821673,149575.6547202003
2024-10-18,21.060038993225337,21.18067823943896,21.01607341340855,21.11411826824861,21.1119742953428,701664.7045726747
2024-10-21,21.370789056068656,21.399573193008557,21.2780998217151,21.377237403658565,21.373264439061007,430034.07790940464
2024-10-22,21.054780975237914,21.13996968167225,20.82365904560441,21.05640746336469,21.046615719818472,221293.5692395733
2024-10-23,20.16696463597008,20.275622139280543,20.151187047442143,20.160567753053773,20.155385249038563,105199.72036456954
2024-10-24,20.424037464767824,20.466153159130418,20.324754113448243,20.406705524090125,20.41214667499617,225330.3282395537
2024-10-25,19.41752799924128,19.458014984623414,19.34067315262932,19.391685185388248,19.388752866940692,571829.0643263216
2024-10-28,20.09607689993389,20.355373443817427,19.8221244546235,20.119933537055147,20.11985880179509,638830.1834620343
2024-10-29,20.8423967174568,20.932694626914024,20.7918450365156,20.835515726594718,20.833154202771976,99271.1618996142
2024-10-30,20.426875126329428,20.43303971781584,20.267402336956337,20.425662695954472,20.41944239702135,404908.14494165656
2024-10-31,20.65339545072393,20.675568528200014,20.56129285226043,20.671921687389677,20.68068081112249,217623.7032647784
2024-11-01,21.79035504442752,21.82547924908481,21.66230188076287,21.80725119162924,21.80575878314069,85050.03555390652
2024-11-04,21.58394688864594,21.65968444536355,21.55018833355546,21.593387913568996,21.59760700213481,207489.173597878
2024-11-05,22.181530094565133,22.328599919950204,22.140101414147697,22.18360073890284,22.183664527029883,528057.6391298276
2024-11-06,22.52628411996982,22.7556655767917,22.396872935721763,22.48773913575905,22.494223012715302,570024.2695882252
2024-11-07,22.896575238398263,22.953723483737004,22.79480492213046,22.89360783629246,22.887658183859138,301034.00134893233
2024-11-08,24.16011324453448,24.175747483253684,24.00545916343693,24.121424334782876,24.11491771240422,96035.46239307092
2024-11-11,23.713183776841053,23.778624233964997,23.62622272621436,23.74684150637624,23.75094906143815,574290.431285382
2024-11-12,24.2267430981172,24.393547501700517,24.103661174490885,24.22068400530059,24.215104878139336,524951.6076270151
2024-11-13,25.600079602825048,25.779245582358907,25.3341450987846,25.56568274131581,25.56434346395117,372388.828299214
2024-11-14,26.14608595889237,26.266557621215725,26.13551418483161,26.15351664639033,26.138511357759462,533313.2133073653
2024-11-15,26.192141003915065,26.22895130971766,26.08338508944095,26.210859034603896,26.202053444186976,208322.81462981497
2024-11-18,26.133437458047357,26.149340427063517,26.06946981009873,26.14546864965397,26.147873189855897,386173.479729573
2024-11-19,26.23950957233492,26.29448258091781,26.143051463796127,26.237237730482267,26.233942571848356,273809.61640395084
2024-11-20,26.508500057158034,26.55477561156999,26.291337513954268,26.526504989133592,26.52218897402947,193672.37202435973
2024-11-21,26.689478251391414,26.70782824979595,26.60946040782523,26.64943158307918,26.657063639147225,692658.5797747719
2024-11-22,26.860292870526283,26.95567908264912,26.769657294221687,26.87935872412521,26.87780256189782,320683.7938558937
2024-11-25,27.03041747943648,27.108876464085068,26.909399002277443,27.01318453414858,27.011383360709864,195113.31378367572
2024-11-26,27.46970131582665,27.66198891216716,27.358201520466768,27.49631524846597,27.497950181837844,226828.29301697147
2024-11-27,27.56636835744103,27.6563573064806,27.54617120449908,27.577921956150703,27.586101304216115,141370.6919414685
2024-11-28,28.46582492846444,28.53936549162989,28.376853695960257,28.482298221993968,28.477034942313864,236750.11276411172
2024-11-29,27.57206161903988,27.648229745102714,27.47612807314275,27.55708059969232,27.542144365696323,302000.553131326
2024-12-02,27.707623788547554,27.81016226779266,27.742296558972388,27.755193591952036,27.763397037395293,214595.5561666393
2024-12-03,27.409658686678394,27.501267154284182,27.29682818232384,27.40201839803472,27.401967535807955,362103.72423383343
2024-12-04,26.98555363471869,27.006626016932906,26.932825917036634,26.99956947985767,26.999025474927983,170530.0483304305
2024-12-05,25.822842121778468,26.0567414869251,25.70828983150821,25.84537175711676,25.85240928389301,393342.8023205663
2024-12-06,26.096151075912157,26.21008625950565,25.8609833476412,26.12669343885781,26.117530342892785,103546.86235652644
2024-12-09,26.30252775674982,26.474468157350632,26.225348377520675,26.32130997709268,26.31440186199794,186267.21458598587
2024-12-10,26.81712383085853,26.86327950720217,26.795256895776628,26.81558943887307,26.82173358125078,160887.61977653112
2024-12-11,27.64430436508618,27.731072665394105,27.62507490277679,27.652949267081866,27.65753957860481,206405.43634760525
2024-12-12,27.942949471766227,28.02620646120331,27.78274255281509,27.95769515726667,27.96117982342439,237233.3756724481
2024-12-13,27.40193112656152,27.55987804645905,27.170494858490216,27.409072038606094,27.4155623814751,218519.9432024049
2024-12-16,27.43128509390664,27.449889820663174,27.208834634900573,27.390811299777894,27.383379196830088,175985.32813291074
2024-12-17,27.36469363070769,27.422754797770963,27.086318664672024,27.36805561673188,27.37605335784411,280263.9353604771
2024-12-18,26.9257154617064,27.043085060177315,26.830078296453763,26.92189597180812,26.92607988682803,320980.97440885653
2024-12-19,27.050848854548995,27.19187988631825,26.905244869484907,27.018889057064445,27.02515210724501,139155.83936409964
2024-12-20,26.853041648285085,26.8855929863704,26.770386779966,26.844384268218967,26.841843272226846,366875.1419766109
2024-12-23,26.71726459941934,26.844399429752976,26.53407402193395,26.71155325982637,26.71481574397099,358319.545955049
2024-12-24,27.727248055709687,27.790264232752538,27.591991450209,27.71210945435296,27.697820581884702,1503380.5328492976
2024-12-25,26.76241071337307,26.84889415182533,26.591298820500302,26.760013938289465,26.75980763703448,97840.567917725
2024-12-26,28.245487734554487,28.334065015876973,28.093690603871384,28.24081694878253,28.240233394149165,326982.46076653484
2024-12-27,28.146300961030036,28.14217725995676,27.92085139029106,28.120796867284664,28.12418753272422,137630.50921347324
2024-12-30,27.932489875858757,28.07390862129271,27.695885757283303,27.94354408327092,27.94458749011659,582027.6748616472
2024-12-31,29.129524445631752,29.25757468843013,28.913424626937744,29.12447824084159,29.125512782084755,192635.64305173303
2025-01-01,28.75327860476273,28.830278887228115,28.60474260264452,28.724992803318884,28.72064387755572,609400.5588009083
2025-01-02,27.808194346700944,27.92304996852864,27.770014933364106,27.789470501238878,27.79282427755741,201287.17024261423
2025-01-03,27.88235547018958,27.966694017045977,27.751792290828387,27.893215446660744,27.90195277407241,438818.1655659881
2025-01-06,29.31426055889012,29.416223528066983,29.188154953579478,29.250272809842617,29.24970504431737,256703.7667016853
2025-01-07,30.161224671215518,30.393876275247827,30.101450259736986,30.115273609655308,30.115633076535005,192902.760829562
2025-01-08,30.31629641684771,30.36004603253992,30.184162104120297,30.26199128941061,30.26824752648732,205491.5707798104
2025-01-09,30.96311824515008,31.120797490832757,30.93507280107436,31.011411013217387,31.00264295469052,374221.5272367892
2025-01-10,30.255185187999253,30.394307721782216,30.13124086805685,30.2367282441386,30.22924532761689,300861.3319652354
2025-01-13,29.46376875405987,29.55012402668469,29.22861711134448,29.446575899698857,29.443983363040363,147239.12678268543
2025-01-14,28.5297622075141,28.597961930579316,28.501544830868045,28.56078997575019,28.553736926357423,164649.37541255073
2025-01-15,28.68568061699024,28.84763969899445,28.66779049578385,28.71966913281724,28.721574943838792,183149.45574860205
2025-01-16,28.60759420152945,29.065567698408877,28.56990821512121,28.643173468024106,28.64792951521392,190014.6247490873
2025-01-17,28.15577453297093,28.132347615524196,28.070247909089534,28.08589576495466,28.081355691852742,439593.6377308974
2025-01-20,27.48061896154808,27.732210955762863,27.249416071247623,27.49434604118341,27.49390930192663,305800.45415625593
2025-01-21,27.856374699091777,28.194101850629348,27.64585460660877,27.84276425082521,27.84543108309504,408325.372169773
2025-01-22,27.320347463219868,27.346542535162197,27.071560972030333,27.31476937627692,27.313562154364423,184025.4067059327
2025-01-23,27.678376627713703,27.872169835616504,27.62663967742617,27.663133905559,27.66479602218891,151538.21323770148
2025-01-24,28.272635444153437,28.419539904468436,28.177352713224344,28.27976485109616,28.27030474869341,713329.5158934395
2025-01-27,27.8336811613913,28.196758393164124,27.692813921562603,27.84471304156237,27.84787731148136,246809.74594351437
2025-01-28,26.83487598187352,27.02771615697651,26.78450292609227,26.829397183095985,26.824880438358274,262151.3817993182
2025-01-29,27.56256854703872,27.722589582994804,27.41401363158039,27.51222214562244,27.516319081939955,391478.2044662395
2025-01-30,27.32460858876548,27.292300888374758,27.25329836261645,27.27622407692971,27.273972066990535,448757.3796385833
2025-01-31,26.854464516667026,26.93635487829688,26.79990038346711,26.826925950316387,26.8207903476142,440195.6957745201
2025-02-03,26.83034318727022,26.83312123300469,26.59016668639468,26.804611480203597,26.80510295546522,210358.3263872428
2025-02-04,26.434390559334616,26.44461487651505,26.399265348256183,26.44360083111552,26.43930403560332,378379.5944150789
2025-02-05,27.20685806222513,27.24643544678896,27.041704226003255,27.176454700273307,27.17546980530052,806082.2428142999
2025-02-06,27.77982952789988,27.782249358527828,27.408289227596484,27.75903935893693,27.74973220621487,297576.7258364503
2025-02-07,27.98326007906053,28.290347741622384,27.880938115795225,27.99738103463363,28.00640431430705,152035.46084012452
2025-02-10,27.079522881875192,27.093703251866657,26.972603472606757,27.083449476709752,27.07444749081941,330688.6874061011
2025-02-11,27.800341148562204,27.88190940128531,27.71172664485856,27.8160344869072,27.81594849200534,417227.5076227773
2025-02-12,27.885225614241712,28.028480810975356,27.887805459561932,27.930398017405743,27.94193015987208,172401.23704517708
2025-02-13,27.5976311847973,27.621317966368384,27.539431463836607,27.585023716079878,27.59055777316493,1032304.4367366296
2025-02-14,28.013289582104264,28.081041814703344,27.99624621450061,28.03307239028859,28.04154768424571,177925.07791144607
2025-02-17,26.65918617608368,26.76085588398101,26.519307327566896,26.641391520466016,26.641091603720263,134978.03594052262
2025-02-18,27.77047519092815,27.946851511224327,27.7151371274263,27.777607433091227,27.767317203737782,118378.8456810225
2025-02-19,26.677744119148908,26.786005870489387,26.467797608862096,26.647091596764334,26.64043062291524,434051.7680928857
2025-02-20,26.76898273440736,26.82625251772752,26.70597596983775,26.802843624203717,26.79008956677862,248661.58473986195
2025-02-21,27.08543999187054,27.15260585770168,27.07113777887831,27.107692963924706,27.09891234980156,109908.53156742937
2025-02-24,27.540688703195936,27.5509570769514,27.50762831480491,27.511826941079352,27.517595153941567,210666.9076473466
2025-02-25,27.77583807088824,28.08057021279809,27.65110458592281,27.79169949865473,27.77544972749122,208440.04246637775
2025-02-26,27.247201633897205,27.35770343905311,27.211901037729863,27.27532997502032,27.2764759801926,533049.3225586151
2025-02-27,28.37915391342825,28.463477278473803,28.154867350870152,28.36096131655581,28.36366003514696,279422.9965916513
2025-02-28,27.90905871022909,28.14017550177361,27.88402831764468,27.929844451771874,27.941752383773647,103573.87014911088
2025-03-03,27.86188368361502,28.035160977465186,27.746887960899763,27.8627195576581,27.8614123863238,722665.1224362211
2025-03-04,28.727157880517915,29.24262917608109,28.522595473205698,28.764576328742702,28.76694534170087,250362.18253686585
2025-03-05,29.276373295888927,29.37208568440358,29.295020621450703,29.30187123370905,29.29694530175727,158078.61269613352
2025-03-06,30.05634348323484,30.091938002365424,29.8565961129369,30.04351393469112,30.03350259151294,186728.34096842064
2025-03-07,29.3112073689504,29.520851742795497,29.09452176177639,29.328930906456065,29.32847152285296,231518.38169911623
2025-03-10,29.33041593035644,29.6360370373229,29.24604258461052,29.291928169399046,29.28864013034034,291618.6919961252
2025-03-11,30.83750749034472,30.91574615856452,30.346501018697264,30.820866265096114,30.830328789660644,255142.75969300483
2025-03-12,30.16283303599436,30.207129074782983,30.0379755162728,30.14607613605899,30.14792592968081,154654.19926111872
2025-03-13,31.295528546754728,31.428860556316163,31.236742672980316,31.315510758730937,31.31117863840132,201348.00416239217
2025-03-14,30.267540229960293,30.43246126056639,30.240572901784557,30.30718078451692,30.303270420324985,589243.3728551667
2025-03-17,29.4472941419334,29.485161246235755,29.47098370373439,29.484497009308978,29.489668920755733,180238.09519599727
2025-03-18,29.88998614358916,30.0030323356337,29.663160387894663,29.86551761562292,29.858077097807005,489285.1289007132
2025-03-19,30.4143381283896,30.42802193595423,30.361664867647335,30.420164047092182,30.427435623676384,327770.8923728772
2025-03-20,29.589931751742277,29.95979126935584,29.54992422409127,29.632440167011534,29.63997481221779,129236.08706163632
2025-03-21,30.171482320816573,30.188254955129025,30.053471643675543,30.165791860380587,30.15950733895044,305336.4185069552
2025-03-24,29.41224200586232,29.62043408134457,29.293140683702426,29.37836982973693,29.384701972681032,267312.5302091192
2025-03-25,29.66025122413508,29.772376143250263,29.490481308777568,29.64873766102229,29.649889445503074,99747.27510692902
2025-03-26,29.86678340960092,29.86477952896049,29.80899740751579,29.85659337307883,29.861633538312464,88117.1704241018
2025-03-27,29.767646716327885,29.92664269284985,29.65096162656402,29.755896504947376,29.741548601215005,294758.7539910123
2025-03-28,29.034016959614263,29.03422246755147,28.821835462246494,29.00669814470272,29.013204732860977,502818.7677977992
2025-03-31,29.23958591546821,29.3206505657054,28.985056988020617,29.25025686296848,29.2649623208827,140135.02853454003
2025-04-01,29.1863137945096,29.28839233563788,28.969801309478623,29.22239834943897,29.23018391187628,382902.11022736994
2025-04-02,29.41634122319817,29.49673470943658,29.286989929390007,29.3666524636495,29.366661543900364,447030.6582554921
2025-04-03,30.09082102735616,30.120505786470584,30.044647195860087,30.084762890171064,30.07680299615851,315043.3421251788
2025-04-04,29.46711918110746,29.611455007935685,29.337235982933084,29.474440849886385,29.461294285669585,143632.64932354505
2025-04-07,29.39711315956501,29.539379939339025,29.30528386610829,29.4206117404803,29.429209840934902,499382.2881176749
2025-04-08,30.04415095980178,30.24864622549655,29.988116413840515,30.04853596872308,30.050574567574166,261711.16916745636
2025-04-09,30.39788333555713,30.546452339197536,30.12150247790536,30.376529301094617,30.3788879860929,171352.37975316658
2025-04-10,28.945451413694503,29.111395800365056,28.826479967340696,28.9623726485308,28.95877573265744,620408.9125605304
2025-04-11,29.255577032051782,29.450477083228087,29.26483121038961,29.339053375958308,29.34192269898734,109912.4373556106
2025-04-14,29.625409474004567,29.85460557190769,29.60111388155678,29.663137137954717,29.653317338680534,447932.0599185191
2025-04-15,29.57841129227117,29.720729569823416,29.503906521981936,29.54048098119283,29.55260630110985,149134.63974921947
2025-04-16,29.91613122486994,30.15749911133756,29.83600261353107,29.90440248275813,29.921318675418075,181033.1958245066
2025-04-17,30.837485018469216,31.05888285886317,30.549754192423634,30.839002906743453,30.841872089391256,390274.7916980373
2025-04-18,29.715259706536365,29.70712266279736,29.557351665411,29.686903845108933,29.68434124844496,107698.85903073211
2025-04-21,30.429504123658543,30.448246999616718,30.366442686224,30.41631354356389,30.423341765919417,540937.9728314002
2025-04-22,29.79091389611363,30.00004311740856,29.718429884821003,29.80871166393624,29.81098379123247,577172.002804196
2025-04-23,31.015553022274243,31.227882266530543,31.027510604519243,31.03219699432917,31.034077034682795,176208.04924323657
2025-04-24,30.41305748347787,30.523448866834457,30.28942714739343,30.41465313522299,30.423850933198377,535509.5335556491
2025-04-25,30.02000218374601,30.027587300986045,29.86307112231776,30.02203023385249,30.01937089232718,327553.363374068
2025-04-28,31.37536342083574,31.520528420764524,31.177791644586357,31.30054542795089,31.29723234240837,764277.8252409542
2025-04-29,30.15648000931612,30.170714182995585,30.081080701858205,30.15329916840895,30.147670019372367,129574.86036855784
2025-04-30,28.0874948898778,28.126506059540727,27.94258438282923,28.091711059758897,28.09251002246197,215018.40093579027
2025-05-01,28.27083160739072,28.32214527220778,28.179037343067,28.258204924880584,28.255446525030163,280144.56301062345
2025-05-02,27.51653297431864,27.592110081150302,27.309579524535707,27.49327080423992,27.49143592741387,203087.62689415552
2025-05-05,27.622676485217443,27.797489051105,27.561898784482004,27.59923695956363,27.601055610399,321723.3321183573
2025-05-06,27.531589032966288,27.611679594092703,27.35194833532129,27.51755456893792,27.522076303830016,747126.6341245165
2025-05-07,27.35750537696384,27.43061021371892,27.110849556274605,27.369787982891367,27.369028299180457,287638.6280315207
2025-05-08,27.47763510483571,27.544488223001306,27.34583793042728,27.42945124018333,27.425674022289712,301345.3239391522
2025-05-09,27.74157526934434,27.920673127984823,27.77051838886186,27.781998198217003,27.7646261239486,557165.9050486939
2025-05-12,27.140007079589257,27.23315861834554,27.13585850702356,27.1391190570831,27.13784213472891,777787.3984747468
2025-05-13,27.843795040860183,27.97081996360813,27.73503645521552,27.83304606603139,27.829196826963905,179981.64556619458
2025-05-14,28.2269886578305,28.29491894482384,28.0208023124366,28.25007064770122,28.25821310035193,286563.81291956804
2025-05-15,29.012011158266176,29.138682058730737,29.0440071344446,29.053770787689373,29.06530726899288,119473.8286644569
2025-05-16,28.422824063441805,28.733344318798864,28.39959045492142,28.423757119620763,28.41651528803756,458489.2459954005
2025-05-19,28.76683089723491,28.990469366281125,28.68923474043528,28.76975093944665,28.77595676085432,104918.8465292028
2025-05-20,29.11283237960949,29.19732676794176,28.942874119968096,29.064998304946453,29.06944435910477,483517.2989469675
2025-05-21,29.479410137370834,29.9176275997874,29.480723427527195,29.48549781059764,29.47932293054728,313665.7586452841
2025-05-22,29.245246625951907,29.47136387002973,29.18190675096512,29.251370199870923,29.25844374797845,168624.08424086924
2025-05-23,29.64829506194469,29.79461925034258,29.328206893171167,29.672638891588733,29.659230076364278,171207.94690593646
2025-05-26,29.474866973519728,29.751722337011905,29.40838732177568,29.49407859268359,29.493440647358128,271598.45889236056
2025-05-27,29.61731819506396,29.67400920962397,29.586738599044374,29.627516544544974,29.62458819139443,364665.8880660948
2025-05-28,30.494195929418925,30.676437313776248,30.463464570279832,30.511216181171516,30.502082890919084,465684.4791403979
2025-05-29,30.55863838141052,30.566258706028304,30.45004489939179,30.51110364242448,30.50838044793112,267918.52435173315
2025-05-30,29.403832986539808,29.51768985139147,29.32569353313183,29.39144257750794,29.373918866033463,132605.98087621393
2025-06-02,28.878367183810703,29.066112231429717,28.716638443976045,28.90084448003688,28.89822167139608,313386.06584975583
2025-06-03,29.27071259619957,29.41990940629924,29.198487417860115,29.246185638627832,29.234775997557687,130666.77092417669
2025-06-04,28.967406213196863,29.16727006571123,28.807806100247777,28.95435071830809,28.955807937702037,109367.11785441548
2025-06-05,28.33253532874827,28.50748259749378,28.203818199901217,28.35448032221769,28.35814952364949,165740.84132732477
2025-06-06,27.6978967941298,27.665832842164743,27.45367591428441,27.65440688271456,27.645944790819527,234297.1965995672
2025-06-09,27.45787739919098,27.519472949909005,27.41234582631672,27.48830080087935,27.48648776754157,936622.7305947654
2025-06-10,26.908700801846223,26.98893716105909,26.62213013646094,26.85274177319013,26.8375864694169,417321.6507270643
2025-06-11,26.962547001301814,27.050972796675207,26.83529504993139,26.95600619779806,26.949787602769582,610669.5111115437
2025-06-12,26.900478486493128,26.927281652519767,26.80176200486446,26.876616532217763,26.876707957999606,216745.4715353725
2025-06-13,27.15522385728812,27.192587683070865,27.12712093344316,27.145532981203672,27.13881789633636,143585.69806519218
2025-06-16,27.58135143162677,27.730756667221208,27.476202330540865,27.552661601706948,27.540130343624245,203495.4933728108
2025-06-17,28.00672638940067,28.015720934343108,27.776875929705405,28.006785575354037,28.00910195757325,487822.10308116034
2025-06-18,29.27748781506318,29.37634744309508,29.185489177180784,29.297998607775188,29.30035031603196,67983.71360575448
2025-06-19,29.92544789631371,29.897098795237945,29.71258197699748,29.89165312164184,29.88116231460157,265451.1812623678
2025-06-20,29.50996579867457,29.86724038744823,29.44407866556997,29.459256835411495,29.46028980625539,168149.6040770657
2025-06-23,29.43749199854005,29.501188862980445,29.406264269954235,29.4195335304106,29.415004329634503,185793.38747091257
2025-06-24,28.35781736985296,28.442143714867846,28.14339567866433,28.367417156304857,28.36953400024533,293284.60717216035
2025-06-25,28.19452602148262,28.31815881486533,28.18846804749189,28.197695700132154,28.191241213862977,193208.23140235207
2025-06-26,27.629872949486145,27.784198487454606,27.461389556727735,27.657163917206724,27.65495833020891,347017.3788373274
2025-06-27,27.263319998807305,27.413952984828896,27.16759142551356,27.24874834511041,27.25549690648393,215320.8392914771
2025-06-30,26.83710743478001,26.99692864007742,26.51189258435815,26.836747226948077,26.837162428364515,482242.6584753916
2025-07-01,26.3009255555536,26.477714062966797,26.22971152519805,26.287682580804947,26.274265407979787,533851.3494658172
2025-07-02,26.40468615225121,26.391162461726687,26.100707454246155,26.382263630380777,26.38765950486751,147609.66299558265
2025-07-03,27.57919848074234,27.78158326538246,27.585974556597755,27.62869690957657,27.630732392616256,229183.49127568296
2025-07-04,27.45561990530961,27.490802442479183,27.20899985966387,27.459682800845,27.476989212761897,175657.95433627767
2025-07-07,26.67963327085541,26.71893753152479,26.54933446283189,26.69673703644194,26.70072975019777,253095.95878843995
2025-07-08,26.704082200766457,26.933356612221147,26.615447302241492,26.705651052894947,26.709070907875592,363975.6658716981
2025-07-09,27.10282886406411,27.14144205784592,27.06129195798825,27.0809957848686,27.069371386125933,81670.67249298401
2025-07-10,26.45956661287678,26.47580982619713,26.43404214654665,26.43922620026303,26.43618941681379,175300.8211615276
2025-07-11,25.45506993607041,25.537886765639406,25.314780531290342,25.44283256965037,25.43120671171153,240647.65497640253
2025-07-14,25.48981314043272,25.57567890656349,25.218886175643437,25.514669292855363,25.51632339532132,165356.3471072993
2025-07-15,25.83938771473397,25.88404660410088,25.623059258993045,25.854478582555437,25.849420939866285,195210.4295617555
2025-07-16,25.519734467543127,25.69937487957121,25.395092963485894,25.51595700711709,25.52034992616668,83931.07298995003
2025-07-17,25.20646667332493,25.30587191093015,25.161332254926275,25.230027511889983,25.239616619692,428813.1153814313
2025-07-18,24.796617882338897,25.01178407409176,24.68236576884657,24.820933306674966,24.81927145603892,371622.28877025936
2025-07-21,24.64628279135008,24.94178392650787,24.514434522971477,24.64999019150713,24.635915715813127,233464.97500642872
2025-07-22,23.804220914278005,23.871540570815064,23.78199255030271,23.809473522450062,23.81587206058721,268880.6020858177
2025-07-23,24.520913853841822,24.630604650336316,24.470546534736123,24.490924976225237,24.50183782321472,284367.37905539456
2025-07-24,23.555381191476894,23.585974700995543,23.560543671773427,23.56525230073303,23.574035958268134,657211.2878732712
2025-07-25,22.52649457695728,22.62402968843452,22.50712707660234,22.53429166746885,22.5319503624827,508685.957195389
2025-07-28,22.85893182654139,23.00002867617468,22.85675799990133,22.879890626980377,22.87803011540948,450330.9467465432
2025-07-29,23.64470453234071,23.690766062401924,23.458083609797196,23.67252780255861,23.66944476250116,98596.06711329117
2025-07-30,24.404845888476363,24.49832971400409,24.298860018990823,24.411105288592186,24.40661914356417,377443.6188051273
2025-07-31,24.905450704650665,24.927710679305463,24.802812376403004,24.9039606499576,24.8942841217366,462452.2403521453
2025-08-01,25.16626222915542,25.305558501718203,24.99418777470832,25.143056990757543,25.14005379665921,192266.68552243887
2025-08-04,24.89499921651767,24.922615947429016,24.71210916103841,24.87776734199908,24.87956458512173,134303.02761568024
2025-08-05,25.534419577264615,25.63171576850837,25.50692191484489,25.52445724088614,25.52463683028241,160428.38283943135
2025-08-06,25.4522413017255,25.514862474941136,25.313728400805516,25.46570556635501,25.47052391643228,506749.8763679208
2025-08-07,25.709883200885056,25.83254350034097,25.74547354505381,25.74748106292901,25.744428467475437,188882.88938960675
2025-08-08,26.109666011719423,26.132819667456094,25.930740775144717,26.12123430344297,26.12593683117059,69035.03661173822
2025-08-11,25.667081807234997,25.749231134130355,25.45314336450908,25.673550059677957,25.67059032723416,115774.53804937324
2025-08-12,25.54105569385208,25.606743693698824,25.50738908100523,25.534331278761357,25.539392381433075,641141.4183169514
2025-08-13,26.81269926426627,26.894276385725004,26.81350490171529,26.83475161174264,26.823046800234387,164613.27923744093
2025-08-14,26.91524649190058,26.9712144714435,26.570953524602896,26.898146568337257,26.889109705593604,106315.25234509466
2025-08-15,26.82499407552405,26.92375810538957,26.81906458077623,26.901278997409605,26.918502959489672,164479.19251851767
2025-08-18,26.98181119081152,27.04486322159684,26.646018083944423,27.00689136540628,27.004368575399933,138720.90568678136
2025-08-19,26.42250314434686,26.583092230034385,26.193135568988257,26.43350983299068,26.421452246874203,621535.667837205
2025-08-20,26.88108860566048,26.925707334842308,26.908401091831355,26.91635571618736,26.91542457492473,242325.0635704808
2025-08-21,26.65481632250587,26.79708783884678,26.511463850009605,26.63881255755291,26.64861677845005,240483.65885922444
2025-08-22,27.078707831128867,27.06511544531358,26.914049300583244,27.043146689221743,27.0493977721337,210099.08159822068
2025-08-25,27.644756884440135,28.032039958141816,27.518829064994165,27.65725342719633,27.662581902791704,395103.8294941638
2025-08-26,27.320933372688888,27.41406453322261,27.333005199158933,27.34468710932437,27.340768852551964,285997.3158122306
2025-08-27,27.657730971576044,27.981669299337263,27.373425843579525,27.64155577966169,27.647052690883378,127003.8380295727
2025-08-28,27.93722225192724,28.185230622861443,27.780491090843032,27.933704685403868,27.93472258114394,175819.958227921
2025-08-29,28.689308187203267,28.815236743259955,28.67305026409617,28.685142721171857,28.68511396145471,958224.2657052912
2025-09-01,28.692320716906494,28.73122627726724,28.515990744536683,28.694305493127278,28.675587572160172,191668.07088256424
2025-09-02,28.937233721589557,29.02899255329724,28.823279458240528,28.900947838673247,28.891194470867603,361120.6969149397
2025-09-03,29.29631700507068,29.38066803761883,29.238799733057103,29.27879884399887,29.27639703595793,195343.3841462357
2025-09-04,28.75421142161946,28.874692516097905,28.40023183618001,28.740650811849413,28.745458872620897,455664.812836908
2025-09-05,29.638529498328356,29.664904672003548,29.45939850382652,29.59256777814186,29.57229370306757,413365.15679507307
2025-09-08,29.442065261164142,29.65240486464625,29.31147805314919,29.44007147782842,29.44381423177977,820899.8458592768
2025-09-09,29.70230492141653,29.737496126456055,29.55005706280419,29.6329319415184,29.6256092181046,717490.0953733627
2025-09-10,29.360323528826,29.431553397181226,29.23435748086418,29.35058303041513,29.352129765811164,790263.2851355097
2025-09-11,29.81514456474862,30.180578981766303,29.74850784145357,29.850586149851942,29.86122406627924,296959.54004277504
2025-09-12,30.152566035064947,30.33289536021032,30.070168538154952,30.125350111188737,30.125280091191502,336710.2020837092
2025-09-15,29.881305516344487,30.11870151903767,29.868247518029065,29.96503195327293,29.96542864236808,555128.7828259398
2025-09-16,29.877597115179636,30.011403754740176,29.61335017947865,29.864549854402597,29.868404001903585,546723.4401390647
2025-09-17,29.43123195613693,29.44361195812059,29.125771357276165,29.429583289008587,29.43050925729415,346856.3152924082
2025-09-18,28.764554305938795,28.75814064351936,28.597156584682143,28.74500728400073,28.748138959578423,142193.37248810026
2025-09-19,28.94219049459568,28.9403500855583,28.884982516353716,28.91912076899416,28.90775528968237,220818.4772807046
2025-09-22,28.84346035739175,29.043690553898124,28.552726840804297,28.84478747567147,28.836691730065525,323705.9610473409
2025-09-23,29.70767089258597,29.78812765218348,29.61266762446336,29.688496522872768,29.69479047622832,119749.45856363104
2025-09-24,29.82122998486408,29.867122291077862,29.476843691404472,29.80654698401365,29.79712963348752,169122.25889370104
2025-09-25,29.338622181392623,29.391073639900963,29.347070223158426,29.3605986963265,29.362601248910988,303985.6673592442
2025-09-26,28.994248592706374,29.078377901617312,28.88977767063212,28.98346290753028,28.99475894737679,330912.7695807884
2025-09-29,28.967235423065187,29.01551954302114,28.914157323783705,28.951057032436832,28.950241328918043,196461.96898568413
2025-09-30,28.243341463625335,28.322129495946157,28.20643627258724,28.249105140351396,28.242138099918627,170753.72525216776
2025-10-01,27.9306517338832,27.980219221059706,27.74849916033421,27.930407642507024,27.948855985636804,402043.780162362
2025-10-02,27.875295655833536,27.99286693427401,27.849540267543865,27.85143981174876,27.850076297200545,438914.7328438611
2025-10-03,28.900326342986823,29.03235940616275,28.62713690319857,28.89097612282211,28.896484998984665,279666.7697953931
2025-10-06,29.78684021925264,30.13783855506881,29.72321388122116,29.83353196739648,29.841659812539216,400742.0768750115
2025-10-07,28.91327518613188,28.983011459221345,28.853016100198687,28.93458601219469,28.94384284826232,317098.0845200215
2025-10-08,29.813072126965547,30.0862826385292,29.66420341539032,29.82252401723693,29.828351592294403,303569.3048153895
2025-10-09,30.50978618576766,30.877542208546263,30.21256809801394,30.50868226328925,30.511045988301547,156057.68091385177
2025-10-10,30.965674226749574,31.017902288992182,30.666080209943942,31.006300657997038,30.99230534444113,295319.84464780294
2025-10-13,30.962430420597247,31.07239155927188,30.923691728802453,30.925665551954317,30.94545513482518,161045.64027236484
2025-10-14,31.546100297843505,31.765370564352533,31.39012766321149,31.49680424834723,31.48744801870668,275502.5536433166
2025-10-15,32.47048324997011,32.51341817520641,32.33492082738521,32.43310001503918,32.43909037170867,130338.9135633079
2025-10-16,31.61456369882162,31.74147462036619,31.60763751364286,31.631881181051487,31.639091002696688,227497.48882549445
2025-10-17,33.41744725503447,33.58484264694744,33.1559054287715,33.40454867714178,33.41387406945664,238570.58709243484
2025-10-20,33.42408354648513,33.679220408766525,33.22419524197964,33.394884725963166,33.39644493038052,312504.00173294643
2025-10-21,32.48320963151474,32.67878868077815,32.50107360738646,32.52516367516433,32.53087217684463,368677.3478308892
2025-10-22,31.01830717695708,31.095816843506448,30.92035975003264,31.05184272322568,31.055466487133803,294832.9889195717
2025-10-23,31.436705759699347,31.839574297700267,31.15942846663319,31.49754793458355,31.49981487268615,352509.4802617837
2025-10-24,32.963883153341776,33.09824825333348,32.720078141616895,32.96089390745595,32.95239279384347,140921.66394395
2025-10-27,33.00783212405188,33.06297123439274,32.93631023485845,33.01748471928597,33.011466762012574,294170.7764294802
2025-10-28,32.78238863432819,32.8222923475747,32.632727606252224,32.74799337271721,32.74079790058727,515749.6541584583
2025-10-29,31.95716812067661,32.04090134501528,31.844326423864903,31.91709237588609,31.90558584144809,237890.1837645537
2025-10-30,32.102656299992674,32.33533417428727,31.995054365696426,32.042438999144665,32.045699433107195,200874.97355200225
2025-10-31,32.133323469724616,32.15546516573209,32.09423854083272,32.10478072599859,32.102441166453794,244388.3238039841
2025-11-03,31.60112804528118,31.62380682637327,31.465741054537645,31.591218594773192,31.58436575996181,110985.16300083006
2025-11-04,31.38017270442927,31.635335044881423,31.207216718066157,31.380995922335988,31.382259136195987,422754.5249027537
2025-11-05,30.33299192342142,30.529771769114117,30.16908045581782,30.36405218325108,30.35482285441195,0.0
2025-11-06,29.400282218180525,29.384075866720806,29.322819225367063,29.38013633693929,29.376066655212718,279529.31091871066
2025-11-07,29.364899018520383,29.67526505109404,29.31855564477871,29.399796123891797,29.38652159472291,469871.7578647403
2025-11-10,29.36491427163845,29.43198318126751,29.222298568239477,29.33290464340201,29.34242273498393,238806.9334721949
2025-11-11,30.414081112368017,30.47767310574534,30.11323271918093,30.407414407702223,30.40807921476142,182093.28582260435
2025-11-12,29.98798252498192,30.045002751605704,29.82085179652681,30.02258646818941,30.021189098668685,268175.8721161206
2025-11-13,29.30710725158076,29.292782464473586,29.097217827845743,29.23665149894036,29.234952281328425,165498.2598900712
2025-11-14,28.640272343854424,28.780822800351903,28.56252376484958,28.67253108829899,28.66847386212921,272241.52992813283
2025-11-17,28.49806916605416,28.52711500913921,28.49777670828424,28.50125045674401,28.507758274800764,117698.9571602434
2025-11-18,27.39166268057517,27.48000852148601,27.293412055790625,27.40667772806077,27.40324152613242,194097.7625786071
2025-11-19,27.227865021260424,27.438073795215647,27.13719014865292,27.238722558691062,27.246279920357487,591343.9718106154
2025-11-20,27.94690188761082,28.03371632161853,27.853550671659505,27.91882333726409,27.911142244912995,151644.1446243618
2025-11-21,26.89210152491902,27.041606377874835,26.834767922690176,26.95446401587627,26.941784063283773,155447.95877641655
2025-11-24,26.499131717633823,26.57843569524807,26.339204258313803,26.490297758781622,26.503135180130982,462458.3133624589
2025-11-25,25.81190240889789,25.93834928181188,25.784747666887256,25.824249307399445,25.827780859851423,482934.6947796103
2025-11-26,26.03725741278446,26.0620411969904,26.026401187450244,26.042734936328923,26.038372322180265,191769.4619170074
2025-11-27,26.417825442737023,26.450357021494145,26.31112447499955,26.41354684112328,26.406625387586374,341586.2962991912
2025-11-28,25.26465387293453,25.417358554579334,25.277992306470416,25.297424147817217,25.286657830286074,317787.0882310646
2025-12-01,24.703810540576345,24.72061426331421,24.68147093669433,24.702410090321287,24.70858619615358,468221.8584981309
2025-12-02,24.491028950510625,24.50785250974104,24.433723504067075,24.471678506692104,24.47337593127696,294790.7444712171
2025-12-03,23.884712257353847,24.08172599619916,23.88039220975988,23.933490660043585,23.929492907745026,666150.4836603672
2025-12-04,22.95217583601851,22.94140288017104,22.89050147541145,22.926511527589994,22.93056349550019,282684.2832617626
2025-12-05,22.656118987754464,22.862779892321694,22.608598564454248,22.66172505926364,22.65656968334853,316528.4041197403
2025-12-08,22.30386083921767,22.4067214056946,22.19287266721553,22.33998348912619,22.33683678082044,140610.2091312796
2025-12-09,21.599140706279304,21.6906146008638,21.48563734995812,21.631146372384407,21.635168106533406,748092.6303635626
2025-12-10,22.706756620261668,22.81290666865515,22.628670901277346,22.721119639102877,22.72203770657226,345123.44379258546
2025-12-11,23.12594953734874,23.170987140590803,22.907361017640728,23.10530864894339,23.10636718106593,353700.2386100949
2025-12-12,23.0542883123685,23.11077376649824,23.05034274435276,23.06750417243425,23.066493173832207,95744.65332028003
2025-12-15,23.3847920924614,23.399389794315542,23.2533662469017,23.370159105026037,23.356108688009574,155567.62349897836
2025-12-16,23.739942191587332,23.758894536833782,23.739371769063304,23.742521875584863,23.74483187579697,436586.5762255565
2025-12-17,23.55619494468853,23.540342742048573,23.445705604198164,23.540263583103656,23.53844003776601,138176.20992399962
2025-12-18,24.055212152562724,24.212754645880533,23.984358612844247,24.063074380401776,24.05157989986592,340851.1624788927
2025-12-19,24.005305258466517,24.23404135658516,24.001053389161537,24.0237164620992,24.023464018783763,327691.4978677495
2025-12-22,23.80066633291381,23.9663873876783,23.623231158770466,23.798923720449032,23.791377013441743,453509.6396721889
2025-12-23,23.784436684310663,24.027221751978303,23.738140723235496,23.77936921582036,23.78052141473995,214641.97067326523
2025-12-24,22.86294698017401,22.95135928988531,22.737171084319503,22.86700101741918,22.86905326021447,553836.9598231782
2025-12-25,23.433932682927388,23.45874398077645,23.347665820380065,23.42103739348201,23.42290641085202,126804.87663953722
2025-12-26,23.986230045077047,24.135440485449585,23.80791888002757,24.01092330952737,24.011755887001726,68975.44196990074
2025-12-29,24.398918118320367,24.43266230220552,24.395689624738047,24.41627400111364,24.41438083295672,213162.14606060516
2025-12-30,25.407658244717663,25.493151025941117,25.293520883728643,25.36371939630203,25.36593689448876,491798.2625980481
2025-12-31,24.71269829220363,24.825027811217147,24.68870814320308,24.70743930525781,24.70215996105948,498210.6827335551
2026-01-01,24.38914873244942,24.65066247318533,24.31099062946158,24.41905937671556,24.412296682213583,180434.51575143848
2026-01-02,25.011277353186767,24.979268309155817,24.97032532073228,24.975221597051803,24.97461326956165,319706.8845349132
2026-01-05,24.713624448546007,24.91971658433034,24.589754965407217,24.710817124409747,24.70521835082432,224830.6395043525
2026-01-06,25.018915699654517,24.98231442749169,24.930776634765888,24.969425313349547,24.964816406896563,346301.7132263683
2026-01-07,24.34318751018668,24.372172290577936,24.189304481916803,24.338682769743908,24.33169757858841,261456.7658154994
2026-01-08,25.58958491781833,25.84814513158094,25.570204377809358,25.590744345057796,25.589769037196096,121424.63896355238
2026-01-09,25.457560660864623,25.508640857418712,25.412988284783346,25.419108266116066,25.4241983547786,234271.9705496752
2026-01-12,25.27554199986385,25.450822431463976,25.13071572997823,25.28503483762845,25.29798755893524,306169.3352125863
2026-01-13,25.21946679885569,25.33225424693346,25.000113024990995,25.218654102261624,25.21479793925838,591847.072049742
2026-01-14,25.48215761854306,25.660018258046808,25.481580120726733,25.48363649935956,25.481427468750866,228660.60070563597
2026-01-15,25.35027374496951,25.432050898997165,25.309307281456253,25.386196765972297,25.387347545131828,443216.8263003233
2026-01-16,24.73769669834824,24.876558553196293,24.72272110500638,24.76841013759613,24.772868242352963,756679.1746757634
2026-01-19,25.1891101347662,25.261274958478445,25.16802387917656,25.22016875691054,25.225690119204625,282747.3174309943
2026-01-20,25.13531670953977,25.209600743637186,25.10569615679996,25.17837810892781,25.182867544930545,129167.29654928453
2026-01-21,25.16101845219192,25.284062613482156,24.935732266441484,25.170475228804964,25.163519518512725,308184.7683475471
2026-01-22,25.659870914514705,25.822138034738817,25.491253220723625,25.638276632859576,25.639246598573813,295957.47393845674
2026-01-23,25.82638244266697,25.882498631964683,25.80636188163119,25.81458747807346,25.820826629003992,215451.81842887896
2026-01-26,25.585012150174663,25.695744596737047,25.39569512522777,25.554593402736003,25.554205621440268,254758.19460790235
2026-01-27,25.11955243775111,25.172379913997712,25.13302607089389,25.139597101180733,25.1395532219639,295608.2772367749
2026-01-28,24.841528995527742,25.05826324727077,24.81026566519167,24.83913253545326,24.833519896748125,132611.56752388462
2026-01-29,24.355798562032835,24.60007886107013,24.334963094934416,24.385419080893875,24.3791079708377,255017.57132216348
2026-01-30,24.53707342339591,24.650945915193383,24.55847002759448,24.565906224260456,24.566848757316865,343839.3199429146
2026-02-02,24.28747539021502,24.40555444915628,24.1247677886934,24.29099710372062,24.30282124426824,459874.5431622255
2026-02-03,24.477093036505007,24.496875082655908,24.366934949101097,24.44961729349898,24.446314961962507,62508.32286892378
2026-02-04,23.594025218424875,23.721732466813474,23.41790399046681,23.556623614601104,23.559538845937503,335321.0458699461
2026-02-05,23.471411117620963,23.512605233160983,23.438093447298183,23.464422768102697,23.467886976606653,77956.69675272396
2026-02-06,23.276326781377065,23.409290844832014,23.102252027355973,23.299459168160794,23.301383101748996,63007.86102441976
2026-02-09,22.885743111466724,23.07574357543574,22.84437445637044,22.89023485019373,22.885813340248085,214350.59657297644
2026-02-10,22.57096423838426,22.72797733057805,22.443543263552883,22.605555788126548,22.61308663905428,99448.01405061936
2026-02-11,22.56851750417859,22.65995595704228,22.520933456055023,22.53329232801993,22.538159600371458,709977.0768488917
2026-02-12,23.63947033727574,23.761555449281875,23.32775150629771,23.669149388829315,23.659411329368304,504602.9019567422
2026-02-13,23.369453778746056,23.53625456757545,23.28971384944858,23.42137350354857,23.42104019926514,200627.2955481307
2026-02-16,23.49063765364461,23.59033195204181,23.51516479956289,23.54264811058948,23.54083903834777,220262.49320032183
2026-02-17,23.36212157047377,23.55488427722996,23.277162593643705,23.38327057047451,23.39161939167577,281558.5844076241
2026-02-18,23.026320687973094,23.36517322278264,22.87336203703433,23.00581446767585,23.01095908083274,221162.46684048453
2026-02-19,23.01338874830967,23.150474404910675,23.038945049717363,23.039047613934468,23.04472781510177,217883.49660652067
2026-02-20,22.84857030017692,22.88251741453461,22.817111181807263,22.836928628781894,22.828649566253965,432100.77216266486
2026-02-23,22.4045395760994,22.505822594727974,22.31760757273341,22.423367750235027,22.422718303822307,283628.837110927
2026-02-24,22.95550851429788,22.95854710061524,22.81387804099127,22.954986506320694,22.963359636231665,125273.39034294464
2026-02-25,23.435461623573637,23.48384751205264,23.22635390555367,23.444403135755955,23.443484047224235,126045.66934349564
2026-02-26,24.03711686888719,24.05139995215467,24.0216758009253,24.02677889862664,24.025013507643006,77268.32016917245
2026-02-27,23.03539769510905,23.123132850811867,22.85591216436702,23.04348152185308,23.037089425604137,231305.57539146015
2026-03-02,23.973002681907783,24.297802362319008,23.963332050349692,23.99922948009974,24.0047891617246,130804.32008924008
2026-03-03,24.19565469550164,24.2728441818604,24.19996466041966,24.200895062865893,24.200489604032317,396883.9818212948
2026-03-04,24.11104607035247,24.175838738206743,23.94282975503799,24.101140273263184,24.10475575977619,208663.2077181225
2026-03-05,23.70605522849689,23.820257814467286,23.703051914950677,23.71578404039174,23.716743538379216,522905.6964561807
2026-03-06,24.44176273664116,24.598211125693894,24.459692894697863,24.48650480290885,24.488853790963628,453633.94387563545
2026-03-09,24.328104895660942,24.483468910589675,24.35492748843233,24.35834500952713,24.35808698000294,275175.7092813792
2026-03-10,23.87689873876167,24.020761590414462,23.7800880647169,23.869435816492803,23.86186983534002,314190.7791966187
2026-03-11,24.50447522222207,24.56767780806319,24.198989794114805,24.49990259179952,24.50366907820963,368020.6867988748
2026-03-12,24.54661613199785,24.71634833138187,24.472873593469856,24.54143297902588,24.539845886372383,195490.1607542957
2026-03-13,24.48742305994856,24.592579347785637,24.44573517619979,24.487938131980112,24.49837048368268,191114.9522259108
2026-03-16,24.644902496983757,24.677655589333607,24.605599516622856,24.65118624048148,24.650170868519435,103768.79063129502
2026-03-17,25.215926874973707,25.426665834321145,25.10774449616004,25.19432243755436,25.197599910358523,184740.78438375803
2026-03-18,24.95386911869314,25.01622759233119,24.80789430810946,24.95164051734805,24.951209002274965,453938.7584786349
2026-03-19,24.87669475695815,25.08342549110756,24.73845131252788,24.9036483027564,24.903534455296985,386717.96121762967
2026-03-20,25.591196898870287,25.67319063365992,25.54350354832553,25.551986716279863,25.550382647229625,695290.496010595
2026-03-23,25.91507149557844,25.912732587843948,25.821932695233745,25.880031376435465,25.87909660478208,603899.3616191599
2026-03-24,25.65647269307273,25.71132166917284,25.60879981043935,25.66808476649545,25.675912348199315,252636.77911738463
2026-03-25,25.391988273397544,25.41060511180318,25.05705737849241,25.396813424989624,25.40317926351008,426868.071431998
2026-03-26,24.907340683859506,25.028648850142243,24.892028379376747,24.900451982195072,24.90284031392829,255487.1672646931
2026-03-27,24.54529371091135,24.764220680767316,24.5510991645359,24.5909282303554,24.591174672,567690.8249880105
2026-03-30,25.35868412387947,25.75557991194408,25.289570534929144,25.373583193642546,25.367404989550117,414385.5605421048
2026-03-31,25.0117764639795,25.218937746098728,25.0218842372118,25.042326405384987,25.03719594189273,271613.0952370027
2026-04-01,25.22396279846772,25.21675371905732,25.062943093293025,25.198320568346027,25.2049092572628,199265.55130832523
2026-04-02,26.225800712955,26.237929284232106,26.157424870885404,26.21522650265461,26.21558496394874,381107.6831338029
2026-04-03,26.721320830532196,26.79582953445048,26.716281485666755,26.744129135646528,26.73912318621843,506973.8697397549
2026-04-06,26.603226573411355,26.743817085452573,26.565092822284917,26.63529117611628,26.63277167990153,112772.42860315651
2026-04-07,25.787645352829507,25.98926508671264,25.61840172485881,25.80231174324081,25.799568322977983,782192.5633921494
2026-04-08,26.031969795005416,26.033292297038862,25.955679760656917,25.9826876476449,25.97903048836288,158918.80097123844
2026-04-09,26.52370685903542,26.81508885954568,26.47441970301058,26.55140320851781,26.559362757365463,244577.3644119354
2026-04-10,25.12584549068187,25.24688072913992,24.988037308320504,25.088418478018166,25.07528597410889,160290.46195544585
2026-04-13,24.784346151831336,24.83144973022148,24.68650085646599,24.79789107833873,24.7888982806594,285746.5509540748
2026-04-14,25.35999062297963,25.66267035504454,25.35081091569701,25.38722225111888,25.38767118292511,254943.8000242017
2026-04-15,25.098082599359348,25.215538276679244,25.032209033976383,25.067836931379617,25.072721701697944,336587.70408678136
2026-04-16,25.27859373345401,25.373304448946108,25.13668280999359,25.25315613295743,25.257854262266434,406304.39916097047
2026-04-17,25.83349526430584,25.938537550314127,25.603595485798987,25.811723014318872,25.81909831570517,273838.81355130515
2026-04-20,25.75246314750932,25.81260618371433,25.640095130730757,25.734906254219883,25.738782286483342,210690.76022181637
2026-04-21,26.32265150577557,26.37637409340501,26.337578515273155,26.343021166283133,26.34359669981299,143313.98424292766
2026-04-22,26.00397542222825,26.12094107937426,26.02344535429574,26.03187347984708,26.04585166988968,134705.77710976958
2026-04-23,25.675870431887077,25.710586120293,25.54891022606559,25.64994451423259,25.6535322076734,243739.0365203676
2026-04-24,24.44551400566585,24.48525763698242,24.37705203487925,24.469878757357783,24.474928535847084,246422.5717602778
2026-04-27,25.765573855723545,25.96110856521808,25.7495819918611,25.79858356500688,25.792983109625997,239833.46352079732
2026-04-28,25.58453855641253,25.707393396961724,25.511032716137205,25.592395284773016,25.59538994804331,682071.6671825569
2026-04-29,25.455339611035185,25.49024546922829,25.290322671395923,25.463424215080344,25.460499056409283,457844.9747184559
2026-04-30,24.29848631939764,24.44373795242391,24.162042065238676,24.342063528178887,24.333530826988994,625820.4965205967
2026-05-01,24.41362845504437,24.447809351079023,24.257934925943363,24.409025775385828,24.414906799945083,209550.0136466208
2026-05-04,24.75224072966156,24.90720304438761,24.702742504524,24.780287618214317,24.78367355030731,178039.33521309888
2026-05-05,25.112588307034876,25.11645012455933,24.989147144403024,25.10755436384967,25.10630094847331,336191.1847350449
2026-05-06,26.193404731960023,26.25482409849833,26.15160739280214,26.19434029017457,26.194774106229797,374035.4048738906
2026-05-07,25.257088311047426,25.292537243968937,25.180771104023076,25.254818721211787,25.25164541369676,1099229.8922774568
2026-05-08,24.82930029159432,24.83915653337805,24.700881492158096,24.806021879924643,24.814537391982405,160786.94188014755
2026-05-11,24.82697143006517,24.963930729667226,24.57476822267771,24.82697215693733,24.824361818338964,295129.80610143667
2026-05-12,25.46681035183205,25.560984958167708,25.473551058139517,25.502344306020863,25.494920299914,439857.8355766527
2026-05-13,25.48121833421,25.673489650671836,25.402658360181565,25.44966982952196,25.44966982952196,207613.7575012764
2026-05-14,25.075985392418094,25.30433025426883,25.092383315745927,25.096034781334968,25.09074174478837,193364.796140473
2026-05-15,24.56144656720272,24.66163915179536,24.42174975939211,24.56727076778155,24.558285581087357,171951.46051400155
2026-05-18,24.07664809004501,24.293015068837573,24.04355708287494,24.090780147509573,24.079845449257807,185972.2573373623
2026-05-19,24.51660539585382,24.606673410239985,24.435672201984723,24.51492398372522,24.51676182612574,408977.3406691759
2026-05-20,24.641299096249305,24.719239813219605,24.444637323560165,24.653346432986417,24.6506635871788,322071.91508504364
2026-05-21,24.600380310538064,24.78556104937203,24.56109021803464,24.622108268975477,24.612447384942172,183069.2690348808
2026-05-22,24.00029473898724,24.22319883311547,23.98018160390416,24.024524103442577,24.031330912167945,351057.58363430965
2026-05-25,24.490378464246376,24.48440532384094,24.37774400403333,24.45431367347413,24.44154639138606,303012.83307410014
2026-05-26,24.35280230214603,24.39253586105061,24.311899350689,24.35469150647863,24.353573469163152,504113.0222935033
2026-05-27,24.035902701331683,24.12777290311739,23.826720406973845,23.99577194785795,24.00074318171733,187725.0516707244
2026-05-28,25.300700925568812,25.393544242489003,25.235570917098357,25.315882088873423,25.315018217738334,633153.5173945732
2026-05-29,25.607784226347952,25.66456644560145,25.523127418340117,25.63613885722147,25.624053233320588,99034.02446009126
