date,open,high,low,close,adjusted_close,volume
2020-01-02,47.11506827852937,47.1379159907395,46.692694657156,47.041076562627744,47.03715248418498,211676.8774277351
2020-01-03,45.4964549153092,45.62060527786324,45.12309800498589,45.50284041194363,45.50512537003336,223151.04965489285
2020-01-06,45.18537948061898,45.27265639382311,45.02625864719155,45.19498642326212,45.19205436505487,216849.69371277597
2020-01-07,46.12441191247809,46.147758666912246,46.09090648108003,46.10865248366,46.11272891261856,482951.7646869612
2020-01-08,47.26679014350307,47.525647139123976,47.00917590402107,47.27935937117614,47.28655309110107,156942.84517645813
2020-01-09,45.6065744035169,45.66694588686428,45.55727210448244,45.62794635142766,45.6376163312555,113002.53388413489
2020-01-10,45.71940357432536,45.83983047028988,45.27228205226568,45.7285633496833,45.74166263963789,216464.60187789457
2020-01-13,44.84168558314923,44.77745368690277,44.56591999654211,44.7673145871102,44.77110427924404,822112.2047483195
2020-01-14,43.84866859448429,44.01271444850834,43.802924193319285,43.87334717581683,43.86912859369438,263227.7299200425
2020-01-15,43.42776706441266,43.50996476672125,43.222810237026565,43.407605503368856,43.412146088550735,652017.4158974598
2020-01-16,43.68760938924665,43.90213438982309,43.68295577998203,43.68992145125935,43.682832899349904,722638.5212703041
2020-01-17,43.90353385721908,43.96121813765661,43.94499776659176,43.94706356044784,43.943086599935285,144527.6831815343
2020-01-20,44.22810454439521,44.31232131342325,44.0582514139882,44.24077160702228,44.24282695989052,115692.50936100484
2020-01-21,44.503683859422445,44.74733501320791,44.454004134992736,44.48248004094062,44.47402332934285,510916.5180001872
2020-01-22,44.61549807117154,44.65139149223874,44.32960803845275,44.60651312540003,44.61480446895483,348042.7630647005
2020-01-23,44.20766068922168,44.3800890158704,44.12435469309918,44.22048301288479,44.21977996062658,215991.3869595877
2020-01-24,44.54658997975967,44.66834261788916,44.13996406718676,44.550677139891306,44.55948534454794,162862.51884678216
2020-01-27,45.11949325218392,45.23674567836318,44.884913150583344,45.0448403500023,45.02027791559304,973097.9111534008
2020-01-28,45.04827910365205,45.11037011229494,44.88242651498046,44.97217649677573,44.96074601127727,300093.5013244201
2020-01-29,45.05940227005377,45.224069200578754,44.75716188801968,45.05424506315574,45.049721177358286,148715.7142634143
2020-01-30,45.99838435987285,46.125748592179455,45.8793015780834,46.00227259998561,46.00675410320441,411584.5925389877
2020-01-31,45.37967681740555,45.45318831141463,45.31800338239404,45.44140132983051,45.45119756477722,161500.54985849652
2020-02-03,44.65395347806579,44.65463254047925,44.32986347485324,44.59139851312057,44.58548384558766,153147.82794705537
2020-02-04,45.15021559064759,45.55749067837551,45.050440793673374,45.17180699102466,45.17772721862031,273317.48838854046
2020-02-05,44.4130806052694,44.78831717599768,44.34020583743912,44.44828068621408,44.43684614032053,163827.68554593268
2020-02-06,45.13802675979791,45.24897693446902,45.04632940458476,45.12518102917451,45.13009696166689,226425.223613469
2020-02-07,45.21542923442221,45.33649475162084,44.95274914861827,45.26064009259952,45.25976728474908,180118.57212324117
2020-02-10,46.0597986403854,46.16957987895228,45.92024861277303,46.0621454332217,46.06986933339764,208519.3576559028
2020-02-11,44.41524756864287,44.754204836963154,44.216131931156,44.40328552067642,44.40486703290254,231491.1607478312
2020-02-12,44.55437930847571,44.711434075021565,44.26617918120508,44.52295334171322,44.51200374509956,321525.15838133724
2020-02-13,43.7351213021201,44.128938176495005,43.41132721080256,43.75431814748519,43.76414862251569,165543.0710460354
2020-02-14,43.57601985822775,44.12929384036212,43.53050731162686,43.623860742961085,43.60847255676791,188780.945734536
2020-02-17,42.72929184488878,43.35160492569207,42.67776929808502,42.74659688380184,42.747138670801725,625862.0422145971
2020-02-18,42.66151069301877,42.74075948053,42.64715770852793,42.68838946959734,42.6813332191168,181086.3117885393
2020-02-19,44.41217956208893,44.423152123891285,44.27778933894489,44.38872872157776,44.40972059090184,325588.1016364784
2020-02-20,43.81233569114914,43.8870496745173,43.67420243692914,43.83717324803168,43.83513761416079,364794.2665739327
2020-02-21,44.477017157779855,44.52506109620728,44.250204226940966,44.45814208572183,44.46412916483059,112576.0541340917
2020-02-24,43.43633790963752,43.46656339105191,42.995019081872194,43.41263523232994,43.428702461906646,139674.72632149394
2020-02-25,42.77945698948183,43.2061347281982,42.68267125778533,42.77460846371363,42.77560021751969,342019.51864657144
2020-02-26,42.05705476876761,42.27150741156274,41.85551408062011,42.066460524308624,42.05373315734525,433692.04402174
2020-02-27,42.77799363421984,43.15333442643107,42.77829345215712,42.78013043205322,42.78911719551352,1382938.525009527
2020-02-28,43.182090969825815,43.51725653297203,43.070808277476026,43.1126802220566,43.114932770002696,266362.0943907383
2020-03-02,43.48322083728952,43.596022316817866,43.32006461311143,43.43455555444732,43.444715359296346,590514.4133053665
2020-03-03,43.69663005844452,43.82307817079406,43.67626140470583,43.71252718373274,43.74350118889885,131462.43637129857
2020-03-04,44.10933268840441,44.394362217954665,43.97036991090874,44.1321276464929,44.12860614330793,249976.4776230665
2020-03-05,44.46832844287504,44.74795200734308,44.45198508946064,44.51600428033744,44.52696646207031,165689.40184409413
2020-03-06,44.49783066610601,44.542627150732336,44.466086831973385,44.50659075426744,44.49407618311088,263487.92464575183
2020-03-09,45.436305009733445,45.6376899742998,45.38206349312687,45.42506809956097,45.4093423858976,691137.2051512325
2020-03-10,45.931297058900846,45.97197874577797,45.84051924792651,45.91806598879317,45.9101098905474,60424.2606660037
2020-03-11,46.712668998215904,46.77121917192207,46.547925686326096,46.75001192056732,46.73665365386275,240795.1529358069
2020-03-12,46.36643410272296,46.43022757722003,46.23670097209125,46.39476597613872,46.39378847714114,306177.05509975617
2020-03-13,46.84426584071723,47.33915198450473,46.77021859573295,46.87360920665005,46.87016680160836,390486.0455040607
2020-03-16,45.87731598137801,45.88693889533782,45.738245287145226,45.85112953146469,45.84741609187744,352802.69665632496
2020-03-17,44.69301651014911,45.21569043145548,44.69295412585253,44.70416882894599,44.68799942518783,345298.79186785023
2020-03-18,45.92748936778505,46.33234247543189,45.79088246154628,45.95312729166524,45.96777559254284,172027.11117231482
2020-03-19,45.68816271563353,45.99175822747309,45.69643888951708,45.826575804805145,45.82773462969719,211767.0704887476
2020-03-20,46.535730474683085,46.73372316907528,46.354306936421786,46.57124161391238,46.57454513833983,262867.5039412939
2020-03-23,46.79100291934549,46.90727059650416,46.65884003739261,46.82425117595207,46.82329671291343,514679.4119028215
2020-03-24,46.83684411002968,47.00397246366492,46.8359469548157,46.85417278473332,46.83928237169412,520416.4734169759
2020-03-25,47.29015413085005,47.83300630730752,47.30230241993997,47.34190030153278,47.34392189544135,356559.359823566
2020-03-26,48.55922863273803,48.72608468253935,48.493197858451786,48.54047322474856,48.53874164758435,239592.37936911144
2020-03-27,48.43546675744848,48.75103266007665,48.33769083548472,48.42496915150293,48.41745121720079,237816.97621180484
2020-03-30,49.08936151713753,49.39709914110988,48.85629567991245,49.12700373704667,49.12080851978072,91986.04898448644
2020-03-31,49.0981323598544,49.36581198211951,49.04854115482185,49.06119511649802,49.06451545889895,163033.16837630823
2020-04-01,49.38080418426171,49.39464493899376,49.11741827610345,49.36542337662802,49.36915227038514,476995.73099984304
2020-04-02,50.6197147456246,50.90721660056573,50.50736426345807,50.57880329701766,50.57077858985489,275834.2334905568
2020-04-03,51.33132275014215,51.39452944762476,51.32195471855642,51.33808836697269,51.33260497968753,88548.63908069076
2020-04-06,50.75799935722653,50.7789022613107,50.704082138271,50.74477911569679,50.74008483375948,348382.4486264662
2020-04-07,51.01355863981626,51.11638289469858,50.9855595689782,51.03567847675884,51.05816413668919,213484.01113157865
2020-04-08,51.76837115954835,51.84247859852473,51.652845244236566,51.73275431030486,51.728603158463386,171456.91683013865
2020-04-09,52.19333854309672,52.53941938893559,52.06625534432588,52.23298568386672,52.23828656885215,325676.7279758398
2020-04-10,52.43550642143784,52.56136600199638,52.122789846292,52.48276263270071,52.49656609643234,712984.4612365677
2020-04-13,52.17972266288151,52.23071729996461,51.88059343377721,52.21090043133128,52.20715039152488,415020.69041923975
2020-04-14,52.6118993303889,52.75092167474525,52.42726603395498,52.53597756155834,52.55165335239051,481233.5104478256
2020-04-15,51.58513712484107,51.726345950032055,51.52605337876674,51.62435157375804,51.61532318394288,169972.906771553
2020-04-16,51.97340583714752,52.27534815548809,51.78564568724293,52.082961241281325,52.10517309175493,245881.9877844505
2020-04-17,52.95198178523905,53.5517565837642,52.841156490441534,52.92295461494104,52.9350449237422,240450.08170583
2020-04-20,53.018293899713065,53.185293503016425,52.95232490165455,53.07613718325938,53.06409112709997,218139.4062204441
2020-04-21,52.85025540740981,52.91509074812922,52.78892318914395,52.87254317105097,52.87851412864888,234172.9704593429
2020-04-22,53.0374845358823,53.23076599041205,52.71413351761262,52.95499071967677,52.945109259431646,168643.20217216038
2020-04-23,53.31981931357565,53.48490262032905,53.11529719127317,53.29983085652773,53.32607840853333,282513.2494887529
2020-04-24,53.434723253040346,53.839863902332695,53.32165215740984,53.50725152738793,53.50624194469861,119486.41834992464
2020-04-27,54.68973383319412,54.99546023731262,54.41143019199991,54.66053862175752,54.67385915217056,563592.8367666996
2020-04-28,54.78561235701218,55.31896205999232,54.82750269481692,54.84387783695463,54.85517031731573,334734.528054595
2020-04-29,56.40878605466248,56.40938354045384,55.810047514928094,56.39024005439481,56.39528016945281,219950.00044265835
2020-04-30,56.38540731555948,56.699641062429976,56.24322016553215,56.36391241079757,56.36931799535927,284861.0082269751
2020-05-01,55.444708850567984,55.58728117646163,55.02186227126478,55.420109566260656,55.42790306847698,157483.43990307942
2020-05-04,55.74190804778595,55.89481984360605,55.46021119853527,55.746517651832086,55.73933481766954,345431.56035393715
2020-05-05,55.44601378917612,55.80589570640865,55.24059960123127,55.47530012903309,55.46560355155748,89779.39599049972
2020-05-06,55.59175680370858,55.75601080585446,55.46260037823876,55.58709249767888,55.5825907111086,354740.77814762224
2020-05-07,55.13481324637223,55.168062503245935,55.06816015424441,55.12332839021482,55.12853423314988,678237.7453979066
2020-05-08,54.43534317773441,54.6950655209938,54.3228661927399,54.38443317781875,54.379484898572976,154998.98501226917
2020-05-11,55.42422424011595,55.56420828149648,55.40822810344193,55.47227242777089,55.496466893107176,79990.73030697818
2020-05-12,56.09708631164321,56.08385448637557,55.85290382246848,56.0665590259181,56.04628568164108,367564.30283717794
2020-05-13,55.60474696154965,56.06394359682818,55.43781513629171,55.57171147239021,55.57828995291546,655963.6129701867
2020-05-14,54.86052585262595,55.08947480587638,54.81305158541689,54.824613725710016,54.82339587020106,244324.6970673447
2020-05-15,53.96296635851691,54.0098539185625,53.91818662163925,53.98062715135404,53.957888940296215,287974.1513214031
2020-05-18,54.26655715853727,54.3454961428345,54.11016193274772,54.30912852940058,54.31465701948873,338812.66417227464
2020-05-19,54.87478048348189,55.14871202994088,54.779954237770426,54.89348021613185,54.88330940717489,197191.7659692186
2020-05-20,54.21299331110208,54.26632928111503,53.979665585609055,54.14786314184968,54.14867038635011,280032.5164709815
2020-05-21,53.7582324974201,53.99112741168254,53.44176601798496,53.75827951754499,53.76020628531068,290979.2902924379
2020-05-22,53.36747568477088,53.44166767641722,53.34364127708733,53.409773814181136,53.37608475104805,211688.24752535773
2020-05-25,53.56312762123666,53.60251772953957,53.41695250536963,53.57563430570917,53.56761158673411,124599.29440344752
2020-05-26,53.50598451756735,53.79932928107748,53.274819192803456,53.502061013249886,53.53107810189752,420926.3454049847
2020-05-27,52.56598985195661,53.274493508823845,52.236767783558655,52.63717929406256,52.63149159639946,284830.865214866
2020-05-28,52.811325251040834,52.91847805361624,52.388305639662256,52.747519450249904,52.73547695831059,286724.6782784717
2020-05-29,53.15215966782815,53.54146580134204,52.933642867780286,53.17135878324296,53.14865614011395,92720.44551070312
2020-06-01,53.47252429127925,53.44731717538012,53.11534628393233,53.4342679542721,53.43506056768652,388325.408270133
2020-06-02,54.42998210631665,54.72143223055781,54.3443997905442,54.35090291197692,54.35072034589771,406781.3801046831
2020-06-03,54.39376306536063,54.51039354978009,54.41923491062528,54.47922866468415,54.42923015660115,522033.3965288521
2020-06-04,53.55208048065172,53.60059088528616,53.391075036180204,53.487226842467294,53.484335056368174,185664.03560072527
2020-06-05,54.12320929057841,54.52202441679766,54.04780156387741,54.04922362619571,54.052311043365,110645.13882833878
2020-06-08,53.26520694892896,53.37993177086224,52.981758305969386,53.291033126427976,53.27343074034455,176875.94595902658
2020-06-09,54.289843416689685,54.43563569835597,54.15891681736455,54.23986529764479,54.24150731568181,523331.01312300767
2020-06-10,55.394459649115376,55.57817063665112,55.24896437077511,55.35391361056463,55.35805375421181,174741.28121423977
2020-06-11,55.57730574249668,55.9482998773183,55.39887652749237,55.56212061418695,55.56598392404886,404264.3111281648
2020-06-12,53.90523183627303,54.22343484255624,53.69633646554281,53.8201957134483,53.816445366398014,330731.63048157527
2020-06-15,54.49374569969807,54.4890046654183,54.33904800701018,54.47887136391948,54.45325442744843,160508.73313547036
2020-06-16,52.84502177884164,52.92027406497476,52.659922174151085,52.84772704879931,52.85667234204663,122727.88601264064
2020-06-17,52.6416690474676,52.7822092195964,52.52450096069791,52.64144643502189,52.65104259527402,311682.0640622975
2020-06-18,51.58306477199706,51.89927964623181,51.57739531081732,51.64305354838055,51.63770387265511,97141.8954233504
2020-06-19,50.09943663936019,50.34342905321683,50.02159357445547,50.06813612606935,50.056482992766966,349405.6859393484
2020-06-22,49.9916193977857,50.02160335338375,49.54846913373028,49.96334519341906,49.95808894127557,136971.16898165297
2020-06-23,49.552015652424245,49.72534182353668,49.28726857178999,49.46866937054416,49.47434773014076,307651.6623462361
2020-06-24,48.951051806860114,49.14245470130071,48.86335164204577,48.95780451200229,48.94512504383732,420175.3488917372
2020-06-25,49.5059738842158,49.58121676709472,49.10802214561992,49.55987517462295,49.5652138261609,163934.11582436107
2020-06-26,51.49771849643684,52.01248444627779,51.21083381613392,51.473519662826426,51.46886986722852,257420.68838433875
2020-06-30,52.39059667605724,52.56927095356295,52.17411601233135,52.36029481312721,52.35994094210877,328077.0397762929
2020-07-01,52.33647670490987,52.52935588407568,51.71777228101288,52.39630616605197,52.39894568211802,274972.6888671988
2020-07-02,53.229760324222376,53.21894428204877,52.98978751154841,53.18217787231562,53.159330489366205,116447.29982026748
2020-07-03,54.16744726417173,54.44008725902869,53.97305320454218,54.235744034301895,54.2237235951543,116225.76585609074
2020-07-06,54.21037011980364,54.25748115671975,53.76130143919083,54.19518823073603,54.21497790034171,297928.84130460065
2020-07-07,54.78799217329642,54.9985274090675,54.705272538216576,54.83974678070186,54.824405020792376,157633.3806801826
2020-07-08,55.8172323796189,55.92620514593484,55.34131279687879,55.77368524720457,55.76549621837231,197687.22090778349
2020-07-09,56.07635129074331,56.21319186028392,55.63049699270787,56.03105134184445,56.04045350912836,142819.8344575817
2020-07-10,56.24725104356556,56.58092446347104,55.88624421418371,56.31855138862391,56.32963505759584,520926.0554611237
2020-07-13,56.15662027252949,56.98793625805969,55.7696803262823,56.20361514755528,56.1999664203317,505900.9965677164
2020-07-14,56.68673073121446,56.83349107286543,56.26737427878362,56.663376268358746,56.65536331238865,1339723.669266482
2020-07-15,54.861639768617664,55.09174591896519,54.78796589796003,54.90385537436902,54.89895805156332,270384.5332657261
2020-07-16,54.5187147120521,54.56851212402805,54.46825475214325,54.5185868674564,54.50480997911941,387438.0232230549
2020-07-17,55.20096370173007,55.39908995342488,55.13631236524071,55.15561153793672,55.15053561391779,512082.2663453809
2020-07-20,55.61242010488391,55.92951633056909,55.32408954861964,55.65082286895523,55.64509902929274,73617.29451040458
2020-07-21,56.41630447363883,56.75416141617416,56.38668478124941,56.41405926355752,56.41472556627159,569036.4328499343
2020-07-22,55.19191260589034,55.39902600596382,55.05039629802492,55.1135511887952,55.11513670315533,531921.6532251096
2020-07-23,54.95982013758732,55.034198179585886,54.96261094503131,54.97557822881001,54.98000801092622,87650.75045148004
2020-07-24,53.82243599319968,54.45361654794331,53.69270118258118,53.85698870572297,53.85642817015013,297246.3982741942
2020-07-27,54.72605398577256,54.8617289049848,54.55016916267664,54.79403604858613,54.7824633127368,570952.4320054206
2020-07-28,55.77433572988268,55.78034959610352,55.579406270684665,55.67336956322623,55.7116084675686,303744.6075172232
2020-07-29,55.61945052650396,55.72578910986656,55.44479727514933,55.54304107060101,55.55962231867173,378324.6276710842
2020-07-30,55.064347572575336,55.25146655698848,55.21662280565695,55.23240225554101,55.23920866551504,324762.9309146311
2020-07-31,55.73987472526056,55.918204559626105,55.56994884505646,55.77831179019116,55.78240262285048,168273.51089421415
2020-08-03,54.18194751395553,54.36669570378336,54.14792287213472,54.17371477945013,54.18531815116827,411153.9145483614
2020-08-04,54.134347163465286,54.23392328608856,53.8892203690525,54.12395946254093,54.11078767274717,206263.9262749634
2020-08-05,54.28250002702901,54.469716041123846,54.25765744539023,54.41864654118492,54.39644722191887,112983.20381088686
2020-08-06,55.04769713634373,55.1196269306986,54.85529911372719,55.08136425922508,55.08327033467826,89544.35434139209
2020-08-07,55.48497037131887,55.53768400977272,55.135202196199984,55.376536377127984,55.36915220911078,96329.83996668732
2020-08-10,55.93825307781138,56.41696893701766,56.02646565232667,56.040926993356365,56.05838745304564,532029.4680365494
2020-08-11,55.98584127022388,56.167880996707694,55.961874052704495,55.96880688068299,55.96523859097696,230295.287861168
2020-08-12,53.68731646763848,53.81147488105178,53.25892494807124,53.7173640101248,53.70836720367916,401251.46597264527
2020-08-13,53.76649639702819,53.836832793621134,53.54707882438832,53.833009694606325,53.85658611148409,297484.81567503145
2020-08-14,52.96294664354002,53.31769797018637,52.83615312591211,52.91513760026485,52.91653035299361,401842.0812166189
2020-08-17,52.01986883527213,52.32845429411574,51.77779233634982,52.09057271926254,52.068301417708405,121594.2472590292
2020-08-18,51.4210697381306,51.84707482802182,51.15124155704,51.476667687228,51.46526000623555,694353.9512278129
2020-08-19,52.67450497362987,52.907621117752,52.40843580695829,52.74432727738647,52.737495112286375,269934.3566722471
2020-08-20,51.620975892074775,51.8876927624033,51.50576007942392,51.66375292979652,51.683645936855925,667187.1896537513
2020-08-21,52.382067110419214,52.82236905673914,52.31034087338451,52.33830289064952,52.35584360531246,625374.8034233362
2020-08-24,51.443103766030575,51.487679023944985,51.277005693924615,51.37881764832168,51.37062572863192,94292.46365091586
2020-08-25,50.94189182144565,51.14126214591694,50.74241039722924,50.87814346515524,50.883202163096605,136473.5934806832
2020-08-26,51.403298681102186,51.5687862543487,51.34228422016104,51.51711884983733,51.531706439035865,431517.1052729256
2020-08-27,51.38482847164997,51.77731800170047,51.2892792934568,51.356066649509245,51.33874593951497,312892.35049957485
2020-08-28,50.74640495478942,50.7420451980993,50.30940113482721,50.66934468907985,50.66456691497413,231079.782433472
2020-08-31,50.64908155648993,50.708621707977926,50.30410212892795,50.51843780894188,50.50702513481045,333728.9728236019
2020-09-01,51.12985895248297,51.332493256344975,50.988898860824136,51.11136157373299,51.11535329761485,679263.4327832583
2020-09-02,51.325810633240216,51.52785256338081,51.18488480938499,51.33565692693957,51.34175242114973,1040203.441998456
2020-09-03,51.343377422218,51.45427573830138,51.21591965374481,51.429578694172775,51.42572335174861,265102.65073020617
2020-09-04,50.20193275777543,50.5459094603541,50.14979737965039,50.205613557201445,50.2098000414159,382773.5489126771
2020-09-07,51.3675503197282,51.50794555160081,51.22996630784891,51.34466604940329,51.338581147794144,135228.88381481505
2020-09-08,51.18519796179992,51.31783035069278,51.19611254083449,51.21994399754416,51.238862380678846,657775.2678967908
2020-09-09,51.02221669427457,51.11541346810967,50.86026132536989,51.02401937214084,51.04134793805542,313040.45826933684
2020-09-10,51.34202739223421,51.46934034265284,51.127777357999705,51.38830526486814,51.380532417593166,894690.9618022927
2020-09-11,50.68792954614372,50.8038262438703,50.28290303956129,50.70696143454949,50.71775806276393,329817.25084416504
2020-09-14,51.10528209594565,51.097472851983625,50.86660703143134,51.04716087325054,51.02493827246453,254785.7999408388
2020-09-15,50.79663919470317,50.86727667792531,50.3814381086134,50.81446990376027,50.81730423403948,985038.5435271593
2020-09-16,51.135904915327615,51.228415775935936,51.0400880335354,51.167433439029125,51.1741910530973,647275.7221212388
2020-09-17,51.326029691749234,51.41526099683471,51.17586714122239,51.34386551209697,51.305924085723866,346256.17190625326
2020-09-18,49.721565504792366,50.12551558695828,49.66756435821336,49.735272330143,49.72239254868621,115929.80910610963
2020-09-21,51.10605198104536,51.11973146908752,51.07572707837839,51.08932630402322,51.09212561155943,249513.56278691613
2020-09-22,50.901747689772016,50.960282592839874,50.60220113928135,50.89374962410345,50.8986577608324,474901.7245861327
2020-09-23,50.23731735487088,50.40342586834896,50.072659342496046,50.20100678707209,50.20330179700155,165429.7502986704
2020-09-24,50.18781116113768,50.27965091118615,50.04182425635068,50.1393793325567,50.16076528521968,279914.42087449227
2020-09-25,50.36943771626535,50.54457875454303,49.9198735338911,50.31904593530681,50.3125367851954,344226.72107978724
2020-09-28,50.67412452895243,50.92311521587161,50.3568359961328,50.67826738825235,50.686485478141904,281786.5326212984
2020-09-29,51.23928119095721,51.35261409188103,50.56625541221658,51.20155661987901,51.1778220280531,374877.335455099
2020-09-30,50.5185626783439,50.71601997077074,49.68979167398978,50.57511288365699,50.586905671524846,346071.2080526992
2020-10-01,50.11119363350812,50.301301577885766,50.01610392281698,50.08135232696962,50.09487888970715,419664.333216269
2020-10-02,50.09254378983896,50.64684936663395,50.09281499559011,50.10402317498623,50.11332758271708,461693.8336404964
2020-10-05,50.17031422826056,50.54396529133779,50.209014898810345,50.22282321642527,50.23486142337048,165256.67324084253
2020-10-06,49.968648947715096,50.397269541558806,49.7972622441078,49.93005284507221,49.943014476156726,632130.4588561804
2020-10-07,50.38486715089486,50.77539546550936,50.36373911189784,50.40927607719703,50.40367847359445,1025669.500912974
2020-10-08,51.05987884849156,51.44023334650633,51.00444048984641,51.08945440395495,51.10429006032778,214124.27691379763
2020-10-09,50.86910963406834,51.11905838390461,50.57766763931394,50.8208000551136,50.813630937641726,604002.7529166644
2020-10-12,50.99214241686297,51.20871393626882,50.71784217843085,50.97006309447695,50.96338806801626,196301.0219007888
2020-10-13,51.812418109627146,52.0308692535247,51.64533701214866,51.75454908481386,51.74923004538901,105402.4556461825
2020-10-14,51.30090518832304,51.3834228592299,51.17264089363512,51.26024637356824,51.2832853555749,334467.88984260627
2020-10-15,51.257656288190994,51.764185721905854,51.03023227764255,51.25933021178388,51.25629161596803,654387.5152180509
2020-10-16,51.31113244668692,51.8860008176582,51.23527575848963,51.36744174481847,51.33362331582553,434368.1046363157
2020-10-19,52.644922357010536,52.73676942781277,52.595493653166734,52.63330393006624,52.64881161727404,190074.0081817438
2020-10-20,51.81250781750869,51.93175185795006,51.61126614759189,51.83677598878343,51.83610839138644,236143.4839888055
2020-10-21,51.66213154298025,51.81828435460636,51.51288345240617,51.65286237089026,51.65033083662191,476088.4974422379
2020-10-22,52.34347182402366,52.60764614898318,52.30622335302936,52.36980410150352,52.36815224778659,267614.2313181631
2020-10-23,52.25177478841895,52.54101760483741,51.95313026650778,52.2982008746077,52.30212921234815,530200.847147039
2020-10-26,52.61783479095063,52.72877156793971,52.54941827557324,52.63981723092131,52.642009930430135,214701.1514810226
2020-10-27,52.19698336342335,52.29774671809582,52.17035373227015,52.247529913123365,52.26449985433014,437443.5232137924
2020-10-28,51.73143011473795,51.846733606014666,51.477215169944216,51.71482336125106,51.72527989870671,192385.4142421212
2020-10-29,51.59445621527291,51.9279996777774,51.33015880990896,51.61850329876747,51.63132627513494,498664.9841923461
2020-10-30,50.44784625901469,50.48393981828244,50.15019890622217,50.41946014601624,50.42074984666568,399993.34267613
2020-11-02,49.8151661739266,50.10372733446337,49.848767947661926,49.88955531060111,49.87331348487709,113876.53593868011
2020-11-03,50.227101334041045,50.46192998507424,50.07182411079364,50.25733140259612,50.24665789685611,138394.99387295338
2020-11-04,50.33822544983667,50.716917602814405,50.20266197232746,50.3584093958056,50.34920219883048,280792.6212544792
2020-11-05,50.323876108764985,50.64213497648679,50.30787190778458,50.42057742573052,50.41786152444675,197908.1230232902
2020-11-06,51.66897315096824,51.89412974665075,51.454395327125326,51.71358513386054,51.711428933773256,166312.97730496744
2020-11-09,53.157706807151975,53.12698515154994,52.58159180998097,53.08708895581105,53.0887108003093,517624.6978438165
2020-11-10,52.83883350249653,52.97013343645728,52.4063058772655,52.87787541390038,52.87794595353841,852834.6681621976
2020-11-11,52.8838830672406,53.090329729057714,52.71969583964935,52.90855370093728,52.89933952948335,219167.83933256465
2020-11-12,52.24679524791542,52.28612478166731,51.93147805150916,52.22005916462631,52.20307843701935,953509.2172961208
2020-11-13,52.74717865726882,53.013451929404695,52.72819259514758,52.77733471433266,52.76849243905493,188488.8167978891
2020-11-16,52.40381043513211,52.571383669800205,51.896006895445126,52.40517658943615,52.43256640548761,163577.69376111843
2020-11-17,52.69592086934943,52.88839863066676,52.58095701479776,52.7392672141831,52.7362231540526,284411.5890360549
2020-11-18,53.03249898010103,53.496873524757326,52.6584812069703,53.05725242402668,53.07183375538912,266291.4074249165
2020-11-19,52.68818065501903,52.76254210273959,52.67961158685139,52.74235441547407,52.73714649603187,581648.0113684774
2020-11-20,52.28359156536959,52.51166912377431,51.97358311626675,52.31760294745976,52.31155300623938,156074.87563308742
2020-11-23,53.64076654448394,53.80824907925373,53.37914495017017,53.69204114521865,53.71998434818097,269897.5234249517
2020-11-24,54.00333960709397,53.99902647800343,53.67718636209923,53.93249461367461,53.92399827515868,642035.0834661075
2020-11-25,53.355752970855846,53.67064490337541,53.30023833703871,53.45516141023664,53.47867594483164,443379.88185096526
2020-11-26,53.9032862711721,54.11822613394951,53.716431639707245,53.94647884706114,53.94820003631587,128580.261817808
2020-11-27,55.13364496562229,55.39273749603018,55.15117759981935,55.17109721181997,55.16337150810128,446344.7242878451
2020-11-30,55.68146488316314,55.67453329164916,55.20874942125023,55.64731596319916,55.61424104904604,273809.8142326198
2020-12-01,54.5028295827818,54.835194544936826,54.32709800506058,54.49451202925649,54.4962404082459,295302.31239361264
2020-12-02,55.07614389363024,55.49210714977307,54.80610550804568,55.12136218860128,55.14639499481888,326412.33033658593
2020-12-03,55.63844742207971,55.67773477530047,55.11298786559048,55.637631416486215,55.61956897155505,197334.92179349173
2020-12-04,53.928391271005005,54.16937236368312,53.77310832424777,54.07113147773812,54.07059820512013,217848.99955108948
2020-12-07,54.27193733662983,54.50755745998247,54.1568613581707,54.20962717960417,54.20920890350308,190120.45139958072
2020-12-08,55.88529322929828,56.35737178450536,55.569295831853,55.87681738997544,55.88543838380484,235258.5801593111
2020-12-09,54.31775580369212,54.58726948336429,54.323556360654486,54.34604528262065,54.3598186041583,521682.5611670136
2020-12-10,54.91730803452967,55.033151040712674,54.69142613534661,54.88531398704141,54.89074895190151,476724.5604104875
2020-12-11,54.75221804033459,54.83199405684213,54.15151604773632,54.79969139113039,54.77884687905477,191480.1069078892
2020-12-14,55.11543626034693,55.153239546309095,54.993387812114165,55.12121301959405,55.12541759247722,252227.64576707373
2020-12-15,54.55599928939703,54.68770432262065,54.42157908818453,54.50239066587537,54.485726525776,475260.2877069972
2020-12-16,53.49688742269375,53.57163673001245,53.34934398779669,53.47685489567648,53.45456051370979,272444.31092049374
2020-12-17,54.32386730824033,54.50320722887446,53.70997655904377,54.33712421463963,54.34418518880619,223453.80316154464
2020-12-18,55.690363929904805,55.86741943177406,55.62411267369884,55.72751487524736,55.72674038722919,400558.06877347647
2020-12-21,55.39117880532574,55.46039576948715,55.10548113783821,55.412455277637775,55.41193091570384,544610.6753810286
2020-12-22,54.74492072190134,54.91409643771193,54.50102089989688,54.6526020496928,54.661751310408135,469355.9812350661
2020-12-23,55.92465409837159,56.308667822582606,55.72079623240508,55.8199486021545,55.819422559493646,66841.73881085824
2020-12-24,56.08446804507811,56.53511966586344,55.783907847629926,56.016872799139946,56.03225502098411,733577.1104853797
2020-12-25,57.61802803692037,57.63172703134578,57.189852437162855,57.55326712683065,57.54224822819801,379431.742765249
2020-12-28,55.30481260271984,55.56364173514701,55.15744767206216,55.295989162876175,55.29762695932383,242847.0846431711
2020-12-29,55.49431845351884,55.76501696954598,54.92835185032005,55.48723498025392,55.493396493939336,117827.10230166127
2020-12-30,55.21844021996995,55.67751061037152,54.95843876807309,55.24143726220196,55.22930578867395,1110427.1678464394
2020-12-31,53.834309165830106,53.89300445317356,53.54162354313068,53.73839316487522,53.75033226876399,195163.5138989849
2021-01-01,53.651283710916175,53.88732031384957,53.23904425727887,53.69486223677063,53.69970857878747,176616.55439358382
2021-01-04,53.11323192873802,53.666393627272136,53.1394304174484,53.20779251656791,53.17251658024991,183532.24231123333
2021-01-05,53.07707654050949,53.191770957938985,53.05527377967757,53.07853856638248,53.08240403935432,705920.308579852
2021-01-06,52.260477448618666,52.31573742522192,51.97538289690003,52.209708178711296,52.219284718377466,217881.53869156435
2021-01-07,53.856899413611046,54.14296156728256,53.82087679542656,53.87043192824756,53.859266044924695,207101.54168200752
2021-01-08,53.69754508995313,53.94007547986123,53.18846629045533,53.75501626472924,53.74278546401211,413485.0216389562
2021-01-11,52.72841435226673,52.93678030711254,52.68883841461879,52.7244041800794,52.73893044899981,201075.11862429415
2021-01-12,52.43275736054533,52.6547294413988,52.16000797363094,52.42233818175228,52.41640869322385,512657.8650051616
2021-01-13,51.44961208781945,51.67842660373494,51.02743376012996,51.35415962016192,51.341995321036336,113082.72481031016
2021-01-14,51.49693672137587,51.68967299220687,51.20128616844868,51.583094413697495,51.57005696459027,465512.1854657422
2021-01-15,52.367327169294406,52.40841554266933,52.05955790237377,52.316432514466655,52.32803715091118,269024.24764897214
2021-01-18,50.97670349686479,51.4331361288216,50.724795516232895,50.98005955827347,50.976218523919954,184717.27020258145
2021-01-19,51.72150441750065,51.8090150223404,51.67973150260226,51.78728515847924,51.80361897236342,279754.3597880175
2021-01-20,51.79189586293378,52.028548393944895,51.466561334735424,51.757160220894406,51.7712566011342,180768.70301703675
2021-01-21,51.80374322619533,52.01464444384048,51.8641033125208,51.878429269911074,51.86712357461462,147741.4521259008
2021-01-22,51.69953788976281,52.137447352461024,51.02881634260271,51.753121099654535,51.74037864511984,202165.35300452265
2021-01-25,51.777064244631376,52.112789698978425,51.609283776538206,51.80532304415883,51.799208048316174,346618.78324314
2021-01-26,51.814033688463056,51.80737389224248,51.64580063766551,51.792160077650735,51.79085624218833,897353.325084495
2021-01-27,51.97745319820551,52.2620273162983,51.32851338314244,51.98701057726931,51.9871216181587,134551.34598821323
2021-01-28,51.86498715976804,52.1430432411722,51.72498596776501,51.89523667787201,51.88840972201602,50806.4198767619
2021-01-29,51.8676397706393,52.04899263877774,51.67895049237256,51.81906608491095,51.82975667003621,154359.989874641
2021-02-01,52.22906629017194,52.28434408673727,52.0240466498455,52.14386924624573,52.12438095787537,135424.31118783593
2021-02-02,52.63542547865704,53.15954054067709,52.57915760104072,52.62583235693624,52.6252495045026,211265.1612514612
2021-02-03,52.54212852056618,52.54859271129764,52.34369450508351,52.539234197783735,52.541275696400206,723032.269569348
2021-02-04,51.91861618029608,52.02633245646108,51.61066102912863,51.9347268255162,51.92327587607527,273483.7312487784
2021-02-05,50.649181643488205,50.83310799426501,50.6234860096857,50.72023759956981,50.715450085674014,246895.0266802954
2021-02-08,51.14179552889411,51.397063325701495,51.03047473583037,51.15780001569456,51.13231846682819,805697.918581348
2021-02-09,52.296876402748,52.23516848502728,52.006516226815286,52.23038647326381,52.23726038171185,700621.6800205834
2021-02-10,53.423382277291694,54.01147007800586,52.96940740506286,53.4126360307314,53.418847121607705,620927.767363067
2021-02-11,54.25151077835526,54.50080010687741,54.14637445864169,54.21742336224728,54.21904476016235,343363.8353951502
2021-02-12,53.99828358963849,54.33738932086931,53.31549882357246,54.17967328736498,54.19868229180183,132981.88265220917
2021-02-15,53.02578017736069,53.13125902508069,52.18500902874411,53.023330780442905,53.049302984580144,225483.2371525904
2021-02-16,54.12585733213432,54.21118982703816,53.679734998663626,54.0620749013543,54.05897223536533,151218.34226249738
2021-02-17,54.14495906956205,54.60836902851754,53.8792638967864,54.16894282075327,54.203524455779615,283426.67957983783
2021-02-18,54.45814544867076,54.85190849937469,54.35350407819966,54.39449693159099,54.37580987680071,283039.6210543875
2021-02-19,53.34329482706651,53.61040902687318,53.2986337609224,53.376094127579314,53.35942561912728,649042.6797686848
2021-02-22,53.15998705238634,53.23159047101938,52.5537511323067,53.06873285574374,53.09902264257264,274881.92886179744
2021-02-23,52.28427044404702,52.71183302364263,52.29204690046132,52.3145058860663,52.30499356270935,251990.0622949537
2021-02-24,52.27076343537552,52.54787380408743,51.96892777036152,52.326619488097855,52.32888010518421,238278.9307554965
2021-02-25,52.93678067020698,53.078434827798326,52.39883017641762,52.949047610215686,52.96080432344662,285425.97720169515
2021-02-26,53.90873931298326,54.32314708920639,53.41583185967561,53.850756168265306,53.84941173429392,468063.86365190713
2021-03-01,54.55274122913346,54.59842853134025,54.56836491839759,54.572161809621285,54.59395023852692,215167.9717504785
2021-03-02,55.43103206800988,55.79899516846618,55.23765535837763,55.51914908980237,55.5050551327118,141356.30896751644
2021-03-03,55.75736329219464,56.21895636205015,55.53746081922331,55.76964207675653,55.77201215815189,280731.5298575097
2021-03-04,56.3863752615316,56.78864949787776,56.17294488528956,56.490702620118206,56.48280057985853,94274.75803864692
2021-03-05,56.17511294705923,56.22581139490541,56.059355351500045,56.08949543614521,56.09377222224666,155242.86749514824
2021-03-08,57.27028450550189,57.337304989197165,57.15815361080217,57.26177928776308,57.26385447178634,59815.94743685352
2021-03-09,56.81892813327051,57.09015004690898,56.36516752920309,56.81329501737356,56.82142107544587,464744.8760308393
2021-03-10,57.841215590508575,58.34988680399915,57.67513881363961,57.95836881737514,57.9652420424672,236462.98875980137
2021-03-11,57.532064926108966,57.598204846037326,57.5378396026004,57.574617798804425,57.575781203724006,129951.84078205636
2021-03-12,56.76392033662211,56.78320322463632,56.4958508210893,56.72277902325903,56.72552871715629,210722.96232325453
2021-03-15,57.10854462097118,57.30108932423326,57.067895263938496,57.13693612520516,57.12024090705682,95681.21040094076
2021-03-16,55.81861855940862,56.57905483813061,55.65349773672232,55.82808694117503,55.82954147571998,113655.02177949408
2021-03-17,55.12845511997616,55.19083449423131,54.40472903602993,55.07770140440927,55.08474655197225,120803.92606881804
2021-03-18,55.38165575520027,55.61494132521294,54.97690693443019,55.417051805436415,55.43301621492903,160157.12805581666
2021-03-19,53.20327583881552,53.40678479571215,53.24045366999394,53.24887318054839,53.2635501843436,101035.79788174288
2021-03-22,52.88960098735889,53.063702094798245,52.57639603553709,52.86802328745409,52.8916221177347,566234.0148545051
2021-03-23,52.04970630375083,52.2597821238352,51.86695550241877,52.015264148571525,52.02760862693929,447023.8928600598
2021-03-24,52.1229579117085,52.46522641427055,52.15345738811681,52.16802244794922,52.16525926258214,413610.2046505514
2021-03-25,53.257534237374166,53.56858555420984,52.91017631877632,53.30875992821012,53.29852165789321,460370.6331084233
2021-03-26,53.9384762815355,54.09239120005701,53.96574287049717,54.0340328650038,54.02938600328013,419250.2586119751
2021-03-29,53.451720011747085,53.59548162211466,53.17851432355588,53.51492929879331,53.51749076502746,465512.3456553869
2021-03-30,53.00208795434401,53.23350017141176,52.853375947867285,53.00749779641621,52.99795028220445,263303.60799646785
2021-03-31,52.24625398527459,52.57153680046473,52.21636650810467,52.24490510240266,52.25977496154052,117643.85065219276
2021-04-01,51.95396125013736,52.07643037051926,51.71344906813585,51.93653604168663,51.92898887049214,188096.37994404888
2021-04-02,51.72110038532509,51.94738908171417,51.46546141267668,51.75076475016756,51.74267313083854,265171.0822204702
2021-04-05,50.966729537850746,51.171316954546576,50.77786766060954,50.967941644035164,50.976198437214805,305724.0052451336
2021-04-06,50.98837080089424,50.92139484032526,50.7528354330854,50.91523766045459,50.90423788224759,469912.0411571636
2021-04-07,50.08179654233092,50.02745987364615,49.94143114350524,50.01166877565216,50.01949364747377,68801.03556605047
2021-04-08,49.31365105617767,49.700600646531605,49.18619447210469,49.263225379707,49.24407644684924,357877.0319408638
2021-04-09,50.23071835640082,50.53820920375682,50.16773615885207,50.19404683138592,50.17510365202372,381274.4980489273
2021-04-12,49.2924248199685,49.495087055089705,49.211364978470144,49.31712615510699,49.30033629343374,329430.5000307533
2021-04-13,49.70323121174865,50.16055205787647,49.46880172041552,49.68240771696483,49.67572835747424,166246.5586446206
2021-04-14,49.48305601197799,49.509180914022544,49.368263627508576,49.39707836027756,49.39301884864923,493391.3935367932
2021-04-15,49.97775294050465,50.22428691297939,49.92131883493193,50.05618116836887,50.09563304090473,413504.9506076351
2021-04-16,49.8029120227044,49.70947898627684,49.66749092701752,49.70860190059998,49.6936764700452,187155.0758349937
2021-04-19,49.26816166362924,49.60374907102897,49.05237743033343,49.2755389346632,49.26224747815135,161599.0848338919
2021-04-20,48.415437790484646,48.46495792842223,47.95961794908386,48.36999284483606,48.35133840887978,192547.20262183383
2021-04-21,48.19461075725229,48.32012483662339,47.822979211998685,48.21094292828569,48.2278403873227,128069.4479704554
2021-04-22,48.33503778610341,48.48396064692236,48.1978866125945,48.37483552676386,48.385157482475904,946785.1943310938
2021-04-23,47.77319118525559,48.02290660922517,47.43237596081533,47.708021309098754,47.72409262481515,95537.46130499848
2021-04-26,46.742741481045925,46.83390712586578,46.60959781256293,46.70678887057343,46.702373508267264,251213.7590269661
2021-04-27,46.63373239660398,46.93507463919993,46.61067272565845,46.64982633885595,46.65808860314082,103959.1500069801
2021-04-28,46.26462059516504,46.37771750057284,45.83538406742924,46.2215627673356,46.20958734364424,229683.4642223618
2021-04-29,45.65468344767415,45.792402853664,45.38590208083093,45.67172771532626,45.68294144882876,252412.67054768503
2021-04-30,45.80390791417967,45.80623717449314,45.449622569023134,45.69716666924599,45.69871079732578,792750.2627756546
2021-05-03,44.39798738773856,44.40201698934177,43.81387483411003,44.37571624336646,44.37655403034819,560453.891423238
2021-05-04,44.79980889700296,44.798859226571366,44.677719235490684,44.763314111888725,44.745647214640606,390424.7792231714
2021-05-05,45.11645324794668,45.65288815805229,45.026565553822806,45.09379144170179,45.0869926806958,289750.76612269686
2021-05-06,45.08994137364225,45.10160532013306,44.769147348816325,45.08682554330245,45.08010170884595,367066.292425516
2021-05-07,45.11489153312175,45.11566796206902,44.98523856546042,45.092500582483474,45.10554602401528,162101.8055693986
2021-05-10,44.26923803257782,44.33320634876233,44.17716541079759,44.26685405135874,44.2765180981487,294713.2340589036
2021-05-11,44.96215333336929,45.11984166803981,44.9392432168535,44.96229834975969,44.95183445364628,400015.8213197529
2021-05-12,45.584049058026686,45.968068353556255,45.3228509655246,45.48750276103575,45.484163462662686,275167.36042851635
2021-05-13,45.81803001081242,46.08456513446699,45.56537556237226,45.77880576640512,45.77128885035497,374243.4734951489
2021-05-14,45.53282766321964,45.55942238514461,45.37759966982642,45.51727222647808,45.51872870048222,180250.25691979847
2021-05-17,46.47789701886016,46.45072254621705,46.32472688745831,46.4267178218732,46.41475303129861,258690.99945204344
2021-05-18,46.31792042380876,46.87392342612456,46.208540508478045,46.35848814324136,46.34897983450634,375419.358974788
2021-05-19,45.66345339518809,45.71031742865262,45.295772163064456,45.63009919916314,45.64242856187089,79604.91446241623
2021-05-20,46.878145978598255,46.92549678173507,46.724553582594815,46.78862842981754,46.80547095048116,259457.1707906614
2021-05-21,46.20938467449763,46.52147553846317,46.21871873446848,46.27019734281156,46.28629006626339,156833.6369085735
2021-05-24,46.47072923371847,46.62297633381109,46.29306922097946,46.56036821363818,46.5440136332444,132640.68543967677
2021-05-25,46.672199164255325,46.85216618657425,46.679521073110685,46.69555344675686,46.68653686588812,289683.6962259344
2021-05-26,47.0297396982681,47.25654488080611,46.87438171558598,47.04304690848972,47.05083738097488,486681.17922521214
2021-05-27,45.91274822889847,45.94571406100651,45.826821045059226,45.8786759045128,45.877015824117976,367450.6332958828
2021-05-28,45.12678541090519,45.59316074224507,45.05510814300644,45.19794515237418,45.201136556719455,238726.5913074992
2021-05-31,44.47243404201555,44.63491242476991,44.37860868893128,44.42581614660218,44.43700468040512,299244.6162564169
2021-06-01,44.3994998892215,44.44159123871869,44.314747027866765,44.395174976732505,44.38809215628256,107193.73709646396
2021-06-02,44.94593742474744,45.061110571213696,44.76978910800396,44.88392757165997,44.88944599282506,381618.856546238
2021-06-03,44.04245927620481,44.08352785924369,43.670431146538746,44.042615481909785,44.04064463391862,682997.735175362
2021-06-04,44.15100014920935,44.21858655087189,44.076375237396654,44.13259718225024,44.12456203093897,517177.3223205437
2021-06-07,44.17632603200334,44.45673302165721,43.97388528290022,44.12746260908932,44.11377866227064,135806.24377341632
2021-06-08,44.34961995343181,44.41159677392087,44.28753712003107,44.36050652532113,44.352505960455446,144951.39167375784
2021-06-09,44.380867206297154,44.40554692424924,44.06893927074688,44.36201603114709,44.35251268301757,371541.64486487216
2021-06-10,44.928169341327774,45.3638201817447,44.947960227549295,45.02379005044083,45.043162413578905,227415.89490335385
2021-06-11,45.21688650603258,45.33555108118832,45.006728068364,45.17802642299448,45.16319195817174,579793.639942442
2021-06-14,45.679238468332194,45.745843087718896,45.500636945009816,45.720468609830135,45.745494502212,286267.8530408725
2021-06-15,45.67474738223338,45.83405091362773,45.11078271728836,45.64035665328365,45.65397189503459,601593.3849165129
2021-06-16,45.99652801110179,46.11506755631864,45.94586344297328,45.995082859486885,46.0098951604746,127135.37888850951
2021-06-17,46.08982251350773,46.51404924965728,45.931728999403845,46.08678860102,46.10563932320389,282153.96866691485
2021-06-18,45.87852286112837,46.23824036552618,45.83412152160871,45.940291763715685,45.92491738947741,428997.0176718428
2021-06-21,45.98559459835372,45.99860064001397,45.94652674876401,45.98761549512368,46.01134176941235,166114.09522860454
2021-06-22,45.314977686664655,45.42877816237196,45.28893669282697,45.36881988672471,45.35761743966578,458324.89679334254
2021-06-23,45.78991698993987,45.7990001135401,45.62955910345936,45.736869430495055,45.74953773681395,277138.4312599465
2021-06-24,46.7412294867583,47.16667950651647,46.54571295629511,46.663047071104096,46.6671939886803,137616.71717117904
2021-06-25,46.15695349918382,46.45123495058505,46.06842633687284,46.11834038135365,46.11495407236832,723284.0431827728
2021-06-28,46.21672415279469,46.33010499610351,45.80957820541918,46.206538347412206,46.20652666417653,155755.3436553959
2021-06-29,46.6141331290912,46.98541630728411,46.54049728353933,46.61880625381869,46.61851349913851,262261.8696778413
2021-06-30,45.89384300285814,46.332582594728585,45.43513593633134,45.93647236369242,45.9266662904516,341895.13818599284
2021-07-01,47.19409617121963,47.39866497761866,47.04972359182447,47.201104340991925,47.19878837425605,647992.8620034405
2021-07-02,47.28347231282755,47.81945699554875,47.15501653242903,47.238399463205496,47.23876462375411,181966.09043525573
2021-07-05,47.26808377276048,47.30139926320791,47.14663614125895,47.24772717422064,47.24292847008324,273283.53331153566
2021-07-06,46.56535012606527,46.62341647106221,46.05268297910519,46.55768182651577,46.53482526402465,133827.24965287166
2021-07-07,45.43664574299184,45.77054340395198,45.439055035260026,45.51704789441354,45.53203706051955,168578.16880701738
2021-07-08,45.35374449969021,45.408739203039296,45.15739810971469,45.29172545080937,45.29346119564572,259277.2572993549
2021-07-09,45.21541857376854,45.40040828430519,44.76895920859506,45.13914370525962,45.15007129009397,83499.12651631134
2021-07-12,45.51003808430998,45.7298036374569,45.43938781089911,45.55349917059705,45.556193243174974,69488.01796282518
2021-07-13,45.127900438539896,45.27932616452445,44.90359128344053,45.081825429983176,45.10803932578358,277119.7786730376
2021-07-14,45.71531098814511,45.79362519785366,45.572145792317336,45.71684746252223,45.70485148945308,450309.2901490126
2021-07-15,45.7448619899742,46.02073907627048,45.55002931417248,45.684887361923074,45.681802867624015,104175.48752217914
2021-07-16,44.531711353385234,44.77328145378582,44.22788713496312,44.55834680052186,44.54024810355574,166639.36618371194
2021-07-19,44.93039311718936,45.15272919005677,44.75251020426655,45.03058902327631,45.045572475761006,174115.30906669595
2021-07-20,44.861031138085295,44.99930283171221,44.35928124714346,44.86389000649925,44.85445486767664,140041.2775377597
2021-07-21,43.66479457682163,44.06479801385483,43.30406755691627,43.6518584107454,43.62959239497512,224909.25422812704
2021-07-22,42.47158369191168,42.74542921490452,42.10495273560561,42.5736270011434,42.55943825626575,469978.2876263904
2021-07-23,42.64662382557312,42.80828791163323,42.52247059734712,42.608601561702656,42.59785640905568,406284.4840395724
2021-07-26,42.95476996601401,43.26295627230213,42.52159822671803,42.9733608988408,42.963813587998736,114443.71717040286
2021-07-27,41.870949506964,42.09796349725256,41.855062341866805,41.864472376004834,41.86717294401026,596266.6327860369
2021-07-28,42.40455664155213,42.51605290041115,42.2836850157754,42.42402523154166,42.42128122109867,297228.43871812685
2021-07-29,42.28329095884978,42.3693796473564,42.2206581830077,42.32360241761439,42.316694416710405,149677.36088230746
2021-07-30,42.69901214300912,42.77448929531057,42.37353571849754,42.6818581601029,42.68076251926196,74249.84071097069
2021-08-02,42.45769669745906,42.5632291560939,42.37370801958063,42.46839541232079,42.46733036899429,275308.1196558521
2021-08-03,42.057402226898944,42.3415355980048,41.92715075057708,41.99295999536386,41.98594370811752,169672.26771323133
2021-08-04,42.170263422901385,42.36921499518181,42.1344954657685,42.15609951074225,42.14894336683177,243711.62666482924
2021-08-05,43.17598901903471,43.23979616437509,42.86759653841696,43.20411797900636,43.20347878943123,268544.8412550817
2021-08-06,43.55045959686486,43.57130622313691,43.26888627946155,43.48372924378691,43.49150681656429,778501.1626555375
2021-08-09,43.02524929738157,43.508175718506784,42.83279914062427,43.14706256977111,43.13984596119671,196828.44638752937
2021-08-10,41.73152057930691,42.172340752802455,41.66829992110734,41.72013882442697,41.73219940419384,258801.36483070516
2021-08-11,40.66166336385549,40.69601977156158,40.39224427791478,40.69498035828311,40.688228256178206,240035.90264019996
2021-08-12,41.27587094769072,41.50086705621223,40.91065296327835,41.29867318375884,41.306535018897165,86591.61982826068
2021-08-13,41.63172696068944,41.89604860941241,41.49715373793663,41.623572308681794,41.59817876127648,377416.979208921
2021-08-16,40.9378251575346,40.99019016030756,40.82416358708896,40.897666647354654,40.899096755324,296749.16688829666
2021-08-17,40.77376277921498,40.88678274612671,40.79297124411333,40.80003227975619,40.79776359434158,278717.320398691
2021-08-18,40.99491289691652,41.11953299254089,40.861281825515135,41.00304971452989,41.00873002812956,422051.7919637682
2021-08-19,41.23355155722032,41.30281116779043,41.10263017887738,41.18085528820853,41.173967298594654,340247.69012302376
2021-08-20,42.11197275166232,42.14878558504632,41.82365236410664,42.07236104314728,42.07970460343069,164540.08581538333
2021-08-23,42.37295253340085,42.49045475568257,42.22628434423407,42.37911301308832,42.37421926840755,608842.8765000533
2021-08-24,42.82791506411002,43.24190553050945,42.78163159043645,42.84364675971495,42.83584002422972,194046.2105282124
2021-08-25,42.70737954480618,42.73675362918365,42.53142881578782,42.65804885367841,42.65537173212818,213050.3893948974
2021-08-26,42.76467190747125,43.02600106691067,42.73967013249044,42.812544640562166,42.81707808607199,141922.44511176867
2021-08-27,42.96883155449534,43.04538710849379,42.8932910060421,43.01249976039572,43.013276522776025,375844.855974515
2021-08-30,43.59209146811452,43.59592686494425,43.25229450131518,43.55168317996458,43.55249047572649,69260.52992787691
2021-08-31,43.211061405212384,43.24307059087043,43.05191923881341,43.20657929486244,43.22317006626324,209228.1974044153
2021-09-01,42.98246310484284,43.30369021301213,42.67261548995823,43.03088538050221,43.02218454684342,1398549.9554138412
2021-09-02,43.76457891473184,43.87787104382991,43.80637543056986,43.84366701599328,43.855429044857765,338946.7422964097
2021-09-03,43.53426349651714,43.99540555476602,43.48545240875129,43.52177637975427,43.51618051795519,146435.84247902926
2021-09-06,43.97133701457501,44.01075037695645,43.70839823835872,43.95681613642565,43.94179945995401,485691.1014672388
2021-09-07,44.14500239669023,44.230988710423695,43.95664361912973,44.13689391966046,44.13036494043337,185720.5015265457
2021-09-08,43.94496801963538,44.11108696169296,43.813241733505066,43.95972678406836,43.96013356729553,230123.4209737572
2021-09-09,43.212081137304345,43.1512711039646,43.0464936740042,43.14346731555853,43.13549004126789,249524.5875743859
2021-09-10,43.91905007404626,44.037193389194194,43.8405232821696,43.93932355408655,43.93299542737988,291796.8928488881
2021-09-13,44.22653782727055,44.41743876149627,44.18399325694043,44.19448373803856,44.17902481784133,388600.8971270472
2021-09-14,43.97751332618109,44.3112494164175,43.93437698422829,43.98255362868499,43.9593720152042,525259.7904824102
2021-09-15,43.50108473173798,43.81729041461652,43.4250593784892,43.44796049997839,43.45009279289789,139617.30600117933
2021-09-16,43.80597842229484,44.10462288992353,43.68682344490168,43.79979561256798,43.77966392121852,135294.46497399776
2021-09-17,43.44441684000587,43.50994287251687,43.29134814071014,43.44369943458174,43.46000390281708,429182.9783097241
2021-09-20,43.44660612846307,43.82581796756656,43.45297202974867,43.46834902957628,43.47685381409081,386092.9685787752
2021-09-21,42.779993777551546,42.847156681482254,42.60781212529547,42.82920473687155,42.83725436034304,509806.2524838649
2021-09-22,42.65769074163136,42.72832534364477,41.91474986719686,42.63667460679999,42.646121170970446,186732.6907635365
2021-09-23,42.60548479893931,42.872358146930566,42.15957668487935,42.5921349822357,42.57697508297501,448841.52472518914
2021-09-24,42.30843063556763,42.41648109732693,42.29593709607602,42.31756134994996,42.3135498908603,143859.958137523
2021-09-27,41.69916233681608,41.80825948537535,41.50107841516822,41.703925299588434,41.70846039180485,389139.0842642356
2021-09-28,42.3336436538989,42.44219784735465,42.05698575671763,42.26123443536499,42.25467209675078,200505.443860832
2021-09-29,42.458086471865016,42.87840271871318,42.43787113990537,42.49742990261238,42.507751087598166,214624.1155961668
2021-09-30,42.268699319722685,42.74084682594441,42.02737120344475,42.37525449309315,42.37273209202041,156995.13732931315
2021-10-01,41.82174994588079,41.84457122602482,41.65042144278786,41.81652962610406,41.82870029136451,409034.34748448274
2021-10-04,41.87388318566173,42.18818976961134,41.52340626300976,41.87828941140936,41.89089513006196,305624.6823022192
2021-10-05,43.08292508838839,43.11363886294107,42.7487820654893,43.11007100807043,43.12281148415816,866265.9462222441
2021-10-06,42.89932071208487,43.050307957291686,42.86485053979337,42.91357177578848,42.90796881987416,501339.87722078175
2021-10-07,42.26716390541432,42.37023806927824,42.192871919885526,42.3290065689874,42.30912819528394,182326.12635642648
2021-10-08,42.486243911805936,42.55439495326094,42.45234149767201,42.502098168729546,42.507877913183705,332353.4667041094
2021-10-11,42.30582325469777,42.70365890783388,41.924779906759206,42.29588707637666,42.27101993208778,382035.1332841746
2021-10-12,42.423790742859325,42.404048881800925,42.2546884700784,42.39688964266759,42.38667865589411,263666.15065857297
2021-10-13,43.361383056170034,43.454830467833126,43.285241863685286,43.424388401873,43.42077772688813,340434.23046992463
2021-10-14,43.74217762726839,44.22681218921925,43.476677258380775,43.77842576269278,43.76424248581692,334943.5044619513
2021-10-15,43.38059767779047,43.532918096191146,43.28080114889588,43.413916625558585,43.417810003679975,44922.067995777856
2021-10-18,42.78635010379604,42.72790963505229,42.65587106044765,42.69153125404669,42.70594517919621,145106.3767697787
2021-10-19,42.28742873249006,42.39442195507418,42.28285457043273,42.29070014712693,42.29447016592758,347607.3731742049
2021-10-20,42.38085746289978,42.50247818620267,42.07940700666301,42.35413930588192,42.35647228594769,166778.54489354935
2021-10-21,42.29834130945434,42.81590484154879,41.77824922659048,42.37960325161642,42.36843007184824,176699.99644097118
2021-10-22,43.098340565276864,43.46178719645612,42.86203399699036,43.04270644265766,43.02589366103405,411934.37967405946
2021-10-25,43.4311622887376,43.55158112855975,43.18338562532704,43.424032538295954,43.41741578084413,602153.2729725945
2021-10-26,42.94908779158959,43.12637914222535,42.79853553110456,42.98367510383644,42.99635798975017,339546.23697637575
2021-10-27,42.8099450432997,43.01808084378328,42.6837524392481,42.822455268439306,42.81121937054406,217596.7841660315
2021-10-28,42.56974112979176,42.592904182759824,42.46050082862047,42.54974475128931,42.543919260506016,326809.547724313
2021-10-29,43.27138586892594,43.320079354214926,43.23540081059902,43.27215104070682,43.26254261020703,342530.38746013073
2021-11-01,44.1464204649612,44.5810022892144,44.0544236734744,44.15440597690484,44.15730238296332,103482.9186004408
2021-11-02,43.37103608552576,43.46707856175124,42.9662411418019,43.39812194170119,43.38519326545863,295255.85075405246
2021-11-03,43.78451482656212,43.86470510679627,43.475754231311626,43.759860803029255,43.77519779471119,108650.51782500636
2021-11-04,44.05910792356965,44.13411174272064,43.915335066516114,44.02431323632207,44.00038703058943,257503.28233797723
2021-11-05,44.88947864104368,45.03308715074521,44.82169320990723,44.869000890460896,44.872956327231925,339918.1380028871
2021-11-08,45.40806934663383,45.68166673439136,45.206140041270125,45.38276964317394,45.397292852041296,1124490.192669895
2021-11-09,45.98899989838149,46.18889210109675,45.72770018197798,45.995354233375735,46.003265836860166,197253.52018488437
2021-11-10,46.51591965327944,46.6712309687191,46.37971245953735,46.5191854321515,46.50439168853732,214450.35787575023
2021-11-11,46.144505486915605,46.336137574854455,46.11171358329868,46.16784017241167,46.143057701557126,512972.5997814079
2021-11-12,46.300648923420255,46.43692052113772,46.02080372557913,46.33983812520508,46.34081580042612,960356.1291890014
2021-11-15,45.80356494141437,45.92032962694621,45.38710421887967,45.79491409289548,45.79806124969137,456020.1732200852
2021-11-16,45.41445430643759,45.796006264560106,45.38112865112821,45.39894653051851,45.40626379331271,313121.2028641259
2021-11-17,43.90567238338779,44.1126496817747,43.9425951225075,43.97403332442976,43.9783937527754,302160.00950894685
2021-11-18,44.70692788177822,44.72008125236745,44.33293345920373,44.66715593548927,44.67357880322413,563656.686652559
2021-11-19,44.74559682409782,45.08108994889376,44.26943227252842,44.67967227304406,44.668006330793965,683856.9208391574
2021-11-22,45.72130995083784,45.83162280197142,45.579673328093975,45.67928664751196,45.6861418884902,580021.7872493719
2021-11-23,45.9423113288408,46.04858591105461,45.59371278556075,45.97286159195278,45.97321049650188,320488.995276806
2021-11-24,45.698177689386775,45.85192671334781,45.61160317870365,45.68688191102235,45.68142868560415,323323.7480846286
2021-11-25,46.13489384803593,46.5900060088324,46.105544011208,46.19551807495327,46.198789795804025,590713.6749006408
2021-11-26,46.36811746207665,46.684469182815945,46.2447904036891,46.37337651780602,46.381696577775806,182747.3076742672
2021-11-29,46.67243183038418,46.800661020206256,46.614953067570845,46.71971699532728,46.726756087345066,250148.2231895364
2021-11-30,47.52946496484292,47.69692196535403,47.42937755606143,47.506473883846034,47.50094073544443,376073.1057803585
2021-12-01,46.22739562100199,46.37620621698508,45.970380405614655,46.11798945069823,46.12516203162501,250088.28132894603
2021-12-02,46.14525292950332,46.37717343264722,45.89068624728648,46.09808763787296,46.07996508167563,306452.3930164624
2021-12-03,45.98840655216688,46.12123661649308,45.55327864630482,45.97925315887485,45.97298959107111,639887.3065825056
2021-12-06,44.522000724561686,44.57256840443421,44.40117404760903,44.47073402334649,44.46620408853988,349722.99854263844
2021-12-07,44.10491080503967,44.46910326602286,44.12222046465568,44.13743460437386,44.13219281523242,94277.56851658072
2021-12-08,44.2039010033878,44.42589040297587,44.09418923886634,44.13109346206723,44.13398658384276,149923.59444580076
2021-12-09,43.62603486343498,43.746337553018165,42.92570218471529,43.67665187823033,43.66210646579816,282456.8038033569
2021-12-10,43.059449442365846,43.27311210886887,42.9008434503867,43.08755680700653,43.08707006442323,86255.86982355578
2021-12-13,42.81336753617379,43.14351031231535,42.55569835009579,42.88586077100954,42.90020490570065,269646.9217706926
2021-12-14,42.89887670193942,43.065108845760896,42.84734335110287,42.857121274692645,42.86984393414215,287307.9114171439
2021-12-15,42.51019370856629,42.74743273627534,42.360726297042,42.55729816071075,42.57048466021973,436833.2602173986
2021-12-16,43.00005375564145,43.10398981194596,42.76591065854759,43.02904890577245,43.04114775984432,113494.42687511772
2021-12-17,42.43867982771426,42.47424065124289,42.271456209332506,42.416560973392016,42.419602282875815,375438.9092676163
2021-12-20,42.05961551396381,42.0380066356518,41.83687681936345,42.02450204203039,42.02683844713937,198478.5458861428
2021-12-21,42.20923955179831,42.50761573747193,41.97732847879055,42.14044188826416,42.1233997130668,414058.2919992086
2021-12-22,43.1506419035564,43.20342940254825,42.6219548438746,43.100377003262885,43.09706798300235,237062.54790245907
2021-12-23,43.22913955051885,43.342967611526944,43.16807430471677,43.23072178116085,43.235704892276274,236769.80341524625
2021-12-24,43.24545872280935,43.46840533677248,43.17400765856238,43.20262663512232,43.21771998715378,711053.1866667125
2021-12-27,43.2847320056021,43.27235149561397,43.10097119242075,43.24882024754756,43.25620001368978,300633.9322220205
2021-12-28,42.578036583022445,42.57276827210856,42.255802835713,42.55449373235101,42.55635013459233,349235.75988114905
2021-12-29,42.56246406158345,42.80090401432865,42.54496063202464,42.59375437262814,42.57389210895008,430634.4410391408
2021-12-30,42.438125546538224,42.745738438930935,42.20401349176602,42.53211783976827,42.53328279050995,1049288.241249216
2021-12-31,42.471262979137045,42.713812992019456,42.32534061900844,42.46138154748908,42.44537839468415,223468.87818522705
2022-01-03,41.90430840481088,42.02301701998782,41.89179727018331,41.939723931039154,41.94067086688789,106047.50226072
2022-01-04,41.99404983831982,42.1048853341512,41.88563207478437,42.00901996449311,42.02067485723542,280283.628088837
2022-01-05,41.37729273391321,41.396907720318026,41.33433075267933,41.37292295383068,41.37872728578475,226891.64017980295
2022-01-06,42.43651841004393,42.37986283578992,42.10786470452858,42.368790167263015,42.357598440284,405771.1412197549
2022-01-07,42.44709706522006,42.69449304957445,42.36482799374648,42.48596808456539,42.4899486804402,170590.3012023445
2022-01-10,41.8022534420704,42.54289144870931,41.65384213205815,41.8446404602379,41.84476001044343,129912.06577670196
2022-01-11,43.47524386606457,43.87861054802523,43.18077261247535,43.52146836677318,43.54672369102185,305288.6139703999
2022-01-12,43.043378410445314,43.12648888602846,42.81967193577738,43.05451552160828,43.065055957002485,163741.3828693603
2022-01-13,42.619771223828,42.77984055411898,42.13511409963648,42.5860619205399,42.5961844751472,232430.5480146224
2022-01-14,43.39656977243243,43.45061913994972,43.40982848958242,43.43931732968838,43.44468606648551,164647.77244562676
2022-01-17,43.67871388441139,43.82281782288322,43.213860761391295,43.67751886567806,43.68265279462348,858186.2326303591
2022-01-18,43.38855762602866,43.32222728263349,43.16441975028701,43.29380255326819,43.29974661176268,483247.8627910291
2022-01-19,42.96201291046881,43.24502994643032,42.83337796585,42.99988927083918,43.00493745262027,359712.7288464087
2022-01-20,43.22307901357087,43.30937422999226,43.28755018778573,43.30365752005338,43.30941842027139,337601.3239646485
2022-01-21,43.47715449626091,43.570538320901534,43.41929083808853,43.436851042812805,43.44662761183429,121049.1848858617
2022-01-24,43.887063332519205,44.15721477259404,43.51383647111434,43.816154408098186,43.80959448169734,440249.5392347138
2022-01-25,44.21883094762703,44.428741732724426,44.09251780250469,44.29180702497457,44.29732566646641,733156.532317519
2022-01-26,44.53563824902749,44.67004848480377,44.48881787780032,44.49175673570019,44.480204771707335,138159.44006087756
2022-01-27,45.37491376868319,45.39461141878156,45.330070936686944,45.36234952624024,45.37492952957212,260192.52114578453
2022-01-28,44.87846663686513,45.26680059923718,44.562631056459416,44.83288168107538,44.822913328753565,148067.65327320583
2022-01-31,44.60342527573608,44.6776702361651,44.482889143204375,44.586067556228606,44.587229105918695,350299.6855775971
2022-02-01,44.68181728531359,45.02444820572473,44.38756280925542,44.6154468792291,44.62192392301439,476609.6441387063
2022-02-02,44.68709019832977,44.734530188550856,44.12075106233901,44.705044426178425,44.71482265276894,326572.9602485015
2022-02-03,45.347194149800735,45.863563607555655,45.36794724202522,45.36872608333851,45.367924646857006,218233.2514882653
2022-02-04,45.21512426000576,45.391246650732704,45.061127988200745,45.2172837755675,45.22116923203276,202171.92309960292
2022-02-07,45.36245806721146,45.5945872078948,45.21299760125924,45.37356395472951,45.38992756055192,116376.62323610103
2022-02-08,45.3204806589787,45.56011615496934,45.24470512003475,45.31897973893393,45.314227925378056,340715.74927936366
2022-02-09,44.626060676488514,45.03480734210477,44.5589540427322,44.70913736114693,44.71314463971887,118160.67682566178
2022-02-10,43.73615313013404,43.79782684237891,43.323954803458186,43.71004781645056,43.71462015336324,124060.7109844386
2022-02-11,43.0808375844652,43.20761823889144,42.91365171172176,43.06358579955424,43.05367440071316,361423.2700248895
2022-02-14,43.59508563952739,43.68006938351638,43.4662142164464,43.564726775791215,43.55193014605295,583305.5053325688
2022-02-15,43.44082757319481,43.78805221517011,43.425866362063815,43.42728369301792,43.421355020681226,381404.6331657235
2022-02-16,44.7673610078964,44.75763896961527,44.536089002879606,44.72862608728092,44.723204680269234,310484.45781455725
2022-02-17,44.03259493493118,44.38549207680003,43.96349031498488,43.99918126219185,44.0039041164562,496078.28954008577
2022-02-18,44.22154821489123,44.78316421370851,43.84486594712356,44.24172145912207,44.25725840703939,202961.5550186241
2022-02-21,44.24673796974005,44.43500918295771,44.069127107459536,44.167246270265096,44.17952791380035,247005.14559096209
2022-02-22,44.32091447628429,44.48973590497731,44.32221063077019,44.33877050483614,44.34160108410528,86676.6856080683
2022-02-23,44.68490810690079,45.3517349906307,44.67348779902487,44.703414038936856,44.7064626408832,68794.49942366955
2022-02-24,44.554071525346856,44.62968566943937,44.49387030248288,44.517275409547366,44.5158217956251,252802.9155045188
2022-02-25,44.34487989935591,44.342911017211776,44.23707041532626,44.264725507782046,44.26088646243454,86124.23368441785
2022-02-28,45.22104352209514,45.46810690231138,44.99992115916798,45.2688086052167,45.2614307508269,285473.2381804975
2022-03-01,46.08311389373872,46.280259658085605,45.74845502409286,46.09656088172076,46.08343673043904,317633.2561199863
2022-03-02,45.76380133798982,46.06031108941221,45.424118891561605,45.7709768415013,45.76032550731689,214494.56304801643
2022-03-03,45.95730263254092,45.99347298640599,45.738186394050736,45.898998525160266,45.88997758782881,154413.89338888976
2022-03-04,45.58232371514604,45.5996163844226,45.2899669086835,45.54358301671657,45.5407699181782,0.0
2022-03-07,44.95649440502681,45.1592535250596,44.62307447021898,44.87335430686287,44.8654067956354,414210.0723968955
2022-03-08,45.20010362495928,45.35996425382115,45.07106023433666,45.158353740815706,45.15038584888201,93995.98184271793
2022-03-09,44.08241359566657,44.18420196804061,43.887330444540375,44.10595459888237,44.08421743799735,124617.37296688852
2022-03-10,43.904715232245934,44.01679328687414,43.84074245199566,43.89422308754088,43.87753482334792,569144.3169769634
2022-03-11,42.926657562767865,43.238501754011736,42.92194912565892,42.97204030601554,42.94898664760948,251493.53346918235
2022-03-14,43.28521723036064,43.51751349326895,42.89457433261615,43.28655593167915,43.2812925559975,373540.4554447404
2022-03-15,42.84289939954579,43.10972354782245,42.63058769190143,42.84287233687624,42.83781048670757,141086.87068021708
2022-03-16,43.33617017922196,43.43788011965403,43.09413695840206,43.35269794880661,43.353320003824585,651740.8233577565
2022-03-17,43.85828226192616,43.92403035756772,43.82218165882389,43.82871019088687,43.82576898049216,369336.1848711417
2022-03-18,43.63851328153922,43.86238779581095,43.63856776426075,43.64431974636189,43.647452354687054,359657.76169261755
2022-03-21,44.16531510381412,44.68093812596188,44.04669452607124,44.21943843658241,44.23915896680344,584938.7234880497
2022-03-22,44.457528748442485,44.61845977453376,44.46652314672008,44.48131786567199,44.47528579084957,185967.7717530201
2022-03-23,44.86971285727873,45.101911328338005,44.8676041665885,44.93063215711029,44.94055677509262,497007.822523708
2022-03-24,45.00208369265056,45.13110153321489,44.8326556379398,45.048277516777375,45.06113903583447,285518.6901705769
2022-03-25,44.144948392841336,44.52849865818239,43.94023249036104,44.13567243674182,44.12925321905779,93872.2926690274
2022-03-28,43.95425202810987,44.50967713985072,43.939078122648105,43.99496685571648,44.001408535221735,224541.17451400743
2022-03-29,44.63745455991158,44.96783273078798,44.47897653944892,44.65140873401222,44.66378456623639,390319.5800067863
2022-03-30,45.658309596227376,45.83313039871588,45.35467040000672,45.65315822857811,45.6446909797866,158733.34037799356
2022-03-31,45.24985050144792,45.330891288576375,44.80066472840347,45.247617675758775,45.25816909607425,330950.4652702061
2022-04-01,45.24456171305224,45.44144858121605,45.17029753812427,45.313777266634965,45.30460097992763,637958.6886196416
2022-04-04,45.236904274730826,45.4397641278525,44.951073925263245,45.2318242350844,45.23265947254211,284248.0552176361
2022-04-05,44.6039209406795,44.67948431811024,44.35398428734908,44.569705861006966,44.564122026739525,194835.25357919245
2022-04-06,44.29159068064071,44.2592404449958,43.88621700274585,44.24345533495827,44.249840156602986,792969.9754638438
2022-04-07,44.35303379415001,44.3752547146413,43.81104142884124,44.31730423486688,44.314912460579066,464149.9358795621
2022-04-08,44.06728719634376,44.21712721653178,44.044663367403146,44.07129498171613,44.05404963961727,533372.5666026134
2022-04-11,43.98482733308657,44.02946429237765,43.84587493432386,43.97467737181529,43.974200798617744,108590.5817121748
2022-04-12,42.52312474041391,42.54262748503943,42.24794760302132,42.47282735814735,42.48383571449279,335239.09687677183
2022-04-13,43.91064171302495,44.002077575481714,43.87210216085105,43.91249369302287,43.90315213592796,345558.66947025404
2022-04-14,44.843218316700266,45.07931341767463,44.39974702976471,44.70410792027136,44.72377939788792,317273.4681142994
2022-04-15,44.38511297658872,44.47390471540083,44.177812306108855,44.33986869201628,44.34321594271936,755065.4022371005
2022-04-18,44.63343829321698,44.78030650378473,44.10288337490332,44.72779818718589,44.73003760863973,184809.0092839267
2022-04-19,44.752055689873565,45.08997593450616,44.691306625665085,44.73594631122685,44.75189475204054,147076.87863400226
2022-04-20,43.82363392184357,43.94642944125325,43.42820544304965,43.78680785525205,43.7801327216221,236614.73103816184
2022-04-21,44.02755495142346,44.26905959459164,43.75230591844986,43.99067574764624,43.993874951895805,491869.751347588
2022-04-22,45.48878437446627,45.661317933912535,45.35573180936145,45.505382114211415,45.51129821247477,227918.75520674337
2022-04-25,45.12123246639899,45.58392409428167,45.06059446435717,45.15478445412947,45.14836363198162,41266.35650707196
2022-04-26,45.13846712091985,45.25792779964144,44.69206557622775,45.13854343973211,45.11891273362282,259123.79852078384
2022-04-27,45.899444794769536,46.20710728179354,45.74241885594261,45.88457200745266,45.88635750260897,308402.2993174893
2022-04-28,45.56956637345262,45.608169256036405,45.516688102457096,45.571580233668925,45.58754809267611,145838.36606404293
2022-04-29,46.02252309159654,46.144586935729954,45.87615032014829,46.07436777354215,46.03478084276965,91316.6050651884
2022-05-02,46.29810749659284,46.53982508060727,46.229141844281145,46.2744090060001,46.27171709330258,106827.45573611122
2022-05-03,47.111185783407,47.136576905922745,46.73121985363761,47.09713111874437,47.10175367300715,276662.4947847625
2022-05-04,46.32293953782864,46.38352994751099,46.2601063379534,46.33435982366212,46.34575304645139,161752.54463194782
2022-05-05,47.30314160187886,47.38672401096856,47.03766668594005,47.24626229682436,47.25590318203175,578689.4686745304
2022-05-06,46.858165542574426,46.89241770953658,46.86411628053442,46.8680166011655,46.87175811579354,256008.67040151427
2022-05-09,46.71779462845901,46.79307174665802,46.453403158007006,46.73527166433583,46.72720327327789,229983.15289296335
2022-05-10,47.52385996709709,47.90292126373978,47.49511765135549,47.53131302903557,47.53987469188638,137282.1021448338
2022-05-11,47.37595608484935,47.49463789750919,47.07154076535506,47.30331459982932,47.30920480988237,228380.3674723464
2022-05-12,47.62515327646893,47.61359076379039,47.44767704179462,47.61057295857766,47.595023938688726,144952.60337950697
2022-05-13,47.46914499186044,47.58528551224142,47.40155273310396,47.42201287261621,47.43299478820086,480126.91775515466
2022-05-16,48.0845983708105,48.339902656395,48.00237889880744,48.10133565704266,48.084006332014944,242573.88456982
2022-05-17,48.35040189275855,48.668709312755496,48.31897280020591,48.34539781832458,48.34941081847815,281179.2794489987
2022-05-18,49.08740369269906,49.1971408913217,48.90977520325106,49.030170377537935,49.04862507705048,326452.5576750433
2022-05-19,49.00368683957007,49.05895530191891,48.95549132115769,49.00354746134949,48.98599444778756,670181.071478369
2022-05-20,48.80157321910673,48.88771006142554,48.61170434365588,48.87835377637355,48.88684054146664,145808.33003523975
2022-05-23,49.109980350470906,49.41455954301512,49.040412885705216,49.17438417560933,49.183685149851264,324595.26806304697
2022-05-24,49.69962589315069,49.85343524406573,49.49004204615533,49.69578114458904,49.69856776264184,261471.63124617684
2022-05-25,49.22322527861065,49.46891761729061,48.89507883585587,49.2428086589736,49.24074498131591,151046.40365572867
2022-05-26,48.79417521244778,49.01443546765096,48.7577861188356,48.77617189312577,48.76280039634712,83007.36666168414
2022-05-27,49.2811644864293,49.306827693967215,49.17316334679153,49.30395091041581,49.30782680072981,184873.61383709533
2022-05-30,49.6161672689621,49.743457706297534,49.55032337443391,49.64736830978015,49.669555211159576,372867.6712292361
2022-05-31,49.73708075763575,50.262440051174494,49.687538602565375,49.75861333621821,49.755915366175365,268024.16358841624
2022-06-01,49.68740687341468,49.699813051646586,49.4005120178606,49.67382242616693,49.68353315634585,215135.41491576156
2022-06-02,48.67438741403446,49.1469228414467,48.65032499474931,48.71746021481083,48.70635577098672,707609.006371956
2022-06-03,47.69298236351756,47.799651084686914,47.42218766082558,47.70242569524601,47.67955712465467,364206.3176937917
2022-06-06,48.01699779794831,48.03885845508578,47.911615185802695,48.01444527016277,48.01175529834395,206622.78550082093
2022-06-07,47.01137829993075,47.33102664184991,46.91348293705408,47.00167561075306,47.00395152824999,88955.12045011867
2022-06-08,46.66364211717024,46.95563796139295,46.72392854191119,46.75161035263107,46.74893129669285,264403.017343288
2022-06-09,46.90168695807989,47.46041515620095,46.85812562377334,46.89028823165219,46.886813353243966,212313.15297598665
2022-06-10,47.39122471883932,47.73946682999562,47.24426780200899,47.31921796831868,47.32076442489722,242719.0798070855
2022-06-13,46.72521977681378,46.86193745440766,46.78947431321397,46.79011471244091,46.79553323585566,643011.6751303214
2022-06-14,46.21025455738498,46.23394485416734,45.86251612185248,46.15717306363116,46.14955392491244,364892.5685264286
2022-06-15,45.09821431078952,45.14687532360985,45.01293717432582,45.08528219739652,45.083081414729335,165350.1286862037
2022-06-16,45.46190564069598,45.81189002207278,45.305423147408405,45.4531464584656,45.45496097309857,194721.7306951659
2022-06-17,45.38483767417001,45.62059105400289,45.040094889702175,45.33068255801592,45.346914715029605,268145.2807760635
2022-06-20,44.52261266106024,44.580334890923645,44.12755074305515,44.46296847583717,44.45780345394685,158271.52097923952
2022-06-21,45.28531540627203,45.73340730200204,45.23909903608412,45.31762005433088,45.31690981432671,228727.1201905344
2022-06-22,46.120276512562455,46.18416833419895,46.00212378632713,46.08423241119383,46.08484850217989,480443.3908518337
2022-06-23,46.47670081564588,46.503987391981575,46.339590292575,46.45899109109482,46.4448044890904,139824.00508684624
2022-06-24,45.50657609324162,45.57265235850378,45.10415566736154,45.41182488570544,45.40819515094057,317006.7873266271
2022-06-27,45.29611320112879,45.453510794972,45.11519430405554,45.26925083754177,45.27843147373879,223629.7381122914
2022-06-28,45.71061717989988,45.78247106785325,45.40439618387995,45.72414686263544,45.72021046845455,401346.5640279393
2022-06-29,46.33145378539059,46.59252020057734,46.19931533815656,46.303244724998,46.28844396699321,77612.27862788369
2022-06-30,46.04920136445988,46.141387791710336,45.83300257066307,46.023949101479154,46.0371795818247,113793.17547558228
2022-07-01,46.717524701039146,46.89572712031126,46.55483508100805,46.65163722321579,46.657509483228274,330893.747845933
2022-07-04,46.52909870816935,46.7279666585184,46.429324472759774,46.60054387344989,46.62617349224261,0.0
2022-07-05,44.58818014124119,44.9869555712663,44.48929666452577,44.582765179879296,44.57972894695286,517291.8883722211
2022-07-06,43.59182002884094,43.785300291583184,43.47645475256044,43.51060331302019,43.51138392278412,256185.51558799125
2022-07-07,42.779817794417376,42.850415183919495,42.704530938564695,42.82371042341292,42.82904438784679,309437.28215866094
2022-07-08,41.90926435176971,42.27011895250182,41.728556259813615,41.95211642522704,41.93809009771825,304878.98015212134
2022-07-11,42.827013691921145,42.99735080965518,42.64081263954271,42.803242193575706,42.80496355520852,293416.12401567114
2022-07-12,42.85526386789021,42.92435652242585,42.48923504702389,42.80832704212402,42.82649294279512,132461.37196924267
2022-07-13,43.30368917709136,43.52549252640233,43.39215942051924,43.39835765691633,43.4101747885378,133333.3699373298
2022-07-14,43.62172704464281,43.580943447712094,43.12135930973388,43.57862546166374,43.578626196873,579590.8219226036
2022-07-15,42.86740227294949,43.05729234289685,42.85721426058522,42.93991973787687,42.9236087267368,323831.69180622336
2022-07-18,42.01785989222395,42.081246268018624,41.864838963204434,42.00105022869356,42.00733107287229,249490.41820171569
2022-07-19,41.95827999244317,42.15563098132866,41.92893588361219,41.93993699811672,41.928667951208766,170617.80074097088
2022-07-20,41.60769269160006,41.598800839148055,41.35182928868121,41.59513942449167,41.59470768856281,201753.83790188728
2022-07-21,40.65039642919031,40.82840289819446,40.6747587711157,40.74133204703755,40.73907323065673,132240.62655330112
2022-07-22,40.79564086393289,40.99144229512904,40.51642867151877,40.835612804067054,40.834687526761385,1176989.6817993675
2022-07-25,41.0912204956317,41.374441374894616,41.118609962064056,41.14948980959672,41.15111026370303,383850.63268712495
2022-07-26,40.62362578552208,40.66358720000119,40.46126817768898,40.59162363191325,40.58730854447202,179851.09314997963
2022-07-27,40.59557003372474,40.65394985551906,40.337760666751095,40.59322852988148,40.589051732948334,445577.3390525407
2022-07-28,40.90585671086925,41.03498451264414,40.82391133409116,40.94188081673695,40.93518621519352,232275.80170276776
2022-07-29,41.37419099793886,41.76887590727711,41.27572281081087,41.3768817547053,41.36747001946199,138053.35828546455
2022-08-01,41.552497870366096,41.76039887689053,41.43791549530288,41.6161640646885,41.59663500027635,246709.9707457845
2022-08-02,41.942264631660585,42.28403181516724,41.877590653998425,41.95016819834914,41.94695760917397,441377.0213173578
2022-08-03,41.49430869817871,41.63823756433973,41.04903743770959,41.5168038556757,41.51230654529796,435493.92635339225
2022-08-04,40.586985941358805,40.71461575602953,40.36687327019726,40.59006408223219,40.58943189104942,405836.116413294
2022-08-05,40.53311076639176,40.79638604736383,40.07692538191747,40.51218881774163,40.52489663479197,160431.39156766364
2022-08-08,39.78702311479518,39.83639487043149,39.68218318391124,39.77676189998372,39.77835827690003,227664.92713182187
2022-08-09,39.15726551532079,39.37254383691167,39.10613431640547,39.13709492864819,39.1420372102232,412622.5481268048
2022-08-10,39.30924684102051,39.648572061639385,39.15989447655805,39.32667420863186,39.319840461795216,291803.6792114882
2022-08-11,39.65541606510981,39.67301830398405,39.15056791954693,39.58478681602164,39.576952702663455,177570.93025514443
2022-08-12,39.61751238923828,39.74363016451291,39.43003056339617,39.59652480955236,39.603349441855606,141464.87619344794
2022-08-15,38.70189171337147,38.69928095756383,38.66158803419114,38.6742738864559,38.66428347327028,109440.74786674375
2022-08-16,37.39510566385616,37.58827953610116,37.31875738356698,37.38839307358217,37.380123767130215,233377.19758838863
2022-08-17,38.65404129392746,38.74449138223593,38.49641375255936,38.65638926060791,38.67175885759334,353087.4566027784
2022-08-18,38.788068360601706,38.75941564780359,38.433111577743865,38.74143502119468,38.7551845817327,262191.8930675741
2022-08-19,38.75549356199225,38.92582987031116,38.67584854545504,38.77295474423929,38.77752986549601,312285.69135081547
2022-08-22,39.36458653292828,39.386199377613686,39.10342054871965,39.35345238873564,39.365673808310135,161967.57257182733
2022-08-23,40.82616647573959,40.79801429977248,40.67892453078708,40.768916612939705,40.7462958800441,376801.5735326284
2022-08-24,41.15494619822222,41.2802404310834,40.78249912676547,41.174261773051526,41.18265848043865,666330.6936925666
2022-08-25,40.73117055852416,40.80280505475517,40.64592864531797,40.69735342136437,40.7061311403149,600790.6203342389
2022-08-26,41.59539434062804,41.66512249455485,41.4484123522593,41.5787722061916,41.577509024970574,243084.39588649137
2022-08-29,40.37771499703531,40.45227198397507,40.27523509068068,40.368168778622966,40.36560742816619,164901.11809725623
2022-08-30,40.63280068770922,40.8130396407306,40.41683911611875,40.61778269198615,40.60926054207568,186713.216336806
2022-08-31,41.06870115476569,41.674859084004055,41.07720995998633,41.15595424942033,41.13275044343756,113750.55773119346
2022-09-01,40.56820929260648,40.69456548138608,40.45812872338726,40.555922728532,40.569849111870326,215611.22390213743
2022-09-02,40.6824365224665,40.76340080521869,40.48264122703882,40.60799193944548,40.606774712679474,340397.1334952366
2022-09-05,41.014398730711584,41.20206673712501,40.76907511608815,41.014124717483895,40.99028318003132,65265.7321628102
2022-09-06,41.19622612558169,41.38254081159843,41.14663008575001,41.1993669705632,41.20500576071113,344244.8498691532
2022-09-07,40.73330961959431,40.98002152728353,40.74448402533192,40.80186510148834,40.78126768408277,371525.5534573438
2022-09-08,41.23482137744176,41.30857395434329,41.037404379533264,41.19792690606951,41.206343815525706,302315.55432660243
2022-09-09,41.410479532780215,41.625816877170685,41.19667951116205,41.401252261378,41.409740438945626,125554.10718524369
2022-09-12,42.43419357162627,42.64024140847808,42.31911783157523,42.38704812308296,42.40208610129051,224204.5236500821
2022-09-13,42.45187816705385,42.49694952956845,42.167030210635694,42.38619136011981,42.38274101673657,344362.4765439927
2022-09-14,41.79435543610384,41.78462285130437,41.54656855900872,41.73034080621264,41.73292629977628,196692.80798011972
2022-09-15,41.13630791942383,41.30441415850175,40.945946615633694,41.16072029172882,41.17177908116722,278730.5145023574
2022-09-16,41.187536039287146,41.1467042866724,41.010015041935446,41.11300434048193,41.119525586424594,463150.91101317486
2022-09-19,41.02314407184861,41.00151697041258,40.427257628075694,40.971830872341634,40.98617474746158,705541.2484658902
2022-09-20,41.29142506016161,41.60775598798875,41.099519871742544,41.32664089411856,41.31568182849883,503504.2211776255
2022-09-21,41.5770117905244,41.68751635439085,41.30616218621707,41.55335368513462,41.56476089519439,256984.07156540264
2022-09-22,42.30309710641448,42.47491171985092,42.06219783351981,42.363033105168974,42.38099016322846,182951.02415578836
2022-09-23,42.271708791855175,42.66338353022929,42.06920572700937,42.35093693566667,42.35882435075543,113520.25115695428
2022-09-26,41.85744998830789,42.12359561328946,41.64049271876888,41.83673870192287,41.85413652123907,145977.00808187178
2022-09-27,42.32545149408612,42.54251315835533,42.28698702067127,42.34690023655842,42.366918695160805,135140.80203951805
2022-09-28,42.6458483060074,42.77032601714979,42.73427624045144,42.73947500554101,42.765531173781234,216965.02748048297
2022-09-29,43.05511440887221,43.156729076717454,42.642140678388586,43.01653504743382,43.00297357816159,159095.39443647137
2022-09-30,44.32653374667234,44.40098684154821,44.15923407699349,44.29985820497605,44.30593283190255,81729.86078242116
2022-10-03,44.40937822856265,44.4941402613955,44.2957039009751,44.39581301489181,44.37571041315974,552063.4393591357
2022-10-04,44.48413992175328,44.63362710295301,44.37795635562657,44.495688204706944,44.49966110457789,338902.33245917846
2022-10-05,43.77832283071056,43.90545615682765,43.68838343370116,43.88165112932276,43.87192099366743,108525.401389797
2022-10-06,44.785466252227245,45.30366069624541,44.58546718003247,44.78612601374778,44.779848762771465,492488.59886534855
2022-10-07,44.78401391798606,44.91054500614301,44.48335639456238,44.75210723243781,44.75745229946492,507850.03456032986
2022-10-10,44.87953410335426,45.139663918552415,44.83369191212552,44.858519522804976,44.85802449484817,337414.95608190855
2022-10-11,44.48833534282838,44.96603538896317,44.47644402704896,44.52732061016864,44.51611810589354,124164.00717703106
2022-10-12,43.37256349243194,43.54790672335049,43.21577130001631,43.376223869623104,43.37070291024588,318693.0725638432
2022-10-13,44.46079772017733,44.54162812337282,44.467317150167055,44.521741000249726,44.52695222378291,220406.63019449872
2022-10-14,44.17893431951902,44.46629446300936,44.1866888211456,44.19949679787217,44.19144241938619,149633.2875047155
2022-10-17,45.61039315637706,45.69429056691413,45.40039348849553,45.58240253762625,45.58229216984369,203120.7925881074
2022-10-18,46.44882728517116,46.48652023840061,46.32377342416677,46.43129455919434,46.41921177514882,175770.27315324053
2022-10-19,45.8414501418518,45.859391023389335,45.800686507064015,45.81930881912309,45.820615960904725,389566.9094067586
2022-10-20,46.324739512485,46.61617502544187,46.29215526236803,46.4197782813184,46.41658292050065,917391.1931761026
2022-10-21,46.54954215013856,46.66088721504388,46.41486404003247,46.52956983431422,46.566350778857554,332780.12730158784
2022-10-24,46.6436234144046,46.66190340735998,46.46321694914095,46.63420832973298,46.63870228129416,138154.5542642513
2022-10-25,47.87969580198789,47.990427823719614,47.62754704086114,47.82849057019781,47.83510995004051,155697.40628103763
2022-10-26,48.02330697459504,48.0036031886064,47.816870125995976,47.93208622708559,47.93165624845572,171541.36783532752
2022-10-27,47.38741930808367,47.36917594374322,47.14385092007058,47.34961307077039,47.351268163921056,588381.2034070728
2022-10-28,47.54423686339424,47.6143212317134,47.55321696930663,47.576068423751806,47.58123692393477,295687.41390266485
2022-10-31,47.01669177997724,47.33664545377089,46.86837043784058,46.97098577026649,46.99460972120235,427419.1406474881
2022-11-01,46.712065183454094,46.935773106832976,46.443893290656085,46.75762675863023,46.76980073874436,542270.7647517076
2022-11-02,46.269690281674926,46.35495199068268,45.621962849949,46.29735027428659,46.3092905158512,273607.5509341742
2022-11-03,45.38536613722738,45.61458030947895,45.33632988686115,45.40846693524768,45.3931059393428,768536.0364787456
2022-11-04,45.73712145152389,45.907890524831714,45.40306679702538,45.700938314180966,45.70773466723501,104846.2500076862
2022-11-07,44.97489454409575,45.51482418930115,44.760590984835176,45.0309142983886,45.01680377120076,164146.54983217458
2022-11-08,45.4024532355664,45.791345822430976,45.03910134801466,45.33796728495366,45.34186956297459,224399.8109074656
2022-11-09,45.38322164844279,45.5456360447857,45.22948375429654,45.36244352047981,45.35143614161826,147759.7661762533
2022-11-10,44.52815070799248,44.81790577995673,44.59790874276446,44.617681879345085,44.59851841843636,227965.9027607109
2022-11-11,45.55844125559724,45.63712427814038,45.501921569475954,45.574923830814,45.55642025310482,221299.8824286608
2022-11-14,45.34346617058091,45.54933314995771,45.28426958026825,45.35512211415484,45.36855166692848,347443.2770503899
2022-11-15,45.45965410214824,45.99931048289237,45.25129538319188,45.521972469205,45.52298225570614,480193.7695572334
2022-11-16,45.04108394855861,45.39150403702883,45.01145746449999,45.10100235657248,45.09220192398913,136371.13759980933
2022-11-17,45.143207383455255,45.25996975984954,45.11960153578626,45.19527919850383,45.18659867324609,214810.254481088
2022-11-18,45.435269331467765,45.45330293853052,45.292642205753566,45.44615268488327,45.44709766222304,512725.6969436394
2022-11-21,46.3041459737638,46.53791016778292,46.09553161046512,46.25939035824184,46.27104345934289,119075.83079080532
2022-11-22,45.93786939912816,46.03784384504568,45.84943320353575,45.94382422297373,45.96530907601327,573073.4571999583
2022-11-23,46.3735114659932,46.34116796466677,45.9690556275476,46.31675166967597,46.30827719166262,752881.2383373193
2022-11-24,46.52552316456293,46.59248635106211,46.34194626446359,46.551277054149125,46.53203894517591,638851.9522654649
2022-11-25,46.35063380374206,46.61042235682026,45.81389596383341,46.34775541597702,46.35939112253973,122705.23938831972
2022-11-28,46.07866745540883,46.43611577287947,46.00620199211952,46.0408422094152,46.0490933032933,48501.23846327171
2022-11-29,45.41192745024336,45.54352860457823,45.39673860898804,45.40887635001551,45.4186125651266,243846.5076241772
2022-11-30,45.104495869711,45.35188766196746,44.75544095622104,45.21983521669419,45.22765588861207,251147.0879768829
2022-12-01,45.31187706428718,45.49840499118818,45.33101588313783,45.36102788407242,45.3755799582836,442725.43973354064
2022-12-02,45.78570713750087,45.90891482837197,45.60172380996831,45.8285843539143,45.82397416767439,119812.59518125914
2022-12-05,47.26002044864301,47.3237091979917,47.171892893802834,47.23926102756646,47.23685964430722,405047.6570467564
2022-12-06,48.00955769589956,48.15066145241168,47.36707502238208,48.03399212210748,48.04580080855879,241305.47513568055
2022-12-07,48.204241139179175,48.1671238724653,47.851483091329065,48.15520720630103,48.15644148130393,240253.63107167292
2022-12-08,48.25592266447613,48.42883634029456,47.89974942819942,48.30856844387398,48.31878056281894,161001.63634998744
2022-12-09,48.558334628847405,48.733553265205614,48.48930643084758,48.59146015695278,48.5995946574323,45704.56132959153
2022-12-12,48.29814772918379,48.65813507604764,48.18314207802712,48.289106496579045,48.2762169762925,241685.9470569981
2022-12-13,48.56063745662725,48.59258772721144,48.36620309288531,48.50279360051741,48.50185256129687,104146.80923509967
2022-12-14,50.17903586068571,50.198840889696285,50.15395375654701,50.18221733527986,50.20688679773023,127691.07774313907
2022-12-15,49.52864457929859,49.88077709552075,49.53355208703751,49.57387320720539,49.58823456943241,585422.5135094014
2022-12-16,49.14899181892426,49.50069795817394,49.01691524860494,49.16634431955873,49.162837754242105,200569.63965769683
2022-12-19,49.43505992609458,49.47272243623902,49.194164337715726,49.3874018843939,49.38623418271207,240566.26792632585
2022-12-20,49.36262772856312,49.43607054043776,49.27189933352012,49.36714717948527,49.36001062371293,266013.1689938627
2022-12-21,49.23557985019978,49.54145153688288,48.764517324164586,49.23545259087485,49.246303402047154,472499.97303730494
2022-12-22,48.22625486712913,48.22802249343463,47.95504203904867,48.22547693609063,48.23230806062018,231632.69833956967
2022-12-23,47.269387883536005,47.32166674532982,47.22974974083171,47.27208831558289,47.27259375311042,346569.2451433778
2022-12-26,46.01199432964835,46.45656179851904,46.05213219727952,46.06261196879419,46.06895729786774,410491.18352694303
2022-12-27,46.17770174346536,46.317514879645664,45.99264438981487,46.184131840902815,46.17024818977588,524710.6766682117
2022-12-28,46.473989636678525,46.96711098749663,46.48906866424792,46.51423421318086,46.50227008593588,420995.3874683655
2022-12-29,47.24303693495223,47.58795235752965,46.91676120772657,47.25425504010418,47.26288263447519,1325804.1087300682
2022-12-30,46.68022646202886,46.88771339861899,46.46404019162934,46.687732865821005,46.69394326200538,973759.9544944314
2023-01-02,46.2340809819369,46.6292009779963,46.163159881829294,46.21232392534888,46.22341376583514,883586.4485636051
2023-01-03,45.49789525451326,46.12937122044512,45.1498574982708,45.47586261770627,45.469826158084935,410758.1494060461
2023-01-04,45.76568607561763,46.033721067082894,45.70693496444358,45.770624868940914,45.78598170461182,306796.96916673105
2023-01-05,45.847727696393726,45.97512966109681,45.61780580485713,45.84795324600314,45.81982465712154,186455.38236374577
2023-01-06,46.11689167750171,46.09821041770807,45.72087834091928,46.09596636020788,46.11480072010692,139006.93155894155
2023-01-09,46.60815647334981,46.57319456353171,46.48739621404929,46.501034429284815,46.49078687230888,192141.1681078429
2023-01-10,47.04398910215022,47.205037503905615,46.77181519760004,47.04667651095623,47.029540963496686,288503.033037477
2023-01-11,46.265573399975615,46.53217829813556,45.93760063936124,46.23917960888231,46.21234335286907,627594.5080975387
2023-01-12,46.30406832139965,46.8236483351158,46.23966659364706,46.27710029450284,46.27777222509641,467345.1892689999
2023-01-13,46.22681443435469,46.39962041370011,46.10675542476841,46.18163422484193,46.16125297033143,310088.0563364393
2023-01-16,46.9241702301389,46.98621755137805,46.775028074016014,46.87503743293195,46.88455668436414,107405.98694867028
2023-01-17,47.73680841345415,47.84657643051487,47.64881061672264,47.70918000222443,47.71786700775549,447638.5110195181
2023-01-18,47.73453079267872,47.75680154863496,47.03183425155488,47.69802566649991,47.716373661740754,710047.7517001879
2023-01-19,46.70333430577863,46.89070025944318,46.65858881290685,46.67095577433569,46.678630539271424,115153.888604827
2023-01-20,46.00541102006348,46.23279158474088,45.95510758370226,46.020920490189305,46.03363080910254,126187.77914801917
2023-01-23,47.17992688902601,47.47658439666968,46.97797042663519,47.15862521492476,47.165713200756215,108675.41003720844
2023-01-24,47.06801504575608,47.1169738376087,46.95988862709991,47.10855059035519,47.09140351461999,260590.0271893309
2023-01-25,46.61190377831908,46.92307903569566,46.41168638045562,46.71258521183042,46.71365723249997,225134.8799026352
2023-01-26,46.30428997831402,46.73477330777039,46.16940239927858,46.37236215343963,46.37927153637667,190757.7272848623
2023-01-27,47.511803852907285,47.6836980811677,47.55610347264833,47.60071512410127,47.61680994539928,311884.3758387751
2023-01-30,48.17047893938478,48.215110905947085,47.792244520209714,48.103460798347925,48.10808466157187,422189.9025417416
2023-01-31,47.67514871765957,48.17241050834034,47.66285207627579,47.722086109488615,47.727953074203526,284057.0499770993
2023-02-01,46.87634245427795,47.13180914949686,46.70529064945152,46.91506811652042,46.92451282390041,733983.9820610206
2023-02-02,46.79035970013084,46.75377233961276,46.47553955113427,46.74830627086943,46.75353807659632,340607.9934629354
2023-02-03,45.67486704201765,45.931129221512094,45.57617480551677,45.74713152748315,45.74954344807213,151776.71331862712
2023-02-06,46.53601235916433,46.60719497155911,46.207881304689984,46.50664593877572,46.50517893890277,278046.9710108579
2023-02-07,46.278331333215,46.309898393988526,46.13818682847177,46.26071253460669,46.25204264835183,265393.5991898308
2023-02-08,45.13013671271612,45.33668618502826,45.05648383240265,45.19128765628026,45.17120617724952,421114.4771920698
2023-02-09,44.96133049316717,45.37533009250593,44.5317970883096,44.95740527499539,44.968524182068734,1103961.8042813626
2023-02-10,45.56043953201884,45.48747990428495,45.41275356622408,45.46075730352053,45.4577266062703,291018.24436277506
2023-02-13,45.483518271882446,45.58607598065829,45.15980249171435,45.538583823112,45.54738745520946,237414.59884669943
2023-02-14,45.234585102621786,45.41687839380208,45.15804474125197,45.32266485912948,45.33310074028515,243603.25679604663
2023-02-15,45.913880468806376,45.95545062532028,45.801729527137255,45.92351663015816,45.90343843490688,359653.2851624593
2023-02-16,46.0614989746068,46.268631035936345,45.87766684678138,46.06985977313094,46.0706802900707,582880.730809398
2023-02-17,45.40190290981384,45.37342287137454,45.30656124392792,45.367662254759495,45.36710667117693,171289.42096988164
2023-02-20,45.6879935733286,45.96007694271273,45.589807438459616,45.74573590433332,45.76905277889262,142762.2494549366
2023-02-21,46.36774504794033,46.56792004454868,46.19637939770947,46.40429542953314,46.38842471170095,325138.6623197645
2023-02-22,46.31083252553591,46.469229458944014,46.17098387669736,46.28819566767548,46.29852404803141,63747.46969008346
2023-02-23,46.31812392940351,46.65474602581471,46.17026922000785,46.269240581047214,46.27233048749359,464622.5155690872
2023-02-24,46.81136034575145,46.8605380919419,46.661101531848,46.76430343796911,46.76585618858864,275450.2893244655
2023-02-27,47.216613288012496,47.24512912628324,47.0080801023521,47.19391208443737,47.16194539466623,667156.3097446728
2023-02-28,46.602063366469885,46.7757253227591,46.639467630399984,46.66054776597216,46.63626027174653,266712.4312930004
2023-03-01,46.48697997256894,46.60151034289296,45.75585430096956,46.45099417261782,46.45687183914067,242669.34195388647
2023-03-02,45.07797689977779,45.16914791844442,45.07744611090185,45.15956741551992,45.16906530381471,308292.09780718706
2023-03-03,44.53133771330939,44.76388694463185,44.12208501743479,44.54509427340372,44.548706109111095,183585.49798458032
2023-03-06,44.85452450432966,44.98608471930629,44.71067839411948,44.836411337196814,44.83937994355671,672532.360655939
2023-03-07,44.68347735578795,44.76209972562302,43.99043614336304,44.63873816105602,44.63671068633835,262361.8303403635
2023-03-08,45.329786812343926,45.59142335820126,44.848472347563984,45.383877755382514,45.39254289588072,893664.4039316827
2023-03-09,45.40445706738364,45.63382848019067,45.44612420119887,45.4729016875657,45.47252377866044,592099.1370863809
2023-03-10,45.63430961829484,45.9774706395107,45.57234923371358,45.680933425207456,45.67780927681078,606497.9317850835
2023-03-13,45.666205643960254,45.88930900074093,45.56607646996015,45.613103915444434,45.61847770722285,353834.74144769
2023-03-14,45.45056748094621,45.531476522195554,45.25703733747744,45.48623684472006,45.46564828305576,439570.8986277834
2023-03-15,45.31223176609103,45.78052713638203,45.28073198548548,45.29224145245556,45.297529223017065,178477.83769317175
2023-03-16,45.0326579643832,45.19561486355323,44.71449198165615,45.03688531400132,45.02477473909863,398669.5014640062
2023-03-17,46.092948254975546,46.35066437977054,46.0194378043692,46.05473645306379,46.05438636861565,459649.4811906505
2023-03-20,45.230001363786,45.546735100130974,44.51890942198186,45.23106939886212,45.2458361896363,216065.1264734258
2023-03-21,45.48815595662498,45.79078782666287,45.3519423475992,45.51359186407976,45.529445189644925,291818.8587981369
2023-03-22,45.98384716242229,46.24176728658695,45.6067034682443,45.96933080777836,45.97097566286517,177606.82857016014
2023-03-23,46.67587361646283,46.84895158760009,46.29612640540007,46.70320616827466,46.71545751520883,517011.5160371825
2023-03-24,46.96269476773276,47.33493044028748,46.88652807006708,46.95956128511019,46.952221285216574,659553.8432577353
2023-03-27,46.81586449310108,46.89875581975076,46.77519813332523,46.84099464413307,46.834631220296544,148839.92197691443
2023-03-28,47.27262837597005,47.31927487893186,47.17892403813238,47.243720033803136,47.24622966885836,92721.34666822862
2023-03-29,46.95922254696028,47.02397653272473,46.82003574319592,46.95456842302677,46.94900910065763,235963.3212238341
2023-03-30,47.55028464154056,47.92741845070973,47.35329768104722,47.52576104616774,47.511748404151376,449193.42905239423
2023-03-31,48.96811442336303,49.258578604424045,48.83080786180808,48.98983093771933,48.98617224045123,456193.6737652334
2023-04-03,48.229826042385085,48.51539622237538,48.20314485367673,48.30551692074957,48.30454232352552,224511.0270086779
2023-04-04,48.91819997755343,48.96404589983381,48.65806465237755,48.91219204045317,48.91897223547561,316439.14201392315
2023-04-05,49.322269719009896,49.656055592230686,49.320819916130766,49.370188704897046,49.35655540407335,105440.497650966
2023-04-06,49.45989513348171,49.78461154720294,49.3379629800508,49.432539768565896,49.42999651505181,263144.810470079
2023-04-07,49.14268362709009,49.68219903306888,48.98587674510683,49.21240050999314,49.21692471793014,255662.0226470516
2023-04-10,49.44896905136466,49.724328515881375,49.24502051527103,49.41808947563498,49.43023967972447,101074.5997782259
2023-04-11,49.415045956012186,49.50504408906467,49.35410752928637,49.38880209058755,49.39604521112225,305495.63611532486
2023-04-12,49.236713002760176,49.20113345688046,49.12700828455897,49.17415605013096,49.16186332275053,247327.9574782253
2023-04-13,48.62251490601895,48.90293537849762,48.20634345582281,48.59126879993014,48.586563781643136,226005.8403338072
2023-04-14,48.19283473531684,48.19077998813574,47.66777861642281,48.11932134834876,48.12490599713984,146605.01152063583
2023-04-17,48.60230562297726,48.63059133683343,48.32995966764878,48.59814074577191,48.61313433839497,343144.0175563307
2023-04-18,49.45293940287669,49.52554929439091,49.3339999108009,49.4460901570966,49.43294838993324,229940.46365047395
2023-04-19,50.024130616723866,50.20461684705143,49.82431993315178,50.00108245981239,49.99653647909823,255921.00020958457
2023-04-20,51.21820948744824,51.4732070068014,50.92640211629483,51.247591155821056,51.227221359490684,896859.9359039934
2023-04-21,51.34802953010618,51.6093203699713,51.13591835988695,51.34074856800522,51.34082663049333,476633.9779166683
2023-04-24,52.01153569645092,52.13290256446684,51.68490220125848,52.04880234071503,52.07171601829579,211265.53896495007
2023-04-25,52.89881881212448,53.00038836335416,52.260985259844766,52.85587847018966,52.84391882206604,238616.08534653604
2023-04-26,53.44945290006486,53.609392070291335,53.22212295906642,53.38640401681964,53.39286812411088,242632.9729595385
2023-04-27,54.789735781739,54.927899131808815,54.54628291121342,54.726547060357845,54.70854111802437,400998.3594862744
2023-04-28,53.84277782904796,54.02711351854792,53.62930190502215,53.75558176054189,53.75999365936255,0.0
2023-05-01,53.04411413577365,53.559545658652766,52.63545527210498,52.9152254290666,52.919369884747134,243372.0112299927
2023-05-02,52.47943169366009,52.454403348942535,51.8414338356637,52.41955464705856,52.42382731150432,298179.1510955083
2023-05-03,53.395235649138925,53.4234363173259,53.35133968965388,53.39620107403055,53.37986577952302,584598.6981279576
2023-05-04,54.68239270825094,54.71249122808783,54.50897316810194,54.689384221979765,54.68608005455833,623298.4324764037
2023-05-05,55.05451833475665,55.155272016283405,54.83832563347967,55.031187333680855,55.044883512747326,165420.10137122418
2023-05-08,54.32981491981583,54.41194671681143,54.17042588302604,54.24877519321998,54.24732126301453,257451.1323895914
2023-05-09,55.11616188099758,55.26968191518389,54.79945705881602,55.18578570748383,55.19356918694646,225159.5656690509
2023-05-10,56.39396797904983,56.46105451414207,56.3721998062742,56.39189752315375,56.386471612375736,214405.64863338156
2023-05-11,55.90798863870801,56.335720950124944,55.9104098129547,55.944692163886494,55.93971794059835,380653.8423444519
2023-05-12,56.73803871796824,56.80976361150642,56.51749104881127,56.76675463596938,56.76719450923917,548118.6215075552
2023-05-15,56.47044759550464,56.887832163488746,56.39557713022646,56.487199054917056,56.49715038192815,417805.9797657866
2023-05-16,56.44513167437891,57.00051158229006,56.24638108717311,56.455452092552775,56.44030711134686,1073611.2479359536
2023-05-17,55.14630199422449,55.443169825152616,55.013948494682346,55.07317692010746,55.04519158810017,209678.6651433686
2023-05-18,54.90313815396204,54.979070227120886,54.826654031849024,54.90944337597824,54.90930038853431,253952.4090728181
2023-05-19,55.1897162874093,55.100065685259,54.92821938571688,55.050027091477006,55.05363311447961,147070.648034698
2023-05-22,54.22936806586697,54.68177712610792,53.83425454486843,54.23707697348937,54.237711621937386,392711.0720723724
2023-05-23,54.499944621719,54.56378746632567,54.24038736686563,54.55373824132453,54.543859396976735,217063.8628728963
2023-05-24,55.5834793483582,56.01000618024693,55.2449811917523,55.55809461081644,55.56511463057324,431158.3037218952
2023-05-25,56.29103753057572,56.55063574193703,56.2045680646948,56.2360707443216,56.250575818766535,382292.7843019647
2023-05-26,56.37448102740232,56.72567740348692,56.21978960709738,56.405415676232685,56.40598134746993,153083.15066540136
2023-05-29,56.36324088235801,56.74498414023099,56.21172851598532,56.37827337698622,56.34873383857969,209658.62673870468
2023-05-30,56.54104984924572,56.609128181361626,56.465609310666586,56.5958967275805,56.5806326765685,485591.3569901295
2023-05-31,55.67384530591735,55.73716435447113,55.46280789126583,55.66044543818221,55.678115579621874,119432.77228409152
2023-06-01,57.08871556437161,57.14869897904794,57.06787619916471,57.115909473177176,57.11903677530341,138922.2076021275
2023-06-02,57.88113679899759,57.9617848133451,57.52075641615015,57.83536912916628,57.8215379268251,334845.82387628953
2023-06-05,58.310599409254,58.53783875177965,57.79938124925337,58.22960435896962,58.21957668603218,401837.68354523287
2023-06-06,57.99484831510389,57.89484107490908,57.75884830477579,57.87567288474586,57.86152208244168,737680.3999644149
2023-06-07,57.03097824798614,57.0442086600992,56.621750505217655,56.98745382625541,56.97261251950106,172433.22762363526
2023-06-08,57.397593217935096,57.616619605745925,57.27684981984892,57.419877073413616,57.404178707606384,327757.6616822069
2023-06-09,59.43456958857205,59.63986935851117,59.32415699519052,59.47528176301786,59.47989617400504,155479.98633193597
2023-06-12,59.59920889623397,59.82282750095831,59.48050713457475,59.56906695690287,59.55988990733115,286402.7248540836
2023-06-13,60.202399638873096,60.78071186321094,60.063225987311725,60.14172355393174,60.14656134768784,132894.1230164739
2023-06-14,59.2520828859556,59.28045456954381,58.950283523725005,59.23085328022696,59.2272137719503,478307.3289770221
2023-06-15,58.14328235273455,58.40880052541647,57.95779943022316,58.08801353140444,58.08291703389983,149334.602028062
2023-06-16,57.33801646147456,57.490328709423615,57.211991996517305,57.324216129582766,57.30493075788424,363302.5546299796
2023-06-19,56.389775177505605,56.53998206575469,56.2676095823262,56.49745267255965,56.50680166048217,279423.5560455321
2023-06-20,57.13771401572662,57.26301362904944,56.69729168460928,57.15029683712444,57.131318244354745,202927.8296633557
2023-06-21,57.28664542544392,57.31950109281353,57.161776051022606,57.19501500947156,57.1983164657586,429436.2799776018
2023-06-22,56.36934127992035,56.57259072881932,56.064227262539816,56.41683390595737,56.40368350417833,48996.70159824743
2023-06-23,56.34875836088688,56.66194596617404,56.2129267578365,56.37758771624495,56.372253100720286,156985.0714008639
2023-06-26,58.33893705627827,58.58073641024794,58.31168483758028,58.38789433687873,58.39863284447934,180415.77894761285
2023-06-27,58.47533783613558,58.73377043013048,58.5152672793795,58.54191904355671,58.52572050673219,195260.5645321121
2023-06-28,59.10743226615807,59.41685739733964,58.88160141354185,59.01130142510631,58.99641487879659,134016.80716431007
2023-06-29,59.99813448117263,60.29968297321315,59.93993261635637,60.051830936178,60.07600264400378,354187.91216751
2023-06-30,59.66009883595871,60.013954722949,59.27311934993427,59.70789395161894,59.73544399835177,182148.0682904905
2023-07-03,60.01174108972112,60.39034228860852,59.78082067681434,60.02341804642318,60.011870226387536,331452.46666865365
2023-07-04,61.02044053326786,61.133343058924346,60.96946423685005,61.03947917903708,61.02132740848131,160163.82012120957
2023-07-05,60.75120153887885,61.2100130423295,60.319546363997794,60.71242518581137,60.70194403801576,341907.9894492392
2023-07-06,61.20897452144732,61.31481040084015,61.08992102437195,61.25838134551677,61.2494430968864,802928.4194900268
2023-07-07,63.040337158055856,63.53614473440496,62.82748912815322,63.00093306951221,62.99597610168478,566848.9692355092
2023-07-10,63.52292810532942,63.96181612142439,63.41632446507126,63.62943777655001,63.60505010371784,148936.0275853258
2023-07-11,63.90858412785171,64.24128855996662,63.954059897333465,63.99322977516096,64.021926446251,204634.6074941485
2023-07-12,64.71665572159287,65.1880622118383,64.56727214193236,64.62997961098426,64.63467518099166,313550.93055459246
2023-07-13,65.98529982408859,66.48184815010065,65.76772901817611,66.03201177030164,65.99706991692703,267575.3574382215
2023-07-14,67.31399759571579,67.3551373631987,66.96492468447086,67.32417258742689,67.34450045449059,157738.09921316375
2023-07-17,67.13881827841996,67.37812849465085,66.97124680066581,67.07438684014825,67.0971533352915,302453.831413359
2023-07-18,64.63204415819459,65.10035468119816,64.4472590396428,64.56313493146232,64.52855439917501,231805.48256049588
2023-07-19,64.71185502141161,65.01653949271127,64.43257057674491,64.72224477953253,64.73493001180218,329239.9439329109
2023-07-20,65.49714385386251,65.84457328153887,65.01657206672996,65.49653659722064,65.52231624893811,423211.7870606345
2023-07-21,65.47961834617215,65.8981358929731,64.97394136132503,65.40049640767164,65.38886994463702,187125.57813135904
2023-07-24,65.41946420643255,65.46144480664287,64.82201719018835,65.40618476627873,65.40880802718257,288305.8229444291
2023-07-25,68.4664644926851,68.71138748934034,68.23877918693933,68.50409344663322,68.48171727517172,247068.44913300627
2023-07-26,67.11782341111022,67.46956665680553,67.12568859560008,67.14705549102166,67.15081647416343,110304.29006244768
2023-07-27,66.22003809365404,66.60459061682187,66.285959860517,66.33348015641641,66.30921608022004,338423.8130018316
2023-07-28,64.75002026864138,64.84597538934162,63.93950336462184,64.68589275474423,64.70529596660423,99713.54032724471
2023-07-31,62.98205968696369,63.15978765702316,62.56989812217056,62.98182559966548,62.964585233677454,293289.21335112385
2023-08-01,62.12322196163628,62.46112279974161,61.63745981939858,62.04243818113354,62.0412840940549,338856.9566369215
2023-08-02,61.46516128459229,61.39026977607224,60.86315426470309,61.35410093380984,61.34582675101349,592051.2230935628
2023-08-03,61.20927648140096,61.51939279043976,60.71039531025433,61.22486753924947,61.208857546752576,174576.93928616663
2023-08-04,60.81771138109096,61.33565721664117,60.26639434249618,60.81612428037655,60.8311246148952,689537.9765597183
2023-08-07,60.95264921726043,61.0811142301222,60.45486720602217,60.9151552397238,60.92259709954303,117211.26228026388
2023-08-08,60.03378377403972,60.32366875099104,60.024101871864666,60.05460975879591,60.0395207456933,361868.4886520976
2023-08-09,60.50784815714965,60.635010054716666,60.53001202133037,60.60016443331192,60.61727254588284,399253.856766938
2023-08-10,59.908330880530336,60.4037193621196,59.81741432202374,59.93962823115468,59.93465490912666,0.0
2023-08-11,59.565260184227775,60.10332944721483,59.11141116207154,59.568422639994594,59.57080414200704,116858.28256573332
2023-08-14,58.91450834031686,59.27687205134399,58.61147869321507,58.854923473104286,58.846635753289874,133879.7021393399
2023-08-15,58.121853991817424,58.37521094596479,57.925226716996086,58.14492956897866,58.1234942220589,226473.45012242484
2023-08-16,59.6732838357981,60.10106008500524,59.429132500486766,59.61014426631574,59.62679374391936,421292.5170659242
2023-08-17,60.08502077880601,60.14177777862,59.799413187169954,60.10739268114146,60.1163868654378,262971.6243200223
2023-08-18,58.83235843415866,59.34209079188076,58.821086488456366,58.86871387541497,58.83817730093112,357077.1516603462
2023-08-21,58.30956722299886,58.49605205456821,58.12372705658003,58.22950550025558,58.23567144775953,655220.0150532873
2023-08-22,56.41598539983124,56.56150563683926,56.29285305097383,56.449517620535815,56.42620691607775,691950.5704175314
2023-08-23,57.24685869511187,57.56110255351813,57.30440583736868,57.35600348326709,57.360451854117,268275.6474018559
2023-08-24,58.66427300039666,59.32486036655232,58.42610148627627,58.589281420309135,58.58531041837717,460643.5008412917
2023-08-25,57.73801322122792,57.9152976927204,57.62476606353662,57.82159836170499,57.8291479042795,311256.76071777963
2023-08-28,57.78831352504413,58.04682925599343,57.42887962191762,57.78069407219665,57.796208532234935,160505.38307941702
2023-08-29,58.88755786766588,59.18283734806699,58.812941269934505,58.84687288138597,58.86907730941429,879130.087046529
2023-08-30,58.423551397993904,58.70250908588126,58.09772921881535,58.34970457898981,58.36757275062935,218330.01474142564
2023-08-31,58.48250505675636,58.87866383346464,58.35804822577726,58.47564221835989,58.44777970618571,258741.0384419672
2023-09-01,58.21451218446662,58.64293021088268,58.19909373240171,58.30772837158469,58.31086924396938,253078.30124861104
2023-09-04,58.88337965165107,59.012253122596725,58.68183014870403,58.84040948349752,58.87104988689884,305476.9611563617
2023-09-05,59.54735093991601,59.75073230200086,59.37561542889033,59.49892864405851,59.49117588423637,157553.07652366883
2023-09-06,59.6635725576001,59.678466423030144,59.30220479891289,59.65769680373963,59.67198622193636,504388.9491696291
2023-09-07,60.23341968162482,61.03922927920937,60.28300128145149,60.36984278296233,60.38561284136875,380161.3290209128
2023-09-08,59.92943657014877,60.38490693398349,59.89999748373079,60.00777969011032,60.00266743048945,1596174.9138318065
2023-09-11,60.09993467398135,60.36611708144324,59.874930668637,60.08949079468823,60.10665812205532,179752.31348164656
2023-09-12,60.34807978059159,60.38820663469783,60.19909492504204,60.301035281284605,60.30770200696916,78171.17730707112
2023-09-13,60.41078974603063,60.85697733479929,60.01545787866695,60.45821407863184,60.46659582215548,435597.93523687386
2023-09-14,60.86858046969376,61.12525750300114,60.69947071648015,60.762119670319294,60.75578846166643,726514.2909628286
2023-09-15,59.096948191530366,59.12259137304045,58.4786352219308,59.0062038854994,59.01786448201529,349237.23198168044
2023-09-18,60.07405001343197,60.11980052080015,59.57759426716847,60.01316122376088,60.02474125083402,313851.2925171839
2023-09-19,58.67976803664305,58.721832493259726,58.62953481621639,58.68052358129784,58.669290865983314,784308.9562498768
2023-09-20,59.31624586426864,59.53717860588608,59.202035368322285,59.27336260089127,59.25668237730656,398742.4416664793
2023-09-21,59.65596152124326,59.7686701719331,59.410996882565136,59.66979643122585,59.67129416787496,448708.3275134277
2023-09-22,59.5846066540125,59.997512617485775,59.5656351883939,59.68600351797158,59.67563701035867,625034.2511860545
2023-09-25,60.20451832515369,60.33787044514664,60.002847229916895,60.115626141139686,60.12682067601983,132576.67913942915
2023-09-26,60.77143437134573,61.012703923351566,60.67455077626934,60.75675013796808,60.7561603292334,292472.84696572064
2023-09-27,60.34234399381323,60.735549840221225,60.25218648777665,60.38315899518648,60.37224774632552,221514.29870629037
2023-09-28,62.50055583990565,62.728917342008494,62.19820159639925,62.60059751589517,62.61854539571191,171255.57904344614
2023-09-29,61.62917843844671,61.87399333910439,61.3875544740569,61.57879201004732,61.587512313958,189070.2425094041
2023-10-02,61.021875762736094,61.33417388535306,60.67888602036117,61.01504173451149,61.034133859703424,408355.05488967896
2023-10-03,61.60962981891113,61.591688610995625,61.3640451031929,61.56803530978758,61.54803580935097,122492.99034141457
2023-10-04,60.337527411701686,60.48694929447839,59.660475860492326,60.39973495715548,60.40780864132282,196437.9018972939
2023-10-05,60.52695644370287,60.7041574291458,60.11918753738062,60.50976948762983,60.5096361642988,381872.24999871984
2023-10-06,60.720332278945975,61.13738086377547,60.315315856196825,60.65705619510404,60.66379317044463,395901.3690866533
2023-10-09,61.04574016420944,61.03123185145751,60.934914262545256,60.99350762642231,60.96147087530493,779667.6107694595
2023-10-10,59.92290979601153,59.99866949358815,59.7473299482626,59.914078249923264,59.88014586524461,578440.915456567
2023-10-11,60.897885214552616,61.13344687886342,60.70287450336056,60.92958572480944,60.92093033703378,219901.9844071973
2023-10-12,60.08870811095188,60.40066386652967,59.94610783978533,60.215192207299104,60.2318863226081,145053.74594474433
2023-10-13,60.54317010877953,61.03244235081121,60.1711295482241,60.557729387846194,60.54483819979694,170006.67267181372
2023-10-16,61.49465208045056,61.564951269995305,61.31861050854225,61.548594095529815,61.58539700152173,133870.08773246105
2023-10-17,61.30624191797008,61.566345570972494,61.27471611441349,61.3242051592777,61.30388991721478,585093.4125294783
2023-10-18,61.39858798271456,61.80705824264349,61.32314607529698,61.38932563686637,61.3891929111478,230230.2806588159
2023-10-19,63.2103680763601,63.221206727611225,63.148707444163584,63.19820133954263,63.22173886125406,180365.03380555628
2023-10-20,63.23618672782157,63.9200663474792,63.11609236011554,63.3336048294191,63.33312269689806,318890.3110287352
2023-10-23,62.537902342604,62.95891979804029,62.460286312975136,62.53284438185152,62.53866916057138,557639.1337755204
2023-10-24,62.72455591851838,63.05313438129189,62.714398890043626,62.780060573303736,62.79190963597095,384275.5375461215
2023-10-25,64.11904189093056,64.24037733653518,63.75363738268424,64.10263963151166,64.09334959067525,203914.8168217749
2023-10-26,63.58018492877117,63.73981051418635,63.00514141586821,63.60011606442617,63.60011904242821,266443.74294974114
2023-10-27,63.3299640116071,63.414475759286745,63.051392637124415,63.31217694318683,63.29114009416378,631890.9997561184
2023-10-30,62.83853029113995,63.18100170120396,62.55877830257961,62.849410731177336,62.8013330634545,385997.7581757045
2023-10-31,61.89350508006109,61.83792771367283,61.38246055352278,61.81879553326373,61.81100011638167,248093.0072601213
2023-11-01,61.00826129043077,61.20140724160997,60.70748942382978,61.04954423085936,61.03099498701642,225754.646276835
2023-11-02,59.7955129095365,60.20791783572311,59.7622482042513,59.83024470963651,59.8343077806962,157455.861782685
2023-11-03,61.49983283868068,61.85982152345287,60.76598158326529,61.402156851943325,61.41128569262044,506017.4010571487
2023-11-06,62.0367691993767,62.21557245037504,61.65583727057534,62.08268344018862,62.074705701078685,308080.0313346949
2023-11-07,61.464343782198654,61.49960326811264,61.35876800444096,61.40008194268993,61.38970701123326,190162.96299002584
2023-11-08,61.23903275908419,61.30363269129586,61.04757335505548,61.26948702973883,61.26101577704399,154385.01238128712
2023-11-09,61.20586149181424,61.417347025937445,61.11833702056966,61.160079759693,61.14451357157865,107830.71818245198
2023-11-10,61.10546406340171,61.85644932377445,60.87905055711876,61.09039747147981,61.06897837510461,405223.36524726334
2023-11-13,61.19940008927908,61.2066757523684,60.93289385567831,61.15769693582315,61.18565972214599,341694.29561643023
2023-11-14,61.35231388911223,62.025308987727584,61.214753079271865,61.39957530981783,61.41177343597072,219554.88570143143
2023-11-15,60.41327636906482,60.68747129187224,60.04763521790871,60.31678446850936,60.3084438319859,149688.1803874306
2023-11-16,59.652073445202056,59.99405276695525,59.57280993696816,59.62584424070899,59.61613886493574,280804.8951682434
2023-11-17,58.97646202930482,59.45907781203167,58.87849949882457,59.0572111346968,59.05361324413194,112748.32075963108
2023-11-20,59.05386261872346,59.11799018093135,58.63245084532749,59.01927446276315,59.04179470038029,328237.2038901302
2023-11-21,59.649876387412526,59.81098711796376,59.67936026962564,59.70025822998364,59.66811174074488,252903.24054998416
2023-11-22,60.378405456609656,60.72793460457343,59.96664426531444,60.22037966725284,60.22426554967537,256112.38343176825
2023-11-23,61.14773656765661,61.41387828291523,61.04021699696116,61.28763989767437,61.26585711297209,205399.19093470305
2023-11-24,62.3105254649098,62.54480549314588,62.014203816826296,62.35377945635851,62.360584553528405,251649.6601385363
2023-11-27,63.17670412586061,63.4873413818867,62.58399320040482,63.08983957371337,63.08875959632871,161056.22796541158
2023-11-28,64.21513198020797,64.25632201669804,63.61135152133996,64.17889924865436,64.16736539390466,302255.5195883939
2023-11-29,63.96581534810232,64.55066986415534,63.64828209414917,64.01674258659543,63.98920544785737,556060.9574039326
2023-11-30,65.25409105399443,65.5474543969388,65.17867895290702,65.27879767476065,65.25678123385022,193462.7180590086
2023-12-01,65.63178976551377,65.84579379178616,65.06129652051777,65.61114463046059,65.60684822216409,230617.8715921805
2023-12-04,66.50400152411547,66.86297258505219,66.13479544527264,66.4544549103734,66.42613331619259,402590.826515988
2023-12-05,66.69115511271787,67.28203583432628,66.38859927887935,66.61640694744818,66.61799786044172,510707.0806792596
2023-12-06,66.52886895261774,66.73826822960902,65.97024716050615,66.49991941240813,66.51560783394814,705218.4025907499
2023-12-07,66.95518291519407,67.35490184510667,66.80817309892697,66.97787082518084,66.99291360045444,162034.34794634473
2023-12-08,66.15210418242411,66.69049144285479,65.79575143301615,66.15130292962776,66.1478844359528,457050.9695418
2023-12-11,67.24649985708226,67.5163197363977,67.10560551580161,67.23209292391707,67.2824633705005,704475.3427331566
2023-12-12,68.67970691744615,69.12011007271923,68.66670462221074,68.78471832400969,68.7874935218942,182685.68789361595
2023-12-13,71.03860878298168,71.06560397399741,70.79739334055547,71.02805927992327,71.01059061906494,303323.2705169677
2023-12-14,70.44439135428112,70.91340213568749,70.10829588521281,70.5028853013641,70.50035785228266,525661.1131972623
2023-12-15,70.68346944008634,71.33618353226468,70.10701926960279,70.64560970919557,70.6390170378257,445914.4384645585
2023-12-18,70.83485358002642,71.58663543755549,70.84987073637244,70.8893705309148,70.91663708926944,681214.2324771148
2023-12-19,71.48959204641206,71.56253713071811,71.44030618316194,71.51666191820561,71.50769638341718,280523.22585269896
2023-12-20,72.82898230468172,73.11815372943545,72.62530377565105,72.84030123208697,72.83536727162154,87244.3242816106
2023-12-21,73.04742276262212,73.21426624910863,72.99354736125491,73.06739943926591,73.05435249746074,388095.7362403953
2023-12-22,74.87701543275558,75.33357842595619,74.53386055285195,74.8571563639841,74.85169483631292,147337.928730896
2023-12-25,75.93425014129579,76.31705495427781,75.3182623983181,75.96837790585093,75.95745197376704,332161.3130673639
2023-12-26,74.92288785043296,75.33907291330252,74.8666779666902,74.89765545287754,74.89859774102635,523681.2157070607
2023-12-27,74.41060603962505,74.9007272117718,73.57265328113603,74.53950616390183,74.53607333430446,700609.1577964604
2023-12-28,74.6851848110711,74.9252280279341,74.69329434858105,74.76105882285036,74.76731315717271,229081.85720101415
2023-12-29,74.45110235817819,74.62596710774007,74.24246400177242,74.45016866150699,74.42452666572922,155687.76088929048
2024-01-01,75.18676112007985,75.94090690836626,75.2347474247388,75.28506722312495,75.2434816113205,146393.23112781154
2024-01-02,75.50002869927148,75.62516299112974,75.27507780838543,75.46870750448159,75.47593377107357,146873.3268970173
2024-01-03,75.33295969506656,75.66801172201856,75.3268404495704,75.46238516943671,75.43985682489865,661363.0384307556
2024-01-04,75.19455129214812,75.16993389521036,74.9011069189731,75.0981869538678,75.10806946017073,639844.674011394
2024-01-05,75.58911651713188,76.07129200727994,75.17272508449392,75.52643120011507,75.52855729029383,290672.018113931
2024-01-08,75.36132120107726,75.57156109972762,74.60225769224915,75.34195216023609,75.36573917886106,222850.1562909632
2024-01-09,76.06319306542848,76.47952393494305,76.04237317987389,76.09793447512494,76.08755394953418,216102.5329691161
2024-01-10,77.24685136670735,77.51235678589104,77.07052269546381,77.20463805324607,77.17164725648203,299117.2565160281
2024-01-11,76.7327188854503,76.99006611104153,76.4904542809078,76.6754463847726,76.66103889169587,384764.7819039049
2024-01-12,76.52089218123703,77.32932340134174,76.13278586115399,76.59117257216487,76.58821123903965,334160.4560853105
2024-01-15,75.98949053252775,76.46426412424667,75.37097678689699,75.99899484286118,76.02749117791159,181958.38091767445
2024-01-16,76.11351180894582,76.55166876544443,75.72685216327064,76.04247200060273,76.0486170225526,324230.73897532333
2024-01-17,74.26753390097471,74.86121182649693,73.49102232742455,74.32178368190405,74.35472889453285,105131.93488425658
2024-01-18,74.76393647540223,75.14938587935477,74.70015403181209,74.71455290803924,74.71782540241944,561547.8618678316
2024-01-19,74.98628824357064,75.11397735045524,74.36569137454363,74.93962751167615,74.95808328968147,325525.7933294437
2024-01-22,76.57253945176068,76.88335260954217,76.58287868480998,76.6535277517258,76.6758858826575,542969.4473192093
2024-01-23,77.41018653531778,77.86857721801289,77.07631983659452,77.43793929941997,77.44972197089686,1574334.0415287092
2024-01-24,76.76462590906611,77.01397755831235,76.36822169743606,76.80533376863396,76.78911182631084,424926.1580434139
2024-01-25,76.28189881484029,76.42485263159428,76.24341000876001,76.2650208963498,76.30628440121993,279409.3154444911
2024-01-26,75.58010258797401,76.01699984531908,75.58908522739769,75.62252923896924,75.59030440037526,758183.820664266
2024-01-29,75.17141307179088,75.13647810873772,74.77343931434136,74.99942645757488,74.97766842377506,165661.88934655272
2024-01-30,75.02483209659242,75.561006757488,74.70057018974589,75.02378760046447,75.00089396516704,284336.7918648965
2024-01-31,74.37248954527794,74.35349403566352,74.15619132432258,74.34099276109774,74.33022464527622,527145.8764892984
2024-02-01,76.0536882043292,76.31497996937202,75.46358930356568,76.0872231352258,76.09493089296912,349198.82478918694
2024-02-02,73.90812840993368,74.34256265995354,73.3352671037415,73.93278192065374,73.9585696524318,272034.9871566011
2024-02-05,73.93418100140828,74.06888081440707,73.25636523945806,73.89182224559303,73.91746807812389,72838.19089045827
2024-02-06,72.44816271441562,72.46309308259758,72.26735674314679,72.40933162464441,72.4072172349599,524918.305647413
2024-02-07,72.57207049456242,72.78330866503609,72.05532932722025,72.58915770708983,72.60625945882252,620743.2549244579
2024-02-08,72.49897850399479,72.4468184439689,72.11812962622393,72.44271681028793,72.41475751919515,303764.74737824866
2024-02-09,71.46807962842644,71.6921176367597,70.71220779735354,71.43134737172244,71.43116649084313,388673.0310446769
2024-02-12,71.28729331915635,71.80370562932487,71.28702994489537,71.42551448719668,71.4269759567354,549720.0723265345
2024-02-13,73.35052719097489,73.76245136135418,72.98546134099256,73.35901172917201,73.38187793596389,301288.92354944453
2024-02-14,71.5367233860022,72.06777876095461,71.31465726512889,71.56340456766324,71.57503346715426,186549.48377930163
2024-02-15,72.07829201327394,72.38916731713681,71.76961731573296,72.07915643467054,72.10677477842083,343096.15566362254
2024-02-16,72.97594396573228,73.54102189889528,72.84583890334281,73.18015611487877,73.21032217498009,211973.73305003
2024-02-19,74.10882154518708,74.13279365228634,73.90364624265455,74.06564936878813,74.06364994662569,320603.2723211796
2024-02-20,73.09159963222395,73.4730590414503,72.93273478411385,72.98046760381062,72.98114332520316,795657.3892070602
2024-02-21,71.78448001275615,71.85637555612105,71.18878188279376,71.85042919200066,71.85042919200066,497014.0764775672
2024-02-22,71.34434802629144,72.28090288662752,71.17789958231967,71.35160917104264,71.35438129006863,217903.97023668783
2024-02-23,70.56014900874406,70.86014024178482,70.50233928389765,70.56531369909382,70.5846234739851,124173.02974573572
2024-02-26,71.95288519633421,72.09670532031411,71.64763522581292,71.89796765279482,71.89286185929667,378190.36526348745
2024-02-27,70.59543769265149,70.91098853645478,70.38937479676655,70.48342618584786,70.4846841003169,317051.0496576112
2024-02-28,68.93954063388665,69.28616932332493,68.71259464571285,68.84244827604257,68.83625804727912,275694.33060587104
2024-02-29,67.91189366026444,68.12347684375912,67.51489327978344,67.83474675647966,67.83168167022134,672345.3190820105
2024-03-01,68.54098830316819,68.51478099017517,68.09372720676393,68.41134360578702,68.39978273335444,381754.6584712053
2024-03-04,69.13144579111353,69.23435098867563,69.12084979275552,69.21255280546157,69.2040535439081,266991.46321004693
2024-03-05,70.35245265986866,70.55104327610594,70.38671899582674,70.38899384482046,70.37887744316279,149634.9304700372
2024-03-06,69.85050178403262,69.87724949345967,69.70155432337874,69.84292066715771,69.8147983278142,130588.37690053316
2024-03-07,70.10355641219961,70.62987492248021,69.90690976068994,70.07623096738419,70.0959292488289,243413.5705454944
2024-03-08,69.86819981649191,69.9857079184842,69.29488191319611,69.86176142463638,69.87175717261395,320920.39654040005
2024-03-11,68.01144427878,68.12435066175738,67.95032243519621,67.96360991187186,67.97233666206962,160133.8980931633
2024-03-12,67.83350865467564,67.97059497215326,67.53488246497787,67.87074040936537,67.84418323545026,229959.98919669175
2024-03-13,66.17138176988055,66.43713371000727,65.80386473289653,66.18878706279952,66.21161342013488,392591.2752789888
2024-03-14,66.15059805779515,66.43139702473293,66.03407160554056,66.14189239371193,66.15685918319724,499968.5456900256
2024-03-15,65.29319063922733,65.60574978877275,65.08983869266216,65.25562249893991,65.23745984224774,382406.9002880131
2024-03-18,64.91040706452644,65.149316265865,64.73141472317572,64.90247749569612,64.91653519034031,314109.27259998163
2024-03-19,63.80816364684353,64.05459815606757,63.60981608606881,63.85056835049266,63.861148387031854,284456.4075017094
2024-03-20,64.09010208549972,64.33011552186238,63.60710659474421,63.97064281797792,63.98386720394138,239046.64869838
2024-03-21,65.25154909656892,65.68770724496736,64.91529333143467,65.27149260173778,65.25103479621609,380610.5428871131
2024-03-22,65.36525326796333,65.57979516001453,65.07792183891586,65.42537663234164,65.37758500134817,209363.93530153052
2024-03-25,65.8854732378705,65.96867394708109,65.79058264015943,65.79096434498598,65.77612693266076,266311.52707056137
2024-03-26,67.05955830752413,67.3590145087193,67.03000620657777,67.08083306336506,67.08844248916017,230872.29873081707
2024-03-27,67.4948253702014,67.62229255655654,67.23050362473525,67.50173601965929,67.48590645403564,167206.26052010027
2024-03-28,69.20167201669827,69.18096442998237,68.80618593503081,69.17680260961575,69.1946386891499,339584.0496099123
2024-03-29,69.27124959700808,69.22413855675866,69.18262451143671,69.21615324217333,69.23864592733199,215609.80338916052
2024-04-01,68.33398382943604,68.41639304388268,68.13137655334134,68.39448415962006,68.42859926745476,1469277.1576670385
2024-04-02,68.19916089823586,68.31187561283254,67.80087879978834,68.1647555167789,68.17624509337371,455232.29718993953
2024-04-03,68.56182378852158,68.72348780110649,68.39947207117005,68.46141732141807,68.45020105532005,491857.5132357684
2024-04-04,67.54995396839689,67.69964651307865,67.37791478876937,67.66410447445953,67.66460133461668,491220.65876254445
2024-04-05,67.21518671590215,67.25038610399146,66.89050603326156,67.24239974269513,67.27175625412366,192067.39553442865
2024-04-08,65.87074337782921,65.91482211267568,65.52048039229867,65.86711861786013,65.85064637977071,181215.91086182615
2024-04-09,65.17193946513694,65.36576569236074,64.74004752822765,65.21678098598102,65.18224001551528,308866.6421490767
2024-04-10,65.43674470728787,65.60756039286042,65.35985449413427,65.37271412686759,65.38443663676728,598129.5968865851
2024-04-11,66.8089954560612,66.89763071494774,66.41814246765524,66.78630866870293,66.77379996126982,120790.5666662911
2024-04-12,67.61426024041977,68.24185906621491,67.56633176203557,67.62079567063945,67.60129352343937,428721.84685712913
2024-04-15,67.7051249535921,67.83461875406623,67.58016453687438,67.69391510999617,67.69536235003096,210901.8334231786
2024-04-16,69.46572641920856,70.06093102553093,69.10827539503241,69.54530279127087,69.54000733099109,356195.9826181959
2024-04-17,70.7105331710793,70.908965104562,70.22531721817245,70.72650214115184,70.74624918482887,680298.3302588772
2024-04-18,71.15520455115322,71.22597295195449,70.84743454125802,71.19444496061338,71.1961408206072,373668.64819605177
2024-04-19,72.14313674600811,72.3846926559025,71.87014995155113,72.31525373429302,72.31518018040494,283867.97661145584
2024-04-22,71.5533811875186,72.17731244635198,71.46054107652246,71.46743173729607,71.48447598748744,155419.23114575702
2024-04-23,71.47630102994401,71.55987476813576,70.78966948543786,71.44516561175843,71.47138983866097,156972.11338895696
2024-04-24,70.75825830784052,70.74639043580238,70.53744757984917,70.69814822336919,70.68952103229319,245213.3898546476
2024-04-25,71.48022858511635,71.51894515536304,71.43832903021051,71.49438686909386,71.47120236803214,316161.435819026
2024-04-26,71.2334158604411,71.5716474325799,70.81864891925015,71.23482802095575,71.25589029066577,657548.8364589817
2024-04-29,73.35724602133747,73.36985667924132,72.55227371656358,73.27806169452823,73.30696859895276,378416.2998805228
2024-04-30,73.41944586416572,73.70754004912456,73.40587179388855,73.4549518145857,73.457466717097,191343.3332735364
2024-05-01,73.62226169776937,73.63174227801782,73.05460216471653,73.55015987880165,73.56498668083455,216409.97515839807
2024-05-02,73.08837684220266,73.22252522420953,72.66851267171518,73.02699116817799,73.0335415954283,478235.8144748156
2024-05-03,73.20978807442563,73.62396283129748,73.07767688168121,73.1469901100727,73.17551162175661,409913.3980884838
2024-05-06,74.01672607439117,74.39953971263184,73.00909001510155,74.1156147804665,74.08769570704465,309436.20114080503
2024-05-07,73.31881574300584,73.49536745714649,73.23088469649974,73.2448036839547,73.22926883336152,678304.4356826349
2024-05-08,73.51962808495324,73.47749582250549,73.24325218337255,73.39158979266116,73.38564841395998,1567898.03868885
2024-05-09,73.09328550696162,73.22340069127665,72.84880577822337,73.15905122164162,73.13670317911776,61937.00333702472
2024-05-10,73.2335558369059,73.85834658672051,72.97246109464382,73.15513646873282,73.1663148573729,331138.8130886768
2024-05-13,72.95460368153483,72.98710867359964,72.87638514076757,72.89889854841958,72.8857210167488,151098.9213426508
2024-05-14,72.07132843761032,72.266422400148,71.82283631181416,72.03524383526914,72.0121365770288,198954.4357148999
2024-05-15,71.6417744245136,71.82598027325021,71.4146789189742,71.6527225877202,71.62717637031307,471522.149836196
2024-05-16,73.08768137207814,73.01537652203898,72.58013921879734,72.97868798855836,72.97024444629243,162885.74770314473
2024-05-17,72.5351906040869,72.62865821690787,72.2974577141591,72.57633820133267,72.55417716204244,224059.6712869797
2024-05-20,72.47905516990036,72.68806599776102,72.3718752511715,72.43190246598796,72.43047987312896,234395.2890048165
2024-05-21,71.60541127688882,71.58964219517871,71.09778859368369,71.57086252137462,71.57641511949357,143479.05699468884
2024-05-22,72.1371718130337,72.33100999516462,71.9549003287945,72.06048274608725,72.06071604201837,327021.96239687625
2024-05-23,72.88407826629742,73.09644558953626,72.51177583253862,72.86701909872099,72.89520570222894,308084.6395008262
2024-05-24,72.64627734148527,73.31379490378094,72.57642883187071,72.59258835942224,72.61397359220555,273788.91683835303
2024-05-27,72.16563817533009,72.19103050342096,72.13291254994891,72.1522326554725,72.13629127408225,374113.313477813
2024-05-28,71.76901066504632,72.03022296667163,71.55792641013849,71.89328664801798,71.88022487042633,742462.9139382319
2024-05-29,73.20140227797467,73.84898239305465,72.70055672404331,73.33966004737162,73.33071552617619,254814.24047808704
2024-05-30,74.19144306802161,74.3630615835309,74.18827560153215,74.20863191447454,74.22047243964646,217993.3263883284
2024-05-31,74.35643728968864,74.52519333433192,74.00783109391541,74.36350829398059,74.3725716863272,319983.19346716005
2024-06-03,72.37728754834178,72.67643340885947,72.39424657885498,72.42358752553751,72.40535706746158,621952.0726081618
2024-06-04,73.35581461093868,73.40469521287852,72.31741726285424,73.25388270899369,73.27386425518054,353521.6448860277
2024-06-05,73.08335374806055,73.39000424425434,72.87829517186536,73.05403281084565,73.02977935133374,122505.07571117366
2024-06-06,72.98348278347903,73.65683844989586,72.74999502767643,72.99036838450837,72.99991003786042,293334.9901421551
2024-06-07,72.5096389787413,73.10560755941262,72.0940031205498,72.47363331001354,72.50130096336162,211739.83628043177
2024-06-10,72.26346911234765,72.86774769081225,72.15282543751749,72.33801023108028,72.33783777401304,114332.73700910468
2024-06-11,72.27056533713062,72.33782630940088,72.28998259610012,72.30550860264358,72.3100134572835,233854.7358356303
2024-06-12,73.52262947467771,73.79144035752053,73.01694384335588,73.4542422587294,73.44447931490312,281573.33386025066
2024-06-13,71.47943847084419,71.52314376002317,71.40151675012358,71.49841062071702,71.50053070617805,594464.3081832279
2024-06-14,72.00041457970976,72.35170246011856,71.84563547612697,71.9100064645718,71.910852736447,874097.9925148118
2024-06-17,73.60202704728579,74.25669188211329,73.1033148663617,73.51180678634535,73.51695795956861,343892.0043570239
2024-06-18,72.93460081768418,73.44281894906025,72.70480790460601,72.97908347226424,72.96416731379735,304049.1149372616
2024-06-19,71.80001680772509,72.10079843984788,71.38139855556402,71.7702121810209,71.78203338049967,163879.68761969393
2024-06-20,72.07044698398968,72.45657736458219,71.45313713546759,72.1503190164475,72.1503190164475,196782.8027367989
2024-06-21,72.50786156893955,72.77520518800947,72.49035016414065,72.50281340869459,72.51773837167752,129260.45500954482
2024-06-24,71.41581197274053,71.51680563436071,70.98433461735648,71.3837220021893,71.36132070867899,805991.8548062715
2024-06-25,68.96377213752255,68.97114521134962,68.63490675239215,68.8615354125372,68.86400628055921,116832.06368483488
2024-06-26,70.11692720779133,70.29432527665938,69.3219222879017,70.10199815754318,70.10267006462443,250702.2970188332
2024-06-27,68.96613499369799,69.55733529986482,69.02873955198957,69.09215313776697,69.10199084523823,557006.2086971898
2024-06-28,67.64467174040554,67.91937944648187,67.35492796573371,67.59036831993319,67.5425407765783,201820.1085412232
2024-07-01,68.91153248443197,69.0857321725726,68.82371129453315,68.87322201039568,68.86400157533362,345568.23901864985
2024-07-02,69.26552060094534,69.59695289961108,69.13975144833857,69.32214089400571,69.29873735121113,389926.7393428367
2024-07-03,69.70871972111827,70.0544308590109,69.2153643497892,69.77705597663999,69.78302399585924,0.0
2024-07-04,69.31733776927544,69.31902626223899,68.79161664585459,69.24079804714482,69.23439270539656,215153.43598809067
2024-07-05,68.1857065069855,68.6232038637128,67.67669403278356,68.19741611588326,68.19438393912277,123743.12844256774
2024-07-08,67.96570869591955,67.89448933189963,67.66357395310591,67.88203331610292,67.89817998608964,214503.10821597397
2024-07-09,68.17109074350084,68.57660055041444,67.75313739405149,68.17887120850607,68.17111681830823,239470.27389566723
2024-07-10,67.2642916643128,67.93617711185725,66.98602530719724,67.21224650252265,67.22195133808734,457100.82197643066
2024-07-11,66.84049231295674,67.20931447724777,66.59943620720645,66.69370237209108,66.6861839005853,261739.7485947841
2024-07-12,66.8086681126268,66.86300225619979,66.436759535399,66.74518973012152,66.73937912922523,447854.9234894503
2024-07-15,64.94707141760493,65.01436179772692,64.2505916561203,64.92617823637768,64.94413857523833,382512.8960343735
2024-07-16,64.99808252964716,65.21993895772492,64.85731921547041,64.93495798771748,64.91565227980499,940000.0157157576
2024-07-17,64.36114748215472,64.52907826629925,64.28437909843193,64.34082277482348,64.34548516216597,490964.0995242731
2024-07-18,63.68735334292393,64.08697839694096,63.46291707549516,63.72624319764281,63.72936397737677,293077.3905098155
2024-07-19,62.99239974445356,62.90135499369274,62.50718573491934,62.89943673929067,62.87294771439333,568552.9720340968
2024-07-22,62.71414472511729,62.88349543663964,62.75783765409995,62.79458909375828,62.789807335188,442023.487775144
2024-07-23,61.95970187298393,62.15059273698221,61.312234067242144,61.97692266327835,61.98178611189176,144757.056475904
2024-07-24,62.45462373999941,62.50311135867318,62.05664831491765,62.41950700340524,62.42607993647874,381101.0998059642
2024-07-25,62.09219815129168,62.07481936186303,61.505319804051695,62.071403925076055,62.0869968950193,118431.35635804244
2024-07-26,62.427387878708814,62.50638226734349,62.27910958486531,62.431296053953375,62.4353970159404,169610.94212139843
2024-07-29,62.31583529792592,62.47868954152365,62.22690444571659,62.32545082818412,62.34608460288306,141639.68183724006
2024-07-30,62.075076481130736,62.6051710218013,61.61148278953311,62.02487247829669,61.993104960016126,283981.4070416096
2024-07-31,62.03978487465559,62.4161092515806,61.84155001982984,62.08167740799905,62.09861225479609,247775.80722852168
2024-08-01,63.00828900324771,63.12945821416773,62.82066361840688,63.01441680270396,63.02803582142943,372766.33720223815
2024-08-02,62.93640922093341,63.23999941485414,63.03234270766966,63.06321015674634,63.0728844898611,151973.60365288577
2024-08-05,63.85598792965439,63.84748029359916,63.691211578185694,63.820036958649226,63.81037063567805,150492.61054319862
2024-08-06,63.81839777788409,64.01130598519887,63.723439645912656,63.9346363231388,63.91803653647079,227275.1882609384
2024-08-07,63.33303693105246,63.47967004221808,63.18376094152507,63.39324734941646,63.38752013307616,566539.288469457
2024-08-08,64.16125380525165,64.19457927163747,63.92775747627619,64.11932856327273,64.12010266672918,107338.83973975784
2024-08-09,65.37418228913208,65.66280398124843,65.50823049358449,65.52808315663162,65.52258651450364,190617.67107088093
2024-08-12,65.13753452171453,65.12996449459344,64.84801049344543,65.10887460308432,65.11672349613495,173247.22948305254
2024-08-13,65.10627052168499,65.15046744187724,64.81004069460899,64.9124770227886,64.8853977112121,857876.8533372199
2024-08-14,65.84201655031362,65.93815246389302,65.59167272497257,65.83828639367341,65.83060664429013,123778.82783704164
2024-08-15,66.23137892710876,66.91016975313183,65.6398160650231,66.11177577013228,66.12448685980928,486353.4309186792
2024-08-16,63.69150185085526,63.90925657913645,63.44698345643173,63.798218090367584,63.819924577462935,230957.51967894688
2024-08-19,63.32730943191213,63.54153213429932,63.17364044059779,63.24092193825617,63.21207580197597,270256.9819761796
2024-08-20,64.1633690643684,64.2557372885082,63.92269174163599,64.06648464609421,64.05156071615284,325010.9219980184
2024-08-21,62.017774075615336,62.34299903114448,61.572854388899565,62.05838052606232,62.03436113843788,204973.0401873302
2024-08-22,61.80937000360476,61.84017462218412,61.69642028282514,61.72980610997773,61.738862465140016,468705.1886770658
2024-08-23,61.482729391332406,61.48203154590128,60.690753787694,61.39675812512832,61.382102884524656,211236.5103570889
2024-08-26,61.095840278789886,61.18875221214705,61.0094164783955,61.0785937450115,61.07463387641496,295157.3178006376
2024-08-27,61.3169529286592,61.62896573357603,60.56171141823212,61.25822694104013,61.26269793620788,894168.9689158844
2024-08-28,60.76280845446088,61.29859609614216,60.423744023573406,60.760295949991765,60.718453946602864,358928.0063452924
2024-08-29,61.19373177126686,61.6291293279493,61.14707589380985,61.28432246147861,61.3006591261336,432649.5611917723
2024-08-30,61.30714916350017,61.39443079679194,61.12822188802459,61.25607102641055,61.25447993284285,368474.4198604392
2024-09-02,61.60537295454916,62.048903271282434,61.58097199454159,61.60699880475049,61.60665048956922,231924.8197841581
2024-09-03,62.26814723486899,62.471771984258325,61.949850828191,62.34818350592997,62.35298738201697,117752.19009756496
2024-09-04,62.094690944117126,62.25245595679314,61.78479220609527,62.16229510221158,62.12794181426207,342578.04344607616
2024-09-05,61.8815145587018,62.391860771216976,61.61241421515643,61.91846298929264,61.92697892642375,426494.0570229693
2024-09-06,61.83077580785511,62.006392572050125,61.655454991586645,61.97560578775513,61.99153300106339,182395.7609879848
2024-09-09,63.12493081197361,63.48080444088953,62.74250932504939,63.08511591874744,63.116922894489264,217814.66346780577
2024-09-10,62.30566177513551,62.29482431260541,61.72813382273867,62.26350174284779,62.266966392850826,265282.43067939224
2024-09-11,61.82994125208267,62.01421852669516,61.80302276358447,61.90069655732418,61.89604141130878,194419.124843836
2024-09-12,63.6254255154678,63.940024909536405,63.56296641322579,63.65481030150396,63.6756855803356,319664.1062210759
2024-09-13,63.1003960596008,63.352927368384805,62.77408834679719,63.05479581485535,63.06391870049187,233824.13278586444
2024-09-16,64.1835978599895,64.14552234166712,63.94671108965469,64.12594561324354,64.12362960421811,257791.6996991228
2024-09-17,64.46701485625661,64.51241973208964,64.32119474459729,64.44753685561578,64.43114223253019,250184.4114571963
2024-09-18,66.13142989602969,66.44330432285562,65.75293238854543,66.1381509410257,66.13708508479915,85292.42775926458
2024-09-19,65.8534725139171,66.07545485753542,65.82643981439765,65.8579511019671,65.8506917129019,454423.9629414789
2024-09-20,66.04168665809433,66.12025119087242,65.726902645456,66.07238237093459,66.06751439468799,106102.87900274488
2024-09-23,64.80362456460746,65.20664877967407,64.77388681019549,64.84118625574483,64.79673581793217,425212.1557119651
2024-09-24,64.85169116624509,65.05378725864098,64.46233893352438,64.81805121878772,64.80365569669866,226326.50716948608
2024-09-25,65.12729537375999,65.3441769500583,64.95199141099393,65.14433018373778,65.15612492335278,232238.78521261163
2024-09-26,65.13021697770772,65.67228857887832,64.97266994934233,65.32713028802631,65.34687984322288,589606.5673615804
2024-09-27,65.19327940164108,65.34121115505046,64.98345320167391,65.118177555209,65.10216118734787,349106.9084986807
2024-09-30,66.04337919121059,66.17488644705793,65.6281320889592,65.97045462218313,65.96955096989456,209880.6053876044
2024-10-01,65.54309836349368,65.86866313134438,65.13504504464684,65.49954610629634,65.51415292984659,266892.24909194175
2024-10-02,65.40672982253392,65.91855535137039,64.98126374155264,65.42247435183086,65.409143376958,233922.1153419657
2024-10-03,65.85821371885707,66.32680537364476,65.70412251750189,65.80775572763464,65.81513627549019,162724.94173220106
2024-10-04,67.59259539976442,67.83238769022105,67.57903961979488,67.65184893302079,67.65808384211914,973917.974440205
2024-10-07,66.73944870995518,66.86428510065943,66.59198274056962,66.69514368813581,66.685793985039,190703.98168643855
2024-10-08,65.8090213981048,66.06534087837841,65.63241864593225,65.78557386727759,65.82734402942745,259687.72599123287
2024-10-09,64.63101503576723,65.06703911448878,64.18711517661845,64.6490252498793,64.65716329031275,217677.8634496758
2024-10-10,64.94762302580084,65.07590320970631,64.60669312225193,64.9710073398325,64.98878097777154,152672.19804662766
2024-10-11,66.55002383628471,66.96928524764354,66.23798664167032,66.57359470355283,66.57922701239876,386901.9057319242
2024-10-14,66.4636148297091,66.60469582195387,66.25788538137819,66.4890303660307,66.48609130924602,369066.6832888808
2024-10-15,65.95713629891006,66.11145095029282,65.82306146081406,65.96577016637603,65.98928222032117,118521.4292397997
2024-10-16,65.16302014241352,65.63027156729768,65.03011016074463,65.32762261253126,65.33196528922332,116558.5433160486
2024-10-17,64.30005954669267,64.83095840281659,63.88442191960113,64.2822712701435,64.28659791759937,119844.63225815834
2024-10-18,63.74856115034753,63.65191310455828,63.42879831013293,63.64565783519393,63.66612025988032,285329.94246398914
2024-10-21,63.95139507286548,64.19557784605901,63.89375928712301,64.01011334309331,63.97469339049661,359461.4891596054
2024-10-22,63.83965878516708,63.977024930184974,63.77268813651701,63.91685374242456,63.89966681417112,301705.32799856475
2024-10-23,64.41002586669642,64.48535130696192,64.31491471451642,64.46998899194162,64.45129910071702,351753.80466138216
2024-10-24,64.78037395157342,64.99079210693252,64.65675167783411,64.74953691657214,64.73219698505919,104734.09040808157
2024-10-25,64.81746726382039,65.22533314881544,64.56970316961777,64.84265079782844,64.88707023237819,406708.8871639612
2024-10-28,65.09434699195351,65.46524186139422,64.850518707766,65.01234368309056,65.00515351393877,678278.3192183089
2024-10-29,63.9748154349232,64.38564308089337,63.18591154981505,63.90834246918192,63.901596287828816,370989.2904048015
2024-10-30,64.19784853115584,64.23859969657762,63.84844148416165,64.13959993881495,64.1376156196349,484429.30613619625
2024-10-31,62.85693032467459,62.93900569132255,62.58562939064265,62.91878483175107,62.9372864665412,586485.4291791864
2024-11-01,61.55510401801102,61.83516617447129,61.496015659031016,61.50839225259719,61.51972314677982,842197.0619050069
2024-11-04,62.11188142816069,62.12543483185826,61.7788331842651,61.980442304720206,61.979937260589736,167601.23092086526
2024-11-05,63.38513987591752,63.401943766412046,63.24667869699881,63.31731776902521,63.315907674604176,157401.73390565204
2024-11-06,61.76611916305212,62.03079511859424,61.47343317619125,61.77168949773316,61.76622317235021,108914.58673439515
2024-11-07,60.58477492644647,60.92734626738443,59.4892167850237,60.56045643826007,60.54494705925713,113536.27929830347
2024-11-08,60.9732240774889,61.115001180658815,60.86666939327024,60.90609883425083,60.91103369897253,204374.2916879496
2024-11-11,60.71931193846333,60.89363243869384,60.48546096420086,60.79615925705417,60.79154173232291,538861.7256295354
2024-11-12,61.48211966869385,61.64869731494735,61.2735149590469,61.50312101940868,61.51922466448661,162131.22707923883
2024-11-13,62.8990060894955,62.98222886191283,62.16443599133588,62.807407266962514,62.80883168175711,499235.1788877636
2024-11-14,61.63657659490149,61.78364777122529,61.11210968014367,61.59565629941249,61.57881824287715,569484.8255704135
2024-11-15,61.67353253238603,61.94814266081907,61.38046027650886,61.70806135346992,61.70363610558586,844224.3156575359
2024-11-18,61.10401250481658,61.22417435935104,60.711894841457074,61.04972840274047,61.04774086494039,126677.37532717496
2024-11-19,61.09313388390029,61.23951759943348,60.83317066602407,61.06082660411639,61.05014702939317,225323.636934314
2024-11-20,60.72579332633944,61.11611002941898,60.56379273726612,60.81561708127675,60.83438919177405,701818.5375993003
2024-11-21,60.99031879079463,61.3567496818225,60.58575398985114,60.950707773637255,60.939921132498746,173115.9721568914
2024-11-22,62.26696061570962,62.420391784988574,61.98056322547781,62.28271983579952,62.29262847859176,0.0
2024-11-25,63.20138834748755,63.43206946484484,62.75171412191759,63.19243512480568,63.2026197595156,141303.80656396988
2024-11-26,64.01130864937451,64.38590367050153,63.96037284168871,64.09788180422169,64.09990834854923,173559.65632791843
2024-11-27,64.2449179506955,64.63337038331824,63.99297031445903,64.28216807144565,64.26369437318907,219770.19819413568
2024-11-28,64.14692900020489,64.52829200836211,64.10541699750085,64.1917976817884,64.18074839476289,392811.838299977
2024-11-29,65.76160024537936,66.06974285852624,65.13283424075796,65.73927798625492,65.74401192476739,308300.1791902615
2024-12-02,65.01304299680172,65.23353921063024,64.96671110689469,65.076738722152,65.08683188625893,575709.9047972535
2024-12-03,63.67817429016599,63.606491368833886,63.450816408651605,63.58727583970557,63.587778562427694,317881.52918921324
2024-12-04,62.27743315279498,62.32155587737204,62.25313664142683,62.31924193737228,62.30478600631573,1060140.9306800866
2024-12-05,63.61172418528226,64.18161489335687,63.43531820157259,63.54260497813534,63.546910920511046,181994.6589398574
2024-12-06,63.13515739066687,63.27744185009596,62.81669032367079,63.15806255780704,63.14316206343961,175541.82500214968
2024-12-09,63.410479610846345,63.93645878354287,63.44324572114085,63.59410260916017,63.60284058873154,760677.5423659787
2024-12-10,64.06106513569645,64.12422596517436,63.65495307284856,64.01067496336861,64.01924923981933,172036.15659426767
2024-12-11,62.16769715999103,62.53619961433469,62.06812152768039,62.18880862629683,62.20478953127969,152034.61758365235
2024-12-12,61.97662668869518,62.12166688639964,61.88455338501828,62.01771415034253,62.026106684138576,574940.2451494627
2024-12-13,63.34588395037549,63.551539589994576,63.24859612657289,63.28426454728932,63.29355046678033,443707.57555171935
2024-12-16,63.85916377415532,64.3286276504457,63.874259742703465,63.90675676569628,63.875948410194056,83553.27993499448
2024-12-17,63.83644746695692,63.82485592814154,63.68952566085154,63.820661050196286,63.815385349037086,84897.32496788257
2024-12-18,65.68698087552971,65.8026150496424,65.49412447216635,65.66975327719406,65.6547471877206,191581.2608333156
2024-12-19,64.59144467414582,64.84278013163551,64.28316921254287,64.53550393846035,64.53315115995882,210827.60757937652
2024-12-20,63.19922999443925,63.5348620767353,62.74770099269821,63.132192584711206,63.11997042783157,313339.4508535853
2024-12-23,62.08197861671822,62.109890673532846,61.826361546694976,62.04582345078729,62.04087180928635,160852.00070209382
2024-12-24,62.42856382443786,62.602729410518045,62.45149456540033,62.453205734580266,62.43444430948824,324389.50482262205
2024-12-25,61.01411090649776,61.27681991799832,60.78433303284947,60.88684797404666,60.88576345187309,179836.7367251646
2024-12-26,59.46956474773895,60.304502113330855,59.509900566549625,59.52761024446752,59.52678233618567,616298.6201161728
2024-12-27,58.19860470191889,58.12588162668148,57.93359470793705,58.00943773984548,58.01251719021251,189248.9010630809
2024-12-30,58.86501538380252,58.90491455000728,58.59644863957627,58.83899767949234,58.83902985667289,250533.8786885324
2024-12-31,59.30450045371087,59.4286485744051,59.19532284044661,59.268327681974114,59.27842196965749,423311.62996090186
2025-01-01,59.124404265359686,59.219739520979694,59.048569117868325,59.081553949885645,59.0834018115392,289189.00609494443
2025-01-02,58.15503985488989,58.52042394254234,57.64581490721688,58.17704486463155,58.16198083240021,240632.9933001856
2025-01-03,57.34194921837999,57.95687184562927,57.18224269191747,57.47630368578789,57.45206693060735,343919.29697575176
2025-01-06,57.54643082212477,58.08340745102622,57.284238067118295,57.54814682004646,57.54502599430704,209762.4562229021
2025-01-07,57.915259985620686,57.97384794950341,57.81425381622313,57.95109936678429,57.95888875117134,369933.3060361233
2025-01-08,59.13143648060066,59.26366670934167,58.79094973039064,59.08046756095461,59.07810057569279,379708.6071206256
2025-01-09,59.143003899659696,59.26171632480562,58.608839308834746,59.11957543560734,59.13956029467092,167925.9990581823
2025-01-10,58.42642070986172,58.77138191456891,58.26088114641109,58.33289914992192,58.33283131427584,243561.73456813456
2025-01-13,58.19912255842564,58.59116709009676,58.2363179214834,58.27837431680002,58.28175533776248,242451.6908593972
2025-01-14,57.501681254879045,57.45751023672718,57.12997401081559,57.41379586869546,57.38278857808682,360756.2816702657
2025-01-15,55.811606279524106,56.01494088840488,55.58378216770151,55.852949253846575,55.85442405382631,295922.831753452
2025-01-16,56.376505774887846,56.42992166535242,56.02561347274264,56.33760053692465,56.341697337637214,141213.1696817526
2025-01-17,56.094278373515294,56.45156122113431,56.08499002267535,56.1038001133872,56.112149155189336,237048.3858104632
2025-01-20,54.76672604402727,54.770281572768326,54.58224664605806,54.72542795592245,54.73276429003623,257205.10907230404
2025-01-21,54.23237170758647,54.262188006615446,54.072260936366376,54.14400904134105,54.126607566127234,511606.3776506365
2025-01-22,53.2400636844046,53.38825990510253,53.1938951600751,53.197631480296685,53.20467612542727,176502.99652358476
2025-01-23,53.31727538902061,53.610714036140095,53.267616406166326,53.41694083132307,53.41866425017995,870318.1987547599
2025-01-24,52.84638134853836,53.01010054048025,52.82142354205684,52.95875433923462,52.972054079016,417348.8156135286
2025-01-27,52.21357325691626,52.270535067699214,51.78799341362192,52.20748608392278,52.204384338249845,726133.9201094836
2025-01-28,53.203013132834165,53.48715684437471,52.80162944933069,53.25704864266477,53.2545748983355,298792.29651451623
2025-01-29,53.14489651815712,53.683332316337584,52.925633774564254,53.04035155266236,53.01034752279048,730046.9370996084
2025-01-30,52.683363578152985,53.15138203859093,52.46938446775991,52.66855950098291,52.63912155041643,148016.89439895243
2025-01-31,52.21287217273415,52.63749778153703,52.154215430228014,52.27344171739144,52.27590284236575,309100.34051861736
2025-02-03,50.92759047545785,50.907528541470384,50.39466906098079,50.88945967861972,50.87363822597604,529558.0161327436
2025-02-04,49.34169108116055,49.39451942614498,49.01548973674289,49.34314541836631,49.32854278763882,215889.20998446585
2025-02-05,48.05998160329432,48.2821040753816,48.03041787149691,48.05574094832733,48.04987055798205,315667.2249773897
2025-02-06,48.83561970569547,49.08199198499788,48.68530730578756,48.79721573046404,48.78389222818953,51130.032428502775
2025-02-07,48.12419980126532,48.2064035887496,47.706010829213966,48.07840159637146,48.07731773892054,284179.474992119
2025-02-10,47.01379302470433,47.05353536942795,46.69125194164513,47.01098559817392,47.0186647360043,0.0
2025-02-11,47.43587814801851,47.60828973652103,47.48566085006065,47.521908743235215,47.52373538008968,446840.0650639485
2025-02-12,47.28969406344093,47.48146347085009,47.22637660098478,47.31718451831152,47.30994162326896,525784.3690634
2025-02-13,47.36503133560218,47.36414984497532,47.1350092602558,47.31524365099159,47.32187448843511,147147.63795496518
2025-02-14,46.32245861660113,46.40090937049887,46.13090906982795,46.39745899268126,46.39211201587161,371632.2701367504
2025-02-17,45.34356943628447,45.55484348318777,45.05200750293749,45.36459671873786,45.36255699479064,412951.5276127281
2025-02-18,45.92619014060202,46.13366411942239,45.54922873288498,45.933945177011466,45.94526825828853,348926.87600246625
2025-02-19,45.740289329696346,45.6711191262104,45.62848042915322,45.66035545793488,45.66689836519587,93984.24084674334
2025-02-20,45.46766769718387,45.56274136539486,45.29171221804337,45.43673952167796,45.42792616384866,458811.6821846906
2025-02-21,46.0916587943181,46.225165990683806,46.04025685723144,46.12337216207971,46.120119947223735,305466.644485178
2025-02-24,47.7390697245956,47.79345059651766,47.54559339459065,47.676960833456064,47.686557730395016,356546.1031137764
2025-02-25,48.61741821952231,48.78398285027256,48.246337565779655,48.53225027354275,48.52720772907932,302072.64086390025
2025-02-26,48.40619235976052,48.69850545858664,47.988949822507344,48.37233316111037,48.37982303528858,345957.8204826169
2025-02-27,48.10845702593202,48.23910995999995,47.74626331291904,48.114331832210425,48.110523724994415,250388.2325365872
2025-02-28,47.97275422442853,48.16218974057881,47.88186872228776,48.080735575778775,48.09831150546171,96579.59328510532
2025-03-03,48.19623728140826,48.18267080169869,47.94336452226158,48.17947174779329,48.187824902652125,735375.4178685648
2025-03-04,47.95832714569303,48.08635914648741,47.66926647875113,47.90239453067896,47.895309643323856,195025.4181908728
2025-03-05,49.141425530714514,49.47724585156907,48.9774991567658,49.129924534296805,49.129310177253785,357447.19118449587
2025-03-06,49.563727317189326,49.73075440218836,49.20326021286846,49.62608906626775,49.636658549503,236496.05291840696
2025-03-07,49.51798519405984,49.6753404259089,49.27400495317486,49.44207720144208,49.444991885392966,247057.3158142153
2025-03-10,49.63479802428724,49.84634640454264,49.07287592277586,49.65723674166953,49.672333181976505,183195.17099126143
2025-03-11,48.67978856901127,48.8752476733096,48.58480439942573,48.80546614182051,48.78356339114788,211300.24215952467
2025-03-12,50.00788739375319,49.96308440165686,49.39189792271829,49.90451502665922,49.90442466665172,231377.6539881863
2025-03-13,49.96566335042515,50.27862560696782,49.62044381600809,49.95182560442039,49.96053342204477,237012.15815359016
2025-03-14,51.82149100906986,52.20288141214008,51.69234271835131,51.83731117965721,51.85380174203123,573276.2363929083
2025-03-17,52.30711590625011,52.50873497433946,52.308020047529375,52.31269409890311,52.31611306210412,127800.8652620876
2025-03-18,52.85966637370942,53.03205055376467,52.8589577735797,52.90090957734758,52.92196015542912,146497.6458050364
2025-03-19,53.14399799910414,53.25193342242796,52.847415744835146,53.14223122651578,53.15027112624375,616157.6988143723
2025-03-20,52.88252197433707,52.88243923758552,52.5620135263625,52.84270170935642,52.83303064164159,285921.01588807505
2025-03-21,52.79184409291594,53.02576775962702,52.91016150599567,52.91862826962337,52.93602690119077,225820.79241227437
2025-03-24,53.80844185103116,53.98117173001484,53.79143808607609,53.8325965305729,53.83280914049408,334956.38841926603
2025-03-25,54.08830693560016,54.25406685032747,53.94872174063879,54.01722328251111,54.01994466578416,89575.14161592796
2025-03-26,54.038615214967386,53.96183318104936,53.93236010757794,53.95164454430989,53.95499646849228,160929.9463079373
2025-03-27,54.63000196189543,54.78539741891499,54.34430698861952,54.61294114900494,54.60184896216753,93348.70894914118
2025-03-28,55.5557807667956,56.20681084870479,55.0425997091698,55.55982991089446,55.55195314622308,250946.04780089
2025-03-31,55.086215257214015,55.05961730446487,54.87617595158149,54.971341703399766,54.97155255249468,336916.6301015407
2025-04-01,55.59077830291009,55.86138906498262,55.07644497716958,55.608467974617206,55.60932437023412,322738.54797500925
2025-04-02,54.820456656016106,55.13897192382738,54.856296166917055,54.86723357004123,54.88925713809783,171358.97178165955
2025-04-03,55.68642489439302,55.88980401148997,55.40278482705938,55.697600111633946,55.715717849569145,403268.9173293577
2025-04-04,55.29415859773946,55.32360984385799,54.99576083627077,55.293050154019134,55.28869006462526,818941.661934871
2025-04-07,53.67559243968415,53.8742578840678,53.37969212247122,53.59475309346704,53.5899954985244,172008.9499231278
2025-04-08,53.92124033492996,54.15602541024458,53.755415043434894,53.8493871298599,53.85032429064756,246320.2241214692
2025-04-09,53.33178287544507,53.39721009797146,52.99413051959691,53.29468302266928,53.27973073725846,258087.3575025253
2025-04-10,52.18368480802407,52.619130210758286,51.65357884732004,52.19887026157472,52.19919933083522,107560.67211390135
2025-04-11,53.242904472036905,53.57116085703992,53.189776611520216,53.2437492712359,53.227199424258586,134470.52013002874
2025-04-14,53.3442153886684,53.35267362108466,52.75196991474083,53.24523814661191,53.26584776314751,402678.81712240336
2025-04-15,51.92425010559335,52.518133394664105,51.954706109260925,51.96594869165132,51.9600366061385,150457.74449990434
2025-04-16,53.17809385426598,53.21176354775652,52.90366937019655,53.190391151913,53.16914806335559,261179.29670342704
2025-04-17,53.622215501826894,53.57214201676666,53.30419384482508,53.53919377062292,53.51407323065615,323167.1761986836
2025-04-18,52.79400512203,52.87897224466375,52.75612842830051,52.84211740584329,52.86331612872496,616411.110883983
2025-04-21,51.834007347196525,51.965890523255325,51.620776454063154,51.799323442198094,51.78370785840256,104153.57985585986
2025-04-22,51.44615283858268,51.624242509990665,50.841790096713126,51.37359923487257,51.35760456235941,319837.06207722187
2025-04-23,51.8148698054186,52.1630003904363,51.72630151663791,51.83373456905664,51.82921925655256,691756.7769181755
2025-04-24,50.979658775897626,51.25045463706004,50.75517044249027,50.94437195651317,50.94673808271183,578739.2039888325
2025-04-25,50.921588788147474,50.892660298992254,50.73932952953968,50.84012572172059,50.833031875283474,172513.11975251857
2025-04-28,51.41259714007391,51.71539747493583,51.4566163797051,51.4934154254791,51.48189471067938,184786.1053756951
2025-04-29,51.33779329464538,51.5459995994013,50.86752831423632,51.38534454169011,51.39587921854629,387131.41783843335
2025-04-30,51.60368660897964,51.6941372449818,51.47914823486005,51.61871497593597,51.62621540186069,133967.78690468537
2025-05-01,51.62431267765985,51.722978207028895,51.49780342876215,51.6049562956257,51.622854761775,573898.614251626
2025-05-02,52.52233166977355,52.7327413376201,52.44053661019999,52.53685274766728,52.53235558637813,270907.0185535553
2025-05-05,53.07865748217087,53.525568550594514,53.14638068344062,53.15055947709882,53.14977990195887,107060.208459641
2025-05-06,51.31081475414406,51.56373235579017,51.31548863267961,51.32881119673826,51.30896845224084,503852.9181538097
2025-05-07,50.93389559447831,51.08864700251653,50.559931957216094,50.84805088699836,50.84515805279508,0.0
2025-05-08,51.69397427890714,52.10519522977442,51.6970372819389,51.71137300869279,51.71981107709325,823461.1200169689
2025-05-09,53.46259364370942,53.64943486237979,53.26779602403367,53.44760053422241,53.43376176037076,286316.96473642474
2025-05-12,53.61936714109206,54.06579270102368,53.44611952905808,53.58331357527326,53.59112461487258,713801.8084509753
2025-05-13,53.868501507089896,53.89377479288146,53.5328886894074,53.88976079549457,53.90681018099611,634335.5043486627
2025-05-14,52.56199812617813,53.11219628519154,52.06480232711194,52.525480191967816,52.51997290869738,95006.04038481016
2025-05-15,52.49611437463281,53.15283631757198,52.50727080257308,52.50903546518181,52.51897510255207,173770.23300264738
2025-05-16,52.913669619533664,53.44329322126491,52.39853988792126,53.036601227466015,53.02389772081895,266748.82660197857
2025-05-19,54.06909669689808,54.30253128260121,53.96470819870355,54.07120247140899,54.071401498225065,374083.2750964535
2025-05-20,55.24180320212687,55.40692507518642,54.843819461996524,55.21581450164856,55.21967634964346,356194.9964605425
2025-05-21,55.06525367410273,55.182675614905385,54.64028847861782,55.02300377354092,55.02109665043304,219028.59796088235
2025-05-22,55.21690180546039,55.27522376379822,55.21423960357024,55.22302012801508,55.20976759555701,86991.67283424865
2025-05-23,56.54592638009933,56.58594149523064,56.49935417648688,56.535783724790896,56.54376527081631,433723.79029193416
2025-05-26,56.9780870245834,57.36219005715508,56.42934661913261,56.94858787457018,56.95236728717504,270032.3628239247
2025-05-27,56.78927872979932,56.87820428624762,56.66392470195664,56.71944037999189,56.71983013305488,120982.20662630892
2025-05-28,55.51288083618933,55.79888912881236,55.30396874175652,55.57616446207973,55.57700886429106,86218.1710947615
2025-05-29,55.538426491938495,55.81963774617033,55.503634506551016,55.53954765964963,55.53287778186348,399590.6961769812
2025-05-30,55.83815142192863,56.1684167033724,55.77859031783943,55.85787464042867,55.85549891285365,191811.1977606761
2025-06-02,55.04060159485461,55.48829754368076,54.69882412714161,55.13824840284146,55.12947298627831,325349.45596203965
2025-06-03,54.70449536130421,55.04766419642447,54.575085755997925,54.7655435724147,54.77085942632931,212588.92800544613
2025-06-04,54.38438941684228,54.3326480521938,54.15823606612406,54.26664839458656,54.28456832814422,244094.87048630483
2025-06-05,53.1855247982986,53.41556146937455,53.02221574712455,53.17737699406584,53.17627308565236,113219.28041926929
2025-06-06,54.685856844562885,55.11181334689551,54.61473698425281,54.66574351000408,54.64472021384071,70473.66105594486
2025-06-09,53.776043460993314,53.87115388022583,53.39943643327369,53.73876097540918,53.74458933138317,118265.66083994073
2025-06-10,53.93037071160309,54.17486655112696,53.99425818720538,53.99775574600618,53.98790022424466,0.0
2025-06-11,53.23084217403923,53.55304187244075,53.21380054652113,53.27280532448441,53.25648599800737,230196.06260638667
2025-06-12,52.844874073493735,53.01003638748863,52.830617381039154,52.863107384188176,52.86021735317031,692557.1236025108
2025-06-13,52.13211182576147,52.36508090212635,52.07017123709109,52.11812405586608,52.11686977781704,371230.8017518384
2025-06-16,52.87421265502452,52.851061230857205,52.73519932572595,52.79193974443226,52.78677538815908,1184902.6724347582
2025-06-17,52.28414600240036,52.41209894516273,51.77565748951158,52.337054439469576,52.33614658023362,206217.1285021784
2025-06-18,52.05861700033562,52.03849517273587,51.78168264968264,52.00136930874824,52.01527214013964,181665.6703815908
2025-06-19,52.9474341028832,53.27218846197899,52.907545925817615,52.9456318703586,52.92659386314837,298396.9144500644
2025-06-20,51.14557529980805,51.21512205795042,50.86789369124404,51.01486063523023,50.99767717840018,107186.7495828962
2025-06-23,50.758851049975775,51.24876378628238,50.60216574280235,50.80375067490313,50.79304129855153,269462.5808767948
2025-06-24,50.816393371853735,50.87694502145781,50.66085110999176,50.8161829126122,50.8081251102549,287084.37620864034
2025-06-25,51.28041872928336,51.55400893802428,51.08058316131886,51.23323474858557,51.230205199167024,249652.4583158452
2025-06-26,50.87878452046479,50.846935504928,50.41402019773068,50.84351545113654,50.8364735186372,480299.66028340487
2025-06-27,51.96552183795544,52.04903296360009,52.0053401357513,52.02330639235984,52.01437830745294,126184.7264326894
2025-06-30,53.29844667433548,53.57184970606656,53.08086540167213,53.28206637692526,53.26712775467656,160247.6221780286
2025-07-01,54.15623324970954,54.3243839198494,54.00522323003367,54.25360935581435,54.27084624819295,100441.1370454338
2025-07-02,53.7083890611526,53.96591068998097,53.44005366326462,53.73006856796131,53.74527342165331,794955.563721426
2025-07-03,53.94851982313092,54.1947437888178,53.909092745153934,53.95644420354924,53.969481161863015,140986.93092377705
2025-07-04,54.1860923607478,54.24465621999048,54.14062066250059,54.14960139517981,54.17175763884308,181816.0610618082
2025-07-07,54.25906676634636,54.40024665850075,53.36221456177948,54.14882297694901,54.138655658763646,243935.93826739665
2025-07-08,53.2079410289746,53.323165294550456,52.95965987249538,53.19853794547245,53.17284258719242,709079.4214696175
2025-07-09,52.66530954287536,52.81064693466941,52.50785188818532,52.636467268748746,52.64204779539825,319977.88859925454
2025-07-10,52.476938519754746,52.564551646413626,52.46191236564011,52.53524005207864,52.52921894245714,167702.68939938047
2025-07-11,53.62550313486531,53.927714326474,53.61552040813812,53.64747940312108,53.651608694014826,906504.872918298
2025-07-14,52.96543276779835,53.02708672852266,52.78194515030023,52.881648507841525,52.859271548688746,213599.38160977344
2025-07-15,52.8818851498604,53.00493254324157,52.77186058817859,52.832560122757016,52.84002675349346,126372.12098454133
2025-07-16,53.64767522040281,53.97795678596896,53.51958747276175,53.576144741716064,53.56915861312624,291979.29357532976
2025-07-17,53.62034039968741,53.75714296726148,53.6474720085366,53.66646412341035,53.66885566825215,325695.70508087246
2025-07-18,53.50781125369484,53.74616870654285,52.87331763244119,53.54479225646689,53.54747424070198,157696.89339672582
2025-07-21,53.084904066463366,53.4676187415535,53.05236126000464,53.1413609445122,53.12688410214102,277567.6536570465
2025-07-22,53.67755177580847,53.898822167207626,53.66149977037253,53.71379390566649,53.71943574910004,245839.96429961003
2025-07-23,52.49927761715655,52.72554729421741,52.142289999460736,52.47353988587159,52.48180457846912,199971.36371617424
2025-07-24,52.62548892238468,52.76522871608454,52.04990851645081,52.61643296819371,52.595945686931096,302280.7981164791
2025-07-25,51.84892070313089,52.08615481213359,51.60758830165837,51.85233485465607,51.8618858498452,497437.3623832273
2025-07-28,53.92616238011545,54.03457722834453,53.91119608439124,53.96138215072957,53.95924683792612,157752.71069623987
2025-07-29,54.39439289547063,54.4213371753195,54.23500403834627,54.33708524388188,54.33380422934999,347817.2165013743
2025-07-30,54.03523180766444,54.51534485665084,53.86914220524599,54.02413846801536,54.019450029846936,529247.1844845591
2025-07-31,54.55852918554394,54.73218865992629,54.33437764181925,54.510080848956015,54.48489762184161,494002.241428784
2025-08-01,53.75206790377853,53.90957939692464,53.61719746487161,53.74867495211023,53.75578860560518,458639.5022593819
2025-08-04,55.24540046010048,55.23726479444383,55.2146763899051,55.22972329040952,55.26691332552896,61146.85486338705
2025-08-05,54.6113691137044,55.14710757497397,54.25169217527269,54.61928294649864,54.60892042499649,277833.51296555065
2025-08-06,53.90202671141141,54.35547980038773,53.81049617425659,54.00961456182021,54.00521032368844,153292.28591197496
2025-08-07,55.18027810414381,55.32369337583343,54.50318724125328,55.12487780747384,55.11709554671786,345238.5965381037
2025-08-08,55.58013914504574,55.95749416151947,55.34301954195666,55.645307264554646,55.64812272958764,287452.74168254464
2025-08-11,55.22246275987174,55.53479207482582,55.22732438126927,55.29933823861264,55.279143341225215,292180.2552840238
2025-08-12,56.09034731718848,56.19625757403073,55.82327412657818,56.04251209210143,56.05976815311902,383943.0842203262
2025-08-13,56.27011854465955,56.46264992772316,56.085162971499145,56.18602001266139,56.18225145878152,499648.4446870147
2025-08-14,56.53280306677564,56.73746334665722,56.37630739304731,56.46680701669334,56.440588033841095,79672.58172077233
2025-08-15,56.90546940169725,57.45311168112525,56.81779385846048,56.91815680708869,56.90092788281581,538215.1854250951
2025-08-18,56.44317041675191,56.81924940088837,56.39728913167399,56.42136299330608,56.41873698627617,131021.26930808724
2025-08-19,56.46261253416018,56.76391199510732,56.47233209576122,56.4839844092547,56.489128725346575,382714.81335543445
2025-08-20,57.76071526247279,57.85485204289102,57.569450597757054,57.81185864457543,57.82241389051851,388704.8426240441
2025-08-21,57.466554332812265,58.04354031318304,57.25906810304197,57.3466492334834,57.3609673552459,927334.2318398452
2025-08-22,56.99917412191219,57.04082206767254,56.64045987143801,57.00446794850034,57.009657927374974,432035.5958008628
2025-08-25,57.58687670230956,57.58059138821716,57.44446147038461,57.494360387654034,57.49490914885681,316757.70417467447
2025-08-26,56.11033346238896,57.00317098580977,56.017449392272525,56.14384795928288,56.17132287753779,250699.6597318249
2025-08-27,58.38970519057749,58.49953288251221,58.19537460396479,58.42722919549201,58.44152767012004,314213.4848180922
2025-08-28,59.07410531149098,59.23718247390427,59.043907794435405,59.1056055551538,59.1017684486151,85035.97176004593
2025-08-29,58.85676635330055,59.310261786748384,58.68481494789435,58.85388642475712,58.86999245447597,188645.6330227685
2025-09-01,58.53570160494223,58.71611272114946,58.00208171456735,58.47453515001727,58.48712124687897,159774.49064631082
2025-09-02,59.8934089360283,60.18145608056419,59.59172680224253,59.82608608854399,59.827064924591305,349388.4895009709
2025-09-03,60.56952651168551,60.61438665832978,60.36029465571329,60.40491299763999,60.39308545594169,171107.81848526493
2025-09-04,59.95676021372076,60.31936771264685,59.52404926710635,60.000163777503495,60.006693127671056,275025.72824473865
2025-09-05,61.97143079049464,62.09703995636775,61.91204298789482,61.96951065049087,61.96837754104431,245445.9902704424
2025-09-08,62.49779585846346,62.44113186091453,62.036204906031706,62.43896701467505,62.41661962262685,508591.83979141735
2025-09-09,61.95462040830981,62.03833636710076,61.73060513906954,61.92743668503034,61.91943844556805,185550.4208401231
2025-09-10,61.643069245972335,61.79355582317528,61.60701129815063,61.636792211476894,61.65738986257568,365618.5228275987
2025-09-11,61.397225707786674,61.39856385579253,61.25282212574424,61.35458271214684,61.35863043294169,428973.6230032758
2025-09-12,62.00354672973035,62.04818845378901,61.69949286826131,61.95998916390393,61.95651451718145,464976.3293486281
2025-09-15,61.86131170156737,61.97170451754757,61.04245382593328,61.83086094591978,61.83699134309253,471108.0292806838
2025-09-16,61.36044586483144,61.75382338891266,61.22640128230645,61.365022509798735,61.3757444407648,235468.903044958
2025-09-17,61.94459824384424,62.51256603783708,61.77503364893372,61.93669006305627,61.92134592820159,158342.81381858533
2025-09-18,61.41167124254834,61.577237934041975,61.00445986527895,61.3720673019298,61.39080697944001,197536.81841231976
2025-09-19,61.40254469787176,61.477368156699136,61.3065931409202,61.41587314454533,61.37906824366153,645875.0936178723
2025-09-22,61.70101999010344,61.95836020656383,61.591608102072186,61.67783283391413,61.67932072848006,415948.332068901
2025-09-23,60.40556359253424,60.66777765559274,60.20871025048605,60.3508648611415,60.37306606167835,357747.4780545988
2025-09-24,60.478438840282585,61.20665468898751,60.11295170240466,60.47746484754671,60.48566278855149,394632.5352865937
2025-09-25,57.90547971148251,58.46245164406123,57.700818748280895,58.01902629662212,57.99650799317992,93867.3372971986
2025-09-26,58.43411588228852,58.50489909753252,58.23640962012515,58.336712605185646,58.357994320706034,216925.51819318425
2025-09-29,57.579654903416426,57.99448694859896,57.52087063801601,57.60990856254764,57.61475420363164,194150.07259925528
2025-09-30,57.34608761761035,57.49254190800903,57.13071828867373,57.33098837723685,57.3348460905731,153319.25943671638
2025-10-01,58.23251071931554,58.65387849897022,58.176562234315455,58.28430117558787,58.289598554797166,141631.98413112233
2025-10-02,58.16363219598742,58.36871978481235,57.65019471832081,58.1566666130819,58.165200475353146,251793.2612958637
2025-10-03,59.18867630812169,59.49575164564032,59.01037673383561,59.13298039614146,59.14230127378512,635895.2869804427
2025-10-06,58.50827062575926,58.70129435995166,58.18177275910293,58.48661903901005,58.46358928914364,406934.9680155816
2025-10-07,58.17295538502257,58.2833612723633,58.09534609501801,58.14490956018162,58.17389918902673,97329.90424328209
2025-10-08,58.025370417939776,58.49603956251719,57.73130466783289,58.07476264012129,58.06103481911493,426567.81669348426
2025-10-09,59.50596187953483,59.56703769590988,59.27349733236748,59.49393028148813,59.468995953813454,463217.2906848654
2025-10-10,61.85694126913467,62.30472605820341,61.41531360327021,61.87958246267331,61.8736189407644,325724.276509198
2025-10-13,61.80957376169585,61.91039302010783,61.30990140870565,61.76235327262907,61.759693000772245,211368.8336550664
2025-10-14,61.028414506204285,61.10742797861292,60.43320254086469,61.06984929951237,61.0567714291505,98486.98897304435
2025-10-15,60.46463937700372,61.01827735284581,60.33298265249817,60.50307209330628,60.4977991706708,166397.76572492937
2025-10-16,60.791561373738325,60.994784432084685,60.70830932749742,60.74403651070409,60.7721448334699,177539.11098232726
2025-10-17,58.477317585392,58.86601680847595,58.41831130715102,58.54719660297036,58.557293661578925,163856.105387759
2025-10-20,58.244616166011845,58.33034580727114,58.15864041119112,58.31143493541638,58.31073583665792,125475.59318366207
2025-10-21,58.34791788353572,58.39887421207125,58.08111497213307,58.26985331348326,58.27712477064936,141441.88262375683
2025-10-22,58.3535456577707,58.48060484485877,57.9034242802452,58.289051530097886,58.29033803674199,90865.98656248456
2025-10-23,57.83067035567685,58.05377234083778,57.35191224028787,57.82227405405064,57.80661397174567,260605.25473876015
2025-10-24,57.303564018324266,58.04606253500524,57.11782821380524,57.30926824875919,57.28883177236739,644196.3225388293
2025-10-27,57.91666354736179,58.06712214296447,57.64285133434944,57.86878152651332,57.8856288692339,748021.6544717811
2025-10-28,58.362695484969045,58.70337872436191,58.13738391096681,58.41883137938157,58.41903428318496,380633.98321504926
2025-10-29,57.51630052563441,57.73898906922727,57.218578073776506,57.54151324402194,57.54556486553493,362381.2256778709
2025-10-30,59.05847120100305,59.27218299426184,59.02998756216107,59.10082379872261,59.102842876037535,381327.49987791246
2025-10-31,59.56623019375312,59.84988812098353,59.2822489735492,59.5102496261189,59.50658978988864,260560.20179274344
2025-11-03,60.23593644833549,61.14070436826542,60.10800456699804,60.23080724513525,60.22966215964359,202571.5834491717
2025-11-04,58.75876763787146,59.116640314689896,58.68081140842609,58.89379990444114,58.88485420081309,125111.73085928363
2025-11-05,58.195696882951005,58.43355075313701,58.0662439371356,58.183969484339165,58.19869381507011,147716.2829494699
2025-11-06,55.89498962221438,55.99867830905993,55.80780400300885,55.95501256139431,55.97888329912446,569779.1228779564
2025-11-07,54.95916700144296,55.11713347449402,54.86438088257307,55.031172807518985,55.03167771292119,180398.43250261716
2025-11-10,54.01733821287058,54.52061031912163,53.82830038461934,53.980512071392695,53.99035940169914,415713.9939733949
2025-11-11,53.58284810809635,53.960098200288975,53.54849512595111,53.559083198598,53.57889419378055,988636.1761020044
2025-11-12,54.677394219968726,54.69845101506884,54.295560095759264,54.6277000646207,54.63072303360022,572027.409293205
2025-11-13,55.89861743189044,56.17553372105602,55.77258750578087,55.842015454762894,55.83950113147322,89013.32938294933
2025-11-14,56.55414391266705,57.10456884587139,56.26728234910709,56.58369039074092,56.60119969874452,238370.62563137844
2025-11-17,55.23728560023947,55.506710515274975,55.2580413495245,55.31339776976688,55.3163099771737,114698.43198114065
2025-11-18,54.23002678995281,54.66464450250201,54.04225271210312,54.225656104080464,54.2246819686642,399665.662825038
2025-11-19,54.11625148177804,54.12595583078441,54.0942341804337,54.110160211628,54.0978202417523,146230.14366273594
2025-11-20,53.47281491564341,53.707587156841065,53.12738155790159,53.54648436617334,53.55772236876391,234675.4684353801
2025-11-21,54.096138352123845,54.519906150360654,53.73219027682217,54.08886396043901,54.09234214642304,243777.0735623917
2025-11-24,54.03661665084301,54.54332768754801,54.04147705420645,54.07337846523964,54.05931213160852,204084.09537810532
2025-11-25,54.87160589043171,54.98937242039817,54.5748293865994,54.83395740241297,54.81486425400977,458706.9525970631
2025-11-26,55.03524459188726,55.163359022448894,55.05947192288976,55.07454946463864,55.071192007508586,123683.46067692504
2025-11-27,55.49896599397311,55.69058783724164,55.24748375716343,55.55288981043447,55.55367727091485,1343174.9319340875
2025-11-28,56.046035409400105,56.16876526062264,55.98119881000164,56.044712649724815,56.05772621044945,103195.90717094931
2025-12-01,56.0738926010929,56.20768607709586,55.85213909587462,56.10941032992663,56.10291132498345,569598.6148828798
2025-12-02,57.58008928897497,57.78523803029769,57.30285005620311,57.54896713606844,57.531728428098994,179160.65610115122
2025-12-03,57.14443584665003,57.283409378988296,57.0494804862395,57.1298106975626,57.14072757595437,366588.7609358777
2025-12-04,57.08138261746984,57.54449466185584,57.03997857554455,57.093334825913885,57.0890851196665,287442.50763959624
2025-12-05,57.40345379351988,57.50101267383345,57.38106751989694,57.48200823415349,57.46632566627554,435346.011139581
2025-12-08,57.60324376363352,57.603535402271376,57.48981027456731,57.58232516568946,57.57868345017843,302272.306664517
2025-12-09,58.00635797287972,58.42653173099746,57.694099226409776,58.031905193573074,58.024138576384246,652090.7806095838
2025-12-10,58.37077959814351,58.68863422974284,58.13905390082858,58.43387804226158,58.428510699061725,218267.4322028788
2025-12-11,57.10358806919852,57.26865560548381,57.06693901952689,57.22447964989752,57.21897670748428,311384.0130802256
2025-12-12,57.51700965774555,57.60286193573485,57.26645283073181,57.40371797543372,57.40127375720356,0.0
2025-12-15,56.68850149382976,57.16530512931145,56.74292906990268,56.7593978575116,56.75304964099038,262035.0491055357
2025-12-16,55.84559158130407,56.25696192881059,55.51567717843318,55.94634023861814,55.91533720725995,333253.7928242303
2025-12-17,56.76830470107587,56.85719137374107,56.58010392713506,56.71586221561883,56.71041397223543,189384.9258596478
2025-12-18,55.69662391397268,55.98203919738332,55.50520562138541,55.7342881562025,55.74446857158649,275300.46008189063
2025-12-19,55.146553654626175,55.27200947994408,55.02339563579395,55.152563259107765,55.15172995101263,363039.8419871616
2025-12-22,53.84526375331956,54.54921998533246,53.565472714125534,53.77154133776266,53.76251909251757,321700.5364770546
2025-12-23,54.76230874787522,54.837240951691314,54.555609394610094,54.712552323852016,54.6982740153029,543377.383522145
2025-12-24,55.150188032559946,55.188288022263805,54.88863020165735,55.09357809975853,55.08170025300849,278407.0747428269
2025-12-25,54.44330432860092,54.74190703182133,54.19861143796735,54.37243497639242,54.35918986956695,357517.50329834205
2025-12-26,54.42306542723088,54.763342158917325,54.04259377026228,54.49890020635633,54.52256509252192,706854.9147887101
2025-12-29,54.12066740879544,54.4671892171304,53.6657540867004,54.15091674162684,54.141211765966645,652976.3019792541
2025-12-30,53.197177734089806,53.70560979978257,53.166043074342014,53.22201826880208,53.22699001260755,199854.1558137871
2025-12-31,54.899184142176445,55.096824872732746,54.63959300074435,54.89465533850981,54.91296475453074,366058.0048511259
2026-01-01,54.03236329605111,54.01929559403983,53.66330182247636,53.9254990774886,53.93122415030229,133896.82854896729
2026-01-02,54.68331260580195,54.93652397437591,54.46956816917117,54.69253539941648,54.687139132057645,157838.54588673072
2026-01-05,54.04811353881319,54.344447152785136,53.96823688597704,54.12844783328933,54.13403776867881,259641.15781580156
2026-01-06,55.24957889216205,55.72390406400522,54.8680186859136,55.33991032243065,55.35875767227356,268805.7503490038
2026-01-07,54.5844649342255,54.68481046029069,54.3120309074475,54.50291174813812,54.52289788016619,476724.1514747701
2026-01-08,53.630584581342845,54.28260499913806,53.62334585842749,53.736167216819055,53.73517408043131,84196.40572135599
2026-01-09,54.67520221381485,55.02975135529928,54.59039438787533,54.6809338433779,54.68516082557077,62908.883712347015
2026-01-12,53.841137210007936,54.50331609429216,53.635190390380345,53.852678203384805,53.85628803680682,374558.6196371749
2026-01-13,54.464985670246094,54.61658935930489,54.22147441212244,54.43522514059166,54.44066758095072,223358.81590601485
2026-01-14,54.45335088392972,54.59552765128489,54.38227298817865,54.43785112396487,54.43142781104839,229841.38110980493
2026-01-15,53.67796462297237,53.77015442321285,53.49695774815388,53.61174350927559,53.63043515587588,151240.6469720728
2026-01-16,53.22947167853113,53.26737551353216,52.89456285133802,53.25410516111653,53.25549679474,431616.7559353759
2026-01-19,52.98824559550831,53.07393229283899,52.73056024815108,53.02695602256894,53.0280656787811,473600.6020388178
2026-01-20,52.566885702947054,52.96083683706637,52.490444996998,52.54672145064441,52.541672869744765,172408.29841727208
2026-01-21,53.715151533736936,53.92128338796133,53.69136201429843,53.734947541595645,53.72596619934322,136894.24599432969
2026-01-22,54.38577678202827,54.44295304227892,53.90878005846472,54.36636172381908,54.3529397398939,635385.3834549991
2026-01-23,54.47004337081256,54.90972862897203,54.43753170404225,54.54421861731674,54.527676846309056,261443.38252646624
2026-01-26,53.85631352704086,54.03305755993853,53.53115094019904,53.889358466257605,53.88867957479731,469278.7182186029
2026-01-27,54.730861905009,54.7866227170107,54.37975657889403,54.76782110504949,54.76047722729543,169137.6286177092
2026-01-28,55.59280627708648,55.645583873744,55.51511172701298,55.53943305995817,55.53665126613461,296888.9158700377
2026-01-29,55.24179934464448,55.37164801733222,55.12478602375378,55.15055077437575,55.129934332065446,574789.3518201016
2026-01-30,55.120698343789456,55.43595380834006,55.13538663172652,55.16278169742707,55.15209933675639,536807.013340898
2026-02-02,54.30158183670692,54.53651602009916,54.23706075244423,54.30711708191188,54.3187306549934,445760.4874486767
2026-02-03,54.67149057607391,54.93299634725495,54.57923046401383,54.6534183520669,54.65120315715817,365777.2430606794
2026-02-04,55.07252255832872,55.16418961340322,55.07522208620125,55.10815856325697,55.11784866475004,394433.07344772905
2026-02-05,55.41087241807124,55.9052017685453,55.11061735469607,55.40676732180475,55.39622773506367,245751.57246720223
2026-02-06,55.33924860696902,55.472166621093386,55.38569901246981,55.38993955932591,55.40170124948459,391490.8317992027
2026-02-09,55.63206919387935,55.58704869689828,55.4588392831898,55.58177869399175,55.58079735966192,196412.62730164756
2026-02-10,55.866095554906,56.092979658060855,55.72159217182653,55.836997186655545,55.82138059197583,119917.07170430386
2026-02-11,56.054846895529096,56.31849162336236,55.78301015087264,56.06774819672557,56.07534854807519,79102.51917993608
2026-02-12,56.619604201333175,56.86325544676354,56.609380063373735,56.626783203477366,56.637229472841895,1101166.4098452164
2026-02-13,58.00463998824225,58.12241298681222,57.83099726912584,57.98404447888369,57.99066508628084,384270.86489001627
2026-02-16,58.1433175826728,58.37810683155606,58.05992937289307,58.09178348735633,58.07473952715131,257703.96532190905
2026-02-17,60.10206591950636,60.16614735876127,59.94444506867937,60.00910737313816,60.01942832806037,453853.0061384209
2026-02-18,59.51163491896073,59.87444130290932,59.19619532325599,59.50259085490457,59.49216403929037,0.0
2026-02-19,58.7072122321875,58.85232780056468,58.34432106219861,58.709956774098,58.719990884593045,276005.5873609403
2026-02-20,58.743643126517895,58.75680041226445,58.68222201593404,58.73508072869564,58.75024338585648,43278.71700458672
2026-02-23,59.13166679124759,59.19885239590993,58.50708199398182,59.19682991900399,59.18623331457395,778529.626794039
2026-02-24,59.71614243908792,59.87877689976597,59.44528000738362,59.66451815343797,59.65499120138899,1063743.636604336
2026-02-25,60.20419564393528,61.04074823938512,60.08645765055599,60.28739448813877,60.29588729683588,412344.072251474
2026-02-26,60.4768052484694,60.782312677525454,60.08454624568812,60.51665438679768,60.50488539346976,90786.35758482588
2026-02-27,60.41343165375542,60.90899979561672,60.026824886343874,60.42571971841898,60.434526810457584,667412.1965285415
2026-03-02,60.35106888819495,60.583138328235336,60.29580948321389,60.33252080924907,60.306981068539535,120818.39636225208
2026-03-03,60.66206406939188,60.81077650293604,60.66062417805098,60.73859329570702,60.73627443733906,147138.81736281712
2026-03-04,60.57108678034224,60.66935358121936,60.23183873895886,60.54581369691331,60.572755896923255,437812.8060859786
2026-03-05,60.17194320487685,60.0801897381534,60.02418122068567,60.07088710534376,60.07005526516591,471214.3666729909
2026-03-06,60.10320009536344,60.24880288425867,59.91364482169822,60.06285864149695,60.067690390815926,140900.11824287323
2026-03-09,59.99095056797091,60.09557818216002,59.9318523140122,60.01087630394699,60.01358095626221,241758.3879301657
2026-03-10,60.24765857195454,60.38335319358483,59.931281139786215,60.13794333485275,60.14899257388032,431489.7624207856
2026-03-11,58.88695716026864,59.14012474989235,58.666956482293145,59.0292316661877,59.02051896963093,138880.36830575918
2026-03-12,58.64304178983608,58.72109685215637,58.31371542710788,58.563322134904766,58.57487876787356,98181.81979484932
2026-03-13,58.02448105189406,58.16722219104589,57.81482927645961,58.01663799866781,58.03531590553702,353743.28967644705
2026-03-16,57.83667555877267,58.01848608483797,57.73562939005661,57.93387281708548,57.9219399292614,219016.9767153743
2026-03-17,56.88328729280751,56.98658894183888,56.75160682817736,56.887443901757,56.87398924086607,421634.8648016061
2026-03-18,57.7570963467017,57.88890533406421,57.56728751158197,57.66614139986744,57.64355564090364,520186.9004958549
2026-03-19,57.991854783046776,58.43281836678441,57.76520954840334,57.99846699098278,58.00675653493505,230416.29492258892
2026-03-20,57.17614963586344,57.38539671711222,57.05787988515044,57.27376595531861,57.2656976807458,438708.66050170094
2026-03-23,56.71396448937526,57.2654276290674,56.61778984227278,56.6992904148017,56.69675070116202,214568.65935271315
2026-03-24,56.54841843125836,56.559830885976105,56.36303763038728,56.40219618936905,56.40859368184884,437721.8989196538
2026-03-25,55.77046787521259,56.02837934170911,55.66478845556144,55.79094579904342,55.80209818541382,349974.6137471668
2026-03-26,57.52575492931053,57.64011013307727,57.42740385379742,57.53545538929395,57.51712358121504,322153.3986041813
2026-03-27,57.400725545716966,57.70511969887987,56.902058029949536,57.24855217092416,57.24969887017539,249444.874865474
2026-03-30,56.610717536548925,56.62772010425281,56.4562854062827,56.61247874726186,56.60071049990172,331178.83107301424
2026-03-31,56.69735315187995,56.93942701281634,56.65072761919441,56.6532347974256,56.65959912366702,176492.59707159398
2026-04-01,57.09939543029375,57.20539605311768,56.7149201299844,57.08237007074215,57.09027055847875,182593.94644320212
2026-04-02,57.14457599551783,57.15103766578075,57.05319604543681,57.14821915696199,57.14128150307212,157901.69203239362
2026-04-03,56.36926432836368,56.28967549092574,56.073469587014486,56.22272335421283,56.23704129632829,566712.3692761279
2026-04-06,57.252561523125785,57.31639351698043,57.171140915573176,57.21359413518004,57.23578181341039,470700.9500025848
2026-04-07,56.19836537933404,56.29922302126965,56.11982336630447,56.13955855058278,56.15219627906776,123466.83956515792
2026-04-08,55.369634887165645,55.8585344135333,55.16878377481402,55.43712808005792,55.46891406162607,82699.1934046104
2026-04-09,56.49177137923226,56.650892486578655,56.40006257075651,56.42067952844153,56.4181008078102,267708.5053090254
2026-04-10,57.442265870580655,58.14082552745524,56.96160325239968,57.47100868618351,57.48019667296205,473310.43740493886
2026-04-13,56.9340532976983,57.14889128496452,56.82378167356095,56.90420045710499,56.89478739852481,484222.0289593164
2026-04-14,55.61451844795543,55.73114648891478,55.33966615868477,55.70962121584554,55.7073484539593,186637.1161855256
2026-04-15,55.45495374614034,55.61334812621949,55.24864547593998,55.528618373664905,55.52110816551538,516420.387043032
2026-04-16,55.200700631199645,55.37234149115875,55.02569200896029,55.23919642273832,55.23286900049468,261613.88803172024
2026-04-17,54.87315853661936,55.46392599623214,54.580107049562784,54.87193575494548,54.85838836292545,0.0
2026-04-20,55.17255275183908,55.30518744721698,55.03415797117339,55.18320583670785,55.19376661618924,135191.03712874016
2026-04-21,56.021756539125775,56.40035642423073,55.51508320751275,55.87752233121075,55.882156507076246,116072.63490862542
2026-04-22,56.5609876522885,56.67851186752503,56.59225932436299,56.59590539305725,56.61404242889402,270421.079328692
2026-04-23,55.10322328738891,55.26998650270098,54.80353150489661,55.08395487396144,55.12601342007847,603426.3996675635
2026-04-24,55.30533104136833,55.44364946000482,55.1729748799654,55.35915687321212,55.34330127945418,96223.79342130537
2026-04-27,55.876738239846816,56.00270899787016,55.62738759198463,55.87269097346253,55.86873596197765,252143.2978610265
2026-04-28,55.84935155399193,56.08847046871209,55.28475255482697,55.91608574902654,55.89779975631547,236631.92366432885
2026-04-29,56.52132139454641,56.73918720060295,56.38886658917066,56.58773874715112,56.59251681757345,400596.4545762144
2026-04-30,56.97554824780725,57.37651361980238,56.80033342036828,56.93667990546427,56.93413052422011,93542.9569345883
2026-05-01,57.13749233474464,57.478330146388345,56.47403640951824,57.09576979160156,57.113355015502,376360.1141760606
2026-05-04,57.08260637762608,57.20305190484569,56.73919722653193,57.1063581002991,57.09299711822855,226210.874155012
2026-05-05,55.61542563873002,56.06187902765474,55.568588406847454,55.594673423345455,55.57671080638608,212541.3314620389
2026-05-06,54.61416631918354,54.79598907826384,54.44467954131225,54.58278789664995,54.60492727454872,186566.8106190653
2026-05-07,55.39961283583783,55.57928496986738,55.2297987413232,55.39104698965197,55.39251327036381,264108.13506961445
2026-05-08,54.665515794101175,54.67628024016927,54.550433490128775,54.66492310992014,54.65304486528422,311469.3507659847
2026-05-11,54.79740763150316,54.99973486112618,54.68426263480988,54.74734817956363,54.73292728239799,159906.47102132888
2026-05-12,54.182816836226245,54.33888430046501,54.15867283869123,54.1803981288365,54.21906686408732,123132.63679383873
2026-05-13,54.859540920170296,55.148941431541154,54.46233793464107,54.82292044544163,54.81093942442934,613200.683979277
2026-05-14,56.18854013346847,56.366997296226565,56.0495870741101,56.25974251692858,56.26052087888623,168335.68514490535
2026-05-15,55.97404719105141,56.37448118061293,55.55313088682048,56.0660512858185,56.06477419094354,318763.3460142801
2026-05-18,56.97881249556247,56.99984745677048,56.54797408255215,56.889061740587984,56.9208562195776,444465.7909728195
2026-05-19,56.58944448358304,56.92501197846765,56.32887508009815,56.50782636414607,56.52316367183547,121849.55330139233
2026-05-20,56.844210038286526,56.99786762685604,56.35961377779064,56.889201674916215,56.86426790101186,182972.36505637984
2026-05-21,55.75055825521672,55.91167749735914,55.39945661378019,55.7189957753479,55.73385496264707,362169.4132628905
2026-05-22,54.529572124220486,54.68899365358542,54.13765311472096,54.54187831431706,54.53070216600654,878811.1621858096
2026-05-25,54.09230700906775,54.21872147895098,53.86256995035354,53.98957235099148,53.99173738796339,752182.9024808422
2026-05-26,53.25329468314213,53.36660506647168,52.69628914962501,53.28521244417083,53.28727545276901,204258.6436027528
2026-05-27,53.40947407952731,53.66071729519504,53.47198627788001,53.49139901798021,53.50082727755983,241800.6457843987
2026-05-28,53.38568939224645,53.46367960444786,53.02271306096698,53.43017547053834,53.42621214774851,262259.29108486435
2026-05-29,53.5724951122911,53.58275181039603,53.047251795648265,53.55662470686211,53.54881325724615,176590.0971813459
