date,open,high,low,close,adjusted_close,volume
2020-01-02,26.7049680761525,26.77806072388167,26.5696497717793,26.736062606595755,26.73644943123839,57117.05471013659
2020-01-03,27.1034336362593,27.35341111939082,27.127033468175533,27.167145132486333,27.162610336374573,219905.26932280412
2020-01-06,26.070739280376085,26.34812188150782,25.957506420328464,26.09247950920756,26.081484516057703,160904.67107039609
2020-01-07,26.022385222172865,26.083146537945588,25.978430483041443,26.05379699902853,26.063790230761494,164800.898136049
2020-01-08,25.700255594059904,25.824532380441603,25.636665022720635,25.75210026163892,25.75845634480684,242832.39704361025
2020-01-09,25.942063203380066,26.18976967673401,25.93329828863156,25.95331033231058,25.959869241975422,292512.5301386635
2020-01-10,26.76888846963073,27.014356970867578,26.75656561638191,26.777247385112634,26.769765284713007,354426.1058531031
2020-01-13,26.246450908600035,26.31533624908525,26.25193590610485,26.257464745549807,26.26747052785218,406557.2028650701
2020-01-14,26.87001584618263,26.979876401265948,26.87290531685854,26.876685756080622,26.896055880648603,387750.1514518935
2020-01-15,25.584544942595176,25.608371864065425,25.475129685613556,25.58673677704803,25.57963466059088,183897.89249368449
2020-01-16,26.04245082502949,26.0655329607748,26.012934923773216,26.043509179111783,26.042920777290963,408562.8583336012
2020-01-17,26.141291299661614,26.22639624537779,25.974808976254472,26.11630905032791,26.112257692158373,125644.22285847717
2020-01-20,26.351426941989768,26.5228615577183,26.194233024426826,26.34561189071428,26.340981639938423,227052.4337057255
2020-01-21,26.581255589324154,26.83326348543536,26.568051750096863,26.597542556772204,26.597237686359595,274147.52870785585
2020-01-22,27.62269187154979,27.669481681536748,27.54838062716032,27.6575630663569,27.665500738932444,371262.1513514663
2020-01-23,27.75479755048537,27.853027298438075,27.59369081749447,27.738134958118724,27.727546982022638,679573.7291785859
2020-01-24,27.445871033799705,27.618934093617703,27.33075448224408,27.433942566885868,27.43678466841267,180826.86386642765
2020-01-27,29.682541136439127,29.74390629532348,29.440338881786424,29.72788270381957,29.71457993728033,516132.5626049935
2020-01-28,28.44856882805109,28.55542538822504,28.136057917037224,28.49087946831809,28.487634330043345,0.0
2020-01-29,28.326641931907147,28.325751288719083,28.2382520079218,28.31816816862335,28.319741382163983,573609.0832485902
2020-01-30,29.111069209875044,29.215521413954757,29.0637242338416,29.094759559749114,29.0882718288929,109731.12269078627
2020-01-31,29.76907557282401,29.94520451803332,29.653025716240464,29.765568107298296,29.78173935832049,159992.34913521586
2020-02-03,29.442826782796782,29.55296707981618,29.264628869784275,29.486441178538225,29.495112327168435,0.0
2020-02-04,29.462004398673635,29.55466842121125,29.41528713757707,29.47294864979945,29.47438421416907,323948.2822504563
2020-02-05,29.35471907327831,29.467532311190112,29.232082652501344,29.36975700621588,29.363017241738163,506698.2860865152
2020-02-06,29.17661533328878,29.20960018338054,29.068953044996466,29.15985110966376,29.165461922576664,721552.7858491242
2020-02-07,29.813086431959047,29.9865063121184,29.82308453004721,29.84937283217653,29.8491602756619,217036.5647388872
2020-02-10,30.94009366343774,31.07026890075373,31.00498200834938,31.02530065449353,31.01885484059944,622930.3656165398
2020-02-11,31.821640044150605,31.84648771764811,31.70624495869829,31.809623114620116,31.81711380616791,145832.18031889867
2020-02-12,31.749290181811887,31.864353314913256,31.75602566233764,31.75725505144323,31.757858895828956,122720.05467458603
2020-02-13,33.63341319696879,33.89155105844995,33.52661946872461,33.61133192219898,33.58824124053254,130235.19282994852
2020-02-14,33.45996041093002,33.52751670653881,33.380980180411164,33.50962753607776,33.50331411970273,630642.6829361209
2020-02-17,32.47962296658534,32.62422749280187,32.38576994441486,32.47552539567411,32.483791457767786,101169.64711986478
2020-02-18,31.624320612386157,31.79292163669124,31.64132672372805,31.650314114091397,31.64411741998501,338986.52324646414
2020-02-19,32.0841499172612,32.2462746631261,31.97452945592094,32.11156603875953,32.121250025420046,182502.54820986904
2020-02-20,32.400810105201,32.400719102720224,32.30548003154879,32.3719116737446,32.37310819164911,339518.41077922634
2020-02-21,32.24251546278017,32.26796793529311,32.076852660666,32.24387492755688,32.25208446271036,419199.7989522383
2020-02-24,31.89050156134776,31.915614682611984,31.529975081772776,31.85467112335514,31.85423665140212,351330.75600977486
2020-02-25,32.03194866430361,32.09994564493273,32.01086564956293,32.05826189894696,32.05890045624329,214374.13425659185
2020-02-26,32.90924504183789,32.94853136626503,32.8645765810516,32.93531656366548,32.94125528709423,284785.60583807447
2020-02-27,32.113120420392285,32.22456066738752,32.02970612293514,32.11650498843089,32.12355958688784,224965.519808576
2020-02-28,32.14244930150927,32.29169247447146,31.941253887464185,32.102228897637026,32.09897344625898,224055.691385288
2020-03-02,31.542672956665115,31.676054753803182,31.456545694485488,31.58922516386144,31.581762131608556,401697.7329723255
2020-03-03,32.152020627002976,32.25148044455063,31.89652456137625,32.123999421843315,32.12593273621437,134275.51370427283
2020-03-04,32.46581421696303,32.563662656152566,32.4400121867163,32.47602685326614,32.46101658803984,155540.12277449912
2020-03-05,32.100441010151926,32.20928643848508,31.994840164627185,32.107999510796844,32.10431990872096,303175.6567884334
2020-03-06,33.17498207590645,33.532616101443566,33.183864502233234,33.2092456332178,33.189754818269535,561112.3972467587
2020-03-09,32.3888020992591,32.758259213191906,32.42795145463875,32.4657521288267,32.46104206672319,206899.20322914232
2020-03-10,32.520379737976064,32.60938447476096,32.465180596076166,32.530773505681985,32.53014461681226,853885.2536427387
2020-03-11,29.65538998219593,29.72575526545504,29.64854932517543,29.698833314296117,29.70054575220034,80548.9840718288
2020-03-12,28.687091751041105,28.8157436799409,28.66152060459976,28.70705967806616,28.70720301148333,515820.796722532
2020-03-13,29.18882904287697,29.224449447605515,29.143457795167016,29.20710512755369,29.21891726055945,108932.4588419132
2020-03-16,29.70135844948824,29.7404647211175,29.7225024136129,29.72944586591602,29.7349164245684,280425.730081822
2020-03-17,29.02820030442474,29.039311295379505,28.999224066752188,29.03835739408133,29.035023023894283,265756.65868939186
2020-03-18,28.214160532253608,28.248044261605944,28.161262613221076,28.215768122036906,28.204447709958,236473.83815952783
2020-03-19,27.940237823243297,27.96665371187046,27.80905938138268,27.922385721764364,27.93332299797517,484032.20052885846
2020-03-20,27.32470842207539,27.60753788325265,27.21532714641296,27.3234006168154,27.317976731701624,475688.7498958026
2020-03-23,26.541059978607148,26.736200687330456,26.605486915177067,26.62354007797399,26.623091650129936,497231.0115714165
2020-03-24,26.645123273397417,26.740074747414813,26.58585755101239,26.65389353783699,26.65714041610588,288165.37109877245
2020-03-25,25.549278542951477,25.565629206374084,25.49877349537377,25.550095031307844,25.54320277322441,173258.57739629666
2020-03-26,24.43141257058159,24.500056846904396,24.34045191186687,24.445541875794905,24.44370116856901,529181.8620358208
2020-03-27,25.11395418261653,25.31230559512497,25.063912195857903,25.107492331139404,25.109056003149085,203599.06322886675
2020-03-30,25.318585899220096,25.34779560133159,25.326660427848104,25.340194414693965,25.34914957938867,780774.4558191817
2020-03-31,24.90038303431498,25.103482021610244,24.858193322516357,24.910203778698616,24.914456087369903,92510.63663942322
2020-04-01,25.157952851808457,25.363094625402997,25.08967457894828,25.158103848253344,25.16096383482483,237417.0625935911
2020-04-02,25.074306170577312,25.156401837410712,24.9016465542458,25.059904818245627,25.065649163269818,262253.1343104871
2020-04-03,25.63428730620165,25.67594879911289,25.431550327666248,25.62260175753403,25.614405710977422,352173.8975838338
2020-04-06,25.78280050010769,25.927346096919027,25.630745735175484,25.80688343402908,25.80463613839146,72807.08634399514
2020-04-07,26.23853873183278,26.32647521456716,26.106735067424,26.2456125965777,26.255106471118047,47084.2444058218
2020-04-08,25.868975213474556,25.981733946478144,25.842617280322543,25.86181700183603,25.859998380646587,87150.548882946
2020-04-09,25.899300191638066,25.981677712699927,25.812739602221463,25.91858422488722,25.921462928781384,435770.2243394459
2020-04-10,26.002461842382804,26.067592399110325,25.924942535290946,25.990820920965994,25.99476712976078,314331.4210808893
2020-04-13,26.176216964966947,26.319447591624904,25.959975671794997,26.157092249990576,26.13925547357061,219354.45569657595
2020-04-14,26.034019128718715,26.12197454708936,25.894254115438216,26.02784457272187,26.030518878969364,366937.55632405175
2020-04-15,26.02767189050997,26.081917907460383,25.94631881601866,25.99142456827208,25.99017953371654,213525.14991081823
2020-04-16,26.71358936832588,26.730683687558013,26.62755620854616,26.71149342486405,26.70820231782769,333261.5046432989
2020-04-17,26.6027938822527,26.71897815966705,26.295658037060296,26.598661881258867,26.606295358272646,275394.5657757116
2020-04-20,27.320030899165204,27.413554311517984,27.30020938997114,27.358837862035557,27.369705405434125,354800.6341035236
2020-04-21,27.10992806671032,27.23537424904127,27.113218565632533,27.17024008853672,27.17926534438725,218241.8549859367
2020-04-22,27.6697207298756,27.68729874472597,27.49130617869908,27.66077697621564,27.656484931326464,449386.37777939753
2020-04-23,28.25972037270317,28.24721036707733,28.0783689048768,28.24232752026382,28.247918026714395,178691.43270025813
2020-04-24,27.953836803351223,28.071703432430954,27.873217977263344,27.967243510122785,27.9773127075338,371563.3336463595
2020-04-27,27.824573900968264,27.99424836288998,27.68637309201668,27.785379951736537,27.79515565600342,270804.9284250017
2020-04-28,27.58528230526058,27.60240568401391,27.525605034133715,27.541674511093067,27.547713261334696,235610.14867401696
2020-04-29,28.72340324963176,28.73426912849105,28.564975067381813,28.71705228237412,28.720981755436878,148965.32952573334
2020-04-30,28.73752918252739,28.832799480056835,28.633668317317795,28.73887908421885,28.74523300978584,187558.25499178257
2020-05-01,29.30058391615419,29.47608512705577,29.115213415665675,29.32368731389028,29.315429064135795,456434.5053262748
2020-05-04,28.4259769232624,28.460144284495733,28.257060994923688,28.449113506509544,28.44678854588109,126824.71927796245
2020-05-05,29.428667709596027,29.63247586024216,29.390304752651566,29.428736086796054,29.431380772170364,336944.6735070051
2020-05-06,29.35470474691077,29.577917708657733,29.22401857288493,29.337318411186885,29.326317717547827,227571.4887019496
2020-05-07,30.535140662044228,30.551190683359515,30.495909661692103,30.53562484519709,30.530058121514685,398863.7247334368
2020-05-08,29.97147253502219,30.05397315052364,29.91671976986117,30.00630393326576,30.020967165308846,246220.96669791185
2020-05-11,31.550269261106138,31.619438943697265,31.323216340340352,31.58381196630525,31.58304061139132,94246.6077352328
2020-05-12,31.73469663086895,31.817107799619453,31.628819654879088,31.75626582970011,31.766725690341488,136369.48245006078
2020-05-13,31.29608819805779,31.39347920271973,31.295711792644592,31.37267750853389,31.37961040234593,321963.0098576302
2020-05-14,31.337189301,31.322814223429663,31.18963969196905,31.29822154325405,31.2743379730639,275157.75116768427
2020-05-15,32.17266525696734,32.17559709858705,31.893844311798496,32.134813120071904,32.13585417906054,813130.4012536238
2020-05-18,31.48485129571709,31.73403748167337,31.447497795551044,31.480708148177765,31.495230166490835,398529.3879265714
2020-05-19,31.083693602034018,31.1001931122819,30.77457827445075,31.054719688863,31.062144964496788,187878.67376303484
2020-05-20,31.689048002667,31.854207158381342,31.640842630206684,31.644324099244773,31.639856692247825,287704.6410403566
2020-05-21,31.52166766160389,31.600582633697787,31.314411860735248,31.51038805270469,31.50479822401055,235818.32806498653
2020-05-22,32.52358381589121,32.644414450889656,32.52260765574296,32.55164588935786,32.54088802681164,449382.0368873191
2020-05-25,32.669276370687975,32.7807614793482,32.56415115728857,32.691759752829945,32.69479075152108,450033.762177344
2020-05-26,31.61215305383656,31.6172800395816,31.504516349297468,31.55419794648687,31.55586656448861,270043.4581107907
2020-05-27,30.35567354029933,30.352892222255484,30.23171760506084,30.34460374172944,30.35440692985099,462027.1411854214
2020-05-28,30.14918030169085,30.22380962928731,30.04436824746904,30.198826453867746,30.20316749042224,172834.19037657217
2020-05-29,32.39389722790473,32.4595309788094,32.370286566748774,32.4104907676258,32.413001845747424,289231.3378937878
2020-06-01,32.399771825532106,32.43190320554864,32.08936018797189,32.3957207874293,32.39138490263425,511322.4413439875
2020-06-02,31.73795789143725,31.839327764526587,31.469444101805585,31.71185441848382,31.7215182632656,367165.5032073293
2020-06-03,30.450985666388537,30.640824806502064,30.40631271826028,30.497410207682023,30.49480322988225,176386.71304221966
2020-06-04,29.91648752765869,29.991260658840293,29.57729841520893,29.891782884972013,29.904931266750268,387553.4309983798
2020-06-05,30.135334205671413,30.21079964110834,30.10681600664612,30.156368769939046,30.147138993410177,370799.1500969736
2020-06-08,28.928426472614724,28.924526286088067,28.79385824581607,28.9126358714374,28.910562486744688,685250.7640876909
2020-06-09,27.51410439607046,27.50592705537722,27.47225561273889,27.49711067634612,27.49711067634612,162982.55920834825
2020-06-10,27.646499172904687,27.771173449584342,27.67922984596604,27.69545216822581,27.70109562011331,155852.79011188477
2020-06-11,26.463599791227,26.5589216341743,26.239155599682537,26.472346553935896,26.472516419515287,107271.54979345232
2020-06-12,27.50592638382296,27.501046903633764,27.45770528414307,27.500259246836016,27.502123520360826,439350.1284220249
2020-06-15,28.19213308645467,28.30531620932319,27.93027262988477,28.206295015653694,28.204866944898857,165830.74410654584
2020-06-16,27.479233183360343,27.50413367957153,27.43665761718908,27.47273129115493,27.481547555575958,528376.0964728275
2020-06-17,27.79304030913977,28.085193612571388,27.515450066639293,27.85911112675541,27.865564870615277,472439.7157849641
2020-06-18,27.97673487155164,28.243849734496177,27.963500769380403,28.011158217287345,28.010297539667494,186795.96391876077
2020-06-19,27.86832103640869,27.85142889020165,27.64389291610292,27.844552028655823,27.84554520821822,193446.52723475988
2020-06-22,28.125241778426087,28.190874217579584,28.105280184519888,28.11766420350413,28.120752669131974,202908.0770285228
2020-06-23,28.839151052045576,28.850667819382338,28.687281911663487,28.846516400586232,28.86351638462479,154084.12358422778
2020-06-24,28.79906629760624,28.89304933002115,28.72765505123008,28.806425384758573,28.803937769151915,207292.6926182154
2020-06-25,29.144434100127576,29.169030547987468,28.970325795981616,29.13272052442832,29.119396394396617,237375.5895759802
2020-06-26,29.226264101271585,29.439681914008915,28.967700768756647,29.25182809296537,29.24812973479378,224723.140491029
2020-06-29,29.956071681857573,29.968397469747263,29.774169585846952,29.933016582742408,29.94710007525585,306361.71408616984
2020-06-30,28.034796198562425,27.986393079024086,27.722075398520683,27.961011059656773,27.96729012027824,253905.8863438044
2020-07-01,28.06343033303823,28.191425479516425,28.01934471176372,28.0485689375053,28.0410024241856,276841.3427155179
2020-07-02,29.161353760624092,29.326309064387186,29.16989937213476,29.170656497763105,29.176071473424336,193812.09465520584
2020-07-03,27.806915049970662,27.837746905718312,27.654580965653647,27.83184074772276,27.839013117783555,708021.647937037
2020-07-06,26.86059482761318,26.890421156400134,26.811354223170568,26.87282621600661,26.87860291081352,377106.6027592894
2020-07-07,26.91595663068605,27.009811375436875,26.83308036624265,26.886570444495145,26.87928294440249,88709.34384635973
2020-07-08,27.266821674140388,27.34991878462272,27.274951194630287,27.30848402405784,27.303915552961943,775068.4145717409
2020-07-09,27.62176387862565,27.74169041113773,27.504342730809608,27.65450545132041,27.65450545132041,285532.1800686142
2020-07-10,28.246499596194624,28.35046870070206,28.1509637364215,28.25135478374901,28.239097561107965,236216.6970425363
2020-07-13,29.08301406929896,29.135231031835005,28.874560780982243,29.08178871783689,29.078161085832072,357904.3683169427
2020-07-14,29.390560219450528,29.592497929807102,29.366960224537312,29.426419535741992,29.422819703458423,554355.4774727846
2020-07-15,31.370062925557527,31.38199620648574,31.12119140312208,31.367979068417316,31.364286102524343,296861.31910432555
2020-07-16,31.317963007801573,31.413041550323875,31.010906347061443,31.31097947141868,31.29239830176212,346446.16355583374
2020-07-17,30.183322089438107,30.236611112093662,30.18677967487797,30.195518465939596,30.19985656143844,168329.45826445863
2020-07-20,29.83629507511048,29.899169566481348,29.605534398108336,29.82634110432771,29.82347513430331,343958.66677544016
2020-07-21,29.209722368902835,29.370853927940964,29.206631020698232,29.239672654828468,29.23145452146911,703700.795364259
2020-07-22,29.28735114698254,29.339145906970877,28.97161075109009,29.240663662206497,29.25140474484467,232922.12849977787
2020-07-23,29.73732506289873,29.82540436454897,29.731393430496468,29.77939713614596,29.77259942090449,124912.63509559345
2020-07-24,30.4670907520978,30.55681004679509,30.46400737554191,30.47576856480078,30.47353395662122,499378.657059682
2020-07-27,30.16929961754889,30.291290386292708,30.111747627099053,30.155134339104578,30.1614343211813,856986.5877625191
2020-07-28,29.937953482512263,29.942415648939537,29.859637578346888,29.90374832061412,29.9041330815468,132452.24954247614
2020-07-29,29.99902755651127,30.03830481456774,29.88360346384352,30.01470755422677,30.01382342546598,722813.4561265749
2020-07-30,29.055345384066456,29.13172031932113,29.053461238340304,29.058334360349747,29.054125019454123,539982.7529860048
2020-07-31,29.590826853367243,29.725199366479973,29.562117065030748,29.584914293282868,29.58661412744328,411348.085506968
2020-08-03,29.96438561522201,30.166791444535736,29.89207705219821,29.995036695350212,29.990877960015577,250860.76740839
2020-08-04,30.62755683202975,30.792647663550337,30.55156530279387,30.58809398324602,30.609739301946227,311555.14905756834
2020-08-05,30.641754549340188,30.67759274765653,30.5896772301951,30.62149379757028,30.62819865434553,195738.73537666464
2020-08-06,31.388749932621263,31.51240809721716,31.253876188269164,31.39620294388565,31.397021469329903,349868.4075368134
2020-08-07,32.33966808461359,32.625176948896886,32.31966499618958,32.332591199034816,32.32708885563915,449005.18309712206
2020-08-10,32.03503027572871,31.99617114094399,31.77131181475725,31.965738670952813,31.96957280370508,361916.3817081138
2020-08-11,31.09074402191052,31.12186222687597,30.987158613762578,31.11380156011699,31.11708030607068,161180.61512119236
2020-08-12,32.474016650241204,32.68549669820194,32.297345009961695,32.509485863009445,32.52427021560119,265613.72305586224
2020-08-13,31.566356032540224,31.705911405605573,31.553582928858702,31.606167491083085,31.60209912766632,314896.4939723427
2020-08-14,30.328710210374435,30.347255833871625,30.30170581573508,30.330562788632445,30.334406153552884,196567.30220117143
2020-08-17,29.47554365380604,29.572997741502856,29.309874557323766,29.452049737648554,29.465174485485228,234436.6169744619
2020-08-18,28.93169039416261,29.03023818411472,28.800616229044778,28.915074494427405,28.905548157893808,224340.71840308336
2020-08-19,28.157125941183654,28.206844701631518,28.110655850453448,28.130581428908016,28.129876512931517,165823.2801413766
2020-08-20,28.453513221805323,28.62430045894808,28.260624254750805,28.46440049889554,28.467296727953112,199355.93919004535
2020-08-21,27.505889919727316,27.833972473682177,27.240397236715147,27.463789413410044,27.466630849419087,212234.76453178495
2020-08-24,28.37386554338534,28.57823955757121,28.296163925529708,28.37810176345185,28.371178819811963,288794.8255450148
2020-08-25,28.692477019587127,28.71853726726924,28.657627213178905,28.705873015423627,28.704582080580327,436061.91019154486
2020-08-26,28.69825372805882,29.147636440192983,28.477437414551947,28.704635174844427,28.706309644241628,280709.4193490129
2020-08-27,28.850935344944816,28.870884950913695,28.53805936171149,28.853318935830625,28.85124796697612,124929.63999262694
2020-08-28,29.40258173564033,29.50979734389788,29.291026845897598,29.448182493369085,29.45627309016848,437584.1974150532
2020-08-31,30.575468377241137,30.762121648489067,30.4346959867647,30.57184201771624,30.56614268947765,440055.81607906416
2020-09-01,30.746613662789787,30.920448612343765,30.679842816950742,30.715778200897518,30.716652496752356,200482.72687394448
2020-09-02,31.211668184713883,31.40781030943208,31.129115890972223,31.24867423730249,31.24667332051816,344512.8189735087
2020-09-03,30.20962321466397,30.18795456834285,29.977328569047177,30.179351458677665,30.19255944281283,200396.4252762064
2020-09-04,29.78939846546269,29.957214298433275,29.78081089083473,29.79152411628144,29.79456188586314,493250.3384619525
2020-09-07,29.10127629117361,29.2441184746121,28.998286099842943,29.08422657182892,29.085629768815,0.0
2020-09-08,28.81976573116082,28.83933561058026,28.609524376279182,28.79887052008147,28.78276212086672,331928.2367880044
2020-09-09,28.366994502495672,28.368883200910613,28.306739558430717,28.368502119263184,28.371032467091855,244805.5647369433
2020-09-10,28.675274609844564,28.71658222027325,28.517342462140785,28.658114517808844,28.66485218053617,251097.9849487753
2020-09-11,29.033160072945996,29.110259270802928,28.97117152470433,29.03481076800196,29.03608850137114,345185.2043914755
2020-09-14,29.43127184222161,29.474627551226888,29.365069347928337,29.43755805149229,29.443697033455717,243300.0098969182
2020-09-15,30.19037809187545,30.5736633277912,30.11180855609525,30.197243029933837,30.19829396772959,168351.41002899298
2020-09-16,29.333499418850437,29.469703121987955,29.335427653112717,29.337356011182,29.336107678362502,236827.74213990517
2020-09-17,29.251659437195848,29.52170807214256,29.21343904827945,29.26567363873892,29.26672752575878,267647.36056352744
2020-09-18,28.813449797713485,28.97175412102652,28.8010215308032,28.81046535886674,28.804300221426068,138937.8589590323
2020-09-21,29.148918367874355,29.28133414054647,29.120827402559343,29.14726612166757,29.157084188373968,245185.33607691457
2020-09-22,28.47594357982281,28.82209885159909,28.48428074327961,28.533003864645245,28.52319598989964,779123.1518590079
2020-09-23,28.791399985004063,28.827854555849385,28.720583674659206,28.763254969251893,28.767373575533654,424167.1712329584
2020-09-24,29.294760980270567,29.305812441115062,29.09490540228674,29.27209089906732,29.276281884385877,484307.9887195122
2020-09-25,28.57455514551981,28.72261661518709,28.49703062373452,28.59933277811702,28.60357081707276,443236.0573430052
2020-09-28,27.578359716920836,27.64475986895254,27.24741982038833,27.57818609267417,27.58091765936923,554186.0209975815
2020-09-29,27.561466321143,27.738636190365543,27.50948135750957,27.541838859696128,27.548301083916087,233644.83230287008
2020-09-30,27.453460764816835,27.543055293180828,27.275748780373505,27.427825223505245,27.423422571486515,103499.86427393206
2020-10-01,26.316242464842684,26.458077449866607,26.276597868350358,26.32121389561301,26.314428032151447,368229.58902952174
2020-10-02,25.70591733804997,25.68481353428438,25.612372009904984,25.65380528442468,25.65493286131309,272876.34732373856
2020-10-05,25.796481179285788,25.832168188505737,25.727628225692094,25.79932985749608,25.79991729255553,352489.2046750016
2020-10-06,24.78384247247533,24.950970311692288,24.65475261741001,24.78506565546048,24.788046717451437,217191.42980612116
2020-10-07,24.544237484368296,24.63715609521819,24.518839786183108,24.587893586741178,24.595246969254585,413625.18793097127
2020-10-08,24.443455005208204,24.745715934399065,24.404782383160413,24.465771565424557,24.46824259725065,241736.76829043697
2020-10-09,24.377257601631094,24.453407058078845,24.31861791150327,24.39905078129383,24.401367252981625,93896.32072882836
2020-10-12,23.82809913031728,23.926521363450103,23.72396249574385,23.82348263830074,23.8212720958605,412317.2231952405
2020-10-13,24.16911999526626,24.295381685683218,23.99198469806961,24.136634511259924,24.131597182525507,538438.7234340408
2020-10-14,24.443987722268705,24.441081036490765,24.342502822186997,24.44037344698007,24.43750123502255,278278.8076606247
2020-10-15,24.205268272006958,24.16754988227999,24.04137676003256,24.14870917520257,24.141300214387357,1285066.6374667832
2020-10-16,23.50654071186437,23.52476361761491,23.40779986502211,23.51937305340022,23.51646693204149,385937.9749606498
2020-10-19,24.452273262269813,24.46541125199223,24.379546382203184,24.42916727283485,24.427871512052644,293569.53914416506
2020-10-20,24.584105985765312,24.55962530635536,24.39720995569224,24.52655478326583,24.511230431959007,221975.2385908138
2020-10-21,24.23936615057872,24.317496213954065,24.125751815217303,24.24718394258093,24.244311342266013,305346.61728023575
2020-10-22,23.817240475202915,23.87003480238585,23.787543274972155,23.815268175929127,23.815439142020693,217361.6758044148
2020-10-23,24.496676542918944,24.599339469356305,24.395074517970787,24.50164804955498,24.503385699312407,105956.3290266898
2020-10-26,23.54133379938148,23.675975788119462,23.546254826536902,23.564086030691488,23.56288990221518,269713.72224248253
2020-10-27,23.389960638598318,23.52357714594283,23.24340356391559,23.410971925773225,23.404844128604385,373167.9058653565
2020-10-28,22.402725795497915,22.446127167438327,22.362857641447487,22.41303089865348,22.41009898156677,373444.6708239213
2020-10-29,22.351456589201703,22.494625566407684,22.300634302111327,22.345544291560227,22.34800978582629,219092.35604401783
2020-10-30,22.45771538843209,22.484933107855607,22.40176374011734,22.438961422827283,22.438670319609034,339024.1486111449
2020-11-02,22.49219950848978,22.49059333396771,22.41205630615182,22.480727743243506,22.480638243265894,394965.99010336376
2020-11-03,22.786577088841607,22.82278669628277,22.76626426984141,22.800949500000492,22.804552757461305,181549.718164299
2020-11-04,22.612143304647216,22.695374436044936,22.46909637638641,22.595025044079357,22.59508191262939,265156.41210842493
2020-11-05,21.989090135217836,22.004451437602693,21.848914359067823,21.998897263940037,22.0029643245912,403502.028737364
2020-11-06,21.8276653113104,21.968706881767236,21.872284176529536,21.88203879867744,21.888007485949565,369087.8630381281
2020-11-09,22.56428579476396,22.635469979776577,22.539969021647305,22.553166284443986,22.55081506348552,1236098.8454810197
2020-11-10,22.37851021175326,22.411399167699518,22.304554219997225,22.365639069292985,22.373719440923622,525846.3077416897
2020-11-11,22.4995012401169,22.724901178894992,22.50216153139359,22.50903447478851,22.49829813326901,696596.8418293206
2020-11-12,22.139939352907565,22.19693071073043,22.047781800702765,22.17803619514025,22.180096694170786,361262.8685433621
2020-11-13,22.980962171888315,23.06117900420792,22.90412964867764,23.032186618253327,23.03426309605737,449937.8595928226
2020-11-16,23.688028087939685,23.69124574427528,23.6582655992722,23.67629508163474,23.68311458667508,125150.16528859272
2020-11-17,24.055749174596425,24.30425572036805,23.980290033124827,24.043348510828743,24.039713138555097,186152.5472333337
2020-11-18,23.539943883121417,23.5183421443132,23.501427352861,23.51458513986524,23.519248721027303,66306.55841656953
2020-11-19,23.36538372549834,23.486606031003497,23.31402064632902,23.3682888569998,23.36598677902665,221397.3372066383
2020-11-20,23.66998899539779,23.733783202087267,23.536952691599552,23.65244322455901,23.65041096882233,368547.9633189784
2020-11-23,23.733211435854177,23.877663804462465,23.587637838553054,23.722467146652345,23.72545789779794,195079.05095745443
2020-11-24,23.50807828072953,23.604576738118837,23.338868232482287,23.51084095146195,23.51348197488388,254046.74094899755
2020-11-25,22.74040825325142,22.909549213637348,22.716305393126248,22.728360445728207,22.72854057613722,132810.2515132731
2020-11-26,22.005171422024805,22.069958571321337,21.883184750305247,21.99477602748495,21.994524008948428,347653.6272583486
2020-11-27,21.138628276190683,21.226077951358675,20.987816702400632,21.099476935252724,21.10072990967095,91386.46075118192
2020-11-30,21.0637495807183,21.16781228820044,21.002941886578263,21.07648874302816,21.07344120394505,948449.8803831636
2020-12-01,21.53572986853339,21.66820117053249,21.447328958363872,21.499045070833144,21.507815368635804,389168.6223572887
2020-12-02,22.187331006097605,22.270874661506028,22.10303311307773,22.162793968963,22.17200708342574,269772.5160574499
2020-12-03,21.4929459814474,21.558906046512103,21.41950492831632,21.49866291366544,21.502525747573795,221987.9117964462
2020-12-04,21.86449678760027,21.91254969170814,21.717306664704974,21.86367507590909,21.866637694659747,176857.09932328732
2020-12-07,22.21432437974432,22.26720435702044,21.934475823564256,22.193225913567048,22.199875763082144,454856.3872003692
2020-12-08,22.56407348539245,22.56909776731324,22.51774162403556,22.52687510315262,22.53132976179458,295345.00836551224
2020-12-09,21.778932453764675,21.883661953194824,21.716248032942584,21.794332021748797,21.79191053546572,288727.258067271
2020-12-10,21.897698959681808,21.958921204491777,21.79589081983241,21.930221209627067,21.932714676027715,215678.932893448
2020-12-11,22.02844946856301,22.12972926669972,21.97942382840448,22.06370281917393,22.059164031103386,362693.9901995634
2020-12-14,21.58329678438374,21.68795194319694,21.49135135089497,21.591854176530124,21.59306101542722,459969.029939877
2020-12-15,21.297845647111085,21.35090462502465,21.2066369652744,21.29902076674574,21.30304872296966,158978.37838271525
2020-12-16,22.191709931872293,22.329442477428625,22.0993014236262,22.175514587395718,22.170918620090667,102850.48128687544
2020-12-17,21.75964889476318,21.957242423587736,21.74035083726817,21.753615898695,21.74257338775945,222436.94373574495
2020-12-18,21.64470265758768,21.69213569078569,21.610401552036123,21.632338722545043,21.62832497011709,247412.6364424455
2020-12-21,21.926284628232462,22.105986395123956,21.907619009702817,21.928792470304813,21.935873382645923,1058774.845343924
2020-12-22,21.934670759244355,22.000675513599194,21.88159343284943,21.92818250842925,21.918319158994425,170718.6708574669
2020-12-23,22.07355213324784,22.23900923558861,21.95294755017144,22.119414592244983,22.11949832433343,390646.8669527408
2020-12-24,22.30259916153852,22.303100116012004,22.25442650914376,22.29416456538202,22.30072554193959,262659.1646011662
2020-12-25,22.183773077612663,22.270128114820505,22.163460549220687,22.241804706849475,22.238883573334565,104306.19359778042
2020-12-28,21.214827150282076,21.224492386525053,21.12171678233003,21.20072580313085,21.20049434200273,532024.8148742876
2020-12-29,21.21014954053188,21.239460106718436,21.09633825086916,21.19777213687116,21.188631072209983,212311.9026675724
2020-12-30,21.391205899450195,21.4426449038411,21.31613297264628,21.415064426652368,21.418640627119345,255454.5259242095
2020-12-31,21.885208083377176,21.94231806900459,21.828938585481964,21.881674168270617,21.89401560064365,177491.0246947126
2021-01-01,21.93552372721888,22.016731883268267,21.922674203755093,21.96325406255026,21.960562791614464,310564.83278034825
2021-01-04,22.088352537713025,22.21857618495587,21.992662054872117,22.06158534362941,22.068893199981076,350356.686587525
2021-01-05,22.067155579812848,22.15196242937248,21.957711336106108,22.05641958053504,22.053995654559504,370893.457190143
2021-01-06,22.05411689235556,22.09797263654724,21.87336351395008,22.071724604983817,22.081959319481104,0.0
2021-01-07,21.59872146561097,21.82459456904036,21.471689245749182,21.61724582221188,21.621973136743208,306221.70018585585
2021-01-08,21.530234525762506,21.606056426440045,21.391236597503525,21.51432623520257,21.516101830317837,280821.2350880223
2021-01-11,22.00226312472649,22.075351499816325,21.81019213517944,22.005085181457485,21.99890065248508,266014.41016585
2021-01-12,21.411530480603684,21.50386660626081,21.277829543130903,21.3994374261952,21.408003834493822,464178.3648870411
2021-01-13,21.4302203418892,21.602936915797653,21.406217506197198,21.426999906995896,21.42554685081305,437693.0776761357
2021-01-14,21.706714108159904,21.80610277917969,21.60086752169907,21.71132008754152,21.70656422824617,118799.40780076964
2021-01-15,21.049216342990658,21.357242497715312,20.9866864768454,21.06728390102101,21.073873021187744,357534.7547033589
2021-01-18,21.00513117856028,21.127590143674546,20.994039928736758,21.00311530533821,21.003048768132583,103485.31986684422
2021-01-19,21.04168579389344,21.08244231084387,20.90352174250357,21.02715279405185,21.03113027918257,316926.0293040884
2021-01-20,21.30956732760644,21.38968462677472,21.25035636904251,21.36505648702645,21.36154949355715,257524.99393787968
2021-01-21,21.303041351678857,21.453232861132054,21.290658023458487,21.31852361393501,21.3262543492824,277627.8427385899
2021-01-22,21.673536549282687,21.88562060776984,21.610624701478237,21.632011832719694,21.62314524973701,206295.5438989673
2021-01-25,21.228151674131645,21.344869264318763,21.12524687414765,21.20875035028162,21.208334713785103,2190640.7736303965
2021-01-26,20.89025642659732,21.0147524861434,20.750356231477536,20.92611783209905,20.932025638370483,99539.8386955135
2021-01-27,21.37038195954741,21.35394018724764,21.247702637542123,21.315031768542116,21.31821784035474,133864.86451950573
2021-01-28,20.39581803347373,20.460963267073225,20.293721741216054,20.38218290171015,20.38114559952396,364246.6868229362
2021-01-29,20.948396714218315,21.0258780980828,20.940664248655445,20.96302245661313,20.970296781175215,296269.6745142704
2021-02-01,20.95546671636849,21.028967526891407,20.883591259887503,20.992173943115112,20.990222197349684,264440.4289484951
2021-02-02,21.78329361652558,21.87790565401256,21.65083163893044,21.785373673305237,21.783134445541748,609853.7176781911
2021-02-03,21.473716312153204,21.572106678378606,21.48361185781349,21.487053390800767,21.48881322679621,464631.8004360828
2021-02-04,21.28802176427195,21.513085153910637,21.23390186701093,21.290075052688746,21.29484937824725,229926.4954473115
2021-02-05,20.805426892361314,20.87345061293627,20.669322219822217,20.791029912217283,20.792665716613307,140664.87196305167
2021-02-08,21.497759601682915,21.47442229334784,21.409769876993504,21.45752139112282,21.462338106677603,275349.5495544953
2021-02-09,22.132293234656597,22.211553506917777,21.92202781367148,22.119884131729112,22.124251286117936,1050878.2489286256
2021-02-10,20.73006567195287,20.77127224239786,20.475943009643306,20.7358507959652,20.7371698949904,358486.1107737754
2021-02-11,20.27597560736844,20.332863123860207,20.136179309151583,20.279814986897307,20.282424188998828,279818.46990165627
2021-02-12,20.065080552580703,20.0469258441191,19.94521553606463,20.04518339793393,20.051630930464714,535514.7248986509
2021-02-15,19.596458621810765,19.780013301099597,19.556947553191264,19.618800307697555,19.61601246837348,418792.1708211598
2021-02-16,19.766668282296138,19.825222324561583,19.597449315266125,19.757194050006,19.759795272898405,226839.96040546935
2021-02-17,19.812491169625844,19.93301303218456,19.74661360823622,19.812006742974017,19.820922979340864,224434.2725054456
2021-02-18,20.30956286822093,20.31005504844872,20.24964987315579,20.294739465457468,20.3007447030196,162750.93145525837
2021-02-19,19.561702084054964,19.642626137374677,19.456542525386244,19.564770580656223,19.567026636407384,452332.9477020928
2021-02-22,19.61653701045231,19.615042329188377,19.58241507123437,19.596352689858048,19.59137029901009,443287.5768841786
2021-02-23,19.682283526540665,19.821938121990165,19.66017914164001,19.70925473890559,19.71852792860704,189501.2900579904
2021-02-24,19.61703035433816,19.680779114308898,19.391459818659467,19.6224368685366,19.620324520169035,471695.9042482444
2021-02-25,20.025666556087263,20.130729520967723,20.021771029860226,20.068932740754796,20.071147710066025,722591.1473128115
2021-02-26,19.95695363326428,20.06690857642991,19.928154733143653,19.942420682226643,19.94829273039092,82265.45935116721
2021-03-01,20.809550072570065,20.831096831429,20.728008921384443,20.8298465278715,20.82444639682638,238085.77043576923
2021-03-02,20.226075127937637,20.362677915707287,20.10428817878098,20.24698433522133,20.253988450229738,546149.1660724431
2021-03-03,19.64621284831617,19.719074961296148,19.5127689888006,19.61919495158892,19.62260731099574,127609.8734438372
2021-03-04,19.023536766077925,19.124220777343133,19.03557148446795,19.036400956216227,19.03689081892521,316200.2098748009
2021-03-05,19.29009214815584,19.37057537844789,19.23345471601268,19.31037428172689,19.314570449996697,114522.6386750638
2021-03-08,18.818073833463952,18.92231986452076,18.76270478990383,18.816900786647945,18.819206065619813,157080.6972369886
2021-03-09,18.81771930715505,18.82001418579216,18.794907800492275,18.809434671709614,18.80180850440144,147011.1602137363
2021-03-10,18.315449574192247,18.30439262069257,18.27415222398663,18.295662972150836,18.29283001052706,206611.68802696603
2021-03-11,18.45188672100224,18.587457840438397,18.41449743493776,18.46430535578685,18.45658905990606,268127.53823731915
2021-03-12,19.096748862499272,19.125986989962986,19.0357247541128,19.080305514173556,19.08011281047544,205624.25359061264
2021-03-15,18.507944612735603,18.54624067185329,18.39689242306961,18.51655832069568,18.509734167839333,254952.23361193456
2021-03-16,18.799421564035026,18.87232259343895,18.657216462494105,18.781334488149117,18.773433794209605,192481.27978991836
2021-03-17,18.66477590582274,18.719022769552065,18.458329459372933,18.65385875810892,18.651222158517196,125858.40064481951
2021-03-18,18.699477999994524,18.68482677838321,18.4953617628789,18.66143560887197,18.664135752017785,221448.8904873759
2021-03-19,18.24098019957293,18.330542703723435,18.19480427486323,18.230649137693103,18.22268088357366,483834.0621317056
2021-03-22,18.23181727547372,18.40438939355617,18.133849982708075,18.231586979298523,18.228273175941805,617447.5237474936
2021-03-23,18.264368256268693,18.251482276245262,18.20034517214468,18.244730637035108,18.238805855702772,156814.86199832946
2021-03-24,17.937624316999784,17.9639945827962,17.90217286331173,17.924670656555158,17.928999553399105,256173.9482314531
2021-03-25,17.769974788404927,17.91213480346584,17.560644679141944,17.778844972136454,17.777710674377804,207799.19974359707
2021-03-26,18.031295810611283,18.07450243820668,18.036120990432945,18.03739762388806,18.03408887476236,171505.89623310114
2021-03-29,18.136259030815182,18.21257373497882,18.055062452866768,18.117064363945115,18.113205955245924,264814.0306770942
2021-03-30,17.107508839968354,17.08878603742037,17.006251350251837,17.074178573990388,17.076016456336394,338935.73643906444
2021-03-31,17.65138412368016,17.722675495399606,17.655805319757796,17.67113335286244,17.669341955403006,187129.5921339648
2021-04-01,17.203317581112138,17.258282473323174,17.052711403195485,17.22849705071261,17.23308234799034,119312.5072245065
2021-04-02,17.14177512774827,17.196935928168514,17.12439763582439,17.133428654762547,17.13674460080818,319197.0738881571
2021-04-05,17.383434136070125,17.37675658960588,17.302468726054673,17.35992789485048,17.36373393917168,279173.3331849433
2021-04-06,17.4008700938945,17.432611543381828,17.370492354142822,17.384970818159655,17.3780207867079,95573.82622568248
2021-04-07,17.811617654007687,17.833773458467885,17.70512223358019,17.80427472761574,17.8085556262025,152620.41864841315
2021-04-08,17.75072881240867,17.850336127113103,17.58378507259779,17.75183950984348,17.748924912856694,973887.794078332
2021-04-09,17.62335294548245,17.731617130129543,17.566357677288217,17.611443913485303,17.612340967515,458466.0126624614
2021-04-12,17.655370120966385,17.697556418541637,17.57788711492858,17.64134754857001,17.64453194245876,168441.28707945277
2021-04-13,18.243670333029776,18.39536924161972,18.188861852862008,18.23048729951043,18.228009593395395,170847.01962581417
2021-04-14,19.11874208165233,19.234812101317576,18.99837658849477,19.115896981037544,19.11756509388978,283407.48229698004
2021-04-15,18.867808926370625,19.02841599485012,18.622068999363776,18.87897736729452,18.87836698526865,163941.3670981368
2021-04-16,19.22630763326664,19.29384392419834,19.13012321142735,19.2315733328798,19.22683211339665,178155.19176800287
2021-04-19,18.7599238276936,18.80702152939961,18.72377714699979,18.752898980890773,18.754398824573165,176069.72808150173
2021-04-20,18.22140160653524,18.268386524583203,18.080480185218363,18.205760495784247,18.20373269008168,102101.25368464852
2021-04-21,17.033241361083487,17.07259376834711,16.953583753788788,17.047736026524696,17.04763407634894,375202.5485721931
2021-04-22,16.618057956413516,16.680469753256112,16.472010756040344,16.615459619670435,16.625390271866422,66955.09055890002
2021-04-23,17.032120586525036,17.158977279843914,17.01045848914014,17.02641102949638,17.032387648600775,71058.26179338222
2021-04-26,17.342757224121446,17.38639914731853,17.29993490091265,17.34455687887925,17.339432245155827,580704.9003601903
2021-04-27,17.443472138664788,17.60160311296295,17.44006088000686,17.450178530231938,17.450161398871202,141448.46010506217
2021-04-28,17.086555675068677,17.118516514163495,16.94175432355375,17.080559816282502,17.082099022188196,254994.95703768867
2021-04-29,17.818091403161898,17.82655775481398,17.78502229498663,17.7857912373362,17.784493463171682,421897.4665664216
2021-04-30,17.888762461577695,17.904206849473187,17.881422580518333,17.898109658997065,17.900821553518703,135846.234744909
2021-05-03,17.93791269720746,17.98113225197323,17.927071321113985,17.93162089577901,17.92984215037585,297484.7849070265
2021-05-04,17.66439615730839,17.74102181933897,17.505603661932774,17.667559549262887,17.665127164276395,282124.7326085947
2021-05-05,17.680890193037794,17.699590970157313,17.54880669943876,17.692701471987444,17.689415322320297,729327.5914252419
2021-05-06,18.428369370277515,18.465847488704924,18.29428056436124,18.414770152370124,18.4128354362312,241154.89648223692
2021-05-07,18.24204397296115,18.29220271806214,18.18016877606208,18.254873918714477,18.25855048814798,927831.7780162988
2021-05-10,18.414834083668477,18.433094328954265,18.205492093782286,18.427804561363526,18.42856967844792,250828.88189494077
2021-05-11,19.09564451610715,19.223351551001983,19.015034646791403,19.093694843758414,19.09315603446263,180827.91127788377
2021-05-12,19.90509248209339,19.899790885427134,19.87813336559636,19.880196556840605,19.88536650895291,459667.278331104
2021-05-13,19.36969655859445,19.41173018360548,19.35481359884263,19.36039777682459,19.36287042247284,460295.3097151182
2021-05-14,18.84102640959517,18.92797702779147,18.77510253730892,18.830088794184704,18.82788391698586,356509.4603730409
2021-05-17,19.274739371300907,19.29286034638454,19.15378217116045,19.254050140613256,19.256854770620087,994260.9642023057
2021-05-18,18.64260457081299,18.692763675372294,18.499899869037165,18.65373413914258,18.65858180228328,107106.0387682454
2021-05-19,19.102011875527,19.16288991971287,19.05886312951703,19.06534674213372,19.06809607964576,120176.39753163548
2021-05-20,19.12006992661212,19.221706349574774,18.948265848231543,19.12282369885301,19.125238845050895,234384.0444711985
2021-05-21,19.68006504876204,19.70708953191694,19.533736301869187,19.66987638630293,19.66913101470712,150954.88911019778
2021-05-24,18.88318975160558,18.94191707373355,18.855260619382523,18.864607056337103,18.866770833434355,123842.7330177918
2021-05-25,18.925920494087617,18.9813871204826,18.955444292816576,18.95753370123461,18.9640192743629,322217.5889481791
2021-05-26,18.832765121144806,18.82626767639085,18.77400498083951,18.824746610703205,18.82840714453183,172299.39311655844
2021-05-27,17.60506748962051,17.702211593193343,17.521941492259682,17.580493952655047,17.585478765049054,748299.0974107428
2021-05-28,17.92732888150259,17.984242268873697,17.86582394303105,17.921129566402644,17.91994526357493,252097.0578469481
2021-05-31,18.681588725375985,18.7348829819732,18.675802310038744,18.693098478471832,18.697079064512696,352191.71429668425
2021-06-01,19.579125683445003,19.65036670028753,19.40834940361941,19.548849250584794,19.54574075462175,197710.3526545868
2021-06-02,20.12733247651582,20.1232765780278,19.972359210442377,20.110616585230648,20.107880888107054,536711.9789658802
2021-06-03,19.63422232569232,19.62768687382176,19.58341017138087,19.62755620754334,19.61604449085028,107422.0992556196
2021-06-04,19.354646418263528,19.440164118369637,19.377533110860917,19.391605171294323,19.38646503252989,231068.2008973966
2021-06-07,18.52539950604955,18.53849977904934,18.47774140083603,18.52438004876345,18.52561878032787,208996.89029172005
2021-06-08,19.191302348366616,19.17114009614904,18.99670672724929,19.169769773070392,19.175272734023128,428046.6475728016
2021-06-09,19.47341185396282,19.54148566046722,19.35589020387683,19.505232899823856,19.51349982373101,226627.53190159303
2021-06-10,19.205090258309923,19.25542000328347,18.956725164203,19.187660412254647,19.18986295015285,303546.8427525097
2021-06-11,18.998422269047182,19.00836097455109,18.94722781740899,18.995227786051156,18.99646480185611,828012.4709133022
2021-06-14,18.98499718732187,19.05075720315155,18.837247747755395,18.99759993815642,18.999476322802064,346043.0238991176
2021-06-15,18.588354540885597,18.631708388685816,18.5626860387072,18.57978357529184,18.57882951170581,399574.0830141386
2021-06-16,18.2263252643258,18.351929306829145,18.12271788115689,18.21288126644088,18.21111202582072,382498.18604893936
2021-06-17,17.854690777752342,17.960489726207065,17.839736771374525,17.851396634582674,17.851592902403418,779791.9274971472
2021-06-18,18.17277207144437,18.22914466793224,18.13278859444462,18.17358912753268,18.17591183597657,356247.6799504294
2021-06-21,18.652850138541684,18.810909990567048,18.541126202610894,18.65744664168347,18.659605599419866,950938.1407610304
2021-06-22,17.621922286011863,17.726207044251712,17.6064235179694,17.621165828475487,17.62671923219911,206624.3037835963
2021-06-23,16.865610751093786,17.004790035408114,16.889324093393377,16.891126113143766,16.887552721626154,835126.3710685966
2021-06-24,16.803782739248874,16.868188776993065,16.70747592309185,16.787813947572065,16.78370861373515,833110.7873638647
2021-06-25,17.54012593028816,17.581333673646295,17.539177905206177,17.556751302967765,17.55496492413419,204578.71733852147
2021-06-28,17.607709240334874,17.588211156797737,17.52328002399249,17.57995719023501,17.5812981029946,444109.486757003
2021-06-29,17.71369984153977,17.765384085102983,17.65948325556498,17.69998729006807,17.69394757204695,908522.2545001422
2021-06-30,17.19090107154032,17.20922055300981,17.078166857350112,17.204791052569526,17.204304287128263,708184.564345039
2021-07-01,17.597758926706646,17.6963719119311,17.51749011251536,17.628607769721384,17.626899911663585,122585.5358343196
2021-07-02,17.795296136616965,17.82290252864035,17.68588581391469,17.821826815215154,17.824050783420255,449092.9958591582
2021-07-05,17.136763544674054,17.17086092011776,17.08878558411322,17.151654712908936,17.151767095845276,219736.01765951057
2021-07-06,17.13939710179803,17.19907257179913,17.06941579017932,17.114928729003218,17.11765214882655,78404.82419487803
2021-07-07,18.07102615591961,18.095918948118804,17.9774115525541,18.03565232906324,18.037258033853824,183910.8572511555
2021-07-08,18.010491418769984,18.08489700312517,17.970449448084054,18.001904859020023,17.999313347321923,475134.2385928856
2021-07-09,17.93731192194785,17.997033595766663,17.675444096534214,17.966704256425373,17.971669122476904,379723.3529746711
2021-07-12,18.090497486124683,18.19080014427148,18.05378495358015,18.090308879196638,18.09354116676504,377203.3625567064
2021-07-13,18.57953912575139,18.6451855363598,18.54529640266605,18.573805595093457,18.576256659224413,141659.32967918165
2021-07-14,18.68732596392943,18.898979682660247,18.615326981082347,18.71656343540984,18.720465097312527,398056.6739243772
2021-07-15,18.11170540121285,18.29429902219147,18.106281747857807,18.122770496307563,18.119955482078957,236957.425759362
2021-07-16,17.29555103278705,17.456963526862623,17.174819668977907,17.27934132216048,17.279401053587183,155400.48929659475
2021-07-19,17.1019822463347,17.188975865720206,17.100549242129627,17.10331911991201,17.103235689978895,74625.01574582445
2021-07-20,16.989100076156173,17.129716243989154,16.905514406869706,16.96777791420469,16.970453550877274,156840.20391724893
2021-07-21,16.49384238060812,16.56755349679037,16.465331843387816,16.501338821686534,16.500137488001908,1698665.4257497697
2021-07-22,16.700806813431495,16.79951296543875,16.693599428365868,16.701280581764724,16.704524229187744,388411.6464583159
2021-07-23,16.32525805184756,16.34595276940767,16.310332962678203,16.31982049387336,16.30869235107826,176922.75225754487
2021-07-26,16.349285812908505,16.35879971510511,16.249149516128586,16.344552563248644,16.338310749774585,374677.112892508
2021-07-27,16.560615946944534,16.711644848011318,16.5050270290413,16.555921992183553,16.548091812379372,143809.21140117047
2021-07-28,17.02899952414964,17.089888304682383,16.874354942712774,17.02114065461685,17.021601603760367,148849.84935761194
2021-07-29,17.198212484656924,17.32037166765253,17.163709394263,17.203737669463713,17.21533725044444,76510.32668944776
2021-07-30,17.22031748620805,17.262189947645922,17.09524209870827,17.22555625223657,17.230801202414384,232973.12005106657
2021-08-02,17.01117903368295,17.025446986340675,16.954340341376717,17.011256893706438,17.00707058975797,309966.16787228564
2021-08-03,17.110883516187492,17.14361948132262,16.959041216000827,17.104253093024766,17.097982277395232,252812.0500803644
2021-08-04,17.14510582484397,17.226022849311814,17.089704119258496,17.149317267674032,17.1453571196442,310450.16680222034
2021-08-05,16.49519185366478,16.540333649202687,16.47833619104972,16.512484703511905,16.520070026744108,499591.1716400004
2021-08-06,15.89907539792927,15.943228699134908,15.8376066893855,15.896178199445028,15.896640416198824,305657.81609932566
2021-08-09,15.967181263859787,16.027352991860337,15.904964127910787,15.972610683330716,15.981863988618604,252511.79137534733
2021-08-10,15.2093912959652,15.309321427440782,15.189887442376492,15.191957471420285,15.19845336705278,244347.5023521953
2021-08-11,15.392898983866246,15.420411379970568,15.237855375026797,15.410358324069035,15.409111238636616,146623.40367147728
2021-08-12,14.706466625057292,14.849669683204,14.665381860614628,14.73591546106836,14.734461112850216,297153.64291532506
2021-08-13,14.209106047880049,14.255993989305466,14.09206291493136,14.219910044616748,14.215782858775423,256874.3194485949
2021-08-16,14.158985625218918,14.213834636565547,14.097109918969505,14.16222676581196,14.159210691782896,122168.9584660066
2021-08-17,14.366055242948034,14.455635402081189,14.312054356312512,14.35507849588221,14.355711169837027,187839.1581781041
2021-08-18,13.820966075653304,13.842592198470271,13.788597143955649,13.827288154127055,13.826682695397148,213242.5932996197
2021-08-19,13.418431982017417,13.452185576551743,13.409829462872104,13.412590881583592,13.414393669147918,320925.96627222287
2021-08-20,13.632751685321658,13.656656642562425,13.61466561886341,13.62920670256056,13.626216626078918,741380.6735998627
2021-08-23,13.123554729910138,13.188093615504368,13.04855649362514,13.11787479037202,13.114127395190854,220223.3362947413
2021-08-24,12.954446803195289,12.947477409726494,12.869416559734368,12.941466066108386,12.935886913157036,303173.6295662684
2021-08-25,12.751153730090516,12.75638584313226,12.73763232992426,12.753662650014272,12.756563057399264,390794.9343094423
2021-08-26,12.717074906678176,12.856325607895988,12.597119602823268,12.725132829520692,12.725247856557909,249564.5673785874
2021-08-27,12.276130015256724,12.294267152281623,12.276060045316427,12.28261216980305,12.280517754030695,159583.35539939432
2021-08-30,12.686614252758105,12.752690632704388,12.579571325539249,12.690873793671164,12.68810773455922,82589.34154241042
2021-08-31,12.87911863055004,12.974073443242654,12.89605834780771,12.906603297939432,12.90653214821124,218802.78622086576
2021-09-01,13.12180377595338,13.151803313635453,13.094209610619316,13.117996472098678,13.119348283499017,464357.14478907327
2021-09-02,12.995481522148012,13.021814919161647,12.981215093241394,13.00342789514048,13.001343413597146,170997.7134105477
2021-09-03,13.041698213960055,13.118923024560967,12.946567537678774,13.034621490542085,13.032662575325864,215940.18786639077
2021-09-06,13.14571357170914,13.321369410353515,13.04255241182587,13.134587206394766,13.136593142966849,44903.14222683493
2021-09-07,13.08536036699306,13.216557831141234,13.030316262381412,13.086879040824035,13.091409774510735,132106.81909152298
2021-09-08,12.9883759081774,13.036235150727835,12.981880377587002,12.990605758844294,12.990714017407688,576307.3473759423
2021-09-09,12.97678509742158,13.114974637374411,12.863294096088456,12.975066789289288,12.973168170856006,331929.8519410648
2021-09-10,13.299168963784458,13.29782164402836,13.281376387396085,13.295077710306543,13.290256214311595,690627.9127922171
2021-09-13,13.113561726801354,13.119871204256416,13.07117197553993,13.104640294665138,13.114526839499188,768828.5198763921
2021-09-14,13.059110006107794,13.11422537970918,13.029182065062098,13.031672322253392,13.033301878483046,671980.9980902656
2021-09-15,13.060521989331756,13.13611260877448,13.02088460751063,13.08879952667152,13.085337644089265,404494.8468527525
2021-09-16,13.363709274402389,13.520133414683349,13.37742857763247,13.380549269862138,13.377576342983438,330458.14396343374
2021-09-17,12.74218729504309,12.81783531823321,12.706540171532842,12.754285141138158,12.753090475479452,330033.4761241328
2021-09-20,12.984471292158322,13.081136775472796,12.94010939369825,12.97330155786037,12.973446820895846,571622.8784761374
2021-09-21,12.42361715795779,12.479203327542695,12.412016497668986,12.428136212988363,12.42779673119066,309163.6904430753
2021-09-22,12.095566109391596,12.140353397822237,12.037813102282284,12.106050549513975,12.107788191203902,580606.6825250508
2021-09-23,12.26515432969816,12.361672322161926,12.204573893127485,12.294883484559168,12.295750295978335,212176.5856138895
2021-09-24,12.838012712305918,12.882405488135388,12.829581292509047,12.831244730161874,12.831450637818188,182753.6032658316
2021-09-27,12.763674153633966,12.850175765528498,12.70692416404601,12.748781448160376,12.752975436043668,330464.2950787637
2021-09-28,12.751356477811898,12.76797364191247,12.729158976760736,12.752345118228344,12.749138762359117,329191.5006720659
2021-09-29,12.536027009883997,12.543487289160607,12.45275563894456,12.53022081214911,12.526921321775472,118476.23653644102
2021-09-30,12.676789356874838,12.718442619600632,12.64065402157669,12.67406569886059,12.671976227935229,102437.78861919694
2021-10-01,12.78961378640638,12.837535946045731,12.774432065364977,12.786220491768033,12.783454051654209,225177.02704218004
2021-10-04,12.755851811030457,12.798258515504086,12.62357542350872,12.766591133065829,12.762570146185608,425376.8685500824
2021-10-05,13.22885995795609,13.289811222069224,13.196413098514196,13.196424590563788,13.19677005440644,250774.750728315
2021-10-06,13.48947111238252,13.513029319244453,13.476533821980173,13.50627837103373,13.509427547676998,171432.85633115095
2021-10-07,13.517895477646702,13.566806778826244,13.47934177563365,13.52688242043568,13.520031862603078,243406.83021088145
2021-10-08,13.837364154590716,13.969754046658837,13.782554624039198,13.84714308135012,13.846289444777964,151835.70196162575
2021-10-11,13.569108289909767,13.57655619667466,13.523720152519385,13.571577955604855,13.570691476160702,389814.9558469484
2021-10-12,13.443281680583294,13.510335403386929,13.334848654559858,13.460079917057238,13.45948085061596,390088.20989385474
2021-10-13,13.10435362289063,13.157358590578204,13.009072019932184,13.1112924821941,13.110179074786192,299863.3795413315
2021-10-14,13.258062422219377,13.347658577925298,13.253188934974425,13.253645038364503,13.252800681424588,608103.4704438047
2021-10-15,13.23414065713421,13.261448611323146,13.126797746030707,13.22844187675348,13.229291635624689,425192.49668152025
2021-10-18,12.689393891217277,12.73516044171473,12.60234627386748,12.69455588568046,12.696898525548557,434168.00671910594
2021-10-19,12.861962126705452,12.933262042806728,12.798089940795697,12.847203649676851,12.849243685787949,384714.37597288407
2021-10-20,13.18177416601907,13.190696679766328,13.163618789871563,13.178380932682176,13.175026072455871,333536.9097173921
2021-10-21,13.052659674946144,13.059236697128348,13.008162039445706,13.038554761071389,13.031344625538486,90403.25765702833
2021-10-22,12.957690718340505,12.97650553880481,12.950740237169478,12.956310423842728,12.963145980112849,268647.10943630384
2021-10-25,12.664852945521265,12.66344150860194,12.587696545084516,12.650209907453853,12.650235362304256,252785.50312312288
2021-10-26,13.394274279399548,13.45294895986314,13.26273479234753,13.393015512473731,13.398319890888592,291042.3799330483
2021-10-27,14.44015401800085,14.453860920000922,14.44286605357317,14.444804573993496,14.44631156801499,562312.986923135
2021-10-28,14.233695140889012,14.349837362360152,14.2090796367771,14.229390053266112,14.224933380961737,163488.47867154356
2021-10-29,14.29478858323001,14.375267243966825,14.17792544248629,14.293467919223684,14.292841774100602,118828.98640956193
2021-11-01,14.171527507747175,14.199320055847636,14.1461599903623,14.156238909067296,14.158135749495148,328425.076827282
2021-11-02,13.995410295196988,13.983663577454896,13.960954210699374,13.97176692220551,13.978567578393758,529444.1613715367
2021-11-03,13.901390073108471,13.945024905906273,13.77323973214997,13.910738980467226,13.903728036614009,298540.56010431494
2021-11-04,13.952796581315532,14.046311214323255,13.948584731534178,13.966965659962783,13.967884544598595,110976.06154938838
2021-11-05,14.05050413519952,14.083906726170866,14.033511790070456,14.043471526446544,14.04131255488301,425204.67114995583
2021-11-08,14.312843589949305,14.471891232467456,14.23043443194751,14.310328717782635,14.313264116371943,270948.91429807246
2021-11-09,13.915314119831445,13.940246513386468,13.85485995575198,13.897855894273736,13.891367932069334,223633.7891783262
2021-11-10,13.60468593858652,13.59715991167974,13.477819212932532,13.582582316979774,13.579682086499146,292010.0774235684
2021-11-11,13.757048082411522,13.848772161687334,13.769312935027628,13.77745898967821,13.776188051025317,145809.29919051158
2021-11-12,13.762299213135837,13.812454804624306,13.714047417595504,13.797774278223718,13.798134883087885,202209.2184412845
2021-11-15,14.114202325407676,14.107806725502565,14.105303114593292,14.106513043489697,14.105245328233464,193211.8239353413
2021-11-16,14.000824016050023,14.038013806864424,13.923513181663,14.004388554010353,14.00600665088341,195390.8666379846
2021-11-17,13.99994753337418,14.163199452298736,13.951367292743504,13.998740444263897,14.005545681968146,579693.6977034694
2021-11-18,13.689954451957249,13.713689651322673,13.632849276042382,13.700860822078434,13.701092408946565,266614.50339115446
2021-11-19,13.597077759190624,13.710712871704247,13.574760469507892,13.629086434729714,13.62403128177716,870275.0511116205
2021-11-22,13.782333079687648,13.775339900805902,13.679747555834943,13.764211249624283,13.764475533940807,386999.3001295831
2021-11-23,13.79707491807244,13.899703898371236,13.73922354646083,13.809152740097687,13.812733215382435,103500.04892726554
2021-11-24,13.795638475079963,13.962543560995732,13.75214976251849,13.808494241563269,13.812089812775332,0.0
2021-11-25,13.534733128240804,13.546910677228734,13.437072313399868,13.528686474818969,13.528190680682464,303893.75991568755
2021-11-26,13.856373682940726,13.964782132886397,13.762433550840216,13.840944499582308,13.84123035218966,199539.6219840368
2021-11-29,13.961959334387364,14.042005311344065,13.852400124294102,13.956491217429802,13.95695595593851,169976.1515772614
2021-11-30,13.936102939653738,13.993449993204038,13.785649890429388,13.942935436062749,13.94086961724278,151310.64887708004
2021-12-01,13.76219630989449,13.782995831735713,13.74453027265816,13.750093784684484,13.744968463744316,301752.61325972417
2021-12-02,13.364357209514186,13.390787293739578,13.335445361368455,13.368665061625384,13.36943824015385,640145.3390344551
2021-12-03,13.382826731603023,13.386324166526837,13.366868726843055,13.373520762988791,13.369417735923538,254423.78667271676
2021-12-06,13.373229671425287,13.378607068084222,13.33990728663142,13.3735361334891,13.378301343143228,158168.59167377165
2021-12-07,13.228533841310576,13.322033624719962,13.161575859111135,13.21366066350308,13.216259096876437,249321.0297877261
2021-12-08,12.964627279241183,12.978692417921495,12.876324821727144,12.942044827346184,12.93815330742558,183492.34394343177
2021-12-09,13.51772913327778,13.53921743980523,13.486346668034594,13.51716954241013,13.51421095422346,617087.5587647425
2021-12-10,13.580799687455618,13.608891466357838,13.473910216703612,13.5885843328704,13.589035392720024,496521.3132590304
2021-12-13,13.541614932596993,13.61698493386677,13.468737399276035,13.566720492246215,13.571969177309605,311974.23462162254
2021-12-14,13.752997174493494,13.771780904153976,13.73934942215241,13.762816054372626,13.762250529521834,362296.617386065
2021-12-15,13.597645641903584,13.697282468721518,13.600577660847623,13.608720254671082,13.606451421173428,221156.27118355889
2021-12-16,13.734893607920624,13.714008355950272,13.711545616562448,13.712464008139376,13.714554151241757,326985.41683462006
2021-12-17,14.102055828606538,14.147707410106392,14.063430475919544,14.110158663637336,14.115600267156374,160071.34912378652
2021-12-20,14.435113350690056,14.519673802158035,14.3732147970354,14.433278257049958,14.436786023905018,265805.51742122334
2021-12-21,14.345892002655008,14.44288405086728,14.296220403806624,14.351911085103342,14.346122862739564,181715.2341814905
2021-12-22,14.697594524004993,14.773305728072938,14.655797334980155,14.710880013678038,14.717730283508212,409791.1322755878
2021-12-23,14.991142293945405,15.040788067169084,14.85278165876159,14.986999922532172,14.982787173422444,529086.4524465466
2021-12-24,15.171506580119486,15.256248651025382,15.095005295012331,15.169905048648292,15.16958620550593,321865.29276240425
2021-12-27,14.766077654676028,14.767915827219062,14.634740248277494,14.742362584009369,14.746492816974373,337667.1539263564
2021-12-28,14.869146225557964,14.904304137122576,14.879209106121795,14.88290009222463,14.880313509959532,163850.67586279966
2021-12-29,14.34092053790372,14.45871487172547,14.245696891870049,14.332891932721042,14.330755137520832,382060.5306953348
2021-12-30,14.550574830171234,14.59684484796943,14.534554442712514,14.557088630252949,14.55989290565141,236949.64997461135
2021-12-31,14.593167067964384,14.7231270281096,14.608239161424557,14.618157687639023,14.620392404834462,393797.1915708911
2022-01-03,14.02665796799296,14.045951059341096,13.986524514706028,14.006994292297922,14.010008158286976,147220.50762542576
2022-01-04,14.308989075517996,14.334006576772618,14.264113305772335,14.295375242714064,14.298665123517331,246365.08150545368
2022-01-05,14.281783382247015,14.292284578746813,14.21073223477591,14.239644195203688,14.237648021081412,449673.6621839657
2022-01-06,15.041449141967847,15.17806418469442,14.931404190795702,15.02571194269045,15.023756457638932,183138.79455368983
2022-01-07,15.736166373617204,15.779406537638508,15.61790463931074,15.716255009718909,15.70862175069407,229011.20545685705
2022-01-10,15.932181903800226,15.959069610294073,15.86512433087006,15.907567525359836,15.906236823568324,386482.2843272435
2022-01-11,16.433414911492584,16.457392420671987,16.261507031677983,16.436126332777594,16.4368464765326,220491.65204790575
2022-01-12,16.67261707630634,16.804576102011264,16.528234390677262,16.693963503042966,16.692364818079014,344176.423142624
2022-01-13,16.389682351342444,16.46448825122058,16.39759547240195,16.412233886915697,16.414357762605082,152940.12684888783
2022-01-14,16.8094303958832,16.899557815588853,16.824354564738805,16.825834721008167,16.8276344354669,482667.236870836
2022-01-17,17.20178695845928,17.228242246613714,17.16508457480096,17.205241380099874,17.208076393865017,120771.89442303592
2022-01-18,17.08675889575255,17.280273397046802,16.868827471723375,17.07070433555245,17.082038864368588,202053.7119431208
2022-01-19,16.95393467454422,17.00962157736781,16.85788696774131,16.93919681815259,16.942418124913637,505804.5285647227
2022-01-20,18.089444217124317,18.300288153202484,18.039491464430977,18.08625088341557,18.083906125159317,246803.6222304408
2022-01-21,18.689111490793373,18.70492200043569,18.663497896142168,18.677889258260716,18.6725894287375,331871.2484695239
2022-01-24,18.39528142147484,18.40314614463008,18.17505731124948,18.395917903684744,18.39200868896572,142555.96370116487
2022-01-25,18.068054662020693,18.12716441946237,18.02212806675399,18.0763924928498,18.07267711316167,307766.7850233681
2022-01-26,17.878599192789185,17.97341562871461,17.790853167882883,17.902312427497005,17.90616094280371,180897.4534343428
2022-01-27,17.841652688480323,17.905812595432064,17.789247738148525,17.84500314660774,17.848012687552185,561481.3625940088
2022-01-28,18.07265446674289,18.158405300468523,17.979804010363534,18.065139650763275,18.06328356692514,171859.06629737018
2022-01-31,17.936977306140296,17.976274930649588,17.90417011842663,17.951293702659136,17.946278617049813,370752.02872464055
2022-02-01,18.467004157728333,18.541615087172485,18.44181690796505,18.46210397945768,18.45348434812984,218951.78975548415
2022-02-02,18.27703689410002,18.372860081424527,18.10157300542328,18.281972461292973,18.280401360911192,139783.03824145533
2022-02-03,17.866459359078895,17.91394523499928,17.791710234933134,17.850952257558205,17.85633653682609,387416.8650485338
2022-02-04,17.7015732761715,17.821645889903735,17.56697515756008,17.71286800723976,17.716753551095977,265888.78765361744
2022-02-07,17.930643104588675,17.934746268849917,17.82891134641471,17.925990444926416,17.932053166731126,338139.9226790236
2022-02-08,18.666655189526107,18.76098156675117,18.59421882486661,18.656683460043023,18.654284208796973,164379.51413504287
2022-02-09,18.2113354127612,18.30385534330394,18.217955632161623,18.24223526577901,18.233430036871308,203850.1460824792
2022-02-10,18.272818108554933,18.38120277359461,18.29113279184425,18.30896543916697,18.30276693773972,129276.58885485088
2022-02-11,18.815069978729603,18.861550571212742,18.828284150065144,18.854640918994416,18.862185081542776,180979.8056240761
2022-02-14,19.081574101034374,19.20491156365904,19.067312625029853,19.073331431251777,19.07013225742597,222572.5460775874
2022-02-15,19.47457410723365,19.509647822746267,19.45846089955638,19.464560334560463,19.47131188188824,283667.5559516972
2022-02-16,20.24205420080097,20.302129744503624,20.13804001806852,20.237219012313897,20.23650118944389,299888.37337180786
2022-02-17,20.825429607917712,20.895989323915213,20.794017148586065,20.853263134888703,20.85273798415917,231586.58673695088
2022-02-18,20.55452552670227,20.687209389555,20.491943144444395,20.563386609764887,20.5544707411404,418463.8686845458
2022-02-21,20.441232832913325,20.42034493750121,20.266311049662303,20.409514977677365,20.41027196801034,135915.82775568013
2022-02-22,19.6499403248838,19.92041402307012,19.659188741415647,19.70130954201784,19.70010899267433,524083.738514477
2022-02-23,19.682171741118232,19.749356698632297,19.623764599747936,19.68616995357031,19.6854158785118,292254.660440279
2022-02-24,19.72333909139677,19.87910832038312,19.6742634603704,19.70632225163536,19.706106892709453,118501.79168106391
2022-02-25,19.908355993661534,19.92505744549949,19.77088249761525,19.868365258286683,19.87413543165705,532170.4202887391
2022-02-28,19.9313234557974,19.978105625956157,19.89959858900362,19.938800337496996,19.93729200842341,199588.5975831188
2022-03-01,19.848917718411005,19.89555056849287,19.69316128345877,19.870348215580204,19.866812130023792,172287.62597480937
2022-03-02,19.968908618227555,20.12436121091176,19.84889810081334,19.97554248454948,19.96935949227648,351877.77299895126
2022-03-03,20.119600890617026,20.150274451969757,19.96509077533635,20.101462768386405,20.11118303906107,134780.56706869736
2022-03-04,19.997395904058784,20.1395726975379,19.783281795421534,20.01096244820188,20.0118667513467,377509.8494758656
2022-03-07,19.877772539322343,20.029695293861643,19.747321999771792,19.87304810722773,19.874127060043516,278822.015639125
2022-03-08,19.56054727344453,19.67570943521036,19.55212591536913,19.57666590887848,19.578928879365986,281563.65704438224
2022-03-09,19.98106148088384,20.200753013601368,19.95846074655224,19.992397367728664,19.98778836304825,287074.7279109219
2022-03-10,19.527057549201967,19.558600751330147,19.395811541534997,19.526622756028694,19.52308235588196,361992.3549308216
2022-03-11,19.521888569557063,19.65795898011469,19.439678052219737,19.51828666086601,19.521817071086613,157757.28363398212
2022-03-14,19.688517682589985,19.94486036203197,19.65935160372528,19.708686322946445,19.71659971740093,347266.9005295359
2022-03-15,19.76007125445893,19.80306670132278,19.717867421078317,19.75816703745789,19.757988449703568,450337.4953467629
2022-03-16,20.259075130156184,20.47271908116773,20.225276876158663,20.28800684225192,20.28229835558468,167969.08913847164
2022-03-17,20.240786767810604,20.35583037257074,20.036573379551463,20.22465511044292,20.22157957786507,129151.34682535534
2022-03-18,21.00967404218614,21.030689176375574,20.949325142467814,20.97554147404676,20.97247728983635,177446.05452574804
2022-03-21,20.994505041884675,21.05219275485963,20.96424613779877,21.000985585627824,21.0084296375943,496642.9096426918
2022-03-22,20.891328632860937,21.03046452507499,20.70741021044524,20.886843900723512,20.886193348426936,240824.04435246525
2022-03-23,21.527373406120876,21.606679129803496,21.523755221560997,21.538074329768538,21.53554965498386,371039.0553916206
2022-03-24,21.33066902709609,21.4129059200384,21.21749975309067,21.35409936175836,21.36250412858294,239179.3162023673
2022-03-25,21.36327107098628,21.43913594118401,21.243109083587747,21.33902747677724,21.33649522635796,539788.5637978524
2022-03-28,21.48845351980081,21.51790331316573,21.42483002993468,21.494105170558253,21.49384352043373,162337.71317631807
2022-03-29,21.33235744440313,21.417524358181257,21.097030260244345,21.31409473138409,21.306126360685163,213013.94350547984
2022-03-30,21.48817310951748,21.536877561884964,21.31090930054912,21.453822828421416,21.450676666145625,226871.92730572296
2022-03-31,21.83435568551269,21.95766883140313,21.85708741009968,21.85991232840445,21.859827347265472,422016.4369788364
2022-04-01,21.899774408565303,21.90750812022822,21.833320176027687,21.86849086402465,21.87265230195917,66892.03938915623
2022-04-04,22.775521859814948,22.89585338139989,22.745146306265664,22.78161969602978,22.794787682070297,391884.9162393365
2022-04-05,21.953344131147777,21.966374719546607,21.78720164463597,21.94634653992282,21.94179414584568,228016.9532767769
2022-04-06,21.91215195226097,21.962244362587683,21.823471503188944,21.901877763390942,21.901601450444662,88376.51773202716
2022-04-07,22.182529540795368,22.248493533062224,22.021970059243397,22.18046023729771,22.17167009396922,413974.93998013984
2022-04-08,22.08677960948176,22.242719011142395,21.993576260350725,22.09688576815153,22.09474120897868,190804.9850578565
2022-04-11,21.98630900586866,22.02780585781729,21.92601768506417,21.999377680433284,22.010604872466445,650069.0908256839
2022-04-12,21.29455508066724,21.320341616708056,21.058684608492594,21.27605038000499,21.268688961835988,606148.4427390767
2022-04-13,20.73947346312065,20.94873257593881,20.72990469269578,20.76373032216065,20.76995374735828,82327.04252392339
2022-04-14,20.791545443602185,20.937850443134234,20.73731131992481,20.771513578782827,20.777390013422508,622275.7074615224
2022-04-15,20.41434248127576,20.454493284756698,20.315382580422504,20.426351274189543,20.42691441812068,282295.46227257606
2022-04-18,20.529923168372363,20.661766088544777,20.41966982933051,20.56696975117664,20.563769777471784,296826.13409586105
2022-04-19,20.050227921637884,20.20413608575567,20.083483197488327,20.09809954630405,20.09545493668324,135331.74507223294
2022-04-20,20.16524561251268,20.22267259398321,20.13913936444247,20.18624157028911,20.18148347116321,201116.21140238707
2022-04-21,20.85839235206512,20.986647768323817,20.741984722778565,20.861292509758027,20.869482263103507,839213.2750515116
2022-04-22,20.45206052199945,20.56012146073923,20.284532299570945,20.460301366889663,20.467409516298385,115063.82748531204
2022-04-25,20.764761544453968,20.986469344641066,20.78417348080813,20.786231590526885,20.794609653643825,156150.31685935493
2022-04-26,20.76107972252983,20.859044525368244,20.82590217956284,20.834882477565326,20.84013110261196,363376.0349892303
2022-04-27,20.888440411116456,20.932741213468898,20.825720041104056,20.88975472976094,20.892894226791054,250663.17474459345
2022-04-28,20.62424297885804,20.638762044612697,20.58010276501285,20.60780908191975,20.601742970362167,355650.44438344607
2022-04-29,20.555263225355493,20.61438932583981,20.47933256832474,20.592254169473318,20.588923472640783,329037.2711769445
2022-05-02,20.79037479445659,20.86438547529645,20.74947441109485,20.800078001160397,20.80087169191962,333919.5825238849
2022-05-03,20.74591274704584,20.89485605503422,20.658151282700725,20.76584709270834,20.764942466097025,120372.54298642612
2022-05-04,20.688724749652163,20.71501599130486,20.604807565516605,20.687967824841746,20.692953249469426,144146.608909579
2022-05-05,20.109601938517315,20.26019039900614,20.010904393638384,20.13236233152917,20.13342310613044,138923.283840147
2022-05-06,20.405669579701915,20.57604879569811,20.33211526837645,20.381666472554567,20.38398208157241,548497.9097085122
2022-05-09,20.41889626962596,20.522620435575384,20.343811764751607,20.38104565526316,20.3840068508838,234474.1901631732
2022-05-10,21.05888870298347,21.096204545110677,21.00996932258873,21.086566810047348,21.08693951317459,440689.2816590362
2022-05-11,19.78024422712221,19.83129266260305,19.72050053000408,19.823603067112437,19.8213089063591,264197.2682989496
2022-05-12,19.88512257960153,19.934236000577897,19.7691313118004,19.88515594648513,19.888111335758357,321077.45759566734
2022-05-13,19.567104422097124,19.75549400238623,19.40811894504704,19.542054363496195,19.53988652921278,177146.10742317466
2022-05-16,19.56191977264768,19.66509737049844,19.47826102924397,19.576432108430907,19.581413625985338,254771.9959305621
2022-05-17,18.87947231692186,18.930909848522685,18.832202411311936,18.875935249915383,18.86994015934945,259297.13019020448
2022-05-18,18.9957634457004,19.08608358495636,18.91271331507866,18.95607603397129,18.955946107907184,141357.93912541546
2022-05-19,18.98677402411831,19.22285180757043,18.92087449729498,19.000107609912195,19.001851176602884,145283.1726217216
2022-05-20,19.189514715994765,19.256564824665592,19.05096632919517,19.152952285993766,19.15464392810575,238403.93075011345
2022-05-23,19.433109092879462,19.59305804705128,19.410725268423946,19.431817033743453,19.435678023735534,302262.5502099955
2022-05-24,19.444885769798244,19.52775351280334,19.29545046541465,19.433393854764518,19.431717434663646,120034.86645154183
2022-05-25,19.76184905539797,19.864504519894115,19.719807803330376,19.74043187758739,19.73957605363596,256435.29341080805
2022-05-26,19.67561833036036,19.78992608691975,19.46200650122116,19.65820334123316,19.653108158966283,180205.03413090063
2022-05-27,19.584779950328247,19.700928572581127,19.498120468696587,19.59217360169651,19.58784748684761,563633.4784722949
2022-05-30,19.306236696278518,19.34726448018673,19.11945263785304,19.29721067406447,19.294276444476004,156335.87988602236
2022-05-31,19.58397583665596,19.67055503293254,19.506089390421774,19.59253655984914,19.594142086955014,390044.4607792144
2022-06-01,19.231453634161163,19.2953314254824,19.162153129282043,19.23911915497772,19.238896054371143,190110.0668618575
2022-06-02,19.770503338722847,19.924534886435527,19.697004021033603,19.762680691566157,19.767587447694822,546398.0250404514
2022-06-03,19.833467969773743,20.113402782163437,19.824195322135203,19.83447546709801,19.82773213752942,63376.37973658367
2022-06-06,19.522456904068,19.623845861647474,19.405659778407543,19.5212573356484,19.51405714083004,229562.9920507782
2022-06-07,19.52807304971329,19.62873571687345,19.49658342885988,19.537288417638194,19.531685678520347,187234.52373208271
2022-06-08,19.339799650638287,19.366216104035068,19.212801590554147,19.3417447038237,19.33751131491048,166839.7188923948
2022-06-09,19.309488249397518,19.41947708230117,19.11117299955499,19.312231777710064,19.313357027307838,367682.7442636535
2022-06-10,19.391230328620527,19.449348127590657,19.387865873761463,19.400152865573222,19.39441198726914,634899.0367218477
2022-06-13,19.77401764148465,19.80181558813912,19.700260528817584,19.764809656423196,19.765145903705463,459113.4179345112
2022-06-14,20.025335624006757,20.212491858853767,19.989618769250946,20.024290784593735,20.032394695386408,256959.87647456423
2022-06-15,19.457168616672543,19.526207519006057,19.4359151453148,19.453853955760557,19.442958982159976,165792.03231133276
2022-06-16,18.56770017942853,18.69782618652675,18.426727693303544,18.57646085950861,18.57739242929422,482505.0531987413
2022-06-17,19.00641280187316,19.11706896805213,18.919975164198163,18.99624358183223,18.992668774499123,136905.38167342357
2022-06-20,19.50775445866013,19.606814087124533,19.479596971377784,19.50677683784226,19.51521096957551,155222.74619344762
2022-06-21,19.20529426352499,19.31008204107092,19.12028804290394,19.200809076877448,19.19591948661362,441309.8844954364
2022-06-22,18.8883740307055,18.936473954383136,18.79619719988416,18.90471408054533,18.902099884226512,250889.0598405348
2022-06-23,19.81315229914618,19.91974602430892,19.72480473995143,19.85618285662928,19.855928470518087,141821.530017323
2022-06-24,19.99816948781956,20.186309335592544,19.90770613695176,19.997666352166423,19.99955318470997,311141.04787682346
2022-06-27,20.03621726739323,20.12582648996507,19.89990214277348,20.00189310748382,19.998390085327067,350351.3929521313
2022-06-28,20.75740489617301,20.870081844310267,20.62736491079649,20.741582155628997,20.741085119962698,217157.6815450689
2022-06-29,20.409376913862317,20.433356134084733,20.25997667607361,20.40278998412302,20.404654103820956,292431.2635973068
2022-06-30,20.189830612663112,20.40591175904244,19.995931471450287,20.211065251017335,20.215804449936627,165785.64657426576
2022-07-01,19.93394667137635,19.930956419355457,19.80928004802889,19.90460567183021,19.91272998706923,113061.39044129434
2022-07-04,20.1153217816413,20.15135795370649,19.989535137655174,20.093005957324404,20.090763797678573,333035.6432848926
2022-07-05,19.590973410259423,19.66744660816512,19.465066294386578,19.57003044907682,19.572880907736245,390656.46521630784
2022-07-06,19.69094850369756,19.828675532051715,19.701515977198216,19.707005017471616,19.702027402745845,276386.5930838737
2022-07-07,20.27979409773097,20.333855862671932,20.153083589636505,20.272930080992843,20.27021265122582,751362.3827892182
2022-07-08,19.940812199257884,20.03653297676827,19.93568742447006,19.939455850057147,19.933650894444813,191622.16119880075
2022-07-11,19.86450582421443,19.88563569165081,19.813454246187906,19.868434037624365,19.87579783453511,380033.8586143232
2022-07-12,19.291992090773856,19.335718400505584,19.238593182785152,19.302377004742077,19.3067439615946,178594.35077706596
2022-07-13,19.70810122492757,19.74744233325018,19.589362937494045,19.69334235704021,19.69265800189515,420211.1433067991
2022-07-14,19.558377399351475,19.60180650099731,19.31607412124202,19.564405900002395,19.5639137661139,202049.7829944589
2022-07-15,19.370115087261823,19.32907316814311,19.162164226180955,19.31950100719377,19.317012043129893,170922.49619139984
2022-07-18,19.193067532897604,19.224779458350465,19.197445366270248,19.214139906198117,19.21728202221332,201781.35154522196
2022-07-19,18.18321336852149,18.370537996408636,18.12887381342127,18.189552547326063,18.191981763307812,165734.65632924138
2022-07-20,18.00914001687103,18.136867654677044,17.95824742932019,17.999319801716542,18.00215670390607,135575.77296336385
2022-07-21,17.675993224387568,17.795453100859167,17.656838283531034,17.699603392067612,17.693978366492235,192531.18097869508
2022-07-22,17.956671245892103,18.18749542687019,17.78393914103626,17.956942909599853,17.962303667548163,257909.07014225613
2022-07-25,18.6026031904787,18.59514820385861,18.46336198467301,18.5933873882019,18.59799195195976,417882.84540854266
2022-07-26,19.15176421320676,19.191070786789066,19.129371018588675,19.15703673741845,19.151977257355824,739676.0451898462
2022-07-27,19.556731897279786,19.586112724041733,19.45459922716308,19.57673343333136,19.56730999940889,131984.21140955802
2022-07-28,19.67910070866916,19.729415773929333,19.63288203612937,19.694972055454087,19.690226865186503,181424.70720075135
2022-07-29,19.55921615984273,19.68738623490971,19.539945617952423,19.581104219903253,19.58548793441152,589075.370565338
2022-08-01,19.40670781448555,19.57523191365622,19.29800450233373,19.42641318431562,19.42839103986476,462490.8141707846
2022-08-02,18.91662593358662,19.110544073827626,18.907236386542834,18.966148824067204,18.972106327212984,318771.96131073585
2022-08-03,19.010300268917543,19.09770194857103,18.92828694147305,19.01658857726589,19.0202142730466,849812.9168527107
2022-08-04,18.93535532070978,18.94986652787385,18.860992141058915,18.92377364924388,18.924443175108923,327825.9556277795
2022-08-05,19.256660847305195,19.2461858453817,19.204983258937087,19.208136486029705,19.2129441661644,611384.2510631563
2022-08-08,18.965823000631303,19.087329382934005,18.9185450462779,18.939911705194127,18.928864765579245,221889.4917938171
2022-08-09,19.031385521070096,19.06504511676321,18.865165885292928,19.013170053603595,19.013842980916024,121733.08458408744
2022-08-10,19.72590948584017,19.79015668263825,19.59066073686049,19.73633466049769,19.7419461558404,405150.4797964426
2022-08-11,19.68174381355342,19.70050777596805,19.66335848403646,19.68944936742125,19.69188976885822,246131.3469211631
2022-08-12,19.741737004842022,19.738431995554343,19.539446813083483,19.73572691066566,19.73681123138116,170732.39758266072
2022-08-15,20.138251345034018,20.28425498341031,20.132226995903267,20.134122854947684,20.12872255591876,102514.0036046866
2022-08-16,19.72949790395796,19.852102785592937,19.5015075945339,19.718734731455587,19.71477357651115,129859.28519986392
2022-08-17,19.672525113155995,19.724668539063355,19.58399503566822,19.678539843598653,19.68070707966014,80450.26554870703
2022-08-18,19.48310721628899,19.52496275994954,19.33461514098927,19.47515750636849,19.479861669964723,408713.39402675896
2022-08-19,18.53292147906266,18.531287892557355,18.430771596098367,18.52564654011697,18.52874637745016,285967.505066725
2022-08-22,18.94182249789345,18.967199173879425,18.88407575389948,18.948184240222925,18.94578618982016,455954.0136479011
2022-08-23,18.790528029436143,18.775589911249646,18.694724413978054,18.76244475507609,18.767071852417683,561296.9209502267
2022-08-24,19.189484432866056,19.246872113913835,19.04543439121947,19.182697932251585,19.17557593331446,161159.53622584333
2022-08-25,18.34528143248048,18.44389013523653,18.324771701374576,18.33662646762773,18.332285281598963,131025.11292101804
2022-08-26,17.615638997879625,17.64246007173824,17.57274298702431,17.595601530580076,17.594084251096067,217060.44475684196
2022-08-29,17.251327286927367,17.340414389113374,17.147385862235883,17.26250389692239,17.26321046818782,245573.52334360743
2022-08-30,18.025435722145403,18.04873038628468,17.983646260116224,17.99239981329061,17.99423371655421,192468.59950471437
2022-08-31,17.820162366449377,17.974254786227124,17.817928902744473,17.845698149104994,17.851875223472177,357195.92412801256
2022-09-01,18.10743880669896,18.112315765694227,18.03542839019318,18.10986712548099,18.107698543573147,432446.6643940441
2022-09-02,18.54142182820557,18.57754515478273,18.390450962421674,18.545459524130965,18.55003954248544,364922.2073399631
2022-09-05,18.40021075851177,18.4183529385198,18.34577790408032,18.407681889833047,18.418068287028085,616271.7561550022
2022-09-06,17.702510231948146,17.82042667093918,17.69294307950077,17.695259659246997,17.695542096300727,493771.78322198655
2022-09-07,17.20872279978911,17.339035880314437,17.153069310601193,17.215000371964607,17.216883364817175,570677.3995534459
2022-09-08,17.159122706984487,17.27007407602539,17.13508926283253,17.174024314832927,17.174759387915707,158556.77934558567
2022-09-09,16.92586257109107,17.030595442331194,16.847206067184924,16.944971604227355,16.939879858901328,174842.3936890885
2022-09-12,16.995751103399417,17.05808642595798,17.007660085262238,17.015941239528022,17.014160014866103,197528.95221410468
2022-09-13,16.734331589564857,16.88033693088512,16.727480634459024,16.74157180160676,16.74327983336595,61401.29608190846
2022-09-14,16.558137779714727,16.670186531012952,16.49118158645869,16.550601287147984,16.54404321534271,604404.596852749
2022-09-15,17.597445818076547,17.6118756440824,17.554753442271974,17.577414999964674,17.5870349508285,172312.7470898466
2022-09-16,17.409635842673058,17.458416695899537,17.348855561520182,17.435558092817608,17.428313223454644,644119.9450162454
2022-09-19,17.51425355223122,17.606166107033342,17.429412464326106,17.504923751691145,17.50558859931394,127320.82280687774
2022-09-20,18.34185965780834,18.431547477757587,18.314400068996243,18.37224125568809,18.37079653223559,576847.4689514972
2022-09-21,17.85020640091491,17.93218518539153,17.7610103395438,17.841945156222106,17.84282559970373,234837.83702416773
2022-09-22,17.66209109006655,17.78040295922936,17.601015286703664,17.646114312586942,17.641375030890657,357805.941704148
2022-09-23,17.311885488696852,17.34066408738304,17.23358678497761,17.307313259648264,17.30597606637384,204347.75571985132
2022-09-26,17.063408111023136,17.11952309719337,17.00481128933439,17.05142325478066,17.050594042167823,103966.37530436771
2022-09-27,16.880165176246212,16.912789770372296,16.767866336566577,16.84634513303658,16.84620743342947,164729.00212203397
2022-09-28,16.5804634636916,16.64287881520671,16.44293759535207,16.580809962075488,16.580585888371786,163808.13805833322
2022-09-29,16.431037121695425,16.445564070736587,16.266956717116763,16.423650800712885,16.425648155556008,330503.76838881423
2022-09-30,16.7089982189264,16.78986519646063,16.67229393584607,16.70393849319354,16.703365270196933,222947.4521541381
2022-10-03,16.2975282036537,16.383872259291696,16.233012291843654,16.316356926171917,16.31266169401044,206279.4967631314
2022-10-04,16.127648914903055,16.14445864091929,16.106526096036593,16.117215899202858,16.114034840761736,257128.5052794374
2022-10-05,16.42500197029238,16.57276084807731,16.32636875733304,16.434449331333788,16.426798582041172,187487.51205215065
2022-10-06,16.043402251565535,16.064073001889472,16.009999918853936,16.012774216662336,16.011129477397684,265716.24478894606
2022-10-07,16.028232154731818,16.10415277445975,15.9783057138081,16.054035295985763,16.059654276302634,169606.45329035685
2022-10-10,16.641246391228922,16.67970173332345,16.620015871851862,16.64294491894015,16.646212629127604,263673.98737526865
2022-10-11,16.830572761495546,16.942966678024018,16.76937209169254,16.791956096868162,16.79375809425668,315909.65024878486
2022-10-12,17.407984586601433,17.463923141280343,17.321315561626555,17.390555517546485,17.395013923815462,447392.8844531108
2022-10-13,16.145555146872958,16.303422757410242,16.045720680898654,16.16124525024862,16.158216991644522,375704.6738990808
2022-10-14,16.153818826522553,16.176147715513764,16.084626449664952,16.153128811709223,16.152490827034956,131412.63769783662
2022-10-17,16.385085540860118,16.393131454427976,16.32811078395309,16.36230639192625,16.36153939883234,74967.66245177476
2022-10-18,15.91689631655522,16.107555691558336,15.901118997709622,15.933890608023134,15.927341937137694,277671.35076305724
2022-10-19,15.499170391772534,15.607182694354568,15.419001843224358,15.501104083098296,15.504938568352795,428959.0213621042
2022-10-20,15.752816051608509,15.91548724062265,15.74459048011515,15.75624551176697,15.755587698347222,161486.25284467934
2022-10-21,15.567124036244715,15.656316760303763,15.477912295564312,15.573926831324965,15.577913696805233,106661.76684736877
2022-10-24,16.01777089437505,16.017721020806647,15.989602978028229,16.01309485258493,16.0204999089881,182516.20915072804
2022-10-25,15.40480155862131,15.492885716995207,15.326466560742746,15.430917267576628,15.428045889150964,989420.1714114512
2022-10-26,15.733356913315165,15.779260334365365,15.714712429890218,15.73106873402908,15.7347374071336,208311.967925746
2022-10-27,15.5889647461192,15.721829802828257,15.585203190787436,15.598159904034814,15.593377503050617,158242.30496965942
2022-10-28,15.195137553569795,15.351752578579092,15.14325943460872,15.20648921311445,15.208012718349368,227299.54290619807
2022-10-31,15.277777862380182,15.304085335590427,15.213284953909769,15.271729170936602,15.274559666944668,657122.526561001
2022-11-01,16.009618317676964,16.119347873074936,15.980788522313844,16.01744743606678,16.017705015519475,418087.88981960766
2022-11-02,16.135795084246222,16.140458913329383,16.050461330288087,16.100122346967623,16.096848395226786,530485.1446101655
2022-11-03,15.708294854403473,15.71615902416116,15.691653861131648,15.715875831366846,15.723366868184527,431897.5924948088
2022-11-04,15.78160686423908,15.96504601864726,15.738661850434244,15.790127820817732,15.787166993311962,110235.28586044184
2022-11-07,16.352220919063047,16.416201466913474,16.322602480279805,16.35221890278176,16.35814880675067,457328.0653879762
2022-11-08,17.174311991005858,17.249311867511928,17.06500987084902,17.152063732165715,17.152115049302477,246727.17074372203
2022-11-09,17.223500695165487,17.31143377276797,17.158668429953586,17.207893292590082,17.212153829611026,132548.70597110677
2022-11-10,17.957763456463248,18.03624655470388,17.911310229912534,17.97982104545725,17.979308542437117,399963.5649114405
2022-11-11,17.938363178387167,18.02052759373096,17.74617385829245,17.96663153002661,17.963984256979803,269393.3056691967
2022-11-14,17.798834435706514,17.84639753155769,17.693842778370136,17.812213075402912,17.81708901715215,389277.9852745523
2022-11-15,17.937056093997736,17.99614291262703,17.915119626900413,17.95148566605237,17.957347812746946,449053.0556415424
2022-11-16,18.333346619577146,18.316527052022423,18.163024828979477,18.31388207513666,18.308210717031148,116596.42951858963
2022-11-17,18.28562524713699,18.42644803654053,18.22642215109429,18.293580153154775,18.29303434061369,708019.7032021803
2022-11-18,18.4041874994335,18.43746075082511,18.35575936690504,18.40064363077228,18.40022655323721,188368.68312403336
2022-11-21,19.07827355464784,19.113467930466086,19.039152679909016,19.081889833895787,19.077015512615937,190997.3108587181
2022-11-22,18.9184599690926,19.03187783525336,18.83387537044595,18.88285879048218,18.8778050804212,501319.0774646924
2022-11-23,18.812791293774943,18.934393581648933,18.65882783021452,18.817399437860423,18.81310398485234,171027.14505612562
2022-11-24,18.481810933544157,18.550804230857903,18.499547153801547,18.49998546484303,18.502299083185967,307191.4499026062
2022-11-25,18.276523167620752,18.32905022301305,18.225157865103927,18.287170722507128,18.282505507327983,208643.0633600122
2022-11-28,18.7526532458419,18.750525361179395,18.720706072965424,18.73982011161064,18.73982011161064,763654.1571825265
2022-11-29,18.973012255008797,19.00413640922049,18.94244280137568,18.979045197977577,18.97872057085857,306864.5629075752
2022-11-30,18.64697035325454,18.681253925042164,18.65593766054977,18.66384837131852,18.658982757270657,401335.83703637874
2022-12-01,19.125355116175967,19.204450724406403,19.13906873739348,19.139124945759903,19.13248616596252,92021.14299049944
2022-12-02,19.895660030594943,20.103344475158597,19.68374601478289,19.874260584837387,19.86507689556068,335788.7204096681
2022-12-05,20.161561281864955,20.20360480149751,20.157229641208247,20.158069527215112,20.160030312648423,514229.01297144056
2022-12-06,21.51345704685754,21.73598723420283,21.464907210607336,21.48953148315089,21.48692422124642,193654.15205668888
2022-12-07,21.409023814292308,21.44373168414233,21.33263074384407,21.408984497624974,21.411164844215143,491312.894262315
2022-12-08,21.045206605360505,21.113099376241315,21.012478218256277,21.081549183334,21.08643638494087,174495.65115612015
2022-12-09,19.943143325474622,20.121042554898995,19.769212129967915,19.913287772382805,19.911219354796128,322805.0633675371
2022-12-12,19.997369325612137,20.13504330223071,19.93129673652336,19.97118207117297,19.973853075207327,119209.33275139856
2022-12-13,20.136203138688188,20.11336542268073,20.102183134327195,20.11148227100666,20.114261220965624,457083.6024904454
2022-12-14,20.233080890956757,20.309958645138924,20.22546557589926,20.248828126734903,20.24423485442762,226685.15690689904
2022-12-15,20.492932870178077,20.52736762654903,20.30406619481216,20.48705240406886,20.49591090509253,111065.8825373458
2022-12-16,19.982461763662663,20.03190849458305,19.92871238909815,19.95958472549677,19.95956325153784,211278.9518110814
2022-12-19,19.77705326639549,19.857702437239134,19.783703968945552,19.792458535184203,19.78494156803855,233559.54506483916
2022-12-20,19.813344576401416,19.85869216164344,19.746083633327817,19.84386030861672,19.85000085226181,208411.97701066383
2022-12-21,19.964106163012115,19.99772705680509,19.80624372735324,19.953289684747688,19.94269113119214,848786.2592448575
2022-12-22,19.567008412361403,19.78228393884832,19.392063647708888,19.568586071916705,19.566332392796983,295246.4479807787
2022-12-23,19.698739852352077,19.7563672884222,19.666232020286017,19.69963498960903,19.694244056264846,311584.5747158483
2022-12-26,19.337974833409024,19.4181983180938,19.210864527336835,19.36389512594977,19.3627134737102,296485.965286804
2022-12-27,19.934801106097147,19.999008381317623,19.877776626825064,19.96055402935233,19.965461230992403,301556.9765828307
2022-12-28,19.57457028323081,19.63083644088917,19.443715568314435,19.577941228906813,19.57492375068528,389368.9534084645
2022-12-29,19.97646126288935,19.997383377164464,19.971373802686312,19.97340613325396,19.968400856523846,377889.8315940345
2022-12-30,21.054010624461228,21.083515213568663,20.967250845304587,21.0544719210434,21.057951818608988,349524.3780314022
2023-01-02,21.53711461528296,21.61817619594964,21.49338879615148,21.53253402052492,21.535294977004675,36910.12868423298
2023-01-03,21.902296035436574,21.996936708290903,21.895278390551898,21.91009277322264,21.90774642157532,275060.7195378126
2023-01-04,22.075290741474245,22.21526776458941,21.915472852947783,22.08636199457072,22.09022644189745,315901.4931252488
2023-01-05,21.83517553031444,21.907156907873222,21.759669207419584,21.79958007124504,21.79413047716427,99319.9724358668
2023-01-06,22.764374257828365,22.91564701903387,22.72415240603244,22.775867807398825,22.777847010216348,337866.7792382069
2023-01-09,23.15392474560997,23.271764420180958,23.07436642292156,23.190044429156817,23.18883878532804,192297.97352595444
2023-01-10,23.454241805974583,23.647679576425517,23.411049065637226,23.47167508766304,23.468389477820704,166507.23965000216
2023-01-11,23.808245419652703,23.918290275159688,23.59173332003424,23.79948349774656,23.81315706196357,752448.6558739609
2023-01-12,23.8195290367127,23.89834348890325,23.749155897417367,23.82966274808411,23.835249925687545,183038.8942896884
2023-01-13,24.731008208981983,24.82915851146979,24.6492947714084,24.715560084672266,24.72019053874559,358940.3647895935
2023-01-16,24.258332765659414,24.35075656233795,24.19514177454817,24.23416333393233,24.22405111567129,575573.9598704539
2023-01-17,25.12844975083777,25.234690415374462,25.05542115617088,25.103726916775607,25.101087838662018,197069.948680268
2023-01-18,24.441997046178944,24.44676934896461,24.16135193749269,24.411343857552957,24.400536592044748,292452.2429153496
2023-01-19,23.503874350139636,23.54554793929991,23.32573244653136,23.51307419928917,23.512574639507108,254074.0359496814
2023-01-20,23.03391872285882,23.154478028652047,22.872782316601413,23.059541596325065,23.05338916218297,161619.31300316958
2023-01-23,23.63408060145965,23.66350854237256,23.634740848354348,23.65160308767008,23.64964416527884,197470.5992784948
2023-01-24,23.56662092655706,23.64615614312823,23.440362175631726,23.55373799990808,23.553555487694997,430309.3655703758
2023-01-25,24.199546917525755,24.290046687038718,24.18251006244768,24.18361705905217,24.18224958831458,328633.93567333376
2023-01-26,24.523145166222854,24.60761759060418,24.467531164625797,24.56594352411632,24.56364553488267,489096.4394213659
2023-01-27,24.79228687988873,24.85290194919315,24.737308399482217,24.79203872812359,24.796817630778857,217103.76553758563
2023-01-30,25.825820166453404,25.924874488710685,25.69457863772732,25.851490687116705,25.85471755499109,294197.00090138003
2023-01-31,26.62181541551173,26.691136377606316,26.511259786352014,26.634530729914395,26.635376327928302,324593.4774204001
2023-02-01,26.27187428104537,26.338482310279737,26.056330077868235,26.280635307986675,26.272583417243357,351322.91935370513
2023-02-02,26.04710068960542,26.158962364086317,25.93809470689228,26.036282167214768,26.041870087929244,455280.4761094188
2023-02-03,25.96495654204751,25.990466857209853,25.895029294169035,25.969590440876367,25.98445018277713,2363821.610378994
2023-02-06,26.234227207903334,26.55853894922545,26.12597331850322,26.255504565953213,26.26523074016977,657486.8598004685
2023-02-07,26.511289050241466,26.657592435329864,26.501716322559695,26.520239640783878,26.52434256558593,192986.77903882705
2023-02-08,27.33097129207168,27.46750102804751,27.227959899228047,27.33146250789148,27.32771823050913,109223.95817313773
2023-02-09,26.697081733213285,26.768726878487687,26.65442991255876,26.69698678213141,26.6979255753751,387748.9707641698
2023-02-10,27.601673480886262,27.756883332547964,27.57602891488348,27.604821997035508,27.610385268154253,346457.79756573023
2023-02-13,27.259333541024628,27.422855369523,27.124735620154112,27.319511495026703,27.32031339830153,261723.36124649813
2023-02-14,27.60636670958272,27.79122296543522,27.466586410148413,27.59549336890635,27.59411752655668,229705.77523825847
2023-02-15,27.312733961578303,27.510961312803257,27.23575830097019,27.312698096890777,27.30760111227409,608779.3202775182
2023-02-16,27.73088122829619,27.81279002438424,27.641669379434184,27.73643316492372,27.746043455163484,780131.2230972578
2023-02-17,28.2870291106929,28.381503455091565,28.27358663283932,28.31211710455713,28.30479629773812,524897.5828895625
2023-02-20,27.59986839696021,27.69792333936312,27.57057564835281,27.61892060724304,27.632289275041916,368937.0818667479
2023-02-21,27.71200960227853,27.98851038417541,27.63667899278473,27.73107968734748,27.743288806454864,159265.25454796283
2023-02-22,27.305636837516676,27.44874650815126,27.241629979179287,27.281702246971843,27.280939033880383,217730.40353993996
2023-02-23,28.02422939387165,28.037975978843644,27.908558469950904,28.012101710810324,28.018688699692333,432443.0631485739
2023-02-24,27.79693007919551,27.788557788753717,27.64273748976997,27.77100745824897,27.77542902995158,308272.43138851906
2023-02-27,27.086283229658545,27.16713104907262,26.992505918315253,27.08654825169517,27.082127342079108,400349.2233048283
2023-02-28,28.18004613710345,28.337737623141948,28.18452511504194,28.187842306621743,28.184862548200957,193713.75882594855
2023-03-01,27.534733070608997,27.647447448002147,27.50516189078745,27.53845180064489,27.53770295475416,398923.010662336
2023-03-02,27.468655853374848,27.687625490410888,27.34558410056043,27.454694192113347,27.462113823112,350801.0488866244
2023-03-03,26.84742521511465,27.060667417595333,26.631475586590447,26.85677490637817,26.86130011163678,204565.0057627097
2023-03-06,26.967911827669163,27.18318761419168,26.76137682658468,27.0016365060124,26.999060853014555,838567.5072336547
2023-03-07,26.799317117324502,26.902337959471712,26.551220741278804,26.780487693186057,26.789781865708814,255376.19632152456
2023-03-08,27.11770370787391,27.473913646228983,27.002372297602363,27.174613215982983,27.177868694450797,159881.85961497895
2023-03-09,28.050870365574912,28.054033911041163,27.985522946144407,28.027136609324284,28.025497920463128,518853.9193503562
2023-03-10,27.32888332889741,27.407380921966467,27.18387451983399,27.310931745163654,27.299232916277195,112370.12328062844
2023-03-13,27.61878148678001,27.620114989896784,27.410478475501417,27.57274754162349,27.567656564758536,159263.31858421196
2023-03-14,28.235490437164707,28.401601374484656,28.04261226182504,28.178267639217555,28.183024144409607,536088.6774391277
2023-03-15,28.28861763527153,28.49930843049752,28.061233895715457,28.250174399780217,28.24801002688365,490550.1192673584
2023-03-16,28.00704200089313,28.253211975460367,27.965619303054982,28.05774621803933,28.0495783420417,329158.765380114
2023-03-17,27.03176128567681,27.134089442835805,26.943612350800183,27.071617108098486,27.078290291607665,175979.2682917015
2023-03-20,27.28259434646658,27.33909633362633,27.24711634974304,27.309784868610897,27.330425443369588,262986.1020174354
2023-03-21,26.632134959984118,26.7521462523428,26.577703514308517,26.61331298642781,26.607095819699985,318170.0501901709
2023-03-22,26.305846076530123,26.36934085762061,26.234736860172237,26.31604167186109,26.31421325748418,372547.670835203
2023-03-23,25.848382354175342,26.02433186228106,25.799272002753124,25.88416702037317,25.871262921090445,245789.77624152123
2023-03-24,25.61166112742447,25.689631713940624,25.570067828717843,25.6504436677484,25.646800546628505,215935.90591918284
2023-03-27,24.73075404411628,24.93405651409334,24.604311546078733,24.74838099953449,24.75165181760677,379380.7022160613
2023-03-28,24.77750147749653,24.82749501085244,24.6022882261058,24.787231741555,24.782631090615737,881402.9467249796
2023-03-29,24.29387560201164,24.3347643697425,24.19404763829997,24.3038474798185,24.3058084489036,373230.9943561963
2023-03-30,24.38081605475969,24.5346517478128,24.35391532627075,24.36694228645372,24.36297893270696,574846.9604411237
2023-03-31,24.195840456155988,24.42869036899652,24.167193191884166,24.205257076652696,24.20830831421622,274056.61928417976
2023-04-03,24.28249161697008,24.43803463988028,24.272675797026324,24.280438918648965,24.28414888909588,446061.6635489229
2023-04-04,23.42775640335184,23.53061365083918,23.25615891823637,23.40893031374694,23.41428697110964,391314.0956808839
2023-04-05,22.62019119670673,22.57851396355876,22.48729461005941,22.57109711669497,22.56783186209038,460025.40172396007
2023-04-06,22.037114943415062,22.08450409811472,21.748416224771614,22.006512430432664,22.010681898465588,468522.27638423885
2023-04-07,22.250447677451465,22.40495542594464,22.159584935508576,22.23481237156382,22.23069613945299,369341.7978044394
2023-04-10,22.37013285960314,22.33114082121372,22.19754451414857,22.308158030927316,22.31183057821072,146554.63401883724
2023-04-11,22.70625630202662,22.735041050664996,22.625870147296474,22.71372600971881,22.723167498069117,172901.90827206077
2023-04-12,22.20941615771993,22.26841850538497,21.889923827161105,22.17772599728252,22.186220527861938,288272.6021981965
2023-04-13,22.014958258075445,22.149880785185957,21.937910423765807,22.025043458326373,22.018488182399576,340540.5983935051
2023-04-14,22.71524966610852,22.780284642954783,22.685509345154625,22.710854203335,22.70487313805968,176670.64608598888
2023-04-17,22.981477182432904,23.00094931644144,22.979513081666703,22.9846284043879,22.97161151407256,740800.920835259
2023-04-18,22.098169489118003,22.15357139158046,21.860154001260607,22.04411109158653,22.041225332654143,492098.2022638844
2023-04-19,22.285779216496096,22.354332155016294,22.26628253720017,22.28987386078849,22.28487827191376,150639.8755405689
2023-04-20,23.78885858059734,23.84322396864958,23.695558947298164,23.81036980539381,23.818453005286447,212611.4459984638
2023-04-21,23.22892969575748,23.27569218950757,23.176953765399848,23.194517061501525,23.20218369166736,625665.916131343
2023-04-24,22.665770583652098,22.72016499878817,22.57136191065978,22.64618642760565,22.65220269538136,364170.29528048646
2023-04-25,22.097523086817485,22.251241256813497,22.10618811988484,22.109351716716155,22.118985174813883,199281.7545702121
2023-04-26,22.66277177750657,22.624039377189803,22.55491538763134,22.5995085691755,22.60544078742812,306241.2015543071
2023-04-27,21.88717012386062,21.886332691416445,21.861835601099703,21.870213147663016,21.87728275063126,399313.39318486553
2023-04-28,21.24924642699137,21.327180026464628,21.19725929416987,21.23470101058804,21.227899943615892,323577.1695048728
2023-05-01,21.08743649869973,21.1040253419792,20.98523316555755,21.10101977918307,21.099052690129994,520404.4181807208
2023-05-02,20.442548847284137,20.428737189019525,20.389132921805007,20.42568329493721,20.43213356942422,333759.8002274219
2023-05-03,21.297254368374404,21.44439600166167,21.306472370322638,21.3197516546942,21.322659140858164,216710.2458552457
2023-05-04,21.43711064482116,21.49631237549545,21.42007531020836,21.43318013638508,21.43576465171996,370251.40813967184
2023-05-05,21.78732545359429,21.829322595744237,21.691691146492754,21.77669538948371,21.772723703097835,838380.2864426946
2023-05-08,22.07886791666852,22.1382266858826,22.01161260889436,22.058930185530144,22.05202971070856,408023.6907332432
2023-05-09,22.64921023031997,22.6734350188957,22.64305362446841,22.65804566861445,22.664584907011356,230239.9320498408
2023-05-10,22.825544583756425,22.996401408092783,22.74495033361333,22.853697823264856,22.85568831221007,171687.0233515846
2023-05-11,22.968630379682896,22.966433789697504,22.965252620287195,22.9663845474061,22.95580848866417,448818.351685213
2023-05-12,22.81313746574448,22.880139888299784,22.78636686945515,22.832099401139995,22.82431624447395,151211.15372679714
2023-05-15,23.269333172644995,23.4134919082944,23.06151067645956,23.29255417566511,23.29201179047284,559950.0038229135
2023-05-16,23.491395444457613,23.597035659686902,23.362512140233704,23.51032517487223,23.51979303379517,443812.123781868
2023-05-17,23.928734951072805,23.95759679622692,23.84562360645257,23.951733148270318,23.951332847586205,103932.60781904562
2023-05-18,23.225180837911985,23.49723581201736,23.255716177545597,23.263661264795218,23.267010209527907,191099.96347504875
2023-05-19,23.232122481441657,23.24645371823991,23.131231376909422,23.240406235782867,23.24440254901156,1176754.4246876528
2023-05-22,23.2902612935161,23.29485413675341,23.186284508957726,23.26968108856829,23.26830863726966,231647.19454203505
2023-05-23,23.348721709878685,23.341473819407756,23.15727374034317,23.33786077723866,23.33535948732869,131273.30538375836
2023-05-24,23.14591562412588,23.209911529484568,23.019459536796926,23.157086230145826,23.148641777377357,801910.275499566
2023-05-25,23.06168174805052,23.0513533366666,22.90490388292316,23.03253673178474,23.033803929560754,195697.8546977776
2023-05-26,22.93237097393931,23.003849036045,22.90189490594168,22.95852699054848,22.95791203979702,525901.3147597404
2023-05-29,23.67221842091402,23.901204481531668,23.62819224497093,23.68178482988061,23.687529473702757,383527.4910998748
2023-05-30,24.17810118279029,24.262291441598787,24.163436304663264,24.1675422323128,24.18248017239142,398235.5753252219
2023-05-31,23.594461819906275,23.695919047393023,23.462104303185868,23.6125866948805,23.61577489986129,292675.2129079278
2023-06-01,24.393161325802065,24.42850771210361,24.37826223159991,24.38536528387719,24.388185067839885,240171.76162071715
2023-06-02,24.458472884059496,24.776113641102462,24.111556498296014,24.49187426608436,24.486476912386262,599302.9755539498
2023-06-05,23.888914810191185,23.899200795265227,23.747046127542745,23.85832265684128,23.86225013525477,234394.95858704209
2023-06-06,24.15348699639248,24.242759738025185,24.044166452368405,24.14858038687183,24.144441904252563,420670.96962553513
2023-06-07,24.52221948077967,24.642689087400026,24.324125435988275,24.523196374666085,24.536448541224143,712838.7400669585
2023-06-08,24.768256996940288,25.052572939568307,24.75634789243841,24.773819235464916,24.781629666637837,215635.40376725208
2023-06-09,24.18228454371541,24.331419565070338,24.147208174936114,24.17999650423504,24.177406609720475,195130.7827461832
2023-06-12,25.441931686061277,25.49540904852195,25.36796166057476,25.47080630768081,25.45477783631921,183740.38394820588
2023-06-13,25.464847363532048,25.580007509598797,25.43070950338139,25.505591223686228,25.496915126123262,265362.43363703653
2023-06-14,25.13181421983186,25.16298660471991,25.09997424300837,25.1270699949028,25.13054043359241,181124.8637115639
2023-06-15,25.097948636283125,25.22117267607032,25.010882605402067,25.07153478599719,25.07396631501405,228375.4492165013
2023-06-16,25.72930818032304,25.963370957459563,25.691017419434072,25.69544307786865,25.69647207182857,116986.18177925349
2023-06-19,26.533812739813083,26.62842030233682,26.46420487244557,26.510027589824723,26.516259258343148,549164.9362545481
2023-06-20,25.376928693652232,25.4368265910441,25.22848824298762,25.38231782949063,25.38417702852427,121286.07704439138
2023-06-21,25.984117592891447,26.05053745427313,25.9684338115492,25.987620537611303,25.986554661265345,583016.5564651974
2023-06-22,26.207635354591552,26.30492913397332,26.167375406209263,26.225272358294664,26.215892605623065,129545.70721379366
2023-06-23,26.706682689771128,26.79275989863676,26.55787648485411,26.717010829945643,26.71527300425249,286426.86443978763
2023-06-26,27.21716167906515,27.515796098427188,27.155729899459747,27.22061584493953,27.226953522342125,329890.77989236265
2023-06-27,28.12514653051755,28.21403103321144,27.986334977603818,28.12186299612928,28.118717538617865,269957.8882011743
2023-06-28,28.42837549580711,28.65373094069828,28.28586830345563,28.432152279728243,28.43271864636324,313064.3062740462
2023-06-29,29.00403419432545,29.015218641423647,28.762347557201515,28.993121086195547,29.004510148803725,353727.183961299
2023-06-30,28.868550454320232,28.981498425025716,28.789669600828688,28.880657412407725,28.886680957879864,393071.2218407589
2023-07-03,29.19747280076387,29.22038595692394,29.14569053769081,29.2102080713692,29.20782899110356,312741.78946286195
2023-07-04,29.416465095029174,29.62350770770804,29.29335211668848,29.37567264678486,29.370350103278188,108274.82410759533
2023-07-05,29.21659447929132,29.34224895020928,29.1034054551478,29.17346286344498,29.1615064614069,182433.07322272807
2023-07-06,29.83791945100028,29.87740605752088,29.79269465245615,29.82972484823681,29.851570023256453,345954.5828617493
2023-07-07,29.19464026026282,29.29165805689501,29.06713372581668,29.168805892730145,29.174183006457262,721634.437522989
2023-07-10,29.04858286395809,29.041569947981607,28.892871921041188,28.993240910521216,28.99343448170948,510300.9263399588
2023-07-11,29.40780287308208,29.56667450339081,29.394493577357917,29.43553005047138,29.4383521999663,163389.7662623008
2023-07-12,28.70328682826295,28.97173239533416,28.69389567363978,28.7002616474436,28.710622838644827,596565.5405092565
2023-07-13,28.579987443106862,28.60290050673517,28.364597102713248,28.56656543216392,28.56745629768017,1045262.7533990904
2023-07-14,28.627737458212703,28.7608305781071,28.661757767391965,28.71321455718569,28.713567171242797,282990.7693938256
2023-07-17,30.365429209729665,30.54225469433208,30.175634752133583,30.34064600508625,30.340875768160878,0.0
2023-07-18,30.401669013502516,30.55781933115028,30.130073089322003,30.43996897476619,30.432814486662814,204647.65826205697
2023-07-19,29.98800030148836,30.08612633598036,29.649345350568066,29.998364762525927,30.004561508039654,443533.3466191198
2023-07-20,30.034244169173068,30.226251395410824,29.93282214088055,30.063676677655657,30.059839495158776,211780.26303005003
2023-07-21,31.11788237202105,31.29054274580093,31.03067464032749,31.127309676085165,31.134746369572174,373401.3520668297
2023-07-24,31.37091778495168,31.59666776602692,31.24282075919741,31.33451179889554,31.335156897691988,352620.2033081708
2023-07-25,30.58185229073723,30.66316856948326,30.538498977337166,30.58447811579489,30.567814308313935,123586.7677257528
2023-07-26,31.184323524266404,31.389742615501856,31.01612868339197,31.20249727175756,31.20380850132458,200100.5120694265
2023-07-27,32.61374060372828,32.855958144487005,32.48909764301084,32.57379367213147,32.57737318887069,155014.09295290228
2023-07-28,32.9091630075507,32.95580618993762,32.692527674746486,32.88031911544622,32.88276996789001,275094.0589746335
2023-07-31,32.20477699185323,32.25978561137511,32.11533595913578,32.155703327860095,32.14800903410497,251469.02705844317
2023-08-01,32.137379039421994,32.20958602679655,32.0419970776024,32.116593176922315,32.11178711981763,535003.127006451
2023-08-02,32.097506679407424,32.41358171750565,31.838600452848404,32.14882503727421,32.154330722005,223728.3891702494
2023-08-03,31.830848766836944,31.805696226092877,31.71798109700843,31.7922816648798,31.781685837807053,64532.06023043352
2023-08-04,33.342889795310235,33.40853284774578,33.144845177606555,33.28848055137445,33.292329661484075,199890.01313190864
2023-08-07,33.7984681224144,33.950095583115655,33.785624014861014,33.87261581540283,33.88328406495024,477042.703128223
2023-08-08,32.540971035326386,32.52464014411036,32.42806771274954,32.50128317903407,32.498308171094195,202288.21231621227
2023-08-09,33.16679801436541,33.260282307807586,32.74871298906812,33.163346749667845,33.162736269530974,273438.42388671194
2023-08-10,33.76203799938981,33.886134227484014,33.532401463510155,33.75028696458289,33.749361907479305,134705.80254936102
2023-08-11,32.91896435884939,33.02967319099141,32.632646463828145,32.91573628558648,32.937340370636115,163319.9931670116
2023-08-14,32.9287482349821,32.992894013321,32.66195881762844,32.87356751059389,32.8862651234635,185236.77055468824
2023-08-15,32.19163059949439,32.481356722653814,32.02723320985087,32.20714763282023,32.206365598613104,315208.21441143675
2023-08-16,32.15803191816529,32.384045695482854,32.06894198825962,32.11109260765977,32.11257936745336,278101.5983701387
2023-08-17,33.196991161501856,33.39512412059832,33.13684592889204,33.22076722023561,33.23223959729476,88426.24763610346
2023-08-18,33.68981278974814,33.66214083286032,33.33836164079011,33.63557019846777,33.631457931296055,527509.616720054
2023-08-21,34.249878310895774,34.413774233210546,34.128516885318376,34.27303698613707,34.27481481266023,291325.87082882883
2023-08-22,34.86582718786212,34.88630792247902,34.822248417318754,34.8327817336594,34.82546589519157,373188.9730254716
2023-08-23,35.1126811151582,35.501004910001505,34.972680564429446,35.14468624965751,35.14383409231824,460213.5690163883
2023-08-24,35.41766248797158,35.46200360479236,35.367933928000824,35.44174919634881,35.42909952891775,510688.8487837376
2023-08-25,34.831335196881966,34.95736281695271,34.5714583527904,34.85961916040756,34.84605324732526,242565.7346385404
2023-08-28,34.52803887637682,34.59124904611595,34.50188335217077,34.5530128862137,34.55473297142253,473240.92024488025
2023-08-29,34.396214071449435,34.340819908287045,34.25844208439825,34.31424547822225,34.32307856390833,396879.2830166352
2023-08-30,34.90470892350801,34.927186238119255,34.82326345327867,34.88448967761571,34.877106530164724,0.0
2023-08-31,33.542578318098,33.63565773608544,33.41548675704665,33.55956965581834,33.56128789246181,253944.4430312319
2023-09-01,32.95344490958974,33.0247858998995,32.72072952646583,32.91411903575904,32.91081009739752,131417.79754923625
2023-09-04,33.81548141379691,33.950920268240345,33.604061483102136,33.8247652621765,33.82036737568892,98053.26380396944
2023-09-05,34.394835085972694,34.41950573117823,34.27507487809284,34.404272532860084,34.40969250643504,1172954.8189151876
2023-09-06,34.72329749491169,34.73970886398755,34.67612026415727,34.70346286614135,34.70745975052948,381162.6035713184
2023-09-07,34.48777281283641,34.531151314550684,34.16321347194068,34.471836976744484,34.473849875497365,301622.6978088413
2023-09-08,35.1095306572502,35.41717467528482,34.96706191672518,35.121622473461194,35.12175710416304,184432.39086997023
2023-09-11,34.80043274488072,34.84168933533239,34.65953991632422,34.7974728921292,34.79397010420789,369603.4654155565
2023-09-12,34.22100538177101,34.241020279137075,34.028969370493584,34.21012666294309,34.22414986641904,365744.2645229315
2023-09-13,34.27197857638282,34.335199871367536,34.18911966801072,34.22780998213735,34.23215839052647,664621.2856929632
2023-09-14,33.241716512387086,33.24908333644036,33.06371648119291,33.23967017843427,33.235779396197366,863843.4708377471
2023-09-15,34.51251097017311,34.54947176679302,34.49642340096007,34.512903234466606,34.503440786702946,88136.6968013646
2023-09-18,33.472688720753084,33.46758575709802,33.10164467101692,33.42395985008947,33.427155022846875,260694.8083881841
2023-09-19,33.848732792186894,33.9717448223028,33.78771301073462,33.91334546440996,33.90610335180154,297802.6942306768
2023-09-20,33.2957625015813,33.312790574168794,33.238764848027536,33.289574940175214,33.289594684078075,654964.5722097298
2023-09-21,33.99377462484041,34.04669696261311,33.89588179521707,33.98741808547242,33.9780859067342,238880.74594086056
2023-09-22,34.48565664823601,34.59506078189672,34.25250439571356,34.49654243322416,34.49960685038243,573245.9288949237
2023-09-25,33.896796228792134,33.957637107890314,33.8621290964795,33.88834103744003,33.88902267333843,474682.2378247276
2023-09-26,34.45335159986739,34.6948170098714,34.31484804733419,34.46755057923641,34.469268791159514,377064.5447264048
2023-09-27,33.86935766239702,33.997908666201816,33.6900939005908,33.891938164628044,33.88807173357348,178631.1943751236
2023-09-28,33.44800961071721,33.46245784813252,33.32208674332614,33.37119803625843,33.37671711278438,423030.2887664317
2023-09-29,32.79489328149866,33.0060597621701,32.712580544799216,32.76735186396094,32.78260636968568,244052.45344281523
2023-10-02,32.802672540267324,32.84192326706006,32.64865805195523,32.817459897662054,32.8195751885713,436777.39408231975
2023-10-03,33.29851361302177,33.42217594687923,33.21907869141746,33.2653244075983,33.2644648397701,256714.01930455683
2023-10-04,33.02088823041849,33.04944893721696,32.84723046794284,33.03750924544654,33.03756386853267,135460.36937751176
2023-10-05,32.0956140818366,32.21131142661942,32.01087510148925,32.15308921300182,32.1456962215777,187888.16129876385
2023-10-06,33.47667859290368,33.49118693569789,33.3148735848019,33.4626510291164,33.46858483659488,127674.00586477734
2023-10-09,33.345364352539754,33.459010718102256,33.30811886448211,33.34556448811385,33.35104724384142,770236.6775407603
2023-10-10,32.12694182744988,32.108088728417755,31.941062033273305,32.0993555122244,32.108380590216974,535781.1487456652
2023-10-11,32.66938695315173,32.66245977453747,32.56300139047013,32.64504839048246,32.647243439441496,251056.7816919404
2023-10-12,32.27173338214725,32.2840629118596,32.06024853432724,32.279836360401475,32.283324407212234,379374.7620314634
2023-10-13,32.348257967636904,32.628627495515,32.13942370185279,32.36918741558502,32.36969753674288,201988.1676280373
2023-10-16,32.66184750505306,32.786666084685514,32.57222850608817,32.72790305545986,32.71515959008358,342863.8182067573
2023-10-17,33.623840641877564,33.75212026889064,33.364917423928794,33.64622697909811,33.66229515767033,310106.94930160086
2023-10-18,33.3213660962919,33.35604957141259,33.28177861086094,33.35458892238748,33.36566003499729,270641.2623638227
2023-10-19,32.87614324595163,33.091137521856425,32.753179022662856,32.87466090253117,32.87039653148404,104989.7173672749
2023-10-20,33.53916813336587,33.76722456622815,33.44684830886389,33.49859977280614,33.49132285650394,431297.873837273
2023-10-23,32.58701952429096,32.7971382150534,32.50718067763366,32.569514043022025,32.56022471750315,153910.08948627085
2023-10-24,32.74812745637643,32.79666822610533,32.6070409553324,32.740841088918124,32.745342151658264,343134.03650159074
2023-10-25,32.62208446897341,32.71166642474246,32.596719703476175,32.64781732668681,32.634856350587995,395581.0771500617
2023-10-26,32.21331969143519,32.246407000141055,32.11392814883028,32.24211446260663,32.23905575348442,368050.7213139066
2023-10-27,31.945258505180067,32.2701129192674,31.69025675033119,31.94496273404049,31.945695529569797,370187.70789577946
2023-10-30,31.17757238127518,31.231445504837392,31.17908580624208,31.21251193105876,31.206923628771715,763566.1020617532
2023-10-31,31.738740893662555,31.9446292619597,31.647438950198403,31.74964625013616,31.74410805068024,415348.353675107
2023-11-01,31.723996692562817,31.81196630288063,31.647733200294464,31.73740677192874,31.747281860295253,436081.5316458088
2023-11-02,30.442860238457545,30.59403761221168,30.343729013555173,30.462175101448505,30.47516936776164,109022.28597823062
2023-11-03,31.73033566566984,31.895031495123373,31.520609636307828,31.74414081103969,31.747043470336138,333402.8355730157
2023-11-06,31.827782312263803,32.02953042579435,31.81742469238105,31.861816062095045,31.87235691999821,113638.8074144277
2023-11-07,31.96001048452312,32.01652915431377,31.95496196129943,31.970318204585613,31.976475179236147,505201.02573203767
2023-11-08,32.31917401393206,32.40590766090158,32.26434222081262,32.32597252108455,32.33433886936972,237527.98237815985
2023-11-09,33.185123261636306,33.296681284898,33.040498242539606,33.19830278700072,33.19763495748493,238470.9492570556
2023-11-10,34.55794061464659,34.74214899344355,34.375033384285565,34.56792979225585,34.564706667459006,670773.6100432642
2023-11-13,35.056968297436086,35.69783070755129,34.97640724652551,35.104853260262374,35.10153861597359,197001.9553926633
2023-11-14,36.10843123340206,36.586512907551686,36.14331361781276,36.14442962042417,36.14228499821338,569968.7534265274
2023-11-15,37.10683100187811,37.19142863473999,37.14990493251901,37.17957690932734,37.1893511275344,136110.8142064687
2023-11-16,37.092036670011794,37.23901514271422,36.83504539377945,37.07882096081914,37.07663451023562,185986.2173565152
2023-11-17,37.322657910432405,37.380314697221706,37.23760287511855,37.33748293055506,37.33682741882613,202756.17711318808
2023-11-20,37.6757251986428,37.84127839499421,37.36772798148305,37.61899070232771,37.61629323282717,217106.22991124584
2023-11-21,38.24178774871256,38.5272200042746,38.140950642843976,38.18007596536137,38.18828079309183,210480.0038379759
2023-11-22,39.389702286993874,39.49551243301444,39.00137661272122,39.4007805286,39.38811600062983,141268.4702138686
2023-11-23,38.59996782678351,38.6642072465434,38.51845886302111,38.599816559065005,38.604269023099086,215528.66306110471
2023-11-24,37.44104916197117,37.4861691425649,37.16982377138649,37.46901898008922,37.47682590536863,727515.7469328496
2023-11-27,38.82356102269689,38.93381767804063,38.62133709888829,38.78201096845184,38.79121184314151,562750.0503685559
2023-11-28,37.79184338589971,38.00419140830359,37.76197554272869,37.829406411302415,37.81976536049361,649122.4953689721
2023-11-29,38.61925969586629,38.72307808106723,38.50112769558972,38.58240447876534,38.57783396263207,421165.4544798347
2023-11-30,39.37406697817071,39.548899733388126,39.18181743623861,39.3209953109734,39.332680309852535,328461.5455908281
2023-12-01,39.52035378549615,39.52078675612057,39.27517247114809,39.46931943423933,39.46679756799521,453676.7656589664
2023-12-04,38.6339416007084,38.63585303253551,38.569804489950506,38.60407242833484,38.59496486260896,374204.66445868026
2023-12-05,39.70582641630581,39.752408063502806,39.6256711072182,39.71375255113384,39.72006768767046,436717.82383408
2023-12-06,39.31527735002848,39.37409117354329,39.23864682464963,39.33200139066968,39.34829042368539,241853.19845050847
2023-12-07,39.34674107665472,39.7240961337706,39.297486154182,39.356071382770274,39.36598339839292,264823.5153321024
2023-12-08,40.978238475926105,41.06898688513095,40.79556771425076,41.026093016973256,41.052664305315936,207448.84485102075
2023-12-11,40.702614840334114,40.9062055051529,40.72350469767828,40.77539126454161,40.772087827760025,573869.7480952463
2023-12-12,40.47920879519725,40.77058697407904,40.20491863867955,40.53193682971673,40.51940757058731,172626.94334284193
2023-12-13,41.19084439169139,41.20044812098544,41.11710307568124,41.12866146882224,41.12407362282289,172627.401039813
2023-12-14,41.91930915242775,41.896713192819774,41.75417413665758,41.86951909412854,41.889551359719455,577797.7083703241
2023-12-15,42.52468955303584,42.5789102511885,42.31045828412691,42.532607690787806,42.52152799288147,202791.04856461348
2023-12-18,40.90060345795292,40.965533621349806,40.51755924804481,40.90949706751733,40.91534990618439,135452.68751474662
2023-12-19,40.34918488411008,40.61816733935888,40.246441366314514,40.38648718244867,40.37628650325054,292980.08440001804
2023-12-20,39.13032850611728,39.26144784900982,38.96580619116245,39.15545561588591,39.14401707976704,206952.14552403265
2023-12-21,39.43497267720366,39.632367104889525,38.94577891698059,39.45989205776735,39.464769606488765,283617.4839099841
2023-12-22,39.23231983670316,39.57826604207093,39.174479699388655,39.22023181724296,39.22823564304994,232616.3520810165
2023-12-25,40.44891877352958,40.485431266283726,40.40584375687949,40.454195957838216,40.447618526527485,75563.50523908013
2023-12-26,39.78248817605182,39.96396692877634,39.60613380708672,39.75963944857843,39.74548454075634,875611.7019350926
2023-12-27,39.71745344545882,39.76389152619152,39.42889926415722,39.67423579361907,39.65545117337544,149180.02441131967
2023-12-28,39.41037915860183,39.6017552828733,39.28297264081464,39.37604332365259,39.35831892355478,288512.3075375104
2023-12-29,38.92085443446351,38.91748508452388,38.54903492800729,38.8853726063837,38.89058286900845,89406.78394927148
2024-01-01,38.84334527917687,38.87808946169482,38.79272500799107,38.79890891590498,38.7850715475928,207816.45523824124
2024-01-02,37.601284175895245,37.771599798489824,37.478276888771376,37.57057746507709,37.56023345818252,480059.3579783224
2024-01-03,37.12805109452182,37.50510788935243,36.83628015075638,37.160571168385815,37.17095196403833,152476.2181194015
2024-01-04,35.27215501034622,35.42422616200964,35.13730061206547,35.24195320221705,35.22988228137334,162494.77183048226
2024-01-05,35.377469635943974,35.55704955090926,35.09804004910551,35.394488300395565,35.39944622439994,188747.09216471665
2024-01-08,35.485563846198865,35.47239537334416,35.26856702158848,35.45231550379891,35.458269581019195,391756.0124549728
2024-01-09,33.21376477119603,33.32892881017249,33.21025422533422,33.256221136079695,33.263054571188995,184285.12816570807
2024-01-10,33.90400561878048,33.93439164509613,33.65277781491629,33.87826754989029,33.8733283693249,448043.8419873698
2024-01-11,33.144923577804875,33.344217712753235,33.056674144922475,33.173382023616455,33.17100157100893,229883.7560328977
2024-01-12,31.87924731038897,31.944499063369943,31.73420068030864,31.879505703017127,31.88426821530851,204678.62348170485
2024-01-15,31.558164722571696,31.594640431344143,31.43972124673959,31.580851300187145,31.591492860049478,229670.09814176257
2024-01-16,30.38719204324679,30.562380765382123,30.33664649074092,30.434769332457805,30.44311885373929,197344.9986809123
2024-01-17,30.682148237216865,30.78041051063176,30.617754533786982,30.67703802986113,30.68346822288546,784063.486230044
2024-01-18,30.025525122634004,30.231602218995725,30.031346044095557,30.04689025262465,30.04420388532921,302398.3175622564
2024-01-19,30.22163828097531,30.440455562607585,30.16510954898045,30.23002732780149,30.22918257097451,310116.5815721631
2024-01-22,30.36352251097857,30.37099519471237,30.29732457785835,30.364900920169774,30.36312871408879,328551.29584721354
2024-01-23,30.41450237334653,30.39176837915786,30.094634915614503,30.3546364170098,30.34739711536691,712983.611162525
2024-01-24,31.34403335883138,31.58038382425332,31.230033041028094,31.29357506975703,31.29719165907328,73104.75539377485
2024-01-25,30.935678496467844,30.948820782696124,30.796666971807856,30.939178699856487,30.950943514894902,158710.35496153403
2024-01-26,31.40262598021032,31.677655536779135,31.29818686224177,31.419945294175257,31.42772042872977,182439.46453326743
2024-01-29,31.252970629319623,31.29362556638578,31.014877104450505,31.284115168088896,31.27838726904523,124096.83877103229
2024-01-30,31.958177514030883,31.97554032089429,31.789688719466948,31.951242835353643,31.94745832271338,154876.98722416544
2024-01-31,34.56168571802859,34.89235831343431,34.4988161093945,34.58466818452021,34.5841187539322,74618.1061634372
2024-02-01,35.25588495542067,35.40805470977658,35.18875324826653,35.23094910795035,35.230649220726534,259696.79856288468
2024-02-02,35.98992403485458,36.13315611261769,35.57303584238642,35.98037434339327,35.972793805248635,140743.20157267989
2024-02-05,36.04407978417548,36.40553979736236,35.999826123034154,36.05309554724457,36.04934764646241,92576.68437422704
2024-02-06,36.712998219811816,36.76176052390983,36.60993998446954,36.74213599650928,36.7376227305625,132417.96539088973
2024-02-07,36.220261198942254,36.43440093592348,36.03934900783624,36.24613900619014,36.25250794469342,372311.8091978568
2024-02-08,37.80404899164184,38.10011787484397,37.74282634116812,37.81298012647061,37.81061284885738,381472.2253375783
2024-02-09,37.8241478868078,37.87189452889254,37.527520093601794,37.78149827805181,37.76988544647499,1316007.5032084645
2024-02-12,37.02796548182421,37.12909745844327,36.93482991767467,37.04321759109576,37.05251532081559,855047.5982689365
2024-02-13,36.02114434360368,36.08848450299527,35.84059667738508,35.96967268529052,35.961190173970984,1398324.001184477
2024-02-14,35.8015414565125,36.041053498574925,35.733427489262525,35.81427524155429,35.82949561326305,309534.1279276106
2024-02-15,36.15032625371641,36.50877959729651,36.18004754101644,36.19445471177857,36.20534885060842,246882.71545591572
2024-02-16,35.54849976053743,35.690508526294295,35.47918016139783,35.506511702056706,35.50382042777513,466720.56750059954
2024-02-19,35.39339940786502,35.79250768346681,35.34096424201666,35.38102253927056,35.39622615434178,91865.84101157056
2024-02-20,36.07348387705061,36.225858128498366,36.05695519416834,36.11891146166823,36.11056636458758,344428.16173919244
2024-02-21,36.16226423802031,36.30065747830274,36.09824041086128,36.20210142588108,36.2069805971424,228413.1719888345
2024-02-22,37.53590338082094,37.78892005275453,37.56787779488005,37.5696019940645,37.5648681729376,210106.2135388264
2024-02-23,38.16117202261739,38.274533678766446,38.00484998425236,38.19997702816136,38.21140822129512,306332.7744948561
2024-02-26,37.56402397654635,37.72739782743511,37.321943103308655,37.57669498554428,37.5667324237004,687532.2723154905
2024-02-27,37.09769713660351,37.27780944467638,37.09136626774148,37.10252086500062,37.09699230876151,508009.0805422435
2024-02-28,36.86248405660297,36.96353004504081,36.57720666600901,36.79468957983216,36.79468957983216,330647.3663175477
2024-02-29,35.382590989563475,35.64014365370555,35.21553789660487,35.41198990060759,35.41769341888582,77567.02093949822
2024-03-01,35.17638966514965,35.489055565338056,34.998169657983226,35.166538243152814,35.16375573010968,241761.73567657697
2024-03-04,35.0112868035835,35.38166039310782,35.04119207374712,35.0802536024749,35.09573164925276,244506.561281995
2024-03-05,34.638339905813055,34.93246074125006,34.63181563500487,34.65375432391016,34.64165882769126,90316.68100503663
2024-03-06,34.00373020509715,34.166070565739844,33.93673867047549,33.985885848728465,33.98736482800765,339221.04704896564
2024-03-07,34.486030123557114,34.70494041731189,34.45446051365037,34.51392025616921,34.52858304003382,458266.5080613693
2024-03-08,35.23027091805242,35.303024183890734,35.19074557913555,35.26468944057665,35.26789817557073,371517.5569212295
2024-03-11,34.80190726167817,35.02715705156231,34.77295111441864,34.822058028365085,34.81290094965011,457483.28133676015
2024-03-12,34.587541545666,34.87055330783874,34.40144231784345,34.55381230378867,34.56324489438399,426613.56023936777
2024-03-14,37.09901986483704,37.188582962763256,37.00969571496807,37.12481580817519,37.12377852169743,325503.34366384853
2024-03-15,36.171293247531096,36.329859428218654,36.03727345297512,36.22989115641395,36.24281066587922,138429.57217653256
2024-03-18,36.73042622105153,36.99584856793873,36.60122131642614,36.78370719515861,36.78543502631096,179489.33711599937
2024-03-19,35.13565138992753,35.15895139440779,35.057575703440655,35.114559696458656,35.10782291332863,541193.584389455
2024-03-20,34.34054956995679,34.49582221507924,34.303749994201134,34.31622307855364,34.3234694503078,234155.79673593695
2024-03-21,33.88717425623223,34.16428821760028,33.59918099011224,33.859470277013415,33.85544289686204,841798.27922231
2024-03-22,32.31993332830532,32.62397917968601,32.31861488266004,32.33711812961165,32.309152838638255,322673.954344824
2024-03-25,33.727106170117004,33.82191989119853,33.58972105647186,33.694889727932534,33.69990483336196,599343.7352583646
2024-03-26,32.675965901380096,32.833202400984085,32.52320700920421,32.65969640005517,32.66114837125099,262689.2855897573
2024-03-27,32.65236791061852,32.80093944449101,32.49866822334559,32.65937458064399,32.66461477414957,177532.30184820242
2024-03-28,32.58812212042992,32.82017711717208,32.55885773331842,32.58067093753506,32.570808923547474,291316.6700811836
2024-03-29,32.27732756745271,32.35146451327635,32.1668434898828,32.30828640740043,32.30435389029227,313400.8118612917
2024-04-01,33.39634211250229,33.502882669527104,33.39697231757266,33.39759670921225,33.40232591780869,510871.7201181725
2024-04-02,33.26243948033429,33.37771000271505,33.11382815264265,33.28828851467128,33.27782940900773,459668.44919945416
2024-04-03,33.477269493496856,33.5373663964108,33.3519396416083,33.469604576596446,33.46173703474236,435115.60472772864
2024-04-04,32.601683391187194,32.665452685943706,32.527590834963554,32.583592489554015,32.582912392578024,123740.10350447414
2024-04-05,33.94176925244568,34.06318493442329,33.92794370013011,33.9365417170574,33.93515667630979,271116.6585928986
2024-04-08,33.575137497374044,33.633409363523285,33.54023229136776,33.60839614592806,33.60287737771175,868992.5502484215
2024-04-09,33.637396351206554,33.74077781756791,33.543180484439056,33.62269026767033,33.61461330269266,198467.4832359378
2024-04-10,33.37725428696271,33.598133159746645,33.076124206367695,33.31359177710059,33.322281179378834,223132.287568103
2024-04-11,32.710832453511166,32.842734230547094,32.49830032081224,32.7128447595747,32.703199377183346,397282.5989468622
2024-04-12,34.135472660175395,34.180794270489,33.91701877533645,34.105723815725575,34.09960513227156,51700.97963888916
2024-04-15,35.09571824633529,35.15660089931013,35.070563914412034,35.08395732890328,35.068419952449176,294162.818060859
2024-04-16,35.23940837226979,35.39277174286141,35.129699365111485,35.18615562154073,35.18373701794125,253515.54941590296
2024-04-17,36.2871667681124,36.34258052521776,36.27824180942461,36.3244285821419,36.32595688344515,109105.17052931424
2024-04-18,36.045146794545104,36.07969807714926,35.90370796806332,36.06637321163448,36.045634147954736,204713.27837939063
2024-04-19,35.53524964857312,35.55274415584038,35.44505864704515,35.55113420652223,35.54816191474921,365440.8486884575
2024-04-22,35.942885503309704,36.02949961055008,35.77533992000348,35.966294630477435,35.954747668427174,443751.92822473845
2024-04-23,35.02920549785927,35.31083729182089,34.86358963552037,35.028714133184266,35.02001425733427,258306.32615576708
2024-04-24,35.81353764072267,35.91592456836126,35.804341871081704,35.81842840725267,35.80757508842636,370057.0530535178
2024-04-25,35.8995911686313,36.0371872682117,35.76555283380068,35.87801553340099,35.879156160470366,202980.1022102949
2024-04-26,35.46789824292891,35.62534013516531,35.28110622267834,35.4788121242041,35.47360585498443,316455.40607217816
2024-04-29,33.72104745266218,34.01763323775468,33.588159662885325,33.77491671714074,33.771401790213545,596998.6360641385
2024-04-30,33.11605223223629,33.39800493366788,32.98948324073517,33.128940610854684,33.137244658272984,447966.74459277367
2024-05-01,32.692736996628206,32.99183786962816,32.30674754645949,32.68956145349732,32.69361500746885,250715.24886834415
2024-05-02,33.030786147188266,33.19370031485165,32.94647193479926,33.02888719541284,33.02250258904901,522795.7965710968
2024-05-03,32.737747169605385,32.84110453660709,32.57372134272528,32.741351941171764,32.72876656502283,0.0
2024-05-06,31.977112163914537,32.190606940667955,31.970052188651454,31.997235928001672,32.00090615316961,149158.51185315466
2024-05-07,32.90314938474159,33.22079335857979,32.656916307949,32.85239625318021,32.84778580275655,279087.3082997621
2024-05-08,32.58951052463434,32.61428756423583,32.33749259121211,32.58731160970935,32.5726749022372,1139437.9192390258
2024-05-09,33.84747701131503,33.90502685791195,33.8229324786187,33.83967719384745,33.8262447072019,278346.29559307266
2024-05-10,34.16225662430474,34.38538839701231,34.085452106528656,34.15085043970823,34.15835479814474,269520.37145812233
2024-05-13,32.45522993938745,32.49146760114284,32.22985957289548,32.418891387840944,32.408572450565046,165073.30385253363
2024-05-14,31.86255946989466,31.96803371919613,31.71838116728001,31.874146237996037,31.88022031757674,278463.21377358265
2024-05-15,32.021362727775326,32.03153721320349,31.80438377848446,31.96590582309984,31.9723520361278,287166.6372232494
2024-05-16,32.73141072401315,32.97791319149388,32.45855819273523,32.743160977816,32.74527850929818,280709.8261069161
2024-05-17,33.62291204056939,33.82088368052191,33.60863354513923,33.613874961572925,33.61647094569685,219650.68888476817
2024-05-20,32.68044858087762,32.89290300526514,32.57395163985351,32.68538450587707,32.67060350337042,444885.37544876855
2024-05-21,32.48429716669887,32.72083240879487,32.48306328899789,32.535543684152145,32.530713914013496,421281.00180576026
2024-05-22,32.93540190688373,32.98844982781513,32.81774216997721,32.96420291430032,32.966698952166205,158024.93654084724
2024-05-23,33.14568543222791,33.24754987897144,32.99374420594078,33.11650988975307,33.11183639637201,270817.2718303372
2024-05-24,32.4041729066755,32.42793763271508,32.20060967077628,32.34839773432199,32.36147501721821,256288.43519063137
2024-05-27,33.99716409375504,34.118232763601696,33.88736523716065,33.98267833837239,33.995074416591535,155107.86182706885
2024-05-28,32.94812918244448,33.22217877329022,32.93136118740487,32.94764924582108,32.94977909250361,156053.69555501398
2024-05-29,32.14711367954159,32.33386769480047,32.090288690207544,32.13762759701839,32.12974542780669,440301.5643794485
2024-05-30,31.779454041328883,31.82699844688464,31.72466584668523,31.78172092774639,31.78087054983956,281191.79830526025
2024-05-31,30.810561390895803,30.848413484090397,30.814877795971288,30.82024907500993,30.82583726922188,127056.15306013108
2024-06-03,29.94409298866053,30.005204718548324,29.88935390432642,29.98558107559718,29.98429929712823,256367.54051706588
2024-06-04,30.067796041711517,30.166496176112247,29.859987147980217,30.092695917663683,30.083731929219383,227574.15488630105
2024-06-05,30.561404352072856,30.67355495137219,30.500443089108234,30.545315237460457,30.54086780544308,324029.80430416274
2024-06-06,31.280728563321414,31.358120990897483,31.244426821830533,31.32419795771482,31.320666990690054,121836.91835631704
2024-06-07,30.24314300007156,30.28511495038702,30.198224648490054,30.24701061771874,30.248764726430917,203083.7398449608
2024-06-10,30.396824386150247,30.502554934326497,30.330261345849223,30.41500054971032,30.400296949300245,1062105.7322057
2024-06-11,30.17501597707608,30.275822025720075,30.16424807291325,30.186015614069674,30.190577866690443,365808.37190027896
2024-06-12,29.533988595419963,29.65478079339864,29.525703131691767,29.542399515419778,29.553488057652828,419548.0973323221
2024-06-13,29.11578354617964,29.281110412645383,28.85387320883228,29.069500468121408,29.064897776785934,582521.1474812471
2024-06-14,29.151789943959734,29.279158153472967,28.958540773641,29.13153883785301,29.130893660071436,200225.7766694645
2024-06-17,28.341897026691868,28.382232703007315,28.29281097803422,28.33004253347349,28.31856969507409,489498.5522229008
2024-06-18,28.534117943596897,28.659714016688028,28.34866619031065,28.492872684205857,28.498106247581465,367054.69896208745
2024-06-19,28.41987795375956,28.445138602437755,28.38016217297803,28.420056470706765,28.4110240080701,189795.3429436016
2024-06-20,28.10842353393758,28.356053766542978,27.91130398808172,28.14491324522313,28.141511624404583,142370.18606610553
2024-06-21,27.48780717257605,27.58622382346127,27.49842537815879,27.519289017917096,27.516800864703946,376050.99545190175
2024-06-24,26.48252124851025,26.66059822551521,26.48319111718349,26.493712686302192,26.49249269261941,79817.32829859383
2024-06-25,27.025998232337272,27.153128406888356,27.015860168021423,27.03258537797552,27.03541270505147,236364.6357498023
2024-06-26,27.69456926494253,27.78991103321359,27.52025598613947,27.7032532514564,27.708951585669467,235053.3549999886
2024-06-27,27.90988868887896,27.982039401607206,27.91742650301093,27.9245297388226,27.93282130288729,555709.1001317574
2024-06-28,27.97361405525335,28.11496581049809,27.734113021993824,27.952528557598445,27.95736838312402,222864.94215314533
2024-07-01,28.25303539412764,28.24344310776486,28.211495624962048,28.21431564414681,28.21429483736259,316968.82684676914
2024-07-02,29.75456892507104,29.79721494791185,29.56040222610924,29.74238843405768,29.7336206288564,227791.25586777637
2024-07-03,29.306780894646987,29.406751233787546,29.208027392301645,29.245511755721363,29.259799720603016,624174.3169474648
2024-07-04,28.420085750913355,28.5764759571995,28.408841588120698,28.46174416155963,28.46052072008102,241289.0380169647
2024-07-05,28.62790910538517,28.792194379203025,28.58427610774592,28.654408486390235,28.65753633715549,187992.99551500956
2024-07-08,28.57485275761023,28.605988798196737,28.36687250047087,28.57744907083401,28.587534311307,178034.27301204874
2024-07-09,29.32966139630486,29.45691047798458,29.13770719360879,29.279379330153557,29.27742305878736,489366.4878826865
2024-07-10,29.43791215250684,29.588939251521392,29.35870815381416,29.438521815417957,29.445525854304268,176261.3445109367
2024-07-11,30.77883070412783,31.03649848749464,30.46207571728131,30.76546992619564,30.76546992619564,565874.3413040485
2024-07-12,30.640872237884277,30.678002254369893,30.36749298195906,30.66763866783685,30.67409752136148,363765.2432929287
2024-07-15,30.36008792418322,30.508810821800605,30.2722294462716,30.346569463047377,30.339385998409966,284674.37226582435
2024-07-16,30.796902110010613,30.99325715846314,30.599326362966103,30.775747487154792,30.77211180453107,661991.7156280373
2024-07-17,31.474075799467023,31.52839225909865,31.41230055387373,31.474910516682428,31.467818802591268,277342.2071383946
2024-07-18,31.191288213295035,31.23631298864881,30.88988121857492,31.182661845349283,31.189830696911933,107201.84107679188
2024-07-19,30.29888951129446,30.46523210601014,30.28711312504294,30.306145773066007,30.30991746273425,592702.6707418262
2024-07-22,29.676007800079084,29.837743531617573,29.51723330607268,29.706533837934003,29.703372059859525,349201.1819776021
2024-07-23,29.177626305454517,29.26012096599774,29.121138381982178,29.209391606291604,29.216469097986053,338181.60752677225
2024-07-24,30.417765640870968,30.45141329129148,30.32099676951418,30.41724580128397,30.39489867540299,125876.41535945136
2024-07-25,30.62892313118923,30.641531121112823,30.52043033356414,30.63573566661501,30.63938373125652,128819.4587682341
2024-07-26,30.40682432634114,30.58896831757484,30.077698616507256,30.42412633027045,30.426987219932496,312181.2479889458
2024-07-29,31.003271734851698,31.08443390081429,30.933190628552406,30.985463195408524,30.99160467508032,442889.5351697092
2024-07-30,30.84148320318358,31.02350708900664,30.77641760920441,30.84587418331269,30.838250021867267,420759.7900598676
2024-07-31,30.015727876829335,30.32188079499302,29.66131756438926,30.0299615658016,30.034073247739087,248729.73286609215
2024-08-01,29.611951888663075,29.71677056937838,29.50926370853362,29.60166795061904,29.599028023983976,398741.8693217209
2024-08-02,29.02272748181323,29.12717020766361,29.03886951977843,29.03943924772875,29.03582158926242,213458.39065355575
2024-08-05,27.93354994162165,28.13363308455348,27.81525387472981,27.92257222766242,27.921604583172307,189879.6804157212
2024-08-06,27.9027056147118,27.891422053480984,27.85994408901533,27.880228800076747,27.880355124804375,451673.0489104716
2024-08-07,27.6321661221032,27.810351948809217,27.587102130325043,27.64142003008417,27.647786926414035,714417.7555383539
2024-08-08,26.72101350101157,26.78457186143781,26.68516859416604,26.730179954228174,26.72043969218159,567959.7817265221
2024-08-09,27.48769832064301,27.64147681679474,27.22438342737873,27.497944048102884,27.492241807413805,371233.6920814694
2024-08-12,27.872318766138743,27.984335180232797,27.799640476747708,27.87124205789596,27.85948554178959,87499.41287256732
2024-08-13,28.39628711334012,28.414079852240285,28.32365177123587,28.340481856129703,28.350530378921142,164128.91259152215
2024-08-14,29.163177836670062,29.22849399295679,29.15418610807931,29.177321309830724,29.173548009751624,199199.1677566134
2024-08-15,29.299102387302096,29.55812674955908,29.240301643063265,29.337686279531685,29.33659349251732,518632.5229206639
2024-08-16,29.74041985273013,29.76772677695437,29.71531712720884,29.7286114046072,29.72843476929828,152259.72455990614
2024-08-19,28.600410895256275,28.732230030070472,28.57548491252786,28.62646969386902,28.619252973427507,72719.24001875686
2024-08-20,28.44445266095004,28.523493322142304,28.261199340707822,28.492707537117354,28.49458923194753,331312.38095742895
2024-08-21,28.69356140384792,28.728119311185043,28.60801381608781,28.71103231760857,28.701617395302677,270948.88645798044
2024-08-22,29.92395181208577,30.10919691939173,29.74571585010548,29.93664160699758,29.93890899644115,741252.8925434694
2024-08-23,28.99703907149522,29.115824814144496,28.881585158767276,28.96145768026252,28.95309970228647,500465.9223686621
2024-08-26,29.510745841422384,29.564070592159123,29.463503194946835,29.51679227472389,29.514037569370227,573605.3420961275
2024-08-27,29.88600657022064,30.014990288084107,29.906900511947047,29.939641938740763,29.942558237782823,195879.94813383304
2024-08-28,28.54853026981889,28.63608767194265,28.450000939773883,28.51033423408373,28.51409451931744,589587.4400367383
2024-08-29,28.08411414742421,28.459956345366347,28.04911069604201,28.106564102926875,28.11382656884596,155492.28136297697
2024-08-30,28.152263548692275,28.184044015126396,27.946610315978432,28.1295067647788,28.117804390942755,382250.2451341202
2024-09-02,29.022239443477268,28.99170215315473,28.723071797678863,28.98071151875652,28.98807787771097,1231788.705290043
2024-09-03,29.375595699982444,29.43186085643027,29.26420672775944,29.37612769915543,29.38233460518589,352158.94728843844
2024-09-04,29.553622912083263,29.617160589096308,29.244753342041683,29.545170028647213,29.55199023588792,177496.1938342973
2024-09-05,30.1939007040483,30.225145447755946,30.062622877943536,30.164493690833748,30.160320085614373,517696.1815453125
2024-09-06,30.1347917605322,30.271383739816077,30.107665158445197,30.12945832240522,30.132561362297054,276116.4309410466
2024-09-09,30.82672869772508,30.89097603332896,30.798486028737035,30.852558644123132,30.839988791485773,258747.26805484152
2024-09-10,30.92554265592987,31.317935612604614,30.940699891856436,30.975349830972046,30.97550920767632,709877.6223883694
2024-09-11,32.53807910585793,32.6517373078971,32.38976359700068,32.512232553602765,32.50554923115441,238721.97489408136
2024-09-12,32.980729106327786,33.04361632620777,32.946897829692425,32.978926836217305,32.9877258121036,200366.02281461284
2024-09-13,33.83715195940341,34.076126865368735,33.8622589914661,33.88506879191372,33.87558084942236,449638.9209344554
2024-09-16,33.99525607518064,34.117281877258776,33.77211859907857,34.02012499462353,34.014995043760656,411253.33909859
2024-09-17,33.18164652616551,33.25295909117412,33.07487723297694,33.158174408069094,33.15691400492795,156376.9569068447
2024-09-18,33.34051349558342,33.35312542883981,33.08631308723929,33.35102684392924,33.33857128144742,226957.847341356
2024-09-19,32.87071879778865,32.933381153763555,32.67806949592415,32.89266703457166,32.89693245780504,167570.31647376277
2024-09-20,33.16025708958358,33.2422138874778,33.06475004049346,33.1894129927171,33.193217221334066,479708.3594090733
2024-09-23,33.74072607248235,33.851359201234565,33.48334584365952,33.6838971669401,33.700217084230104,253336.84896158127
2024-09-24,33.34594715902555,33.3482110089237,33.30954658794444,33.31831836196619,33.32120925947749,603586.8406531982
2024-09-25,33.057056631940775,33.3008187512293,32.92580109012305,33.101087125701625,33.094320345109026,226010.54920646
2024-09-26,32.69592597875804,32.73800266019072,32.538678942055306,32.64829982636311,32.660112001304405,140856.470802643
2024-09-27,31.17425882967101,31.298922311359803,30.938801686203465,31.159081124642896,31.17025566830903,184648.2748524392
2024-09-30,32.134747807293984,32.20428853631899,31.991284472947903,32.145431767941055,32.135219670136536,383318.138155877
2024-10-01,32.73109230168543,33.15876926202339,32.784039493585425,32.79138217961696,32.808181576224776,436023.2092853431
2024-10-02,32.125986768590415,32.16764433105055,31.908582265784823,32.11893327350556,32.134239328438014,163071.87838360132
2024-10-03,32.2774769504882,32.42337319344542,32.23002903822609,32.28063696520026,32.28415126093834,126183.807017068
2024-10-04,32.70506046704481,32.79688888975472,32.513874000747485,32.69257720234703,32.688634942145136,270546.1845806135
2024-10-07,32.181838443595794,32.28701907527453,31.99720806666103,32.17784309269407,32.194732800672696,99993.05141054287
2024-10-08,30.56520112552734,30.67374244670652,30.521193349055704,30.605352713356268,30.61103378114926,1810047.170906337
2024-10-09,31.18972856732462,31.356006188184598,31.166210231201084,31.20721917493356,31.206318501216728,668240.4477278234
2024-10-10,32.220761332229124,32.2082187180902,32.03853080619088,32.196368378353455,32.18500274442616,236817.72566579745
2024-10-11,31.915029447195245,31.99477103716765,31.667927405679475,31.897457766044585,31.895840499293413,903177.6828801152
2024-10-14,31.34721475768657,31.665118187736468,31.232134165613303,31.340317208416728,31.334433151512155,372663.9813344976
2024-10-15,31.08136567860972,31.132247578674622,31.0639022610324,31.12144313901344,31.12344028703955,256917.60623430592
2024-10-16,31.402215320511253,31.64855055100378,31.15248073774186,31.408727746481844,31.40264029874849,250490.7010528732
2024-10-17,30.95088541754688,30.969837048504058,30.71794359300745,30.93951950620309,30.92823591152058,704888.7914542846
2024-10-18,30.13478524456263,30.20278050133802,30.12047944379535,30.156091565645603,30.155353555799326,170078.3058512086
2024-10-21,30.99211913185496,31.069701344232588,30.885143736064546,30.96061784966293,30.960322856755838,203538.50709056985
2024-10-22,30.833683812039528,31.01244557232988,30.68947452096116,30.855487206217816,30.846106696939664,623855.6740730501
2024-10-23,31.010299980393093,31.18160865866615,30.814842637338515,31.04980407084239,31.04908026518225,117665.69737157848
2024-10-24,31.076575345706544,31.21141679142095,31.08703931988456,31.12852945543466,31.11180501921872,278575.7855943208
2024-10-25,30.515377347091164,30.909983516793847,30.294830666427465,30.51084832829203,30.502191554029423,162379.45508162133
2024-10-28,31.621973682084104,31.68220982230168,31.45526043780684,31.63580424010692,31.62177515051637,325834.862570357
2024-10-29,30.28207503695137,30.422418925562127,29.844841759285323,30.31968374539472,30.338304921869,279858.4593275613
2024-10-30,29.77360606910577,29.804559129592484,29.66881909020716,29.732092064438653,29.721183443255534,1047533.7747500768
2024-10-31,29.578097782869687,29.626944609244813,29.605010729004377,29.60523317723905,29.59780328888125,734353.2507646376
2024-11-01,29.168358810698088,29.330683644160317,29.05583691872819,29.219388720257268,29.20540528756157,300491.76726287114
2024-11-04,29.721706667860325,29.798903630023112,29.68396336560653,29.76047951627771,29.763550420494763,228915.9420113365
2024-11-05,29.77404564750576,29.75347353885095,29.570390538438293,29.744581622182405,29.73789705664519,544789.7688733451
2024-11-06,29.610839393903383,29.753311744729555,29.538975957117653,29.62019687818307,29.62398358547304,352742.54592387285
2024-11-07,28.63670057348976,28.79148883074259,28.544272518569716,28.63105650526188,28.6277985661744,217700.27578898263
2024-11-08,27.936750730406573,27.93586738531365,27.871645423372385,27.913611129825277,27.92893193033964,603591.7152087821
2024-11-11,27.61863644341976,27.860522582432843,27.51157003699326,27.59082406600165,27.59041826471521,340733.25532996526
2024-11-12,26.80965599630923,26.960883756896287,26.6886272063266,26.786408009615087,26.785852747240327,229239.53474191955
2024-11-13,27.564567899159904,27.584896942654467,27.37659256075256,27.56091731598653,27.563499231475117,123104.44252081597
2024-11-14,27.31255277312462,27.377355322195523,27.0223708793236,27.24442000762002,27.24403584098344,628503.6942281799
2024-11-15,28.13712052899253,28.19388223876269,28.11097451962157,28.1635284719326,28.15072202856288,182676.5486317088
2024-11-18,27.428576225435386,27.6293218329485,27.433113733797523,27.44579159595539,27.45187890523674,186889.6477261858
2024-11-19,27.610269553301105,27.66822166446952,27.49914157299277,27.66337058891264,27.668981879244612,928269.4963641438
2024-11-20,26.7978773696229,26.919950580693943,26.74147348991337,26.75387468238337,26.74130419646559,127887.16690018018
2024-11-21,26.56034727225365,26.65901680293852,26.547616697980978,26.593890070611824,26.5922392544885,328175.5406051312
2024-11-22,26.84013382831197,26.943314639266084,26.810982411620188,26.83000663122565,26.83180679335297,195905.9316250395
2024-11-25,27.36247075093813,27.374181123585263,27.263593820147232,27.32987008304432,27.30942174195983,193524.7260372927
2024-11-26,26.774245188777897,26.772138583008417,26.616382939734795,26.76706937679377,26.75964196958923,106160.62089593422
2024-11-27,27.56048369879601,27.60965996653784,27.527308417036096,27.56155199726914,27.56431875298772,313865.75772086
2024-11-28,27.26066076705891,27.310148547610687,27.03462145108048,27.24968801196617,27.25116919434308,523773.8636227652
2024-11-29,28.0134778528315,28.39825715996597,28.02611748759584,28.03376702520456,28.04045489143561,298177.8924039751
2024-12-02,26.93201621479237,26.92954565189589,26.909703469740705,26.916694635378217,26.91543412156273,134442.60549216668
2024-12-03,26.28625246707552,26.43999484179565,26.155176607477745,26.30060084954049,26.29782571427384,90467.86196817493
2024-12-04,27.47567381454623,27.531105118238997,27.249403554209135,27.48528144549883,27.487553202107247,494642.6308279578
2024-12-05,27.17421152728464,27.19718819703368,27.1805944494848,27.184605465142987,27.182744433094417,304747.6922020829
2024-12-06,28.30202870315265,28.468624133184697,28.318997256596,28.323800803271183,28.325411088939138,393011.2937505592
2024-12-09,27.320085004161125,27.423433654153776,27.3299811546636,27.352393851317704,27.34561854771824,220409.6116439802
2024-12-10,27.20315851121893,27.281794556010222,27.020539560517246,27.189099249254788,27.200172137556493,206677.74718951623
2024-12-11,27.716591606456387,27.69570701262494,27.658519772479654,27.68214694547302,27.691696541339077,303232.889976201
2024-12-12,28.2501814107802,28.332179618408976,28.21863912657376,28.260026688669495,28.26149840387547,385696.0471213345
2024-12-13,28.166116015515662,28.240470827985977,27.899596670916896,28.12031948671575,28.12145833257662,802870.2091639154
2024-12-16,28.670237009578447,28.95157731094605,28.71001295532786,28.75601909392504,28.75771219843879,464786.45742384327
2024-12-17,28.270211401637265,28.416612510949832,28.115319418420917,28.19707896850181,28.186609028223437,668582.1477321227
2024-12-18,28.18690829471903,28.42663299013217,28.07243950467352,28.19503590873667,28.1877409842954,303397.6562270113
2024-12-19,28.738632553882223,28.77582854796693,28.55952922496416,28.693041071350656,28.692617515253147,87702.71161583936
2024-12-20,29.52955487476798,29.60737243532712,29.48129664239424,29.52694980278365,29.516800131269108,703852.0764394364
2024-12-23,29.235883608652276,29.319169914015657,29.097370301015108,29.20076734567064,29.200109904094216,159998.33989006391
2024-12-24,29.44850633234373,29.964127248582145,29.315704904032184,29.472264262448714,29.486032390706757,227024.11101770683
2024-12-25,28.866980033888314,28.9722177072396,28.596889211566957,28.866912125413613,28.871698486239097,246220.42047486096
2024-12-26,28.57688567557681,28.721579219784463,28.52545419145096,28.63712463439355,28.640387409288746,271726.26686321216
2024-12-27,27.539858565144478,27.57658493408268,27.46062640175132,27.54380460949742,27.55607902082881,500577.974949022
2024-12-30,26.66307910950079,26.818713020762267,26.64564320821664,26.656335308933546,26.657297677671806,210154.2889621792
2024-12-31,27.73316606251623,27.844041650631617,27.650118346684746,27.71825899878716,27.71889918239683,482675.2510291106
2025-01-01,29.05333067985185,29.15656026141733,28.9745446630632,29.086742451864243,29.083846779722148,388251.1767456843
2025-01-02,29.98854001117096,30.1539167026435,29.81748674148638,29.98292786712763,29.97422182380125,146802.3031802176
2025-01-03,31.44073900593233,31.433344563770028,31.33930607904789,31.402369680425785,31.410374674697557,161833.46392205052
2025-01-06,30.694802723186346,30.834409227561327,30.543463681002304,30.75331912300216,30.76896607978413,107985.39022921416
2025-01-07,31.14847095119327,31.529115115992276,31.01042072119308,31.14382950022352,31.13237572498994,172665.78480062645
2025-01-08,31.07046453019228,31.15052564686576,31.00176762602488,31.0237807068271,31.02803426147332,383342.77535769
2025-01-09,31.063135602151483,31.075098159484646,31.04310293788176,31.053984706715912,31.05288806540675,130800.55814597296
2025-01-10,32.02280479986673,32.072730977373986,31.97253770599863,31.980825305711523,31.97210932134075,294058.26301284746
2025-01-13,31.332208303554093,31.51071816480607,31.361573295121502,31.394068155326742,31.3723169899882,325086.6992966499
2025-01-14,30.617852782741984,30.855627361339835,30.49926921511397,30.62060428991946,30.62566009563695,309459.56375625136
2025-01-15,29.78095466587139,29.974202484121385,29.674405381868254,29.782262884402947,29.786747579182823,75861.68971617857
2025-01-16,29.32489582336164,29.493832115463142,29.20303049573137,29.322202270521096,29.320507538810453,1234077.9704156532
2025-01-17,29.030574626446462,29.258650574845444,28.99268440443524,29.027596849999146,29.019356491154756,522994.5251743833
2025-01-20,28.680377501362607,28.768521106565515,28.664110143488426,28.70261434864271,28.708307245489674,116247.78619438672
2025-01-21,27.97475505557427,28.02040685935916,27.93227172557533,27.979824599672767,27.96614195800293,511247.65047815617
2025-01-22,28.30734187130868,28.3298989934455,28.23583892171354,28.316014197302785,28.326489092262047,298936.5751037305
2025-01-23,26.47051774864321,26.65963535961388,26.424867198374557,26.480600854330355,26.48981918938353,104057.83947204617
2025-01-24,26.899558944949423,26.996963084130325,26.8293225105052,26.88410417875676,26.88051869676488,156600.8227792951
2025-01-27,25.579848528966156,25.66476103533333,25.40991522424576,25.55457949801806,25.557458490242947,289573.7314020593
2025-01-28,25.44011656433624,25.442089674805185,25.27943475613904,25.41836002020245,25.41752156888592,472850.37663886073
2025-01-29,25.93050922720439,25.96082821559941,25.81871356192204,25.934233969395944,25.92732428370987,118689.75280055367
2025-01-30,25.79880209875001,25.882197725318427,25.708284452513656,25.8506672430919,25.848571001886278,384210.7276791435
2025-01-31,25.866951377878923,25.97990974504149,25.8555745372004,25.857453449019157,25.85331177530968,226056.171572352
2025-02-03,25.747472898389795,25.76694266622246,25.720749115138663,25.733303866975167,25.735659091534576,144654.8490489601
2025-02-04,26.609843590880875,26.715363312812357,26.474775375039552,26.54170319448372,26.55330237252831,196211.72355765788
2025-02-05,25.940510167435487,25.97544509234377,25.841658579945115,25.938299187170426,25.94087947896862,547747.0395202735
2025-02-06,26.343251916190443,26.349507288596943,26.332301646898888,26.33784786133205,26.344587734267236,166555.09854821418
2025-02-07,27.173156131171947,27.1645061016886,27.14487961362708,27.156636283652396,27.166099037074115,567654.6798261419
2025-02-10,26.67476210589494,26.86627543524861,26.66525300027861,26.67487366696818,26.66896834157172,115362.24452660672
2025-02-11,26.79874218103813,26.86379392706085,26.67581031704753,26.77484479310089,26.774428687776894,351335.70946116385
2025-02-12,28.090130877732907,28.09060531116098,27.97451315137409,28.06556494310006,28.06441430509373,975684.2390345222
2025-02-13,28.29154246476612,28.463769950301035,28.133453586144785,28.298235303270516,28.300066364862406,512436.17626231536
2025-02-14,28.581862910218025,28.90814465666012,28.333886002524665,28.566664195798268,28.563492950603543,253293.15309982255
2025-02-17,28.69250424212657,28.895888179754856,28.52737203665615,28.70869928639956,28.70537264548465,256019.2023701651
2025-02-18,28.97989576950855,29.054186670290548,28.65165155965629,28.959984848786423,28.96060858913883,211816.34483822755
2025-02-19,29.59737188837222,29.68176285073836,29.463841979779197,29.59630894972656,29.586558118450306,173460.06732992505
2025-02-20,29.757148590986205,29.80213960948208,29.531825354088543,29.73512566480507,29.72585808068416,184358.7514322709
2025-02-21,30.48876737684777,30.543363624301957,30.291437206589745,30.439171613554944,30.42298111578086,225063.8695274453
2025-02-24,30.331711535809173,30.486799324802146,30.21569021805565,30.34883969823768,30.3477387352469,221358.72342524733
2025-02-25,30.226245069788774,30.321232120231475,30.250876385784725,30.261505051239567,30.254820597806244,286087.14998244715
2025-02-26,31.247747664526955,31.481159260296035,31.08286369830513,31.266110594561265,31.27690578013628,240971.91658062904
2025-02-27,32.971830003434846,33.114513812158705,32.984111904966,33.014922527820524,33.01752669344174,217496.7730024819
2025-02-28,32.71489755919783,32.82273260760602,32.65358949446942,32.75992030214815,32.75147625566378,465231.1987005846
2025-03-03,33.12686712032887,33.18259506941266,33.033426170804134,33.11316281937711,33.111565120412706,114044.27732919912
2025-03-04,33.334935716510294,33.418599331133926,33.20423371070402,33.28736629736982,33.28681560119297,657207.3345013291
2025-03-05,34.85196073487636,34.977591257111655,34.825391108012035,34.87000929788048,34.87469117906068,169328.748915352
2025-03-06,35.58198611529821,35.78976932362777,35.25775922868786,35.52652900644233,35.52181752966766,273466.4837211645
2025-03-07,36.19535512927193,36.65708507735828,35.97141858063935,36.24429608678554,36.23767237105859,176193.21640911562
2025-03-10,36.31454863803267,36.39626404885836,36.14583064620291,36.31997047784444,36.31996983247797,253591.8664463687
2025-03-11,34.83364290981122,34.880472900067765,34.690000720960256,34.78957305465429,34.79989220539292,117377.44566910256
2025-03-12,34.98552982735453,35.24105757173055,34.91967107336008,34.984107076796626,34.99490110131337,138063.04714532325
2025-03-13,35.74586222300023,35.76083181223607,35.314993033214975,35.74910195704464,35.75468142401967,131050.36619442064
2025-03-14,37.18444456065726,37.260992431978266,36.91132068551127,37.17573196035042,37.18458837336704,164996.78348879205
2025-03-17,38.43662533534779,38.51208595058008,38.17312224901252,38.38163625118376,38.39018049477735,247414.7554947337
2025-03-18,38.0659068219809,38.06860993206492,38.04239061731547,38.04676212963289,38.028028400149886,189273.772215418
2025-03-19,38.19523148374721,38.296723640433,38.18901332444093,38.21531317802673,38.2304568257118,148738.55836775643
2025-03-20,39.47167965175064,39.65891291330345,39.04381514420097,39.45130490994579,39.45991758473978,261634.10178036476
2025-03-21,39.1728742822356,39.432517210379785,38.99492098632113,39.19918092940559,39.187044083301885,191970.0617912254
2025-03-24,38.37384523033608,38.68425160130497,38.35216985716051,38.41827183177138,38.43703775491273,247246.39578702507
2025-03-25,38.40591702575294,38.72590334263737,38.34345987926749,38.45119756070572,38.43714990443132,264554.67816187127
2025-03-26,37.904714258150165,37.912226649132926,37.81325046251622,37.87461835752407,37.87705401068183,369099.3371720173
2025-03-27,39.24475145985852,39.29363754125566,39.07103743491336,39.2413592298499,39.24129052108943,614142.9508815005
2025-03-28,39.14441449959761,39.27562881057762,38.997382968533785,39.19455174950016,39.20828959348894,129957.2237953008
2025-03-31,39.92405757703677,40.04644978530604,39.52202038972339,39.950576185841456,39.94235016315374,121721.07371976796
2025-04-01,39.21860685343879,39.2595434197718,38.82066121483017,39.19052333865624,39.17836008748338,265159.74412656
2025-04-02,38.13752293907249,38.21714378840368,37.83933372943158,38.1030264584627,38.09553364819545,266785.3167617583
2025-04-03,37.9936876986898,38.33735787555974,37.57608426392083,38.004235529712055,37.99819953025851,183509.3282271617
2025-04-04,37.35076834362356,37.58029358654996,37.250234896505056,37.354665331566345,37.36844334767977,162866.21087336374
2025-04-07,36.81854704550787,36.82643539558468,36.71218682297713,36.81607177032145,36.80258935895315,596994.5302725165
2025-04-08,35.774578646963725,36.14162800870042,35.774967012221644,35.810160793334255,35.819607363320934,186663.9683331444
2025-04-09,35.195311100389155,35.27834370167047,34.8898310287692,35.17760614944617,35.1778632211848,141399.34119459268
2025-04-10,34.682469625288924,34.95916581873979,34.68324967903925,34.69395011998757,34.70248003067461,233922.26834143465
2025-04-11,34.79177604986797,34.87154042426081,34.64698917964227,34.76750477008408,34.772955776233474,450898.7746198246
2025-04-14,35.355791030798805,35.396027211514465,35.335494753787806,35.3831035474996,35.38493461109874,240751.39095154943
2025-04-15,35.27487063260109,35.38009924781306,34.96238567160766,35.26540503905031,35.25322701544015,196409.60587141267
2025-04-16,35.116728226510254,35.22219307615303,34.956205142879526,35.06070370906632,35.06520345118492,495723.60732344846
2025-04-17,35.78906256458652,36.061291546001456,35.838693602085435,35.85171093594942,35.84807558724255,506105.4436024281
2025-04-18,34.89260290415267,34.996650507805604,34.7809258182084,34.906112824493896,34.91705486043677,325039.3988678513
2025-04-21,34.016310949037866,34.33180116945851,33.87077061877005,33.97401081751396,33.96423343427302,399063.1595599665
2025-04-22,33.206334629059484,33.30555434765938,33.12249856059528,33.20257253130489,33.21012839737826,409677.6040020375
2025-04-23,33.85882160485476,34.13917885760888,33.75069634072386,33.887063896524,33.87683990651788,428412.7224488057
2025-04-24,34.538238117020626,34.57749475914304,34.53717033637331,34.55000415248777,34.55831113717092,122567.2645036457
2025-04-25,34.45560956105635,34.60687151291298,34.38644978847589,34.50197922249533,34.49076530661509,822991.4737268054
2025-04-28,36.65922411050711,36.79979703403812,36.57803281339769,36.6824062379981,36.67701578977776,156367.93084981668
2025-04-29,36.71506733963623,36.80483312700876,36.472792210836346,36.67746743200584,36.68286324404462,560828.4394847021
2025-04-30,35.39008956880912,35.811226555316054,35.17547890705443,35.38484084852932,35.37203896359181,220034.91196178796
2025-05-01,34.0831222039102,34.172407534264856,34.02356344915198,34.08923249641801,34.0819223425592,333916.4606109048
2025-05-02,33.25101551874849,33.344554427492525,32.84243964835935,33.229692687807905,33.22558531235981,478953.0546294016
2025-05-05,32.705701499031505,32.75442215763633,32.59661229092549,32.67211079698535,32.67711470929843,327845.5201625954
2025-05-06,31.7457454128895,31.72006873590025,31.6002593753928,31.718669381240648,31.72908205966709,152773.38492504958
2025-05-07,32.05740170709291,32.32154235707157,31.916798008306586,32.0411390694312,32.03893145542745,658620.095935523
2025-05-08,31.49452066144487,31.569730993880658,31.41056236550802,31.50217743675742,31.492377229915984,143019.30643989868
2025-05-09,32.1114827890306,32.25773873811494,31.977236577414157,32.078882582903496,32.08858187655994,154711.5875488603
2025-05-12,31.99602035059878,32.181689731273224,31.97058083496244,32.01134523434306,32.012765904683484,354079.8567490261
2025-05-13,31.835336906354588,31.89046763798348,31.754555797540966,31.881504293548105,31.864990475451123,212848.97743923392
2025-05-14,31.349391922435764,31.527258010421427,31.37961976218067,31.41777660755562,31.41949728983061,745400.6996990262
2025-05-15,33.15256900255677,33.191403085653405,33.06440986371212,33.169515411798265,33.17447901789556,689442.6290002158
2025-05-16,32.94250474275625,33.176902899383954,32.90277229387773,32.9857674261396,32.985200697747906,215251.6259812958
2025-05-19,33.38743794381719,33.60616063621217,33.350359368341124,33.39659183375279,33.3878067793888,495442.0833452226
2025-05-20,34.18642353955469,34.39244704179171,34.18111701186391,34.19967298455426,34.21101084066258,372566.9745285207
2025-05-21,33.89940218932615,33.93950480206185,33.64419475210241,33.89771093240858,33.90216998984435,639467.0307207179
2025-05-22,34.4094966985434,34.40270428064552,34.17192432724971,34.35457780268554,34.35115055075336,213549.33797001655
2025-05-23,33.89567307991183,33.97135762927937,33.86882153161658,33.87174253036691,33.860509997583,182617.38243202132
2025-05-26,34.37492919546234,34.522584339042,34.093385115774296,34.39100937154066,34.381328071674005,374980.3358857016
2025-05-27,34.764935746535926,34.89382345249808,34.748291349421734,34.84878401571192,34.85246562651326,234023.9165370542
2025-05-28,34.757778351867216,34.976232214941845,34.53010771276187,34.80923166821555,34.808449296598,262421.82861485623
2025-05-29,34.2418841672357,34.39874760531705,34.063509047698126,34.231725037178386,34.22291029232649,737572.5661351411
2025-05-30,35.55546825707879,35.55523130301904,35.31570778712063,35.52561309838952,35.519813897605886,250092.59416136207
2025-06-02,36.04187066768204,36.15922417166773,35.74958880287195,35.992847764824354,35.991820306279884,475675.0589848305
2025-06-03,35.11146566304514,35.69401806273012,34.80699156204535,35.09856835434428,35.09799623539559,429868.5603725129
2025-06-04,34.57200373146359,34.64509792481673,34.57928199284259,34.60418254634371,34.61267795093853,256794.7486152823
2025-06-05,34.59342644635566,34.858655311398344,34.58168716256204,34.68045906012225,34.67920970903136,309902.6643833386
2025-06-06,34.72335790496211,34.830886798371935,34.49582286890881,34.66631722800588,34.67160317989643,226685.53129915372
2025-06-09,36.68343453416981,36.72375748221756,36.589403355306445,36.67567261217912,36.67156630063042,128050.9752749972
2025-06-10,37.29894875433503,37.38834790212134,36.88485447915244,37.22547057198254,37.23768691162629,248892.7072048965
2025-06-11,38.166407294009815,38.53450832056095,38.04610066850375,38.27660938411196,38.27817707942915,236989.38138686947
2025-06-12,37.62146401992952,37.63419988435195,37.5861061679756,37.616673984502,37.6331353725284,114325.84095554508
2025-06-13,37.47654081171843,37.78111932473649,37.218666894496536,37.46474303317979,37.43780613493208,251612.29446846296
2025-06-16,38.21377819567908,38.291385695461,37.91123760958186,38.204299531866695,38.19985574777056,139079.0397764471
2025-06-17,36.83225704212383,36.89336544417512,36.76767852640825,36.86073813439975,36.86900487407506,345111.6241930975
2025-06-18,36.38087348938773,36.46665406502713,36.297498118882565,36.38986552175024,36.400216351938674,511828.3185333568
2025-06-19,35.68050970235253,35.69243378525922,35.41556067751497,35.61679923439178,35.62592922464222,284862.72724230686
2025-06-20,35.02407499545465,35.2077652912659,34.73040788623738,35.0481527639415,35.05278031390827,253659.32085191103
2025-06-23,34.25965016446663,34.44930506888309,34.193629342151816,34.30110733208759,34.32339503928969,233320.34424923052
2025-06-24,32.737138848042534,32.706242567594046,32.58770552841949,32.681972056209084,32.69136815535131,156113.45619512108
2025-06-25,33.73937005848561,34.02447286108815,33.60739221654694,33.72321227456119,33.71815912930718,322476.5326777584
2025-06-26,33.670998584164046,33.72159795958865,33.4767889504994,33.63143815914605,33.618037264612155,351280.3131921723
2025-06-27,33.72474174457962,33.93690271265265,33.53570527878709,33.68848862143249,33.69105351501374,1119452.5695420553
2025-06-30,34.60386863406799,34.71829682398097,34.37009393850966,34.605472622848886,34.59657273022664,404354.3104773908
2025-07-01,33.28980732118103,33.42538291285669,33.116127171807,33.30743443172656,33.28908283221052,521735.17463902617
2025-07-02,33.2872156662773,33.49719006499939,33.10597468769143,33.268788629383366,33.26540479284744,229829.8132195564
2025-07-03,33.228707423608235,33.3934859005332,33.112521092076946,33.28189303063193,33.28436715098288,568710.9260515488
2025-07-04,33.651743279928375,33.75924288921929,33.444403376750365,33.67951246114901,33.678077794989626,267591.6115953466
2025-07-07,33.706005313874506,33.69142396757444,33.59746522397736,33.67034519028209,33.66645253403729,149114.22211044017
2025-07-08,33.9516389165724,34.02904492063246,33.88341634120438,33.97627821012271,33.965040122888404,672053.5806241903
2025-07-09,34.44304174314201,34.84442720908717,34.35697553063695,34.43756268842884,34.432335328493494,522848.3270196982
2025-07-10,34.656168156700595,34.725482507160336,34.63274242782981,34.667004227615706,34.67041190307361,819600.4036896535
2025-07-11,34.661301532386204,34.74436080519304,34.63564727653146,34.67370090208394,34.680736826039805,261042.60876451145
2025-07-14,33.879075946597155,34.06087860910477,33.75565413002799,33.84503965773241,33.83673694699105,88294.56449903808
2025-07-16,34.099537189616214,34.46728295844767,34.07513634257724,34.0951339775712,34.09831030512902,649655.5197170203
2025-07-17,33.00189597869684,33.21930203200027,32.8599479468053,33.046066077314165,33.043681038162084,201873.02152746636
2025-07-18,33.03674155763254,33.031398601744165,32.68968479434856,33.02141646490583,33.018744615803726,157400.76124927847
2025-07-21,30.520870548283447,30.738711863907707,30.458114249630174,30.547160425808105,30.53922765212759,317938.5910121993
2025-07-22,31.81621599695958,31.94679289320177,31.636036205169543,31.85578686436475,31.863057147300665,303818.5562950911
2025-07-23,33.0944330436844,33.08198144721347,33.0156277532593,33.040422636344495,33.040304185001375,370252.4787997816
2025-07-24,33.080076720042285,33.09924943833141,32.77362172315416,33.0775402813718,33.07706578453716,542965.9563100531
2025-07-25,33.365463422732354,33.49154287342203,33.38319602216071,33.408184341978746,33.40966981268674,238539.8086098957
2025-07-28,33.910216949236826,34.02895520076385,33.89089288255848,33.91081683147817,33.90647382062773,646205.9104207883
2025-07-29,32.1588989759519,32.15413709449197,31.97951340481612,32.07658698266666,32.08003499007708,580258.5915127301
2025-07-30,31.56528194179984,31.858351543708658,31.33974169381149,31.600540833576744,31.61686253129425,388279.3329207984
2025-07-31,32.14652199705509,32.33798533857624,31.996301655078764,32.12440473731171,32.12925774145826,268740.82504751644
2025-08-01,32.54179316716386,32.815263627886154,32.45397483963351,32.53114048429985,32.52829637978119,303076.93150371424
2025-08-04,32.94339706924968,32.970669787860594,32.76423278331227,32.96614963257556,32.95499380577522,574306.2440896382
2025-08-05,33.18619880189901,33.19684087550523,33.07639084512285,33.1655495306099,33.17873152946755,245773.3754431113
2025-08-06,34.680735372823904,34.923106721694005,34.63710215860208,34.66274477092361,34.67819770073395,289471.8162174984
2025-08-07,34.8077815988505,34.94939135154272,34.690988893754195,34.801058135955486,34.79995904506769,339590.6806790784
2025-08-08,35.39933743761793,35.55411866503429,35.347352034349086,35.41210661451555,35.4254621529957,236335.4370218829
2025-08-11,36.24826102287123,36.4484619523192,36.00548844396549,36.29913294128738,36.2873068583828,500856.29443036194
2025-08-12,34.599719718180204,34.72900273930667,34.40577914743852,34.62607886404686,34.62485619972412,710559.7872159898
2025-08-13,34.39507169466893,34.42560491758038,34.18478339348258,34.363726337689826,34.37088385661801,169961.78743788187
2025-08-14,33.997789091212894,33.99654360037825,33.59072974483005,33.93410283060261,33.9479140911985,228600.450380904
2025-08-15,32.97645921044072,33.003092071106096,32.95620484357172,32.984016116911974,32.99344547291086,316345.66155475285
2025-08-18,33.45118948380971,33.582145893042075,33.239253770674054,33.46100959061252,33.457884281452145,236513.17374234312
2025-08-19,33.38570472343185,33.51840067181992,33.34499352761396,33.402713039241064,33.40635560108552,437014.2918033204
2025-08-20,32.87454851196414,32.93321047693013,32.916096720093606,32.91970755198716,32.914296638521435,1090522.9164464262
2025-08-21,33.766659539587195,33.812890940875015,33.609666598273805,33.7327603975044,33.7391499337219,252910.149334479
2025-08-22,35.044076263741665,35.504019435074106,34.82323660832807,35.041420273902105,35.05375520046499,138525.20584001418
2025-08-25,33.76802334148248,33.916686035346935,33.5337312781615,33.80072011103326,33.805548521445104,593634.4598711495
2025-08-26,32.937035151669185,32.9883256905525,32.81954274164217,32.94480286184615,32.94331403009805,515094.4082600365
2025-08-27,32.517732708501455,32.740428885242,32.199738131066866,32.49735953887032,32.49250303989636,351996.77571118856
2025-08-28,32.477651350745965,32.57463300363792,32.417638161320355,32.54149098090424,32.54215001762545,483298.8432935892
2025-08-29,32.529389869717626,32.52978188657778,32.25960300943233,32.517077962178746,32.51931167098495,240780.78946085076
2025-09-01,33.24383803420783,33.23454601324613,33.17129292903164,33.21359179755176,33.213373602245404,110449.33507855076
2025-09-02,33.843434325853885,33.920325707443546,33.60510478047933,33.822880577281886,33.820733311920506,454531.3868587375
2025-09-03,33.930943497571,33.9699173349918,33.75430342404726,33.911737207483874,33.92655331359668,237338.65042252588
2025-09-04,34.46709906539752,34.50623326527345,34.37513171926018,34.402502758875045,34.39478262662566,461702.8846190008
2025-09-05,34.622448230438685,34.72335405917471,34.323074112172726,34.6197319978664,34.61686771823667,88562.4090688558
2025-09-08,34.406111901205165,34.58491997457723,34.163379720793486,34.4247546265815,34.43644769015769,202415.1158089457
2025-09-09,34.5920738508409,34.727900299443434,34.47357932278984,34.60208972612696,34.60474529247887,206845.10971068012
2025-09-10,33.82854726648794,34.1064333005544,33.71763340544017,33.89703410655819,33.896315223023585,431266.8547679532
2025-09-11,33.25017566936136,33.280134745747205,33.09813674044766,33.27116103114966,33.28882553389909,358057.4784349309
2025-09-12,32.58404263288756,32.789491305869355,32.590762551106764,32.616667873404424,32.61672185108764,391854.5225342119
2025-09-15,34.160163409152425,34.21618555835385,34.0862706066143,34.20053855321156,34.180326342376034,650723.892698353
2025-09-16,33.90252217737424,34.02959747894565,33.7987358378287,33.88472114594706,33.88005522239073,814529.1272866888
2025-09-17,33.92001048354903,34.26613038226469,33.95047464074157,33.95541023193731,33.94057189017043,433676.1317482092
2025-09-18,34.98643349257011,35.06632521946352,34.85682439102015,35.00220869325568,35.00503732469817,954879.1434965098
2025-09-19,35.06505991510407,35.14835737325297,34.783660289178,35.04240835128437,35.04082204559427,221326.78772380372
2025-09-22,34.936841626267885,35.157881238469706,34.94092211245602,34.95783069846619,34.96305629013334,419390.37994872907
2025-09-23,36.04688646870486,36.10163274162319,35.81160564351271,36.06604127882541,36.05971905399903,318813.41487705923
2025-09-24,35.82930104261528,35.96950090763208,35.465403178651144,35.81839895688184,35.830617519270184,101037.72913330708
2025-09-25,36.22734666823094,36.57129199494027,36.137670570592974,36.20316715818016,36.19615950353553,470077.02947392303
2025-09-26,34.817500026481035,34.870580781509155,34.5795418805714,34.77213507169504,34.77774280476683,390695.2082345818
2025-09-29,33.58043118424114,33.66564741987863,33.52130695555674,33.60265608098797,33.60198259086687,244448.791779464
2025-09-30,33.3837188913049,33.53171016643516,33.29426194218864,33.33210219506435,33.324744533102404,114207.5298032655
2025-10-01,33.14107923735703,33.22970946126916,33.12940772986106,33.138276374298,33.144085823582536,576058.1482631373
2025-10-02,33.15365863404703,33.3157382261239,33.00550711955634,33.110082154506294,33.110491158260515,436922.9219766804
2025-10-03,33.410458311739056,33.582198977728055,33.25715866176064,33.44388995009597,33.43856119809561,249830.16346060415
2025-10-06,32.96556568764219,32.96602617445129,32.7207599310528,32.96067523275075,32.95328686641035,237147.53667261224
2025-10-07,33.61432841786567,33.69580447440286,33.184020084595886,33.53955637712882,33.53202098814039,117568.10609767064
2025-10-08,33.65890563580431,33.92542649823902,33.39249499176842,33.66255334657708,33.668639476916056,493701.7169605789
2025-10-09,34.08808549777479,34.14211083777448,33.83695311763862,34.09049305983565,34.09350929750416,446886.8252388551
2025-10-10,34.0028460623703,34.08565453701052,34.014235948246444,34.0251567643685,34.022408911891354,510996.97818032256
2025-10-13,32.29720264355946,32.621603963318094,32.19232457605132,32.263931878556924,32.26739816463922,574846.0309767126
2025-10-14,33.08965216878217,33.26488863025543,33.08004141214132,33.085737906386946,33.09934941260254,204849.4682117262
2025-10-15,33.67301694985136,33.732178457444334,33.40762651154492,33.618315520759985,33.623812522288006,282532.7180926253
2025-10-16,33.22735804821913,33.190200414311086,32.966545361490894,33.174945576358375,33.16080048002618,140376.81745219164
2025-10-17,32.1879500561161,32.15916008738287,32.01595837192551,32.156113848026344,32.15178283409934,425348.6498353118
2025-10-20,33.401084518316125,33.55963610471466,33.12175418952259,33.30189187692224,33.29194917888203,171262.3067858375
2025-10-21,33.43701447941313,33.48385880216482,33.34638615158215,33.43569104174783,33.41649523231272,234736.1879425363
2025-10-22,33.83540787620951,33.89854812965994,33.73478020146246,33.83474872374943,33.83564627633827,216453.3404997492
2025-10-23,33.81304319348225,33.881076355322605,33.605627814181894,33.76248152265486,33.765143851306995,454185.8882688588
2025-10-24,32.01861696132018,32.11168870101676,31.89444799390237,32.024291720009494,32.02264431043152,419414.5288106539
2025-10-27,31.61667919186084,31.68550885334514,31.371430284714236,31.617798038891667,31.6045210174482,173718.37108647492
2025-10-28,31.99985351899905,32.013852444843074,31.896766084171723,31.97499691465416,31.960630334697807,213641.0410621681
2025-10-29,30.852627658044888,30.818469751636425,30.80630546916539,30.816741718867664,30.821068699514207,156385.0746942552
2025-10-30,31.08506324252805,31.210930124394626,30.760884068564888,31.0925794665653,31.08795959437165,276603.4856901403
2025-10-31,31.1545160410565,31.360666028055917,31.019920094317207,31.15012010035228,31.143692138437597,626377.3171211638
2025-11-03,30.755174829049924,30.819041756459256,30.75310425018584,30.769508605357075,30.776482092643963,288192.40880842763
2025-11-04,31.3376310240745,31.47086031038007,31.29224730156966,31.33984957126864,31.3441729916546,153411.25379150646
2025-11-05,30.331456595567754,30.404019313368995,30.2193047825338,30.359363491760003,30.35628704643775,158005.34556948807
2025-11-06,30.177021208953654,30.274022281036736,30.2026341017908,30.208870023956703,30.20829379471887,103426.95496477812
2025-11-07,31.03429767871275,31.440282150251345,30.80555229957473,31.03311920556481,31.038284155868197,387700.3736684667
2025-11-10,31.247533867417943,31.440846999852948,31.183190267012822,31.278911855948877,31.295525562535374,235678.5003594868
2025-11-11,32.609847195643724,32.72779482044992,32.41853810111611,32.56969830711018,32.564458116456734,169091.84690075013
2025-11-12,32.13764747548049,32.17038332338727,31.933887777987024,32.16588225576668,32.16900493006288,507434.04780901805
2025-11-13,32.96600951646275,33.12257763076683,32.90767102338649,32.97713360619524,32.97869203532952,108090.29730230304
2025-11-14,33.12085174049791,33.3685554276383,33.00440590154712,33.177118097630846,33.18193029875416,274720.73939231207
2025-11-17,33.65048917697818,33.715664785262724,33.5714346085403,33.65535727579781,33.66821137918013,456514.9570258776
2025-11-18,33.261642651439345,33.20888490261903,33.13246130557002,33.17314156551041,33.166009194846055,158638.70749641035
2025-11-19,33.35324906798618,33.70415525076813,33.18338362421333,33.39501968696892,33.41021493182188,86841.54842665073
2025-11-20,33.615747508668456,33.69224905494272,33.474819451360034,33.61512241474949,33.59475825719795,815593.4548053053
2025-11-21,33.38646267368111,33.45216199674638,33.33306947785179,33.42502164668362,33.41210823427456,104671.84311265248
2025-11-24,32.35795570330187,32.53154157022423,32.348022646236366,32.38698684678146,32.389460242592264,299622.99827571074
2025-11-25,30.99771067818409,31.138859971474517,31.01040148375072,31.02828573218106,31.027760959078044,342475.41385961324
2025-11-26,31.796080900994745,31.83282583799776,31.618625442258235,31.77137136183105,31.76263898502969,122701.50579534427
2025-11-27,32.36615193038931,32.52181185175222,32.30630183739303,32.38406171314363,32.36247854332532,564167.0742638626
2025-11-28,32.96688746476792,33.4246431340048,32.8965250677857,32.96658038140828,32.96097523467705,313808.45967403
2025-12-01,34.184459651745776,34.21628206692983,34.10738587250886,34.121957094956805,34.113379599042645,117276.44111350956
2025-12-02,34.22574332919651,34.28521841977231,34.18725291646566,34.241220554174795,34.239599296290685,358422.21866535867
2025-12-03,35.355489303883466,35.44398238186969,35.210463838403086,35.34929729443648,35.35096121504784,369660.5095847083
2025-12-04,36.09720663650192,36.10573460050036,35.63029920089281,36.0119617751668,36.00154848835957,379733.1372302513
2025-12-05,35.81108234713172,35.876965070965376,35.62832895756691,35.79159335067495,35.78742097839288,638489.3306730896
2025-12-08,35.253390172500474,35.35132578534898,35.10233690492755,35.29987746140804,35.30144071944876,125967.09434181804
2025-12-09,35.5460872694441,35.67715942159746,35.39875759216676,35.51254000241833,35.50837143226981,278406.0200726302
2025-12-10,36.07413625606579,36.09838321498425,35.86743151040859,36.0768704983256,36.08820142839655,105899.8843368215
2025-12-11,34.97382485226512,35.0286688423576,34.98682191343268,34.994047316168945,34.99264126933523,147578.14909754443
2025-12-12,35.26877325981962,35.57873349615778,35.19389594854894,35.371274087659806,35.36468993111975,335906.27429263457
2025-12-15,34.84225085434628,34.84589253790415,34.51365706946062,34.78723744637868,34.78024270252378,161524.62711479375
2025-12-16,35.61726723629673,35.7367946621107,35.503576362838075,35.598631755774015,35.59680433280952,376143.4465618678
2025-12-17,33.97022514292967,34.08477903696476,33.95779543294431,33.97080329930824,33.97769264039407,242021.3194329716
2025-12-18,34.238748995632,34.41718479777025,34.12546133531616,34.261256357886246,34.274601758499365,153530.86074160997
2025-12-19,33.60625608186718,34.04606516890575,33.62552939788103,33.65540939541789,33.64329548784506,110838.16092414247
2025-12-22,34.45254203825851,34.518230894741166,34.253075898258906,34.50053694628999,34.508820113388026,573376.9313571646
2025-12-23,33.668336094104774,33.8456500091576,33.468850501492206,33.72174613925432,33.72681572577996,257005.0379281424
2025-12-24,33.51677192172936,33.626214201842345,33.332262153004294,33.490044888310685,33.49761046487811,253631.20861014497
2025-12-25,33.78162391573024,33.78240221030764,33.511263981142626,33.76195935917099,33.76345520290044,166761.78672878712
2025-12-26,33.054606004501764,33.057569595583665,32.819881418974724,33.03156621409693,33.03778249965434,216201.41502532887
2025-12-29,33.43653617991728,33.516873782251814,33.40939111359624,33.4518704413676,33.44345831547811,120444.84110572512
2025-12-30,33.23681732904437,33.31416508520049,33.07492884457483,33.21822714086757,33.21892755256866,166729.60655052002
2025-12-31,32.513993943970306,32.60111476506661,32.432623577327256,32.49092387615451,32.49755597905168,78782.74885565012
2026-01-01,34.522587248178176,34.56708082003382,34.44020647703117,34.47443526550651,34.48944745731541,627336.8750259075
2026-01-02,34.77560482047893,34.91902695199449,34.59856105865635,34.71758565226219,34.72003112931325,231249.9563650634
2026-01-05,34.67160736430654,35.026632707097775,34.65949701173794,34.67756368386878,34.66447134009813,197908.08727870483
2026-01-06,34.824005488820006,34.904020846540654,34.80426986952287,34.851914672612935,34.85104455432185,190177.7911301516
2026-01-07,34.90461292206352,35.09838205449228,34.757147133629985,34.875318290640124,34.87687538118121,750471.599412768
2026-01-08,33.457999484630506,33.73065885316681,33.26756273514066,33.46236020801645,33.472423349143206,345365.9921695857
2026-01-09,34.63238792063827,34.833237663905926,34.57704570463182,34.625032206963986,34.623464240447724,187859.0067888302
2026-01-12,34.59894152779399,34.879021901438485,34.58914758558919,34.62903232179838,34.63644974317408,91566.9700000888
2026-01-13,35.079991287981926,35.46458051851436,35.010880103358616,35.16113518628998,35.1690228440113,216514.76230991088
2026-01-14,35.79936969216236,35.760654952198,35.536394079751595,35.73574499219331,35.739456987351694,124893.14887046198
2026-01-15,36.34068406945621,36.39592248288382,36.1806922502166,36.35543168442312,36.3567101759933,798266.8119671111
2026-01-16,36.51840697970545,36.55251521758348,36.46785690341183,36.51736650508925,36.5165585880926,97557.64749310024
2026-01-19,36.135602325378784,36.25187509476008,35.73188552112204,36.10030042027248,36.10096153806603,360399.3168570883
2026-01-20,36.15801725104746,36.310441383700486,36.00930402101323,36.146451750498905,36.14494292028616,357986.7323057976
2026-01-21,35.280815130436984,35.55970241879388,34.93795981477891,35.281553109190604,35.29199882954396,131440.82344355353
2026-01-22,35.394204903126976,35.36235542689964,35.332577010807,35.33716625743137,35.341835293939255,295123.14301566314
2026-01-23,35.09877925645157,35.27606744986242,34.97445710460238,35.14175174875397,35.15398751596303,222013.04956765653
2026-01-26,36.15123446483174,36.34671610551231,35.970339248823684,36.14811814199731,36.15503625948486,182445.26745516705
2026-01-27,35.723138715935306,35.892775319031855,35.62266520533544,35.70813189793571,35.70179534977368,260589.2399748661
2026-01-28,35.49830332271751,35.80545041540236,35.209124653400075,35.51798161775089,35.53530351864988,447043.76565722
2026-01-29,34.741334515031134,34.76135158270311,34.65871214458534,34.7252775166044,34.72226890913649,360111.5221082458
2026-01-30,34.49003508205038,34.60957422261693,34.24237321560358,34.449810910443425,34.449910151500866,291944.5177701452
2026-02-02,34.716502663404825,34.775643755616805,34.52756068909664,34.668817761532154,34.65852057169681,135124.8967278805
2026-02-03,35.75334318658052,35.84556613058547,35.70336821185572,35.754607709692365,35.75381267600142,154171.39592474644
2026-02-04,38.07851390408948,38.08561229268024,37.783557319793225,37.97563275115612,37.96357808874428,286623.95035661093
2026-02-05,37.31494289428158,37.31085111630974,36.90228762565695,37.256753137465,37.24974335318269,219822.34202813497
2026-02-06,38.20645577510037,38.36634357921743,37.96037224076637,38.204297369784,38.207154815737006,292422.2016691858
2026-02-09,38.04597461332999,38.21777994080522,37.778843377616695,38.1067471127621,38.10090559389588,718114.2391298176
2026-02-10,37.2644411461525,37.33899710291428,37.08878442026213,37.31835818760042,37.31769285602852,424654.3815639717
2026-02-11,35.78178884878485,35.88148311018151,35.605804361299526,35.7946219346018,35.78852522854573,287314.0895836759
2026-02-12,35.83151349742005,36.02875615788691,35.5839903529336,35.85067462420856,35.86539589229599,510077.6952012624
2026-02-13,35.61494746304992,35.97234378616953,35.44962506499658,35.63656291611088,35.6478097488699,175036.7986049016
2026-02-16,36.15750694461756,36.16161332506739,36.125662189087095,36.13853858383813,36.130875868990586,309943.646361152
2026-02-17,36.436337896094734,36.93364549297805,36.2591680171501,36.42159653516622,36.415106202121095,324864.2197075378
2026-02-18,35.939962941696166,36.18525221577893,35.91533709666208,35.92765593812684,35.93275951344115,332048.1891260363
2026-02-19,36.36776030225821,36.45448918984049,36.29603389694271,36.34137343494778,36.33303438110167,1118368.294021501
2026-02-20,37.712159615213686,37.73121308926871,37.55963699603112,37.719805209994014,37.720666345668576,211597.60696550616
2026-02-23,36.96046779477588,37.27017110199795,36.93930207094997,36.9609371376377,36.9565335324802,224052.9663409652
2026-02-24,36.149800398912106,36.17705305116087,36.08441356428841,36.107782568181086,36.10954006071531,926797.7753786502
2026-02-25,36.66308779806344,36.79701606935249,36.46938712057254,36.63729414510445,36.641245626462194,280693.63688039733
2026-02-26,37.30937485691173,37.5985291941774,37.00146797743317,37.29435101215211,37.284720302124576,209552.70744473505
2026-02-27,37.07946649630249,37.24049602943789,36.71423393897833,37.09897885995717,37.10268722233155,358910.19139298523
2026-03-02,37.08972411733685,37.16112230867569,37.06836024920288,37.12037930922442,37.11969166738136,285545.16339970584
2026-03-03,36.69246330193376,36.73744424976983,36.69208911583363,36.69408455593664,36.70573085013821,894685.5209654554
2026-03-04,38.137433076984856,38.32620207679483,38.13324746811979,38.17061240033264,38.16105766249668,662522.8425428997
2026-03-05,37.56630672169197,37.72648403105298,37.353793292994006,37.4921716428425,37.49505387183257,617595.3906978781
2026-03-06,37.23139558463797,37.42579920673904,36.96583530988455,37.22971013561576,37.23264003557951,191182.5739540287
2026-03-09,37.77449698306403,37.96337451858303,37.62922474136363,37.81014495275226,37.81232361997895,212309.5208795936
2026-03-10,38.95185103908696,39.06188381038988,38.91054492744099,38.94887706528986,38.97320318921005,569366.6446619886
2026-03-11,39.01862000828551,39.52353176148252,38.706428534845806,38.99528094940749,39.00944719928209,178981.1068856678
2026-03-12,37.11941871435707,37.26795574195914,36.897819623954206,37.13577326396804,37.132724100427886,263067.01294803986
2026-03-13,36.66684089974655,36.89755555190592,36.614130917649526,36.69131547753569,36.68920136349369,134338.33147119675
2026-03-16,37.78691188851843,37.83708339056496,37.71803323292447,37.81582673375126,37.80400733833577,452836.3285681134
2026-03-17,38.84459781822976,38.991082612129006,38.657225266108426,38.87965724981429,38.87559612550045,169594.38965632705
2026-03-18,37.97040957098005,38.02277433977215,37.80001729684624,37.978607815049166,37.99117119983784,250391.81827930795
2026-03-19,35.88289290537731,36.12084325669539,35.63995387851431,35.89620562682161,35.88996467260943,93491.53052600108
2026-03-20,34.6287949670395,34.81839799782952,34.57412048703538,34.6269971373482,34.623598730217616,194209.22664334276
2026-03-23,34.601530396395376,34.63283348333995,34.46674601595245,34.56444060190243,34.573901657936474,414038.29733522
2026-03-24,34.84624796142504,35.17190538899117,34.8003177199112,34.8485613163115,34.84642273875252,457695.8321760493
2026-03-25,33.759813975522206,33.767496584684345,33.41970406426745,33.76065101604372,33.7688766112896,292338.9503462656
2026-03-26,32.7505438075548,32.83555185216126,32.630886391815544,32.74456775542991,32.74739570856488,288967.8978984577
2026-03-27,34.08762604069088,34.317609678977924,34.05760391025614,34.0697462815102,34.083674407240586,332755.78405380325
2026-03-30,33.25861078879018,33.34271597442959,33.097002213410434,33.2719761664621,33.265695472582884,160292.68631827572
2026-03-31,32.29251075524548,32.5169505721623,32.10088478149651,32.32965332602671,32.32692827264356,231336.4003021693
2026-04-01,31.848057364640216,32.040812010032575,31.88699581532954,31.887484041858517,31.88995325826185,327310.11031942785
2026-04-02,32.91107941384804,33.23278344306032,32.903864412873254,32.94708731663398,32.95981372654706,209549.2745951036
2026-04-03,31.9941618678401,32.11256995256844,31.94136151066718,32.02729646434738,32.0203676177144,560558.0822971482
2026-04-06,32.02526019301428,32.056232671535035,31.89080289739488,31.992152526382203,31.99329213542824,342263.5465898402
2026-04-07,31.516700048363628,31.526999414687904,31.39081616622281,31.506687271907683,31.511097727674848,539775.7500589106
2026-04-08,31.1260196428827,31.11506785050586,31.036731285452632,31.113062379336625,31.115429779214494,309861.6760963693
2026-04-09,31.901298165467598,32.25550951673892,31.79443759105414,31.933132553441787,31.92882221958536,61050.53397515577
2026-04-10,31.61097852664736,31.81158575493919,31.4477976257591,31.60620315715782,31.597025782062467,395418.3170438034
2026-04-13,32.25934923638436,32.36892479516267,32.24107231227757,32.26165953098555,32.256557240396106,396365.45604161953
2026-04-14,31.911089592028706,32.056823354503294,31.811468481563587,31.940454382111955,31.946510994726168,141333.89060998414
2026-04-15,31.74116080199728,31.796616300066653,31.350557075379847,31.765626082357496,31.76325963267048,83918.29605239199
2026-04-16,32.06582443974022,32.038542771050615,32.01652983650418,32.02643533351453,32.02865305187245,943646.7301287798
2026-04-17,32.27849025613923,32.2848860639164,32.21538649310392,32.25852060243946,32.27802378024544,284910.4027147286
2026-04-20,31.245547373301086,31.27127441930679,31.10295244129624,31.25360828372323,31.24966423658571,405086.8557306744
2026-04-21,31.24274454569022,31.397198437490065,31.161054725639133,31.24009739826688,31.23094668281117,207211.1465051793
2026-04-22,30.44456804582123,30.61835182138321,30.346456678278543,30.476632488671967,30.482177697952206,406290.10091489454
2026-04-23,31.472192514153004,31.48615695476289,31.43637980976739,31.465814448882394,31.476729860020274,231629.7788466248
2026-04-24,31.84477697074924,31.84658118436124,31.615134939543484,31.781878388484827,31.7696838959555,422133.1323036607
2026-04-27,31.853968805794057,31.994427226367986,31.74395733496485,31.841944281130736,31.837226264974507,233036.50343924144
2026-04-28,31.214483424270703,31.261754972493915,31.147423555384712,31.207638380017087,31.19923900553864,492622.4211037015
2026-04-29,31.14607493586464,31.39758689489289,30.987738190343343,31.152343880023004,31.156110607216625,280781.7855044084
2026-04-30,30.70668033355056,30.711020565900554,30.39890302295828,30.647391480541817,30.657599560716648,386909.7959777456
2026-05-01,30.186629572087256,30.324487201869747,30.051888884510205,30.194326018630264,30.18839704994315,566793.9360827473
2026-05-04,30.459049070027525,30.490401864365047,30.130693035625,30.47830258923525,30.489697966409945,137255.75248124794
2026-05-05,30.29438204596745,30.641825164848267,30.25036387562812,30.278061209844623,30.27835180296012,153409.07263810633
2026-05-06,31.70568745174659,31.70311990491438,31.66726820115445,31.69847523900465,31.68805481092797,675347.110548044
2026-05-07,32.74943983511403,32.7004096979401,32.62687683883523,32.68986187873505,32.685048894634384,207718.98990167063
2026-05-08,32.792666999418685,32.983903593747186,32.61044169781452,32.80572497078281,32.80705275833778,248558.79340554387
2026-05-11,33.415249013732975,33.47108890327115,33.31861028052521,33.43454601413863,33.42904576883517,533212.8485738342
2026-05-12,33.92666437829117,33.937545038943014,33.74990926703439,33.91936842215727,33.916012635833354,419118.880051236
2026-05-13,34.274674936343786,34.35459669773261,34.251050942849254,34.27733245543941,34.263694065184374,398148.1164096318
2026-05-14,33.2168716408377,33.31265764333845,32.93578737455705,33.1979318347586,33.19528917224978,248870.98628839123
2026-05-15,32.19273497174441,32.259824431862704,32.22259383349164,32.23983093530212,32.227497353905235,203852.70954418735
2026-05-18,32.18316293252661,32.23311765668131,32.10589885225456,32.17653129652481,32.173515994781496,229634.9052665434
2026-05-19,31.84172553182518,31.98748550880153,31.72686916870257,31.889617198279712,31.8883601162692,542658.751837835
2026-05-20,33.12860826154082,33.246926684269525,32.9190069321822,33.090157858113024,33.09136129166612,134338.96656391074
2026-05-21,33.68757942698816,33.67975377613129,33.64711055134279,33.65856555423565,33.66871429640306,461395.8183725044
2026-05-22,33.12795563575622,33.112743770812315,33.05127820822363,33.055332778104706,33.05005498093016,285351.9410090264
2026-05-25,33.04755018494992,33.22772097384077,32.79885239360175,33.05552645692497,33.05075681727896,362385.6182075628
2026-05-26,32.59799428647657,32.69754534407412,32.601967860481984,32.61804408658896,32.630925980847046,467797.5539748911
2026-05-27,32.326727395699905,32.480415483278065,32.22901119092561,32.28512607028878,32.27469618558949,414556.6859290298
2026-05-28,31.28594978507363,31.37387601068436,31.23000430199057,31.258043945293068,31.27467663722547,323692.2431286428
2026-05-29,31.893492453872064,32.01087113791823,31.692190986980197,31.880939548213988,31.87868173272894,338178.88365255913
