date,open,high,low,close,adjusted_close,volume
2020-01-02,42.15201521515751,42.30257546408383,41.99463612280321,42.12928357029028,42.14221057983991,396994.2416605173
2020-01-03,41.19029043608099,41.184027225866856,41.10974898586174,41.15837394642543,41.16634853333216,65140.19452532885
2020-01-06,41.07601088660152,41.36526086939626,40.92105308094394,40.99404598120072,40.98132679020192,350122.48821655946
2020-01-07,41.69831818325333,41.839077950509456,41.54605637042665,41.65965164918026,41.643937567428175,605506.3916284379
2020-01-08,41.66626900061424,41.86988183364296,41.58811902431656,41.64023414711125,41.64411484401383,87314.99685552981
2020-01-09,41.11190483339977,41.54762421710742,40.676487977202704,41.07370530007683,41.078281327254125,369482.2735848716
2020-01-10,40.431559660648574,40.47905593580718,40.36002647819947,40.470317898929146,40.45302710048233,208898.9662421004
2020-01-13,39.64815507065137,39.77700862114072,39.6527480868803,39.67938986584263,39.66701659109538,170193.58689632974
2020-01-14,39.27458403797535,39.65501835481193,39.28392279018328,39.31343792854819,39.29561276868902,199476.76951898867
2020-01-15,38.97159608189793,39.176138731204766,38.89407963111108,38.96185218500617,38.95586781822723,240209.2918224448
2020-01-16,38.80935206808337,39.10682122015564,38.67544150117163,38.84676871824569,38.83443165443244,185094.55309684685
2020-01-17,39.057017599616415,39.17370564054675,38.88899086858196,39.073005838229214,39.06836450455259,326269.83999183367
2020-01-20,39.57322350162691,39.87069144100999,39.55031536038978,39.61826903471234,39.61694816142755,206644.6941703937
2020-01-21,39.52873143679996,39.55173757401566,39.243968261783465,39.51074436646016,39.5066575381137,400236.7111179519
2020-01-22,39.48217282988309,39.6435551386637,39.365742423171085,39.51351110521402,39.52322180431961,288197.28540230496
2020-01-23,39.218986926172,39.310465575349816,39.01393276760916,39.2416477167886,39.22825690764627,207927.0448816112
2020-01-24,39.14210720463927,39.31434540786661,39.04445840338113,39.14006053862136,39.133292053330685,1034758.3660779524
2020-01-27,39.92125980740033,39.99138419822877,39.71913015266984,39.92289503266252,39.93008300288462,347989.52082528465
2020-01-28,39.37724091177565,39.65646417678128,39.05939274923102,39.38470376710055,39.38228270176651,278772.7369644076
2020-01-29,39.05044336103976,39.027637844671474,38.96224067578955,39.016971804558544,39.03840689462846,413710.92368885793
2020-01-30,38.79612087627376,39.05303528177299,38.53599742575889,38.81396248818555,38.811406862181045,266757.7752962568
2020-01-31,38.249798013280206,38.28329884141462,37.73223717374871,38.20386568721255,38.21133838729188,604547.4959896625
2020-02-03,38.24425601927162,38.25999717421949,38.19028739209877,38.254373295890765,38.24682546247841,191313.636201726
2020-02-04,37.94147257178643,38.29786801343793,37.9261531023466,37.94511132775698,37.94019609043434,84696.91615885234
2020-02-05,38.209697061405,38.39573940469816,37.91989170738953,38.15193064437112,38.16083228889037,65512.2317609695
2020-02-06,37.30232281126071,37.31549941830156,36.906660879022375,37.29623073820353,37.29785495832502,258809.44034558837
2020-02-07,37.08323724679976,37.24722929517221,36.98726089266097,37.00531973557822,37.01539196055785,313022.2527025347
2020-02-10,37.15203213154852,37.222567654634496,36.90404201306778,37.19060122853142,37.19181546004872,198966.3844292522
2020-02-11,37.14854187757031,37.37922255454399,36.940207809464674,37.1210260769091,37.11965262863214,548804.2169734159
2020-02-12,36.519857912170686,36.52997878635836,36.17993097595155,36.42320912313077,36.42101187858387,495361.1846821984
2020-02-13,36.63857421143425,36.8904693222107,36.33260393603419,36.598459511135545,36.60219752329891,258016.52973408523
2020-02-14,36.112943265308864,36.21634116644116,36.02902245001276,36.16649391507728,36.15362387235639,267437.2150466226
2020-02-17,35.96683080615728,35.97816727986387,35.93374943614925,35.977871561336386,35.971046125794246,525615.1390441672
2020-02-18,36.05109160138065,36.47930411564092,35.80816668197455,36.05482441007004,36.06536018815497,134739.1787813645
2020-02-19,36.29770689724728,36.40830926245477,36.14125212809681,36.27848203639183,36.28795677632729,372713.9413919042
2020-02-20,36.26299853407848,36.24924661900905,35.87652343974226,36.21968938068989,36.20999527807179,422553.32583757554
2020-02-21,36.01786440458291,36.16426486429127,35.84346371254974,36.036519175838,36.034932952825066,211075.5007091137
2020-02-24,36.51581123036987,36.71442173929097,36.40334937860438,36.49896625239136,36.49778824468482,200160.9014465148
2020-02-25,36.39006068076088,36.40968571960379,36.19484730428331,36.31056511826291,36.30118093804448,107901.82340088536
2020-02-26,36.667733418946405,36.71784842334419,36.60425701881135,36.62461246222743,36.64867032277986,394404.2489152974
2020-02-27,36.72509883782929,36.80263942427652,36.53771249419148,36.72208766603943,36.71985662559389,278807.8434887063
2020-02-28,36.55521298846936,36.70833165896442,36.237093629229626,36.50515566324347,36.49765321215975,160388.3792212244
2020-03-02,36.93809508450834,37.19425406129984,36.794205142452896,36.98467571543938,36.98141447122809,226086.5509258148
2020-03-03,37.61608762320389,37.685188099304085,37.53576488832273,37.5821890324887,37.58514323280529,735005.0423679858
2020-03-04,37.92827595219308,38.09573330314539,37.82120363052709,37.95261775037285,37.936384689084,287832.09204049845
2020-03-05,38.54294720607514,38.59552115778693,38.455954542665935,38.5738914942556,38.58142174359971,269624.2819657136
2020-03-06,38.79583322847414,38.854388470347466,38.64763132757567,38.761581742854325,38.755099008009935,111429.67674384233
2020-03-09,39.3892466959109,39.41236456721487,39.3506407650209,39.35410328654481,39.36131836091822,238551.69753854256
2020-03-10,39.48903600794675,39.5660284645032,39.27136873997284,39.4652653161269,39.45161439769417,348693.8697859324
2020-03-11,39.7336693678417,39.70986238352455,39.5397257168144,39.69725097327785,39.70705573953536,525669.7521327774
2020-03-12,40.27743407997261,40.53410455910884,40.25059378488937,40.27645851488536,40.27857546860972,368578.9657834764
2020-03-13,40.19125670815427,40.46965987689075,39.85635635754322,40.20346606648713,40.195963912213486,276876.25471049786
2020-03-16,39.89693205116957,40.00630814139892,39.75072881963795,39.886111375921566,39.89394603957436,88050.75381767303
2020-03-17,40.05479352676922,40.15672370841661,40.043140338098496,40.04538144962082,40.049929408955016,653364.9756553372
2020-03-18,39.430147274256505,39.71710113838629,39.46809847465784,39.57241892447833,39.55951158231231,419716.6357253025
2020-03-19,38.96069016233386,39.01275988788687,38.81140269541629,38.994631924416254,38.984625867266494,158289.56118482727
2020-03-20,39.07259969232093,39.15983895451024,38.90796523206843,39.04495033758029,39.02296477024706,265275.0175713052
2020-03-23,38.38241062037429,38.50837999373103,38.32881144297866,38.41789201983206,38.41107328357948,439878.3329673669
2020-03-24,38.57032773366834,38.68107590617686,38.46586672472686,38.544226511572944,38.55010569336926,125175.91062103782
2020-03-25,38.318451921020674,38.560257122160266,37.97141034211513,38.298034428894375,38.30169313619935,178330.86576970536
2020-03-26,38.56004421609798,38.59511893957227,38.19880303545221,38.57927741393344,38.59026141452171,341218.67570766463
2020-03-27,37.85833201710366,38.06530787755322,37.750692120354,37.88147588865869,37.87314038824051,100526.24726682768
2020-03-30,37.86859644288843,38.07507397904903,37.73032871940722,37.84380215742164,37.82607728610473,522384.57728519005
2020-03-31,36.70981039342233,36.75884773637189,36.67792457012053,36.72048910688186,36.72078884887862,324916.75666465383
2020-04-01,36.68262307356991,36.80663015437938,36.24050425386248,36.614695414824055,36.614756238487246,351194.2348638927
2020-04-02,36.57335101162221,36.58996824168992,36.53688982321429,36.543553670051445,36.54385128309621,417492.28023573366
2020-04-03,36.88247795420309,37.11267036357352,36.78192112662102,36.91731443675178,36.92584532104272,844928.9261272997
2020-04-06,37.15008077446424,37.19173829115313,37.09613138891324,37.13985331966621,37.13743917237748,151680.7780675357
2020-04-07,37.85631384762263,37.90126754209776,37.6492383487029,37.87603484041958,37.873593103950384,158277.95101542666
2020-04-08,37.26155020587886,37.5212562094509,37.13399790596003,37.28612495869071,37.29981326771218,361014.51832806703
2020-04-09,37.72578695701464,38.003731600950665,37.58108619491608,37.67511515532333,37.69256812713444,275423.76266634325
2020-04-10,36.59721731307548,36.68814911462083,36.239389197203096,36.55673735662906,36.545135605105145,251961.57575145504
2020-04-13,36.272424465369056,36.59473810558022,36.29916876358839,36.3300429906826,36.32780506317455,498261.12371139525
2020-04-14,37.14294173390624,37.27052558567016,36.99837362394978,37.10192705483463,37.099227771036325,625080.7900861382
2020-04-15,37.352175388540886,37.39776561393444,37.26107185901315,37.35069656162492,37.356585932550885,79861.32302265876
2020-04-16,37.92060846742974,37.97334324820533,37.83723369502391,37.93182860529242,37.93488599091995,988165.5170615627
2020-04-17,37.66992669959831,37.82862982563405,37.54131123013134,37.65246820894204,37.65835173365492,309861.9253458659
2020-04-20,37.10163499941647,37.16880359912562,36.89306908992094,37.14805806986558,37.13535230155927,156993.5402928815
2020-04-21,36.51601067372165,36.623371676812965,36.2305955714256,36.56484270053602,36.567584838628896,356363.61204003263
2020-04-22,36.588136749768665,36.85274202532645,36.45828536891048,36.5882800305487,36.591482535630846,452510.6385191464
2020-04-23,37.3744469050024,37.62009611543793,37.01386515649424,37.35002497796859,37.35680760355774,39716.66041204712
2020-04-24,37.4457083414674,37.58319099704429,37.371900330389394,37.40113904775783,37.41073801321556,564829.2001949876
2020-04-27,37.93918352758557,38.04926356557267,37.77411788546784,37.91843656545982,37.91573801761201,222252.41166902217
2020-04-28,38.092732483173,38.12058923880524,38.01425598980363,38.05473801407116,38.06596665664971,206876.7385309572
2020-04-29,37.98507872925629,38.22790710235287,37.959040849253874,37.98319648670912,37.97662795738431,262837.84646080347
2020-04-30,37.70107044974155,37.73634621037659,37.566281910468135,37.61193108613388,37.60825932004095,267433.7273009907
2020-05-01,38.32179069245652,38.44490767803303,38.24652109239655,38.27615085421043,38.28590003861707,147274.25322148862
2020-05-04,37.51501388438608,37.69752902342015,37.21189978789829,37.50638897416179,37.50162331665992,980135.646015605
2020-05-05,37.592872150616415,37.72938046073907,37.47251588294535,37.56426120077853,37.5558770283132,594983.4532012729
2020-05-06,37.23432156739441,37.3739518930028,37.0166939855454,37.25699442014092,37.25296997824044,171131.53133452317
2020-05-07,37.54868119293595,37.66039109952045,37.444836396054114,37.62879536450461,37.619319197854594,258162.5913475177
2020-05-08,36.8305868893602,37.06113483159628,36.76536993444613,36.84887676443367,36.85562186042112,215431.8728790065
2020-05-11,37.5965342041903,37.6401150257172,37.26926991944046,37.57716843467089,37.59020335721321,93563.37029369872
2020-05-12,37.99373708272913,38.25012311164214,37.93029159816645,37.97900287937137,37.97825838854224,225680.97656416296
2020-05-13,37.91641076005519,38.11649843055869,37.618555729647255,37.91588259637447,37.90448354066292,418061.0107421494
2020-05-14,37.98646329375381,38.154482120192654,38.00352609160488,38.01448568136829,38.03481505131607,167181.03365295762
2020-05-15,38.26169991180214,38.44883847470605,37.8806239028143,38.217361021404585,38.20523077214091,1180065.8239297552
2020-05-18,38.10123247721878,38.13044698135074,38.02139860273747,38.05246244651496,38.03917153321966,175748.58616625055
2020-05-19,37.79608933910978,37.92543134965477,37.715851713987725,37.807294732720514,37.81447949358922,271274.67407683784
2020-05-20,38.25669564888428,38.26922884169058,38.005499469909175,38.21770926032736,38.22657094619322,155632.39420533073
2020-05-21,37.97408558787349,38.306842419183305,38.02974030504489,38.04004349603905,38.05078241532925,331847.6233911413
2020-05-22,38.51606311128528,38.886438859563015,38.42513386332664,38.51003957881731,38.50601320917981,343723.6921563612
2020-05-25,38.23915912339583,38.47849709108709,38.02339360862348,38.2596181702195,38.247303070747854,796265.5195009329
2020-05-26,38.792031137005175,39.20210565076572,38.44319129622181,38.81101712862804,38.7817896256789,243000.32936233145
2020-05-27,38.71348481549988,38.92045441351552,38.59998465216681,38.7514318076226,38.75028461124884,96414.990658523
2020-05-28,37.769860338393805,37.80583932276446,37.65477548673226,37.76840445278162,37.76528027038318,443807.9300071287
2020-05-29,37.70308709464425,37.63666326238028,37.37473477990838,37.632135720944575,37.6407941049122,308459.3586302088
2020-06-01,37.00866307549271,37.03589603994279,36.72541329964557,36.97516457433687,36.97842527948304,251543.476637222
2020-06-02,37.32929638667386,37.44409550516677,37.11413300469731,37.27674666074702,37.28419683703647,257592.32689135484
2020-06-03,38.18168329620295,38.32666637107702,37.90319490097544,38.153898315079886,38.13710059662328,103336.303772336
2020-06-04,37.657833961665446,37.74885558510916,37.52940277883218,37.73285970141075,37.715402076404736,567500.6148840099
2020-06-05,36.88437143279088,37.16557931708689,36.84000944310132,36.85281681999811,36.83618551680682,256047.82602575465
2020-06-08,37.03432929912771,37.36368646768545,36.75399677426981,37.06308203564822,37.0688848859614,276713.43181606365
2020-06-09,35.8274311354328,35.834849135738885,35.66808492035522,35.80957626107703,35.81993224699385,180212.67248429364
2020-06-10,35.972946838979915,36.07073836728447,35.92149925953063,35.99095606163655,35.98622014365904,268203.9876236616
2020-06-11,36.55800296251755,36.63800151629351,36.39838696958704,36.48848205142902,36.4868080575533,438634.7284440452
2020-06-12,37.03363303573285,37.053582687042656,36.79430135371003,37.028627036348624,37.04013901831272,223198.5766579604
2020-06-15,36.80336604115579,36.938270079325946,36.6656474023762,36.783902369879016,36.78441144153734,135202.3096865949
2020-06-16,37.50504771278289,37.63735498484788,37.41760805232157,37.4637025393234,37.45285606760677,225176.79121119165
2020-06-17,38.055820607624696,38.098289910911085,38.01044288453905,38.01432013673445,37.992081376195344,150442.7994372277
2020-06-18,37.74111351394125,37.89060937045078,37.67132803276245,37.68208535790256,37.68831950586829,247047.73213976904
2020-06-19,37.75387606350887,37.84492546016892,37.68447733367019,37.75132912166486,37.75685041770474,123114.27412295264
2020-06-22,37.22621325170124,37.37709280884086,37.03420544259552,37.324360277999695,37.3152709326974,235915.70094708263
2020-06-23,37.36042668708142,37.49789989884522,37.37849836534917,37.437155638975405,37.41444004189048,446622.7569190208
2020-06-24,36.92707353084158,37.22063006278399,36.89669693671298,36.9910665074324,36.982565649623815,199245.7975317292
2020-06-25,37.09934846679355,37.197514250216976,36.82870839715773,37.11101263369915,37.083751255164216,568740.4787896537
2020-06-26,37.08507392550048,37.164382977129584,36.92021485879784,37.10641296714687,37.11007867862756,357576.9431938377
2020-06-29,37.31214912969552,37.2797882098786,36.87489691080157,37.25349062182499,37.24677422478392,286243.7078768319
2020-06-30,37.27678530942912,37.29506478022501,37.15979288231201,37.27629484109902,37.274208282182805,466158.7199229738
2020-07-01,37.44591842656614,37.48712698079668,37.07798136292888,37.44751839037236,37.44107476662877,381872.1037526226
2020-07-02,37.77145933351089,37.904333325095145,37.7925718040748,37.83346918828207,37.84143446598096,320984.8205331764
2020-07-03,38.7787286271597,38.89783621985065,38.34917534055477,38.755102024665376,38.75530617339649,324100.0109526981
2020-07-06,39.06770569544367,39.114549901478746,38.92230554930026,39.06987327315505,39.0738622201393,170063.07092565563
2020-07-07,39.16034447947825,39.51276679670427,39.11926669513365,39.16710232924959,39.19700374730043,277564.7636555888
2020-07-08,40.048394945053694,40.24503597694439,39.84291267185204,40.095826565152585,40.11877685537063,454049.8591210568
2020-07-09,40.59404372774827,40.958172448789,40.554520322220526,40.57822235917498,40.58217639455564,122337.3745072109
2020-07-10,39.902772885025314,40.289939233027965,39.65056255602922,39.86197922650152,39.86636105080397,131619.741718168
2020-07-13,39.5149755652759,39.78097727778992,39.48085543686512,39.59988296936659,39.59930706803608,271808.09498387174
2020-07-14,39.63244496165524,39.82123167470858,39.22379860971774,39.63096752750308,39.636180496508025,159836.66122717297
2020-07-15,40.63660924678913,40.661492444184994,40.554709646577024,40.623816274747725,40.63124836269057,185657.7833266734
2020-07-16,40.33272317800687,40.48064127099951,40.3514509399548,40.424817206320334,40.41500977524793,453883.450997571
2020-07-17,40.03397982003538,40.05891140749176,39.90819769813567,40.01953126577532,40.03163621566664,239682.8476980528
2020-07-20,41.04060439769848,41.112587992639504,41.04573086793608,41.110244712115005,41.11749243052093,355217.8212695413
2020-07-21,41.31999623160548,41.347958905474925,41.16631469564038,41.31082779456168,41.30205742731531,280693.12872156635
2020-07-22,41.0371628871008,41.15604993210722,40.835273655620206,40.969137854162575,40.95832113335024,46449.726056920364
2020-07-23,42.13399204602498,42.21781692624484,42.09153557186777,42.13242369430858,42.13992218499789,299618.73048929585
2020-07-24,41.99770352612544,42.045173073754015,41.98165659008727,42.01847426486663,42.00956406459071,126834.08778894848
2020-07-27,41.44819478800664,41.43467167832221,41.096905699609344,41.36816443577689,41.38915476072663,211720.44081642613
2020-07-28,42.620111602506086,42.66714984004412,42.37474427616464,42.56557728894107,42.562598149232855,729429.184510973
2020-07-29,42.7412441656123,43.103411406874365,42.49342089017471,42.68017472244658,42.69164487536239,335690.8864148666
2020-07-30,43.00943779419463,43.39023610536459,42.8448408078641,43.04808429189736,43.0557956066786,769166.869970704
2020-07-31,43.035946623000335,43.301081702062106,42.75458779006477,43.02439734877489,43.01014487228533,446864.0572390453
2020-08-03,43.82432449145979,44.00728089270379,43.541027392322135,43.86692435834396,43.87222045060749,259482.2366747817
2020-08-04,44.54380373400089,44.598640937664975,44.25071501367445,44.49202654066202,44.4959640058792,105957.45488806083
2020-08-05,44.18017109838208,44.22612280065348,43.99384574594164,44.16860793401597,44.177347798019326,925693.2120900778
2020-08-06,44.75819387465623,44.844918720908346,44.40623818557638,44.74251331683297,44.72353030577393,426233.7380527188
2020-08-07,45.15028897619789,45.42736217729714,44.93851398385722,45.090629618937626,45.08751587884946,257598.69800286883
2020-08-10,43.9532440690735,44.36391695003642,44.04184444332686,44.09698468352993,44.07452513819855,1160573.0851388322
2020-08-11,43.48779508338176,43.66497544494381,43.30973684265359,43.51722545593441,43.52214787998431,150662.2241954997
2020-08-12,44.31006791963387,44.34939648409802,44.30793414783396,44.3314280009208,44.334848591574,286743.77119489794
2020-08-13,44.00737533746952,44.13232253590042,43.87047498498528,44.02954125834768,44.038194735179225,297430.36088507576
2020-08-14,44.97458465304983,45.11448529257234,44.47769986772184,44.96188439987497,44.97214241445867,774200.0632230033
2020-08-17,45.11730959117307,45.27495826969415,44.92560065439484,45.11356940748682,45.12950359711918,518173.87301104
2020-08-18,45.39200709146415,45.35263484253319,45.1630667330883,45.34815813177227,45.35396637716448,108610.34917074842
2020-08-19,44.67387812979823,44.73273196040022,44.51717007164636,44.6940492409974,44.66539880956859,313632.15248387895
2020-08-20,44.2724886752055,44.35634127647224,44.17924506119975,44.3038183079469,44.27956617549802,276265.3301601246
2020-08-21,44.0066686430898,44.19060304813544,43.88397188689544,43.97576870805287,43.96903891742465,275741.2959108425
2020-08-24,43.76085591274837,44.05791664799148,43.2729618136444,43.773223241233886,43.75810343704006,202616.59790723465
2020-08-25,44.531883652294944,44.54221861556815,44.49693309986499,44.51205534755897,44.507858820925215,209849.59596519155
2020-08-26,44.42090689061699,44.5582649824368,44.37520011083162,44.474420055569645,44.47310877075474,481666.88305240753
2020-08-27,44.32739143167001,44.885554119273735,44.21561005470669,44.26909801522639,44.277503410332514,222258.19054657925
2020-08-28,44.67968622291529,44.78142019804202,44.413492331433,44.659761309151925,44.641547395857366,170590.49603794637
2020-08-31,44.91942272381503,45.039935721093805,44.85877105034468,44.95166016547741,44.9374405744687,126299.87254937534
2020-09-01,44.92264302758733,45.20416356401904,44.90547618630682,44.92326846700707,44.94162283293024,614420.867172647
2020-09-02,44.8461692481265,45.01189612248481,44.85576674990096,44.87914318570309,44.87672645684574,289239.4106490095
2020-09-03,45.05878827666052,45.15472353215506,45.05396731017197,45.06315999629473,45.059058914636346,250404.46714725383
2020-09-04,44.217580145722565,44.24419870785855,44.12418710716786,44.15990457137503,44.14388899055656,155318.31155926973
2020-09-07,43.35804263873328,43.54706830522768,43.11102472868028,43.34041471076864,43.34060725368128,603518.483442636
2020-09-08,43.82093440887993,43.88184789439294,43.50565314020355,43.76183220526876,43.78485215004181,92639.4987877952
2020-09-09,44.18491478155527,44.30367760211959,43.996801869711234,44.21387512622587,44.20838478638684,92713.75199712205
2020-09-10,44.19993661879213,44.22450800473527,43.68220967024758,44.19161632538547,44.16779792237579,402751.2499402409
2020-09-11,43.95962482573875,44.05569620228194,43.625284975378165,43.94822136752754,43.94623506587862,677855.9790715462
2020-09-14,43.84236674653372,44.02319521631525,43.73935106087142,43.82160503799592,43.83068818044094,538095.4665357502
2020-09-15,44.32970176649862,44.41737853001029,44.10021179888224,44.25394842109026,44.26922561501814,238755.84113385205
2020-09-16,44.570258740748905,44.787526186627815,44.41896373475711,44.4701113150092,44.47456388894258,161233.9416898672
2020-09-17,45.026247709219966,45.26202982603287,44.62394467763031,45.03314685077719,45.02318941046056,597171.3112131326
2020-09-18,45.447767240550014,45.50450414843618,45.20974525791397,45.42824234915935,45.43992495526147,160168.2010926254
2020-09-21,45.02448370960848,45.01552911233814,44.80595924488537,45.01508290324436,45.0104403377414,198883.13645010992
2020-09-22,45.27591227829718,45.67161485836765,45.04066152003037,45.24732545716072,45.222709438163385,207994.82162617025
2020-09-23,45.59635619982784,45.82281663445186,45.44514307167685,45.5720593891597,45.574183353838364,95030.24586521214
2020-09-24,45.841797112236016,46.13422810327128,45.8277718117695,45.83339543258449,45.816267166548606,135857.76183381103
2020-09-25,44.776690924703146,44.80293759585218,44.53697953319423,44.73252138866113,44.75069330441707,219348.07475774424
2020-09-28,45.27561536559099,45.25201909360852,44.95882112609701,45.25181015120223,45.25122210596572,230130.47859401093
2020-09-29,45.50199670142319,45.59130329817156,45.30032504463775,45.47762101911158,45.49404271946686,629409.3697572328
2020-09-30,46.16623800197768,46.09671983706526,46.025270985565626,46.0949045794229,46.096141321667695,204737.62982806205
2020-10-01,44.89200197096525,44.84754341231272,44.366961060269865,44.834415438433,44.856677306491584,288567.017491041
2020-10-02,44.51610432318551,44.606831199784295,44.40590550600172,44.492918226747335,44.49013778245371,175478.5139245188
2020-10-05,44.72379167690717,45.22399774885609,44.70427418507544,44.78053762504357,44.80131508831407,827043.1773340335
2020-10-06,44.83363147228408,44.95747729181727,44.8422421268633,44.8558266047909,44.870390127507136,164865.54260486917
2020-10-07,44.6544346551224,44.72114520104834,44.295200310777794,44.60490131398861,44.613291791567,216190.5654248219
2020-10-08,45.88288724889296,45.90895627791236,45.66111260204645,45.83679883020425,45.81681014037411,324246.41780014103
2020-10-09,44.57276197907616,44.98392175876252,44.450788947977344,44.58804340208967,44.57277851553862,211399.407760771
2020-10-12,45.10849708435443,45.156473074336745,44.88371069550362,45.08859906976485,45.08923401650278,187046.755984515
2020-10-13,44.7725307395569,45.04767697973627,44.55834754832384,44.78707842471045,44.79085016636471,347161.8930082743
2020-10-14,44.54562715782666,44.645909784922544,44.12869659136054,44.58756323242085,44.58240028844369,184433.43170647512
2020-10-15,44.16408286161956,44.4913209586152,44.16509280290309,44.17586349412331,44.17177446662827,95310.27752117575
2020-10-16,43.88798128860673,44.00745513947609,43.53584811846184,43.89404240514574,43.889814378139455,211967.2904647893
2020-10-19,43.69715015435273,43.85134141965779,43.63074227746292,43.67673410704806,43.665408297373205,563547.9152118308
2020-10-20,44.41777611141247,44.647138476674336,43.99697074887355,44.41853920246219,44.43357008034899,126703.46594976365
2020-10-21,43.39724707528542,43.67834165340266,43.16542458628144,43.44572876482801,43.441340556081926,456167.7726981135
2020-10-22,43.00892851113417,43.18319545448973,43.00856972459009,43.06144158180717,43.057631308671766,493140.4754835596
2020-10-23,41.68661113738537,41.89852123203738,41.3924736851648,41.7403950021036,41.72737480093852,392489.1967325224
2020-10-26,42.05002966724686,42.21039062651658,41.94934177464823,42.0601384400554,42.05371413027701,172134.22782744974
2020-10-27,41.8476453056828,42.24373004287329,41.74022130648756,41.90355108657528,41.89655494149582,93688.39219163852
2020-10-28,41.51209415945064,41.6418403536656,41.57365606140427,41.59179590011242,41.566201549095474,72527.21444125114
2020-10-29,42.24762746353097,42.227917474070416,42.0841643867779,42.22711454115972,42.21373871923868,557910.9624549039
2020-10-30,42.64105846977685,43.25325922225487,42.47939574623761,42.68942591865321,42.684863320706185,595640.3759794069
2020-11-02,41.4683308088035,41.581227480828304,41.42536144885631,41.4669563142632,41.46706419709256,120874.8015914372
2020-11-03,41.69134161155313,41.90139414693192,41.531052151748256,41.66981651173749,41.65537906985114,420288.6759149073
2020-11-04,41.88393373928329,41.90126911882922,41.75596565092941,41.86123011225157,41.85613679288132,1203345.5430841248
2020-11-05,42.0944951478582,42.28540812441245,41.978824845192094,42.05020854019104,42.06005079254403,291826.1766572998
2020-11-06,42.34852074376265,42.44963422121817,41.90154576027478,42.32535740689562,42.3334819729558,346232.8626640334
2020-11-09,42.41720434999626,42.64124095563992,42.23015859824396,42.4668994686238,42.49025807140415,355258.4060710976
2020-11-10,42.286197030351,42.281070682299855,42.19177987768612,42.27852996882076,42.29481738236242,228350.2268657869
2020-11-11,42.791403040570735,42.92807314586836,42.57696397650274,42.783222106259394,42.77814360781414,102771.7273339053
2020-11-12,43.446909967017206,43.53024014909953,43.27464854158994,43.42239289548036,43.42773216317365,97507.33423902976
2020-11-13,43.21292237126512,43.74216646452783,43.07772574340936,43.183294684090605,43.17225678165346,340646.1360422007
2020-11-16,42.78710509714944,42.82121045072238,42.56490247012247,42.75361375492904,42.74494033250956,246680.7883147806
2020-11-17,42.583160839510896,42.68244643412915,42.293965044039794,42.62062273533653,42.61919521088214,186493.93491567808
2020-11-18,42.403670587979946,42.57972460001253,42.23584802199728,42.42159845946112,42.4124868085481,675187.0470563528
2020-11-19,43.18347503890028,43.22098996626303,42.80683780584442,43.15498080818118,43.16839591228473,324863.86538360926
2020-11-20,43.13049389223371,43.23407716815336,42.94892020557727,43.117850785024025,43.1128313423909,132302.5978097138
2020-11-23,42.257173132410536,42.42626213831249,41.81825483600311,42.18365227327506,42.18630642697105,375356.7609106662
2020-11-24,42.276564811869775,42.31545902853512,42.07132266652442,42.269757873391576,42.27683489569476,1030119.1095951978
2020-11-25,42.92252771129872,43.00907494490616,42.82759778974564,42.96212665030557,42.97285428578891,648365.0048155336
2020-11-26,42.61328294858225,42.68059986826915,42.61591110436612,42.63426263795197,42.64164331786054,225325.9219017625
2020-11-27,42.42635290227298,42.465056805283965,42.11141258416341,42.45702458853562,42.44873660380352,214232.8980987088
2020-11-30,42.38602156475528,42.4849049710334,42.1892820540066,42.40801085904194,42.41688347319279,287879.46408405626
2020-12-01,42.22425714030786,42.35764826634099,42.22331839125236,42.25320489651885,42.26180592310818,167584.36922644803
2020-12-02,41.9559310537734,41.97091281138759,41.88502869314732,41.92616777139985,41.928521862883954,228404.1382121708
2020-12-03,41.53837961768101,41.61989994261098,41.43420616387712,41.52088830089196,41.52464915493149,147325.2148801667
2020-12-04,41.34589359791933,41.543748434657786,41.18780091282719,41.32974066173124,41.32363546676043,183042.38661436347
2020-12-07,40.80864544603004,40.78541436081055,40.36099814328685,40.70067699040337,40.69219665881685,177362.9347172555
2020-12-08,41.40472989009052,41.533244532601344,41.36281158784836,41.42572383438645,41.41625861764171,481595.9438176052
2020-12-09,41.83292839713588,41.9981071484394,41.561270314848905,41.91962826561297,41.93671318379364,668233.531789119
2020-12-10,41.915776451634365,42.00253099379808,41.86791420501289,41.92122548774756,41.94129355876574,602060.302800031
2020-12-11,43.015661783897954,43.17082060694966,42.9070885607004,43.02343408689512,43.01928528643239,294500.93063753407
2020-12-14,42.76381572881469,43.10924059919006,42.512226805907794,42.795097149208566,42.819749654837246,321144.70465412125
2020-12-15,42.44891265632132,42.76340184761676,42.41484940594792,42.497056376510784,42.488493113601805,340306.8052100312
2020-12-16,42.94742062411665,43.17455496012359,42.872563798969125,42.98640257057277,42.98237079716691,317258.2104447711
2020-12-17,42.45741048809296,42.89824458019788,42.29245652849605,42.51100298118703,42.51280461761105,501485.00129301456
2020-12-18,44.00918915708469,44.07775451561422,43.81677475381228,44.00161822611189,44.0093090708911,457052.3611869738
2020-12-21,43.84355119288779,44.19364194188198,43.757396771208896,43.87514844468068,43.88454020120383,320269.46140475344
2020-12-22,44.1249445982678,44.23331364144334,44.21470843167621,44.22951506941628,44.212764679783305,141052.9650175926
2020-12-23,44.11155494416121,44.24756156394641,43.99554478686885,44.23321462226349,44.2213692717634,300760.1182044294
2020-12-24,44.05450704170846,44.33398931651549,43.72566525659147,44.00764977735139,44.02477790903981,57392.217452067765
2020-12-25,44.10059311776435,44.281781840471496,44.05575227444094,44.08821843186048,44.07005930277592,603175.464062001
2020-12-28,44.8099626586373,44.99198371638726,44.73747107400594,44.81822982086795,44.80486673658249,417204.7503394898
2020-12-29,44.61860697030295,44.62154895131171,44.44664550108839,44.57915039296101,44.56788078479488,1699933.665701422
2020-12-30,44.170129818963474,44.270830987970456,43.88563167119784,44.13718266958947,44.147054820664536,217833.4032128175
2020-12-31,45.31294296814327,45.31894463493382,45.21483157582527,45.30381405132344,45.29142562280292,164771.76033203027
2021-01-01,45.441856897951126,45.610419603745335,45.28623858604106,45.50169564458759,45.478646033060265,525463.335522839
2021-01-04,45.34164937932326,45.56398925075578,45.137973348204696,45.34872982488595,45.33831077537198,219026.0839317976
2021-01-05,45.86565784817717,46.45940304039557,45.68461909133752,45.91209637116869,45.91315272009951,364573.39108908095
2021-01-06,45.90240203856711,46.0276798979283,45.39348570166977,45.92570266320004,45.93209894364162,341813.3165403045
2021-01-07,45.676540101471936,45.82479735791311,45.58267430962589,45.6667999843131,45.66132726056795,232831.60671752077
2021-01-08,45.24199634806381,45.56732904894362,45.27785016382765,45.29763625184888,45.31645329557982,621082.6915088138
2021-01-11,45.13780769170309,45.27625291697625,45.04418508028757,45.11918043465148,45.127762452340605,303947.3670554587
2021-01-12,44.04235450902609,44.22859292278936,43.84652983031033,44.003257553639386,44.00239984938037,181525.93812427024
2021-01-13,43.4509728222632,43.70267373709707,42.950407249084925,43.44551622735042,43.43829072347387,248549.11758765997
2021-01-14,43.94700978973143,44.12308316043605,43.81102770985615,43.93189166784565,43.94873047947053,131383.6512930058
2021-01-15,44.03372464754529,44.3278571353173,44.065382726913406,44.06627750668094,44.04647268615339,255491.54851323648
2021-01-18,43.28613886835657,43.54507937378938,43.01009332845768,43.32557718047812,43.31825304809349,293503.92922770395
2021-01-19,44.36375290736723,44.469333850935456,44.15319988751877,44.34945019434826,44.361443949342025,228549.09572230748
2021-01-20,44.06729581731066,44.39604034669631,43.87781321220968,44.09615268576497,44.09992748788025,1103784.1059248885
2021-01-21,43.66926913787584,43.7198707617864,43.59573557699828,43.7161546893095,43.71216417360232,96765.19812993426
2021-01-22,43.38454322322655,43.72375863174627,43.14817201238624,43.45273960938989,43.45632579030247,683037.535813255
2021-01-25,43.70296048079353,43.94987475823892,43.2978118858954,43.68664370455015,43.689263922239554,1110318.8441670444
2021-01-26,42.97424945278128,43.246188866549154,42.82175832221694,43.060940193959794,43.04751661171294,556681.1879333743
2021-01-27,43.997507998183394,44.21129282418581,43.8572589531386,43.94373429551337,43.93646392131879,311305.4674703721
2021-01-28,44.10277787848092,44.17296861224861,43.87731370070177,44.071407915327946,44.08478974674818,359639.5520956936
2021-01-29,44.67464279047019,44.968806612350086,44.68466177531565,44.76260866166453,44.775794071468766,421285.9660500001
2021-02-01,43.88592958791764,44.00694776963762,43.70770723358744,43.90481929390146,43.8810312459989,55080.74739976965
2021-02-02,44.38522468814353,44.55893740562523,44.14576996808551,44.44817557650418,44.46168599952284,204919.8559852334
2021-02-03,45.49481146516128,45.5539470597139,45.36518201504319,45.426062015878514,45.44142579296189,234993.77122083303
2021-02-04,45.20012516843554,45.172811691037474,44.78258189935395,45.16910397741324,45.15925863918737,641401.484685642
2021-02-05,46.34584405787746,46.457080662486,45.98777572756326,46.32669850804368,46.33562044000714,215885.29243446852
2021-02-08,45.995212355719815,46.09021794895335,45.85130758852757,45.945987578131,45.92183055435068,152105.20445084525
2021-02-09,46.62200593775018,46.84486659417791,46.2038125516422,46.6154807807547,46.62251847106533,614592.813999527
2021-02-10,46.233766569542325,46.355068945967226,46.20341198734111,46.239106894815954,46.23498089042472,190784.70336372117
2021-02-11,45.37306000224897,45.36415497010506,45.30734871517699,45.31438766520043,45.33361790386955,149391.87549058587
2021-02-12,45.94827202334134,45.99033849291465,45.865787295245866,45.94994066956564,45.9444428592843,296726.9751559234
2021-02-15,46.11584552347075,46.18379049123933,45.95691070815416,46.0634220963032,46.05146517027877,285478.45018432103
2021-02-16,45.69662654028961,46.06346241328011,45.57113676191706,45.71664908935866,45.7143154399816,1127329.7264478805
2021-02-17,44.617569148996814,44.842784560441935,44.56110894680312,44.59202533772159,44.57686569994921,264597.90088930255
2021-02-18,44.43313846660772,44.57630323099853,44.36565569403504,44.427693015353,44.42449342631732,206406.098518694
2021-02-19,44.365034524670406,44.35700864635556,44.02890915216367,44.31458977911278,44.30066001881123,142524.0313604023
2021-02-22,42.93664736325721,43.688358116493454,42.97043621946763,42.97951991531359,42.97199426590522,440150.5296505857
2021-02-23,42.91277910313705,43.01521002147151,42.75878354572916,42.88063533171632,42.878823117232585,261273.8008494642
2021-02-24,41.76895673081336,42.03432485451581,41.30013909450083,41.74668715117397,41.75266000834336,400927.027319262
2021-02-25,41.96888220893272,42.056362531586366,41.93045479720229,41.95880544949405,41.97473769510893,276581.17285832367
2021-02-26,41.57129560048512,41.82502223027908,41.308795485128265,41.63985705472454,41.62103720594156,919053.0569108238
2021-03-01,40.73439675730023,40.85848058932121,40.71956747677808,40.725995125734016,40.73648889140048,830642.5507324549
2021-03-02,40.4101209845829,40.46897186696186,40.01851859934807,40.37433160748982,40.37252392888611,108618.54785071874
2021-03-03,40.7818722941147,40.82374789713766,40.69311814913918,40.75045902292349,40.74577576067938,348625.0479574514
2021-03-04,41.83010339852788,41.90182051760476,41.79713447806232,41.82320820662735,41.81686213048315,350333.7704561726
2021-03-05,41.71554789683661,41.69302189429058,41.56057099928826,41.67331861391224,41.66421125414266,461212.5766881511
2021-03-08,40.88266848681458,40.924717431030594,40.78134394442269,40.88759127596508,40.903070485518604,229195.3043008757
2021-03-09,41.06225812799016,41.29870435478209,40.8378220026098,41.10222950022481,41.09894204194829,230920.5774708296
2021-03-10,41.47331648969755,41.64202211347414,41.19653107323815,41.43474566596244,41.44985053409598,789038.0037399933
2021-03-11,41.84727750520727,41.90438362690512,41.82203575697525,41.83325498234999,41.836226443252016,450000.425639312
2021-03-12,42.568154305617576,42.65764350601842,42.50409770624857,42.54070024280158,42.53744729336887,80804.50366192043
2021-03-15,42.62410739324297,42.80341164324856,42.59658634402726,42.6373646671623,42.63697370901858,107614.03176729278
2021-03-16,42.22422808194741,42.62446352909925,42.16046323708216,42.1710208102614,42.16260213340605,687920.7859787575
2021-03-17,41.924025831408606,42.10554538359816,41.83411785878435,41.943222641634165,41.92853183511497,416382.5132433958
2021-03-18,40.76144803090915,41.2986578822742,40.63168292981529,40.70496448289203,40.72004816845391,152114.61283296443
2021-03-19,40.925154580659765,40.9224781381872,40.62790858223459,40.89961114005336,40.89744461526967,237927.62399119223
2021-03-22,40.42302205265997,40.68311732875811,40.31020473619666,40.39007181169812,40.39007181169812,342323.7950118408
2021-03-23,40.45667998706119,40.58607747544254,40.14472964603035,40.397199650957866,40.39268033406371,147735.9537530278
2021-03-24,39.895120872983874,39.96542087085541,39.87076676872551,39.89487190131022,39.900863911818064,584791.0718599019
2021-03-25,41.012543986053714,41.14201419884987,40.95985499935495,41.04151362214244,41.03442541897969,117841.96099521052
2021-03-26,40.45754643826292,40.56117651054108,40.28187256583016,40.44213643202652,40.43141053299839,80245.18373859399
2021-03-29,40.0397137314477,40.37178567290968,40.05749906419232,40.065691460640366,40.05230263037026,764985.4819373438
2021-03-30,40.03632253032588,40.26706375822345,39.99248293347655,40.0557123973612,40.054520337579,152822.0127161876
2021-03-31,40.503998253187206,40.684663728694126,40.25294371516267,40.48296362452403,40.477039429709215,257201.55896408093
2021-04-01,39.840217734937575,39.872923487801984,39.59681381928435,39.866708357610136,39.8719547189754,176375.9414234062
2021-04-02,39.49672697177611,39.94004797273566,39.492477090243625,39.52419214596558,39.52348544963768,487568.8885317999
2021-04-05,39.05783630269144,39.15141643842072,38.91912356166474,39.03694038995089,39.02925229911919,237063.4873767738
2021-04-06,38.880247745152175,39.05660862442663,38.60262951875995,38.90513420486348,38.90073625837984,286783.1550562999
2021-04-07,38.00611605858025,38.07658240285702,37.80150002869436,38.00957501381848,38.00436089561165,370962.6914097501
2021-04-08,37.50506595450327,37.53480115454538,37.411063951715086,37.4847788789736,37.476949771076335,382948.2735040075
2021-04-09,37.75838087610433,38.09788583696915,37.66661961227193,37.74003876529533,37.74253174884826,176406.93607314595
2021-04-12,37.361336078958736,37.637705202245215,36.80733598558641,37.36252737970587,37.37446938229952,646720.1795770644
2021-04-13,36.97951496528358,37.041304427697504,36.8808539627338,36.97600164775621,36.96517936525137,257022.9478109121
2021-04-14,36.751206321637234,36.80110226796001,36.4563878839224,36.727472630826966,36.73535942756768,198049.00296920392
2021-04-15,36.615246006474514,36.7721207994065,36.560263484750486,36.66502722593757,36.66218893280613,373312.0770304233
2021-04-16,37.1478268232902,37.22575754192571,37.01510213581475,37.14259209873599,37.12786023301741,194898.29091393857
2021-04-19,36.05172699739036,36.10746247312413,35.91970721853016,36.07675346746729,36.0718153625828,214879.1471804568
2021-04-20,35.279139185687306,35.609845054600015,35.293187850882475,35.32345594879206,35.31695574955963,55306.63288803289
2021-04-21,35.33540245671235,35.44022970845312,35.22811116040232,35.27973019407873,35.27930967263084,185257.95701011023
2021-04-22,35.742698920582775,35.85001914226189,35.43361536826803,35.69419041310731,35.691045091861234,434443.055728361
2021-04-23,34.9479354387871,35.05137700723709,34.546346550217656,34.95279147106491,34.96338373506816,210519.08856752957
2021-04-26,34.95384477609762,35.320395584160934,34.97361410302975,34.98068421920591,34.97772977353212,114734.00577168554
2021-04-27,35.33419140977155,35.3379899068013,35.126554594306675,35.333798073547435,35.33192039942104,544902.9479996073
2021-04-28,35.10578475928683,35.12728819595335,34.96090153472883,35.08099598322856,35.07145886079361,542373.264410543
2021-04-29,34.39255828767262,34.450090754249686,34.2336531370162,34.39964992564464,34.40034820576096,175508.17688688266
2021-04-30,34.38769460220695,34.557715998863976,34.28473624586628,34.371530452399774,34.38868580573971,165611.00354402798
2021-05-03,34.683902189724165,34.78009056554635,34.658677865282364,34.67994940079376,34.67517270936934,160936.52929930823
2021-05-04,35.227241325022604,35.47217657882461,35.15837987336788,35.28890272642231,35.2936533636136,0.0
2021-05-05,35.76886887588612,35.7817246268447,35.630935992980234,35.759545839847675,35.750839607744496,402310.1962222105
2021-05-06,35.536250514640884,35.85657837858843,35.40282096804547,35.51851396335719,35.51992574118504,108431.31824523633
2021-05-07,35.24008874506853,35.46090500217227,35.12881979921184,35.17148609136952,35.174270183373984,220415.3637188204
2021-05-10,34.4770125378874,34.5568959201476,34.37230362882809,34.50461922075642,34.51683314139518,314191.86379086983
2021-05-11,34.0032967513822,34.21183703578456,33.79915183024631,34.01073231930997,34.000849169924024,176547.74495042206
2021-05-12,34.42241423108529,34.467859589191214,34.20554275770933,34.37419186416205,34.38526510809811,652884.2203528527
2021-05-13,34.57360081558939,34.71444846677203,34.382870218578724,34.573299744995865,34.58044441790744,287303.8420951186
2021-05-14,33.85682864169539,34.09218756494622,33.6397548313656,33.88738881178445,33.89904895827431,618842.7021885326
2021-05-17,33.76634669197473,33.78405174796528,33.57449272731965,33.745884271936575,33.74525920229082,139355.46198604177
2021-05-18,33.969487241903614,34.186225773652154,34.00824628697406,34.024239794646945,34.00561393813663,161170.6661835391
2021-05-19,34.036559554188905,34.098717693883714,33.8838235255464,34.03041684875647,34.02640005902231,375414.9195620175
2021-05-20,33.43200009599621,33.609162261112495,33.38071328178364,33.41301843323295,33.40520882031422,56811.98577308872
2021-05-21,33.77410588204901,33.82151867748774,33.54300826687045,33.75919879997398,33.762075927899375,559336.0871509153
2021-05-24,32.87630737960396,33.16470834633729,32.67662539785895,32.95452429553804,32.95632308760333,344658.4625671929
2021-05-25,32.57388922353198,32.73399827256946,32.304948016905165,32.59594050898216,32.58944197177366,501058.6761671909
2021-05-26,32.3777250366204,32.517453378821884,32.11243040557248,32.35953419952518,32.35863142752538,223187.52250865093
2021-05-27,32.21257937236547,32.26869940091647,32.04057768400423,32.241696856786724,32.255915863780814,149977.62761105763
2021-05-28,32.28315955073585,32.44896813479811,31.925463286910546,32.26065923080839,32.268706058076525,396905.2513921327
2021-05-31,33.19963961460426,33.34984917886593,33.166641441009766,33.208057396951425,33.21523980355625,663985.3067976917
2021-06-01,33.7737881682946,33.97680144294089,33.525520533692564,33.71126154593046,33.70769332988751,210384.52879004783
2021-06-02,33.9855194624485,34.0428556641163,33.84630447722326,33.96641698428118,33.96296527544582,115324.40395970125
2021-06-03,33.55690520194782,34.0245840550763,33.40481112888062,33.601097250281526,33.60661884801186,330486.9546659313
2021-06-04,34.17169654983054,34.41299113567328,34.10631034705452,34.17379386361039,34.16585420041744,89718.65159183837
2021-06-07,34.44842023781192,34.68055595407023,34.29654336989472,34.49463691200369,34.4826368859088,412952.0692920641
2021-06-08,34.3639867485995,34.43685663961607,34.25414909520423,34.31875455893233,34.328715958838266,159578.94186869563
2021-06-09,33.919380615936674,34.18829887947036,33.83120763742933,33.936634469515184,33.93194022686716,248572.9497391951
2021-06-10,33.51959680148423,33.66375465082207,33.388078411728245,33.52294847476596,33.50745176967989,93541.46219762888
2021-06-11,33.022057600282615,33.01466106606034,32.870014040303104,32.98034389177293,32.98221686500292,389986.4290703525
2021-06-14,33.38526106113315,33.425229295000065,33.34696814950251,33.39435210705803,33.395488295366256,629332.8909040431
2021-06-15,32.82260974375771,33.016747488401755,32.68309279608962,32.88366778348286,32.87784866874249,309917.4532518559
2021-06-16,33.03147690036315,33.10893617570133,32.80372813181996,33.02861200929795,33.03864335532212,803248.7903618204
2021-06-17,32.990754451620745,33.16025870619277,32.90912668329188,32.97695534236833,32.97800872164015,244513.62827650987
2021-06-18,32.70752155555041,32.77366349305566,32.5004759883766,32.74661169409566,32.7500082812962,190514.18619551288
2021-06-21,32.96242756161419,33.00812628486004,32.779352990744194,32.96399829318987,32.95775452893001,714382.7039058614
2021-06-22,33.1279300749681,33.1988560911872,32.76797555888385,33.067918650553345,33.083568232334166,0.0
2021-06-23,32.93643069235191,33.27287973825948,32.808117213201704,32.942527647388495,32.937445652512494,1208134.8355009311
2021-06-24,33.19842969292685,33.232850499757696,33.06475356103382,33.17217521981149,33.16949179395554,91272.8389397252
2021-06-25,33.262045166554664,33.25275890987325,33.168244665746634,33.22040365294375,33.20376440787235,371128.4994753687
2021-06-28,33.19517269331896,33.3248037395418,33.21435524631588,33.2638212413956,33.273150110397985,428419.51967406657
2021-06-29,34.36581791897659,34.312672348629825,34.1694371245456,34.26000925169269,34.242955252224974,369369.586112044
2021-06-30,33.68159174052426,33.715992103799096,33.62226273402528,33.661960024055645,33.661960024055645,206684.1369393886
2021-07-01,33.55260941528339,33.78083693852301,33.44528289206695,33.57301209792852,33.584720768030465,286237.93243223755
2021-07-02,33.4126236205305,33.5208583480476,33.20111267925832,33.39843146735561,33.40446738127156,292194.2206348052
2021-07-05,33.79169931120988,33.95653897962304,33.54738973067558,33.76911258015967,33.768115303731264,54180.729838143634
2021-07-06,33.2874654938446,33.45448752666132,33.0646063352813,33.323488832662775,33.32034004491516,276002.77746351453
2021-07-07,34.135466954177275,34.211861489213696,33.99943878135608,34.1097351804295,34.105972984445295,608930.6021210657
2021-07-08,34.888449635016045,35.04693717419031,34.81006789068521,34.816039613577644,34.82080502452812,415527.7448459113
2021-07-09,34.83662852266846,35.16006386245666,34.60673987212484,34.89561815253192,34.89348028200151,190498.6448026841
2021-07-12,34.48236610704597,34.53545068984076,34.25456872054909,34.52723895887913,34.509861910795834,268485.3585518529
2021-07-13,35.23432545533559,35.310999226467544,35.012581138383375,35.241999103324254,35.23758747631072,354684.97500005766
2021-07-14,34.83343153351532,35.193400055331395,34.65479863523349,34.861673545231376,34.84958487346267,202454.27855566164
2021-07-15,35.05566672672289,35.324041458946965,35.078491936953505,35.109757061776534,35.12102681156312,480382.56089396885
2021-07-16,35.049560044971585,35.38800436599263,34.774140376140906,35.09487765870298,35.1116382316473,204821.9512356065
2021-07-19,35.64311435814887,35.6271346292984,35.53487583310752,35.62492900119266,35.64488223617917,197439.7966291536
2021-07-20,34.02796723027572,34.06270478587194,33.96320845097603,34.02910397387749,34.021943572947514,185533.2386817621
2021-07-21,33.84214908802138,33.95177596369452,33.609133017463726,33.87430401142425,33.87504466831917,83147.27215592854
2021-07-22,33.35528117039994,33.40224326740766,33.289125277719684,33.334166398109296,33.33264082496208,390420.5483552408
2021-07-23,32.593637005391194,32.62037077176379,32.36130453912398,32.57541507014266,32.57487366210558,779602.1489583007
2021-07-26,32.08282995508492,32.15740246932719,32.026722440071815,32.09543509050733,32.08928950520483,365647.8747611502
2021-07-27,32.29313079334654,32.28275393825766,32.18973927882369,32.24582148508954,32.23458910852438,450933.2730884144
2021-07-28,31.95356528125476,32.14529614277684,31.91314870746424,31.957065006626813,31.96643417854855,552420.3409666251
2021-07-29,31.285885001804875,31.387106376266868,31.068436687000847,31.308270731657263,31.318329298735065,163358.6520366449
2021-07-30,31.78810362715922,31.891459156664784,31.702604186266058,31.780055392085917,31.78328930437749,554065.7984545744
2021-08-02,31.484946786533023,31.507864922238152,31.279053573556787,31.45474265511719,31.44698689972632,355702.228334296
2021-08-03,31.307883820793613,31.41299466855755,31.168686968201065,31.312947052929616,31.30481449175715,322148.06121796835
2021-08-04,32.015672357752926,32.05668404781053,31.978374565118877,32.01895162180667,32.00928905319088,421957.2304668829
2021-08-05,31.447790100280425,31.483431942115956,31.4011328180937,31.478569607248254,31.48593341342059,285737.127770403
2021-08-06,31.03038795406064,31.03947604613639,30.922667361257897,31.006737876963168,31.015928644088262,162386.54407993314
2021-08-09,31.64443026442365,31.72470661629317,31.43637546096816,31.661885164244897,31.660390278112267,524047.0607798129
2021-08-10,31.642497057695152,31.8203439196212,31.43260522458924,31.627104826109925,31.62764268190945,143773.36379314683
2021-08-11,31.987793043274237,32.03457662204425,31.89999258931868,31.9329696984396,31.94205505810144,262035.4309953752
2021-08-12,31.90773481488831,32.08465268244406,31.714819716211935,31.865334994270626,31.85078966758898,408110.960015395
2021-08-13,31.47200001817525,31.64606139326948,31.168239238052877,31.43343699832685,31.434923818054404,301585.8247285531
2021-08-16,30.869605519797997,30.84946761794578,30.752646560221496,30.833314907496185,30.83217367400367,149253.81058551476
2021-08-17,31.58433108223473,31.770744913273543,31.475179093854543,31.590229481941467,31.593929259701536,348036.265506056
2021-08-18,31.24459236475297,31.2854832185821,31.086488982475995,31.23480927331209,31.24606002393006,0.0
2021-08-19,31.56088752509122,31.713168951403368,31.53350367347004,31.548952508386225,31.565849985156504,109576.34358847544
2021-08-20,31.903144943049387,32.214164552507,31.80245780274308,31.952097136538267,31.9545551860092,195763.94868043443
2021-08-23,31.962670607595363,32.15423996207244,31.79747010591532,32.00596007167544,32.001807066109414,88711.98841583122
2021-08-24,31.68021144201095,31.67002041906392,31.534952989027747,31.632861299703254,31.632861299703254,179047.90876132844
2021-08-25,31.111013470753065,31.168821234050995,31.06100881061225,31.149784615333918,31.134198981406097,262390.335173848
2021-08-26,30.82329321699881,30.96914668405241,30.80451020081212,30.82345453503758,30.823672358483694,287295.9511658373
2021-08-27,30.944541550805663,31.127291801001075,30.84752114218384,30.93493453073768,30.952488922938304,1091551.9220621218
2021-08-30,30.93612879288017,31.04358580002301,30.87881743703037,30.959898192040637,30.94383101373457,358896.8194309037
2021-08-31,31.01735173467494,31.08509437898101,30.933437510567828,31.009249881344918,31.007341172712263,249301.23936175124
2021-09-01,31.07656335442549,31.046746599221045,30.91948690919252,31.01048553712,31.006510133678574,83363.48480329965
2021-09-02,30.96811778107396,30.962274213632725,30.76751877940289,30.92753243904514,30.91261177658691,197238.75674604508
2021-09-03,30.55982586424726,30.58313107366445,30.304970737627013,30.58098837536598,30.579249361331104,258547.18247351123
2021-09-06,30.776485596146767,30.80973041255005,30.677948004210677,30.690817530135792,30.703911640197475,494646.6571437266
2021-09-07,30.618037728403856,30.744796824093868,30.447790532094466,30.6122731646606,30.601615957991037,210391.628778944
2021-09-08,30.658355596566008,30.801774605921796,30.500610510026647,30.649603969129785,30.65519618116964,348191.89964221994
2021-09-09,30.641846622575702,30.621472831707184,30.553164493681763,30.599638404195485,30.584137869822527,162081.78278159173
2021-09-10,30.7555513047474,30.816703517023477,30.55019294409548,30.760894653550977,30.769556641650848,152648.12467630618
2021-09-13,30.978847834238703,31.04676377469025,30.833066830070848,30.973204535511798,30.98082925227601,328487.69193460245
2021-09-14,31.475323909860244,31.760252906261503,31.369737314883288,31.518937885321936,31.520593740912563,518998.0292128417
2021-09-15,30.955408833632,31.0414556356113,30.85576869382561,30.95163751648404,30.941116646108025,147039.0731238666
2021-09-16,30.53619918157226,30.624522318691657,30.186403200214816,30.476200005530888,30.485538870688007,145846.12235029478
2021-09-17,30.741305019520546,30.786021548348764,30.528196157216,30.713754473374888,30.716873601774324,250727.61000219305
2021-09-20,30.03880325948261,30.219766488032075,29.986947891401503,30.06384890683801,30.060890706621084,298278.56702262955
2021-09-21,29.653687534905647,29.98300926643751,29.530295025113865,29.683141163333367,29.686129684577672,179673.49285394856
2021-09-22,29.06745982608828,29.234612040790072,29.036377436626424,29.07870805609527,29.08243905044727,490135.2952989668
2021-09-23,29.10998011676756,29.313681617195343,28.96163769883703,29.130887429112832,29.13115869801854,739480.5344304311
2021-09-24,29.54167825165701,29.5721756114417,29.46823025821682,29.56001222532083,29.56080633869927,136908.08147901983
2021-09-27,29.990087765717217,30.12590800904251,29.98306337710024,29.99535355015066,30.00183525936205,300765.63304958184
2021-09-28,29.70269172272296,29.62874293354432,29.59874028550416,29.62554749447453,29.622919097432725,380596.3616704306
2021-09-29,30.19543134524576,30.28339460516264,29.94085748790251,30.178921549585684,30.17492722195952,150852.1054931726
2021-09-30,29.81398004717177,29.953141955566934,29.60203246193781,29.831139166273665,29.839482207715573,232570.8381516587
2021-10-01,30.28197324099348,30.351093264110112,30.09960161667126,30.21308947427885,30.20127319929208,274201.963191915
2021-10-04,30.102197412642557,30.179128454836828,29.980626959944363,30.11600106738772,30.119787948887165,306410.4481131313
2021-10-05,29.84925089828116,30.164080457665406,29.777249436654632,29.83001973360823,29.83903170663537,226299.2666754037
2021-10-06,29.894859941060016,29.927694651035218,29.769207454848104,29.91993958825581,29.91425055113284,102591.72733711176
2021-10-07,29.464535351467923,29.54590646110548,29.261092575108464,29.47382701619829,29.469831149136645,606935.4547784042
2021-10-08,29.242470263126485,29.467022995848755,29.19285494190349,29.24327076406704,29.24567940609157,94917.45454595573
2021-10-11,29.778819899595494,29.911877732429232,29.74870971904093,29.75745891357963,29.75413795743353,344712.09320789005
2021-10-12,29.787251337426305,29.742969504910477,29.72076009026179,29.72701254782856,29.72737143680862,228232.06003357115
2021-10-13,29.55448337074461,29.57921085097432,29.44704670147497,29.545163257975013,29.54698476663877,292500.3274806247
2021-10-14,29.79046709337916,29.947163860445237,29.57079162494892,29.781086492563645,29.78198312404999,172605.9722775305
2021-10-15,29.999165315982385,30.05484669724105,29.740832967433764,29.97269711690663,29.980685513761745,192074.2412278452
2021-10-18,30.15907974462162,30.30811735707613,29.935582268521035,30.20437259454316,30.20441361270971,300256.31325967365
2021-10-19,29.960890073900245,30.18658394885656,29.922752530167923,29.965970201150743,29.97397776880904,297439.7143009125
2021-10-20,29.33544943560408,29.638430102024557,29.227737964219237,29.34087498447965,29.34335421554332,236704.47701383865
2021-10-21,29.46783635951709,29.47564256576453,29.392997048187148,29.454723546381928,29.464844812773155,349547.5878759
2021-10-22,30.312155221298845,30.541967464782957,30.295483346799333,30.33309751335796,30.328757452721604,291221.7948827009
2021-10-25,30.49461821494625,30.69606881301313,30.20583832415648,30.5034163222722,30.50218048798857,433865.912609348
2021-10-26,31.73890529102725,31.754415145155495,31.70054395624596,31.742969571026155,31.745104188010167,309238.1840234205
2021-10-27,31.39798470188205,31.59802101476257,31.21884791915565,31.44949147871727,31.43920000636424,211031.51243225587
2021-10-28,31.619390275818475,31.670002247573933,31.608547144747945,31.631440720036743,31.62924366799234,99724.12790244009
2021-10-29,31.622858318733574,31.712716491514467,31.38067601363526,31.60731342002668,31.612458181530357,771449.5529104369
2021-11-01,31.885099024706555,31.93544516237876,31.85101242931278,31.92085398134864,31.919972895019008,243391.983131748
2021-11-02,32.66840754315183,32.832794541237696,32.54718315549657,32.66682819274982,32.662952586178626,112362.93152404204
2021-11-03,32.25971556282372,32.42961541519912,32.23239833360225,32.23322449527553,32.23216680724388,129106.0807141834
2021-11-04,32.19538822187776,32.489908580260106,32.163473954584944,32.19284303298017,32.199262995640495,203752.13712650613
2021-11-05,32.12858799280832,32.154473847756186,32.01356270454109,32.14137948950934,32.13892910993167,112700.75039832
2021-11-08,32.11259891519321,32.23785413709599,32.102753958705655,32.156188897690065,32.157462018287376,243014.5281923216
2021-11-09,32.39343227480003,32.6345942236777,32.36958297762388,32.42880522033715,32.42445415037186,192904.17588148877
2021-11-10,32.39739661348604,32.42649304241183,32.34835372840136,32.360390767213254,32.36940614512686,512289.7123209633
2021-11-11,32.38574745310348,32.57422327378391,32.27547295336464,32.3462288380672,32.34908666128018,409624.0966551644
2021-11-12,32.215317159453605,32.2630249188957,32.073481142268555,32.21017169474717,32.206354488913824,472462.73216848297
2021-11-15,32.649845839129576,32.90942535822871,32.16295340415473,32.63316782411315,32.64310054427142,349567.1694951932
2021-11-16,32.47011636924079,32.50032707845751,32.18968567253941,32.473016024110294,32.4760957155284,77858.37443658384
2021-11-17,32.77605050144951,32.94839431303284,32.7448139369055,32.77370466473984,32.784687922573305,308023.0246489712
2021-11-18,32.96156961791563,32.97377795493027,32.93187219134495,32.94712161394863,32.92927579904321,155791.46643161544
2021-11-19,32.91469573667775,33.14844600885771,32.8385998743557,32.947191368433096,32.97234866577233,35269.29976827765
2021-11-22,32.83054198678529,32.862291914544585,32.81988379453015,32.846984904449,32.8507627757694,667498.2070850466
2021-11-23,32.83854723452546,33.00102949390127,32.73709892403656,32.827977495457326,32.84297531020371,78188.49479423919
2021-11-24,32.80200569689832,32.87434521009221,32.69612947076216,32.85757615148216,32.85750094328222,448363.9781003365
2021-11-25,33.364958541886296,33.416557339454734,33.21634570034465,33.409471572421204,33.40055166774495,111017.01689211788
2021-11-26,33.70354738060784,33.75626443225314,33.594144804521015,33.660362388299774,33.65549968441995,194818.272734796
2021-11-29,33.288624576361684,33.50737669049245,33.24711732109327,33.34695073383719,33.34272731895607,696249.0094429556
2021-11-30,33.601791636904366,33.62073371433474,33.54778599798263,33.614039904685086,33.616760586567494,158540.37556456274
2021-12-01,33.89358237759456,33.97201348792915,33.883865680457625,33.93920277456053,33.95002042864237,195581.55129562356
2021-12-02,33.3527815363066,33.543135286925185,33.19458989135599,33.35025611364566,33.35274680444184,227251.1010518137
2021-12-03,34.27343192782792,34.49171213214724,33.99135252258747,34.198741003414526,34.19426594741584,225350.44707354996
2021-12-06,34.17941927387414,34.21139444227822,33.874408501512924,34.11836984332226,34.141361137933785,413233.2794726567
2021-12-07,33.82691865307572,34.08339166523038,33.43906298552464,33.846609815555965,33.84069320731794,269667.8564018347
2021-12-08,33.54499560954737,33.638878192356486,33.52608236691402,33.55688711631755,33.55736660941429,384470.1130596613
2021-12-09,33.86999064187364,34.14505320947246,33.8446781384913,33.88540137144013,33.89414868884848,195903.40825631705
2021-12-10,33.818256852602794,33.909573731322745,33.78716051310166,33.83572707737738,33.84188337841948,224948.5076170512
2021-12-13,34.286852044891106,34.265141700768275,33.88054223639283,34.22506448117307,34.23363948183501,296256.64272968663
2021-12-14,34.91728092549476,34.977269349284754,34.87795896870986,34.93652808692235,34.92958900664026,916385.887736068
2021-12-15,35.07226978002543,35.17166054961202,35.070598305986245,35.09339860114258,35.08656342526643,147540.62997890863
2021-12-16,34.69802842913837,34.78997659553331,34.59285012194934,34.67241151108049,34.67051927025871,172936.50462505087
2021-12-17,34.26624455292848,34.263976146804296,34.20950599463867,34.249160120259475,34.25783841077242,445876.639977804
2021-12-20,34.16628313237405,34.36615464748032,34.09558157195075,34.15082542688029,34.14319702634639,214234.0188816846
2021-12-21,33.56941679847721,33.68258173479307,33.47157823233114,33.567228497235426,33.571398214264825,1174589.456496217
2021-12-22,33.06595838117487,33.17416440520617,32.990617560311755,33.08508962393442,33.08946746020234,487798.82392989466
2021-12-23,33.99770485565033,34.21838538447895,33.8107192224103,34.02041540542501,34.02521417184917,687237.139019656
2021-12-24,34.29111910873866,34.369462137242245,34.30668017448536,34.32830532665431,34.337373511432645,317106.0439314156
2021-12-27,34.190859672817616,34.32575945178171,34.164841953871175,34.17318790947758,34.17646299972533,1007110.7194776252
2021-12-28,34.20240655705537,34.25661168681313,33.97156617604474,34.16334209829633,34.17436943156897,179235.2298367943
2021-12-29,34.40202382494368,34.548230875046194,34.309597660349105,34.42083439042922,34.41841474591906,57454.80214388167
2021-12-30,34.933730647468494,34.995630816472655,34.83899480815051,34.94675590724122,34.946028778381624,236328.25940300693
2021-12-31,35.129686721520734,35.25447224826995,35.13380215506749,35.21104309210221,35.22516281521447,934276.9269965328
2022-01-03,35.43023622836272,35.6513382620961,35.399527406187175,35.411909935816375,35.40762379575845,180920.7632601152
2022-01-04,34.924275015413386,35.049341186932985,34.84862753346654,34.85215785427727,34.85506602405495,328928.7702693401
2022-01-05,34.80759179093388,34.8301056190517,34.62176597122272,34.79285433230056,34.79174406052131,181146.0135783542
2022-01-06,34.55754643420229,34.6588403763133,34.123039582478775,34.56105400636366,34.55121000039756,672216.1651082214
2022-01-07,34.31716631601209,34.32553098601214,34.19833691487596,34.299104360952505,34.28886847458901,311209.08028880606
2022-01-10,34.588946740036455,34.92209916973839,34.504789835180006,34.62130393999823,34.62359682352836,439464.3784811635
2022-01-11,34.280423218174704,34.37091155396652,34.23435023936652,34.29964898895676,34.30269869808363,356472.61031763174
2022-01-12,34.22393193527551,34.256947089484534,34.200083487949406,34.22016575384675,34.21494245115073,254865.22012670088
2022-01-13,33.89935372356242,34.2079774691662,33.836828371014455,33.92386956072076,33.919343137301674,208454.11285817923
2022-01-14,33.44034802260018,33.628211062456266,33.42183993924297,33.43341130801167,33.43898674043166,192779.8441152885
2022-01-17,33.68658042714465,33.75657549342851,33.55076160614872,33.69431564213914,33.682636321104894,506104.2192105153
2022-01-18,33.75904094301884,33.8517262408072,33.620126145898425,33.739143794905154,33.72783406724479,334040.4506299514
2022-01-19,34.34541172523815,34.376261459156005,34.30228000438929,34.366324263295155,34.37960751168189,67438.25702943846
2022-01-20,33.975445858852254,34.02481840782501,33.77616128617081,33.98626589513918,33.96500232344264,150504.14583871444
2022-01-21,33.58357202813168,33.9576796908338,33.32754276604027,33.55007930312659,33.549072431645314,390227.56177888415
2022-01-24,33.60326743031895,33.852639172482164,33.44430361453189,33.618669642669886,33.62632310028404,308275.9727681325
2022-01-25,33.70198996404478,33.922270147662395,33.379589952801695,33.695290698921,33.69890740552023,426057.56040952273
2022-01-26,33.71483092414937,33.928451635496714,33.567593555971655,33.76557227890555,33.7567251139265,91766.4043599826
2022-01-27,34.01286977441464,34.23605866411549,34.011323153224254,34.03970376564362,34.055887568598855,325754.4019287318
2022-01-28,34.17239193918005,34.38279453948607,33.770023737068435,34.1308908750645,34.13189922555707,264059.80323672056
2022-01-31,33.36282558321483,33.58291115236775,33.206862864375005,33.37445490282819,33.37049203803527,84410.44153743175
2022-02-01,32.38798903080225,32.52580812392239,32.37218973330955,32.378004901959365,32.36743533335977,838707.4951078326
2022-02-02,31.97287298137376,32.201277240442195,31.84618211262484,31.975948782419845,31.983856246066427,154257.1024396124
2022-02-03,31.764837476679865,31.933013073797245,31.54639969371829,31.79778984604365,31.812368912754653,180373.1516531937
2022-02-04,31.884456162931123,31.98345059751373,31.58629829640257,31.848420131415555,31.85576929485354,508453.2702650991
2022-02-07,31.394093544501253,31.5850724712784,31.420215884833755,31.45530659391646,31.45105136770548,272167.6831393846
2022-02-08,31.76154896803,31.89289044570434,31.74712143685328,31.79160642554176,31.80418513363921,290961.6121550452
2022-02-09,32.783946450974035,32.9390777360763,32.76200920212838,32.80170120863179,32.80435873904101,263663.9937719596
2022-02-10,32.68639795134169,33.07867806958933,32.39465369720833,32.715341660041986,32.72340989488789,263024.6906192768
2022-02-11,32.330570571518805,32.41509412627129,32.06769943328633,32.38137413844297,32.375868417797605,430516.4130952703
2022-02-14,32.16518409023145,32.62817083886792,32.14079731744631,32.14349678964527,32.1480002527344,881288.8066887837
2022-02-15,32.308883196016474,32.35219886266304,31.985604189642224,32.31065948391894,32.3006934673814,211018.4487501353
2022-02-16,33.07542833584166,33.16017888635058,32.93594665791513,33.017184933085325,33.01180020278831,407402.8998407769
2022-02-17,33.24007219893213,33.307518418956946,33.14833477161691,33.25594399232846,33.25955905725737,433749.1597373919
2022-02-18,33.8402224139266,34.12827243367065,33.6477539096535,33.814067068661174,33.81340046415565,484936.38931782544
2022-02-21,33.7896968237895,34.30279700170474,33.66589644305714,33.77685519468663,33.78243204549217,232422.11052680053
2022-02-22,34.56098926621149,34.72273774310596,34.529410307241484,34.534617402896004,34.544208016773986,459953.64338051993
2022-02-23,33.296091198252576,33.400848492582675,33.16401220884708,33.36780142507813,33.3539825097083,582660.4710433364
2022-02-24,32.87050126375457,32.92627252140167,32.66872901546849,32.916432611002286,32.922707399129315,69336.13482085649
2022-02-25,32.72312306658543,32.73338958954499,32.61296865225217,32.71755390944248,32.71217629954545,426978.2434645245
2022-02-28,31.89589537761673,32.08480046634692,31.456810688209984,31.94673913366832,31.94374728845377,205631.0277438608
2022-03-01,31.398172047096743,31.52590434582579,31.428291639174013,31.43106228637027,31.43495771704386,287504.3534928992
2022-03-02,30.55501944697821,30.718702038243094,30.106249818200475,30.58410853349653,30.58394446616494,109246.50508044397
2022-03-03,30.202883946769337,30.192274255369163,29.88051239651536,30.164989215833963,30.160431971925437,258028.7971493917
2022-03-04,30.254513535142923,30.43810466511842,30.18382852394881,30.263723100101707,30.268863182197187,314729.32036797865
2022-03-07,30.26121742284035,30.260249115941782,30.07345711205213,30.225297014061727,30.214722250053377,249966.44379215364
2022-03-08,29.486855003357515,29.62545268152511,29.26742272881947,29.49952396002175,29.495081066537736,78592.61772182786
2022-03-09,29.2241841866348,29.33991996097764,29.14759377233971,29.253445049607528,29.23996254306305,209756.3807892666
2022-03-10,29.44500455918161,29.676631390301303,29.083929370160664,29.446320935667668,29.441488594062807,251291.07902030004
2022-03-11,29.22692527561781,29.302830435523184,29.173897448463336,29.201551383006123,29.20369670769573,103085.9961243427
2022-03-14,28.797876163414134,28.92813293380549,28.65782924338089,28.76848051841042,28.767176184151044,531212.4779624384
2022-03-15,28.645422585096263,28.8194177748997,28.510833749771567,28.65138443494956,28.652828327425325,410943.9853498281
2022-03-16,28.03194563075444,28.244492743202382,27.91813360265283,28.04722351175572,28.04527821976168,326804.52779395174
2022-03-17,28.582437658825857,28.581834352800247,28.42436737845827,28.525328755377384,28.53790386387957,280134.9443851618
2022-03-18,29.55699704656885,29.661431407621897,29.37611484511412,29.585518783239408,29.59318973413856,225926.04691560837
2022-03-21,29.285610161801408,29.38259276027636,29.23326633661271,29.24878951331149,29.25349038303633,312955.1019130985
2022-03-22,29.04437740254656,29.35535639335003,28.869583639179115,29.02341935363949,29.024066913157306,477098.9985582039
2022-03-23,28.680007172770903,28.73818725460201,28.622316409624872,28.6704884857111,28.67035215162948,227183.73529534572
2022-03-24,28.38051421726006,28.378341321575885,28.33388444822534,28.353388133480813,28.354736317678725,198576.0258801831
2022-03-25,28.824566559093512,28.89639636331457,28.73497030876544,28.838779454436835,28.840669351702303,207763.0299094597
2022-03-28,28.29527044023772,28.339285408450767,28.131714169752684,28.280193684886395,28.28280986316939,117200.0824822008
2022-03-29,28.33013996965428,28.49097462936413,28.20871730941303,28.295917446419065,28.30565841292544,256612.5984354081
2022-03-30,28.596230020538435,28.69859682310164,28.46298425640824,28.541466360498507,28.533032751853387,226560.782183752
2022-03-31,28.462127616181668,28.50356510453912,28.46312998358616,28.465519170018165,28.46696164581075,283716.76265717234
2022-04-01,28.31450792762811,28.37638396854575,28.143208547626077,28.320912422164373,28.320124909054886,150315.84247965197
2022-04-04,28.525375714304296,28.579530487717108,28.48552826954674,28.515640831849492,28.509588550665057,256730.3748396985
2022-04-05,28.23814379938072,28.332100280820608,28.10598557386733,28.221685580639235,28.219158194257847,351279.0332616972
2022-04-06,28.52019884272027,28.589598194691654,28.314826184450457,28.503199465664235,28.508535820531364,210936.4521505789
2022-04-07,29.12904586889321,29.19080948711128,28.98234140218844,29.156724329927744,29.157196279856425,896351.6942243191
2022-04-08,29.231923869604344,29.25068119212783,28.981417566015686,29.169799220089224,29.16756494000964,185279.23419540664
2022-04-11,29.38183944037602,29.48495262566308,29.34258991213344,29.376954220318936,29.37860033816345,360746.443186349
2022-04-12,29.620988037675183,29.628795303442995,29.45842612972437,29.565865208958257,29.577512795809675,230080.7199019062
2022-04-13,29.72376868805177,29.888695835040615,29.699695345342807,29.74846608852032,29.740430323381734,302107.37509687594
2022-04-14,29.578273107465385,29.66607026207396,29.43997402115093,29.594068573843327,29.59750922156665,282083.4833986013
2022-04-15,29.28847803843328,29.39777409595051,29.282778872787908,29.333680168416027,29.3312762355612,263353.33863202774
2022-04-18,28.91015795912872,28.8895228211394,28.7266989550965,28.884051326547297,28.874130335531355,238318.23252394347
2022-04-19,28.587993160880643,28.866064292979942,28.555922737458047,28.586752959240727,28.57527982601857,294025.02534415625
2022-04-20,28.946135391530103,28.9281049631908,28.69210698342244,28.915348869278763,28.92204577395874,233121.3921408906
2022-04-21,29.18884232010849,29.30676982717077,29.148963320397737,29.19342214316665,29.191907911635,129162.54877905516
2022-04-22,29.745578133747152,29.94620535390233,29.755919959029743,29.799438787257348,29.799995722172344,600646.3135931006
2022-04-25,29.751982980495107,29.93401552780531,29.713210297360245,29.748597460771432,29.74892174069176,410225.9195322268
2022-04-26,29.206799507787316,29.301543636360297,29.196550574114287,29.230138224897605,29.238525755415317,215395.02300265944
2022-04-27,28.89572837619921,29.073920094711248,28.75730865899739,28.882152285832696,28.882122736881016,643114.7471965073
2022-04-28,29.27069345854256,29.44880496253669,29.21615938464393,29.30853548975666,29.32404321450818,573467.2331083671
2022-04-29,29.57264037684381,29.77274825314933,29.503090929378565,29.591813708021355,29.591448588887182,86837.35889054857
2022-05-02,29.32345085383085,29.42160284767668,29.21213001521079,29.34484182154753,29.33968576748162,269516.7144042747
2022-05-03,29.788184912388942,29.83494395589248,29.60544023363441,29.790076657383523,29.785924202717325,173323.87319516685
2022-05-04,30.077399597019504,30.13924639991684,30.05478436811067,30.105632841574774,30.109924662257768,458158.4002652202
2022-05-05,30.64250031968452,30.797902716726032,30.637884556998788,30.673029171402472,30.667638544985792,179931.88208612482
2022-05-06,31.06440429411893,31.058119326823725,30.832433704972736,31.01834902339572,31.0220290092006,129069.22869413812
2022-05-09,31.58101967667472,31.62976989921291,31.496492071839896,31.597410880494834,31.60873650867112,856304.9058914394
2022-05-10,31.66938422184912,31.862524143413825,31.679798899680176,31.68692626435284,31.68208212042388,208148.32905862987
2022-05-11,31.950656496689163,31.97945752363256,31.811734571533997,31.9671587161472,31.9683946079222,115939.105122141
2022-05-12,32.71253809637006,32.83380999712786,32.67988975507839,32.71657595937681,32.70262270020918,91758.3196388427
2022-05-13,32.668290341527346,32.73996826392944,32.476192854872686,32.68935824861875,32.69147034862558,241420.2840934921
2022-05-16,33.212135784466035,33.688168370787835,33.12210656811066,33.24013600098879,33.247766492747175,268188.58264783974
2022-05-17,33.52334975725367,33.53294154956164,33.514473768695765,33.51697152530958,33.51445896301869,485656.52899653744
2022-05-18,32.954831694890814,33.12032607451559,32.631547545685,32.941548853579945,32.9477234469104,321737.1380236332
2022-05-19,33.29883036212355,33.348548661615844,33.20480229238256,33.28038537257471,33.293458117924736,139528.6435117325
2022-05-20,32.59020487411037,32.727722754074726,32.530418672692825,32.53377997207239,32.534469245126886,324543.22634965106
2022-05-23,32.54667511454299,32.60696273723864,32.44352965372183,32.538838678044826,32.54580687947071,459676.00901123486
2022-05-24,33.16669344250669,33.38449605263997,32.91531861239747,33.10517698625784,33.11209886294288,255225.0635589833
2022-05-25,33.19596663769082,33.22212659507003,32.89251304069763,33.209607183209506,33.22091119155693,237600.5603180982
2022-05-26,32.986540688325874,32.9806147687863,32.80632338240766,32.97890139039713,32.99394345299801,600682.8085283274
2022-05-27,32.87690553925679,32.882196270001785,32.86652296210685,32.87779813835521,32.87366769611257,474107.1874521784
2022-05-30,33.53669710006547,33.60289024454393,33.302308284552375,33.530246644941045,33.51643975650237,304412.57266299665
2022-05-31,32.98376249718455,33.029564542397814,32.88197823666809,32.88591852815735,32.87656782872936,103334.43362305545
2022-06-01,33.42296867773607,33.45473147725976,33.43676303742687,33.441610897176865,33.439113864032976,161934.45392435108
2022-06-02,33.26945157119424,33.50860252873511,33.284094779624034,33.30689061195824,33.30787393125545,905962.8137421348
2022-06-03,33.812787959908235,33.872138844467976,33.634428297737145,33.82269265541461,33.82302656378072,552966.3929131225
2022-06-06,33.39719865466431,33.86046196955497,33.37355705309738,33.447220309775986,33.464717789008574,473398.14169092994
2022-06-07,33.35058903854834,33.63696490774906,33.06087104605089,33.36404694317458,33.37613917631617,286208.8232886652
2022-06-08,33.19723117077426,33.33429637949773,32.86622054193217,33.14606789050973,33.144629087863024,487178.207822138
2022-06-09,32.796577099503736,32.73609187807378,32.66885635562401,32.70840448841979,32.704601722091766,216413.19997150637
2022-06-10,32.48228353403687,32.55402721768391,32.3791480356933,32.43798232891556,32.448103327984576,471511.20674326696
2022-06-13,32.16562838876361,32.197909059204704,32.13664162296253,32.174235509976654,32.1763070748604,386962.1024339041
2022-06-14,32.76012944549187,32.86938172662914,32.38092960477326,32.73949200895311,32.74033259591598,217533.3989554676
2022-06-15,32.51700605126578,32.581748559477,32.49719903862408,32.50554773428927,32.530209745404484,885231.1680925828
2022-06-16,33.37962715171118,33.42769636351026,33.26996938608068,33.34756770661727,33.33822392742947,208463.63759927245
2022-06-17,34.24634046467949,34.30960557744071,34.12954767838302,34.282140614366185,34.28670895714254,155557.92803616507
2022-06-20,33.892681661923056,33.998283201060644,33.68319479182107,33.88637022717908,33.88611414799922,403373.6510817575
2022-06-21,33.49918849019838,33.72541738321843,33.447864845671695,33.50293427299023,33.51043047911251,291423.68548247573
2022-06-22,33.074980704530375,33.325393430832264,32.9509465541432,33.05661376811133,33.067534935575225,800505.8546077393
2022-06-23,33.0022987916068,33.20806422919611,32.94506054078687,33.00206225450716,33.00025275610447,203270.1584268943
2022-06-24,33.00025177241907,33.00243272994094,32.75231737503156,32.92317824518582,32.89927441564562,152238.01507818492
2022-06-27,33.56271779460262,33.65454693321773,33.49758564338953,33.55181492465431,33.565137783168744,229828.5823911313
2022-06-28,33.28839184683894,33.3941792137392,33.09315832596347,33.283624726947465,33.28919286062771,70065.86138128547
2022-06-29,33.19041944022401,33.196440278039795,32.81645440343271,33.1797858248167,33.18474597773207,319167.0673929901
2022-06-30,33.042021740360376,33.10587121458916,32.931481321439534,33.06260060697735,33.057183779574856,259706.3610976988
2022-07-01,33.62824423171169,33.75873590200408,33.52024011976518,33.651118251698605,33.651957323725945,320653.12837791425
2022-07-04,33.50216789384977,33.59486790591955,33.36912845196425,33.470604057187444,33.46018326833835,376932.1331494713
2022-07-05,32.98496890170783,33.01781973403795,32.98423954762176,32.9990171227965,33.01710893599725,218317.77669067736
2022-07-06,33.22968687852011,33.4252840642104,33.04540022898737,33.21236095929916,33.20744185346794,616821.2831786261
2022-07-07,33.56383272304267,33.78715626572587,33.502290560445275,33.56703729882206,33.5761202650546,122330.82176694353
2022-07-08,33.405983257329865,33.68129672690137,33.17897713642653,33.41558014900882,33.427513622654864,156987.1620104724
2022-07-11,32.79024602958607,32.85048727160279,32.672348922885206,32.75863282056258,32.774524282828594,83368.49241278385
2022-07-12,31.852091504925856,32.00109267095124,31.83313616827931,31.84574659262669,31.84990931218068,431882.3817092244
2022-07-13,32.21584729785928,32.18503659963194,32.10811668963586,32.14445031814248,32.154818637389376,164229.72578691243
2022-07-14,31.8268177780758,31.92887471235751,31.82678557045504,31.89343706421332,31.890966026426756,479645.9545071021
2022-07-15,31.93514789755583,31.92580474957504,31.90106809636437,31.90868360313116,31.901775524644464,235555.993421453
2022-07-18,31.66070637220453,31.788253935016872,31.516271167424534,31.64880179143941,31.63990891948317,293188.86555389443
2022-07-19,32.245405466383176,32.36891336259624,32.155767198977166,32.25770447609416,32.260765823066066,223320.9409240379
2022-07-20,32.11445234477397,32.148330174790864,32.043066900206775,32.09208409716786,32.082833049774585,368051.0210456236
2022-07-21,32.14185765830945,32.21542113111455,31.81602814689741,32.14008928428734,32.133352540097704,531128.2850998297
2022-07-22,31.577887584944296,31.7743546633296,31.52578561706429,31.568633043730195,31.560802618305235,240507.3612338336
2022-07-25,32.30255316567762,32.36663107212359,32.25155977410215,32.34078625984402,32.340068702275055,278100.5201995676
2022-07-26,31.73159279043363,31.983752546846496,31.536302217476702,31.757179397763245,31.74591080484625,548858.6915311433
2022-07-27,32.103798913160404,32.161465476043176,31.92315588700088,32.06708402145558,32.07195522007739,92952.25730389348
2022-07-28,32.56181511288521,32.80913324672308,32.47337551318142,32.5342834060928,32.536778949012835,302273.92744199856
2022-07-29,32.996854332656994,33.12889043472526,32.89482164524145,32.97787866551905,32.99029247542435,314271.4996118036
2022-08-01,32.6774520169171,32.77875474760908,32.56167226870906,32.669510981825866,32.67444483009566,300189.2166482504
2022-08-02,32.163808069368265,32.35724251364413,32.05908316886309,32.1719589834644,32.17951359754497,440283.2017677647
2022-08-03,31.972805230616288,32.16379436103357,31.993519331905247,31.99571304987626,31.996610505111445,752365.2220795478
2022-08-04,31.93927453836052,32.11581691504956,31.864544430829607,31.91639571315132,31.90793855320316,162882.13174412915
2022-08-05,32.79366439821465,32.85483519235337,32.70024535398732,32.79830160980826,32.78794426563679,344356.3139222155
2022-08-08,32.85032598302182,32.87944732556798,32.81324379166206,32.86326626652152,32.86013917007384,397157.1700349262
2022-08-09,32.72756863918714,32.888403293464485,32.625104406966095,32.7408017252698,32.73966243123679,472481.7912887995
2022-08-10,32.59629781345913,32.898577764403775,32.60714018601325,32.607591868832166,32.60516099158715,388948.39858478255
2022-08-11,32.79973663038939,32.94103654612566,32.66727310715388,32.81119382142853,32.8120323701521,94601.47998778262
2022-08-12,32.3478031683494,32.363827691536336,32.22120515405964,32.340915287233415,32.34695420065504,281237.55589511583
2022-08-15,32.50055447112126,32.650436258287776,32.38598391115417,32.450793101323235,32.44878627337609,137135.31654898298
2022-08-16,33.29950692306926,33.56233345863172,33.25918310564287,33.329828311566466,33.331766455399105,350040.67244888225
2022-08-17,33.36058251684986,33.47286904070879,33.269766270384665,33.34911153642221,33.35539849790438,695035.9184275222
2022-08-18,33.562355304987115,33.64036883206442,33.44741240688073,33.56561230803969,33.583446858191834,447965.9989943682
2022-08-19,33.86122913184451,33.981498058762995,33.90806481581135,33.92595742173516,33.91635084884385,183366.3719108552
2022-08-22,34.46203730666812,34.53083681464039,34.413065325715415,34.422273156445094,34.43435674012604,274931.3095157648
2022-08-23,34.80640235014232,34.83920294855244,34.75389326907298,34.75837637597919,34.750091611463944,566592.7873515965
2022-08-24,34.58828492194572,34.59979912723974,34.52570137013276,34.56728640849628,34.55740986868198,350428.6993481795
2022-08-25,33.898433814321976,34.04894249447249,33.861018619128124,33.94567452650063,33.94991472290766,328057.2864852603
2022-08-26,34.380864425439555,34.41881003687358,34.126383648894546,34.38899729119617,34.387196105729025,324391.4819960191
2022-08-29,34.61284529825302,34.65133028256351,34.481189510219885,34.55416615753524,34.53266085686198,180829.8567361048
2022-08-30,35.05248846333433,35.30769935331197,34.88040763315096,35.03102039807082,35.03344106559592,610793.7322322475
2022-08-31,36.06657207697097,36.19063392272352,35.89177528866477,36.02485688542945,36.05175263932591,145585.39502643386
2022-09-01,36.76480356117998,36.88219904727963,36.53781958533502,36.82503073660104,36.829701834266565,382821.8598809932
2022-09-02,35.80447441443092,36.03252996465304,35.807133918275355,35.82527152983803,35.818008851032026,344870.0822971022
2022-09-05,35.675495144188744,35.722183081442545,35.55672320604069,35.66908394122808,35.67714358542075,242339.39833281745
2022-09-06,36.03366290224588,36.11671756373431,35.71872003414877,36.04045468130195,36.04048691220008,912597.6658360304
2022-09-07,36.205252392833714,36.40871548414892,36.21742549994862,36.21912119388368,36.2179549323344,225539.16937280452
2022-09-08,35.3901510406637,35.431466906588305,35.233588856251195,35.36143736851068,35.34553724602325,350873.23935440247
2022-09-09,35.24446046310946,35.42211930826821,35.0718841063556,35.25189472509343,35.261332726412846,353450.6607596486
2022-09-12,35.362876989429715,35.397883611536884,35.38337935381912,35.3955954583388,35.38718513199589,714769.8925308684
2022-09-13,35.86900897821619,35.94204994576482,35.60544364350717,35.860021107875426,35.85808548141155,165235.64186287884
2022-09-14,35.34133663950087,35.37279418385327,35.18628917091995,35.29123007607345,35.292046544156065,582652.7652954424
2022-09-15,34.58431245990549,34.73746500223639,34.51348165822447,34.52760910572844,34.54597556370776,166789.70867314216
2022-09-16,34.770420292810044,35.25355017437582,34.50412428470636,34.77724212724647,34.76382766429387,893367.0590039733
2022-09-19,34.84665980760009,34.896987596965204,34.6842593414812,34.86148370688523,34.86105514361819,208481.1005123133
2022-09-20,34.71550366568242,34.79196613604613,34.51460335383589,34.748959191058745,34.74510848530399,418262.8487781554
2022-09-21,34.09483091299235,34.13918925193025,34.11644357358667,34.126074375225855,34.117986784708926,137108.12258994524
2022-09-22,34.86820184096895,34.978487730634235,34.51375403551052,34.825393344483764,34.805562475754854,209582.8145132003
2022-09-23,34.59124879249628,34.74059915999802,34.55596356029971,34.59556706107924,34.59683414069503,215936.6912223233
2022-09-26,34.95155358362156,35.19022251650807,34.75552309500165,34.95518425174121,34.962213730372795,448821.3776364899
2022-09-27,35.41247310712792,35.4118601681602,35.3345293197415,35.36777872555772,35.379726390841164,102882.80645878064
2022-09-28,34.81120154296924,35.06046899600752,34.724931345437774,34.844648960481344,34.83896427918699,201720.9046678056
2022-09-29,34.890298979234075,34.93333746341758,34.626971532566294,34.87046544567328,34.8798268544236,488331.611797008
2022-09-30,33.91311840807681,33.98159018730632,33.66687837585957,33.91611430437111,33.91126470970085,191438.0247926697
2022-10-03,34.336270110751194,34.42784696579124,34.28465437513832,34.344867489709216,34.342109101535115,727771.4427053321
2022-10-04,33.76971648398811,33.71886139182031,33.5437051678584,33.709712117571854,33.70356686151051,376326.5780953867
2022-10-05,33.56116471423841,33.62781493946369,33.37574571667866,33.541017749934326,33.53555115328593,278645.6047418334
2022-10-06,34.00211525237215,33.977397969861464,33.779837865977456,33.96176848956405,33.99000351719268,350178.0485439448
2022-10-07,33.888028729824384,33.922433523568934,33.569375509236444,33.86169100037864,33.84622918349616,202334.299208424
2022-10-10,33.2162170454434,33.3729182128742,33.18403450294109,33.20299314667915,33.21590195481773,305647.44606864784
2022-10-11,32.69415648809738,32.91188303583911,32.674155390294175,32.756832736106375,32.754583493077995,139973.26707183808
2022-10-12,32.62185916228302,33.04305522340156,32.54963025762298,32.631498325407414,32.60391710389435,214220.61837073785
2022-10-13,31.891383454582503,32.142820407622025,31.821310376482792,31.88609073278278,31.885773938869058,414649.4576379209
2022-10-14,32.35189233040258,32.35294495025091,32.2642260827956,32.290399644377736,32.283978440722045,353749.1182373202
2022-10-17,32.53327524173982,32.57364016665597,32.23967067028063,32.51141640750797,32.521362473984844,383521.6070081157
2022-10-18,32.594711383524704,32.71179366553125,32.53138413532518,32.62187758306779,32.626675319459075,208114.7803648924
2022-10-19,33.07399103500114,33.153490938166584,32.88989931569203,33.044574951560186,33.05240359788957,630058.7984313717
2022-10-20,33.52186132850874,33.77508117207203,33.40199029413986,33.53266159918692,33.53536478239816,93642.88408749018
2022-10-21,33.64529451371309,33.94889648841358,33.54747060857376,33.659039185104106,33.66535819727769,160337.08013998007
2022-10-24,33.86349726750188,33.86365510357265,33.8174070251727,33.839955754286834,33.84102726875063,577093.015900363
2022-10-25,33.005838319137744,33.23990288945791,32.70019475384095,33.044711102791446,33.02975757660216,407034.05500316457
2022-10-26,33.77302734569969,33.75421563770145,33.59855746244632,33.716470517576575,33.71858484827015,591807.8937213696
2022-10-27,34.4782764358855,34.49802097322062,34.33243150710425,34.49603827698641,34.49930774927524,198973.4252428609
2022-10-28,34.753533773122946,35.25073972769388,34.674596634450126,34.73166478526869,34.73303073681453,181158.74244078607
2022-10-31,34.7823910469784,34.75661753023432,34.65982957711736,34.70564221483274,34.70796435366418,714644.4408680912
2022-11-01,35.42109476859587,35.48633112379043,35.316063477032344,35.41705762440968,35.426832547821704,85427.31750241813
2022-11-02,35.16704416682415,35.46625197318842,35.06822288802507,35.179579606060784,35.17541791251051,311251.0851915464
2022-11-03,36.255456357811454,36.26677365139348,36.2142731042728,36.25386040277618,36.25452973717982,393558.9463642973
2022-11-04,37.51085554031851,37.578676720758025,37.36468490819588,37.513213287514354,37.51666749582972,484189.9918441064
2022-11-07,38.12130972295768,38.25077156450646,37.958942474294176,38.15850507224575,38.161386337764846,537964.7266746425
2022-11-08,37.546733354747744,37.66102525057682,37.37408909077484,37.52277645261728,37.53965857749066,107817.44126223947
2022-11-09,38.47855344442779,38.58976619104834,38.311475302916136,38.41291758507606,38.4264017548469,302979.62041368155
2022-11-10,38.30200754470007,38.2508753936256,38.09590722133734,38.23030755946671,38.23479527883349,201212.6785167361
2022-11-11,38.04005335943241,38.05391558989944,37.99384844357853,38.01729969180207,38.03222836193375,159947.55061187677
2022-11-14,38.87558232627242,39.131209166836825,38.51427341607126,38.916948207800175,38.92160757727852,538627.9716347939
2022-11-15,38.76835123337017,38.72290232897708,38.61217551377021,38.71266623493834,38.728460730382174,418460.9728978149
2022-11-16,38.16315673606991,38.42820538254689,37.93706617736961,38.10434481840151,38.11189649326248,192642.66663181008
2022-11-17,37.76957368159643,37.98989934915428,37.627176239317535,37.70941953180103,37.71325347070107,317588.6311962445
2022-11-18,37.90400370525861,38.11384625062319,37.86159952508284,37.89032469768701,37.87924743720527,334215.49826920684
2022-11-21,37.893451051318586,37.995622674978,37.64377303232213,37.86245013501458,37.86272311543122,222203.3805583184
2022-11-22,36.844719365866816,36.86926912173221,36.6675573118341,36.84610175451747,36.82096866142533,263665.55807252787
2022-11-23,36.69994212419599,36.78924992683884,36.72127169695975,36.725977636823295,36.71162455735463,156023.2817540882
2022-11-24,36.208657410007184,36.36302883706806,36.19528426731306,36.25041655706765,36.27427189802064,472953.165105639
2022-11-25,35.83067234961923,35.86099204659775,35.710897825502364,35.83294879101008,35.844209103184966,195446.08866333176
2022-11-28,36.59133087377474,36.90696033381972,36.53315587606642,36.62209826909269,36.62561803875588,715637.7485493113
2022-11-29,36.95296795816327,37.10287536571976,36.899832371038656,36.97528735999985,36.98451046649672,233327.905803002
2022-11-30,36.59191557123399,36.68846358018386,36.40436632354737,36.50549108287466,36.49984546245599,342523.1794296019
2022-12-01,36.32354892145658,36.77138805750728,36.1410709851633,36.36589928341196,36.36679182345689,120601.6057040382
2022-12-02,37.60171687485605,37.81205423381531,37.64978149046095,37.66869492822096,37.66783346461487,297665.1782642813
2022-12-05,37.576410553218125,37.61817953735582,37.49451553195974,37.57778603226828,37.56481422363936,627668.9960618279
2022-12-06,36.59768959903006,36.602327852387965,36.54362792294378,36.55319523405922,36.56966356207713,285106.72997155826
2022-12-07,36.88867097852362,36.88735530640662,36.71656576511634,36.806652454062416,36.80091662330217,253873.68647642512
2022-12-08,36.50643133209056,36.51314867306251,36.32322188283013,36.47847410547471,36.475177244789904,183638.85190060144
2022-12-09,36.00903422593154,35.9991508474395,35.73817013552345,35.96269150070029,35.95918605508631,458342.0820591271
2022-12-12,37.13552093763212,37.27516118592853,37.01673967643322,37.12071054635379,37.12215122937096,203923.83250808163
2022-12-13,37.05827666666215,37.04758024707417,36.97250283430216,37.043132826928826,37.04239894134594,227919.3245871176
2022-12-14,35.98205912347572,36.25591129119367,35.958136185032494,36.075967643629454,36.06532473554461,710286.8115492495
2022-12-15,35.79203565115504,35.87928558361314,35.77343910344224,35.792295700902315,35.78177773196703,1009952.4132316924
2022-12-16,36.21420337069875,36.52450944515636,36.07107575535062,36.187849155302544,36.18803568029484,580278.5835441978
2022-12-19,36.58062170878142,36.778969710406166,36.445520255424526,36.481708963739095,36.48793351464053,274652.55897350336
2022-12-20,36.5945129112116,36.60490266232513,36.44088705787261,36.60164844942115,36.59566132160702,142369.46874813217
2022-12-21,37.12410877562157,37.28164410133578,36.92627625327747,37.11936541146119,37.10839054898431,322281.50947154424
2022-12-22,37.26793588055481,37.40461713164499,37.126616232564416,37.30171030369264,37.30216647056566,159326.00671619663
2022-12-23,37.571389900639225,37.74560899048022,37.46061493825477,37.52979983954495,37.54576599104119,478960.6169286442
2022-12-26,37.73401794199275,37.837076993913925,37.60327867035697,37.6758670603875,37.66789113235458,328075.7221625987
2022-12-27,37.96651680511975,38.05772814873931,37.77270915709016,37.98666620228524,37.97462847101637,401897.419577321
2022-12-28,38.18908239348729,38.24441074820803,37.777369742261456,38.22027998956179,38.21986058173327,657101.7773162713
2022-12-29,38.87824649400714,39.18416700495259,38.56526052736445,38.85956895226656,38.87170290828963,433478.8201498049
2022-12-30,38.981228171634,39.20180175765859,38.76051754484149,38.96884324162087,38.96782344555387,287698.7782024418
2023-01-02,39.102778378670685,39.10686840899203,38.99664731035768,39.08651823063112,39.10172752494913,315936.9952643537
2023-01-03,39.19320596850249,39.55188969594012,39.18838131433232,39.19330524778059,39.190160295892845,173404.62278052804
2023-01-04,39.1888732004397,39.22879634820352,38.82055764584685,39.205157859412864,39.202245474521895,386901.2266355849
2023-01-05,38.48961922915175,38.52019780564893,38.38959075986528,38.44568679807141,38.45128460978391,253543.7036079804
2023-01-06,39.48495738761812,39.67171966846562,39.3721247456753,39.49755296015384,39.481318026731806,221674.27648283212
2023-01-09,38.480103658149964,38.72632459713059,38.322751048489536,38.5287419503099,38.53659116114281,355133.6981130883
2023-01-10,38.63470472317446,38.77775877277095,38.47664145048744,38.70846031407878,38.709863786394806,177627.68493892025
2023-01-11,38.50318407022497,38.682861763683135,38.32132915123295,38.48584543409616,38.47715930819215,221553.2188512188
2023-01-12,38.78600963646165,38.90314815347928,38.624227682163024,38.78194895174607,38.77570444754896,233534.4945610209
2023-01-13,38.55893490444326,38.59680078781869,38.52554758683245,38.56275846974522,38.54685615831921,347553.6382689457
2023-01-16,38.51544063961423,38.68818262396347,38.33897045366021,38.4533652837039,38.45623630436437,188023.9815743574
2023-01-17,37.287244862541584,37.7001367450042,37.11842521948495,37.26682153935903,37.27152565790646,439228.5932894793
2023-01-18,38.27007208499711,38.64770719630327,38.03101626139005,38.32203910614135,38.310572645503015,153374.85176664466
2023-01-19,38.737964629642455,38.91118364175616,38.491734576115405,38.72599232709264,38.71388941690082,286013.0949894264
2023-01-20,38.424052989272944,38.60616107648344,38.15083145078496,38.42979504699,38.41175748392098,407824.9234464634
2023-01-23,37.01252291860481,37.19252122567451,36.738487826519005,37.04760611238859,37.054776145635,171395.47143354802
2023-01-24,36.77360483913294,37.01903489815183,36.42413399325164,36.788428938132,36.79821806545719,197090.14901811336
2023-01-25,37.539882009690885,37.60251611944575,37.2298195914654,37.493351285905376,37.49239531730733,265163.9692738435
2023-01-26,37.372107670247495,37.50308300205184,37.33669761801763,37.38027941193572,37.36880708470081,127803.50971882755
2023-01-27,37.08128336006693,37.138917276711496,37.06454926101493,37.089145905376185,37.09447270510678,139195.37355896845
2023-01-30,37.4299951579493,37.67460911609268,37.25731027965909,37.41950049899403,37.4325483105817,70970.2717881184
2023-01-31,36.92959220578961,37.12508778749243,36.8302784701102,36.900171035803886,36.90270250682766,1287987.6991648404
2023-02-01,36.64084849613384,36.81270475683916,36.58506667944504,36.67535271383398,36.673907231816365,374237.42875276366
2023-02-02,36.47431941911734,36.52240775130437,36.42783797521084,36.478118685200485,36.48155599920696,138173.7392086974
2023-02-03,36.27928560698251,36.66799412854565,36.09819856060238,36.267070540068254,36.27014807143582,175919.31616451268
2023-02-06,36.79956248715378,36.71150441026276,36.45943492161058,36.71017862600844,36.69591019032365,630508.592446551
2023-02-07,37.01641943319981,37.34235678908439,36.93590753848476,37.03895526095155,37.03562853540895,88732.54939962272
2023-02-08,36.23911222511873,36.55228041144503,36.2145176613048,36.22844096813178,36.23302326097111,391138.9924483644
2023-02-09,37.15495422887089,37.44602331153994,36.90920687398402,37.17097689911909,37.16206758072219,537854.8502057804
2023-02-10,37.746209182084776,38.04114479468711,37.52540629503952,37.74504170768378,37.75260115229163,406102.1774182573
2023-02-13,38.35364034077184,38.64169622778702,38.26694205224198,38.32682358413117,38.3258675277062,330491.9841753279
2023-02-14,38.1975728566205,38.46019562392394,37.95438506566759,38.23124583768912,38.22871642907887,131900.95413488225
2023-02-15,37.62194254919224,37.768979414518654,37.09503313780674,37.59912720397873,37.5961434923007,358471.6636258428
2023-02-16,37.64485233715505,37.6938826819955,37.26616960758486,37.64909051010746,37.64757803834633,151907.85878023665
2023-02-17,37.4006840979824,37.41800088099954,37.16126881666501,37.38157640902254,37.38069454415986,374507.410157132
2023-02-20,38.01620178213585,38.23306830891652,37.759461254813424,38.06322188518407,38.0613938847221,247824.1065733363
2023-02-21,37.427430280297,37.6049819515846,37.25873518441608,37.411548456859656,37.41443442384473,172366.50724282156
2023-02-22,36.90195449428168,37.03601913086118,36.8991743649592,36.93083123541352,36.91322302768613,192830.47488365372
2023-02-23,37.04723143355802,37.11046690697597,36.92848598462727,37.02081705029049,37.03534527128058,201517.2591369801
2023-02-24,35.55646083701991,35.62302011853536,35.00448010716554,35.54654761317561,35.536682549586125,261452.02303491835
2023-02-27,35.36596751689149,35.68457904966931,35.1462023120529,35.31378076707519,35.30135476829757,432297.9961369221
2023-02-28,35.09677862254791,35.22803438719297,34.83934636612552,35.11394031021635,35.109299762010394,160122.0599555898
2023-03-01,34.73405265331949,35.034430278907976,34.55705338949807,34.72678936573575,34.721434021655206,415162.5604607964
2023-03-02,33.544750837110975,33.650812915977106,33.47646353426665,33.60199886968887,33.587419282724724,675005.5239083462
2023-03-03,34.246112193750186,34.253381110855315,34.06631337917796,34.230570068639025,34.22170183054555,257435.8364424481
2023-03-06,35.38017130122589,35.72911613076622,35.18635212649403,35.32049807705972,35.32634785588283,460122.62461389735
2023-03-07,35.614680794937826,35.640198051934604,35.556762609074106,35.59297052751218,35.59176057760335,157641.69226191813
2023-03-08,34.90265100420688,34.99328894609893,34.792553256106764,34.91112212913602,34.89139533354172,381834.2538643069
2023-03-09,34.954598560678335,35.116710467149666,34.72446534620013,35.009616474137225,35.00872019447829,156899.6085997904
2023-03-10,34.57984672973254,34.70483693847105,34.521106627532774,34.59186995637094,34.60610859069213,450270.13774065854
2023-03-13,34.19072874050598,34.45771288179769,34.0163853240119,34.185667944751174,34.18262938110233,99218.38768056346
2023-03-14,34.73714942693792,34.87529969863101,34.673027517658795,34.77930715786677,34.77983374432464,1012721.400249104
2023-03-15,34.44741968802125,34.56449305788208,34.25659328015509,34.46160804973334,34.44943006545405,168549.00397746777
2023-03-16,33.71906267250715,33.883057286690615,33.53281731641123,33.665741055358666,33.654506900245,393217.9955399608
2023-03-17,34.25163163831285,34.46319108935982,34.167146320977736,34.2644530882176,34.26672289237894,118234.59212932496
2023-03-20,34.35914232676186,34.48456583630326,34.31813334416029,34.35791735316597,34.34388018466896,950362.6195570332
2023-03-21,34.07026805700886,34.20874482933018,33.94894957007532,34.11360251074388,34.13108115088887,246665.48803477988
2023-03-22,33.955582099152615,34.12306227648688,33.83939806650097,33.962863525231256,33.94545971116942,436025.50828146026
2023-03-23,34.17153448563879,34.43155771250657,34.106526557897205,34.185724663441725,34.17812979666672,118941.47117217442
2023-03-24,34.20936341025491,34.2375974220191,34.00680679727691,34.15471803870669,34.156244391496045,128267.72149640995
2023-03-27,34.52267296066504,34.57694361815013,34.448903638785815,34.49507983380757,34.49767208911151,188088.9605363168
2023-03-28,34.572845977146926,34.62776273113812,34.49715235051965,34.56054207668043,34.56845054719165,123846.26467152586
2023-03-29,34.55996051259239,34.73207288412801,34.46901433426699,34.57729937334484,34.574866924495524,179755.275004122
2023-03-30,34.85148687605296,35.07514095399171,34.818867487713575,34.82782419790353,34.8022058902848,151210.81158033185
2023-03-31,35.7104087462187,35.77329120033718,35.72757266191705,35.73270979688626,35.75226302069124,303906.186131173
2023-04-03,36.33256789158303,36.48745145418264,36.2620146347973,36.34187319633476,36.33339895294216,583196.608133581
2023-04-04,36.41136058781506,36.513780101125526,36.26351921330512,36.41418148148062,36.40458735556761,344417.1787317556
2023-04-05,36.54455597946983,36.9676253865096,36.61514142395203,36.65919112795162,36.65675780269344,384564.8286204517
2023-04-06,37.69213504637283,37.96854414932495,37.66988810155665,37.774570498533805,37.78776630274588,254580.82945375293
2023-04-07,37.242485773609154,37.50247786704267,37.21768957942717,37.22092825896613,37.216252974088455,117720.75016890136
2023-04-10,36.85647091887027,36.99052527136532,36.62308949436043,36.83606378301087,36.83917143976385,383412.7709364805
2023-04-11,36.29868427113509,36.39631922855138,36.20632783689061,36.26182331733272,36.2648178841095,467894.3326636367
2023-04-12,36.27720836869278,36.401104753480205,36.11349456644172,36.24605067206366,36.24801743627713,274320.9596963361
2023-04-13,36.04971024333571,36.16179877929789,35.87315184913988,36.03028575502076,36.04065751125515,415693.8335901472
2023-04-14,35.901472007496494,36.11805214664996,35.927673379673884,35.98443241680529,35.99117330404993,168287.68008586933
2023-04-17,35.9127102195031,36.12745111576977,35.860044027862585,35.890312788647435,35.89495591985137,177847.72595257743
2023-04-18,36.63752962001505,36.72777031827299,36.59414162793251,36.59751969898489,36.58855305393315,583828.3088882902
2023-04-19,37.44708152185588,37.556921674775765,37.32692800773405,37.46241801129225,37.44288557507917,434458.9355950981
2023-04-20,37.85708665961434,37.88440582467824,37.71769883616224,37.831809546437206,37.83897809780972,171531.5284022925
2023-04-21,38.103240932078926,38.20903077529362,38.044089160516535,38.06667338343679,38.06495826149309,223125.10070241668
2023-04-24,37.74543544560051,37.7951124283838,37.66638209982096,37.71843473807593,37.7110969248646,151205.17395644044
2023-04-25,38.627328205099744,38.881093929178064,38.54270087736453,38.63867121104648,38.63257053497964,458748.6662477312
2023-04-26,38.01609439944697,38.1998337126232,38.07176749569898,38.07370866989694,38.0867749500557,383609.0439085907
2023-04-27,38.1509603839648,38.511017265319,37.948991505329126,38.22314107691297,38.21887481635444,267584.1305183028
2023-04-28,38.43581352456744,38.67171897472407,38.14822854719762,38.47109673694201,38.487466526049246,827564.6829342626
2023-05-01,37.80213662814258,38.0178041814536,37.64014417189028,37.77710515095729,37.78748159871811,556511.424662004
2023-05-02,37.48268654051245,37.50687829797439,37.30228512860464,37.43406898487805,37.43712185441409,304458.18475904
2023-05-03,36.94845161233295,37.00785053268594,36.86382040036493,36.983015825020445,36.98427553338959,188395.0450160245
2023-05-04,36.4867859263165,36.49358453676052,36.26147382483767,36.41485626269198,36.41014673490324,275198.183863748
2023-05-05,36.64600700466666,36.67427756000093,36.52341931493751,36.64023226202182,36.64699641781014,312477.4287075841
2023-05-08,37.15552046361659,37.32427896589134,36.75793516662256,37.11280878621013,37.12550281666575,374872.31843525526
2023-05-09,36.55964306220601,36.84073277798564,36.55583649481489,36.56818090020396,36.56205805875536,406473.92433689407
2023-05-10,36.389909398887866,36.480321689099824,36.33563832146289,36.38408580015192,36.385576734652446,274597.6476337714
2023-05-11,36.45319560335548,36.887620587168,36.39715878164236,36.47880447346842,36.46992657046997,140206.18961455167
2023-05-12,36.727815086394216,36.88912151500585,36.64408699474984,36.75068754457706,36.75294116954635,166790.26948014222
2023-05-15,36.81304955068532,37.01171491562396,36.72389930264952,36.85644748324655,36.86924283534111,999685.2137981328
2023-05-16,37.58045686770389,37.61294887541038,37.52220671171671,37.603720038415,37.610489730409846,143626.79167425534
2023-05-17,36.63629886752523,36.91685653182581,36.49335176360961,36.69597178988048,36.714407367158,180826.18931909397
2023-05-18,37.239746774893526,37.33141385965792,36.82825296434085,37.186851432890585,37.180985956416535,251905.30709235836
2023-05-19,36.90609813370126,37.20138900776064,36.83604044341404,36.8876386683054,36.86649668275314,133915.13570063072
2023-05-22,36.57618914459569,36.76872809317943,36.4177194269718,36.631149408216736,36.6297106842634,359863.0210461027
2023-05-23,36.05868383613608,36.08743439303544,35.811418260436824,36.05946686316117,36.05140780547611,178794.6232673109
2023-05-24,36.56519729233538,36.58302628732522,36.48673253957843,36.533078674993824,36.52513716069151,291616.0841471677
2023-05-25,35.75609960350527,35.75185907761221,35.519143474615376,35.72358285728714,35.7248453500203,486007.208676716
2023-05-26,36.3484735143619,36.56924943912426,36.15541521066856,36.42211449626777,36.42979514830829,328591.8487784141
2023-05-29,35.75655722760223,35.88407972082022,35.57930469052683,35.794180955093985,35.7962623994962,205100.8427829669
2023-05-30,36.06402288451466,36.12419622349852,36.07068060676626,36.12022519382084,36.12614598740262,38572.8099891
2023-05-31,36.11924486225068,36.43202717180375,36.01568921202798,36.124004904262,36.123230929173886,182450.6291256259
2023-06-01,36.46335364974652,36.481474272357,36.3274399898521,36.46938642904463,36.480147489038,276062.2005726707
2023-06-02,36.18016806175929,36.203969218729696,36.0373187797578,36.18504510169044,36.1829995649117,465776.7967588968
2023-06-05,36.26468295296091,36.36223126123041,36.0748031524456,36.27794353796216,36.2837871429183,180153.37247484853
2023-06-06,37.01007140762048,37.13667031023425,36.90583631732789,37.04022358317468,37.03883277720456,105903.95366698343
2023-06-07,37.077076773620455,37.24545943997493,36.96312160433415,37.065372878100646,37.06961509124742,423024.30213946576
2023-06-08,37.74616281167313,37.818595492280544,37.49170011400664,37.72381439853972,37.7174392054121,44635.86842844939
2023-06-09,37.62707394275565,37.76418084509594,37.54441582864386,37.62200326483015,37.622017396793474,197012.32676989492
2023-06-12,37.29617661873786,37.37246289138344,37.30971919341797,37.32009422101132,37.323666794687256,719492.6777727715
2023-06-13,36.79923385485191,36.84954416289929,36.74130490872608,36.80250138189238,36.79685165960985,422043.848112988
2023-06-14,36.98270027697685,37.0757614786304,36.78921007656703,36.98414768126625,36.99529303159352,2085820.499765738
2023-06-15,37.17231677998147,37.43193231820854,37.24157398629823,37.24754990118844,37.25545269266198,860932.7472129491
2023-06-16,37.27937676856862,37.482288007480506,37.029967682947245,37.23194271160527,37.22280044350608,134888.83576967783
2023-06-19,36.57196695926095,36.72914332028613,36.522627408488624,36.55189065043575,36.55095743496297,530831.0108823617
2023-06-20,36.233865747094846,36.57839954032339,36.24947748022276,36.299827729438334,36.29091408154616,131473.29633480878
2023-06-21,36.18938654871364,36.360904197046295,36.09936125219084,36.15487998622519,36.15431648609903,284495.445984147
2023-06-22,35.98485143688254,36.23209266196206,35.8892064495749,35.99433272415228,35.987840812784725,412003.2668983868
2023-06-23,35.55900853437338,35.728827296703585,35.34685362713302,35.57983308292192,35.59009371421424,373257.0280972463
2023-06-26,35.549067695294,35.58859233548894,35.551335110491884,35.552383063612766,35.572329871540745,395244.4685044727
2023-06-27,35.8359637795836,35.90902742147277,35.643882306484976,35.810673213989496,35.81053467904528,199716.7471529979
2023-06-28,35.40479457513532,35.51353823075996,35.31765718449451,35.3530531932923,35.35185045961221,239271.3805112077
2023-06-29,34.96640460854712,35.080231867118385,34.790632137526174,34.93348859348299,34.93932968098096,220681.9640410691
2023-06-30,35.0269040113168,35.071635054112896,34.94253527984794,34.99482092269923,34.99831557701719,583672.346319299
2023-07-03,34.29308171430912,34.404271622977944,34.270137987232005,34.27143650582264,34.27488852413811,117751.72035227892
2023-07-04,35.45197929273837,35.660840976187124,35.427325726749146,35.47060690149953,35.4633424310021,485210.0636668781
2023-07-05,36.08416726456029,36.239658579814176,35.96751559770022,36.08978017743322,36.10808808440739,60055.47835780613
2023-07-06,36.70899292341409,37.10250547782003,36.781437195790765,36.80360007675029,36.80840387388914,533490.7946459063
2023-07-07,37.07606393617949,37.11259247568897,36.71202392942962,37.050734350677466,37.05021446587989,238996.18378547905
2023-07-10,37.63190932540415,37.69870797792719,37.3935715889267,37.63172998499879,37.62114613254692,157800.51504990473
2023-07-11,36.63201225458948,36.702149990020985,36.44933420092937,36.63272028438524,36.64760137416221,412490.4133598379
2023-07-12,37.2840044094186,37.4359476640736,37.20084201045094,37.30971142969761,37.28877415082796,231319.60899908055
2023-07-13,37.63077170635298,37.78389698141364,37.57785092384681,37.58393470501166,37.57930964388013,179555.63309076667
2023-07-14,38.71537762167573,38.96475596234477,38.710134696860486,38.72133628030224,38.71916075213293,418346.2356932728
2023-07-17,38.2292327086401,38.29047077630552,38.19751621356333,38.20875141156502,38.198539400075184,114140.43828276893
2023-07-18,38.438776971409695,38.76175915378589,38.37913798676008,38.40398569705115,38.40663590070731,157029.65908289092
2023-07-19,38.8614005945372,38.991816311718544,38.81761129156663,38.84691553557861,38.84689699684096,187894.95593572728
2023-07-20,39.30188077185217,39.36081157871019,39.254825948569,39.3351318045284,39.34465717151953,328287.71015350084
2023-07-21,39.52390289793644,39.64393452621919,39.45863253023335,39.49817155598629,39.49740420961627,158875.66615697797
2023-07-24,38.85348159653417,38.940542857486335,38.460146658592144,38.894499422272666,38.90704302670861,210253.2710440428
2023-07-25,39.22720495834547,39.38190685028664,39.04149471377201,39.15807174985112,39.154481805454445,174079.48764726278
2023-07-26,39.46655684957324,39.743707090180784,39.16387349379856,39.51688255528687,39.52601284510097,168287.8710588361
2023-07-27,39.30486232263651,39.51049751365004,39.09717822973614,39.1950905204808,39.18919614874849,258435.3700072248
2023-07-28,38.64411380601744,38.72678729580195,38.588673645373056,38.60929602515079,38.6202228608507,436720.6136678477
2023-07-31,38.53694899518378,38.56701281553458,38.4689577103879,38.5366994259108,38.53555660419731,698909.1352997118
2023-08-01,38.81114372185176,39.15260477218232,38.58700989721035,38.856236966626966,38.85734651890955,357758.8219266091
2023-08-02,38.39958572612047,38.526135214578176,38.004873351203045,38.32474555892214,38.33502187296059,399819.7900708589
2023-08-03,38.821295962477,39.05768096984015,38.70405775096731,38.80125625963496,38.79354195594354,161922.74474513112
2023-08-04,39.17843934148791,39.26743137185517,38.88709487371293,39.19462950395818,39.20758628601092,522571.37968755193
2023-08-07,39.10020781240876,39.07735862001635,38.99076177038142,39.03057270004572,39.03711977830458,349098.58190356183
2023-08-08,39.516329471862186,39.70655679702365,39.48655124469871,39.50554453048203,39.511834391816,170205.17233285838
2023-08-09,39.597204262523775,39.71345919469231,39.63420414088493,39.69358376959252,39.702737875841706,1053107.2224835472
2023-08-10,40.11860558482022,40.14549444768464,39.91816420585452,40.101086222284906,40.08970083615212,433481.7352983964
2023-08-11,39.28621596891994,39.37541873593671,38.99692364581655,39.25532612189418,39.24499143272104,707291.6295735975
2023-08-14,38.37082396537339,38.39244644284052,38.33250039622166,38.38802778346481,38.387152143820174,403904.2127989596
2023-08-15,37.71679798039916,37.89347435382157,37.62104509086576,37.71024304830062,37.70189573729122,261862.2313794208
2023-08-16,37.43666699431189,37.72805009035944,37.24170087183627,37.46920129244593,37.48744271740919,501077.44814156415
2023-08-17,37.67061079482428,38.105989745585,37.66308597393437,37.688088839214366,37.687012720345656,263136.5399906628
2023-08-18,38.34240944145699,38.38966966964159,38.07926124039849,38.274388010109696,38.27814043020986,161438.98858544882
2023-08-21,37.96803523757897,38.188423349385126,37.94575875529939,37.97241497906694,37.97604436135793,1374310.269127946
2023-08-22,37.80820561839621,37.86317512591913,37.61239277778459,37.7912641795051,37.7903053446521,164195.92341917392
2023-08-23,38.41235425837186,38.52488257253079,38.37640201638664,38.43957307034596,38.4479997450071,314061.2881876293
2023-08-24,38.73293227567629,38.80615296372628,38.58885375117784,38.6630624288053,38.67716155284116,444075.9878007098
2023-08-25,39.05878102866412,39.35641847317282,38.94487383435431,39.03351243430814,39.03047331403941,203267.79980608763
2023-08-28,39.3751531267842,39.49521567601325,39.297657513267794,39.353487559247824,39.358497846403736,268298.3878417529
2023-08-29,39.94659633567522,40.05128407825385,39.69784968219944,39.97382447598248,39.98084998228664,391512.3502765623
2023-08-30,39.68889702547335,39.82294749868228,39.65918630514959,39.7178601499706,39.72535344615881,119494.26484387885
2023-08-31,40.196229254175066,40.38449035494954,40.17491085096719,40.21744728555035,40.22106082515903,623659.9431919168
2023-09-01,39.58424150607611,39.615764311280415,39.09689762119041,39.538667627322106,39.54151565755318,338771.68455394014
2023-09-04,39.98383414655395,40.14698118469275,39.83412535665516,40.00970496430576,40.001879976345165,257402.30308937663
2023-09-05,40.31283646482896,40.52276713144676,40.17252796540467,40.32786763083973,40.3263553594982,155826.34956344037
2023-09-06,39.8530964313318,39.96582799054147,39.77472301308061,39.82930206437453,39.82236674459786,152437.67298562563
2023-09-07,39.52099938276347,39.59757985253798,39.28124954925064,39.54077418290832,39.55297373784666,289776.42904566583
2023-09-08,39.44949697439164,39.56137573304056,39.34318661789173,39.53915813747479,39.55586136171407,911653.2340653792
2023-09-11,39.75628169292876,40.06811840477479,39.68019158101215,39.73624177862048,39.74007209158372,309245.21771580575
2023-09-12,40.025933386359256,40.48687406677026,39.80272302123753,40.07771718880694,40.08678771380271,389763.1881398373
2023-09-13,40.54501915351512,40.94421937822271,40.132181552992485,40.477805901999766,40.47995204199449,225212.7160433588
2023-09-14,40.6860145043916,40.89512461444251,40.59634682066023,40.622915042947696,40.61656127610054,150388.71713870537
2023-09-15,40.11320817819696,40.12394478179266,39.94858958091344,40.07888835130844,40.06205234891063,428116.2237294009
2023-09-18,40.18686257965373,40.4192577438538,40.18416559101473,40.24015185699259,40.24692657375606,200471.0594727045
2023-09-19,39.38283569011032,39.838971474246186,39.40773079685852,39.42280246239704,39.42075972973532,285461.2296752349
2023-09-20,38.38997435175956,38.561675058426346,38.39236165925247,38.401134201472914,38.40568222001683,411758.0744067759
2023-09-21,39.062158851780566,39.19828271859645,39.13362648567724,39.14288660331252,39.16286549656657,701506.973817792
2023-09-22,40.13384018145623,40.1082079838608,39.94053261621215,40.10131248824379,40.10500486267916,317676.78189712565
2023-09-25,39.67447345685229,39.90217829959568,39.60709925844786,39.6083384419444,39.62153449525155,170786.09282089752
2023-09-26,40.55012035961813,40.7873982703172,40.41773439367133,40.53572549053196,40.52190514933872,136073.55130648092
2023-09-27,40.675429980681095,40.83057467369917,40.41792335612693,40.654714460551865,40.64406051274688,173235.80741813403
2023-09-28,39.9255700831177,39.92326321940818,39.6571557095241,39.84054246042588,39.84623229238202,0.0
2023-09-29,40.36671246879895,40.587011424951086,40.2096878867822,40.31438098508368,40.31806883683233,256246.49924054768
2023-10-02,40.13420682824864,40.1658914304298,40.05592326709223,40.1541993304941,40.14001938999412,269810.97198325134
2023-10-03,38.96775916052736,39.38081490030563,38.781991951402,39.044409427409626,39.04207664337861,126701.13584075934
2023-10-04,37.77223270088111,38.066058687670335,37.654997967164896,37.77990572274353,37.79285761914496,381177.2018797056
2023-10-05,37.55144811061438,37.714089226600805,37.401586179516336,37.5846389097157,37.59121870885146,208093.88911900864
2023-10-06,37.45608662067648,37.441299531832975,37.425973871043766,37.42805547072001,37.4163057808105,862479.9057549655
2023-10-09,37.76257129771811,37.8296916470331,37.42869667498705,37.75821174270871,37.74969086939488,109997.37246551843
2023-10-10,38.51663484922478,38.97284443014083,38.34166647097363,38.55568161400525,38.55075504653919,562239.2103190873
2023-10-11,39.06063917016816,39.18264684221226,38.81259194575991,39.08035220629424,39.09441598328875,230621.22300872373
2023-10-12,39.10567475246483,39.17010525682731,38.94870512401874,39.11037650073728,39.105875719454936,194710.86306337116
2023-10-13,39.913653220132346,40.1434174885212,39.94096642770838,39.945334491181576,39.95186146235464,694756.6438031405
2023-10-16,39.76799272118689,39.90268564504907,39.56869740329949,39.80193570431397,39.82488811131471,283236.46923705674
2023-10-17,40.47753557951671,40.77275408442869,40.43998528465465,40.51036236426109,40.517313725003085,667116.2952978913
2023-10-18,41.20900423386282,41.53372640169502,41.00880384299309,41.24034407633147,41.24884631689597,231385.23581130177
2023-10-19,40.85084636362479,41.040985637636965,40.57282613664179,40.90839227260251,40.91833215575855,217128.0686480801
2023-10-20,40.471746999153474,40.52669278082244,40.2641439538955,40.477767170877456,40.48317568763938,172907.61302666995
2023-10-23,40.525177418370326,40.46328528902926,40.18231870273583,40.42676403263427,40.43379799908304,550403.0701147391
2023-10-24,40.60150540940924,40.819544405364105,40.59864316909042,40.63096915265146,40.62546543205262,300204.03105277766
2023-10-25,40.42388314401588,40.667087519615386,40.2763749165877,40.50166271029527,40.51687925053576,542848.6886338757
2023-10-26,40.29892641350888,40.362596227339886,40.17095874098074,40.20739333181841,40.20256781939713,258400.6695095437
2023-10-27,40.40298458566341,40.53461813988165,40.37215300388149,40.42917352444295,40.41789471764918,211230.79330235475
2023-10-30,40.31941687506468,40.50408371376757,40.06246476766976,40.37426021124851,40.38276772314454,625350.7715228985
2023-10-31,41.07468834509189,41.27405614468236,41.049721257844645,41.057295562888825,41.070638863312375,62279.10462800975
2023-11-01,39.71563353484145,40.055756188544585,39.702346128950246,39.7706379281786,39.75521727381225,114331.4919315535
2023-11-02,39.697069665484655,39.805590329865474,39.57762126363495,39.69320112473552,39.69289020675353,709250.2060709812
2023-11-03,40.27875496488251,40.61939372422516,40.07880083950536,40.28218410813356,40.27349111464165,307746.70109372726
2023-11-06,40.10547657999952,40.37851187137894,39.980996196248746,40.1766051994328,40.18155945412455,246675.6784192444
2023-11-07,39.92919539130425,39.95512812162822,39.8016691571198,39.85796799584018,39.85470356474899,129486.62922510196
2023-11-08,39.718121680641154,39.94355642853168,39.67928603743096,39.74653870158123,39.74949669205908,347315.9424950584
2023-11-09,41.08040478721074,41.18011398307316,40.93155537664966,41.06911154411903,41.0757424442016,329816.0795627838
2023-11-10,41.248915139348,41.39898801328162,41.2069166005432,41.30551165770264,41.30196116837482,196574.09862080603
2023-11-13,41.096739561244135,41.28268956292,40.9053872414813,41.110112333578,41.11312395563346,132861.87481286566
2023-11-14,40.20298202503687,40.55635386938651,39.98703503809938,40.18365888237028,40.18966753986653,348587.9782521811
2023-11-15,39.89138068813119,40.00322709676424,39.8652017385276,39.92537227497966,39.92209570499938,258814.35607099847
2023-11-16,39.50647659902154,39.611764413977816,39.40115808242687,39.47354198165636,39.47120592196173,87762.19381580368
2023-11-17,39.80413233912327,40.271319042334056,39.32992751531095,39.79613192374037,39.79714170036997,404173.5287972413
2023-11-20,39.06829679843728,39.15720295180372,38.77641762915443,39.03834645557745,39.02499080785415,213386.18404510585
2023-11-21,38.854119016990126,39.1352715903772,38.71472908705224,38.90986092796625,38.92685063302324,282015.14743546187
2023-11-22,37.88647798268794,37.90827226672842,37.86096630872837,37.88590924914072,37.90126750180408,238340.43050368395
2023-11-23,38.12785591943395,38.17572846510111,37.90362272533143,38.100402314997055,38.093868858788376,161887.22791781157
2023-11-24,37.72393828312416,37.98646984108996,37.520028699794494,37.74874174859036,37.7462719682114,184359.2791857724
2023-11-27,37.72744284277648,37.87449227785298,37.71883637398104,37.72427973162157,37.71574259712307,158339.35631492714
2023-11-28,37.67426902331505,37.751592868661824,37.60444486552053,37.66541664921289,37.66261665254178,144615.2515599023
2023-11-29,37.26045428361462,37.27661493555166,37.13119105718761,37.26098590962027,37.26357569680531,398250.49600036175
2023-11-30,37.14849476931409,37.30038620272286,37.06612968664295,37.163955593944735,37.17338313269991,607259.0573468
2023-12-01,36.71505420419118,36.7725510607198,36.739017548651134,36.752992602026126,36.7567338358614,255617.09915124453
2023-12-04,37.371113957198354,37.689189835095,37.41159726335511,37.4215994633437,37.438649051296935,490227.7317363816
2023-12-05,37.40181993037375,37.51178887592883,37.41900352912891,37.459109894521056,37.46490426788107,488271.0083986548
2023-12-06,37.50939535637917,37.58695186647712,37.23162351929653,37.490820545824256,37.49602390374777,308693.390323191
2023-12-07,36.92091286716665,37.17779568609515,36.83523058508517,36.98710287797902,36.98825192145295,414790.1407688196
2023-12-08,37.61039824472024,37.66249016587295,37.572101305911865,37.61092521914497,37.597537914132914,538080.8034054664
2023-12-11,37.71650777827084,37.90653250305715,37.44793150711778,37.632495166416994,37.629105695975966,136019.68329622535
2023-12-12,38.02078755381224,38.1178211533751,38.03224848853508,38.0999254728841,38.10168550754064,267026.26357713074
2023-12-13,38.62875783230471,38.67459301613299,38.52020419900287,38.61082443707821,38.627641190728106,531190.0461243086
2023-12-14,38.71377707575046,38.86540349308091,38.72134845088778,38.81489137355554,38.79615741322888,580318.9412358253
2023-12-15,38.5670055905088,38.73468863796081,38.58259143706354,38.634037734450416,38.64120520871504,170030.2987347608
2023-12-18,39.1885794787915,39.3638263504638,39.12576054100775,39.19965340891979,39.20811225018308,83595.11557823748
2023-12-19,39.082683660081294,39.2094644065394,39.05560931617065,39.06499065386988,39.06380974071144,410012.9087531995
2023-12-20,39.42403518894407,39.57745754975711,39.07754420411604,39.35017559274588,39.35343926977638,241198.75187855653
2023-12-21,39.6187828996226,39.63378727533703,39.52135983451844,39.611111046111056,39.61067437875661,260599.60915199295
2023-12-22,39.82025213989066,40.08670670802413,39.81798096281533,39.87344295790274,39.85862592424727,382629.8876940284
2023-12-25,39.558524596524514,39.59650487647507,39.49850159002649,39.51070312859473,39.48657381783554,341756.5946710661
2023-12-26,39.37302970356318,39.478786959358885,39.14086844771185,39.301029686055216,39.31148087269412,103151.75619095252
2023-12-27,39.4787538994942,39.60462091617327,39.17003906845336,39.47039455306427,39.47334976039237,247619.9694707057
2023-12-28,39.590817562794754,39.626142051278784,39.47716224899223,39.562562630786985,39.54777055498676,198553.51794287824
2023-12-29,40.905332648190445,41.54186371956116,40.85072600046877,40.9528703175311,40.94669169515238,466291.9228523294
2024-01-01,41.579577161885936,41.71942465226354,41.216572995181096,41.57763551991693,41.59147205810567,485804.9214530008
2024-01-02,41.42922581403098,41.52747054747482,40.9447408149123,41.35841408961293,41.34577675504551,178879.39480599246
2024-01-03,41.44354311213881,41.45637370172571,41.403567700320906,41.4219498711897,41.41897318005685,193249.70309512364
2024-01-04,41.46934352484293,41.51527021004481,41.46371328483685,41.50747832778393,41.4942114299141,158883.07810162535
2024-01-05,41.96712814018241,42.066072059314,41.66986295604229,41.96669356289636,41.96381587884479,286718.94505878945
2024-01-08,41.7388015309695,41.804372811108806,41.274917730420455,41.72628858603432,41.74809103190118,280627.85098546685
2024-01-09,41.33326161890401,41.4163963634461,41.239596583098376,41.29598495069711,41.30377958999633,298291.4101801068
2024-01-10,41.24504879852639,41.45909281515048,41.215350426708014,41.2611484763958,41.248401419144194,165110.330742362
2024-01-11,40.44422100033695,40.46851342408035,40.37628929436248,40.39250496858692,40.39107575247637,258442.6214558437
2024-01-12,40.82004243947826,41.06310156513591,40.54566914570931,40.86933032255889,40.87499396019902,190855.3837794588
2024-01-15,41.04858319902124,41.28155278259396,40.97908232741624,41.04188024736202,41.06015637658147,522562.2795152668
2024-01-16,41.21690982471681,41.54440810399085,40.99282403312221,41.200516871098586,41.19101704457117,739555.7767745148
2024-01-17,41.92186892813752,41.95728400126072,41.80241453794201,41.90081105513493,41.90298400156435,356513.0979215181
2024-01-18,42.23164850146768,42.51692735317423,42.07481459384487,42.25143554180363,42.2408794731029,284416.83050795697
2024-01-19,41.88638456718255,41.85619882132574,41.83956353060304,41.84577679800751,41.83457525616426,652415.6319122246
2024-01-22,41.51069080706161,41.62457238192455,41.40501056027171,41.45839869593984,41.45867468957891,183897.83906782497
2024-01-23,40.59007123795901,40.881355280688055,40.18980897530408,40.53229268987592,40.5131304392381,259391.94855905528
2024-01-24,39.95567416522508,39.96220568458493,39.923599482644526,39.94253472818971,39.94721019633404,652025.6324508984
2024-01-25,39.76219549196756,39.874631923071945,39.693044020852845,39.76556117355807,39.77886011534428,242864.09374350688
2024-01-26,39.76869869781971,39.78663197822273,39.72877583082829,39.78154256441606,39.765470952154494,218761.9949212008
2024-01-29,39.75620066796713,40.30459367468316,39.72728794087875,39.753470764916486,39.741725204903325,200023.1762399496
2024-01-30,39.49482076125187,39.564698112865,39.3652832236525,39.4655786017723,39.46577728642061,275687.44139964983
2024-01-31,39.96591388938978,40.047625073434965,39.86705055064465,39.9534112349978,39.96672199569516,314686.8169478716
2024-02-01,40.293926782778286,40.377711642946814,39.99743235044916,40.25203227505138,40.23595036546899,200301.7574444437
2024-02-02,39.842518456545776,40.04253542685372,39.55929792945106,39.76665537674481,39.770863022712966,149297.07498946326
2024-02-05,39.30649142495391,39.31691468227858,39.25877622706398,39.2948172149634,39.30172605475176,124285.54178927292
2024-02-06,38.74303732911676,38.88621398351616,38.43143172701048,38.69469088583157,38.69072057872813,209085.60681287645
2024-02-07,38.46904590912194,38.67367629445974,38.39989590992707,38.51186647093394,38.51684642852269,209494.02465533625
2024-02-08,38.55444325939641,38.76651651947742,38.52222892951979,38.55066631395942,38.55105880076724,172301.32180878962
2024-02-09,38.744295537256285,38.77723860312713,38.64300734192874,38.731348509776,38.73851762375558,225978.86088440323
2024-02-12,37.95489884082249,38.13333917227047,37.51978019608413,37.94838201016242,37.95376847459749,310270.9358850105
2024-02-13,38.18464254729394,38.32150592046049,38.0696453935325,38.11464987454417,38.11384270856048,397633.7393870634
2024-02-14,37.72444310064616,37.87665483382615,37.47686709574264,37.768866246142046,37.76549612628277,1266208.9105184297
2024-02-15,38.41800050661667,38.443390316703336,38.14066658760963,38.36790886436928,38.362863839291926,485185.7531626816
2024-02-16,38.09836112427622,38.344225539372175,38.017022562431045,38.07635984341799,38.08628925643933,449988.87780375103
2024-02-19,38.55609369423723,38.81621158848811,38.28248358117387,38.5470495283088,38.54246179493777,338508.8783856221
2024-02-20,38.0848830774859,38.41115736293308,38.06288613220893,38.14758291338291,38.15512991563221,212640.07056292103
2024-02-21,38.999215928335694,39.26976487837993,38.92540418442182,39.01293479897199,39.01265561274827,136588.3406564875
2024-02-22,38.954342584686415,39.18187359221647,38.86975751191172,38.9030856588905,38.88598096702548,271804.29930452467
2024-02-23,39.34273598653758,39.347716685873074,39.24516051614899,39.32772477768539,39.322926821766096,150669.5663858879
2024-02-26,39.26017853439662,39.308514568283904,39.21150281168725,39.30601652819855,39.3044034432259,100776.61697494295
2024-02-27,38.9760361004387,39.11938941436108,38.80760467912203,38.95133144388917,38.94264286783074,211886.7435870802
2024-02-28,38.97443717586818,39.24338950884455,38.94392495623587,38.99205881860383,38.9936526143481,314714.0727973277
2024-02-29,39.509541166683945,39.73950638184735,39.44113740250603,39.51938504484257,39.5338663515652,655314.4335459343
2024-03-01,39.33416780003122,39.5577621760213,39.12836527736258,39.36179391394738,39.35847051176629,131217.87016975292
2024-03-04,38.55034842211003,38.8949335556738,38.52512096514456,38.57540124495076,38.56823515550459,642151.5617145647
2024-03-05,37.42501819373775,37.57692658599319,37.36229935453707,37.46508777672053,37.46762687809341,92956.9714531792
2024-03-06,37.515947571897605,37.95680833030195,37.54015760556096,37.57282107112733,37.55536240509526,365569.0515168338
2024-03-07,37.56149193774438,37.57117300302797,37.26763778348295,37.55068173607973,37.55446197382872,326250.3576938605
2024-03-08,38.3377397126048,38.66204671147052,37.92880105992042,38.349858974809656,38.3567423774379,167793.89152664473
2024-03-11,38.50214544785528,38.722811565116544,38.37320141209751,38.42348382776624,38.43336268620301,364280.5627994491
2024-03-12,37.88209759738314,37.995273025808224,37.35715171206236,37.87943790351121,37.87729288525909,94986.5593123436
2024-03-13,38.79301619578438,38.92476000068321,38.74641962412223,38.754569571497065,38.75985218215588,267233.05501951155
2024-03-14,39.03083685478505,39.35584092652296,38.97903832108925,39.014356049469065,39.03599803847443,65114.42984542934
2024-03-15,39.54170844303108,39.631332015017946,39.42821338263502,39.524830287000775,39.51813238429126,170928.7692109262
2024-03-18,39.34427539276,39.479042869383086,38.95756827213932,39.33948695823048,39.35048997692656,73806.12853168188
2024-03-19,39.68114104155178,39.977260086676665,39.534810139897886,39.72141791311712,39.73004932225646,90379.7844791566
2024-03-20,39.62762593918735,39.68758306175149,39.477715454759725,39.62085715965215,39.60456860231672,84670.99159394155
2024-03-21,39.57419572662872,39.84343346300181,39.551525311642536,39.57246736602861,39.576606354456985,192955.0869959179
2024-03-22,39.42914858335912,39.62282482990328,39.28713423989791,39.42095968806643,39.42472188914484,122515.8222566331
2024-03-25,39.6745927627884,39.83073045912876,39.55925659700845,39.691429956991165,39.68516102325286,84513.60658867829
2024-03-26,39.459704468424526,39.64257253587339,39.47953818437148,39.52550962698971,39.53233603687256,235411.21098872492
2024-03-27,39.25467896732272,39.34707982361198,39.213631335488834,39.24260337515728,39.24258013318922,167554.67637680782
2024-03-28,39.96106916052722,40.04770851291782,39.72187965929202,39.9640548255857,39.93471788920074,355416.80817585223
2024-03-29,39.23797418152351,39.35071128013451,39.17139578368265,39.24194582889674,39.24063000202687,305710.41721242125
2024-04-01,38.65353330799284,38.79064538140785,38.349787064252425,38.66006363732424,38.67063877895233,376283.0825129486
2024-04-02,39.34540395803074,39.5210530694675,39.06432174146406,39.31424508600035,39.31731548195715,546748.0201449272
2024-04-03,38.82259531568943,39.01014833810193,38.73206803340434,38.84920071754665,38.8540947766424,285157.47345158696
2024-04-04,38.22426573887204,38.438915735963725,38.0559849076481,38.23470067431891,38.247689726828206,992872.8496849044
2024-04-05,38.07483499932316,38.23107844133458,37.84525830377636,38.12561907567919,38.11736296975282,476128.9507995959
2024-04-08,37.570879683511215,37.97640270211773,37.55248092404078,37.58793857029914,37.58926387007303,787641.0057170503
2024-04-09,37.07464350543466,37.24305486747559,36.95504480543035,37.043568532542565,37.03336015217969,130398.43627806164
2024-04-10,37.46398560172502,37.600032203392,37.33784196602651,37.45280157018566,37.44548631325088,452968.5717940709
2024-04-11,38.00219096178772,38.08360505388866,37.84754249477238,37.93230178753949,37.94876260309713,457777.808084322
2024-04-12,38.08675573926825,38.34964453833833,38.11050022535469,38.12510034066693,38.135469321306125,81122.85874561808
2024-04-15,38.43095405299594,38.5729613456957,38.37932636474975,38.447587182979625,38.43357635124132,516964.5438062824
2024-04-16,38.69417194708832,38.707934899466046,38.45101333825864,38.64028037101248,38.62180503472047,150456.0201926751
2024-04-17,37.59642416785413,37.66315038091822,37.55778126518841,37.59590636771806,37.61331767253288,257226.2774541266
2024-04-18,37.58793221768447,37.71480680676889,37.28420476104789,37.580539266174185,37.57091252638456,610815.7654963789
2024-04-19,37.594727510304,37.80406722914972,37.51460716553402,37.58389589294896,37.58294831303122,128869.83316849062
2024-04-22,36.910899425244,36.95880179781636,36.835098785995015,36.86612898030332,36.881770625857584,114971.6588727408
2024-04-23,37.24396636860407,37.55804002580789,37.19712612322996,37.211460122328354,37.20579895912101,225998.07782691423
2024-04-24,36.9563435976139,37.20103906905784,36.761879816390376,37.003723651564925,36.99791197674486,190626.4539388881
2024-04-25,36.59366372259765,36.67103123714925,36.38492579201517,36.646087287682846,36.63783887452742,308934.02763593086
2024-04-26,37.37349712617047,37.35137902185497,37.14962347338312,37.33371320490158,37.32629913480212,320925.4346526625
2024-04-29,37.94617100841718,38.10429124255144,37.64924573362386,37.92888337416311,37.91906917582159,202544.28931305747
2024-04-30,37.61417427723482,37.63557102197804,37.31265352934375,37.63180158575837,37.64736281743409,232240.8667500376
2024-05-01,38.0221354357086,38.09379213016815,37.90439326987703,37.96926127210381,37.98930659242381,70631.26223645348
2024-05-02,38.30233985818799,38.31876615266304,38.16951153323704,38.27730846845605,38.25793496577175,218517.09224331088
2024-05-03,37.39588181711824,37.50869720521361,37.32871315174868,37.39504399161558,37.39828188426267,584805.0472235944
2024-05-06,37.36965158035514,37.50133889581845,37.070484763691695,37.37616820470186,37.374168069557946,150431.91957089267
2024-05-07,37.53284959929188,37.69443954994987,37.55276277035928,37.57092190123846,37.56518251258343,154109.11218626017
2024-05-08,37.63316928664728,37.69240115743656,37.63556274701304,37.684817178885936,37.699103159331806,132135.53212963138
2024-05-09,37.19409218296956,37.40419160258325,36.9074852191381,37.20603264406592,37.20152148200344,491465.38283744233
2024-05-10,37.28970185467873,37.51684658408764,37.08297631412291,37.22954948266294,37.230406421434886,148677.08808293362
2024-05-13,37.10140225018073,37.15559640129637,36.979221132376296,37.11814241498271,37.1283541478195,587394.8118976752
2024-05-14,36.98610966969354,37.1018538457174,36.8163120290041,36.97762277172343,36.96832352583323,58418.797837876926
2024-05-15,37.16087710673847,37.254561767576185,37.08826231331204,37.19668877379192,37.19938881174591,221484.1374101033
2024-05-16,37.363946255173886,37.57234137104155,37.3746598872145,37.375867260922334,37.38394253820097,104039.14326951189
2024-05-17,36.89391318797309,36.92921782682602,36.69595902795423,36.91599264743429,36.90815833971418,421539.3316032973
2024-05-20,36.87464499568921,36.99615606595696,36.40359399855212,36.90830941090383,36.895111171137046,453640.18638099456
2024-05-21,36.11571694465367,36.129771319605645,36.05251627729199,36.09961189838622,36.09754182487751,821060.3572325186
2024-05-22,35.79650731343537,35.82680800808534,35.710047176093255,35.79850206010679,35.783335545878714,749629.0948181927
2024-05-23,35.406310259437724,35.57032067756741,35.364677102085,35.4491517207749,35.44420593182845,203660.8133039602
2024-05-24,35.45869995540386,35.517037976260326,35.21845551756223,35.43068546234719,35.453655180433906,410902.6335954863
2024-05-27,35.794196796089764,35.82613474710863,35.31968580896704,35.809753459877534,35.79736322478959,270169.3335427258
2024-05-28,34.924730065851634,35.05600620479888,34.82974026243233,34.973803009055246,34.98192842396562,195039.69240749849
2024-05-29,35.28363178687231,35.47010256209092,35.23281097335234,35.298549780306146,35.303405575580854,188355.87021540388
2024-05-30,35.709113706318,35.84943989314498,35.598239514953164,35.634508963290806,35.635773848841296,352157.7663262633
2024-05-31,36.88091435349606,37.00047321472706,36.83610204354939,36.92164147549476,36.92064561307159,161385.32331686708
2024-06-03,37.34147017682907,37.341715087578486,37.32635678104262,37.32990349975486,37.3479504843092,227499.2497194025
2024-06-04,36.34820597769863,36.55056854133706,36.28635951118293,36.33419617428856,36.3435302141269,199631.82676396324
2024-06-05,36.18597992138921,36.17769303880117,36.04375790006226,36.13598036198852,36.14997335328769,70719.57143485041
2024-06-06,36.03870194662096,36.30937941389609,35.85207096474732,36.04959988136802,36.04068729365935,305669.3373948645
2024-06-07,35.61431354543802,35.69140890172209,35.578965974563275,35.6151909606559,35.61000829753766,83051.72358357682
2024-06-10,35.665222891618164,35.79762043885497,35.58895400224359,35.65754552072939,35.67221913350063,520692.2647372218
2024-06-11,35.35584234334788,35.49850107529959,35.249020532747664,35.35726007809268,35.378032499801314,206208.1659590901
2024-06-12,35.319749503499295,35.50267381774306,35.24487119006631,35.33247837735766,35.3264172131577,506026.45397458144
2024-06-13,35.60447475666993,35.819620898194366,35.442634732188225,35.70969674865741,35.722132894865894,274191.3524781212
2024-06-14,35.36725494644617,35.507743293827865,35.346925277558526,35.38923452883632,35.391252599733775,160999.71579747903
2024-06-17,35.0230479542562,35.440992483607126,34.921986421889365,35.01035567246344,34.98112531389082,353447.4473059734
2024-06-18,35.2919832928254,35.447679502887055,35.23577624025364,35.2534365103526,35.2378911125721,336922.1099578161
2024-06-19,34.71727030916547,34.759041504127524,34.681874504995484,34.735220738936846,34.737884695785795,176533.11886822406
2024-06-20,34.76181880013837,34.9790286278489,34.5375359095943,34.747289508834726,34.741464886068854,300868.12087451
2024-06-21,34.87307231378451,34.89565434980038,34.81952475421161,34.88609907598329,34.898640262450606,209539.847649704
2024-06-24,34.158398516732944,34.35843804792049,34.14104371381467,34.16837611483979,34.157415490395685,406249.58346598665
2024-06-25,33.54524406076026,33.53866524836871,33.41517707493791,33.523289942003395,33.53427806013502,169092.12872361983
2024-06-26,33.40071314988727,33.53131100775544,33.36166735102533,33.471173076997765,33.48513141950631,317709.6920328934
2024-06-27,34.13248894196292,34.3030821762724,33.96703269023921,34.1885262240921,34.19336491592047,318652.4817092833
2024-06-28,33.559526958866385,33.911232281506315,33.374564525955456,33.5930351141436,33.59093253418395,365700.9420950224
2024-07-01,33.43229601360051,33.68941816309954,33.3046721029841,33.44480218428006,33.43525943506518,389302.21491085377
2024-07-02,33.41757980989591,33.3919127475053,33.35717828759511,33.357319354846354,33.3543866367102,151741.27640614085
2024-07-03,33.04071600312258,33.10491831345875,33.00267732709005,33.05095432843119,33.04792953156441,427051.53539176926
2024-07-04,33.54218472298041,33.689121913914015,33.56238364949529,33.56580159691213,33.56064782432162,309927.9031712073
2024-07-05,33.61849945996291,33.66962960251949,33.42014749350182,33.598785499596715,33.59082502011247,447726.1663836976
2024-07-08,33.716434721245896,33.77780217932572,33.59550533632043,33.75233134381247,33.742364817901475,264705.0659404135
2024-07-09,34.52702614975461,34.70395238282265,34.46671852289741,34.56686777973831,34.57082966611902,187655.26810369748
2024-07-10,34.82540694048915,34.86298991360403,34.69862796084479,34.82442389305391,34.81743228781663,418495.2825519834
2024-07-11,34.73656268179436,34.81219144532007,34.53331818889902,34.761191526581186,34.766302981961054,192457.9855098921
2024-07-12,35.11839852174066,35.270391348231875,34.804563113616936,35.0990926070426,35.10127571930069,949558.757112358
2024-07-15,34.24471918717241,34.35615860883648,34.10080866536581,34.21705176276142,34.22004933831302,322652.3769480717
2024-07-16,33.66348080528005,33.791994437021614,33.669473351264166,33.67470583326162,33.657129576468826,164861.80037020953
2024-07-17,34.535552366878164,34.494576692363175,34.19713812334638,34.48682728012984,34.4926642791572,257134.723658766
2024-07-18,34.94758185157213,35.00950040352224,34.7319262222418,34.95115634207362,34.96245249149519,232413.2147230573
2024-07-19,34.97424356147451,34.97980079868617,34.90768743607831,34.95153556107824,34.9420060058124,197381.30664504063
2024-07-22,35.57956671844495,35.79159027057816,35.51656549201667,35.6026363371705,35.60565165710904,144349.19511680963
2024-07-23,35.49532642589634,35.57795711070672,35.28184760119475,35.458773161719805,35.446772687062015,406848.14302990696
2024-07-24,35.70895383988409,35.760894647719,35.48040310743788,35.66191047430922,35.6520376060639,142407.74503569002
2024-07-25,35.40129046011022,35.55278026023216,35.341493863935305,35.39170335865855,35.38531874285485,249228.63801768213
2024-07-26,35.77868086880346,35.877308746745946,35.51626069065969,35.80514413671359,35.8074059395339,535536.8058432547
2024-07-29,35.36050583345654,35.54146667631348,35.23083133802315,35.39122974868818,35.40359114056947,293067.1617914353
2024-07-30,35.11105933791083,35.1291821636561,34.968596982324975,35.10298855433703,35.09442313322736,136513.36192723986
2024-07-31,34.98239939367963,35.04899624594278,34.52853806418084,34.96907623877354,34.96788285415146,653282.7591695696
2024-08-01,35.0305597688258,35.1607412828771,35.06080971470599,35.06288794631389,35.057076286271986,228495.6493419429
2024-08-02,35.996550527559,36.38568785383828,35.915990798935674,36.03651436404586,36.04487769940563,374814.689024416
2024-08-05,36.426696806518684,36.51821616468415,36.1872067941011,36.35421681457235,36.34326903212988,421467.097843602
2024-08-06,37.628239366632975,37.77982861288193,37.53518593209428,37.59260919162837,37.58520161219385,581906.3589858923
2024-08-07,37.249645445644106,37.583734445599816,37.28720301294784,37.29232978746624,37.293534703571375,426318.7644102534
2024-08-08,36.704800054277605,36.71211269282013,36.11249016284663,36.64595477169617,36.6350940193098,153261.79871497097
2024-08-09,36.86071600686296,37.38732608136075,36.765159802187824,36.92236620984672,36.942714205514726,494590.1212098068
2024-08-12,36.58759933309666,36.62573340797867,36.46259411758324,36.58592248794531,36.588126489672646,88856.5929149031
2024-08-13,36.17610229054685,36.25069073678731,35.93437562060563,36.17562484897813,36.17363450231856,257522.8402457914
2024-08-14,36.32000619746291,36.53624305102093,36.19443686338743,36.32541956827725,36.330643413538425,153289.7635793478
2024-08-15,35.55561622070025,35.88243868764051,35.49517220545206,35.596476246358954,35.58239318145486,183328.22826804605
2024-08-16,34.666729340988226,34.9164605540793,34.45087041244876,34.65969435189235,34.655395296390026,362918.887688492
2024-08-19,33.93937913520218,34.06024522815415,33.822614708870965,33.92838526457647,33.93741953604317,323916.12000201363
2024-08-20,33.87918562992874,33.94116724582373,33.67852405360295,33.88064311818644,33.87506268587629,197067.7016932211
2024-08-21,33.39562144926365,33.486129677803866,33.403348447208565,33.44269908234451,33.43689069823557,123790.14687126083
2024-08-22,32.989821884455644,33.11179193441724,32.9043477041513,32.9728847108163,32.96977765192571,102901.76805498471
2024-08-23,32.67811120333223,32.75674844450396,32.459772273292046,32.723319852982925,32.71551637517972,397687.274942792
2024-08-26,32.244715432732214,32.3495032729243,32.04877114925632,32.283555435590266,32.273518707975384,136954.6210776091
2024-08-27,31.742391985686,32.00822460645182,31.44104997256042,31.75121580356146,31.748878027534428,366053.4034311515
2024-08-28,32.52976668713658,32.640904880934016,32.47561925311555,32.54824790909783,32.543981706218375,143336.9461121642
2024-08-29,32.528341987970855,32.576232934477176,32.52781194955988,32.53148397242709,32.52950681639541,220882.5172775277
2024-08-30,32.68601086343587,32.728748963421964,32.664035904840084,32.70867869940958,32.72043593918973,246280.12174782995
2024-09-02,32.63412415371976,32.70405761672038,32.55241505204279,32.61492669210616,32.63286930409899,336109.1438061344
2024-09-03,32.32175868926775,32.41233050357113,32.09592818299672,32.27806210289848,32.27611986089405,384655.87178006576
2024-09-04,32.0085479338354,32.13256326541189,31.95254264314132,32.0539998123579,32.06014180689508,851709.4171429448
2024-09-05,32.60403904067776,33.12332237748382,32.57725671121449,32.63494243528455,32.64429360350892,361349.4121721275
2024-09-06,32.73213003151099,32.84848261351114,32.67948927314181,32.72169234735219,32.72600577319873,77144.72763495153
2024-09-09,32.095908057445094,32.346078344483125,31.907076088129884,32.11451276229804,32.12173098708605,313076.0131625555
2024-09-10,31.346318495817293,31.38237539246401,31.248459902411245,31.37515950021802,31.36849842582589,855072.4273409008
2024-09-11,32.1231449772128,32.33588224214075,31.79742252262652,32.09624907102895,32.09907492785801,481526.07842284
2024-09-12,31.74679309057261,31.768118540970036,31.43920472030611,31.74740353648505,31.740527249256232,261069.2561930817
2024-09-13,32.339889783118856,32.50355199025417,32.15325556708705,32.33307866866585,32.334619151239686,146058.27586394368
2024-09-16,32.55468215289292,32.79192981755398,32.52323934326382,32.538606917060456,32.54247312152274,96620.3430390258
2024-09-17,32.16455722164799,32.223264273626114,32.084667302411304,32.221987701970804,32.2254841788801,302194.47751214984
2024-09-18,31.12418186347232,31.19967499263669,30.999094984103763,31.153582141004247,31.15199435928673,379933.45901823015
2024-09-19,30.774536721735043,30.74633306283732,30.7355379709474,30.746275245982112,30.74743423834325,141829.4148255741
2024-09-20,31.17350522135138,31.35588325523926,31.01666153731553,31.113819742237197,31.108551858108218,259217.13531973632
2024-09-23,31.619945229820424,31.824307771483586,31.455845668922034,31.61512805226524,31.610998068327977,187601.5312540448
2024-09-24,30.713065085328164,30.815155152846614,30.683603630466383,30.712366499916648,30.70944851516131,263898.21171156707
2024-09-25,31.027827300506093,31.073543089802037,30.85372530304647,31.03928533974644,31.02811947639878,220803.7857143545
2024-09-26,30.49818075661387,30.548898839923982,30.29587299793768,30.44982937409717,30.45489624065775,510452.8040857984
2024-09-27,30.322404459325867,30.44106799490103,30.05406434550293,30.257997426150936,30.249761316619377,189072.3451741332
2024-09-30,30.58416214134717,30.626931904971933,30.47175079265252,30.581220151245724,30.60042254298212,468853.30059179175
2024-10-01,31.08262631556388,31.216558404469108,31.038898252146552,31.06541573302225,31.070907699744986,333128.5072889372
2024-10-02,30.389737574513624,30.458098327096423,30.10800246405531,30.41487243448079,30.39596649575319,413411.02294011344
2024-10-03,29.97052441019129,30.093560342633182,29.805149981648505,29.987582102178056,29.97863225978487,195264.0256275332
2024-10-04,29.69116267413054,29.71981539702731,29.61361820794994,29.627286945526805,29.640735261539863,524998.7321234677
2024-10-07,29.727523229946858,29.868794263953134,29.596915318917805,29.71307659921536,29.720736720169437,312519.5689143408
2024-10-08,29.732421092467412,29.766089247825228,29.705787654686723,29.711504154114365,29.71446152548651,270346.2733151397
2024-10-09,29.133307438349448,29.377063298999165,29.030883490627332,29.103802375963166,29.1092652769514,382601.4616798536
2024-10-10,28.498767914068463,28.60073300577636,28.418479607897243,28.47835969106624,28.477586015574023,177474.1035091035
2024-10-11,28.340393327170432,28.59364000065244,28.31103046705009,28.339357387792568,28.338772150511808,459414.6328386222
2024-10-14,28.11390345908109,28.21587752043081,28.09143978995026,28.124545519770244,28.119035300981384,171693.67104088492
2024-10-15,28.184605108767688,28.33441878624054,28.15776222179161,28.16092489353867,28.160024776300304,0.0
2024-10-16,27.485490088806134,27.56059766008871,27.30177532748309,27.47883959810754,27.480979040626025,177127.31268421363
2024-10-17,26.600520796100053,26.97972134211171,26.5302505205051,26.642467264689063,26.64573983473229,453147.6373004117
2024-10-18,26.34139040641231,26.370402501458077,26.249585377507724,26.330134759909345,26.32256950044181,326668.14691066736
2024-10-21,25.39063394509875,25.42583997526582,25.267614349118507,25.38945803111376,25.388977327758614,94978.87548228458
2024-10-22,26.09260283286934,26.135400293673207,25.829222208982568,26.03969400184578,26.045323577925537,172420.8325811823
2024-10-23,25.86741046888065,26.157335345731045,25.899464402936875,25.90631209973749,25.90632402193232,1948246.4749309383
2024-10-24,25.74874817129469,25.791166226573488,25.63856339688277,25.733097439482957,25.74057274603619,311505.57406015054
2024-10-25,25.15547459604399,25.13539664344346,25.03154579937445,25.12415937817129,25.1319571515089,383997.4777046024
2024-10-28,24.806585822356105,24.85189060542654,24.801692530223164,24.821218555551287,24.816397145635875,530958.4456498872
2024-10-29,24.74883562417085,24.78206630273092,24.51899491626496,24.720991318673025,24.7210134619642,388900.4339401842
2024-10-30,24.73798356223617,24.726580040261062,24.48549338308577,24.72439839096298,24.718479228543124,233395.8661958127
2024-10-31,24.854416469152856,24.85569744407192,24.570476871721414,24.841351254161854,24.83792407510038,137141.34575804498
2024-11-01,25.16009747257157,25.227664819305865,25.040935025352955,25.15546989872552,25.14948911484524,589433.9088541318
2024-11-04,25.227480706020835,25.277189582268303,25.093601109389738,25.238339270595468,25.236273493457304,952452.9916031548
2024-11-05,25.554810983012203,25.622706004213203,25.485875811879858,25.54632448388552,25.55154029171339,230383.05860810247
2024-11-06,25.091042493854204,25.112349237368967,24.910244422448315,25.106453090205303,25.11426250747386,664366.4219391722
2024-11-07,24.673061726477588,24.76023411839052,24.53414803530056,24.686358982341808,24.690303525603053,683890.5894376033
2024-11-08,24.535495407107295,24.730914319784823,24.3546956061395,24.545306610114675,24.541583773686813,135198.4482398081
2024-11-11,24.87589517843451,25.081488933154212,24.88197920411092,24.897745438103065,24.893381154895334,246733.7668135613
2024-11-12,25.0625447205204,25.13417399666089,24.99517875603104,25.08323704717749,25.089326437636352,499564.3060834783
2024-11-13,25.051476379925013,25.08913068406953,24.97394594220805,25.05302221088948,25.04625517706185,199797.11167236263
2024-11-14,24.663290485948902,24.689994370053185,24.285679791919986,24.63741517708081,24.635863061658107,149258.24713321347
2024-11-15,24.607988419227365,24.69742651275745,24.526393865722238,24.5925687221596,24.600499263859284,197367.12755891337
2024-11-18,24.29812209768693,24.308054602800024,24.201503035891275,24.305398818570115,24.297735426138047,263578.9539366225
2024-11-19,23.71079191636997,23.707622531739663,23.695145053687504,23.70285479855336,23.70066559458585,276691.26601042214
2024-11-20,23.83320220923705,23.978814809347494,23.75400768876436,23.882406921369704,23.875989291399343,561563.33525386
2024-11-21,24.16120306359233,24.42048065070275,24.13827975611414,24.16831060666716,24.166649151582675,201919.23901188883
2024-11-22,23.987373773686706,23.985228989808345,23.85957557029581,23.94239781438937,23.92996718923033,235286.472469764
2024-11-25,24.465316712303004,24.45574102423845,24.40117888079405,24.446321664617905,24.45276327911532,209068.87253574413
2024-11-26,25.026440827275565,25.031520115999744,25.007270352084436,25.02046036395097,25.01868363526283,311184.4106805032
2024-11-27,25.402057910898,25.621818947073137,25.371989764484592,25.44031420600157,25.443276253685177,291003.70574085764
2024-11-28,25.668192508515578,25.757578206544505,25.61103819228752,25.619422482609068,25.61335889754511,172956.41353070823
2024-11-29,25.379228710609755,25.53976733791121,25.378426131542824,25.39854835733096,25.40196683697781,173503.1955716539
2024-12-02,25.829938716945744,25.90762967130545,25.49380424079328,25.81982295899188,25.814630626459824,215047.42263901155
2024-12-03,25.18859516783905,25.24177587233737,25.08884244556003,25.162272840128864,25.1605410984308,99145.5569771205
2024-12-04,25.306171791212865,25.431453277592396,25.27499372336745,25.296110353206675,25.29657042296603,222838.15941481115
2024-12-05,25.12423577724573,25.256485048368493,25.055427684120023,25.12622573973043,25.128468937779207,199533.51314237068
2024-12-06,24.885706374121877,24.99827522091315,24.820926560751047,24.853532121219477,24.850971624409706,453298.1338235383
2024-12-09,24.97236916159886,25.06897577797342,24.80320708685911,25.020517800836057,25.02281936427587,133076.88169001043
2024-12-10,24.922634001528277,24.995482696845954,24.81622254666146,24.917691320390805,24.918360189547634,296193.74864420143
2024-12-11,24.960059591493263,25.037666790425558,24.879474300294497,24.950669884399176,24.95303661990077,457184.9033381823
2024-12-12,24.74871486422315,24.93951462337647,24.542284401248818,24.70649501536133,24.711378834905805,250332.84813562696
2024-12-13,24.222682779723367,24.24559753601806,24.19937772023703,24.211261818875677,24.20496209334416,259850.9478896024
2024-12-16,23.59897376776812,23.58259743590409,23.480704124887293,23.55771474920925,23.5561157003796,131923.26567217466
2024-12-17,23.993257287878365,24.230791390147942,23.89688760509026,23.966200543640145,23.96146416517199,176056.4982360665
2024-12-18,23.742786701911648,23.75827963996059,23.675655402781263,23.717690673032457,23.71814663919892,757762.4863221195
2024-12-19,23.330138986110416,23.684677286005645,23.24759049999136,23.368142709371828,23.373690158756013,182784.77002197024
2024-12-20,23.752706779815814,23.86205443672104,23.69229247648345,23.758346207676123,23.749319024485555,176059.4264185762
2024-12-23,23.210979472592197,23.29673610171876,23.16612037206829,23.218884419803512,23.21864932703806,159190.06745115758
2024-12-24,23.56904773032237,23.570897570351004,23.42556569452472,23.569148402171454,23.5766938468847,559628.7291780211
2024-12-25,23.484328437104843,23.507012583158957,23.317236227730927,23.4876760280747,23.48987816105239,370435.6970531696
2024-12-26,23.84747244958361,23.929428466779083,23.874795795515062,23.875838147797925,23.8809277763928,80746.4256981714
2024-12-27,24.25052881236354,24.26176762449642,24.203897593190348,24.23648394545636,24.22689532389338,79799.45393619973
2024-12-30,24.339584342226164,24.37754548996435,24.222278032172504,24.29541889535273,24.30194962796188,252509.66496460373
2024-12-31,24.52206601650897,24.53428441398877,24.412156260528626,24.5222848359684,24.52372137917581,148458.09727764962
2025-01-01,24.21875577072337,24.28605797558791,24.11470160798936,24.27307092384824,24.286838268444797,139071.05408174585
2025-01-02,24.349015641775758,24.327483111701227,24.23758328406861,24.32517258657616,24.31983118288472,537402.1982871273
2025-01-03,24.91027449668137,24.913563300177938,24.86937466907577,24.880543575980745,24.877488413045874,254358.74038944527
2025-01-06,24.518026056813454,24.676053979483424,24.366203303498647,24.53901025215957,24.537901435596677,184911.50901299645
2025-01-07,24.714045705210573,24.781197552303684,24.666524880415885,24.722281650686643,24.719029151035027,321669.4092647284
2025-01-08,25.38147831868038,25.48442590524913,25.26893653418292,25.39974801094451,25.40854828573013,149803.25880907985
2025-01-09,25.846265048733517,26.093972827407285,25.82779431821158,25.8601579795432,25.86402571813105,291682.86961315933
2025-01-10,26.14446074268286,26.19279323870088,26.08407000124286,26.15318564351576,26.161520733608864,484443.64403406496
2025-01-13,26.22092039827272,26.32560928067459,26.145762169822135,26.20279538592005,26.19191503369151,253650.47146708355
2025-01-14,25.601806064674104,25.664495385895798,25.636931528134813,25.639750686243502,25.644240809349423,185565.95411839848
2025-01-15,25.434131719465928,25.609919422721173,25.38386979132869,25.430395249164263,25.425388461151616,137728.36736181114
2025-01-16,25.162548103656373,25.16311664607708,25.079330403851,25.12140032010237,25.117234529839635,1122541.1467489034
2025-01-17,25.38539887231335,25.46571251507182,25.188991217641163,25.375633059730117,25.365863973980037,130693.53619246092
2025-01-20,25.45342813342934,25.56988854750509,25.21413984326241,25.41091251234461,25.413250988998225,764820.9940739231
2025-01-21,25.38445756233214,25.41226312622986,25.366094839460608,25.39815551099419,25.401620395288894,152600.65666216958
2025-01-22,25.646923353871063,25.76234795630493,25.51189123117584,25.68018908728601,25.6713471392954,158228.96300676628
2025-01-23,25.10669858790856,25.205032349097312,24.996759177725632,25.0962616708841,25.10458396639161,86102.39621129699
2025-01-24,24.67174009439993,24.819064429333217,24.555861086345597,24.680933112675536,24.680214298027582,264399.8861174849
2025-01-27,24.53194588852379,24.58332202001069,24.4283090073716,24.57295447237711,24.579703463498028,594829.2134874098
2025-01-28,24.81425449706484,24.85943701681568,24.658572676146733,24.804313526919007,24.7993869966445,311761.8145995524
2025-01-29,25.04618963623337,25.15568276800873,24.900810321122908,25.07864440208908,25.08095780423718,200521.00085868852
2025-01-30,24.94510490279288,25.09013417753496,24.7927198586233,24.953367298223156,24.962392117023317,431407.6854386271
2025-01-31,25.01704706491272,25.03607407045563,24.96868928732989,25.004278507035664,25.0188125777717,195118.3390849112
2025-02-03,25.237432754165567,25.354394512632457,25.01749512676572,25.229929446272774,25.24758355660697,145587.15546789832
2025-02-04,25.65747517771087,25.77270990716027,25.712730563739523,25.72798132661017,25.729761653221075,358712.8048559285
2025-02-05,26.11035770189851,26.36301110848474,25.95436074546691,26.12538191043961,26.128270571375943,733821.3270071286
2025-02-06,26.010586320789507,26.00818843373084,25.93662384228374,26.007034341786504,26.011682744874992,177457.90136903347
2025-02-07,25.25479005215001,25.310679440350228,25.19721433083504,25.274785816221662,25.274859575751663,151192.468171706
2025-02-10,25.12949318999221,25.159485331571265,24.91508189662016,25.10226977667925,25.103465662482613,139056.99784086505
2025-02-11,25.24227239824472,25.245663476082377,25.06159408348164,25.243002216101207,25.24504346197612,135003.96376211254
2025-02-12,25.79889649185955,25.975183899056866,25.54496230611143,25.821086577250654,25.81301514555078,0.0
2025-02-13,26.297223059387644,26.38899220938927,26.210802763540965,26.308887080690724,26.315398844221672,450486.535269546
2025-02-14,26.60113486398462,26.853198371725234,26.543453023924275,26.615676263486154,26.61522434579387,158145.27145726464
2025-02-17,26.888970433986405,26.97997653359389,26.780310198785656,26.875020802060064,26.87366569400967,117967.7777526727
2025-02-18,26.09058969180355,26.20834880035849,25.9557161124898,26.129528534811733,26.11178521660069,297118.9920030429
2025-02-19,26.096537096678507,26.11059484435372,26.05011631214652,26.08818108633429,26.080394116143527,465964.4532986113
2025-02-20,26.364194544985807,26.41222824833998,26.218882639874973,26.37444718225961,26.37042541059479,247014.6434129455
2025-02-21,26.029748315058924,26.171889002932502,25.93692121749116,25.968876187571954,25.97076285296157,125049.84544065697
2025-02-24,26.48420324470117,26.671501864499294,26.311769379874523,26.48877622120927,26.4927715163047,131011.05278207356
2025-02-25,26.77152159114973,26.841402981901016,26.743060267813554,26.754116896627817,26.767870722885373,511037.7874709381
2025-02-26,26.8292207761616,26.92426351429513,26.82840145275502,26.837626430546948,26.85249257510975,448863.6312939534
2025-02-27,26.60952884305197,26.84773332976124,26.357493613087502,26.548034913169896,26.538844921192627,513281.27897660027
2025-02-28,26.47961605775725,26.6393637303507,26.43028408517773,26.480120364120552,26.474070872043782,833779.1102577657
2025-03-03,26.269640577862603,26.342527260569646,26.11758964976972,26.26909573627269,26.280374874462257,217422.5731715812
2025-03-04,26.966614126841343,27.184444141997385,26.84995306501587,26.95899042506804,26.9635765333644,380585.3668845383
2025-03-05,27.700734650813608,27.877223623012423,27.70190653206948,27.712008966459983,27.694098587058896,169673.87034778445
2025-03-06,27.65210401492875,27.656489747910385,27.490575021489075,27.61725730317168,27.62460567748298,324958.64778904984
2025-03-07,28.08706607398886,28.07166020860001,27.991318939759037,28.0548605964254,28.04331434486317,235486.16481493827
2025-03-10,27.28043413203989,27.53931145809091,27.13196403009059,27.290082190112145,27.296791071672956,1517854.2223170325
2025-03-11,26.74635827826133,26.80622776615849,26.63462385989599,26.751848022524666,26.74760837315709,249344.52774327292
2025-03-12,26.304671884830253,26.483190472494517,26.067625135342265,26.30389783761624,26.30492323393325,515482.2280084372
2025-03-13,26.33476040269969,26.411216528703356,26.295190824442717,26.36628644878957,26.368873534477192,130716.21065643552
2025-03-14,26.815729419080498,26.88917471645103,26.84062986184149,26.84271748135528,26.837738506814528,365612.44869403937
2025-03-17,26.82266468734151,26.90986560103017,26.834868130109268,26.851873995553834,26.840799226997945,665238.0018695205
2025-03-18,26.79065539698253,27.041156084733185,26.713816160613614,26.82591931760132,26.821544787084346,514229.1959939101
2025-03-19,27.07441239527504,27.110402014546203,26.912660484647947,27.07530547050301,27.076264553266757,453041.19953346974
2025-03-20,26.84820964580608,26.833630683486994,26.604410676779164,26.812516539148795,26.824367155691004,336984.45277226047
2025-03-21,26.4024186691169,26.414541693147616,26.33621764732109,26.37154857418716,26.369036960366703,113027.67070697628
2025-03-24,26.782981437545917,26.92125933800431,26.691303366836564,26.7812673678367,26.77907779653026,219667.73129553543
2025-03-25,27.424493422118477,27.43309973071944,27.23255524945065,27.41002089104253,27.40052670857672,146951.55491582252
2025-03-26,26.971579982161124,27.08196287641234,26.88833893634741,26.908138786611,26.91738038395207,150054.02617633218
2025-03-27,26.89292852973985,26.97346025530853,26.777928208234528,26.861760994728595,26.86223815586435,424148.01666691946
2025-03-28,27.459792329540388,27.486453157435676,27.335989753106528,27.46231412487844,27.46989060604288,173727.1399212498
2025-03-31,27.08618078279825,27.152490405064743,27.037485815432188,27.099041931965576,27.08438648395517,484812.9837438226
2025-04-01,27.472612669034845,27.55756803283053,27.29894101603459,27.46943939769521,27.460393450440986,655609.7999664791
2025-04-02,27.353101160872367,27.421638908711984,27.309854792328867,27.36294409246204,27.3715110235402,378984.9444318106
2025-04-03,26.85347997189455,27.021204489361025,26.815061161846188,26.83258722721477,26.83237847129692,243368.0007432073
2025-04-04,27.477380282083825,27.48206866354409,27.418735740391288,27.441314829715623,27.4430013197652,464428.9810161023
2025-04-07,26.582882589977476,26.662195028621785,26.581647442968933,26.6070176894576,26.61268719927926,1158476.7348860083
2025-04-08,25.868255139875178,25.88191405482236,25.7714022184387,25.84996945975605,25.854663612414196,162565.18200725262
2025-04-09,25.400395825584415,25.45777386009276,25.274307276163857,25.42216948160313,25.426810693786784,250014.8063687654
2025-04-10,25.332196178487514,25.448833590858847,25.26070717183756,25.34988946702858,25.33219885339916,326085.16303525906
2025-04-11,25.613095950593568,25.63693340705776,25.570171576827217,25.62569976222329,25.629597505888185,628019.4201967274
2025-04-14,25.725313348676757,25.82478533144896,25.734321430888905,25.772301473926788,25.76821431133879,429648.0920621479
2025-04-15,25.826091987744043,25.80728941790654,25.72208046445809,25.7740876044544,25.76231592175414,865676.9145497633
2025-04-16,25.83407736389048,25.95420002268714,25.7040554768267,25.82170596752735,25.818503597233317,588972.0711516561
2025-04-17,25.46197121976588,25.66195675676596,25.38037403917068,25.48169384981105,25.47871841445186,331268.1987480243
2025-04-18,25.84626721380947,25.88896393086248,25.808875348858265,25.833108405914395,25.83094082615087,205114.04412898855
2025-04-21,26.31835816542888,26.593338232024816,26.164532055743656,26.27898835358751,26.276490167902832,172284.00228905017
2025-04-22,26.717417183761167,26.802805261690725,26.655222612429277,26.712691500378096,26.697995853746264,486753.0165445237
2025-04-23,26.798115335206663,27.02120062958148,26.65663620183386,26.80283584233547,26.7996026154943,569070.8088372634
2025-04-24,26.484147669106427,26.52466715083049,26.3442945621911,26.45257968930625,26.454437924260585,1469615.504975177
2025-04-25,26.59177969222026,26.666171982155948,26.274374881924533,26.5899385928578,26.59155346277043,206151.554799446
2025-04-28,26.892000044278227,27.087461076799052,26.641601328646043,26.840833161568405,26.840833161568405,87166.08190275973
2025-04-29,26.24829807145474,26.294110310276697,26.2671745461182,26.267395370657177,26.269276341989123,1177739.8900481944
2025-04-30,26.55140563296136,26.643053575652782,26.429651646601787,26.540432264135497,26.544317990211347,210490.1136150547
2025-05-01,26.493194009965656,26.594732940655465,26.480977784509072,26.499841734508017,26.49418875996804,245298.17986713923
2025-05-02,26.67347023451884,26.72725867898371,26.70216857642216,26.716781761917325,26.714786815125123,259064.7505535035
2025-05-05,26.812752951074376,27.09330150989814,26.75088302852181,26.819321745614943,26.80603543937455,92516.40378765172
2025-05-06,26.952932628008707,26.96531666477396,26.71716683490605,26.95494344012994,26.94195705444552,330178.3105728598
2025-05-07,26.925484350909464,26.91303891940099,26.79684326658529,26.91083959798424,26.915105492500835,124745.50856162413
2025-05-08,26.271925158986814,26.316341297181854,25.956174353348818,26.24768008041405,26.237492737293376,168885.01292684072
2025-05-09,25.97339571179668,26.15129396581314,25.85595534253228,25.97232743507916,25.97491641029546,170166.9401104099
2025-05-12,26.42221234962523,26.449280858913955,26.35379993423576,26.43007782022756,26.4425166597808,370942.2072332458
2025-05-13,26.59595732177862,26.69198166919078,26.218189025160243,26.5651921906708,26.571646420456517,523353.5252224985
2025-05-14,26.8834882103354,26.990632393163956,26.62781098113716,26.85147244846383,26.854906387852385,427478.9093195106
2025-05-15,26.725324215089376,26.696317744586786,26.643689208240744,26.692392911100985,26.68849824724049,326619.9770251987
2025-05-16,27.118333222858965,27.27617695181948,26.960656815897487,27.148146362797604,27.146242385630128,388146.41227293614
2025-05-19,27.18594179050434,27.412047829481157,27.06840129643684,27.17197400992674,27.177055004643037,588595.6363701151
2025-05-20,27.50513088587152,27.554772611767707,27.30674747817801,27.47941357732058,27.482740670385382,449827.7515039253
2025-05-21,27.81949312427923,27.963002242719188,27.451043068521567,27.782835176390485,27.776168888874334,192470.31719520775
2025-05-22,27.65232188039209,27.669096617554807,27.561009305685083,27.63271237981832,27.62669670922123,550727.9331944482
2025-05-23,28.268986264431287,28.33080343393776,28.19963080395973,28.28411009129315,28.27249925260936,480391.84769888
2025-05-26,27.658497450359047,27.7668193897675,27.66278680020217,27.70257396929586,27.69815586872125,492182.5435063811
2025-05-27,27.953833440295497,28.02867123539266,27.88862769556053,27.991560922464814,27.999828126356075,286287.513995596
2025-05-28,27.45932241857344,27.633421047862896,27.38962598472469,27.46795373938949,27.461133384064954,208407.6716493249
2025-05-29,27.302634143558336,27.275106835743685,27.12205966607173,27.25329180873193,27.2504561007315,278209.6971759312
2025-05-30,26.848160549113864,27.135164190077735,26.84729098620261,26.90384388067814,26.90384388067814,213887.3139417105
2025-06-02,27.632462526459715,27.748850087984454,27.598686216157454,27.65018195358648,27.65433745243424,176244.47678458595
2025-06-03,28.01744168702929,28.06671720655094,27.965383860289805,28.035420233121155,28.026138561655596,270009.75206541026
2025-06-04,27.811553832662728,27.961227657844997,27.419312632417768,27.815881170634363,27.82458542050994,651827.3887984749
2025-06-05,27.795070641453982,27.82554692423349,27.612134195369787,27.782075694247435,27.779824343388537,283613.0260075868
2025-06-06,28.035351509025645,28.1517068024108,28.01427386064381,28.083828701787237,28.071576626038087,70588.03330054926
2025-06-09,28.26370606185606,28.290997772720903,28.044014150698494,28.27551409690591,28.268198350370223,340228.6905757303
2025-06-10,28.230518871716693,28.432681686663077,28.06522247180927,28.19072724673222,28.185104134080827,708483.0466994138
2025-06-11,28.377769032421924,28.50391079870979,28.345052695578666,28.40415477139716,28.39720608255509,250397.5771616463
2025-06-12,29.097102714143123,29.154799745788115,29.03705564723285,29.101095103189497,29.102655437223124,666430.4448454978
2025-06-13,28.998806731210884,29.1076722044902,29.00227560482272,29.04325399344824,29.04834326861637,840638.0026930274
2025-06-16,29.618046911687536,29.708970632857053,29.46871459502205,29.558016773996105,29.56094027690118,438756.1382234353
2025-06-17,29.451876514419524,29.55386807845205,29.271203815440707,29.401969357382008,29.39557481267924,109039.4840822643
2025-06-18,29.945373083861707,30.037285692052738,29.696177707358235,29.93368177529136,29.93548073696204,162068.1607719646
2025-06-19,30.9728161103986,31.088849286915693,30.863492074532225,30.99448855633907,30.995283519586287,353844.8159429522
2025-06-20,30.55175457338874,30.65504669665694,30.545470622642117,30.564313279475755,30.561535497034576,223455.5580355814
2025-06-23,30.99922122465938,31.24385665195668,30.74882716429773,30.993772272663517,30.98701443090166,157411.9974464064
2025-06-24,30.626328735901385,30.79313230352225,30.26047698202017,30.565831528705303,30.56496868720765,600621.0204419467
2025-06-25,29.781432154931696,29.99930009083855,29.736718397457125,29.78555112091165,29.785816823509435,169615.94899849116
2025-06-26,29.950084819812474,29.93292780654028,29.66102862057508,29.914925868787076,29.908278303403403,155503.42859867963
2025-06-27,30.29395041931052,30.38364322508895,29.93241927683113,30.29275345257899,30.287230652111813,349245.1988079982
2025-06-30,29.9153466923252,30.20274893539984,29.71870581930967,29.98569422118557,29.98361234077726,214196.8065456966
2025-07-01,30.18862746782905,30.227904137062897,30.024956603759275,30.139441408918778,30.13314062778909,199705.23705483417
2025-07-02,30.07614622084465,30.08616971265331,30.0005155507906,30.069017792915155,30.05886499627918,306132.40174199245
2025-07-03,29.45527987705458,29.59597915860448,29.26675123825665,29.42479776193982,29.4233694123723,315727.24806708907
2025-07-04,29.70724650403036,29.83382896095618,29.637677378291524,29.677098392371665,29.676641431175533,389113.45262790425
2025-07-07,29.593268036982305,29.60826042113073,29.582163505900294,29.58486569409072,29.57640051755902,270565.4562765379
2025-07-08,29.65042089712317,29.711972273082328,29.609614889903693,29.66365521778286,29.678728146295068,192536.86083800497
2025-07-09,29.97542777411039,30.141591678572105,29.83223244853204,30.0206283680363,30.014063117772167,178616.391125236
2025-07-10,30.03803045936736,30.12044327589069,29.88242146974265,30.056020353301143,30.04505753921111,219897.25133577044
2025-07-11,30.52944306296048,30.928975654595742,30.42710564982594,30.57701053225951,30.571327961063066,122759.29640030708
2025-07-14,30.26500533685805,30.42525951149342,30.251396338160596,30.297431269996856,30.29229206469508,480325.7117897326
2025-07-15,30.831892191532404,30.921397931132024,30.689874078499717,30.866646607876056,30.855271275824588,76388.512812708
2025-07-16,31.10585299520383,31.414926281622883,31.08827624273719,31.091583677073288,31.095775421712336,627783.7337895344
2025-07-17,30.178330331749645,30.27319072702498,30.14270434371464,30.146325249219192,30.13599088445241,139888.76719582116
2025-07-18,30.187008698520053,30.3930576049331,30.24853881407657,30.25174216063901,30.252535718750693,171648.45207762544
2025-07-21,29.92285457973887,30.021691708246568,29.859154013610507,29.894792562497276,29.890470193086816,537069.9969796565
2025-07-22,30.23665484563943,30.37966036853769,30.03089157777124,30.14612936754369,30.14921798769604,387463.0940773032
2025-07-23,30.07553800834117,30.289819371111253,30.049920350500752,30.08669371845804,30.085749648841908,129152.74699275562
2025-07-24,30.04360515254522,30.16881421893631,29.672119140311956,30.079214295584936,30.07170741216149,136502.71970221476
2025-07-25,30.253310474536796,30.3064964549932,30.148588218279293,30.269788583118185,30.278682852631167,139869.5674944829
2025-07-28,30.623364160548338,30.79960967081304,30.554767095020708,30.60426635789169,30.597237836053115,113910.07505030936
2025-07-29,30.805346781894947,30.895981296227117,30.78979168651453,30.82356975230838,30.825412826257853,441461.93764039536
2025-07-30,31.089057488961608,31.329254989758827,31.114847850208065,31.138525839988525,31.134586751339835,412424.1671281284
2025-07-31,30.600962071903155,30.778609301025437,30.548776457812256,30.642701031636,30.630263293074307,230116.79969940684
2025-08-01,30.895700126971384,31.08434613146388,30.720018974831145,30.93928951908937,30.9527539067818,363457.5697100092
2025-08-04,31.340575277946208,31.28551294701427,31.22235215622918,31.28200878765965,31.280940149472062,915123.9020317548
2025-08-05,30.992974404940732,31.09487387310334,30.976205557820613,30.995595356477796,30.999601280191623,336529.7290392996
2025-08-06,30.849509576363747,30.94379996059834,30.84542979051312,30.85872947612541,30.86094291794085,103094.2351212476
2025-08-07,30.53802978183604,30.786550326476927,30.562820153872696,30.6358974112247,30.63902752643396,226159.66137926973
2025-08-08,30.57879420555688,30.906175392039756,30.4431662346283,30.62909660735428,30.61866681415553,224553.60230941832
2025-08-11,30.45775674147176,30.76266297003004,30.474241576834533,30.476886110174693,30.47875497871672,169101.24979210485
2025-08-12,31.515862565871515,31.550510431046245,31.421817527109237,31.49047474777887,31.496775052092385,295332.4805200388
2025-08-13,30.782236850538325,30.948492893975143,30.73772097635845,30.816692803618277,30.818994153154303,184603.512867432
2025-08-14,30.24087776903604,30.37701798385257,30.11045315143786,30.272569250628933,30.27679015685537,680755.7642818817
2025-08-15,29.67035816971769,29.73349500897192,29.54316076859527,29.70617145035224,29.695926814544443,209303.14514868348
2025-08-18,30.062154809019383,30.15718921702321,29.958894856467836,30.0539523386812,30.063621145942463,158347.44485542903
2025-08-19,29.696782843126925,29.801631870255772,29.451649719681168,29.702601869903305,29.70789181137537,526582.6990041859
2025-08-20,30.037327410735102,30.078490500187,29.891968599039327,30.01423147856952,30.00771080850322,349797.6941795422
2025-08-21,30.08792915792243,30.214343798913266,30.03258618784969,30.06619673407154,30.06567728090792,245452.43046276757
2025-08-22,31.06138871343005,31.118631993334198,30.973270277962385,31.06135759493112,31.05681255281335,273419.06418938906
2025-08-25,30.30852252282182,30.350307365249805,30.25436991615372,30.326184918377603,30.33569516722107,150539.6666248126
2025-08-26,29.93230272611974,30.07490726873672,29.91641423759864,29.94059663941104,29.935686297600817,518251.0969791456
2025-08-27,28.99538933803614,29.11528902316901,29.03141138677849,29.065267359764825,29.08423624505353,146384.6820189249
2025-08-28,29.897667027178223,30.160834377912543,29.882750993192083,29.901602849681364,29.89650697645017,142480.5106603903
2025-08-29,29.187258448996538,29.180904198032184,29.14225612332223,29.17637449855973,29.180796343777416,369908.9936131871
2025-09-01,28.73983417993261,29.00960039474809,28.75582245580117,28.768111379196448,28.781695856089044,110168.04288671567
2025-09-02,29.07238220467613,29.117896757287728,28.84937605733689,29.08037947522715,29.081439060464795,103309.22680109736
2025-09-03,28.628917784217677,28.6970050506408,28.539831890315156,28.637586786277566,28.642390447056176,236665.90524875253
2025-09-04,28.291903347688425,28.313696024380477,28.26664166332694,28.28457286963233,28.288742279540845,155570.06031000344
2025-09-05,28.961486691129068,29.02288429246137,28.87975296829474,28.9487585745972,28.95819949654356,383240.8971540276
2025-09-08,29.356648097783825,29.60772922199001,29.270155454846268,29.37717014081021,29.375217886070946,215291.89684050457
2025-09-09,29.873225388365224,30.102386852558645,29.875396432761992,29.884079425054637,29.87555524674601,589890.1307821581
2025-09-10,29.906134158652723,30.01622763874059,29.888695071067048,29.9167088677885,29.92228349174813,520509.46549871785
2025-09-11,29.67702056109712,29.88946433561502,29.579584191492412,29.63684578510238,29.64078306886528,434610.20296531287
2025-09-12,29.60848002710699,29.71407956801497,29.47799093586212,29.592814784325373,29.59484925985208,659912.9569975163
2025-09-15,29.988594201209978,29.97552575511298,29.79697961364425,29.960695952081306,29.96202058092056,753541.8384634185
2025-09-16,30.17352283488716,30.183127336520528,30.15296532088677,30.180755928438405,30.180108732900937,1135794.1974194185
2025-09-17,30.57445793368124,30.63768044088042,30.46181199132749,30.582943538997636,30.583259282556757,148292.1816595559
2025-09-18,30.09989260949765,30.528692995389115,30.010887464264528,30.09894998872312,30.11111760695658,430087.4417614079
2025-09-19,30.202941935183038,30.276988334953984,30.12489437794377,30.226842830323637,30.222072266345776,476134.9811860985
2025-09-22,30.943504521314654,31.030801151548808,30.74076512695154,30.934567397133453,30.936103401754224,766726.2785914262
2025-09-23,30.98444046296673,31.092978481235605,30.616062774457035,30.999589752911472,30.997557945298748,310874.53452637006
2025-09-24,30.90543210558853,31.021601861849085,30.78718968399395,30.866425595170583,30.869429796555377,598544.0463393389
2025-09-25,30.270970661323823,30.346577568064788,30.26975762032497,30.273614581837705,30.273798934905518,339537.38171137567
2025-09-26,29.45309537007177,29.596568936717656,29.183207892841867,29.473231514989923,29.46877461146853,240200.3258788246
2025-09-29,29.20585153906725,29.4860559356274,29.162936494104787,29.21762133200596,29.208958088299607,105155.5543757971
2025-09-30,28.917318240630067,29.04158888056384,28.869465522637142,28.99132289711457,28.987596382905075,203627.05346381245
2025-10-01,30.09775665007258,30.34726555339611,30.020996626319096,30.160497210612995,30.162784019198504,305956.2705766437
2025-10-02,29.948026815282667,29.98066278151168,29.919104724232135,29.942104794906225,29.941243010527025,505310.6316296664
2025-10-03,29.49038578381172,29.57327131744846,29.340020096797783,29.47629056297506,29.473575565367508,149772.24660402798
2025-10-06,29.531434414816378,29.59643572595441,29.443734093718845,29.547795005712555,29.551733426243437,131379.812019256
2025-10-07,29.2446572351663,29.426643939951123,29.20441307473393,29.243499067383404,29.254498039565288,237284.04106955143
2025-10-08,29.21685037206952,29.35508106034228,29.017064107677086,29.26135999540575,29.254765132809727,334192.9162783715
2025-10-09,29.57134885792001,29.619015197820744,29.524949731062893,29.6168364335188,29.61370602886827,149073.18655501175
2025-10-10,28.543467863224176,28.70446785589741,28.52837142201762,28.534442758433936,28.53679101462433,423079.5825918125
2025-10-13,28.54791880786209,28.603679681711657,28.380366725597277,28.54204767173486,28.534930926693978,321650.8939663848
2025-10-14,28.537927325931022,28.54920551639561,28.45319591717205,28.54596445699246,28.538301757396628,152744.8813806942
2025-10-15,28.64838952800388,28.931500992083706,28.61755420133195,28.690898296745324,28.6912073934174,120789.51781168445
2025-10-16,29.09181732215329,29.27501810002009,28.89853272014244,29.16568851146201,29.1765976203104,280314.0313487105
2025-10-17,28.64127650230969,28.71169683864562,28.562915278309752,28.6465240916466,28.65014519053363,341855.31493034086
2025-10-20,27.972322273808068,28.1827859466382,27.913706560583684,28.01392719326719,28.006400475239094,307067.51474841184
2025-10-21,28.59818074916805,28.616008003038417,28.441073124125623,28.576162860358213,28.57225852641974,500286.5828338434
2025-10-22,28.47236197027753,28.52983481115693,28.43934959799892,28.47241460070028,28.46972353218934,209606.2627514381
2025-10-23,28.184427854971258,28.249901227706413,28.00213793233654,28.14104185031263,28.14244162512901,705656.9261226949
2025-10-24,27.8212457286134,27.903750630418628,27.79011652274803,27.807169586252336,27.810645943480814,496069.5521324079
2025-10-27,28.01013044248613,28.098828718048534,27.947384668056003,27.984944532670585,27.99469819549704,320200.1031576807
2025-10-28,27.48362610825818,27.46201238865772,27.385326692152415,27.447061579120813,27.446524892559054,235158.7742492667
2025-10-29,26.84375958139829,26.978960538395285,26.769490680313663,26.857413429361888,26.856188896716866,244615.7355197912
2025-10-30,26.824589331548022,26.818056573804387,26.72569346565344,26.798254667888692,26.80746280167921,201079.9179583584
2025-10-31,26.5729595463032,26.645855354295573,26.586899749454712,26.58908750618776,26.588103602971614,282241.3714195038
2025-11-03,26.08580811867389,26.220900544879616,25.865138461836004,26.09355000224836,26.096709265194587,327824.73596958513
2025-11-04,25.797816156697746,25.825754215499583,25.708476198779422,25.78733606658333,25.780764640684552,346716.24265587225
2025-11-05,25.87236153559577,25.94864496758121,25.607523386638103,25.871376613125488,25.87124908559101,241167.10541307591
2025-11-06,25.831690319087983,25.95982440359848,25.812476100163504,25.8566441208954,25.86639775215545,229159.6749894368
2025-11-07,26.45533001580177,26.51184796437025,26.22572157442808,26.446687063428207,26.44562862179563,889535.5244005878
2025-11-10,26.58665044860848,26.74757860318474,26.47994620118823,26.623080366731635,26.623901776476828,153624.51498300114
2025-11-11,26.448531840266696,26.50961473839099,26.293762415827487,26.473746129297595,26.47335618285608,198022.25430751548
2025-11-12,26.27340304510752,26.30068377745157,25.958560725109127,26.25397248981092,26.26043642555824,1894057.885650144
2025-11-13,25.541342254956152,25.608720706551452,25.51577024864977,25.586362930106887,25.590059100438435,986117.5052678448
2025-11-14,26.10967661112213,26.23676271036365,26.07138061645654,26.12070243472872,26.1302682482841,303707.8422833218
2025-11-17,25.737378273323465,25.757431125553868,25.470345191968665,25.719053873062634,25.725127661278677,538226.8815561517
2025-11-18,25.776372800353013,25.879079696847068,25.713753968194013,25.76972315650632,25.777865597229987,635582.6733165104
2025-11-19,24.968490976316254,25.007977858090747,24.889799165634862,24.999861926179182,25.00605483517099,106913.26391061523
2025-11-20,24.444155945634872,24.533887487580124,24.29389459821532,24.422227978207367,24.42894087173235,393156.6930052492
2025-11-21,24.064023587924492,24.187610678910808,24.01399860084344,24.091765463894568,24.079220038380665,155284.12601791436
2025-11-24,24.15672315982203,24.14649171245164,24.13522356333405,24.13856802817349,24.12752981160549,213114.67950015864
2025-11-25,23.88594324794304,24.265231500362347,23.806866518856346,23.9013435246785,23.90829417293616,105521.19611832692
2025-11-26,23.75298557415888,24.016449681390256,23.71482001479709,23.79824888985919,23.80621527943011,184765.1951882759
2025-11-27,23.722515395004027,23.830352300157,23.661237647130843,23.718949972930645,23.71795769064024,154118.04955581392
2025-11-28,23.2404478554723,23.387296886260074,23.19556469936273,23.259878647912508,23.25639014870257,186263.75190207027
2025-12-01,23.961039830161678,24.237636448905786,23.94088308880649,23.966822118040906,23.973925038594643,769193.7376175064
2025-12-02,23.44431621911879,23.61789651040896,23.28616901249705,23.43789603922339,23.43891640693249,452782.4382426522
2025-12-03,23.09936677856253,23.24653965042016,22.93716396311454,23.08254900373443,23.082492896111475,167892.27465277803
2025-12-04,23.222173482442543,23.24866479475177,23.130869304492776,23.23226100995554,23.232454237481058,182270.93733140163
2025-12-05,23.45955281093674,23.60991240803531,23.443895246841024,23.47413798269071,23.482664445867314,314626.5395990584
2025-12-08,23.62111965530738,23.68199017749882,23.634557936327216,23.64590073642956,23.635527231028597,324380.6816974189
2025-12-09,23.018569779449724,23.13047149289477,23.020217657507825,23.02336346304699,23.025428398398606,524556.6349260615
2025-12-10,23.198570455089687,23.29403396652756,23.157000358772603,23.21129516384161,23.223028626634587,480014.1944789409
2025-12-11,23.55825534068702,23.60422438156936,23.38643123865245,23.534974613487925,23.532494399228323,223623.84501955812
2025-12-12,23.802458589948696,23.850132365224734,23.772413993437944,23.802204810848465,23.79452362540877,553731.7960093585
2025-12-15,24.15479631269825,24.175173929474205,23.95988368877437,24.156119836996996,24.162541464694318,153741.1763723482
2025-12-16,24.285487159112908,24.36847466656894,24.147298896047072,24.26952524451414,24.266836638594075,301002.4700522863
2025-12-17,24.39157472525692,24.46193385440359,24.29447959761103,24.43166431589952,24.434910323271392,297065.67526408605
2025-12-18,24.13811768566522,24.22063895141757,24.015095454243,24.17659629005396,24.182704193867643,203525.5834573061
2025-12-19,24.30482708249658,24.322944052409422,24.22430592289049,24.30029320498844,24.30029320498844,39401.23132567463
2025-12-22,24.456040233467203,24.70977314688833,24.36868897586549,24.467753635242104,24.46726559573084,218034.6461656364
2025-12-23,24.42785277413033,24.46849778474328,24.427659850430462,24.432183032955017,24.43238387611048,199762.637254735
2025-12-24,24.535445060816773,24.788545289073955,24.43452745862111,24.55116989975912,24.55403407624752,89106.83439190601
2025-12-25,24.580944701271925,24.628888096680356,24.512119981096003,24.556086259587623,24.55970596690584,211670.08576629107
2025-12-26,24.10651338896456,24.18581666939711,23.881255637280244,24.10371383995463,24.112973709812085,133080.12751860564
2025-12-29,25.0195761757086,25.0965290728955,24.9831441924224,25.02064667908614,25.01952586207839,337021.0959170965
2025-12-30,25.24721899346779,25.562372331344047,25.2833013758119,25.28532050204844,25.28390778289172,744907.9118130205
2025-12-31,25.49990781516067,25.52005185841703,25.33926124617305,25.50496031845348,25.5149476667152,115381.41938645153
2026-01-01,25.590960078582977,25.7756078143825,25.452497773717848,25.60071903521699,25.59186137007742,392771.8942869199
2026-01-02,25.39108649885246,25.602447304834925,25.412928645528755,25.464445811193272,25.454222093877583,206717.72706582083
2026-01-05,25.108317647779764,25.209823729454808,24.872580605062996,25.111193637436592,25.10714198372175,322984.66584504815
2026-01-06,25.345742170221776,25.457297874230104,25.3125789621394,25.3749690267686,25.388617661783517,361087.7737020986
2026-01-07,24.73034288303929,24.84075047443544,24.71382321469946,24.77459602911001,24.780112248196332,89893.60051205379
2026-01-08,24.46355012305009,24.538274712457092,24.460039671749307,24.475631599145224,24.469931616696737,185234.0880316832
2026-01-09,24.74795047913835,24.7596976697983,24.608175677764407,24.732618737295347,24.74660696348712,255053.0111728944
2026-01-12,24.34619039519557,24.362798768076036,24.216467879886,24.324324516312576,24.324324516312576,443633.7222913752
2026-01-13,24.405987803513806,24.62443611299757,24.361917895164243,24.39172612388282,24.3891342056164,229254.69668872404
2026-01-14,24.594484065641385,24.77849222816829,24.609166572806014,24.613100717573715,24.61943686261545,142117.0868249087
2026-01-15,24.281250357076047,24.25963245789057,24.198877072605598,24.248775608956784,24.25563721600553,342261.51141241984
2026-01-16,23.892531955187152,23.997021898147143,23.81505303054596,23.848643626974503,23.83303247544632,887613.5064570071
2026-01-19,24.316951336662544,24.3908226261552,24.31852246244963,24.329144712632395,24.319152482502258,345177.022259057
2026-01-20,24.62040830446403,24.819241750944013,24.59570358371697,24.651515122311174,24.644056656594465,350139.87062832114
2026-01-21,25.18107636195123,25.2791806911551,25.0882579116633,25.171878562626883,25.176146833215807,853312.8618473872
2026-01-22,25.267515690153157,25.3343301671933,25.15245502355101,25.268548806257968,25.268752373077717,133853.15387563524
2026-01-23,25.426904021099567,25.54450975619933,25.293140828495705,25.424843351178435,25.418465554444584,174506.22457745246
2026-01-26,25.389256749220024,25.44382848598399,25.20515307158657,25.354800129588103,25.35891328300383,214293.12109306717
2026-01-27,25.496116168782304,25.429968720964787,25.34498465829509,25.416601696455565,25.4227157248856,154400.38310660515
2026-01-28,26.028433461527747,26.109578020674235,25.84639486218171,25.974842732923427,25.97883190268296,223992.43958945575
2026-01-29,26.17597661171545,26.302901420439984,26.167469534649115,26.17078200184711,26.16284711966247,196026.59663657055
2026-01-30,26.251682973392395,26.428771771436065,26.196194091465365,26.23804457752544,26.240963633880305,71820.6796185468
2026-02-02,26.156624847076152,26.31721952096573,26.076553980290043,26.156800253526317,26.147796756386654,127232.12357832633
2026-02-03,25.97706431514608,26.2541781992497,25.83351048057304,25.93983243785509,25.94274623813597,308152.5526798436
2026-02-04,25.638495739508368,25.815111894623858,25.480416335705414,25.59620913987318,25.59894356667132,252576.3402067048
2026-02-05,25.803587076798912,25.97729713074435,25.69945941386322,25.81245258567129,25.820388834186023,206093.78150223504
2026-02-06,26.15736116522673,26.43452027237748,26.04093933136115,26.17537913629792,26.176650617325137,390418.0110458799
2026-02-09,25.79063292295376,26.066744790417804,25.744241448774865,25.813521025046068,25.814592836157036,99084.35475221954
2026-02-10,26.224580623424597,26.302340301841017,26.21177422771763,26.246139631489022,26.25143244367964,119445.54966832673
2026-02-11,26.54845811868484,26.633356221723044,26.47321480472102,26.54219629933096,26.54824323035251,851509.5859932384
2026-02-12,26.767150580321704,26.789970645857608,26.63782709647384,26.74299058563499,26.731928057519102,186848.1114809477
2026-02-13,26.919244499003085,27.00555775551604,26.814150011435476,26.914803763044528,26.915113153095987,251931.51485620343
2026-02-16,26.64504092110173,26.66960556650657,26.464790198405435,26.66094619873891,26.651188219350168,150998.15818802282
2026-02-17,26.14878138365672,26.206133986008,25.796701898177545,26.11941420261089,26.12411039513951,232791.9636976033
2026-02-18,25.79302676998404,25.889034547355028,25.773660160713195,25.812904495821105,25.818618226412774,355406.4219136701
2026-02-19,26.046840373008585,26.07918133917851,26.00324397221211,26.065816428541986,26.065509891040254,292883.04064040654
2026-02-20,26.17860811605056,26.301472451230133,26.083408650466207,26.13337708476072,26.13083195156236,183959.0453112696
2026-02-23,25.452396297015326,25.583575286538828,25.35452659764244,25.44240105529249,25.439384122287255,229258.82663668177
2026-02-24,25.509630507884197,25.54937307976625,25.415591734903952,25.48690055498249,25.485553434453863,225958.55794224585
2026-02-25,25.73267278566005,25.792830136962305,25.648966538409763,25.706118538292905,25.70444870742318,161373.99761350307
2026-02-26,24.856930421394363,25.169195054266385,24.84221623381377,24.845233864983943,24.852432105802237,99589.96395167464
2026-02-27,24.995399481093205,25.057468744524343,24.891575133018847,25.01571538320955,25.013728143225748,438753.6296442411
2026-03-02,25.07461845231889,25.104182445533866,24.981326448855427,25.05674301959825,25.050052892854087,138958.02248416623
2026-03-03,24.89154664290833,24.97415962335521,24.685135719257683,24.89393956182989,24.89514606593629,280019.304914551
2026-03-04,25.091865178953192,25.18829527374552,24.938555166932293,25.09450486936818,25.0901575296664,306457.405535316
2026-03-05,24.700225823348298,24.714610967288507,24.677174112550343,24.69094864644429,24.68909904720028,158239.53374716282
2026-03-06,24.815453189533745,24.829900173117547,24.569851929975385,24.80421153943079,24.80556465014237,279597.97782266146
2026-03-09,24.808945317223696,24.8925639392082,24.781416189955944,24.81518855270809,24.8090194504044,274205.76759000536
2026-03-10,25.228587289596824,25.311520674169863,25.13658959666977,25.252933990291726,25.24797636949832,379285.5787545354
2026-03-11,26.21891910946326,26.24213672012641,26.17715626786896,26.194959782152672,26.204544966843567,340371.72565874
2026-03-12,25.93448014692779,26.035325909447625,25.84494366176649,25.912308886769456,25.921863228157925,283115.6323958368
2026-03-13,25.428714105213007,25.475092801170447,25.32928566586013,25.419107295679407,25.414591219863453,227436.46623363887
2026-03-16,26.157400788114504,26.331037897599877,26.17631225212385,26.184792188140232,26.18117555157584,211723.2976573596
2026-03-17,26.22226559255784,26.27308419850048,26.13627631280658,26.243645791764816,26.249257777037904,590186.6207219592
2026-03-18,26.59159788977782,26.80869221713577,26.4972123738196,26.605462089578403,26.598596225409118,408440.6125884582
2026-03-19,26.506968941252108,26.51490797926001,26.3897817595336,26.47130131118281,26.477503721660973,178623.42835523142
2026-03-20,25.989958515497587,25.991231542347546,25.96498023183584,25.97087515659387,25.96764055162785,268977.23327481706
2026-03-23,25.664147183670917,25.72279649769736,25.351793097252227,25.6978614138124,25.69758285059434,147733.8490155807
2026-03-24,25.328417880495856,25.583501253346046,24.87038655588345,25.30715657424402,25.30832103398789,257148.7407608254
2026-03-25,25.33292032093009,25.456493268954237,24.9525145500102,25.34427332521122,25.342101818685595,272094.75508895743
2026-03-26,25.15433689907304,25.36099759365485,25.153979303539444,25.15709392524869,25.16072551239957,143163.0921744719
2026-03-27,25.29311566815394,25.380109196435534,25.1946914283112,25.252198362600648,25.2409198748406,723110.2531245225
2026-03-30,25.74399922076708,25.826640780212525,25.6935529160394,25.733054134218936,25.72891040398928,140684.35459018822
2026-03-31,25.29851868480541,25.33530632782933,25.2867119569484,25.332035062550148,25.32202318768524,739045.2997773013
2026-04-01,26.063830355827594,26.229323124361954,26.00344297384554,26.06044141761554,26.066319405612557,270447.90872821625
2026-04-02,26.28337600348409,26.34107323967147,26.27167455511449,26.281138912590645,26.290252271400984,157950.944696374
2026-04-03,26.13285175642308,26.186472006448746,26.13957110245699,26.16741667920199,26.168364685912557,563672.0714469831
2026-04-06,26.557672370523427,26.725248627084454,26.37935949625633,26.566691199866543,26.56808278157567,281664.4999238076
2026-04-07,26.795759484277017,26.867699542116323,26.70131685689909,26.84565389408516,26.838362996122093,76333.81608851951
2026-04-08,26.583004924617832,26.59693222189285,26.576071686782,26.591247433702463,26.576842459249228,210032.00008036487
2026-04-09,25.908952768284276,26.06639302090485,25.69980454379944,25.931168767830236,25.920413753855325,451274.0057548728
2026-04-10,26.28901604787957,26.589018149568684,26.26462161279192,26.31401557259958,26.31564530327595,220411.1650919298
2026-04-13,26.422283692806484,26.561365879376066,26.3312845073436,26.432344532354925,26.44087246285805,202594.70366151095
2026-04-14,26.084151179360276,26.261631544136936,25.927404964360253,26.126254149312736,26.126874978875115,204926.6990301236
2026-04-15,25.608595206798533,25.79547373898268,25.33102613629112,25.588345169113005,25.580131177498785,424012.1634073713
2026-04-16,25.71540948563505,25.877739920175376,25.64202251294104,25.68310648882878,25.684017050664977,194675.36710506512
2026-04-17,25.142509416111988,25.3022150482712,25.081615066088148,25.10282460379025,25.0959110933736,188021.966913536
2026-04-20,25.287226649130343,25.393008221691236,25.165392338912465,25.287609469746435,25.288644481005765,102723.94092293031
2026-04-21,25.4816928182058,25.484523530071552,25.382144153830776,25.465083150034932,25.46325240374071,74048.93279070174
2026-04-22,25.710992087923096,25.88358426641363,25.64602574639304,25.683444496696232,25.68734468922194,725457.8456779114
2026-04-23,26.61229687703921,26.95053853507145,26.5645242235197,26.592666056234258,26.596368214104945,231969.76629073065
2026-04-24,26.532189072079056,26.59261545546204,26.381579015078675,26.571983262257,26.574232410282047,512116.86191768217
2026-04-27,26.47372511877718,26.669835457914484,26.4387419824608,26.46503584132554,26.46127978596649,210130.4406718249
2026-04-28,26.369217535749,26.48212023381033,26.21009715239331,26.37129043681233,26.36405535217365,103623.15922785312
2026-04-29,26.66761277770938,26.71350575111669,26.665079999340872,26.67563935501452,26.675465683931908,255171.21572793688
2026-04-30,26.91383755221769,27.122112990728656,26.91459570890572,26.91680376101637,26.908658967871894,650653.7975635282
2026-05-01,27.012848725571477,27.053522968968498,26.88236607833224,27.020804998563406,27.004206100989084,173380.9457329445
2026-05-04,26.274101863863184,26.28224131167676,26.209628411466294,26.280030388404352,26.27545446432473,272134.73117362754
2026-05-05,26.23421545595705,26.33680653828944,26.226546100421785,26.244609247464,26.23273360863885,183828.54401466853
2026-05-06,27.025687451152557,27.371831521280537,27.06018185810532,27.102614851236968,27.094186554262738,390098.6824006873
2026-05-07,26.83086682985323,27.00604077234262,26.75035012886725,26.81983169127249,26.817609322638305,125627.74143667222
2026-05-08,27.002894425634132,27.05188311156764,26.86275758097605,27.048536290911667,27.04135140796369,235515.7611406392
2026-05-11,27.132673106418217,27.13067725370669,27.001139762469865,27.115150251320035,27.118060855744623,152003.15453693617
2026-05-12,26.991949122378745,27.132676808795345,26.872416823547365,27.022078852792248,27.00709636938418,382232.35191952
2026-05-13,26.400798336325337,26.527469210269253,26.314913560353105,26.401274731437315,26.399786434045577,224557.7989488835
2026-05-14,26.038061049907892,26.213906833954866,25.88226028657168,26.00562050349766,26.005075037578948,104080.46712690612
2026-05-15,25.857255801876835,25.90448232589326,25.815219835501452,25.838731634980235,25.83721207070004,866738.0677747687
2026-05-18,26.07308252099518,26.06717550485165,26.061205063470155,26.062271398303867,26.05841165928559,517872.4235180801
2026-05-19,25.933344854076232,26.076903871057848,25.813508132131638,25.935627614771757,25.94151885672956,347122.6368946484
2026-05-20,25.492347973738696,25.650461849811663,25.344510108640623,25.54040295808695,25.53044057681302,141596.68941415197
2026-05-21,25.550412246341487,25.60023583835574,25.475763061698743,25.56707187498782,25.55986650498384,493434.7802436672
2026-05-22,25.509230937645505,25.527951835854548,25.42528272446713,25.505329831343943,25.50704623623693,390795.3843539749
2026-05-25,25.689443251470355,25.811450685798555,25.64728411176244,25.711096322331816,25.70675436131356,500820.530418448
2026-05-26,26.04746617871221,26.01425449867149,25.868837280548163,26.010722318738026,26.02030108961755,741525.5946382368
2026-05-27,26.00250112471056,26.095617537631945,25.832397161956703,26.030729766323372,26.038626115697188,193740.29005073983
2026-05-28,26.28236698385436,26.37111024830096,25.866377322890003,26.229888393711665,26.22649313537896,351307.1519911956
2026-05-29,26.21936312303458,26.371970230167364,26.19841674362728,26.21434146163524,26.21082434934694,934883.5335075764
