date,open,high,low,close,adjusted_close,volume
2020-01-02,11.579700861639104,11.63690445782637,11.482806488475775,11.58641502384035,11.58449051991798,141834.92044747015
2020-01-03,11.713477684452716,11.772011168363072,11.663919753977426,11.721435963922788,11.723917888050169,336982.03956577607
2020-01-06,11.629759159927875,11.66594576829769,11.568278580423716,11.627173737333786,11.628696829298864,226801.6170548453
2020-01-07,11.97734622492306,12.02677104932958,11.970437500314084,11.977038413250783,11.97846378043528,238412.49724951424
2020-01-08,12.105480631200097,12.132694052760025,12.037676033290188,12.11106693190023,12.114117972386431,172593.20963979868
2020-01-09,12.384199776016125,12.38849410657872,12.315202856026795,12.356675836494931,12.35514383572652,122387.3447289005
2020-01-10,12.308801532213076,12.365074103448285,12.187808035245885,12.30932336761809,12.310586974237056,231332.53805016025
2020-01-13,12.281856080609176,12.42598842632819,12.223939257281092,12.273071820277911,12.273874583537406,455845.2322902871
2020-01-14,12.09166192417196,12.13376855383655,12.00590917128787,12.08349953925858,12.079530124588617,373711.5639054823
2020-01-15,12.453374375116365,12.462404420435092,12.418961114585088,12.44878114331932,12.445940205446703,215981.9594181338
2020-01-16,12.911588708234088,12.98063915081701,12.883732887873109,12.922602673176955,12.927302926064396,342934.83102264954
2020-01-17,12.759140130871025,12.781090863208377,12.736663933813942,12.759588636539,12.764024644696878,134090.56721210477
2020-01-20,12.863290594639736,12.92963675782801,12.850059112874083,12.869174984528158,12.869785785480108,297408.48061904137
2020-01-21,13.029432226900823,13.025331560677262,12.86885367180408,12.993106719157089,12.988487384862738,459783.07343132177
2020-01-22,13.137077212959694,13.176265161192765,13.131039956390632,13.141140572792196,13.141490230127294,91369.5965139382
2020-01-23,13.070544181977745,13.14029503156657,13.010992153628,13.054672722090016,13.05254485570169,199611.02584382176
2020-01-24,13.28882912190299,13.4008440747665,13.208775192026325,13.28384444059093,13.279879236533237,441720.287717713
2020-01-27,13.16766944409108,13.286802395965372,13.1637170804225,13.1834709649003,13.177773444594118,546180.3382108689
2020-01-28,13.276822445738892,13.273029498756536,13.11088581094446,13.259411826502646,13.261966937741615,286370.04250981304
2020-01-29,13.105235510612484,13.241005550182042,13.008849748737646,13.11706649028823,13.112979929175363,240065.03394764967
2020-01-30,13.342000016095753,13.408876700257222,13.338146581234485,13.359220624578692,13.354925826500692,510962.71022782096
2020-01-31,13.191446653638438,13.209773686593149,13.171289065491328,13.195930163839222,13.198761237299497,159467.4675232974
2020-02-03,13.342575505910167,13.376644011578051,13.27152992694858,13.3397481472066,13.33958660871408,377412.2642026634
2020-02-04,13.638922764006566,13.701649123131295,13.67208846401168,13.67339931866572,13.679337027190115,120875.98945826617
2020-02-05,13.97745937772616,14.005424517178987,13.928687406167858,13.985777308622485,13.985862410695308,450151.8932227797
2020-02-06,13.7800903010364,13.790978793381376,13.759424873474734,13.7883970781766,13.7867081692294,321367.80671500973
2020-02-07,13.942385951027024,14.033837090958407,13.89294915126042,13.927816185315974,13.9273094832647,381331.9374255267
2020-02-10,13.960881936252248,13.984650958903108,13.929823926934532,13.947311668966767,13.942877543210944,277962.5993051866
2020-02-11,14.078863597730695,14.145408569811668,13.99196802503692,14.085765513522562,14.08432435172227,177639.46324294774
2020-02-12,14.319660836846818,14.308222858771442,14.265397822401972,14.287523033512032,14.286224453272778,900838.2073077076
2020-02-13,14.841739087115595,14.858070837441376,14.823228243419717,14.844897740679984,14.847299877621866,638851.1786600798
2020-02-14,14.883030296618076,14.933003288870395,14.833565921500002,14.864416199122402,14.86571302270496,167892.86234498656
2020-02-17,14.887310854574649,14.983552610341995,14.82505444168001,14.90055685505448,14.902565273398324,475737.8578968024
2020-02-18,15.00628206914894,15.034409755470255,14.96264211985533,14.996144650213338,15.000467983143514,651449.9413124188
2020-02-19,15.350268307889442,15.328031882190752,15.199505199603855,15.310915622150526,15.312899827062347,176298.17740858498
2020-02-20,14.838939791447022,14.953840401165529,14.72889606845007,14.839450109290423,14.840880940303236,238391.7142169404
2020-02-21,14.870468703369085,14.893899085447618,14.729380183568225,14.881101544711736,14.889198816543052,554973.6063931589
2020-02-24,14.928073845139163,14.921753704769632,14.86981904428169,14.921385768820713,14.919357644669502,448298.2478578288
2020-02-25,15.305525008700323,15.335636003589658,15.204574288879698,15.302776079948266,15.306016209642817,301854.3006122266
2020-02-26,15.69364032824532,15.782267373421773,15.683048000675704,15.70041781787359,15.69957231629361,372575.5938701328
2020-02-27,15.697234896725435,15.713853735606856,15.59155684656427,15.704440628244944,15.70712864920104,223664.1220988451
2020-02-28,15.804486196910352,15.867238109249122,15.76983052645532,15.7977854043174,15.798266018564348,349888.5066561439
2020-03-02,15.797753920843135,15.846017127046272,15.771930408066355,15.775106007855625,15.7699723837353,110398.29084935134
2020-03-03,15.916667392436487,15.937481821909053,15.75253107835841,15.891082285073637,15.884077892909591,234714.30346825847
2020-03-04,16.35407760999198,16.381581364565935,16.183996562826977,16.369571565587666,16.372721836812072,229124.93194283076
2020-03-05,16.048581144017344,16.137564002544217,15.993264586699116,16.042544988294583,16.044039337855224,158377.20807494895
2020-03-06,16.003398920210877,16.056819315177332,16.015524268732314,16.03389860822191,16.02966228120595,475836.3627168547
2020-03-09,16.241252727728423,16.29086812317697,16.228909357665135,16.23243664716045,16.23684479562113,214710.99005044517
2020-03-10,15.817412484423947,15.827862037274668,15.7383908519924,15.827497152520104,15.820342806593787,355535.5256123068
2020-03-11,15.701067870216278,15.779809852277976,15.643622214889326,15.706945990203632,15.703901653952682,229767.76440505503
2020-03-12,15.765614709485966,15.75763556924607,15.687252018459075,15.74531165052442,15.747200746424577,567328.8033166934
2020-03-13,15.460812205385174,15.526829764255265,15.418326612063534,15.491609294930887,15.495326817694831,280114.6237567221
2020-03-16,15.207757498826108,15.248281154261836,15.160654813219054,15.211793942912998,15.21267898798789,730537.7002815331
2020-03-17,15.142105303992688,15.250104710701534,14.980092191095874,15.140600889610091,15.147375501796304,639083.7005652771
2020-03-18,15.288814030959651,15.328838536018292,15.249226629266872,15.31416839441342,15.311451752166192,136409.88297157674
2020-03-19,15.758002009694495,15.770382999288008,15.701532782494487,15.75690361423729,15.756960056200883,697567.1878831155
2020-03-20,15.59296766978781,15.769048725893704,15.380732351256414,15.59431855842932,15.59089458623646,356592.44874453713
2020-03-23,15.635668535691286,15.640486684718269,15.595831386865152,15.609952348292117,15.61211135709057,512296.5366966343
2020-03-24,15.71924538604077,15.781606043611117,15.606935622058575,15.73404306302508,15.738762320265351,164153.37959540923
2020-03-25,15.83414410668836,15.951028614497265,15.765885696436236,15.860367763076008,15.864277712564666,143145.87645815103
2020-03-26,15.616381882126117,15.684994938820454,15.52613041360396,15.616441079648888,15.619368781481754,290950.9697995185
2020-03-27,15.767622941395418,15.873038276995691,15.682126376453327,15.748282668713696,15.747075091349386,214018.9950583163
2020-03-30,16.502307510396573,16.598652848098304,16.330047421612182,16.4879475027408,16.489313690092047,279805.5950186512
2020-03-31,16.418306727219342,16.515056059555,16.292677337654812,16.442064991863983,16.443118343163196,392636.2507071028
2020-04-01,16.33922252504724,16.404726856351704,16.26056995948321,16.366384940488427,16.36742977734367,571002.805504773
2020-04-02,16.230468236682572,16.30434595478777,16.196041341675624,16.209887354868602,16.213846764667515,300799.69092681445
2020-04-03,16.166910845294968,16.199969598303262,16.156174163576456,16.15722479007768,16.15369374239954,212019.8463891419
2020-04-06,16.035966844917436,16.06316857098756,16.005184424321353,16.019442775841807,16.01242043084818,240762.5333385917
2020-04-07,15.910325509452138,15.987365269266302,15.90170041870855,15.944777162571109,15.947308321212176,91824.63870132122
2020-04-08,15.260942544999155,15.30869215446418,15.18433136650562,15.258570586867044,15.256882943559246,126112.36853638371
2020-04-09,15.309385395068936,15.350448615801886,15.25719638595524,15.317448386885026,15.315388170285113,348291.2445159968
2020-04-10,15.362922079348111,15.365608688692022,15.31979278520151,15.357383689174258,15.356751628609832,196213.67275086045
2020-04-13,14.967589517409651,14.978323542115456,14.883951999351256,14.97487773473054,14.973971903982685,307270.14466695016
2020-04-14,15.277610611938211,15.342506478990964,15.27833294002354,15.28699918914311,15.28097389273514,520359.99902782793
2020-04-15,15.27725811330014,15.423645883848918,15.155279992839713,15.27733039105638,15.281639633766163,236885.8959214333
2020-04-16,15.370091273213452,15.466581967272216,15.27166092570269,15.353496356445776,15.35392366455098,344648.7375043214
2020-04-17,15.360902357630223,15.460976201486316,15.270600320637802,15.366348271854598,15.369136843540206,125828.04730315517
2020-04-20,15.606628039559116,15.665009149822072,15.56901815260808,15.634052334953784,15.628657745955207,315177.1026444097
2020-04-21,15.190652232023629,15.3304294929055,15.160138821801432,15.195267255057804,15.190988519519976,112335.600776159
2020-04-22,15.07839928690484,15.15113926493222,15.004170137955349,15.0860604005374,15.088396816926364,183106.6887698389
2020-04-23,15.21928236510485,15.251936937471308,15.175247565408313,15.23407956889227,15.233788022861017,227825.5227992024
2020-04-24,14.942814447965484,14.981648837300911,14.777696734971242,14.961927788081605,14.96093059884654,134881.8972223779
2020-04-27,15.084308726268418,15.087236701115408,15.05618760425502,15.081846450505276,15.085754506237556,1321674.2066571256
2020-04-28,14.952231439481997,14.990519747377364,14.877795085488067,14.955594750811455,14.956961563609848,269993.95760882506
2020-04-29,15.106979391619925,15.164547404151984,15.098282512685318,15.113602673814958,15.112888380405952,344587.60921729554
2020-04-30,15.064447117038062,15.150730636853243,15.073861679467536,15.076675703069911,15.075318575131064,279410.4759670741
2020-05-01,15.17236254682101,15.20178349926599,15.172332431195043,15.189309269608549,15.19157422469071,266195.8591913806
2020-05-04,14.584003911288956,14.608602503757256,14.557110547980448,14.584866666479725,14.583077900447076,164932.58899654562
2020-05-05,14.798973288663891,14.930792311959534,14.6774422216231,14.808131890001192,14.8059737103832,253593.21784226823
2020-05-06,14.638372017591786,14.628177266927572,14.593035410119702,14.600618472504584,14.60711153923992,380091.86400522245
2020-05-07,14.682785990460124,14.730713786047636,14.662664356534204,14.698356626030249,14.694057995132187,985583.8556438696
2020-05-08,14.954156111219636,15.099808752408268,14.83828695449143,14.92693245191972,14.933435739075318,180247.01339179472
2020-05-11,15.109138816458008,15.185526659197748,15.062976077692252,15.08577896772142,15.08986766243755,245172.67278042392
2020-05-12,15.328530445120574,15.370016612376178,15.294002896370994,15.329257926208124,15.330762023767102,466344.5668809158
2020-05-13,15.413214443457273,15.55120544927174,15.319208822625026,15.409180218496832,15.409488150957278,154343.16751288224
2020-05-14,15.283504993545272,15.326698650718065,15.202835070552656,15.278487106172342,15.282107119218349,131625.21905653094
2020-05-15,15.7347505226728,15.75388282820786,15.72871323688494,15.731675380204903,15.736028022598134,441021.2907275904
2020-05-18,15.643681356618398,15.64807199639299,15.61676801257063,15.641809026376515,15.634680983772926,101283.56373813588
2020-05-19,15.68628959852459,15.687357983959709,15.552960015395126,15.66931255506494,15.671641938419922,211598.8941948428
2020-05-20,15.636630517920072,15.67671195319079,15.600292974832268,15.624884374474766,15.62112778404007,567760.4198256849
2020-05-21,15.89411803466886,15.96062853303242,15.811790326205353,15.881768624609125,15.876789620275227,270710.8535886036
2020-05-22,16.343344581711673,16.410352898383717,16.290700227448966,16.331783699097855,16.32432353491066,143324.34340193207
2020-05-25,16.064592442169516,16.102006326887132,16.060573794294,16.07996047202869,16.082117970254423,247759.6764367444
2020-05-26,16.232075794830905,16.30151266170358,16.186632368018564,16.227468469728596,16.231198991051077,462662.89851247566
2020-05-27,16.479087205848238,16.52204409983313,16.275665115048753,16.474404846985582,16.47591786541803,807833.2120613115
2020-05-28,16.327101074349795,16.4398349548502,16.31037667345129,16.31656615886058,16.314938762509776,334064.95186126657
2020-05-29,16.135013837982,16.21246848870123,16.05492803749168,16.1507155401002,16.14763752438519,436140.9577592575
2020-06-01,15.765181778879269,15.79504573740749,15.735583438036269,15.767928719213174,15.76714671910154,411884.12494067376
2020-06-02,15.81542587459018,15.949494634181972,15.777319145320805,15.836304559231424,15.838968620133375,428122.6424619908
2020-06-03,15.76466946296368,15.837532292171662,15.771556521781276,15.776267061416474,15.773827635055628,199179.295863634
2020-06-04,15.717999920666854,15.788127965111578,15.715317516478231,15.716754222507705,15.72067693985136,421608.7104472496
2020-06-05,15.755006276084083,15.893396603349986,15.774901896191132,15.778264840156355,15.77332038468755,451747.1135802829
2020-06-08,15.718996595484088,15.730348481012731,15.542447480386716,15.699325833680833,15.694691701902917,131775.13299642573
2020-06-09,15.458985111198514,15.51413181072141,15.385760154991727,15.461886377821903,15.457106991873442,118482.7939636257
2020-06-10,14.782172997441975,14.787079828736644,14.741005477603656,14.78022576795402,14.781768218567365,334685.4817121148
2020-06-11,14.938202631966403,14.947940220022112,14.85214439306328,14.942956741337191,14.937878337758942,241788.01169507863
2020-06-12,14.814270941328326,14.9343474807863,14.806495580968106,14.81247245986582,14.812151613324604,402556.47268258734
2020-06-15,14.883733881187936,14.872448525404508,14.843711720954213,14.852326094016869,14.851731356459018,219560.3772762041
2020-06-16,14.753054386189604,14.843248318603578,14.72031123167165,14.763154549122373,14.759493387415205,155617.72213368418
2020-06-17,14.875466331431072,14.93643446351527,14.846639322887585,14.867671440859883,14.867667768965466,170936.75684506772
2020-06-18,14.579247540855716,14.730967137941462,14.417833043039412,14.570043430461824,14.57065712419134,291184.52487551764
2020-06-19,14.628931236325151,14.6408140482225,14.598040158689088,14.611873796234969,14.612419474469869,431980.2941267826
2020-06-22,15.11029608503436,15.21279205121548,15.07374590900273,15.084331547816111,15.074393975138106,515263.8137303711
2020-06-23,15.136169746134412,15.160750788615225,15.076110997624152,15.155789302322328,15.152205669988987,152350.9440655524
2020-06-24,15.25495883903621,15.312407785476388,15.238277699688464,15.250441575516383,15.252612260445227,107604.13396738896
2020-06-25,15.40485510359715,15.442125255505283,15.297298330522644,15.409527482787048,15.41081455367341,639647.4411024717
2020-06-26,15.480011126961896,15.503325516980023,15.394788931805564,15.479012248627534,15.480334419091106,226210.36759619767
2020-06-29,15.608494163519875,15.665350496977304,15.5187731617083,15.592988150703,15.58973807501745,428501.0662719849
2020-06-30,15.64776219394156,15.69418352314613,15.582159217051776,15.650242388111916,15.653094161666234,211201.5222951246
2020-07-01,16.24136100670433,16.264234789332473,16.16159409495397,16.227426559193415,16.228498936583122,536560.8706655918
2020-07-02,16.254701948886137,16.320570770321435,16.187575999677932,16.265005946882436,16.270350619850998,122984.67949363176
2020-07-03,16.80859815320445,16.811652399335422,16.691518394593306,16.79638585768345,16.797124035312223,105408.8284771467
2020-07-06,16.697402867906625,16.778997788819936,16.661272567876498,16.684785756938684,16.689751163283944,678016.1903891742
2020-07-07,16.245006910711226,16.283881105421532,16.141078289018857,16.24982703418803,16.254087487319346,72192.88737762668
2020-07-08,16.123517368509226,16.20537869436778,16.069154610706796,16.120584449834727,16.122996462294655,686564.2684130403
2020-07-09,16.3464627302009,16.465249660489334,16.355195353596624,16.375383579700475,16.3816305871365,291169.5784497704
2020-07-10,16.705251011170862,16.75765228966193,16.68203574654396,16.69017056677921,16.68599305657069,212441.2937285681
2020-07-13,16.534307331758363,16.644987609721518,16.484035357393132,16.530173782398617,16.524124267403142,131995.7341356345
2020-07-14,16.77102653607581,16.781675387143355,16.70929736720469,16.768163980408204,16.763434003992348,453565.3137296742
2020-07-15,16.65791634316746,16.777220148564567,16.5425930645507,16.64365956982161,16.638798762593666,432404.6321669437
2020-07-16,16.72909626983089,16.729543774972583,16.686211981433953,16.709215571387656,16.699434585335204,115786.0309357726
2020-07-17,16.538769278783423,16.592538314711195,16.509096984625934,16.53487803017762,16.528444402053648,94126.33923216636
2020-07-20,16.216767912214166,16.287696539107447,16.11335041122411,16.23065345536557,16.22963993487548,312658.9755338429
2020-07-21,16.579249345115546,16.612832164279,16.582732988973735,16.595368751381116,16.587501635598375,280726.7494104996
2020-07-22,16.627071480509958,16.66349949945927,16.46217188355239,16.629199663835347,16.631770896780285,221227.96470944904
2020-07-23,16.63859346707957,16.724078135444017,16.52991445853546,16.65618019212628,16.661376480640357,182379.15991127864
2020-07-24,16.74027376900889,16.841889968109573,16.673610415591998,16.748380180676516,16.74302942962348,325968.8797339531
2020-07-27,17.010192994576215,17.01338081034584,16.891699358775416,16.99405886860286,16.997859108737636,495724.1709454098
2020-07-28,16.74453402662353,16.837344312719903,16.741815913406757,16.74203985506764,16.748288215111284,283171.0505489635
2020-07-29,16.661675698948034,16.723321929884907,16.608301347100834,16.636061840925755,16.631963981139066,180776.1813165676
2020-07-30,16.596951950084627,16.638097296092905,16.535280247467576,16.60101287686495,16.603104655604405,88068.89771346861
2020-07-31,16.358113489742315,16.374569392632914,16.32635599662724,16.36331965419308,16.363823218760622,273796.8416770108
2020-08-03,16.49706504027075,16.54379137409906,16.484006712222225,16.487957132697236,16.497172357165102,122177.78772370605
2020-08-04,16.77295172164415,16.779054275179814,16.69964828281267,16.776869504646758,16.77932549606605,153260.29355833316
2020-08-05,16.953032438846382,17.082913431042577,16.932996356963674,16.957009877595247,16.954847059353256,447871.676940792
2020-08-06,17.16322074778178,17.22318538321494,17.096410438133347,17.175654832988695,17.1805928826777,1218398.478545516
2020-08-07,16.954724918096627,17.09552097577094,16.792272189040872,16.935857969801884,16.935042306316983,487493.3175716466
2020-08-10,16.70119741446324,16.78842803859282,16.685086928894528,16.70135104650676,16.693497379899874,101973.311278884
2020-08-11,16.56523738816922,16.69444060454723,16.33726247768384,16.582651939563533,16.584094436210435,181288.2559775076
2020-08-12,16.73972950728622,16.844222006713053,16.646788332464983,16.73619950281741,16.736522449656007,151053.00403494408
2020-08-13,16.827869034939013,16.877399143469916,16.778424479286723,16.83375945897531,16.831396879421025,275014.2161643814
2020-08-14,16.89495589639817,16.922263024844245,16.767715392325666,16.89315787652902,16.900964796330104,318920.5434657813
2020-08-17,16.93621965018759,17.059684709923047,16.918294602878188,16.93314571488852,16.936961240023408,352627.2815101168
2020-08-18,17.00581196751867,17.02289856773493,16.977426126934585,17.00950111041402,17.00439109930738,456170.7268997113
2020-08-19,17.066878929681373,17.072747988353374,17.06423131610906,17.0651259366724,17.068318870261088,195632.7272702896
2020-08-20,17.031246913287667,17.127792098502933,16.883178562789578,17.035157922471303,17.030838192694045,73167.82947917386
2020-08-21,17.05743994756431,17.04180330161076,16.97684476812832,17.039137159103596,17.032845207801564,265789.54275496985
2020-08-24,16.827958210565424,16.90137523011372,16.810894143349174,16.812587344378183,16.81178356882239,194017.18392562092
2020-08-25,16.959144770132895,17.043828626101373,16.890191068389473,16.94706080222934,16.951185593536767,409995.9958054401
2020-08-26,16.465806155860538,16.541717539274412,16.398234613865352,16.459769800551108,16.462406375756295,518426.5714208317
2020-08-27,16.762360989533196,16.75789638724131,16.59142708225594,16.75483895302693,16.751058597131305,188245.130640785
2020-08-28,16.55457848574816,16.604806472419558,16.467164671522372,16.529346038733845,16.527933463185295,415995.8694430427
2020-08-31,16.729902297620168,16.830309379800397,16.70197161860103,16.71224917178297,16.71291456566538,276068.9718872947
2020-09-01,16.74988184588928,16.860681508461035,16.63549996010968,16.768221799662324,16.76700954880109,958886.9285814178
2020-09-02,16.177920633088736,16.210351572962548,16.048418933632693,16.196338680588855,16.198517272332676,182759.3395380548
2020-09-03,16.483131471903697,16.602765575345654,16.49725410265456,16.49729918406206,16.494639920793094,313775.96632261394
2020-09-04,16.82716757218204,16.888933816629308,16.802313065535138,16.81218311884549,16.818598375155116,198501.1392084083
2020-09-07,16.782898250161445,16.784563125865084,16.6872639319818,16.765619640654627,16.76428510063814,180957.0894348284
2020-09-08,16.68514107795265,16.708561962396033,16.670233107128816,16.683406471101172,16.68059564217653,203729.81153081317
2020-09-09,16.71397026827757,16.753584392195975,16.687144279416675,16.704436320985497,16.697334938972013,261533.5056192281
2020-09-10,17.26261991103621,17.241764490927633,17.127755631235214,17.239058975109018,17.24128458989766,566278.6841789841
2020-09-11,17.19388586265091,17.214865079305728,17.117379281605146,17.17969143877394,17.18432039735847,580948.2754420326
2020-09-14,17.40148045463399,17.55667784823105,17.297808448069777,17.386963255162016,17.390462982828087,388345.0873075343
2020-09-15,17.380823583444734,17.467048538097757,17.339091087545302,17.38929958633685,17.38843423827258,80558.9443315701
2020-09-16,17.02476691141594,17.166531421219446,17.0236475548006,17.041776552889303,17.050769981031433,198962.75857959295
2020-09-17,17.179180045346595,17.214688551199462,17.12192217566742,17.150178437575015,17.1565883584839,165071.87440757043
2020-09-18,17.073517312945373,17.12468302614616,17.082528951139405,17.092983476315855,17.095603263429837,596771.158484216
2020-09-21,16.986943334367556,16.97204696979751,16.905016728864148,16.95951872363509,16.96256451492606,376136.8354588517
2020-09-22,17.41638320018611,17.48767595655747,17.371203440367683,17.421771386347267,17.415627894702578,209294.8657646173
2020-09-23,17.99332007491654,18.03620624960508,17.942691523959834,18.02688132485112,18.026510170418312,254081.3382443833
2020-09-24,18.68729933703925,18.754239430473483,18.567192719993184,18.71345644773771,18.716910767633888,446387.11524374346
2020-09-25,18.829319602173065,18.851280439739867,18.7553603435354,18.831267867347748,18.820460872661933,177390.3281196528
2020-09-28,19.180209352178355,19.339697166461374,19.143560356374863,19.182195388834817,19.186813158186144,140315.82659242742
2020-09-29,19.73548802074617,19.797182060946295,19.70064110250824,19.7387333705027,19.73431350252022,335247.52516024426
2020-09-30,19.8045952088027,19.873714005531788,19.816156310118547,19.841747786380573,19.83662348041608,59037.41437318467
2020-10-01,19.43642064248016,19.580832369198166,19.391131446803296,19.43892215611664,19.430062867953826,84004.21807543428
2020-10-02,18.700662937150728,18.68292245246031,18.546622999713023,18.679186394588523,18.69124867155241,199252.30769123303
2020-10-05,18.961606723971123,18.980503859647836,18.81447152936893,18.97263002607441,18.976035291230783,261859.78812062112
2020-10-06,18.674797839736808,18.768917898735918,18.53630698331325,18.68115192409144,18.68125624953684,432311.0507147647
2020-10-07,18.64439772102398,18.63291898388326,18.50752445850164,18.57714809059617,18.582110400280158,173775.25758465086
2020-10-08,18.65673536139164,18.824275652636764,18.560922648555657,18.658727411494517,18.657800935148344,586933.9372815181
2020-10-09,18.840898254344303,18.881657025626268,18.75035736079501,18.84240675235381,18.841114467787158,118460.33450258996
2020-10-12,19.04265570612809,19.09731586575616,18.97423391158464,19.030163441784207,19.02611906431565,114176.65428789184
2020-10-13,19.245426244156853,19.23966115486762,19.15892780192015,19.21594317229842,19.215241051053606,299304.876231109
2020-10-14,19.222784376076618,19.29615664911932,19.17230212736779,19.21586819081457,19.219956229484374,293528.56792248506
2020-10-15,19.19917473861263,19.19903789844881,19.15353744627888,19.18097655363932,19.180168863257624,141266.84954439747
2020-10-16,19.160670759902622,19.14189454916507,19.121398816263824,19.140668353719303,19.13925130733218,214807.37326758137
2020-10-19,19.32216974322903,19.37757017876501,19.23763231684012,19.336857152254364,19.34348872638201,380012.4400781825
2020-10-20,19.476417923921225,19.49814741281612,19.39172881974776,19.48680775645097,19.48965960804539,273279.94261189474
2020-10-21,19.895956419147865,20.12673150519957,19.829584181146352,19.922773100792377,19.916577751829823,176915.64292042967
2020-10-22,20.14914684166114,20.1900393398578,20.10282950878934,20.14118995440612,20.14560040690885,495266.86408443743
2020-10-23,20.721079348922057,20.785315140726304,20.71651841234754,20.73076219226257,20.722565797977023,314528.82159080444
2020-10-26,21.01844906891492,21.059570017294465,20.95268376852834,21.031307511391987,21.028687385139342,150288.3119137038
2020-10-27,20.699248118706656,20.951436463662795,20.633628746136004,20.725938853229472,20.71960219257994,67438.50896489913
2020-10-28,20.62722276646943,20.826272285677938,20.59968598540953,20.624127310889037,20.614047453600005,351417.790616066
2020-10-29,20.752056195998964,20.78028512799332,20.72816568534433,20.768574566052223,20.76803063438348,241685.44464783213
2020-10-30,20.989504585275405,21.202680699045874,20.94076748489988,21.0322643677312,21.02847733145648,248863.50652879293
2020-11-02,20.817349352694407,20.89521851257744,20.756367766344614,20.856767881276543,20.848695057876814,269147.8353580775
2020-11-03,21.032115289036444,21.08418128279503,20.975996437061013,20.978978106099007,20.982262411861992,588034.4853779151
2020-11-04,21.018802367432404,21.143935044694008,20.99481442749842,21.01424068273949,21.014817516172013,209244.7851263308
2020-11-05,20.764803608303616,20.85334925843256,20.633782810718408,20.756440800993342,20.75546525596658,146095.69745824198
2020-11-06,20.61978498498013,20.876129309004007,20.6325234078419,20.65492478879501,20.65519199258687,135328.34313391667
2020-11-09,20.7677371633423,20.868008739274423,20.726449960295547,20.80805056258164,20.820230013221646,483123.703203682
2020-11-10,21.26578895507635,21.377790151714663,21.27441955792556,21.29210759144291,21.28197883943426,207585.63401815091
2020-11-11,21.48045309714281,21.59021016861176,21.42926095596875,21.44397385475197,21.44207194191198,158493.7551624539
2020-11-12,21.8714814320162,21.935325517194663,21.79122038820703,21.85257084757174,21.847452599032,445902.0246513704
2020-11-13,22.52569409727564,22.52543126529538,22.17257203557088,22.509899153520266,22.512364803441127,317421.6317358279
2020-11-16,23.1212710504035,23.342914567904177,23.03142896417006,23.134704384203825,23.133238941481,317986.89397632086
2020-11-17,23.24355411626204,23.457765967281563,23.145946758212645,23.23876432715952,23.2273681525122,677012.213858322
2020-11-18,24.3294050963329,24.55217910939188,24.162088518036335,24.374838150060704,24.37310490707361,114065.30638708272
2020-11-19,24.33773676391031,24.42766422215506,24.2180136518986,24.301348684887845,24.300953304391435,307877.48235604534
2020-11-20,24.007281574408875,24.21415631671451,23.939437164990835,24.058720505294733,24.055656481047627,579788.5952211809
2020-11-23,24.7167656977954,24.920208402388763,24.59993307914627,24.70673826309871,24.70087331972765,392293.2919111176
2020-11-24,25.738032913818607,25.78562034348453,25.6610529222509,25.7399339661725,25.745469025528845,306265.52793003264
2020-11-25,25.415573454194696,25.45358613917526,25.37241518734759,25.39599107411069,25.396643735356367,931684.3433284976
2020-11-26,25.310715282172087,25.56350319472925,25.2926903554776,25.312836711075477,25.326743415980047,471614.7129872282
2020-11-27,25.96163572472199,26.0587783840769,25.83122019589004,25.94589333898192,25.940310190571672,120315.74396640902
2020-11-30,25.627214954041463,25.752379563119163,25.517813881456465,25.62067013879629,25.621565154858317,433535.8854639711
2020-12-01,26.30686589441659,26.49545143805328,26.23789153978704,26.332799646849967,26.33852985911783,148256.1958599513
2020-12-02,26.670872933609587,26.676649920815272,26.57894220272833,26.675055367536203,26.688232765921125,435641.52701223065
2020-12-03,26.986204194309373,27.273218504867003,26.905629175337165,27.020947106758253,27.02175672765332,807763.0847549535
2020-12-04,27.253282790447827,27.315695206853576,27.19215813892427,27.24039447649088,27.237464862525048,602066.3350209061
2020-12-07,26.86594294986388,26.907141780673104,26.78888257799333,26.88919856281524,26.88801376352647,156103.9221671665
2020-12-08,26.7501833492638,26.82928487061374,26.71318337362872,26.82460839021053,26.820462790899427,415837.8939537211
2020-12-09,26.608222062554947,26.66330809216343,26.43051987675585,26.620341782046797,26.621890186121703,173517.79163576473
2020-12-10,26.473921941149648,26.589647526884782,26.21639024072822,26.460680883583045,26.46282980641018,424798.58640680026
2020-12-11,26.32433828444696,26.39025509849223,26.31259081818895,26.32214036821737,26.331724951902363,437888.6509751589
2020-12-14,25.22869602338881,25.255012215396174,25.224253214641447,25.2519363091859,25.25312627109823,756547.6539959746
2020-12-15,25.713716880631026,25.722697548249524,25.60145015755869,25.67347808411156,25.66429868633127,534170.9792091111
2020-12-16,25.86852039452105,25.970009801092623,25.74311279153276,25.88307994611333,25.89277935164897,113265.79352768583
2020-12-17,26.366580168748232,26.65073888963208,26.376525853597062,26.393066862343076,26.394301859303532,977964.635779493
2020-12-18,25.9845737874534,26.00479293422509,25.91859789782395,25.95558220643504,25.95292415363716,206399.4238260488
2020-12-21,26.19970687502732,26.222134139530265,26.01268379278631,26.200407344388616,26.20341703906335,668605.0585264597
2020-12-22,25.864925876873027,25.929044637607934,25.76178365393178,25.848685910577316,25.846827750471263,318533.0304589646
2020-12-23,26.06775498296669,26.313698227622943,25.85449215435177,26.09822758172608,26.101306278786648,224238.60514576145
2020-12-24,26.058354801351083,26.086496483819147,25.839485931037423,26.05473565281906,26.05035776020348,308763.8156986352
2020-12-25,26.324991103738977,26.414750513594964,26.09711873555076,26.3368663358284,26.33789505212908,405846.03809068736
2020-12-28,26.273444665966647,26.400974516064142,26.12920449160598,26.288615538551745,26.28301684603962,297092.04706715135
2020-12-29,26.200542261212703,26.253495129439766,26.00786160851369,26.2354085160046,26.229417840875843,148831.0848434863
2020-12-30,26.131832935148942,26.29533072872569,26.00039397042065,26.10738106350057,26.10827343331002,544460.9787819502
2020-12-31,25.554379109824065,25.570242519601173,25.285764148409005,25.541549011837606,25.532144191220667,266258.7732330899
2021-01-01,24.816602189149908,24.97858876230576,24.72927546141188,24.84982515926492,24.846945134214643,216051.64700188956
2021-01-04,24.765433421405923,24.834926577358768,24.70673142364345,24.77011165729056,24.774842287846603,357655.3393551544
2021-01-05,24.996952732847404,25.2414195166886,25.01718972984352,25.03458248315496,25.028328954325115,249705.5868386869
2021-01-06,24.712606501934644,24.79746527375538,24.66661899725677,24.71669750487075,24.72076631964055,80073.093922885
2021-01-07,25.400463338135044,25.446153540244403,25.331963081799135,25.42281987317222,25.416919106122094,107252.00063141211
2021-01-08,24.9699822283608,24.97669020515713,24.87467085820961,24.959309619740345,24.9658929478146,76953.8955478981
2021-01-11,25.100756514857498,25.06253637507276,24.930885781724868,25.048269889089337,25.049113245440545,397153.6041803385
2021-01-12,23.926085143418188,24.01386755588947,23.91205580695297,23.95605473234309,23.96161748524228,151523.79081919533
2021-01-13,24.166740143686926,24.235780842005465,24.14013799157573,24.171149012732137,24.168150219622365,254610.6628376842
2021-01-14,23.07645180973532,23.16017464968088,22.848485492362755,23.056723218842144,23.062658610119488,187766.31273470257
2021-01-15,23.606734870852524,23.611087891522484,23.53364197083287,23.602348094812875,23.61109507612243,182354.8614141108
2021-01-18,23.373016358698333,23.42388075536499,23.25482637846021,23.38329322299808,23.378541174832968,139790.4826059
2021-01-19,23.277686077948527,23.374757648008845,23.201883575449116,23.271568294532766,23.269329687007485,111018.8328561672
2021-01-20,22.84014962350086,23.045094431108865,22.737837264775983,22.81159670787009,22.80498925114588,578608.0025750855
2021-01-21,22.96370545508565,23.005490527216708,22.781432355661337,22.96072344888007,22.953142055321614,344538.20438892714
2021-01-22,23.317245142453555,23.318499157838744,23.099862286511858,23.31737112346875,23.316566477624743,193599.91818198995
2021-01-25,23.25021514228972,23.392127781560003,23.180038394421345,23.27469538294687,23.26406059380592,217474.3748836229
2021-01-26,23.38348466599836,23.485156942846277,23.304642689251335,23.39475836255638,23.39462835204813,299295.3070289067
2021-01-27,23.34638107487284,23.38569702078032,23.254518993228174,23.384941897471272,23.378263719646533,76517.17051934042
2021-01-28,23.236033206835963,23.448654905537005,23.108436227489417,23.22522053228049,23.2375545641392,37194.66673913892
2021-01-29,23.42939175104165,23.668082928429293,23.30380946855505,23.45674838733302,23.45011770628053,509455.5182753528
2021-02-01,23.166092167273888,23.264028725095216,23.12212607168933,23.18207021865403,23.17534913092424,436861.8513891846
2021-02-02,22.562558781390408,22.684996950664093,22.52290783565329,22.578346105904878,22.58108375157915,184899.214996593
2021-02-03,22.79027923449601,22.920140941070983,22.80860610118823,22.82202132312164,22.820006340159484,184183.68225057935
2021-02-04,23.426119910751066,23.449562972637477,23.35619566398222,23.444171294349093,23.44321239835677,288249.2474402688
2021-02-05,22.715986466360917,22.794369383139784,22.62704769375901,22.69718626152388,22.699093613782765,70936.96468289282
2021-02-08,22.987376285305324,23.1456139356414,22.987914207902254,23.0255818080168,23.026989959204474,962680.8738281616
2021-02-09,23.536967354938646,23.654077388785844,23.40556507032431,23.497019661247386,23.500445874978297,330383.72093753226
2021-02-10,23.74893936319692,23.701916938090537,23.57316353024333,23.680162111042936,23.686265462015907,77881.34654336967
2021-02-11,23.81027950356215,23.874133422710848,23.786796283350466,23.806166577933183,23.80753347974364,313099.8306851894
2021-02-12,23.59835108989053,23.7562494647088,23.533403615341797,23.619105600875763,23.62222518268289,273965.8383897052
2021-02-15,23.22442987694017,23.314888771917435,23.207621252305277,23.23843456006529,23.23401270042199,361027.3908392581
2021-02-16,23.13473751423153,23.199885313059,22.969651251184136,23.10533276949977,23.09513026286493,146635.73287378208
2021-02-17,22.81057185395601,22.951201320313334,22.746388267354963,22.78419267105124,22.7807137762769,359496.9187599197
2021-02-18,22.732671222380656,22.742657371747903,22.656168758744432,22.72177821354374,22.7197598043856,137017.79551795102
2021-02-19,22.455862090223217,22.57809860974812,22.367313307439023,22.453049282966223,22.45669556131376,341210.6852079154
2021-02-22,22.67686353449407,22.8794238590062,22.65943325985293,22.709053874483075,22.70090942053318,465305.00168717006
2021-02-23,23.1979057284712,23.261990130944845,23.102356425044825,23.23607304829371,23.227798675481907,134875.30686284124
2021-02-24,23.622513262168905,23.72282881804456,23.533702760956007,23.626729689985527,23.62962845827251,260520.72817607372
2021-02-25,23.392632043632176,23.55346840713253,23.28111694251897,23.39087018641209,23.403366313387743,276747.229802954
2021-02-26,22.80309014935939,22.834392157595374,22.7896956920054,22.790915540694684,22.79175671719955,365745.71526607056
2021-03-01,23.154859147885624,23.148776990059552,23.095006080240672,23.11832008705925,23.124218871407997,375759.7253392795
2021-03-02,22.73114038054021,22.89804459641595,22.601661149440854,22.74414102586153,22.74301286119229,391599.351078061
2021-03-03,22.40840740720423,22.47503082908704,22.31880881043717,22.365095781665044,22.360305200918845,483977.1557115522
2021-03-04,22.878105775247946,22.905180874646508,22.876895770295395,22.902307113631306,22.89629141249083,197814.7010592493
2021-03-05,23.84403276520988,23.867101406206466,23.613737819569216,23.864992902902685,23.855695001805937,182407.36614979667
2021-03-08,24.507740933538468,24.654173392596963,24.387309638827755,24.450593429711844,24.45557312108583,718985.1584929476
2021-03-09,24.20941698660092,24.281208915851405,24.13235949588117,24.2138359812574,24.21344937080658,271637.3810546155
2021-03-10,24.08564705163518,24.22345335347332,23.990315945397526,24.04933137194041,24.041261840837567,158794.60749597687
2021-03-11,23.47158110718058,23.54951094759656,23.440891990049973,23.454779533750067,23.461072860690184,93989.2952771847
2021-03-12,23.770832544041717,23.896251764646685,23.705179966440014,23.756655830890477,23.75795150838088,240863.622352168
2021-03-15,23.78129787610061,23.913440497514724,23.70341331747604,23.79633264540865,23.79465077155148,170365.25533830028
2021-03-16,24.470929812524943,24.57607272603949,24.45765223998808,24.48861663344152,24.49319067724684,156776.93458802698
2021-03-17,23.872720176647565,24.005146716144225,23.85385807059979,23.86348248133243,23.854060177152192,770938.5557778726
2021-03-18,24.02789622432463,24.10500078242832,23.97748570896589,24.015074260356567,24.00626773430331,905053.407860401
2021-03-19,24.381758008117597,24.51286745380088,24.20906903734889,24.417497846253468,24.41546821627272,442900.00498241576
2021-03-22,24.92940887725159,25.181312224502683,24.609640436904854,24.95473519596627,24.96071605088777,366658.3442366472
2021-03-23,24.974628748846893,24.997096914958902,24.724983829657845,24.93803268872141,24.935221502271386,342595.455927903
2021-03-24,25.14204006267289,25.157215390391915,24.993540422686674,25.15601909837908,25.155835196547446,275912.030726721
2021-03-25,25.32457304491089,25.38014417068833,25.19860355877912,25.35648180013269,25.3601153671858,394032.1384290731
2021-03-26,25.088566977000685,25.322434406993203,25.108399782974388,25.12478484112624,25.12785883119676,923902.3926242468
2021-03-29,25.59163035287332,25.567312265578185,25.481893830371217,25.56294113113296,25.56196735054777,480136.6686865389
2021-03-30,24.954123849619982,24.95712996307925,24.81329889404696,24.909089967272788,24.901029829231668,151982.61919637167
2021-03-31,24.41158361626122,24.51937773713959,24.241146758441108,24.415363434825903,24.411143849225784,430605.4998987094
2021-04-01,23.698382882364367,23.89022990747376,23.659008820039517,23.732307197882623,23.735361680463285,283801.37753578776
2021-04-02,23.734681083523185,23.86045170359084,23.704339367712777,23.73423070368411,23.733343965757143,284366.01391091564
2021-04-05,23.083737247329843,23.143625276647523,23.01607446977119,23.071940512810173,23.070262724958948,286507.1306189508
2021-04-06,23.33568720371822,23.388317837522624,23.219987418772597,23.293845311507464,23.292892315816395,325994.8263292922
2021-04-07,23.223677217982164,23.38558387082925,23.114811571631265,23.25414273035304,23.25100176408848,182570.210397802
2021-04-08,22.74290149356978,22.748791501632315,22.648343412030155,22.74380463878016,22.74275488540197,396646.6205885286
2021-04-09,22.87091944490965,22.95395324970939,22.79637707562206,22.841432528086195,22.826479997618826,168974.38585679652
2021-04-12,22.50710374465988,22.74105159672513,22.366972939347335,22.521939670517146,22.5158188420938,176931.31878729878
2021-04-13,22.63390387754763,22.797225801546126,22.52947237427609,22.64247404367717,22.644912718401766,364920.1754524574
2021-04-14,22.717865117526152,23.119757322085206,22.647139531387204,22.71852760852355,22.719048580904392,243889.26829995005
2021-04-15,23.226652199755183,23.27800844881839,23.087863308981635,23.201424954987782,23.197743977681768,382058.6720765843
2021-04-16,23.191216708460907,23.28619772898598,23.20508205507849,23.225165556106315,23.22688897042476,250733.04483020384
2021-04-19,22.71899951949564,22.75730246206588,22.69645488383257,22.74847277878924,22.7472911525048,221660.31083616684
2021-04-20,22.60894169816604,22.633012225899066,22.56349107973564,22.61886255740825,22.61531158513255,371572.3833518288
2021-04-21,22.604633609622784,22.625559976684343,22.440523525449372,22.571107407181856,22.567664746653776,690172.3387031006
2021-04-22,23.19664791669975,23.29089365875464,23.10289088959053,23.1640975439612,23.162154135069947,330356.6299665154
2021-04-23,23.321270427516698,23.579154579438896,22.981573759895525,23.31308190738228,23.318638838267223,281667.551613529
2021-04-26,23.195259442559625,23.204098109863978,23.085503745621047,23.15682345872908,23.15131275497364,166554.05388013017
2021-04-27,23.16725393724212,23.31273546642915,23.165698533018386,23.187542498208376,23.18845286202706,249810.0405899716
2021-04-28,22.894799406708195,22.975427822929262,22.679330819699757,22.877879760344648,22.879966270294123,196518.9397517696
2021-04-29,23.45858387101831,23.61063145629019,23.33176992415422,23.50952545399089,23.501948008397218,209313.7968814068
2021-04-30,24.55085227002511,24.700029499769396,24.42684150647411,24.5658239737323,24.557215819555392,70745.86983566527
2021-05-03,24.807842263370905,24.913893483433643,24.639310797526267,24.799675940732943,24.79625453087201,198912.42384314045
2021-05-04,25.235183766738167,25.23413414034448,24.926218909981134,25.225506643562515,25.228125848497456,189752.81567195803
2021-05-05,25.128392878879275,25.19272115599941,25.013714525015423,25.135592162527388,25.136023329302137,220237.7878806558
2021-05-06,25.412633274188483,25.561402954816923,25.29396175290215,25.42047912706636,25.41644844839348,160402.96124382425
2021-05-07,24.79883455010232,25.01887206005557,24.73676940558172,24.758893196748502,24.756011694935147,277242.7178757832
2021-05-10,24.461935169400093,24.594447764588622,24.45385612081728,24.491935006915053,24.50140326762913,181103.01383606385
2021-05-11,24.45622957998069,24.48574198028418,24.311047818286468,24.447334498292708,24.44621781392723,398546.4478311321
2021-05-12,24.658209494623808,24.843126149524785,24.588789514460306,24.689942583531693,24.691112963298306,502147.465719424
2021-05-13,24.994725999077065,25.08778055695361,24.901169302833715,25.02655706269162,25.024746081028788,187940.2293675676
2021-05-14,24.719830791696324,24.74188905137306,24.60383496162733,24.68672946987053,24.68563615799568,375516.877991849
2021-05-17,24.992550606256568,25.09016091774265,24.76375796393345,24.996183649319278,24.990262230556315,306470.0751929747
2021-05-18,25.495841265278987,25.533267942456416,25.484560478549422,25.48853162124723,25.486572343311188,273002.23825416394
2021-05-19,24.77535638686566,24.9158622423754,24.6794483045453,24.748820399149437,24.74999278303705,234940.8104324893
2021-05-20,25.3903508968661,25.479757170021298,25.38077790580474,25.44098765245709,25.438511395845243,626280.438289581
2021-05-21,25.645821367658638,25.687499218316947,25.515181336387894,25.607629555803424,25.619106229071264,381621.5791276816
2021-05-24,26.244703336072384,26.27143124924514,26.24187696940815,26.24443383726892,26.251915492373787,130770.1007528935
2021-05-25,25.65565280186711,25.705621282756624,25.3288675025483,25.675683068221986,25.679421424548806,252342.55444377929
2021-05-26,25.569954893724898,25.818822874493545,25.39902452354861,25.57176679947812,25.57248727365844,778758.8451130324
2021-05-27,25.93797928937068,26.02504574363436,25.786107493755075,25.954485326952238,25.95696949675209,184698.73986130743
2021-05-28,25.730427994086607,25.853303413303824,25.65617454657404,25.70353441906417,25.71087196956227,986816.3524627346
2021-05-31,25.92280582930384,25.991935167204407,25.818969586648628,25.91123273422867,25.894783410050174,376801.55183740536
2021-06-01,26.14881228768679,26.143818796115816,26.0881395541431,26.13321502163765,26.13586769531841,227131.42458527285
2021-06-02,26.44182000457669,26.507663134760424,26.409756363973514,26.437565960492652,26.44724505937388,445847.2099136347
2021-06-03,26.600055534528817,26.597828621809427,26.58444085743998,26.586362074911197,26.574724199563462,91296.90943382344
2021-06-04,26.223451914101517,26.4057425159836,26.00662365346538,26.24059575974552,26.23758780031111,222702.03317369835
2021-06-07,26.51405140761302,26.599722803607253,26.398149973938413,26.507314267958588,26.49205470578524,299077.44972292014
2021-06-08,26.75462318536048,26.77550323041365,26.618766875351263,26.70922658850789,26.713976115484925,288971.62253459543
2021-06-09,26.14586939454633,26.41284062430262,26.00805312958388,26.113740305956547,26.11320366558036,432749.8098044224
2021-06-10,26.49217688025901,26.648446529601166,26.427201856284174,26.508786878117768,26.51681151825597,522443.45506596414
2021-06-11,26.435121471957896,26.59909984466561,26.355822793815875,26.42112845245226,26.409471448600115,763872.6606640953
2021-06-14,25.860063937210924,26.008459618889905,25.66847025713701,25.864358363213785,25.852257413635648,0.0
2021-06-15,26.069880600614493,26.19322632595873,26.038458517610312,26.098549112624628,26.097116018922765,430355.4249383647
2021-06-16,26.16530271274836,26.29518482034118,26.118749065950272,26.164898364131872,26.17319853728631,524174.3774854912
2021-06-17,25.683642992814065,25.737808240686707,25.54600016994354,25.650026189155422,25.65557587990053,242859.1748342266
2021-06-18,25.815330199872,26.04302572352165,25.732921979657288,25.89406097603282,25.898420429042574,263574.47202497214
2021-06-21,25.99515687557165,26.031265988070952,25.934972049768305,26.01113374760502,26.01520296636215,140977.5287661468
2021-06-22,26.123701153620257,26.47962952488434,25.844355282119444,26.062906340471123,26.065292492464945,421770.2747730613
2021-06-23,25.799101404023133,25.91855747509109,25.749115380861536,25.796723631209414,25.78979115443168,374376.799896299
2021-06-24,25.576469862543163,25.76375839112413,25.363837448996165,25.55692669080846,25.56288686548853,246515.53790448984
2021-06-25,25.895775580811375,26.053427952491027,25.9273819587087,25.939224335557768,25.94312888418831,176409.27763711318
2021-06-28,25.73852136547684,25.91906310875514,25.664197563909774,25.73198045623464,25.741013637888567,330526.5090401539
2021-06-29,26.60971367642069,26.711073398277843,26.56041702353789,26.592592453859407,26.591257532077844,82334.4080404367
2021-06-30,26.208812364285887,26.303435038446388,26.16051983169774,26.22884854302033,26.227543460171983,245607.81026188817
2021-07-01,25.886894705214143,25.954089015114945,25.720110350856928,25.91156598598644,25.910109982650543,504418.75947907753
2021-07-02,26.61067478023247,26.662510263649292,26.54785052283464,26.617675136792617,26.62355100752077,189681.87981196132
2021-07-05,26.913053092010458,27.15759858429052,26.85858533960874,26.90975218860784,26.90869527042305,265146.505555861
2021-07-06,27.174206845097263,27.30164965299244,27.11710096957461,27.1712413993016,27.17506521747044,240868.66237992933
2021-07-07,27.264456414076392,27.28149658053084,27.089051255081102,27.28002184001258,27.287040843076294,214517.9057775116
2021-07-08,27.39112040404463,27.501297041254254,27.036092400063744,27.38230768228778,27.38250562653717,163158.0151253901
2021-07-09,28.238851577393863,28.341902457275765,28.06817493518761,28.216667273740345,28.21983460440572,184185.53207904988
2021-07-12,27.487457773563573,27.67285414325385,27.247924492871277,27.471830614291967,27.469960963445697,100832.12670576129
2021-07-13,27.716785743924927,27.74194496772428,27.62031271676792,27.71729750026924,27.71321185467448,290157.9284747514
2021-07-14,28.02258603911089,28.19741204423927,27.92281358396533,28.03055283802812,28.048273540937952,337000.02569901
2021-07-15,27.55073499378287,27.574113371011663,27.451974116855546,27.551269181860985,27.55203889393643,250067.5659530471
2021-07-16,27.341036273944013,27.47294298680025,27.183508414076115,27.349280299797037,27.35449887121859,696238.6183482716
2021-07-19,27.541482206898436,27.789160948621536,27.563671100913577,27.60846187548061,27.60692681952734,182369.298227687
2021-07-20,26.947790329538822,27.03591536956856,26.801415290573196,26.95167157048614,26.953093238577814,317725.6235763864
2021-07-21,26.7638401875526,26.78793093596365,26.607251724054223,26.732994035245778,26.739744107126885,201724.64729562448
2021-07-22,26.48703161941197,26.61585893117801,26.323004671406228,26.493559145340264,26.50509487146801,431404.7872871082
2021-07-23,26.801985509699296,26.91559504383357,26.662047511775693,26.811022240145785,26.80900031261585,401940.8313980013
2021-07-26,26.797076214193023,26.846475749634223,26.62152067869236,26.725951583354146,26.71794551705546,563722.621076435
2021-07-27,26.538193357973803,26.67851056922076,26.48101176355061,26.568927402992983,26.575601063438636,438311.8827441419
2021-07-28,26.64262621196206,26.89789751224633,26.640883461365984,26.654056828480208,26.65523813286732,477707.0991944325
2021-07-29,26.829803031208662,26.90286499932034,26.784920269542084,26.793532253630172,26.795761123095936,180817.1855182552
2021-07-30,27.165600047155507,27.211753436301645,27.06667521292711,27.15702348793645,27.155459768609717,598616.4607664587
2021-08-02,27.390241430260534,27.42655970230735,27.202891349057687,27.34361882145423,27.346336529881544,146742.9121467372
2021-08-03,26.660679984674555,26.64472084201433,26.6155989684574,26.616835582363077,26.625689723804552,350179.00875201385
2021-08-04,27.529827764567663,27.88459848259247,27.42910916582002,27.54036976295872,27.54513869508388,491792.5119562289
2021-08-05,28.25675649372786,28.525200270736644,28.169449262733146,28.291892448597714,28.289969952505352,140622.17542439338
2021-08-06,27.582942014441205,27.683561230025425,27.457300778861857,27.55612660349577,27.555740105743048,287711.16336066584
2021-08-09,26.75051679729461,26.994970038394733,26.38267716556758,26.79072877730152,26.789819434874907,426905.4959105638
2021-08-10,27.00230857640639,27.086244441345997,26.919495454462314,27.000967397448097,27.0012318344088,301662.5522188874
2021-08-11,27.51776537272094,27.53783618827545,27.305066949249834,27.50392233679721,27.51233274346298,310413.20601096936
2021-08-12,27.487980050263936,27.529014267366374,27.391025311334797,27.47219196181401,27.467615042299077,247222.6153959664
2021-08-13,27.925881078950884,28.105325907447483,27.74485609499959,27.89715437378832,27.902029377172145,423449.1643634327
2021-08-16,28.18827016253672,28.18898502789487,28.065119635956343,28.160643780927245,28.16434171562201,59311.35823685714
2021-08-17,28.39991662711415,28.58107509958329,28.378376765340043,28.41807949764885,28.41742864184431,143422.66118410038
2021-08-18,27.731911950771668,27.79673386330156,27.727284795738196,27.72926288572402,27.73618768431393,667544.9214681219
2021-08-19,27.831561752492767,27.82812616044371,27.742310845445974,27.794974922254237,27.800624334413477,145133.61625612224
2021-08-20,27.59977636679906,27.718332204729617,27.578395402442435,27.630942143990705,27.63717545981618,286232.19199083507
2021-08-23,27.000428781882604,27.07320054989044,26.76684379336885,27.009140546076573,27.002473562290454,87604.48314904995
2021-08-24,27.68503616634476,27.73918795989476,27.6112940845378,27.704544596847423,27.699443462847466,467044.3161063927
2021-08-25,27.975699798935164,28.07216263526969,27.92125258894941,27.99259421896884,27.99648889415825,445533.8017685385
2021-08-26,28.150595741109345,28.328449658003365,28.158951563922347,28.205526117255356,28.204780646087613,182330.0684734296
2021-08-27,28.676400288029008,28.85519127549003,28.652001319149356,28.70017808464596,28.70633191532687,63614.91216154918
2021-08-30,29.12338033202201,29.27356351813155,29.0880386515941,29.09558541482318,29.089110968670308,78234.36082217796
2021-08-31,29.64844440354113,29.704862431052767,29.39793853875692,29.64708804910548,29.637398782107205,207033.2282218787
2021-09-01,29.65162944685019,29.88761975352375,29.60261472532003,29.67405783720763,29.672421789895623,85805.2719202871
2021-09-02,30.410408843342925,30.709820706266854,30.335642508365613,30.393122057084224,30.383152326205938,437702.48655870097
2021-09-03,30.670821343896304,30.782403514952957,30.708833457259487,30.73382687681339,30.72366607514832,322696.77191826026
2021-09-06,31.255394153213004,31.27871080068396,31.038763521278227,31.26770016029652,31.271509726248627,259737.23055420988
2021-09-07,31.873408212437724,31.909789137475503,31.8113484577934,31.86136811283167,31.85860709315512,323382.9867722415
2021-09-08,32.08286227484092,32.26454326271807,31.982200767791188,32.097185545232875,32.10592112097644,612269.4066069039
2021-09-09,32.01230343973422,32.16455385472474,31.86770100387102,32.04684321105998,32.05976790499218,377698.2707230909
2021-09-10,32.664311712928026,32.74569106666842,32.65218085307159,32.69751243908974,32.70046634425725,103067.52254195084
2021-09-13,33.23163616088489,33.370879266938985,33.0041246926662,33.23504150097287,33.240484405683674,522721.4449175061
2021-09-14,32.12763444908843,32.16715406059502,31.982924251118725,32.07817468889211,32.088280176441195,582295.4441194341
2021-09-15,32.075230684716665,32.17141605586695,32.00976044982845,32.12922740854847,32.1105911870181,367210.0873143677
2021-09-16,32.21853912962443,32.30203532437908,32.06224662882335,32.20260552927035,32.202268023384924,635762.8664529244
2021-09-17,31.62443760237962,31.755695583340632,31.59327977144608,31.63229737255782,31.63146669489641,253593.0331939385
2021-09-20,32.00203032131575,32.365776502160315,31.960014194190585,32.04224704842741,32.03574001542851,257455.3058897141
2021-09-21,32.29149690468652,32.40657809020854,32.17174076038685,32.27215406685167,32.27610137727339,257361.40812026148
2021-09-22,32.66307013842298,32.66010724934031,32.52720835368127,32.62513655990764,32.626205523891954,284811.6488052275
2021-09-23,32.542436123526315,32.56246471579387,32.25641171329574,32.52043869385246,32.507883741271485,326869.04144949827
2021-09-24,32.22588254561301,32.29117634234156,32.10182445816529,32.191740183256144,32.18337134143013,267384.86316609534
2021-09-27,32.68977280805975,32.697712252197384,32.316760663944905,32.68412129446865,32.67616762055971,319866.81215186743
2021-09-28,33.15664132450468,33.1260980834468,32.79107142569828,33.12106484136468,33.12527719224495,379906.977575757
2021-09-29,33.961193222866704,33.897863960642376,33.7174925627153,33.891059914046046,33.8967089090522,489037.9510827085
2021-09-30,33.6033894404433,33.66127041662728,33.557764351091386,33.59767313706936,33.598329931813794,268946.69259426126
2021-10-01,34.95143931923256,35.037552418380706,34.94339480106681,34.96740729160944,34.98349596746013,268651.42059498164
2021-10-04,36.08377643382545,36.08463503617527,36.02486843159874,36.08198388343049,36.07724058637311,121518.45999692303
2021-10-05,35.960772707942986,35.99066131653934,35.94074940944124,35.9694482074705,35.981334310678974,227540.4839133175
2021-10-06,36.68669136241312,36.81128896525756,36.54116173799199,36.66310754698748,36.68417870754045,323237.12651725457
2021-10-07,36.008247433406545,36.33033899633567,35.88501052772361,35.99263482700308,35.99818448865383,145395.0354747608
2021-10-08,35.8246173496078,35.921725261031504,35.81342740827083,35.88171435218954,35.885607437727565,99790.84736043976
2021-10-11,36.477414616109066,36.74108356238556,36.48689136129811,36.4944051419721,36.49121502708704,256531.33647705804
2021-10-12,36.77279238636291,36.99053240008499,36.68639640017383,36.75308497479675,36.743316704414255,389733.871951534
2021-10-13,37.32533845275424,37.59198758242125,37.23007260236026,37.35444395516014,37.340601009724274,195874.4317935582
2021-10-14,37.57583377658338,37.5506854587378,37.35417701347583,37.548875706902336,37.53206629166101,352423.7360080564
2021-10-15,37.70750153509018,38.006085662286,37.60224771316956,37.69649540429492,37.72038759848688,133029.34451708323
2021-10-18,38.64606406726606,38.90111085793447,38.69308055375377,38.69796454191352,38.69894719232331,137460.90036973526
2021-10-19,39.36690965415647,39.34999285373977,39.22307372735535,39.31979411895452,39.32949269585728,90218.56588165324
2021-10-20,39.74502193827836,39.9202159138866,39.665791702719,39.70603569665623,39.71068051034784,195735.45433114644
2021-10-21,39.512897973489416,39.51560589135138,39.21697302722895,39.49195199611575,39.47501598483922,592899.8890598135
2021-10-22,41.029382093970106,41.20853046564806,40.95395698820167,41.11003190734069,41.11894855618457,376260.4251197908
2021-10-25,40.593972466869694,40.67748926461135,40.53076905441244,40.6263509286943,40.62173888489635,210159.3193999084
2021-10-26,40.2620476881791,40.41272091413903,40.127205783177466,40.27471859070676,40.26653839840775,237320.74555439252
2021-10-27,39.690504098751774,39.789899346712495,39.50084421289024,39.67651529641408,39.68107305916863,533295.1784528485
2021-10-28,39.86742528400733,40.21413157976662,39.630264466349765,39.91879070497914,39.91476163804453,257201.2422766171
2021-10-29,39.6172816068726,39.956619819797616,39.19190652737757,39.70852719430001,39.71065200197144,105677.31616170402
2021-11-01,39.468616922322624,39.54633988679063,39.3568336031021,39.41666668518886,39.42484976136351,422135.98403544
2021-11-02,40.818528598494346,41.012933589152496,40.80593849597066,40.84124870021893,40.84365999280735,1075053.736973473
2021-11-03,40.862516928942064,40.95617444125252,40.60721642051894,40.82756330692858,40.83099281421195,197934.83266903547
2021-11-04,39.39260232687741,39.64148768038766,39.12680173506339,39.356817435142624,39.3572302942768,371909.5086499644
2021-11-05,39.01184882899175,39.20097936441229,38.91618821835044,39.01175342663883,39.01402445137315,716247.8980694799
2021-11-08,39.68107994179702,39.80143245087178,39.643770798524585,39.67073688920991,39.67481355839728,114241.58663299376
2021-11-09,39.55540016800752,39.53468667307409,39.47421537408337,39.53232408573351,39.517368667968526,534951.7548270242
2021-11-10,39.81095733520779,40.164428348988615,39.47557165836991,39.80602664170207,39.79373360820783,367524.2664242502
2021-11-11,39.94523969589251,40.06533187584941,39.75035745171403,39.93530640218632,39.94175444419463,78196.01747177885
2021-11-12,39.68333691244393,39.97327889566357,39.690577574884,39.81077846092792,39.80157460802732,450753.5505008106
2021-11-15,40.08616438744654,40.1717413932418,39.9738708456952,40.06489877556047,40.06209234917408,276518.2307161275
2021-11-16,39.38208370036551,39.4084866124492,39.26242282450956,39.33047266622577,39.34993475122507,136212.75218104722
2021-11-17,39.779324324868206,39.79499941768372,39.49478110151034,39.7174306257353,39.72210922358084,430473.6397272828
2021-11-18,40.16718133500376,40.28632064754461,39.94056063745685,40.15822532351695,40.14038278241158,269886.9979305687
2021-11-19,39.80561213397824,39.81725002096044,39.45591175191392,39.807722529760085,39.80573306290307,163614.97550251582
2021-11-22,40.11277838048367,40.15026393040108,39.849665559649104,40.10643473142788,40.11615613632141,427811.7279978965
2021-11-23,38.3682555111466,38.55166704692455,38.10323729999778,38.41809845206626,38.44341291261152,607765.7585881503
2021-11-24,37.701001876463465,37.74312447784096,37.286122999014,37.73643262930671,37.73442995374049,603265.3049409578
2021-11-25,37.28457037835789,37.34655285050989,37.17207574007439,37.257920260005726,37.25967227728,214003.6253004484
2021-11-26,37.00201476556843,37.11123888675476,36.74242406866003,36.9717761079954,36.97874306497364,368592.1340497225
2021-11-29,36.248412824291705,36.32622301377442,35.95872862689838,36.26769163195058,36.26382583589877,125903.74215641772
2021-11-30,35.78837026812772,35.836424209097395,35.68436919485682,35.820192966064106,35.82013220714683,476410.60299193696
2021-12-01,35.681740075878,35.71671026447766,35.51355828379035,35.67160305752139,35.69590201814925,211243.37299639403
2021-12-02,35.97437464774393,36.30738249103869,35.88531430105637,36.00787714430505,36.00255570893036,258292.2687377504
2021-12-03,36.695276061494205,37.00324659800801,36.67543977469328,36.73653923642216,36.75044761509881,716726.5172477441
2021-12-06,36.4944089637814,36.44417659801508,36.10774199971163,36.43886931306369,36.46407847057473,147215.81464513432
2021-12-07,36.24663640364293,36.38015482194625,36.08067680787657,36.25686432019023,36.25382223025449,224156.94792226487
2021-12-08,36.92094555433388,37.25772287167032,36.73106647256255,36.86260803549934,36.8681224873116,426965.3008665828
2021-12-09,36.87842265222366,37.11275232316125,36.88455350522812,36.90852960336295,36.913648989264615,155391.350212836
2021-12-10,36.48866478346083,36.5623558947638,36.300862652765,36.475126289653005,36.47762429147296,514051.2010179741
2021-12-13,36.33566146048203,36.79472808813035,36.41766641772504,36.42207598397481,36.42030282863829,53061.41728459386
2021-12-14,35.95152903700968,36.04157805672736,35.79469999804869,35.95479236958693,35.95006565958644,253628.18685497236
2021-12-15,35.65267706929712,35.82074733748746,35.46990600444807,35.67215944227237,35.68284534244443,152775.82984603735
2021-12-16,35.33675201964425,35.48725826776566,35.08727596234145,35.349232961390044,35.33864508639101,281250.5403580872
2021-12-17,36.30087899430988,36.32138566028928,35.77168938622739,36.19176834033775,36.18996182600333,188980.0382484304
2021-12-20,36.84892049738821,37.08792687009688,36.73916472578626,36.876757436955614,36.88074276888675,312168.60461328336
2021-12-21,36.808020357501775,36.93404781990666,36.828622869307736,36.83228997868235,36.84111645931716,352770.8794795215
2021-12-22,36.7895860939769,36.96792973337424,36.74510165314041,36.8088214990274,36.824299118617766,160973.356455337
2021-12-23,37.41706326096445,37.55485652708624,37.39372419576056,37.444456855230165,37.43117833881518,192020.7299821172
2021-12-24,36.89913055575197,36.96346904341521,36.87064909072722,36.929655197169566,36.930954556652544,341962.6376828958
2021-12-27,36.97166636618955,36.976479796596685,36.90350214654206,36.95309196999805,36.9413530966198,352505.7838787737
2021-12-28,38.03849307201133,38.15100932009097,37.97926472013478,38.0103362640784,38.01467579691148,207673.1000412189
2021-12-29,38.8276835682036,38.89821522066877,38.6905925522927,38.73689235630842,38.74177881715455,451706.9948993552
2021-12-30,39.43122491766472,39.54689920404211,39.20240480105389,39.4567148670179,39.45987912836765,104633.07749186955
2021-12-31,39.49383251430286,39.638099559097554,39.35911377460551,39.494396278920206,39.49247360906013,590993.0773616731
2022-01-03,40.22281362154624,40.26585339693996,40.19075023908398,40.25851122622768,40.2703675248532,373882.1454740388
2022-01-04,39.72466956359584,39.81656670114499,39.51827267847271,39.64887295356473,39.6526642610473,210110.01951977916
2022-01-05,40.49785596348228,40.54596801828156,40.47761492151007,40.51303112152006,40.51373792527571,458557.22071364266
2022-01-06,40.06683388507726,40.396874814660826,39.934475974486816,40.04198841677519,40.020613350449786,449411.1745872994
2022-01-07,41.90713716205399,42.1257701308737,41.67280592287805,41.89060264486167,41.89082883060776,114900.8547917662
2022-01-10,40.91962711916016,41.05250052169995,40.91410368150913,40.97337909548981,40.96755521956344,225206.5630672099
2022-01-11,40.33301260319136,40.77569792662289,40.200018477084896,40.35862215659744,40.3686074716571,486178.02363865566
2022-01-12,39.67020718471071,39.789854432852906,39.581045754302025,39.70152059630702,39.70407972348544,313888.6994467749
2022-01-13,38.64905463133612,38.70313527004159,38.6495715882111,38.67140685322338,38.67062001895421,524951.2431171775
2022-01-14,38.50896357471885,38.61527667774121,38.41018573163828,38.48957507282571,38.49587842326331,243709.68175056844
2022-01-17,37.98572972181161,38.29909638122383,37.70258758270543,38.01533875988485,38.00914502477093,527174.2561195707
2022-01-18,37.46784236462455,37.8608869321744,37.363819760354566,37.48449388406081,37.47804287611997,254926.4379360402
2022-01-19,37.250969620116,37.38276277850398,37.22764927497106,37.27088919885261,37.27653468038531,688429.3306274856
2022-01-20,37.977051578638594,38.08816672396583,37.68635576913693,38.016124097062125,37.997174087343495,294262.2949616957
2022-01-21,38.02435754813493,38.37013244899039,37.53043432576645,38.01246968489899,38.01296487554664,320451.3280391961
2022-01-24,38.57129050086202,38.730740099113135,38.317347807554846,38.59253605036914,38.60484599612671,323093.6643647972
2022-01-25,37.879436128491854,37.85006264730265,37.78651395269587,37.84932144661209,37.84317816350402,959412.8439444952
2022-01-26,37.436579452817845,37.61446879545274,37.3525175773429,37.48543364944845,37.47321657131352,174568.59875649668
2022-01-27,37.50738813291738,37.75404136927263,37.47703890595189,37.601154269450994,37.60280425659498,399946.58977455855
2022-01-28,36.97678608184808,37.07855031815491,36.88734603374184,37.00832605560334,37.00440640008432,479029.2584090429
2022-01-31,36.80778723897078,36.86241905885947,36.64218141380415,36.80138158473439,36.78580423866295,104284.6047597599
2022-02-01,36.01301604234342,36.149287775481575,35.928838225854086,36.13858504005513,36.1299578823086,218355.97094191256
2022-02-02,35.853501048340846,35.953748938291234,35.802094352175175,35.83314354053235,35.84050958658135,217783.6052089603
2022-02-03,35.48443306027638,35.469825509683666,35.45590981553562,35.45703592837179,35.44767057421962,163545.2136248587
2022-02-04,35.07489244445978,35.30070759473829,35.018419336823385,35.07989271263303,35.091802249237475,91623.15198703235
2022-02-07,35.316635813805135,35.56302940038346,35.3235508565911,35.32550826302544,35.31741334108076,139625.4393899446
2022-02-08,35.299731129146615,35.28209066422495,35.124643521403684,35.26162402212601,35.25292250082274,256690.7320793064
2022-02-09,35.071687122867694,35.28247043664198,34.92223355313927,35.05056483505759,35.04722023188135,216787.04188834145
2022-02-10,34.48055329238265,34.81350953707742,34.37999181505989,34.48524349819351,34.4855645513318,129653.07178236208
2022-02-11,34.59601875371195,34.74959398275292,34.508918771727394,34.62200869402184,34.62115221353211,493261.5853099788
2022-02-14,34.602212353259645,34.61138196459326,34.27701962862716,34.58889466234834,34.58519569282616,135430.58752322022
2022-02-15,35.09543098369952,35.10597776079333,34.98634165949243,35.09464385536389,35.09667719349567,151427.22871100777
2022-02-16,35.702136105660124,35.76934306204409,35.44957899927631,35.68287835014675,35.6752346104293,94002.2164595253
2022-02-17,37.22274703854485,37.20750826691948,36.98890298038258,37.20672359523525,37.20810785952636,243649.176459936
2022-02-18,36.89093070101677,36.8504980964757,36.52559011127827,36.79520554821215,36.780991389052026,206094.9238775235
2022-02-21,36.10652348262357,36.25008740512135,35.986418076372544,36.12925276709626,36.13156042715857,176673.0879678477
2022-02-22,37.17304491427428,37.32343859843903,37.08157735017962,37.16762947132493,37.17314348872067,348273.08011651697
2022-02-23,36.82459185999663,36.99482289753594,36.78210678196416,36.83423766039704,36.85255059052121,457954.48773826746
2022-02-24,35.690449964592126,35.84859878222277,35.65517851177126,35.68706125686529,35.68700533755113,250257.0083809334
2022-02-25,35.890816919775915,35.8468600932517,35.67965012520331,35.8247787200554,35.8160405272589,133978.17982914406
2022-02-28,35.44724485726306,35.54945889987854,35.103057943043694,35.47449684165273,35.46673383674568,638265.9066247676
2022-03-01,35.22136147132695,35.31692119461527,35.19697268132224,35.25514319242181,35.25535821630126,174743.26253379692
2022-03-02,35.55135087455295,35.57486160330109,35.394509466892714,35.55948163163617,35.55767774963789,292682.05831051857
2022-03-03,34.34132776513862,34.83161493772365,34.34840805220132,34.37934694374999,34.379088533302884,744425.5886428675
2022-03-04,34.57430513207746,34.6516551515927,34.43501812572389,34.536587025163264,34.528671389763296,125993.95880814626
2022-03-07,33.88875650336386,33.95116176819215,33.85197288432033,33.87219695605664,33.88139271429513,191162.505085424
2022-03-08,33.96557117446698,34.08225659766696,33.924092550526375,33.995126128887044,34.00003979089363,246539.84161292424
2022-03-09,34.117020373752766,34.16543267074507,33.89431412425891,34.10939168642753,34.10482151976556,256442.682933192
2022-03-10,34.916477352754484,34.92411929662175,34.661880863540595,34.9171334981314,34.91334618679119,341079.9000642718
2022-03-11,33.871959599463715,33.876879378034204,33.827737082817066,33.87191031610233,33.873102795110135,103649.01724481724
2022-03-14,33.803885495471455,34.1074177571393,33.64980028390479,33.78690160888609,33.785560038511626,183536.66094140575
2022-03-15,34.464599756436115,34.671744559123084,34.30044040340318,34.50332168539314,34.51109552004157,494438.46996449895
2022-03-16,34.47984646565153,34.54392145435724,34.418859992249914,34.46484383567142,34.478528705255805,224023.9398165392
2022-03-17,34.338576833510224,34.47256316858884,34.2030208312415,34.384432931361616,34.38035563649763,434878.4369368683
2022-03-18,32.44776452787636,32.569282844013365,32.45798450137356,32.46470653392793,32.47226307634938,1113482.066622716
2022-03-21,31.59381228313301,31.765775784583383,31.528357834060195,31.56849546654603,31.567339705210426,199851.0825805163
2022-03-22,32.76506729288757,32.71701016059611,32.57723171123449,32.67441573960142,32.67831514557509,269393.94444005267
2022-03-23,32.486286986088906,32.77388875943386,32.37569826764818,32.47189888849258,32.47836891706654,468282.59059942455
2022-03-24,32.83446139420212,32.85393773397899,32.64442776617912,32.84885853150121,32.85755112179737,128661.5152605838
2022-03-25,33.2143228185127,33.35904559905376,33.24023225101783,33.27624289164218,33.271339917305525,994518.2924304
2022-03-28,33.27990272474885,33.4634380405511,33.13072122293542,33.26249865528286,33.25027002245405,72921.76513038187
2022-03-29,33.1126808919619,33.19557247733996,32.93391784224207,33.12559015736552,33.126132180213226,88722.51388493241
2022-03-30,32.97759302006142,33.035471449624175,32.88712973079572,32.93566915916162,32.94103220711856,334142.2392943921
2022-03-31,33.74724935891602,34.275811921330565,33.34636229079239,33.72500933635983,33.73533948506894,603627.9349306346
2022-04-01,34.18079291222361,34.44349910760153,34.15236832347629,34.2268900665827,34.22535477308041,243913.3589786522
2022-04-04,35.12515587445876,35.0596703363718,34.718984809555,35.04135470038842,35.04560094798612,434543.5042953543
2022-04-05,34.85313111883941,35.130285908408986,34.72527883204384,34.84788425231479,34.84648015841072,112897.82630136448
2022-04-06,34.237138075492346,34.31663629946841,34.18328288706264,34.236515273710026,34.233906159755904,282181.623720699
2022-04-07,34.18530421222117,34.2590112623789,34.14255008736164,34.22213039647359,34.21635460972079,544395.988059031
2022-04-08,33.27666961262986,33.42422868950733,33.27008468687453,33.31727940811904,33.320809951461904,0.0
2022-04-11,33.72007489211394,33.860831590311584,33.6725733442372,33.75388130242212,33.7451002626827,477563.3610659042
2022-04-12,32.756908131352745,32.82144005899308,32.670693293021834,32.76382428052636,32.76031342764561,167620.30575908956
2022-04-13,32.69457392365426,32.83045292331302,32.663500875602715,32.7723567792117,32.758911090417264,181096.44809475704
2022-04-14,33.075412762705064,33.09867804013342,33.08969730180667,33.08971164052541,33.088226526366306,320538.3629294257
2022-04-15,32.67641722062724,32.93277220393465,32.51364082822577,32.69339547117765,32.689942468230505,287527.0934502472
2022-04-18,32.69437442292332,32.82897794176618,32.428428898054456,32.689813461993005,32.68261592354891,852544.4305512536
2022-04-19,32.429979509921324,32.586932776036015,32.247243613288,32.457784568642715,32.46374586068048,306935.24925423745
2022-04-20,32.09587894568192,32.258879603794114,31.945747213112668,32.153670140611496,32.15510032245024,495943.6783517559
2022-04-21,31.903137631995467,32.00325444917456,31.846304510567784,31.887611193204847,31.88509312351138,92963.87833993348
2022-04-22,32.17470657069463,32.278340156908214,31.91987423938565,32.149925509197814,32.148372729300014,246156.8044326036
2022-04-25,31.630433573615377,31.855153586182787,31.51780205856305,31.65201762656014,31.658777626482262,183907.3133813939
2022-04-26,32.11450870405254,32.145880078340255,31.85318334184685,32.11720254290077,32.10982130266215,81879.71417821082
2022-04-27,32.01525151464781,31.98651957588047,31.8976374716928,31.96656614658996,31.956470232272324,144963.48018841623
2022-04-28,31.97164375814821,32.00974839727681,31.92469727437076,31.988893589195843,31.99393233200823,377367.8182957029
2022-04-29,31.717287181439467,31.85929561117644,31.57753551922012,31.69972309773508,31.706630059098945,205450.7178136984
2022-05-02,32.60987165526471,32.64081318082864,32.31483832059455,32.57647786230952,32.56861025498181,224260.575670441
2022-05-03,32.369416809491376,32.516786227478335,32.25694569949322,32.386987852540805,32.38224463262672,250155.0315950197
2022-05-04,32.08200428698644,32.15456559112909,31.88656036726796,32.04897362449037,32.060156055272216,551094.1272639398
2022-05-05,31.92577860340186,32.10168718002278,31.870300284809492,31.90103243524894,31.906962138796928,757851.491044603
2022-05-06,31.03797439573687,31.42443957003076,30.912061212908764,31.041798171225416,31.049064913734394,165322.43420652408
2022-05-09,30.45175979814157,30.54927026555655,30.178456627170004,30.47579948076256,30.48476018463135,85524.23857443055
2022-05-10,30.75856818966119,30.820572927381573,30.745158526084964,30.79025332168907,30.77831966719874,198441.2589850314
2022-05-11,29.872015138227177,29.89358159013439,29.816082919192223,29.88323058863623,29.880246376503678,432612.8594710204
2022-05-12,29.540132406168684,29.83504987320113,29.4211858840422,29.505383767399117,29.508697326865704,42446.211095991006
2022-05-13,28.85849037601244,28.89150565464004,28.80969055476839,28.828144875898765,28.83400435565688,226610.6025443068
2022-05-16,28.3236374553452,28.365711871259197,28.10587456712512,28.31836265203198,28.323407054297675,83176.34846291518
2022-05-17,28.83846224491154,29.018629871928088,28.79450001699785,28.88861917117238,28.89473915199468,316451.4991009029
2022-05-18,28.18158000442993,28.24509245180533,28.11140464448381,28.137925604046163,28.147377051937752,434512.7967560184
2022-05-19,28.384664158394365,28.429695679746462,28.246846177320485,28.411071682388176,28.39335038846435,459365.97462944064
2022-05-20,28.37961720667326,28.53704639878556,28.290844077862918,28.433397813993835,28.43616717290896,520467.6909686162
2022-05-23,27.4818157271434,27.62349332084798,27.30820399479492,27.45871509881013,27.444286224921385,180011.13431758346
2022-05-24,27.189654183448123,27.252103040565736,27.049348044021976,27.17768669239779,27.174084417116145,467211.55162777787
2022-05-25,26.736772304384992,26.75873758961922,26.593679262825177,26.743728175734027,26.744915235078125,573878.6416295544
2022-05-26,27.02366993568615,27.24539828742129,26.79046107525109,27.04235095963569,27.039784460533195,99683.08609981777
2022-05-27,27.50768476486951,27.7596120509243,27.457873801225997,27.494161642155863,27.487071884986506,172468.9743524003
2022-05-30,27.32163845785668,27.49957158620341,27.160211938022258,27.29979797521677,27.29722446847826,85367.2492782745
2022-05-31,27.426697449328763,27.4434418223844,27.33388286628322,27.39729292516821,27.397048585957872,306277.84467650385
2022-06-01,26.37975572050179,26.5672792712907,26.32904938319813,26.401024147505662,26.40507769691999,822487.8543471282
2022-06-02,26.153609274469225,26.158106961404435,26.065177515325388,26.150343853568867,26.145064342395777,234313.4372466544
2022-06-03,25.225726070241517,25.31722259115223,25.19284088947337,25.25503721714447,25.25975325998616,509351.3810810591
2022-06-06,25.591401183421688,25.61309106012289,25.48640830771074,25.57678063366022,25.58555944075092,661728.9110796659
2022-06-07,25.228889011026187,25.285563415569893,25.16488424854889,25.249516093724985,25.245450908348065,287395.94349807734
2022-06-08,25.679919051770334,25.878516363775155,25.58323236253252,25.681030606226987,25.68681111353395,281986.4941389159
2022-06-09,26.35260407772009,26.485531673449756,26.04002998722818,26.351661648959823,26.348026662662125,125837.61907527248
2022-06-10,25.625573384622594,25.711506684798174,25.451577112568664,25.582952618361382,25.581980675308,133602.85247862147
2022-06-13,25.726008099203327,25.740636247173587,25.547941413093564,25.708431524375506,25.723209831394588,268798.21022902464
2022-06-14,26.286873088171944,26.360530183001234,26.282379266991857,26.31022335237293,26.30874221430703,231536.8898569504
2022-06-15,26.51257270008688,26.699891695241085,26.439984167188765,26.518312966511317,26.514739937766414,320681.2557099486
2022-06-16,26.947022056463773,27.15239923729668,26.840600170476453,26.90182211301917,26.90219594154496,279530.4764251955
2022-06-17,26.57300903787622,26.935932649140675,26.54454699098656,26.60383744032538,26.59905752556588,149976.55136791832
2022-06-20,26.33974979191477,26.37114812865773,26.224533411474887,26.322664763516645,26.327587934363823,97861.1785327728
2022-06-21,25.868362232401417,25.92323350022136,25.765108327165716,25.842365630026222,25.837751583548872,268404.4215486122
2022-06-22,25.13471487337535,25.194655666799797,25.115138138921893,25.118029156006063,25.12285405612745,252708.0303112777
2022-06-23,25.056653277906328,25.11946176567829,24.794609699178185,25.052696756300183,25.055244518619773,300533.7068109153
2022-06-24,25.031505103217757,25.033035179207044,24.977410810318396,25.02782618910456,25.02541748045101,258457.30276390095
2022-06-27,24.859601655676656,25.096390543967452,24.778724562906877,24.85726779199203,24.852487402547798,564936.7705706875
2022-06-28,25.34559795730904,25.444102595047493,25.320479324117088,25.3729582466516,25.377595194643288,355667.48566717515
2022-06-29,24.792342239923343,24.97145969453245,24.640952353958056,24.75730854391501,24.75200513628219,208822.8280999328
2022-06-30,24.899269683853497,24.95570394769065,24.87414171425269,24.892300626891085,24.88974628211291,336608.7909402719
2022-07-01,25.51289985398202,25.612084629701968,25.39541406647073,25.530998078085776,25.536420734121187,226097.05364306743
2022-07-04,25.349820712205084,25.480876088371573,25.28920786887165,25.36846001603884,25.373922088387783,179384.88995344087
2022-07-05,25.27654833909552,25.380410635394718,25.193805191639683,25.254755408598744,25.25932905788365,435141.5753379017
2022-07-06,24.79077101802747,24.854514069100254,24.74855316524057,24.781872336654114,24.78621041625995,190026.13520672792
2022-07-07,25.116253166428592,25.17233301208287,24.952418486469323,25.07822078915229,25.06968025338369,89760.44270559016
2022-07-08,25.09029562011108,25.16679730580947,24.91119502933479,25.08921595761111,25.088077951618143,340826.55232808605
2022-07-11,25.07098921722235,25.173852770392596,24.92711967949016,25.08661783589493,25.080780381023683,405353.326967611
2022-07-12,25.02094498592725,25.08325887656409,24.92651741414526,25.04450832720409,25.0436061878345,168682.51565950757
2022-07-13,25.40389428378293,25.6788881612072,25.226063759839278,25.394746381067726,25.395898142338964,163995.93425878746
2022-07-14,24.46696564275663,24.650758419237643,24.423975315083364,24.450633479802736,24.45342574145384,629070.2773714574
2022-07-15,25.050072395075823,25.13632571536125,24.96525080954233,25.0355122629543,25.04192484112406,325404.1339175493
2022-07-18,25.144515934663755,25.250164837503146,25.07812263227375,25.119363066288656,25.12329681727164,132185.97964907667
2022-07-19,24.750238704372087,24.784964216706715,24.730980138018264,24.78113602024256,24.7839258281003,204793.9060137217
2022-07-20,24.148963412488914,24.21595888886486,24.081958185641295,24.13246494688747,24.120235756635,681586.7028505481
2022-07-21,23.57949303125896,23.572197488278544,23.464986148265638,23.55250599668431,23.565770277194748,91549.93475738222
2022-07-22,23.4063580941383,23.3981871707549,23.17676964861659,23.35769243114993,23.352059199309245,113206.89489833
2022-07-25,22.901936945418253,22.97251808640654,22.764000524497305,22.87100080692213,22.86857093839728,255162.31030689715
2022-07-26,22.95325264296748,23.15273337079721,22.772834498849605,22.955418857066395,22.94392864040055,243366.86128877127
2022-07-27,22.36555463008164,22.565851535539235,22.34622672069158,22.365098427726814,22.37593534216714,161450.57491340305
2022-07-28,22.230629328740207,22.306664529765957,22.096571805096165,22.21074386770108,22.216942411474943,373374.7729379473
2022-07-29,22.208625189294622,22.23091736040268,22.1074015407952,22.213404692601443,22.213880057528023,1140369.8693453637
2022-08-01,22.555031278203383,22.67186471533956,22.498863347193875,22.56740453481118,22.570729583980427,146222.67496451372
2022-08-02,23.348000874951456,23.438052151692943,23.13747266700302,23.31235838047948,23.30482771823925,730561.5405174703
2022-08-03,23.70414850936845,23.777384096351675,23.600683537563256,23.72851513429099,23.7380004687212,168101.69684587195
2022-08-04,23.832718826261893,23.95429502005077,23.831542344285875,23.84086524444649,23.845079795087795,304222.10018137074
2022-08-05,24.02467406512729,24.240672753643583,23.953008026237143,24.07556063276725,24.08290200272569,1874993.9062549644
2022-08-08,24.35535870938517,24.414964136986303,24.14889106034717,24.368744198812987,24.37608989530703,363970.1521482774
2022-08-09,25.22410531110525,25.3576572277215,25.19177720776388,25.19512825808848,25.17404395278169,441207.1768730989
2022-08-10,25.895355623404665,26.021578018461824,25.828074005786725,25.905895900105666,25.90962212073088,232034.8315294283
2022-08-11,27.120696576358306,27.321000598702515,26.81356804458698,27.119231452519507,27.123241332790016,384230.0012806783
2022-08-12,27.425116023235788,27.46672808251138,27.39262124690132,27.39745587852102,27.394789245306143,431527.2558407018
2022-08-15,27.437074431423035,27.433700286617423,27.277208377293466,27.42120328287578,27.415231490975057,127339.6765943454
2022-08-16,27.07904215164197,27.19818759971516,27.048782781416325,27.08467005545807,27.074312975113283,341118.82138856425
2022-08-17,27.31820226000975,27.43043272903411,27.27123875761897,27.28774852890482,27.28447661400467,218775.0579473548
2022-08-18,28.186199218942235,28.268977544105557,28.07409202543349,28.18649003166613,28.17042628219821,341780.8186344461
2022-08-19,27.677128392148223,27.7829563291534,27.573533588779668,27.70848472504789,27.71055372220168,373742.9637779977
2022-08-22,27.452702994511878,27.572591475252235,27.482942448705906,27.484140976688455,27.479953685036804,382573.8206190976
2022-08-23,26.817016182728597,27.03875532722409,26.710696175990783,26.837272890822906,26.83511298987556,626834.4827132954
2022-08-24,26.54161711811233,26.652258281800773,26.426324965195565,26.56479104855172,26.558055129906887,396648.66726669454
2022-08-25,27.31943551535343,27.474449041958337,27.28154493026386,27.30147322254451,27.305137143325627,445436.3168413774
2022-08-26,26.476245188385796,26.52617629807669,26.3850938435242,26.50197650622173,26.50401118251504,98631.17304983782
2022-08-29,26.278676361836244,26.37779711863064,26.10308399510312,26.255858769674237,26.26520637440354,528369.3006328392
2022-08-30,26.02960504412485,26.05220612677244,25.89430141495493,26.051637769240298,26.041462069737367,477098.1952663924
2022-08-31,26.006932582717848,26.0445824091061,26.02997327308908,26.030399238313034,26.036496273439145,232797.9850307193
2022-09-01,26.681112161665094,26.709759648035423,26.670900602809198,26.68607744230663,26.686308552027988,465958.46827019926
2022-09-02,26.72110910426847,26.79661868536078,26.7392828256061,26.774898278805043,26.772501137499678,167152.32213945652
2022-09-05,26.687436956183536,26.772994091196235,26.648363479282192,26.7076129792676,26.702650120917507,515961.5357627267
2022-09-06,26.11447865654692,26.163205180642475,26.060450598648064,26.10001733376059,26.099178518072254,416891.8182596688
2022-09-07,25.71436275862312,25.761595534289263,25.655315257579595,25.74952969649491,25.750985233298884,180136.82191486747
2022-09-08,25.37826281241169,25.422227589357966,25.19486818297393,25.389865746041817,25.382188152539086,172548.27125981383
2022-09-09,25.94940475494833,26.015551762044467,25.91720237676923,25.98442334531922,25.98084167424349,190546.98139107044
2022-09-12,25.908002627049243,25.927202522005917,25.87147406667367,25.916599231273008,25.90747226409801,205633.8504884661
2022-09-13,26.42060588717728,26.664936074368303,26.378510178686764,26.439727699335183,26.44545348925497,303885.7658907455
2022-09-14,26.591047057566225,26.69994401214897,26.58426627578159,26.605482886658205,26.608527492414467,150661.85859966153
2022-09-15,25.70372895320195,25.713912819505783,25.593989736163262,25.678837944255104,25.67809265258977,281850.04178469494
2022-09-16,25.26868484864135,25.504139841533284,25.21207535242332,25.25237713716905,25.26338248173756,482180.0982730481
2022-09-19,25.03542446083349,25.01642384699416,24.78533831785124,24.997878226490048,24.998622832117324,232200.7646871372
2022-09-20,25.718669774650404,25.925978788978043,25.692373119949387,25.74161760135888,25.740041876841733,372743.12948286056
2022-09-21,25.65340234717185,25.72926399763035,25.606266950187734,25.64387177324764,25.64842021025449,688723.8066901445
2022-09-22,25.62405299950168,25.757420513092963,25.468225231859943,25.625765794172874,25.62214918952461,103236.3096596616
2022-09-23,26.09243205099958,26.20586293662196,25.88569323264037,26.12171412811524,26.11970489875214,170450.93881864278
2022-09-26,25.531340631028936,25.579121766653792,25.428290721625935,25.5226284193004,25.517707837503057,374882.610311102
2022-09-27,24.45845063279163,24.53978002624129,24.371461310876057,24.426534549218463,24.41693113927088,207347.0759538705
2022-09-28,24.735450144233383,24.76803279818464,24.720429201120595,24.74413354191481,24.74253091590921,197861.45614204684
2022-09-29,23.71174380158919,23.72024360222773,23.60036110704103,23.696690794363587,23.689289279538293,222397.798896541
2022-09-30,24.06290766966371,24.244733980648107,24.021866755704117,24.091722286897483,24.08428374797418,177847.97408776614
2022-10-03,24.16079958880345,24.296651629479637,23.915880030661803,24.122412281642944,24.101508330599057,282190.1740965389
2022-10-04,23.58239555549061,23.647814878725743,23.48612963614338,23.574113619221865,23.57639540871945,201249.3877116152
2022-10-05,23.22324482490475,23.23464973630735,23.077524071566952,23.205117757969816,23.21685030148271,409659.2478346851
2022-10-06,22.971727631273826,23.108328341078515,22.935364725065952,22.96622290236757,22.972406679068676,119502.28974229466
2022-10-07,23.038739804673188,23.01801823481374,22.915078991049832,22.992854261596555,22.986131162204824,174746.9632167452
2022-10-10,22.795999275313545,22.862508616337493,22.712366850362283,22.791189780424844,22.79431737429889,1265120.246776574
2022-10-11,22.161863460467394,22.160671200550023,22.01411068442431,22.150955897742136,22.159081535969168,82877.69469797392
2022-10-12,22.41716566681968,22.481209190468174,22.29509151920867,22.43515963373408,22.43006903749933,131237.48470226774
2022-10-13,22.53352012457472,22.541622240715395,22.41299488324758,22.529876588987047,22.53174741622596,208192.92328814144
2022-10-14,21.90073270675135,21.954277436485576,21.754872857183862,21.905628315603614,21.905628315603614,375484.5574249221
2022-10-17,21.41362345021765,21.49522586719096,21.390671433926617,21.44513524148788,21.44204983852855,308493.3839223165
2022-10-18,20.58584894409785,20.612282627562035,20.32398558753921,20.57517289939876,20.571812861246634,162855.09175720622
2022-10-19,19.40980526832059,19.47298125342304,19.41390188583615,19.433715738079645,19.432872101404705,768053.6911924827
2022-10-20,19.86751917834514,19.905183915869788,19.78780307442868,19.841276880480724,19.84146545857304,335876.8332004865
2022-10-21,19.516656183898025,19.479167562049888,19.42507758879608,19.474787839911023,19.476407506940447,124337.61503349764
2022-10-24,19.789653759741828,20.102061102707253,19.662898075439745,19.80799500703834,19.80086072861865,322135.0998692993
2022-10-25,19.1941252643455,19.291929819306603,19.096438763536742,19.205600829087928,19.213705438192957,426281.08684195386
2022-10-26,19.52919854936162,19.701590054282494,19.53120314169477,19.548655078687087,19.552882041324786,664650.278573485
2022-10-27,19.221809611636424,19.25776572408203,19.22439311292706,19.22564850840316,19.225137845205804,200250.37762166705
2022-10-28,19.211905681928457,19.346060697456146,19.195497106294955,19.21537784376317,19.207859742595144,316283.72594230686
2022-10-31,19.293979964680915,19.31775534252218,19.116276175747284,19.292648430964437,19.299411464504637,227366.3145006051
2022-11-01,18.97491339785355,19.101165692552847,18.88921433139314,18.981243629222607,18.977030214746424,396127.7274302376
2022-11-02,18.55673403304592,18.65600857092466,18.49288223211408,18.54862239484376,18.545315363090584,1424185.2850341348
2022-11-03,18.367732207383323,18.558617668974545,18.27696906521292,18.38751370332053,18.394517754597885,353930.5428928144
2022-11-04,18.07673377036713,18.095998198358437,17.99873777709931,18.08179303335593,18.08183478827796,79986.29055638754
2022-11-07,18.311971103905545,18.29371995584045,18.23634389400461,18.27975046086845,18.28367415269741,565386.2263772029
2022-11-08,17.878988128535017,17.928917123820167,17.722767673228876,17.842387333415097,17.838622787929353,333972.175665416
2022-11-09,18.273993296423065,18.325678744152277,18.28144224245196,18.28932511109711,18.28364544513417,441573.9494697106
2022-11-10,18.55913504439172,18.6369839913199,18.47920999717442,18.52296165368621,18.52227888758742,477294.4270585917
2022-11-11,18.528885442578797,18.547232706843232,18.41548963130891,18.54303584254491,18.54125531607625,342280.6947493838
2022-11-14,18.61784377758677,18.624499819552568,18.505077299468816,18.590889812880427,18.594180148737685,174330.77947670143
2022-11-15,18.647761766205964,18.673269695596783,18.48384066812797,18.62421737002775,18.62199528138273,204885.46578167556
2022-11-16,18.97517322964057,19.12336912124549,18.780467107931067,18.98766168708166,18.986593112693768,771615.8758503598
2022-11-17,19.443866534161938,19.44377395669124,19.30848296617241,19.439873376035365,19.43121834147153,924593.0396467008
2022-11-18,18.940508810598374,18.97210671920783,18.91240455202637,18.934130435246985,18.94208053445411,186464.0594500464
2022-11-21,18.752883032249443,18.891907793022945,18.734274019673094,18.7457790846798,18.737697296964416,161097.80741197686
2022-11-22,18.504807316501463,18.486440913954237,18.44007822792047,18.475637941122574,18.477740133945264,179589.54901218048
2022-11-23,18.497839822603897,18.591999459243763,18.45953944952568,18.511317485953832,18.511317485953832,113139.77923371256
2022-11-24,18.649951221000943,18.76046899834657,18.63386248771588,18.659126828073624,18.654869112446143,198027.0238571194
2022-11-25,18.656360227856965,18.66844097684925,18.535952780015396,18.628393404708188,18.634524507891587,320669.79110160907
2022-11-28,18.604954097803013,18.66900652372909,18.56922077357744,18.59990520700555,18.60148116327193,304011.9695979388
2022-11-29,18.27779353760149,18.412512963860845,18.187778052349948,18.264385864425066,18.259416148654147,199238.2831134411
2022-11-30,17.970647118443168,17.98815438285791,17.81752045530186,17.957258046955605,17.960743678462027,228802.4348435133
2022-12-01,17.24004173510767,17.325530536437796,17.105416107414968,17.22591720302043,17.224432165261305,502021.1341810238
2022-12-02,17.09346750869741,17.17015609431118,17.035987505404048,17.09620022472052,17.09524702142023,523747.1867446211
2022-12-05,16.92088382224131,16.979026764455913,16.817059060339272,16.909807032384574,16.909554002594316,2036915.9001750585
2022-12-06,16.647646532075655,16.724985520639315,16.54506012548728,16.62372452749361,16.628458673408,490801.040233593
2022-12-07,16.725331229560386,16.79360294459317,16.699330496106963,16.71613369612523,16.713511722947377,558924.8889652875
2022-12-08,16.592778134369098,16.59228143938078,16.55092801228401,16.58745552433275,16.58797918809991,380973.4798211282
2022-12-09,16.57901556184611,16.65005936793539,16.55432153513743,16.56898095611908,16.563564744171387,138937.23878531635
2022-12-12,16.97767222166391,17.06552854445238,16.880098602555005,17.002218237262753,17.006520944430186,1006017.6631233224
2022-12-13,17.094268368275067,17.168051031795876,16.994503007525907,17.06825173067432,17.07112488375089,574506.3475217439
2022-12-14,16.905711230261787,17.033272174223836,16.692271132620913,16.91227128031461,16.908267408524722,293210.93781202275
2022-12-15,16.59735893337173,16.706457878369264,16.468704111687114,16.602397977971524,16.59715842043094,311146.04464186274
2022-12-16,17.072218028615914,17.101474538746942,17.052106721241646,17.080070121213126,17.078848411776065,87813.88357755204
2022-12-19,17.73819875307486,17.78909893908762,17.623547183548727,17.715550389408197,17.71120169328031,151516.82069886578
2022-12-20,17.67692719367236,17.721132359214685,17.61038438162988,17.658064713321462,17.658262638107047,245356.3643155857
2022-12-21,17.48172739395719,17.52345742005404,17.280155163346013,17.470269212478463,17.458187175319427,269624.8397791836
2022-12-22,17.842639374427478,17.84394042549496,17.76986599930811,17.834932525678152,17.834009694781578,150840.63672045697
2022-12-23,18.345617476830725,18.46166798808888,18.196457655919783,18.361530895598776,18.36325585947563,308007.79116381647
2022-12-26,18.474305661117175,18.53706696576376,18.46536963688776,18.483132105933045,18.482414526576196,143086.82701192657
2022-12-27,18.61283415196531,18.75896040962701,18.460154514767368,18.62526757605514,18.623611405734334,464724.6434061083
2022-12-28,18.18762242050072,18.26781644147601,18.03974563339815,18.193754903816057,18.19219435846519,216465.6488617306
2022-12-29,18.64798327183748,18.651706454504343,18.49604272645434,18.627986981279516,18.62297039453264,450566.6085425077
2022-12-30,18.80663953581576,18.809989771078374,18.747433026266798,18.79119570529632,18.79162379829289,247781.0246530209
2023-01-02,19.47698745319376,19.485319123163368,19.40093378344456,19.46496913222748,19.46892789951444,311653.00728190166
2023-01-03,19.49852903415948,19.570483459832616,19.520273136671086,19.530798616175584,19.52462336088132,426534.8915182141
2023-01-04,19.73554634291278,19.75207600299951,19.67215616284423,19.73334250202612,19.72954925101753,450259.9319219904
2023-01-05,20.104710986907364,20.34133738807565,20.029051576529323,20.09836358890063,20.099169750300845,621882.738118106
2023-01-06,19.58294962876164,19.678511390663484,19.46655618084805,19.555723994947293,19.56202113981432,211197.96412745112
2023-01-09,19.735258444229405,19.768720838714167,19.583386151324188,19.72625331308153,19.718565667549647,176042.30786036485
2023-01-10,19.418024725211406,19.420895057575027,19.38147668596264,19.39959977448685,19.412284544670413,249794.9076145613
2023-01-11,20.29364179065634,20.35766133718901,20.311065448278125,20.32176972780644,20.32313022685376,690463.7872782667
2023-01-12,20.071769869416464,20.20721483532404,20.070038330448785,20.08185867829343,20.08437184156012,743231.2583553287
2023-01-13,20.5826157451662,20.739395358461056,20.5752808993718,20.57538351486781,20.574307955490337,216595.6675056081
2023-01-16,20.761570060867054,20.84794607938008,20.76338005561767,20.80086887229709,20.808347073025093,467662.5131773054
2023-01-17,20.42352172608949,20.58102440213809,20.38427645246985,20.43661315329235,20.44472385235651,437334.1271815761
2023-01-18,20.570323224481378,20.69991693278484,20.50854075858896,20.574099130540517,20.56520913604541,262661.93603891623
2023-01-19,20.46463183642916,20.48232696994638,20.393346258583662,20.45687496176167,20.46130422454812,597813.7095787033
2023-01-20,20.439600037714754,20.47554438024368,20.38680971370282,20.431424504567246,20.4308948364072,225531.7580641145
2023-01-23,19.678442105441945,19.785615069013485,19.612895692638773,19.66107322359836,19.65339754598788,436419.1652271146
2023-01-24,19.861531371602883,19.83838064702645,19.744063347818493,19.832077814157707,19.829518193611,226110.05441078776
2023-01-25,19.980834224721,20.07165123153003,19.76675267719987,19.97855497142394,19.977867876958733,316914.0577440558
2023-01-26,19.752180207653357,19.864098991774533,19.593684471499397,19.74460300818443,19.739810792207525,348269.81395578734
2023-01-27,19.83003627741792,19.88992891660089,19.62048212669641,19.86802247381733,19.86228829159251,270846.795544992
2023-01-30,19.635915746913167,19.79851480314196,19.50254228280324,19.632701502266755,19.62776828005736,502845.6990365712
2023-01-31,19.764414182803588,19.87520843060208,19.625625008119,19.77101075607995,19.77237346683728,261070.6723995364
2023-02-01,19.00886254362808,19.0405619940968,18.83666712696348,19.01014051616912,19.01501331513174,289376.4526873903
2023-02-02,19.10767947961767,19.198968269843668,19.09480867957497,19.12273041963265,19.1187367857365,283190.50139106554
2023-02-03,19.520643381421795,19.58052842824645,19.446879914822,19.501484898363508,19.500016805699374,215175.82355277537
2023-02-06,19.969846464158497,19.964876917445626,19.87799301831593,19.94502258495761,19.95047377441801,127760.82138889284
2023-02-07,19.15956156935247,19.28500184170186,19.024921697098883,19.1863293567602,19.195070798668468,645716.2923044484
2023-02-08,19.212918745406167,19.27388542961858,19.20011402389853,19.22485473968728,19.21861464745321,175579.28388159248
2023-02-09,19.025286459474916,19.05543881047304,19.0108850135768,19.0238379687631,19.03044954429171,194457.86413385943
2023-02-10,19.26467110061885,19.29446880492706,19.230336978412595,19.27235968412417,19.27012871061985,202417.87166072807
2023-02-13,19.49805551779284,19.641801753363332,19.46719788842474,19.474903281262844,19.475635270762563,224048.72856307737
2023-02-14,19.65595916908981,19.64473943985871,19.56013565725501,19.639025263663257,19.631548459614827,66472.65764729751
2023-02-15,19.46305481768502,19.503039439099,19.380639955186144,19.454048210221035,19.449287300781616,266743.84607327083
2023-02-16,19.46383915201965,19.523799410754137,19.388697235231845,19.4344972996023,19.43356376161246,245946.89872446345
2023-02-17,19.48360665248009,19.72165450601653,19.434774526498863,19.510081132380947,19.51512473136336,179361.7131444974
2023-02-20,18.95261506192622,19.08652122029844,18.915397559791543,18.93345927631601,18.93553729413053,337264.9520500504
2023-02-21,18.84877627467052,18.887545251883623,18.842182441628083,18.84862261322157,18.84475163711537,139939.13663591343
2023-02-22,19.04148683353821,19.10092231617694,18.969429379729792,19.053947099907383,19.05085097375892,783424.1553507178
2023-02-23,18.97781807409567,19.069970172819765,18.97128238729752,19.04027305242168,19.041192516806465,131727.4063506135
2023-02-24,19.072934399429855,19.12394998861931,19.03453465953063,19.081674713721377,19.071395344465227,258582.369466667
2023-02-27,18.961729479901997,18.942528099251668,18.931436426511148,18.935883004078423,18.93271874579476,243337.6920023697
2023-02-28,18.557158224931023,18.8251328623362,18.37117083713188,18.55285152970852,18.554040159173024,217136.0323880705
2023-03-01,18.16209799634252,18.212079653999567,18.073818719650458,18.1702863048179,18.160555150783733,255037.1020351581
2023-03-02,18.1041996407005,18.088509975650904,18.017529337955743,18.08173312429627,18.07708793622164,299268.2050294441
2023-03-03,18.061322966170547,18.07207497480411,17.959206329082342,18.053250459507968,18.054217971646647,160061.4373045691
2023-03-06,17.33771032274219,17.371864734340985,17.258747792113414,17.338538136585253,17.33836358361382,152779.28704371222
2023-03-07,17.467375411468556,17.489246289134755,17.311903485189642,17.47955758446357,17.476869794482937,386592.0284427934
2023-03-08,17.95241558061394,17.969706184913537,17.773924094434594,17.922830808355712,17.930071026091543,181173.70480422417
2023-03-09,17.67971006040914,17.74095197260066,17.580995650953327,17.669811863750446,17.672133855024253,196327.51704532583
2023-03-10,17.622707380815772,17.711262668845162,17.534064229778455,17.610338384206276,17.59916031493623,191847.33517293635
2023-03-13,17.749883305415242,17.814071386842798,17.744044948170597,17.764246206829064,17.769228484783255,364728.3390715105
2023-03-14,18.007553902151283,18.101188424588,17.825060202459998,17.98666447751085,17.992769136574534,413996.6158777915
2023-03-15,17.809599964386894,17.85605677144669,17.780912044202168,17.81245987466587,17.804809149796718,88673.11688039755
2023-03-16,18.46834548575122,18.479247060645925,18.284288662027212,18.471012598136053,18.463724090026773,208805.36558569572
2023-03-17,18.60531844726748,18.6228622079266,18.53647377628369,18.575201369713383,18.57840354037598,337553.9622918872
2023-03-20,18.493501730386228,18.45714991277997,18.39094796481316,18.44366560536089,18.44026974290328,183095.0594002458
2023-03-21,18.90553011444834,19.03551083658161,18.78489584862602,18.917957231719896,18.926316030426783,470133.58720414096
2023-03-22,18.436892703182146,18.53086753936818,18.43153342578669,18.4604749458541,18.455526220977788,216005.55041018868
2023-03-23,18.58500373259227,18.624835530216664,18.562139357556845,18.59318929820081,18.595101447341214,406310.2385274188
2023-03-24,18.60950749751293,18.725311835785547,18.58199262476884,18.6347285245111,18.634802321578466,552032.8051379856
2023-03-27,19.11978622199156,19.281619629439504,19.043651834580256,19.112459043626323,19.11098510081362,199975.9216100249
2023-03-28,19.00053219552385,19.05280053570819,18.94387517353606,19.01528706521705,19.012759922052474,170600.13935980247
2023-03-29,19.337975728137604,19.38308855670322,19.28532859933467,19.3622253131227,19.36145494330408,268468.8612800818
2023-03-30,19.35258097810354,19.349555390967502,19.18560039797125,19.318441248311203,19.32273073499077,290632.74817868817
2023-03-31,19.148702129028383,19.249637116903028,19.056264134893887,19.14804210314504,19.153849441506047,353384.82175047207
2023-04-03,19.537768285323505,19.58243204844745,19.4316042793416,19.5305134791624,19.53531914506825,880855.483960539
2023-04-04,20.35325924176761,20.43048179852289,20.288742582336223,20.341930847312327,20.33794608489318,294800.25379302696
2023-04-05,20.08254499864871,20.096806869292504,19.966607109394538,20.067930564570883,20.072428187956955,517361.4376440301
2023-04-06,20.5708712427546,20.615909956277168,20.5631093264325,20.58392568267756,20.586606028552342,328386.7654586821
2023-04-07,20.371880341903733,20.53155831376016,20.229652121319106,20.37813427358773,20.380533990513666,117679.96658184077
2023-04-10,20.89180109227449,20.91760144852146,20.900024071486072,20.90618944181379,20.900953223247875,132543.25110302446
2023-04-11,20.984134724498688,21.050499544937647,20.94637435670241,20.994291755960564,20.990662502223994,343082.4673555117
2023-04-12,20.39769354624256,20.41296634316623,20.391608532292096,20.395530985476224,20.39633626015273,565055.0697858039
2023-04-13,20.220533433573827,20.23004025692919,20.20749337310585,20.22298704454188,20.24186675614998,444173.8713269087
2023-04-14,20.256600164484468,20.436422139588714,20.167862015295047,20.253033920470028,20.252763018280927,307165.1497729067
2023-04-17,20.54544044816966,20.59514029946017,20.50643397718853,20.54782331685356,20.554421476737307,481923.9696752108
2023-04-18,20.738864137507743,20.90416408936824,20.615127312587152,20.754042592127465,20.766756481488056,223736.1961337669
2023-04-19,20.608483252547064,20.636607986421613,20.62858109522744,20.634251555056945,20.63956452077292,383224.60913202574
2023-04-20,20.05768282433368,20.251646683434213,20.02468050520369,20.04733271485953,20.04399218546809,178560.54302814466
2023-04-21,20.34600503638978,20.52461135434557,20.27362593292123,20.331935364713807,20.34166414279196,281669.62827933714
2023-04-25,20.347047944002743,20.3238924602152,20.298686300957137,20.311571824109013,20.302103126858103,401607.5859906389
2023-04-26,20.329538476433505,20.434041158387966,20.191433722083055,20.30975461820488,20.306946953396523,913704.926582826
2023-04-27,20.46119494170781,20.50085732563372,20.400510091575686,20.469389642409453,20.47032294827831,109144.623551679
2023-04-28,20.13884947008352,20.13335233179848,20.095138739433963,20.10841660069532,20.11187255406712,291317.51714458416
2023-05-01,20.009881215705995,20.198584735055015,19.978047874364982,20.024332014815474,20.01645469935529,271604.3759028769
2023-05-02,20.380471277745546,20.376778648906384,20.222850608431692,20.34602596108474,20.34140426811476,209049.07086177805
2023-05-03,20.28398223199689,20.3393216821599,19.99200469860473,20.269003843859068,20.25873584474579,366332.7647990501
2023-05-04,20.06786568046105,20.17154563372692,19.912300328203774,20.043033334573643,20.04304907998716,175429.38768835602
2023-05-05,20.211488778120728,20.294384506786848,20.017397578668223,20.18637038814802,20.18867196289164,273757.0510559838
2023-05-08,20.01580782915011,20.05335569474691,19.968926361106423,20.00624734401521,20.00774163998348,280989.1849659445
2023-05-09,20.07062693409385,20.16099101298899,20.010515776087765,20.036403124756667,20.03152119665704,253356.7309353917
2023-05-10,20.41217817254144,20.49123967634214,20.381048633800336,20.41321680068672,20.41320320097281,396947.8904651674
2023-05-11,20.40223611016611,20.439105111882142,20.38169881197757,20.4046117110428,20.413568340633688,669138.0427810733
2023-05-12,20.46018303403013,20.485767157428825,20.17232955073112,20.458568625014053,20.47030610030244,181073.77573180795
2023-05-15,20.35420063727736,20.54083970627861,20.25304694749863,20.33818256853465,20.35114964978348,217519.52004666685
2023-05-16,20.24261264270241,20.32480764493463,20.15654391392357,20.242867394089547,20.24558456797688,387057.0052272001
2023-05-17,20.46993047497104,20.54099154804339,20.45880641767187,20.460137171290008,20.463920582302254,340468.70967982954
2023-05-18,20.301414116020105,20.338356303667123,20.3084847246803,20.31557893716694,20.31514901539497,122633.24636293114
2023-05-19,20.59172913078129,20.78606296072439,20.50539067542165,20.564919768318315,20.56477011174542,426181.4018988646
2023-05-22,21.066970266976764,21.16221234670957,20.96540317790974,21.050901115081768,21.04515304758325,137903.80302669978
2023-05-23,21.35287506538404,21.347360519206173,21.19884116815452,21.328911193832862,21.32973134628307,399599.9321476242
2023-05-24,20.920341347942745,21.046307210235224,20.87872187925251,20.90525387974688,20.904995205220025,134575.7686486589
2023-05-25,21.537933691696708,21.62172338891054,21.44547192785368,21.52619195696367,21.51489777216305,539486.9452790306
2023-05-26,21.15677191258205,21.20113726866525,20.91956274288263,21.11751894539112,21.123851305811144,521087.7817117979
2023-05-29,20.75599876279068,21.011181791875856,20.66698533435965,20.75056506735192,20.749648074152592,310990.9482486881
2023-05-30,20.390858365307576,20.566526363673606,20.37403012668269,20.38498778547056,20.38521056128471,366511.9448331323
2023-05-31,21.06634952413105,21.110701088421703,21.020811914193843,21.065398331647483,21.056966715925338,255367.17863431768
2023-06-01,21.035763357052573,21.064634388131783,20.88571856339724,21.05837676788346,21.05464328831513,525159.4610982811
2023-06-02,20.60766986227448,20.68256345945801,20.593912497903816,20.596975588573404,20.5949657282,135287.03570370763
2023-06-05,20.249355810739846,20.454592056747558,20.21958163255466,20.27460851209,20.278010595309635,49994.41393700952
2023-06-06,20.009758674360768,20.134808508082383,19.98875609502977,20.03872875404313,20.04097685428853,176790.99180123492
2023-06-07,19.8598595041018,19.88130759710087,19.811157413698385,19.83661706958294,19.83498154771696,496742.56916370994
2023-06-08,20.17949583397555,20.28589855239607,20.14625232540016,20.189157765927,20.18016287229679,332377.66003877355
2023-06-09,20.436002436179848,20.551159505801376,20.41457909630398,20.433593594810983,20.431645582908867,430807.35216570593
2023-06-12,20.39310980511734,20.45042240321421,20.316022228469773,20.356039325245163,20.35342572282397,389235.39667738834
2023-06-13,20.923026649006275,20.977040635507397,20.901888530604296,20.919057099785796,20.914549790791,284627.24780432746
2023-06-14,21.38758840390417,21.46006075854654,21.316721314673607,21.402393020973005,21.40268545281594,170250.82401239983
2023-06-15,21.92612253137695,22.119737471461825,21.78859525454027,21.92261837094543,21.91771626322828,267594.37908235897
2023-06-16,21.23904371709857,21.285883003571787,21.125681688454087,21.250292463720825,21.25307305272647,368096.38488321344
2023-06-19,21.497486392944055,21.54724920030002,21.494208368802884,21.496907583998684,21.50232810603484,332188.570775356
2023-06-20,21.11959044960769,21.22924642348008,21.077549242147416,21.12249968797025,21.10903593302873,243036.2129928904
2023-06-21,20.911961039495324,20.95439424749808,20.886030189060605,20.906950930043493,20.910554990631777,415514.1725909266
2023-06-22,20.653001455730227,20.72026716091905,20.5618608215197,20.65028375821329,20.65709311300379,534821.1078254064
2023-06-23,21.082665518761736,21.15814977924828,21.016892555582064,21.09722221436231,21.0915488246124,132658.81486320542
2023-06-26,20.924344202596966,20.982358458959588,20.89028691419345,20.919274599629247,20.920361557617056,188673.13377046253
2023-06-27,21.001657316834383,21.16338339466681,20.91570205611088,21.003112126388405,21.010852035357043,361938.6586842576
2023-06-28,20.619082573296144,20.787374908998544,20.50227889098373,20.618869067542175,20.607385969368316,332248.1402980077
2023-06-29,21.058888424745152,21.21358737855932,21.015112043583915,21.083746860024547,21.07569630552834,472082.1941398251
2023-06-30,20.96043001695656,20.967497232727457,20.712563177948297,20.949964138063507,20.95082981317557,371696.24264330434
2023-07-03,21.20056298563411,21.241645715981623,21.212466346661213,21.218045752402467,21.21400270184923,317574.9750027405
2023-07-04,21.331335438867683,21.42758717767676,21.15775469507173,21.32706865238769,21.325733050477236,140783.28265433354
2023-07-05,21.10747098317877,21.227220614585416,21.09762333238944,21.122518175653347,21.12421503848689,277445.58546235505
2023-07-06,21.12560844605055,21.263024109455152,21.07526445695233,21.094334742654656,21.08770272658948,738406.1129206825
2023-07-07,21.09182748239356,21.1360313700708,20.99359728763978,21.057924647360352,21.061525620224124,303681.7798755395
2023-07-10,21.65684033061649,21.852324178000053,21.591833864994346,21.640229122096088,21.642855004947634,344820.4217416103
2023-07-11,21.645137500324005,21.764085615869234,21.51201626841025,21.66424787602913,21.666601401772173,87128.01354585939
2023-07-12,22.00545483062677,22.04775186014848,21.86515649557726,22.02483228814999,22.029451199451888,150721.8089611887
2023-07-13,21.835530140550546,21.82462687432749,21.681453473494567,21.800257199096656,21.80518724699988,332785.7404265125
2023-07-14,21.01241916894283,21.08314698052228,20.9583626358325,21.02372061468736,21.01640279277197,557787.2794548181
2023-07-17,21.400424724158064,21.4157807250743,21.364258726510908,21.378445243528,21.37531673855728,206504.24699046265
2023-07-18,20.8716463013693,20.88924660190789,20.771293828789396,20.85615354481944,20.85478926516935,195248.5007823006
2023-07-19,21.373212756067776,21.375411325479305,21.218474245370206,21.372186573081624,21.374897652683444,66643.84026939081
2023-07-20,21.697807375048185,21.700720163818254,21.61136999996256,21.69502212815708,21.690223212154628,228193.60136165572
2023-07-21,22.20840661398892,22.34170796609319,22.205398208280805,22.20586640440021,22.198620680586497,223001.70828003064
2023-07-24,22.04403234137208,22.07596310150973,21.980318529722837,21.99938309295251,21.99973222742841,259827.86195871723
2023-07-25,21.580793340826897,21.62352943299899,21.52914873621048,21.60331832160232,21.601185656192293,293645.37214760075
2023-07-26,22.08059538692266,22.278666439399192,22.03814640680205,22.091050167604,22.09730775426688,179580.33077564504
2023-07-27,22.111900531283293,22.1986416747072,22.00880174785849,22.158318820422263,22.15650278409533,154952.59902661142
2023-07-28,22.37888876810577,22.49088595770913,22.31077575177209,22.395849640405853,22.40624589565326,116313.1012298682
2023-07-31,22.296474525811323,22.291969837345448,22.08772049369196,22.274268460910047,22.281216325908453,0.0
2023-08-01,22.678691878315185,22.806234663211,22.648012638886083,22.73410171586043,22.73513575454381,256526.2349149845
2023-08-02,22.088424008727745,22.29297060820891,22.042646136679284,22.13573345422509,22.12613633452864,476732.2280073938
2023-08-03,21.978791038180844,22.172938180312208,21.956188851897867,22.005415807907728,22.01289515462113,233617.47918853431
2023-08-04,21.69463897605749,21.81784290242133,21.684658599173893,21.689399683217168,21.69668162460352,309220.5134020015
2023-08-07,22.15789326082876,22.225273485333133,22.094199290380857,22.135352719146717,22.14264637636541,226003.9285006821
2023-08-08,22.346177139610347,22.53306472976432,22.22832988401964,22.389476337571047,22.388819565567847,216252.7488939121
2023-08-09,22.671349637173225,22.750768127885472,22.667541386204963,22.674973334619104,22.673344441084986,438006.636916056
2023-08-10,22.73175371856673,22.96610535658704,22.5324724822937,22.76440640321815,22.769451774591086,217526.057000878
2023-08-11,23.11046183504481,23.351082609181717,22.94948211722146,23.118049126827263,23.113044834334197,491133.4439628564
2023-08-14,22.71574423397666,22.769850747917666,22.673478856271977,22.722307093885902,22.720019429142592,295796.6684749271
2023-08-15,22.68783251050433,22.92159037256221,22.69933053371028,22.705743196396416,22.710077566143813,218661.3870710753
2023-08-16,22.260315447302872,22.30529161485671,22.246503122404373,22.30018844228532,22.29509034069066,298993.67213314265
2023-08-17,21.534679506175184,21.647053319920825,21.565148130534094,21.598486797720074,21.602305022764757,462738.4738783233
2023-08-18,21.732149121046174,21.84449901237488,21.591318708779827,21.736273626055976,21.740005913326847,233614.5794615358
2023-08-21,21.721442798434563,21.87381820749257,21.72126987051737,21.74531474611845,21.74928108269936,245752.04077995583
2023-08-22,21.21465354755468,21.25500256101593,21.21591555997721,21.238864748228213,21.228016658952317,432580.7522948789
2023-08-23,20.96963611616077,21.012475654373883,20.93006518664472,20.97054825305897,20.97221862213267,271502.20290243125
2023-08-24,20.582058225042715,20.68542369220712,20.583409750461577,20.586072424677894,20.587055135125315,278224.4256017834
2023-08-25,21.137410398520764,21.25244279873812,21.02354028942779,21.174340378902446,21.17261796761869,617411.8618466654
2023-08-28,20.80866843317524,20.89507270212146,20.820521855687847,20.83663681903167,20.823988688367443,190130.19972003184
2023-08-29,21.6199020741436,21.65440171032476,21.43072897585436,21.63365198825073,21.634861175345343,334094.8027808265
2023-08-30,21.5269371180708,21.56995176262525,21.554121924923287,21.55662674402753,21.552841256329454,224768.81620481095
2023-08-31,21.83282299902095,21.836799240179623,21.59339661840719,21.833627548160795,21.831078217644617,589378.5184942565
2023-09-01,21.36371963015553,21.504427786061797,21.34192936625912,21.352713412429555,21.36184927439718,290245.4148157735
2023-09-04,21.631784799261432,21.72186893946294,21.586033234377457,21.631908868277964,21.619497790110746,495290.3080215628
2023-09-05,22.288148854187227,22.37021887980893,22.220426482678075,22.29953243155356,22.30773116548752,211560.8101577717
2023-09-06,22.671446972808823,22.755858845802788,22.478239531253184,22.699504812424763,22.696629883263544,89056.02428760986
2023-09-07,22.728593009485994,22.74979028268874,22.717866506272333,22.722407564062262,22.73003685606372,424510.6920624754
2023-09-08,22.759668115724697,22.76882588824929,22.694576764013995,22.7665095723124,22.76103196099375,289615.4997173116
2023-09-11,23.02903866413206,23.028566051060515,22.950050832922027,23.022816407531977,23.02107274512121,198259.63028130276
2023-09-12,22.454328421460332,22.48881523153341,22.288608909060464,22.44067453958625,22.44521137604676,484375.78161108505
2023-09-13,21.74273981510978,21.80274630333604,21.70949959359336,21.75979016964008,21.764579398597643,290099.1666915549
2023-09-14,21.967943347303105,21.961266436961328,21.81619453642581,21.948220619048243,21.949487334259658,136364.40662122113
2023-09-15,22.48404798032041,22.586398052705288,22.3716735554063,22.5022881340044,22.50490367341312,533505.6343446517
2023-09-18,22.91430551592118,22.949017946248414,22.92391166502591,22.94307891238161,22.95581350841428,523910.0699104889
2023-09-19,23.32161341938506,23.64339604162901,23.362212343792663,23.36239078279665,23.359779564831737,344050.6423195264
2023-09-20,23.32489832330429,23.47131686908984,23.28673997128773,23.32941328358125,23.32453464390439,468921.21013668296
2023-09-21,23.503460682770125,23.52338559863404,23.36879189140167,23.50051100776798,23.50015557760928,301827.7465900204
2023-09-22,23.68012292242453,23.73736315607717,23.618328148378527,23.699198460298287,23.694965623961263,171007.7244060252
2023-09-25,24.24850775760942,24.274566414162223,24.10323094861054,24.252987072352347,24.251177879011745,264607.4027329754
2023-09-26,24.111166136420906,24.10489061727087,23.87622404035296,24.09840591339648,24.09361500589737,310103.3509274958
2023-09-27,24.171440759535745,24.20176500294733,24.158189301555392,24.19460580541913,24.186083456483303,206317.80812259985
2023-09-28,24.353765255221155,24.522579353069165,24.136155498651057,24.32651486747752,24.327272029061582,230359.24158330497
2023-09-29,24.835065120726565,25.05363750182081,24.773868333899323,24.83760234501781,24.826521845938284,127944.6019879274
2023-10-02,24.62370133855252,24.632358021371783,24.480918314764253,24.57225060258233,24.57236168925932,207570.25403382097
2023-10-03,24.81704232278117,24.92384464675986,24.8152180956548,24.845807746589696,24.835377977724068,1092021.622676303
2023-10-04,25.69763862057643,25.83451808345067,25.616114543818945,25.708528884019227,25.710344156857293,644047.641340235
2023-10-05,25.933791520698524,26.01497716908595,25.85539987344659,25.912941646260634,25.917433536184213,388642.1723683366
2023-10-06,25.9197756759124,25.935664050762515,25.62714723136054,25.91570128435179,25.91770220953672,221640.45098042832
2023-10-09,25.889985801409125,25.93800548360799,25.84953062001814,25.88334261981545,25.88392183330292,648726.8840925277
2023-10-10,25.629501380530616,25.70820165378024,25.60029797816705,25.63883977474173,25.62698113575348,133977.97810106224
2023-10-11,25.918843918971717,25.91222343952843,25.872257454293603,25.90222856239333,25.912087208877107,159244.38912548643
2023-10-12,25.55579259576956,25.553496074193557,25.340416473829016,25.550164786752035,25.54622554350067,269805.9018244693
2023-10-13,25.241191838527985,25.285194062053243,25.19545003434064,25.25833520482881,25.26859931809565,284821.67148048244
2023-10-16,25.573260040224177,25.605718699961063,25.422529204976268,25.586374805819293,25.584697531522384,404333.2031873229
2023-10-17,24.93125550680933,24.95667577809448,24.82398512325145,24.92081736874831,24.91947359496798,286983.12666518264
2023-10-18,26.02721071575537,26.042681132898284,25.95927782393894,26.03450070253486,26.04314353198435,302399.9580444285
2023-10-19,26.032377557276085,26.11113258723067,25.965596347203164,26.04710670126019,26.05039106492089,602462.2748536284
2023-10-20,25.12900586106657,25.237878658680504,25.066939781411023,25.147805500571963,25.14529924367585,62848.38874356758
2023-10-23,25.664085789971,25.67056837360927,25.45035892194958,25.65845404000088,25.659428133846635,278144.625282845
2023-10-24,25.88863098469818,25.97157831992453,25.869708200719728,25.911970584109387,25.91382731711589,602361.450125169
2023-10-25,26.428602898727167,26.53365657205457,26.34834088904188,26.464961927081283,26.463756612067904,412145.7165817733
2023-10-26,26.386823804615236,26.48449350442791,26.3414003751438,26.365375854766125,26.372851429032867,540858.5896551107
2023-10-27,26.036101409298634,26.14110435765751,26.049365735802837,26.072385411113896,26.070942478153,479277.8272744424
2023-10-30,26.73883324340763,26.774457899123536,26.680214299823167,26.76489594636984,26.767083979011485,574974.4099531155
2023-10-31,25.93416085449289,25.95920058892894,25.92739148773672,25.93316066238919,25.92935676410581,351404.8720170209
2023-11-01,26.73773792129503,26.92922492198503,26.49018826446855,26.734832447353966,26.735072953448647,561962.9616953861
2023-11-02,25.99039789271373,26.086460767639544,25.965550440240747,26.00376348001554,25.99899232631052,116464.14509582984
2023-11-03,26.141811389959265,26.20100252026622,26.09959210205444,26.16820132680065,26.167519891266856,197396.0939475173
2023-11-06,25.324898169773377,25.43534868744724,25.06727169416421,25.27462736771509,25.26399204641976,92408.23629506152
2023-11-07,24.34502582802007,24.489808220970342,24.279843330742725,24.34919954847609,24.35072349105347,488845.9544989166
2023-11-08,24.23056505193984,24.40875447314805,24.2081510358732,24.24138508223017,24.240097501407337,229706.97552476748
2023-11-09,24.2415369832423,24.330934749693967,24.00438314906444,24.25980815928632,24.271120485365696,294683.0984910008
2023-11-10,23.869031164048877,24.02861764318291,23.684586778636564,23.8873736002429,23.88124012040456,183184.44903858652
2023-11-13,24.52657397527146,24.52792134239782,24.463057035039544,24.51356984968994,24.509629261600875,834509.8205429278
2023-11-14,24.59500681633017,24.61330748856878,24.555993855218382,24.5616319865532,24.573986279595715,376024.2284748346
2023-11-15,24.319777432210422,24.43087546053385,24.177367305304443,24.299025352805742,24.285658003201128,332538.887262742
2023-11-16,24.197610836624342,24.38782424486988,24.00909771809703,24.18350552384238,24.177706112660506,70509.31318603034
2023-11-17,23.81594054987953,23.80739576059322,23.79236779353675,23.806174597047136,23.815264990517917,604994.6506923508
2023-11-20,23.281663801074057,23.45322637204232,23.03341924288748,23.274963061617903,23.27269309097177,319486.7313940498
2023-11-21,22.709306625028308,22.826026492111712,22.45280496373726,22.71952240883864,22.713672965359493,0.0
2023-11-22,22.69373410831321,22.74279294442062,22.697090636147745,22.7119930099798,22.698232452951636,572297.5357150356
2023-11-23,23.148683051256565,23.181033743779413,23.038679176757764,23.17493208647679,23.175762037972422,85932.01683340046
2023-11-24,22.972833095468065,22.97851195252566,22.96251997371961,22.970844381537244,22.969352045853704,301554.7237914913
2023-11-27,23.172084102153622,23.33438652226859,23.12916938318092,23.1884653701563,23.189879281046103,438064.0242754599
2023-11-28,23.427974923090595,23.50821331323923,23.361451578005703,23.441411967778937,23.453340874740757,195264.50953466215
2023-11-29,23.73065119287859,23.8516652829678,23.66895806191454,23.73355631616625,23.74186214544253,120023.3503268743
2023-11-30,23.83459363678437,23.90127496417653,23.801497222338565,23.854269480203467,23.852480324759583,376017.3513863917
2023-12-01,24.394250293756635,24.43837379311729,24.376021183530003,24.379009053737903,24.374615100467253,403670.5338376104
2023-12-04,24.262962339702234,24.26354097573756,24.18248512547608,24.21507825621772,24.216724801603675,241205.5465588426
2023-12-05,23.803878618837995,23.848590329318675,23.803793362471552,23.83045516865712,23.8337897425736,198336.7013742884
2023-12-06,24.03206600859075,24.134431613758657,24.051930096745657,24.056296305002608,24.06321237373399,391433.9957251368
2023-12-07,24.30767570773985,24.66324996131589,24.26096376617688,24.300053849195745,24.30495824896365,188403.447790414
2023-12-08,23.929343940508023,24.14575143062979,23.902798111013347,23.93789971916116,23.92938437717811,316470.7837056708
2023-12-11,23.599914318125364,23.669042749788375,23.41404133776828,23.60178142216868,23.59445297658397,215170.1930195089
2023-12-12,23.40088801518918,23.44672870408951,23.40900275974254,23.41239184683661,23.40614209308512,835164.4036782826
2023-12-13,23.138587204699867,23.18222628351465,23.12787849538868,23.13305392494959,23.135453577154355,210579.70542867453
2023-12-14,23.88362974629804,23.88517850736769,23.5802590877292,23.870807772783348,23.87047013478231,316849.963061027
2023-12-15,23.77922117382074,23.83002877650764,23.584625239463893,23.779033193322377,23.77594950942713,814796.8681058872
2023-12-18,23.62109935006419,23.706377116792623,23.60673451971115,23.615864728857435,23.603858017198533,68197.80396347499
2023-12-19,23.08461820092202,23.09697350753446,23.044291062708613,23.09028886192062,23.081468591371856,186798.3019084981
2023-12-20,23.359245930022745,23.45170220261068,23.28010329133544,23.364650086308057,23.362932968274244,278739.02996160724
2023-12-21,23.314176875126247,23.383917510709,23.27879969714841,23.328145490909225,23.32766786185632,185085.8647086247
2023-12-22,23.766808852797105,23.830950219959384,23.619975395279702,23.75170880036468,23.74296924172713,145334.06679265236
2023-12-25,24.307201291138743,24.41501042797919,24.253624905552257,24.271740348370358,24.27001411504401,150017.8945919435
2023-12-26,24.806230781038312,25.14785681799189,24.7998803063976,24.8118323985779,24.814973316030606,724303.305310407
2023-12-27,25.064145336420616,25.188376830557356,25.02578449216028,25.06513507891411,25.061990738162223,381200.7901399917
2023-12-28,25.422651065196145,25.52233254714888,25.336542538757048,25.448866329569817,25.45948856510501,212842.6389388098
2023-12-29,24.591250197389563,24.70789765015079,24.450140835109178,24.57955240221132,24.579100290453358,247968.174117319
2024-01-01,25.24120767614789,25.41088083296222,25.12382277349499,25.239255528730755,25.239686204239675,600305.9637103791
2024-01-02,24.83994559552283,24.859869132521457,24.668162036755223,24.79941541195897,24.79880337941248,392438.3713531028
2024-01-03,24.68541956946598,24.887845750771977,24.642925651051737,24.69581453627739,24.69633060332547,252117.9185249204
2024-01-04,24.97113253439989,25.0243723156793,24.967582612122435,24.993550358076785,25.000742987632265,99832.60106233082
2024-01-05,24.55031837180696,24.600625864116207,24.530845577295946,24.53997779401304,24.53894364394492,126247.78780565274
2024-01-08,24.005410808186145,24.029971567202963,23.702808606609373,23.98510959880985,23.98042415778954,285922.4478039184
2024-01-09,23.714740347373432,23.736825265067843,23.62030213087553,23.72103099320227,23.724032231756794,322277.76903477183
2024-01-10,24.20175214917614,24.45542659870506,24.00884071197955,24.22385386786552,24.22068429102237,222108.9151909425
2024-01-11,24.53180792931421,24.69581452324849,24.467053783598185,24.54262224671341,24.546585314102696,151845.7375799885
2024-01-12,24.085690660251583,24.188102628290807,23.98975594876265,24.12711491359604,24.12609868290841,910634.4017984628
2024-01-15,23.87981701434356,23.96105216617202,23.7988194579395,23.898864453732383,23.90498381187788,572244.2602600361
2024-01-16,23.667840248108405,23.895944607143733,23.58978492845085,23.618190181956173,23.607795578182984,327205.00080067664
2024-01-17,23.7307790483921,23.74849580467126,23.678962426587542,23.717811934880107,23.72240074017385,419993.76068380586
2024-01-18,24.519574788557964,24.55224721767945,24.396398576767705,24.490723970979417,24.487588196695164,125579.27025873912
2024-01-19,24.73204073140927,24.736361151793023,24.60767341191085,24.72354010345395,24.722766824041397,571605.465318786
2024-01-22,24.37078442074132,24.410758457000103,24.32861390816204,24.3421887232954,24.34253600121596,147799.29888828256
2024-01-23,24.657590723629085,24.723495792414194,24.617170749257934,24.63815118262208,24.646354634721828,273427.0773238945
2024-01-24,24.95163404580785,25.06812345812717,24.827664720062632,24.976958436328232,24.968311964325487,807876.3976247854
2024-01-25,25.108549933013183,25.24138488339483,24.92930773162537,25.107660830139437,25.11706150973534,160062.0863474274
2024-01-26,24.529150458784265,24.71467276887089,24.419471494358813,24.5417425722568,24.542384394797462,71759.72533143607
2024-01-29,24.3236037112138,24.52494937164742,24.35056388942329,24.353552619010284,24.358406429506573,162872.65036272828
2024-01-30,24.305005120138347,24.470976310000005,24.28711000011913,24.29695667186348,24.300057042750925,348902.3057988244
2024-01-31,24.160067616911807,24.30145680173668,24.11946289383385,24.18859787323092,24.192883580244096,773721.25058387
2024-02-01,23.97692320042301,24.407107208505547,23.939920947559727,23.97024675344739,23.958266617707693,669918.3860286351
2024-02-02,24.001448983663067,24.20889094694701,23.91778589062416,23.99602498933365,24.00115741392532,98717.41540923096
2024-02-05,24.36521442172659,24.48917639630257,24.30050885359164,24.36220039925657,24.357208702930425,251339.54669058297
2024-02-06,24.43587713889792,24.55666358528429,24.361845014422133,24.445195686827574,24.445195686827574,196610.3864139988
2024-02-07,24.044479302897585,24.1024908536884,23.92895329679628,24.0384314228718,24.02731048478125,686428.1275881638
2024-02-08,23.904983979560026,23.900038371528748,23.6297736991473,23.88761713674785,23.888509256223355,483662.0796377811
2024-02-09,23.915281327833032,23.976197006403044,23.847181558658217,23.938498688380378,23.931290035396675,191192.844169887
2024-02-12,23.609529522732757,23.66161762825925,23.59617064347886,23.60791025745448,23.60999183645933,433664.6651071568
2024-02-13,23.842507665355644,23.901110054825168,23.784445673279063,23.89786911675921,23.886378207262503,127776.80490330434
2024-02-14,23.884546326867014,23.86979195878971,23.817057196362224,23.851830521571312,23.85022620537679,161374.66431085512
2024-02-15,23.66405111932353,23.77139273368606,23.639405157729296,23.657300195394143,23.655944775719227,404868.4431970687
2024-02-16,23.66442165995264,23.858492761509787,23.629856456634556,23.700461965154776,23.70341894480746,398044.533918553
2024-02-19,23.098811645616767,23.134653040502936,23.01669096360998,23.12450569635566,23.12330775077412,877609.6854412651
2024-02-20,23.028426419859088,23.124514966967645,22.9707062323206,23.04974167928232,23.058965955196257,231311.0613894008
2024-02-21,22.85613406141882,22.945386338761647,22.812224678243105,22.88153555211555,22.879639581002493,460073.8411044233
2024-02-22,22.669642656809337,22.823195137664623,22.644127971649542,22.68694499787081,22.69193893017069,135322.870885426
2024-02-23,22.5422401603821,22.71336445957725,22.50353604155368,22.53765013196812,22.53886658554911,432931.8213892503
2024-02-26,22.624976469523183,22.721521401440857,22.42522406256524,22.616027369958385,22.620814950143053,360238.5193238332
2024-02-27,22.86369820919948,22.894891817274093,22.7678714578665,22.832338175709275,22.82565838416286,1076756.2829195417
2024-02-28,22.854422225055977,22.878929929793895,22.734561982917096,22.877616567748152,22.88136791811184,214559.29524886145
2024-02-29,22.86422261798756,22.895302137626253,22.800440563281697,22.845026653950207,22.84266533762733,115092.22533112847
2024-03-01,22.783014692592808,22.838977304431666,22.653270490415107,22.73199631090211,22.72712090800429,154824.6061091833
2024-03-04,22.817627107537387,22.846050764448183,22.738768244168917,22.816927257391583,22.818294995375584,239086.63967632173
2024-03-05,22.805908209763302,22.97193799199105,22.80346207566414,22.816033703049342,22.81859145145619,580767.924349754
2024-03-06,22.64545355501328,22.64994791826804,22.600446523825937,22.63879406084607,22.644056259514915,348533.35627503303
2024-03-07,22.980316228031956,23.10326995773397,22.83057441451161,22.96771278511571,22.96861354623269,149050.34138921215
2024-03-08,23.03669684239104,23.21586892232495,22.84541947895964,23.06244458273381,23.063322216528725,286173.5129939182
2024-03-11,23.004367571771105,23.20398634418077,22.96697344801052,23.031122510237395,23.024729194024744,168307.75512011268
2024-03-12,23.362795184636767,23.51513803632017,23.36729721378143,23.367905838004543,23.35625393877096,217711.43186920093
2024-03-13,24.3516817602034,24.437541456038986,24.16589496408653,24.31493136305517,24.30981646725707,235280.44576949105
2024-03-14,23.57499706563596,23.615134925732963,23.51563904403131,23.552723432959336,23.54369192306272,314661.6668063727
2024-03-15,23.413706189171197,23.461614084317848,23.13926831171681,23.408244942902066,23.409089904079355,341718.47183999995
2024-03-18,23.39091526586632,23.530129543557933,23.35266329061005,23.409093000201484,23.422987837313727,0.0
2024-03-19,23.460722992540123,23.60797245184289,23.40271253417534,23.47739219775461,23.4754815752187,109984.7171411423
2024-03-20,24.03283603343264,24.119376636895907,23.991110676148335,24.020991704594483,24.027962724146697,217407.44279764776
2024-03-21,23.388329663346852,23.356139856519068,23.311338936831596,23.34970825194021,23.342959692849853,0.0
2024-03-22,23.33788284255359,23.355909577184008,23.2731671613871,23.302083836395607,23.308399562340213,636706.2573658213
2024-03-25,23.219015615430703,23.339907003918498,23.17605851951298,23.223167225115358,23.220286746500143,201320.6906934461
2024-03-26,23.23636826461403,23.272606934930373,23.208418170695055,23.211665249727545,23.214982551688664,411039.9128560543
2024-03-27,23.31242031951268,23.46404937849049,23.068270177985248,23.294263976900005,23.29463293037734,327618.999044742
2024-03-28,23.404913956520037,23.59147894258764,23.274500440950597,23.41417970618346,23.41960394352412,159656.01495221775
2024-03-29,23.738703389462767,23.82907230276761,23.62174808271172,23.7113107854306,23.710390552313964,439497.3205586769
2024-04-01,23.71637238926957,23.931442114174107,23.711810361279163,23.742656349151986,23.737794037064795,815805.3598966851
2024-04-02,23.684626081007952,23.669552125645552,23.58904212159062,23.652315943943293,23.653414066319105,313203.4196448913
2024-04-03,23.74688782175725,23.81733233847243,23.5028359958144,23.765322884561325,23.763045770527217,164721.84871625903
2024-04-04,24.35696622529934,24.457558303313636,24.34297260985141,24.36634085073803,24.37124020186935,98659.13286449463
2024-04-05,24.187549759450334,24.32673840894487,23.92156907590849,24.18773028919108,24.183927609433518,258316.9795110138
2024-04-08,24.179112870572187,24.17136091404862,24.151419098585148,24.162893283622488,24.164012070298707,449560.97102023626
2024-04-09,24.910253478296347,25.01034352093409,24.73180592286382,24.8989095809452,24.89447899159511,62305.25998292776
2024-04-10,24.30408824132536,24.40419063519341,24.238467400860344,24.33022601304457,24.348213118235066,212446.9325359664
2024-04-11,23.889369957725712,23.975911234231,23.822828556442133,23.914792700741213,23.91573165851017,354490.7925569431
2024-04-12,24.686422647272213,24.745586499969523,24.68308067170665,24.73066179078852,24.734401292260408,374882.2809069888
2024-04-15,24.259361641098145,24.300092269889845,24.20147800049338,24.22745129230112,24.22491066348716,135334.92815306052
2024-04-16,24.2303499159205,24.47994530207538,24.228158648752466,24.252474606198604,24.25211719275127,188269.97566942908
2024-04-17,23.63269087560763,23.668755737616223,23.63468096598676,23.642500417326914,23.63990396780348,371917.9352955707
2024-04-18,23.59110393396517,23.78985806434952,23.33075234419671,23.618079776102604,23.622529758832595,140228.61679151896
2024-04-19,23.02784670451281,23.034360623520502,22.967630165595917,23.003534682497147,23.00618617175912,132084.79884100083
2024-04-22,23.3073409275085,23.371151105074134,23.238062588079156,23.298978446682398,23.30664226005888,241299.3112764029
2024-04-23,22.94239195644752,22.995145919853023,22.77615572396235,22.98021082388821,22.986172415767903,384280.9502719594
2024-04-24,22.617522303214773,22.738713194872645,22.585733138238304,22.597607025302047,22.60481829634212,176302.6161611697
2024-04-25,22.505355433195614,22.75690304091529,22.45278487798381,22.509266708335478,22.50894261520331,129500.88605622169
2024-04-26,22.545686902035687,22.62808408274489,22.40658166473916,22.50975371402821,22.508556657811894,182027.1882916912
2024-04-29,22.06930383233644,22.08558756389486,21.91373231040633,22.0702010148023,22.07430158528646,141734.96817870424
2024-04-30,22.08547468042336,22.246275119876973,21.99640057307805,22.100687844155875,22.10736100846409,179285.18899796432
2024-05-01,22.22450247523712,22.361769426606784,22.164562045177465,22.26765678476437,22.256943351146525,354488.5583572447
2024-05-02,21.763011492670888,21.94182985160753,21.744121973690287,21.778409508954127,21.776130747885183,229941.47172500964
2024-05-03,21.74381487301202,21.91771133448845,21.62858404324128,21.716990618359656,21.709585257975917,326831.55836087745
2024-05-06,22.051714515834128,22.104561195122557,22.00393919370772,22.06507698183889,22.07296045811486,47025.54736935423
2024-05-07,21.822839123976376,21.970406559448,21.759235361959465,21.839506217373856,21.842310322738708,281677.93939163024
2024-05-08,21.9328614441488,22.04166172047524,21.896141440458983,21.967088316584967,21.978211013889126,608221.8930372172
2024-05-09,22.188520519405365,22.20655850105183,22.13198665535316,22.174585374570224,22.17669121082794,180926.40923174736
2024-05-10,21.763624306891444,21.79458122588524,21.695196012379423,21.7669725093268,21.756413827296956,220510.6073588128
2024-05-13,21.96765399818113,22.123841324499,21.96758430994153,21.97482917222557,21.977046453565748,82948.7509205884
2024-05-14,21.514339980067408,21.76600313987249,21.37521118271998,21.545451773578787,21.5376488825392,123243.47810275582
2024-05-15,21.320828603873476,21.373599861963264,21.2983795157544,21.325030370891408,21.32251182532248,588244.4664547592
2024-05-16,21.99886601947819,22.08703339745954,21.958213886306357,21.998297177508917,22.00056854545535,161111.54275251704
2024-05-17,21.7679277954614,21.84282412848826,21.661090171004883,21.784721841045727,21.79156987539301,465849.6512678952
2024-05-20,21.59246953895293,21.709568547220943,21.516584842198277,21.589652241132956,21.59103882964672,523896.32582609577
2024-05-21,21.94606209442553,22.11172205453448,21.837873010834507,21.942456865238523,21.939233868045104,425332.8049420554
2024-05-22,21.907602133945243,22.08429066491361,21.942634912066453,21.94823827400027,21.94802090478173,254306.75572126653
2024-05-23,22.42365032352236,22.566690384858333,22.205133328977325,22.44695545685588,22.455824238242183,364127.6530867296
2024-05-24,22.20012236034232,22.344434583741755,22.149536246689067,22.18465580768908,22.18210095398268,169437.30453792954
2024-05-27,21.67735916810717,21.84408366805843,21.687441034906467,21.714725684139413,21.71825095347534,56795.25975505104
2024-05-28,21.685212017089004,21.7368198970954,21.41982226501392,21.68767699069496,21.687336414572943,527220.7947050644
2024-05-29,21.59876345853677,21.585732925939627,21.51009036407769,21.583856152171386,21.58378461182163,540584.6113657404
2024-05-30,22.144558237698515,22.21351426584348,22.062652096985214,22.14072536106827,22.13324296690413,112089.36429833014
2024-05-31,22.395096337780924,22.54667810029562,22.41291272036425,22.420602647401324,22.416006620674526,174771.24938869206
2024-06-03,22.4554938220784,22.59278318214097,22.40642526169863,22.444149269179643,22.44248781789785,657827.2684154254
2024-06-04,21.89204561126352,21.99539766205945,21.845582314689334,21.92971769474005,21.924060173782276,298867.093346818
2024-06-05,21.66819729488136,21.69549670555125,21.599536484116104,21.662377592274428,21.662428827379937,128592.3502008781
2024-06-06,21.30591524803426,21.40548034474449,21.30696188970635,21.362007661531987,21.36163989671987,443344.8432441563
2024-06-07,20.895718292107144,20.896982573056864,20.817761158873395,20.8874124160994,20.89224637976812,283950.68593699054
2024-06-10,20.76658584393032,20.929875328612777,20.71168160700396,20.744472803840544,20.743574161262423,232739.70476875675
2024-06-11,21.070269912333067,21.132863065719494,20.926895265986712,21.06839943889159,21.064929235060973,185130.88403362263
2024-06-12,21.62242464238154,21.607247294087053,21.500791618626288,21.583662364269266,21.590715137615188,470139.8291218316
2024-06-13,21.310112678438763,21.366495124277677,21.31635985530352,21.34736406026248,21.35418851406216,218942.54498413776
2024-06-14,21.856182435949098,21.86978733620232,21.6412195541099,21.847507698663627,21.84038049824544,200760.647183499
2024-06-17,21.769495365971345,21.819260711684944,21.70329485151837,21.737612857611207,21.72773427993498,223942.04854933615
2024-06-18,21.120562190515116,21.104598825874724,20.946956369999533,21.09320120590949,21.09519661328816,282955.9838105542
2024-06-19,20.99362259187502,21.337011127643542,20.9433252866228,21.001572602634237,20.99968915402648,217696.9587721532
2024-06-20,21.441305400698337,21.497241549883665,21.43613398090589,21.46997917215321,21.468783647793614,664045.4399651553
2024-06-21,21.270109613562333,21.31268584537009,21.209835590580365,21.281979671424647,21.26801403771745,773773.9989668741
2024-06-24,21.526715413717422,21.844702054765484,21.398159483864085,21.57099574617709,21.57318506527967,575450.9982012846
2024-06-25,22.19244781583632,22.17858023236996,22.015904133954365,22.166523618420698,22.173664178700665,385675.80045398255
2024-06-26,21.95168551993898,22.00039600336181,21.945766126701567,21.963380159735888,21.971777191313397,157652.4241266741
2024-06-27,23.11914312481388,23.175182768755583,23.08151184221747,23.133861061312192,23.142233463880373,366518.9354935799
2024-06-28,22.90065076510388,22.99307263123187,22.839297077150484,22.93382946109813,22.930996802355853,176142.33300794155
2024-07-01,23.729237019551377,23.737222739426244,23.610878897056427,23.70735893201011,23.7012107208251,300018.15422418824
2024-07-02,24.597244425159303,24.830333313047703,24.61954339144925,24.62090096231171,24.62477078552141,195898.11824715263
2024-07-03,25.072737822426483,25.224197644991875,24.914935384654303,25.071787921773176,25.07368159294014,292844.7624857997
2024-07-04,25.850216675031213,25.997763909532928,25.805020819810025,25.860322429739757,25.866788212835544,219457.8610327411
2024-07-05,26.355295571808497,26.72662828329168,26.206361127647696,26.380597327144372,26.37463899626078,571595.7024876272
2024-07-08,25.12995382718496,25.278036883118432,25.045800694709712,25.123486305006647,25.10924347919923,69502.26092473904
2024-07-09,24.05571386520417,24.138176558291235,24.09745414198725,24.10414999904958,24.1025528831121,137156.2488864796
2024-07-10,24.45973847184833,24.71765247116351,24.395957905069785,24.452436108093018,24.453736023136276,134054.60219823502
2024-07-11,24.779031134577775,24.8158185846456,24.755861975392516,24.809074770507028,24.81954740242735,1200401.5167374224
2024-07-12,25.19160204655007,25.401319973071917,25.124393442213503,25.211495347918827,25.22425510376845,605054.053508646
2024-07-15,25.41281251816792,25.609751911144716,25.265559468801897,25.4406059612257,25.438164670524152,439266.8509004448
2024-07-16,25.03531437422472,25.112092143706843,24.916798544834094,25.04164512084439,25.040660095208967,134268.6067718293
2024-07-17,24.708174932966852,24.85843122760185,24.70530546344988,24.709715019367945,24.712645755714203,455912.71121151216
2024-07-18,24.625452123195736,24.76417467963912,24.61554209786336,24.64685201698761,24.63716660675706,285699.78882399166
2024-07-19,25.338063078503872,25.49898816514412,25.337445145701373,25.344751118441668,25.352645697523688,298922.7612102151
2024-07-22,25.48250980840404,25.546622623566115,25.43042712436286,25.49455922678538,25.50738755495183,697638.9669908705
2024-07-23,25.622384309446847,25.68574071926429,25.35791553145307,25.609258563758363,25.60438751688155,844565.5859079678
2024-07-24,24.859411555994008,25.156814159093344,24.809048329316603,24.863383536876164,24.86417266737728,425580.66731898027
2024-07-25,25.60204592432524,25.671235014939256,25.48578751842689,25.59773258517443,25.606536419406037,410931.7211154864
2024-07-26,25.437163304475597,25.53571278821361,25.248134554737547,25.41227559183175,25.4140413229104,474338.47795263806
2024-07-29,25.030053573802483,25.06985671741764,24.792606331047004,25.040565965388225,25.0345293299314,235166.07954244257
2024-07-30,24.824492964272697,25.12154047495215,24.794687018085625,24.81916847914937,24.82711782014249,248652.56366727847
2024-07-31,24.311665072045287,24.30220178821049,24.170054153531435,24.243717331168277,24.2445493822822,382624.58751766256
2024-08-01,24.02389227162718,24.231882108384003,23.82858848101781,24.014098711823014,24.02089430730612,130927.17735100134
2024-08-02,23.532263154745348,23.710826092114903,23.438191353546088,23.51435013162392,23.5106927997982,575993.7197647353
2024-08-05,23.515676895351447,23.632465328259613,23.42506054811231,23.496098177335934,23.493870046564503,102518.8282829198
2024-08-06,23.50283916684605,23.60115416493041,23.499667054438092,23.504368920401568,23.51148671757569,167295.7543433788
2024-08-07,23.575101065632648,23.706173088080828,23.48309521654512,23.574624163045197,23.56783114442148,452260.8931628023
2024-08-08,23.358409084148768,23.42232008105983,23.33222782697195,23.33516459606677,23.327937734084223,221382.2651678364
2024-08-09,23.390844696432545,23.431774699302064,23.319243264362942,23.397278016510363,23.39788380866159,562521.4382139321
2024-08-12,23.289693355282623,23.419278276077087,23.19141104760223,23.305533793161576,23.30292265565188,440087.140389578
2024-08-13,23.643349840974523,23.67993187939636,23.48898295395381,23.62773098035238,23.632691184708484,259008.31835114225
2024-08-14,24.31854202459453,24.311337903289388,24.087418441207245,24.299989749678037,24.29670823828879,122730.84601302136
2024-08-15,23.75115175942016,23.731051351228118,23.68777152198017,23.72322104205912,23.71358524190246,326547.755577132
2024-08-16,23.4604595728313,23.6743247420784,23.39598773598245,23.44789636160783,23.443220242350385,208369.5889214375
2024-08-19,23.95930254430128,24.042660526582736,23.581469252322915,23.95296427839659,23.95741666145579,245563.5081338758
2024-08-20,23.121286100431416,23.15603217840352,23.09279145082292,23.13642856979284,23.13171458898723,156918.42794184972
2024-08-21,22.4366201189078,22.544488728230505,22.38274878645444,22.44532994303826,22.451104222470043,149865.85654100226
2024-08-22,22.03574768279786,22.05247524638072,21.98732691096694,22.036274871524725,22.034232493781108,94688.85108062382
2024-08-23,21.635268111691783,21.73001845301074,21.635732229472666,21.63854411823206,21.63383199898798,158181.4953582934
2024-08-26,21.56171672102361,21.59393283672852,21.35290540171809,21.57019639032501,21.57833209541389,336642.5896822301
2024-08-27,21.28242075821119,21.34241664614322,21.099405359901088,21.262113599410824,21.258284013373625,248422.24759306584
2024-08-28,21.73522061229703,21.77455658756856,21.69035099647093,21.7370587123893,21.741274609230015,122171.6752526926
2024-08-29,22.032645484613848,22.107579029999844,21.906803016609064,22.029548254576746,22.03107462635657,525586.2469878307
2024-08-30,22.474035819781275,22.49481051237942,22.39513459331952,22.487618102842447,22.486743858648307,601344.7005697537
2024-09-02,22.38854737452713,22.432452955876546,22.4013238254438,22.40276719523681,22.41016123199845,286076.62627113133
2024-09-03,22.85345866440214,23.062313425249812,22.66955762750097,22.84803136836319,22.83879015792349,197882.72576170912
2024-09-04,22.66236814597129,22.668401112206155,22.640444822632077,22.663990785959147,22.67059189764492,271907.1296133229
2024-09-05,22.622689758101767,22.77578338267509,22.512243699682223,22.626584127121838,22.61853002528235,279024.90205803583
2024-09-06,23.08161839747089,23.071344796542885,22.998306851767865,23.063834984707547,23.059421737965152,121320.55907266468
2024-09-09,22.65699449686947,22.77736841484241,22.49058194509201,22.6643382362266,22.65894722785181,403922.5620922054
2024-09-10,21.94974959987957,21.997932453422568,21.93090519836865,21.94877945913553,21.94859399780165,138924.38692114403
2024-09-11,21.697438759284,21.82249636531082,21.58505428254908,21.713384526049342,21.709113375781318,386284.5292629725
2024-09-12,21.878372419527448,21.94757006666837,21.702740870711747,21.89369835879501,21.90482486377137,362873.9624794583
2024-09-13,22.199141888969216,22.231588069826945,22.10174014210352,22.192941915284564,22.19209729949525,384689.67574447294
2024-09-16,21.98877880730885,22.19237528135577,21.74013586670317,22.01142476608095,22.015878574300988,484642.4020120799
2024-09-17,22.23265713157023,22.312679447281035,22.10857052098212,22.221331484413675,22.212367839904427,142689.57739487718
2024-09-18,21.84240121462192,21.84498842247276,21.760412489746532,21.800409596027347,21.78514095225599,694287.1352357022
2024-09-19,21.98915706576398,22.038396428836982,21.88776161985989,21.981194375549347,21.980643729005717,364146.4398252825
2024-09-20,22.07259332374649,22.125256726599307,22.107032159271743,22.110826761544786,22.115644134923468,375351.7835595338
2024-09-23,21.893950117423643,21.918835934744514,21.729574086672844,21.894119683061835,21.88224672049448,467723.6924680466
2024-09-24,22.00012839672312,22.094014170460568,21.927058099621217,21.97607388850459,21.97357210398131,156621.00464869122
2024-09-25,22.981671187034696,23.06546719642204,22.96970087232851,22.989920458168587,22.98324230265359,69378.13640388857
2024-09-26,23.37107205314724,23.453487892661265,23.289766505531293,23.319393108179483,23.31483273773101,103138.28080117216
2024-09-27,24.037303839447876,24.174327684934138,23.988987814804982,24.011221967066223,24.023228407822245,430534.6313802558
2024-09-30,23.863199721955876,23.92273701548856,23.62756389742072,23.83144882342264,23.83402187674729,267497.6201131737
2024-10-01,23.592797150501006,23.89207907562164,23.509831647443477,23.5843668587361,23.5829736546706,475919.85681100073
2024-10-02,23.10903102366608,23.201062912953414,23.09744595067244,23.114200131427143,23.109274346038116,290451.39673958806
2024-10-03,23.73833757294873,23.696213416916184,23.56406029044725,23.692827891138453,23.69646140467745,366041.66427172953
2024-10-04,23.485790979499946,23.506854072478852,23.4440422770433,23.482220218336128,23.473556855652998,377950.5941270625
2024-10-07,23.19826537751345,23.275182486680272,23.158298473163647,23.243308643910453,23.24336092872271,111199.82677495996
2024-10-08,23.980074810660906,24.19361139530936,23.944698883381584,23.97230627459595,23.9766702920053,195436.7878446089
2024-10-09,24.13350119719331,24.187211880781582,24.143159330430876,24.175384431230302,24.180192023722096,122972.39903023034
2024-10-10,24.240097946138278,24.286656560551727,24.091681878357008,24.210570214136915,24.20672348584924,81607.70272101449
2024-10-11,25.06442532016869,25.128447118303555,24.947120278426837,25.052245927509187,25.05144086282753,122554.88862422844
2024-10-14,24.891754660731127,25.081644215994963,24.640503198452,24.912553407001017,24.907489462159862,453078.2092953532
2024-10-15,25.650801814348405,25.72436061064577,25.52143185945993,25.63479897302096,25.639378072738488,97949.346313046
2024-10-16,25.81001805380184,26.027474588554764,25.679384867455056,25.794010040013124,25.79307073641308,290306.1162652129
2024-10-17,25.970572031404966,26.07643556932137,25.89551640218123,25.952980796381368,25.96164052455207,137122.98428456765
2024-10-18,26.758800363607907,26.86290195217884,26.661167462336955,26.7151870734566,26.71461108908446,494551.3862359573
2024-10-21,26.05108795231476,26.062356539237797,25.87605329261421,26.014511546835127,26.012771677062585,339310.90445220727
2024-10-22,26.09866575460412,26.270883237882508,25.93290545133408,26.08545784705093,26.08629222460561,214303.92157727343
2024-10-23,25.891992357683208,25.91147034565541,25.868927394757527,25.90584954054055,25.910217251621017,278597.9021191879
2024-10-24,26.15057218562067,26.239514329114943,26.010855882334383,26.105675157503548,26.114153107315424,206183.70953279283
2024-10-25,26.43889589293966,26.45289467429542,26.37174329345047,26.400096373009383,26.399883506714183,254817.6820005099
2024-10-28,26.65427786374597,26.8181841708355,26.542821984205585,26.63590890588483,26.63391690270924,128019.5692551782
2024-10-29,25.65970660124552,25.758725285790952,25.59502527716602,25.62648791680324,25.630814233078155,399368.6086907017
2024-10-30,25.56049365295198,25.64241587796994,25.30181397966626,25.52707585449296,25.53651887675713,227094.8419667115
2024-10-31,25.429452902487725,25.484434834697016,25.374268512411373,25.4096904000453,25.412848897165997,110787.41854507824
2024-11-01,25.809688680642115,25.846977217529904,25.73410528530803,25.8073570148164,25.808668315848752,431374.44956508046
2024-11-04,25.86334533566917,25.91545915708159,25.798576337862887,25.83603032275654,25.842972421810988,256556.34800485076
2024-11-05,26.24064382257914,26.401699621061507,26.056501803665476,26.208392104673152,26.21158484353975,0.0
2024-11-06,26.012786639633024,26.141488281344788,25.874861246434097,25.98954746220887,25.998704978247527,69777.96482435065
2024-11-07,25.9757567427291,26.0957741109226,25.849413145425704,25.97603727685322,25.970066214159488,1355487.104577316
2024-11-08,26.083532094920415,26.15475215057444,25.995238165561503,26.09904595715655,26.1107498335608,179046.34834862806
2024-11-11,26.57180185433697,26.71251773374493,26.4831699649643,26.579315578500537,26.55919410332957,262533.1575392644
2024-11-12,26.69796857092581,26.75746537696653,26.60006232144153,26.63848145877725,26.642073799914403,524942.5084965464
2024-11-13,27.55702538224726,27.55499314481,27.225150948280294,27.54441422081509,27.53622530649989,350504.7785391977
2024-11-14,27.79504985408943,27.835882302349336,27.538406051393785,27.78037559760432,27.785737006467603,600029.3833267114
2024-11-15,27.52617220142288,27.66075253255802,27.431355646832305,27.56328603476149,27.56930227301788,423555.4590941503
2024-11-18,28.143396463127782,28.131500029545737,27.913659188208708,28.11510892324085,28.12053122620583,193133.97061808768
2024-11-19,28.66380945553486,28.909458839712645,28.576887251938285,28.67749682135396,28.67875429191957,646014.0771710222
2024-11-20,28.966001323062592,29.09433074731291,28.73915115084234,28.93561933705883,28.94298901744665,258406.702553508
2024-11-21,28.41735207705428,28.60590043481236,28.451194855857263,28.45942040366952,28.462127738274088,780194.0443770579
2024-11-22,29.301608709814005,29.52562687260877,29.158977269815438,29.320754306429617,29.3204050991407,285005.053885042
2024-11-25,30.57768934751796,30.65596644919925,30.34967080329949,30.526894217936253,30.518894411942245,310754.8384575676
2024-11-26,30.655675678146054,30.85679122261041,30.4954178443904,30.666389197342923,30.667711220697985,323900.19591719966
2024-11-27,30.19860768473419,30.34807934073194,30.1939134266902,30.19570354022817,30.19465911324613,181904.4397138916
2024-11-28,29.9610434778638,30.078447841920024,29.84077115773379,30.00862753842432,30.00924495206545,387505.4978158012
2024-11-29,29.60735983074704,29.68579542204788,29.18960239118292,29.56509287861807,29.55034527732789,124476.90684500372
2024-12-02,29.761778682446995,29.918992596537368,29.757139740417145,29.782123463622984,29.783901309791624,359018.0143899848
2024-12-03,29.926456753960156,29.9482305734099,29.73337396767273,29.895936033535705,29.90249616160374,368051.4243246224
2024-12-04,30.161921626788253,30.224271748179454,30.09573739080894,30.173696052101697,30.184493273721543,61160.9909608468
2024-12-05,28.93956155134521,29.228247715673216,28.792323563535632,28.928163456009187,28.935478908270845,193997.45229893632
2024-12-06,29.207009821266645,29.233386382865163,28.977914767599827,29.20361118514618,29.202036002881528,317931.37007828907
2024-12-09,29.514549670957376,29.522876455003296,29.465110009712973,29.50962420242813,29.50918495497056,175596.55758845338
2024-12-10,29.030812615984324,29.53336688057312,29.007763128662617,29.02810332395418,29.026821703552358,164465.26575184127
2024-12-11,28.860080562201546,28.97349599092981,28.7337645145036,28.822392410242912,28.82112751698391,176835.97185552688
2024-12-12,27.904912182539743,28.15911346893446,27.87325044254775,27.935107896288606,27.93034484886647,272566.91969267454
2024-12-13,28.700908262656444,28.81605808899349,28.47791854174657,28.634397504487254,28.630435088379585,335744.792979444
2024-12-16,28.389371726907275,28.489853354239298,28.29075001706475,28.37099815620569,28.36343043719921,145731.66916205414
2024-12-17,28.10579180072754,28.188309328321083,28.084430178582007,28.098397640016834,28.08388675300522,168397.7312575635
2024-12-18,28.773072197449853,28.786510313691856,28.66346828876625,28.76422696886315,28.753455636993884,191361.27670226735
2024-12-19,29.575768846088017,29.786929687675546,29.43775095898514,29.56441091595564,29.55593615927915,438784.4374019486
2024-12-20,29.59260172196318,29.65936388656849,29.289541396744852,29.57719293083836,29.588120527301182,435470.7200750523
2024-12-23,29.20880562363491,29.379186275421837,29.207875423360218,29.2699367368862,29.28103229781915,249398.95551860897
2024-12-24,30.09591567976951,30.14907608488457,30.044322700305614,30.102205768919703,30.091341063753504,401457.7324949283
2024-12-25,30.366997852849508,30.610839295206866,30.2924599188919,30.35475418737716,30.37139489862753,490119.0016309747
2024-12-26,30.429859426644445,30.54425069889767,30.13186072351223,30.405330443868117,30.415018099844968,296009.45906529675
2024-12-27,30.13814597609564,30.14075021052219,30.000504063467904,30.11391824412679,30.11976736409738,701094.3317642638
2024-12-30,29.93699167263218,30.048208894796083,29.80119832443336,29.927313597180728,29.930660588820107,331717.4481846876
2024-12-31,30.094144743390835,30.128468792344226,29.95207114392757,30.07979053825761,30.06993742798745,182121.2263140908
2025-01-01,30.605680389467032,30.78278077516582,30.59628420297408,30.654015378823864,30.65856814894887,466850.6476226367
2025-01-02,31.428365739318743,31.44864794214913,31.38046133456131,31.425543264290123,31.41098028124497,497194.1674911802
2025-01-03,30.57973367986647,30.65678157515738,30.436426021731783,30.521573296945657,30.522971364722277,489897.7551995984
2025-01-06,30.1121915475021,30.28683440772068,29.969085148370112,30.13303404659891,30.125713929541668,194076.58939901623
2025-01-07,29.83598843055631,29.86437372766945,29.758872106362137,29.81512529292479,29.81496216651373,280651.8838693821
2025-01-08,29.663323215758343,29.698671030971116,29.589428469940405,29.683679204382173,29.680864314957088,478479.0544609224
2025-01-09,30.253680773635264,30.44482203259988,30.15135188518473,30.240025580696702,30.23105001989159,268915.01143575227
2025-01-10,29.616638100235477,29.771219978254333,29.46844511910299,29.62626092234265,29.629071106013832,315087.0324116742
2025-01-13,28.151438645398706,28.43340585379742,28.05928318537452,28.196241972658687,28.198491792956077,0.0
2025-01-14,28.789531358818497,28.896690153833028,28.58332004228131,28.768562800772678,28.77037683438484,268433.48345031723
2025-01-15,29.521219679339588,29.53362528805076,29.346718617813192,29.4852746439899,29.48657337327601,279149.9792835508
2025-01-16,29.405515176421485,29.7657815923784,29.30118873620095,29.41455110635289,29.413470151148925,336390.80396699085
2025-01-17,29.60337203669185,29.793519505680663,29.534785723902072,29.60241643275892,29.600889116408823,179460.96815668873
2025-01-20,29.90648769325948,30.00219456746332,29.885767033527667,29.966658108504017,29.96231924269679,180572.4598231148
2025-01-21,30.2777049048098,30.380272614529066,29.83346984845323,30.238401069758005,30.235894035051253,349917.70348349214
2025-01-22,30.997726939292946,31.10633754866707,30.973165439801832,31.053197684904735,31.05558547722792,184160.67146815135
2025-01-23,31.46259760847026,31.504848240280296,31.494413924456108,31.503905402469623,31.496424455675143,105847.62170235084
2025-01-24,31.450799189195934,31.510351449856405,31.367815528669603,31.481272305498177,31.479481489575083,182382.3024556656
2025-01-27,31.05534966387847,31.238416615630413,30.99260136460189,31.080986839536116,31.069438131305105,259369.9046059929
2025-01-28,31.086028638401302,31.244238897711668,31.12974859625506,31.14486756146181,31.153724023417908,117242.93887949814
2025-01-29,31.50513260551799,31.50696184044851,31.43173820310713,31.491472895744767,31.47855171824396,462131.9558079103
2025-01-30,30.885364146409717,31.01467341203232,30.801788595077337,30.8427631798189,30.837237438214075,143456.10154998678
2025-01-31,31.248512217596076,31.362617895284536,31.237364756864995,31.266686038403968,31.2474693707499,171524.4736347019
2025-02-03,31.08739092511755,31.17917274574257,31.04623004071828,31.07404868997977,31.06518344696654,207146.0269458797
2025-02-04,31.21351675233757,31.386002265128518,31.064925404064383,31.25994076415681,31.26914582963737,314047.78461476555
2025-02-05,31.29015288737803,31.50451647869925,30.91300493867325,31.32864077001397,31.330248955724677,387354.08282276086
2025-02-06,30.672050673007284,30.837999290544875,30.57730705046225,30.6924974334222,30.705094059300567,44224.94297097502
2025-02-07,30.33940489317231,30.411983184418144,30.31819665989823,30.35336961468567,30.35773770495598,280193.69275263575
2025-02-10,29.90264246446708,29.933376420184945,29.824794256003727,29.914192667233507,29.906630961072025,131004.49311493104
2025-02-11,29.86939793154452,29.865900426123225,29.62659208967022,29.838335960214035,29.83392540207183,210116.02747988625
2025-02-12,30.1705059852439,30.205037925355093,30.07501050216157,30.11268971693771,30.11754245028375,457032.8073057305
2025-02-13,29.737361877423368,29.738259690484806,29.65072303425823,29.681761822775915,29.67812429304272,171086.40843979182
2025-02-14,30.00002331426069,30.10034177720096,29.67438688902485,29.99563855877984,29.998507954342827,104037.13276581706
2025-02-17,30.80391218746112,30.81633612625391,30.77976307417611,30.802468901780564,30.802105453080973,350501.6826010375
2025-02-18,30.369388180245664,30.587449469643783,30.17371863205282,30.36617809304324,30.35275498913969,691160.1776933442
2025-02-19,30.04800526942873,30.1111977287256,29.835975244857263,30.05378082659667,30.054649611214632,348351.0882041897
2025-02-20,29.936109337939328,29.952136217610374,29.83250157329956,29.92083759485817,29.91481438938419,196593.5137406989
2025-02-21,30.511913963345517,30.67989869169199,30.514348782493222,30.534059796793628,30.534149822709622,318551.2860654076
2025-02-24,30.184015545812105,30.29485761997141,29.96341523074857,30.218957025130795,30.212915910380406,719411.791484334
2025-02-25,30.136525642475394,30.263107404769293,30.05812245528186,30.1178576832908,30.11651640518487,110358.92925032554
2025-02-26,29.658663032862403,29.714648206572317,29.585612642218123,29.641110186987618,29.644775529787523,116944.3200672516
2025-02-27,29.706884065078548,29.873746810039044,29.54686847167671,29.71148494181917,29.70412689721944,357438.4792505364
2025-02-28,30.10995756650833,30.218694393388365,30.15985344932634,30.17207781433229,30.1674309052973,206195.20656511563
2025-03-03,30.41967384640294,30.528709373722247,30.40421281235932,30.413870381314126,30.405793721031262,327960.08092198096
2025-03-04,31.128762519878737,31.19135714455423,31.049859197077478,31.11641230139488,31.11778111663111,885630.9194018784
2025-03-05,30.31261718070321,30.462599553775185,30.27629649691336,30.33467959463664,30.32696516335122,912787.6629692238
2025-03-06,29.711830823491876,29.77899074759783,29.639614625760995,29.71889584263556,29.72649065104664,381169.4191880675
2025-03-07,30.567020454771495,30.777736716100296,30.255100552951266,30.564161585714555,30.571149566394077,92724.41099428885
2025-03-10,30.85861562175665,30.94264631047236,30.783457607687005,30.88847818312688,30.89279808647453,106158.13180106856
2025-03-11,30.63932110304293,30.69598710790189,30.460946283764663,30.6398212054425,30.63609107683804,131499.54762923945
2025-03-12,29.96949032329502,30.131568067862528,29.942026532651816,29.977608982880568,29.97064459425375,387519.6789669962
2025-03-13,30.088912194845637,30.121643278979413,29.71336063352341,30.05830472844371,30.04875432054326,694494.495632543
2025-03-14,29.49480171590877,29.55407106836001,29.52405084318248,29.53724090793549,29.53357654846178,478671.68804680137
2025-03-17,29.230894207122013,29.28891061189209,28.899520283173825,29.2144022806977,29.211937274477865,628841.6638854741
2025-03-18,28.928725711805004,28.999710144267347,28.706099362082337,28.925683729706726,28.908409420021957,375390.7998744297
2025-03-19,28.66155281532313,28.65855355562949,28.510336988426367,28.65504031487386,28.642657926514985,314585.8478775077
2025-03-20,28.772795481077512,28.81080897320223,28.72982059735805,28.7370393967209,28.734872974962624,215301.13899202683
2025-03-21,29.53747320040813,29.56161308908152,29.42402380702433,29.542102416150566,29.544493390669462,509048.0803531689
2025-03-24,29.79120932121446,29.789208376423836,29.729718516583027,29.784105680185853,29.788192462348395,292027.4197176635
2025-03-25,29.576056234905668,29.6210754700852,29.276616287369645,29.595143877350896,29.574809925363034,239903.21003921732
2025-03-26,30.256289868273228,30.347564238354263,30.03336573505468,30.1692454367948,30.17296334612693,106548.104078852
2025-03-27,30.491384434526772,30.468492395395213,30.20822420731761,30.46626268070887,30.467573674360736,283788.44298233377
2025-03-28,29.877149603784915,29.89828642416828,29.77702576859296,29.837928419280555,29.84521463130083,300194.9749659241
2025-03-31,30.435051516545688,30.506226651165605,30.428231273855594,30.47353950276073,30.485392053101403,370201.2129659245
2025-04-01,31.077784627796955,31.05594747752521,31.03215472307976,31.03258721961139,31.05516441219905,289840.5043233668
2025-04-02,30.876739026191768,31.05009617871941,30.61636919211835,30.87123558071721,30.87638328710153,464407.6343146552
2025-04-03,30.8737069213602,31.193248518215142,30.41900070486922,30.845672466311758,30.843251566208817,171729.61468051746
2025-04-04,31.651316810511386,31.706231390453453,31.617450694328312,31.68494325561451,31.682508294005164,380709.23867302353
2025-04-07,31.842652816142675,31.969189588371247,31.6487907674929,31.83702878224453,31.83353741537674,287099.8337863961
2025-04-08,31.421836036707905,31.526161165657587,31.374860926466063,31.38901626275684,31.37852604130459,299194.2847955011
2025-04-09,31.424079558922013,31.55540220781599,31.21872079305417,31.416044147495164,31.4116756140095,172316.73165700567
2025-04-10,31.411557204159493,31.482236850970047,31.160722400105747,31.411698928224904,31.404383428558923,403166.8082229432
2025-04-11,31.02274593804024,31.184903972642367,30.932634159379237,31.03665518648844,31.04158982254553,385632.26500427065
2025-04-14,31.301482100341264,31.419061000284145,31.16009721991739,31.285945282372563,31.279121013860557,102620.1833942314
2025-04-15,32.04417449422742,32.0602291824653,31.82830581374582,32.02215787516289,32.03302102997728,146402.50065157533
2025-04-16,32.82310777579632,32.98575057188775,32.84799050708826,32.853199722541355,32.85526152420432,124619.4671515287
2025-04-17,32.84102672724681,33.23365815474004,32.66776532584613,32.87472380425611,32.86607818439147,434710.8676689204
2025-04-18,32.38993570830708,32.42393753360001,32.08679820951612,32.36681366687677,32.365319542235405,119755.9699215943
2025-04-21,31.420333897648614,31.41152876284517,31.29145175863954,31.40661898449064,31.40517146350328,308097.3272881194
2025-04-22,31.807867245761557,31.82625275365847,31.68047002021027,31.769758981958425,31.75740855273345,257926.52399981304
2025-04-23,31.8434556579581,31.879065919001352,31.68236519348725,31.86909152454274,31.885317706988413,295340.2539748195
2025-04-24,31.132500209348247,31.24832767281539,31.016306038391647,31.12394905167173,31.13780159528573,125321.87473492704
2025-04-25,31.551734606401123,31.74119037771833,31.4174339361054,31.54704762102966,31.54082974255908,186494.74398585223
2025-04-28,31.71002592958665,31.81341502281219,31.700482133449363,31.71680515509069,31.71907843596945,551532.9557269331
2025-04-29,32.32513163356663,32.409594865802795,32.10917026541052,32.28043380000041,32.28512123888346,175639.5639303086
2025-04-30,32.17789736050364,32.24135458930263,31.81606246723625,32.17312222177214,32.1801761849818,470502.4994573603
2025-05-01,32.63564807671039,32.75694562211767,32.52590137218289,32.64165364491885,32.65101696804235,319397.314261928
2025-05-02,32.663504696374616,32.806344164233465,32.67295251697838,32.695642504953994,32.70252199873089,246669.29395055087
2025-05-05,32.91273350599276,33.01423758317669,32.92223759358463,32.943036008222585,32.94341660766907,217709.7113798873
2025-05-06,32.323745193528495,32.493353323576926,32.30459222565976,32.337099616409624,32.32326277288719,323725.656263153
2025-05-07,32.14036427352285,32.180330741964234,32.05620074655454,32.10218660074959,32.09877846677364,586798.4372654406
2025-05-08,31.99131874408549,32.00022684741853,31.727040900354485,31.9837912477428,31.982998160720364,708790.5484415916
2025-05-09,31.306967270735093,31.48301017043378,31.282634606285026,31.305971786691227,31.312089075796635,857323.2553860507
2025-05-12,31.550948656256644,31.560617295345505,31.43858634488116,31.560599517979835,31.56797579720718,383989.2742255132
2025-05-13,30.93553096776081,31.025859775159887,30.953058624176435,30.955593033690445,30.962457471583846,1084797.9491264438
2025-05-14,31.338822252852445,31.60147406033284,31.232760155266487,31.316653441234447,31.327191250700377,837913.2666563829
2025-05-15,30.722440469795483,30.879725121325365,30.468672693390683,30.71406999351761,30.70608420656128,351352.17272604833
2025-05-16,30.4353675291992,30.65560186808009,30.397040629707373,30.459970193822908,30.467135091302616,335608.754870501
2025-05-19,30.335573063329274,30.58117631442111,30.32010593647431,30.378593082905844,30.36007315591805,159785.8106227343
2025-05-20,29.816021525510777,29.89527175680851,29.62812996323034,29.838023895782488,29.81853353865623,130770.17172347372
2025-05-21,30.65621367279765,30.618114179937,30.552738960760596,30.5997586815283,30.590475682686904,301971.78156732576
2025-05-22,31.91288662745612,31.9434935965931,31.71727794524644,31.905567157813145,31.906410687653665,334579.7116200868
2025-05-23,31.341745479045247,31.45082238268967,31.361352308940557,31.398504480198397,31.40038822301492,197050.01081242203
2025-05-26,32.211457394609354,32.31539425010836,32.16683216258411,32.19122483015007,32.18728956221994,869992.103101138
2025-05-27,32.824648936621614,32.908014645246425,32.80662578383488,32.81323399317086,32.81525721262357,353741.2249239001
2025-05-28,34.3721519987486,34.39937607502503,33.96016033803298,34.39074432344506,34.401759027720566,113667.93976372948
2025-05-29,33.658160519590155,33.647867911168035,33.566283912868954,33.62894276128266,33.6348080056027,218143.38290093263
2025-05-30,34.11498202452448,34.17431500558625,34.076353414415394,34.13008067780972,34.12418888170411,260723.83264080333
2025-06-02,34.43407351758103,34.66092453910294,34.41544498763255,34.46047261555937,34.45907275743062,292096.42498022487
2025-06-03,34.698466187449334,34.90469956581041,34.535394097261886,34.672634793490694,34.67756174419676,232989.02734047663
2025-06-04,35.00142529737749,35.22770305888319,34.89323405237179,34.993968344308755,34.99232734798522,103893.11642297335
2025-06-05,35.078271389735626,35.11787527153959,34.90723349502493,35.081239645266656,35.07324438614573,105367.10418825276
2025-06-06,36.45087296658526,36.49771541449238,36.18434393470498,36.40713465014388,36.42864657500841,717224.9600511941
2025-06-09,36.561454554905126,36.58485820031035,36.44270481483552,36.53077986332882,36.53685037331108,279408.8923199532
2025-06-10,36.33842492179938,36.40043030326528,36.197603157077495,36.37561751225939,36.366920970135794,735691.5954938469
2025-06-11,37.23220039453254,37.29452641730516,37.065158358439234,37.22804380503394,37.23470388272151,187878.76466131883
2025-06-12,37.10844893976512,37.28784251321732,36.80663785017416,37.05121605123836,37.0573858954256,309857.26542999904
2025-06-13,35.98128153392681,36.12375788190163,35.907873491455554,35.91950401192067,35.90495396891311,361669.8273342704
2025-06-16,36.10528301503373,36.1852508153141,36.025092277520365,36.13664214684961,36.13636625638561,589228.839341776
2025-06-17,35.830176787144644,35.8226487698695,35.71701778815485,35.79679508964503,35.80010970337189,235221.2830884958
2025-06-18,36.52539486502162,36.50421128273116,36.276642503609885,36.46440908997011,36.46642545601723,238084.38122700597
2025-06-19,36.82292125422777,37.01816925375774,36.60772478762414,36.82138437104454,36.82077531468857,84783.47523058776
2025-06-20,36.37238740445609,36.45468367963425,36.11118899580016,36.37072257724549,36.366924924051006,71451.34699010241
2025-06-23,36.474365785425306,36.66008615111644,36.31893118309224,36.49652014354716,36.48354067279214,139614.21166919314
2025-06-24,36.29994301669636,36.29629652413583,35.79586497984114,36.27011940165618,36.26386004401565,163712.81578083962
2025-06-25,36.82084531897566,36.82333845957406,36.4187911007781,36.793594527530985,36.79080996502514,0.0
2025-06-26,36.09939374290277,36.231625832542406,35.97649363084875,36.086533870286175,36.08868923381404,442067.42187440005
2025-06-27,35.972823153839926,36.273528489676494,35.871238040858074,35.98271334850861,35.99086679112028,352212.1716264683
2025-06-30,36.51236776389513,36.59642344746647,36.456373887625695,36.52464965292124,36.524014520866,245239.83417745127
2025-07-01,38.15218838173069,38.09059560898159,37.80746461260518,38.088854543440746,38.075857261924,424992.38411372993
2025-07-02,38.91280152277624,39.227624524809166,38.77566983504305,38.88406928004261,38.89971944932666,295346.1682208182
2025-07-03,38.45667286000706,38.655531857061376,38.37942758087903,38.48501282462657,38.50310515568377,704441.2150391155
2025-07-04,38.027096173264255,38.23718980534777,38.01074523868087,38.06217029997112,38.07572775500509,621512.5579318576
2025-07-07,37.44913726785981,37.487449010513096,37.44411911947198,37.48392120585373,37.4788423288698,418540.12706036726
2025-07-08,35.96847769446409,36.04936300319432,35.98716108143093,36.01897202879649,36.0297286035659,115414.23093093894
2025-07-09,36.21516494468937,36.46544628354209,35.875577755169445,36.26264930768205,36.261898423021854,252809.5370615475
2025-07-10,37.07374226415772,37.08228613009709,36.98368489415878,37.07533283055316,37.07542329288565,646652.9601377861
2025-07-11,36.858494411819,36.84868561843491,36.68645175770725,36.8464694078728,36.86623357872538,367533.3605011713
2025-07-14,34.72593805929819,34.82037323481784,34.59575485270929,34.715368962377475,34.71467408568715,396489.8169534881
2025-07-15,34.23768300484128,34.66749504059867,34.07977980797235,34.2584040133353,34.25651226159321,386204.9970228187
2025-07-16,33.103330536546466,33.27243649541517,33.19684189910797,33.20265404880799,33.198055207909505,224899.5430159494
2025-07-17,32.33404441090207,32.35272093975826,32.02887670854081,32.30312554536068,32.30746473746835,254488.01983191987
2025-07-18,32.320421842554346,32.62410334251749,32.120444209530056,32.34681762149687,32.35694940036031,420043.9146136381
2025-07-21,32.06302259903926,32.11569152106129,31.952588843351016,32.03602453448622,32.0400862626941,273403.14992136834
2025-07-22,32.85872393262848,32.99000337968095,32.87025626066417,32.87529700061342,32.88721268010721,488289.376511068
2025-07-23,33.146789558191735,33.178047262661366,33.07909840023168,33.15234023057675,33.15459588890879,219635.3611840873
2025-07-24,32.71902781165088,33.05890687430912,32.47740570008116,32.71846208507953,32.724616648462934,160399.99221965545
2025-07-25,32.57786845273527,32.72909388934698,32.482153684629644,32.5677172429999,32.58219147808219,170821.8469185773
2025-07-28,33.36204676322108,33.61005811992252,33.145631478503944,33.31708305563278,33.318849432118725,487125.1808846987
2025-07-29,33.66533857677158,33.724929563889525,33.43709144546082,33.680300516813176,33.686134664822056,835396.1505767627
2025-07-30,34.36892407125732,34.63639265614936,34.148496489885815,34.42215690869388,34.40660169448047,174320.5919958966
2025-07-31,34.06752752505445,34.27212660572275,33.999143837105784,34.03227338255491,34.03358349062529,124611.14526356758
2025-08-01,33.68123952833713,33.80076579743356,33.52742339665889,33.640031635674355,33.64036485020715,118475.91605400716
2025-08-04,33.38771771655876,33.708341596363994,33.246996205226374,33.38761411105162,33.38255405518763,110688.00707118092
2025-08-05,34.11695667609168,34.4126474201465,34.15744195888307,34.16801414020835,34.170383504339014,381086.99791681295
2025-08-06,34.21577276827227,34.28855286040762,34.059248217291014,34.19407922533946,34.20939361759699,149259.48817550286
2025-08-07,34.15204209901649,34.20390739952683,34.106250931301595,34.123618514311445,34.137303723820146,76858.97282225198
2025-08-08,34.001089125278206,34.04047130995489,33.78307277695974,34.00163823903095,33.997523670592024,131980.2480444847
2025-08-11,33.937727434237814,34.01454837760056,33.81943951012221,33.93266315234819,33.93092122526728,246990.3443939247
2025-08-12,34.62537626308281,34.76894192895615,34.430874760290926,34.58382823737734,34.580517118961524,477522.3644375807
2025-08-13,34.606655016390704,34.81903605972141,34.586228590796864,34.61786457846846,34.617674822271226,241595.4314015342
2025-08-14,35.158411307005515,35.16771830738236,35.06826672599607,35.11477418690907,35.12571014922164,444722.47275682463
2025-08-15,34.80104055125814,35.03035227376196,34.58530987090601,34.77905849580992,34.77671198384025,207370.92544623133
2025-08-18,33.965216712037446,34.1786470232848,33.848668641833314,33.920172393553614,33.9099402417567,332965.2060641621
2025-08-19,33.71064475973428,33.88637340340381,33.51765771537246,33.69435090701727,33.688561441474135,308817.4267115211
2025-08-20,32.15051993774566,32.24205026758807,32.058220195136926,32.20831690167127,32.204558050910805,190773.0927449209
2025-08-21,32.433578245322195,32.64423616290417,31.94187831584048,32.44776372816935,32.45097769579714,239796.8514127808
2025-08-22,32.069952232542114,32.12088396221564,31.853363887834107,32.11680430304603,32.11837507425204,356247.637190383
2025-08-25,31.417638656844574,31.63543938252492,31.159907715969,31.42504967168677,31.41926981058386,120734.67543591124
2025-08-26,32.15646200146501,32.23290620311627,32.0111961486912,32.14679200216323,32.15075998391005,442257.4892769829
2025-08-27,32.953996751746054,33.070278089897265,32.65870778808023,33.01982424882733,33.02194359151193,484051.2017069126
2025-08-28,32.250767458176675,32.50032114008204,31.957720455301104,32.216371261303486,32.222545622162855,151617.0209176684
2025-08-29,32.4406919450039,32.629830654359054,32.45563343930855,32.48094674209805,32.46888956042288,639557.7420277412
2025-09-01,32.67712202855873,32.90626232013254,32.42065304970083,32.61279421931959,32.60964685080294,1002935.066889235
2025-09-02,32.36441060730601,32.57473326501052,32.23378519359992,32.34865837976911,32.34863667786881,242982.12290479016
2025-09-03,33.1635173600161,33.17166052722345,32.91481371135283,33.17103203189725,33.182174232628874,277593.9404262274
2025-09-04,33.066533375003075,33.09881465074452,32.730548607020026,33.02179142391748,33.02302535836309,345255.9142686552
2025-09-05,33.56375327969094,33.7827945971826,33.508087251384,33.547731957294474,33.55167284617411,249348.3079573309
2025-09-08,33.77695810320958,33.80403032484094,33.55026265317379,33.79367893938425,33.79274164558612,311874.2024322038
2025-09-09,33.79579399350844,33.82864066093228,33.76951253741816,33.808961455933606,33.80685483690699,246379.52994279785
2025-09-10,33.94994636616861,34.29789995683767,33.76012090700921,33.94661048736343,33.94443948550476,331321.95318206225
2025-09-11,33.39318844749441,33.649975965740175,33.17724499212562,33.34574490259765,33.35223239996315,143851.86772358097
2025-09-12,32.92917763058426,32.969789677649445,32.89180425032034,32.92384254116232,32.933699672329304,143552.84569830642
2025-09-15,33.96200125993887,34.30451520624904,33.85494480825258,34.01049149805644,34.02655158878238,425382.4717985896
2025-09-16,33.45240675383873,33.55874869304046,33.22945271503482,33.48863494143469,33.492570068537155,295132.6087631111
2025-09-17,33.606022039304925,33.64406177377979,33.384624920612126,33.628405874995444,33.630288096363245,165668.8626246634
2025-09-18,33.0883168502551,33.202826884550014,33.00989730062601,33.0791983688146,33.07888877513924,529029.1583036232
2025-09-19,33.07762012882169,33.07618377455249,32.93345178222774,33.03916782858923,33.04460260145265,337387.95425728394
2025-09-22,33.734999827480976,33.8668302915414,33.70045731808335,33.72186181689936,33.71706735396292,130536.90726273002
2025-09-23,33.02434601814484,33.27229159394504,32.92529544125075,33.05136013100542,33.06258897636757,715061.0173728353
2025-09-24,32.73002336847636,33.071927831564466,32.6990627737567,32.743960945635564,32.72750600909527,141304.47157085963
2025-09-25,32.247904538746546,32.28848650242632,31.9424754884678,32.270825895106874,32.27883223480774,286947.7755944265
2025-09-26,31.36585180091076,31.849572551428288,31.42161923349931,31.429416024249463,31.428220497421837,472987.21972594096
2025-09-29,30.59742216243817,30.732547514736616,30.570367195245414,30.584082253905247,30.579192361543857,255168.86605604796
2025-09-30,30.614840343585957,30.712207484339665,30.512715490040986,30.60797372249766,30.599473952383512,409617.06781657407
2025-10-01,30.611557874523054,30.643205994511877,30.47821601611744,30.610852299800133,30.622267097284823,42601.54073405681
2025-10-02,31.747577169844483,31.81520491754113,31.57540555243424,31.72180823162067,31.708933681932063,598033.4390575297
2025-10-03,31.61707910518833,31.681852400141725,31.61658149594912,31.633965693704216,31.63764407674397,422911.8427805028
2025-10-06,30.55791956701818,30.572940721208465,30.483276137331757,30.515026241318985,30.511660679698014,410471.9403726765
2025-10-07,30.6767495818246,30.92526647347565,30.47126144668257,30.65741375233307,30.662446953667956,207993.0149818183
2025-10-08,30.89615196006022,30.921095617202237,30.811788451246425,30.89792844454924,30.899494470282654,139344.1047650852
2025-10-09,32.027690318428505,32.10488596164303,31.86792284117757,32.01546141669644,32.027494918230246,262974.55519214016
2025-10-10,32.44397082364945,32.588796926926314,32.383913518229804,32.4750455601188,32.46073995168991,97279.03660324254
2025-10-13,32.55638308017004,32.719499931328656,32.4683059678634,32.55255604444981,32.55470954593578,274260.1522858376
2025-10-14,32.50916569736835,32.537958988603954,32.437586717458416,32.495548910657774,32.488493777816025,79371.75595418247
2025-10-15,32.86696647957227,33.11280758086995,32.659066430877644,32.90438935853937,32.90774798959896,967602.7123164984
2025-10-16,32.929413164843034,33.031004675689296,32.82463284980682,32.94480880730355,32.94389068907566,378167.15527688415
2025-10-17,33.073713379324275,33.08513536409576,32.78579040975364,33.03571462888793,33.03552991205244,1452328.2389142166
2025-10-20,33.10474849040573,33.3195793813033,33.13713609768452,33.14018123944204,33.13183364069545,0.0
2025-10-21,33.0532017250709,33.12191720845193,32.65856600082563,33.02326652120958,33.02179156052932,295240.5088015431
2025-10-22,33.30519270333929,33.53163636861912,33.18329822388534,33.324551956464745,33.30972391806786,291503.08419083286
2025-10-23,32.86882774693894,33.10674206357261,32.78585729019363,32.85185489940298,32.86300736747286,306621.6271744752
2025-10-24,32.88758281048261,32.99063491943722,32.877527346328904,32.888952040280984,32.88832737673593,147592.66095829906
2025-10-27,32.85928367518839,32.91764623956437,32.8262639523542,32.86268232303844,32.87589336021805,223621.85380825572
2025-10-28,33.758985998619195,33.855541281316725,33.50086284270928,33.807824774920256,33.80333614099761,81110.34318456388
2025-10-29,34.781449142339454,34.79941878580184,34.64018768072698,34.7856875491808,34.787833639954926,146391.72811927638
2025-10-30,35.205668456687874,35.44532146956904,35.17653541299271,35.20945345987548,35.21184194508262,464903.9831249844
2025-10-31,34.7107515809505,34.836917332243274,34.57769508070092,34.77109955229458,34.773618832136535,151418.44963762502
2025-11-03,34.43339095297673,34.714130222184906,34.25730736615972,34.39363808349933,34.40854121488726,409347.00672835176
2025-11-04,35.29383959440481,35.52266438144513,35.24392359036393,35.281223323974736,35.28012015134318,304394.5244481958
2025-11-05,35.85639868812231,35.85929537152856,35.787390683124244,35.84492831733702,35.845962756999775,293691.9209885456
2025-11-06,36.35401594266866,36.43459078187492,36.28679100320204,36.32725260957783,36.3232777199015,563481.2981570308
2025-11-07,35.757039258710485,35.86539212823076,35.52336666107416,35.738897054768195,35.73152426337337,290462.0753747674
2025-11-10,35.45582122020954,35.69835296830025,35.39798672638889,35.40609661236266,35.41348688024449,277672.706174262
2025-11-11,35.70938625528681,35.965272389227344,35.498514911298294,35.72860027734841,35.723448740540576,664405.6669409684
2025-11-12,36.20798563275108,36.27341646835702,36.14738982220904,36.20885394839381,36.20909276044076,258476.1109332291
2025-11-13,36.94672721680567,37.11181246246397,36.8395209610885,36.95449539355767,36.94686609997268,259608.55524141088
2025-11-14,36.54265488922604,36.85103877586866,36.44949723666674,36.524380528443,36.52299948405632,179967.00399164594
2025-11-17,36.62948735143591,36.62407797123405,36.12892465495696,36.49989694873042,36.49754306679746,341570.45364453224
2025-11-18,36.83553836909682,36.95592450123534,36.815763048923785,36.85553943419714,36.85541863604836,293142.21623270365
2025-11-19,37.34188718541908,37.55203501738924,37.19850643915595,37.37699648965818,37.36188538747559,428031.26917279337
2025-11-20,37.62007621264904,37.99095401328936,37.364308473382685,37.66410089207473,37.65056183448248,251793.57676357112
2025-11-21,37.744086816937504,37.83921430400651,37.61895678063092,37.78360514118887,37.80018000284692,161580.4393252802
2025-11-24,38.454871539078354,38.60411254324416,38.363667002037225,38.476883557658645,38.47168394666602,269194.8951382432
2025-11-25,39.18092203793109,39.32434119361543,39.14004315174344,39.15246221300824,39.15439564949176,401439.9437639833
2025-11-26,39.77579092599258,40.00324854730645,39.65238283403301,39.72304004386572,39.71392671874564,333180.7445459607
2025-11-27,39.99395349766379,39.98923213462281,39.83034191898384,39.98834514780568,39.9987810265812,780652.465370995
2025-11-28,39.54604164211342,39.570575951767616,39.36823904672509,39.50854299342815,39.49515217514624,188195.71473619484
2025-12-01,40.45493528272655,40.70568141321363,40.3570096208843,40.47386804426488,40.47123483413784,86583.05046378964
2025-12-02,41.54976924516263,41.69346626173021,41.52653191493301,41.5513924606168,41.55259278704512,354098.9106211871
2025-12-03,41.452692835120736,41.71455735627982,41.38872091869043,41.44226359474007,41.44592923184448,357163.8163976697
2025-12-04,42.23932089315191,42.45608601802365,42.14599321181256,42.20159023809016,42.21887753074947,268060.00064972526
2025-12-05,41.28752809600615,41.40086761202431,41.1848293956478,41.35805619293328,41.35377428727708,556505.0723360993
2025-12-08,41.64634707023461,41.671787412130726,41.40271019566328,41.619116106097024,41.638372302842704,253522.99558612757
2025-12-09,42.36499232175894,42.60270920627181,42.36984236962861,42.39537923996071,42.37499685159205,1800540.4644088168
2025-12-10,41.80811099917727,41.99083656357144,41.72092790240759,41.83022537099756,41.82630731613471,275821.7929213533
2025-12-11,41.84265589100665,41.91585809333092,41.61547888287675,41.79261137652206,41.78940447576807,98488.1469072927
2025-12-12,41.665583490947775,41.67971622878241,41.52982755309106,41.64483302154214,41.6416801097506,341760.8724176064
2025-12-15,42.46895119246636,42.97087216346184,42.34233111050516,42.444615122815,42.44577046450317,691430.2447983768
2025-12-16,40.68845151240066,40.96694537853305,40.50793254468392,40.66157306235839,40.65460775334636,445229.8688129247
2025-12-17,41.13744384334756,41.23861597448364,41.13037394024104,41.17849185245655,41.19013667819498,519927.5281884706
2025-12-18,41.22742262386115,41.43848834165511,40.938840321399525,41.25476244439092,41.25505672701189,637203.4231853605
2025-12-19,40.68564570415184,40.75343994680036,40.60832614437048,40.7221785679652,40.71675772487909,132085.06958896286
2025-12-22,41.47531917250012,41.63154803532849,40.94489014921898,41.424890001963576,41.42542929044493,118124.96537279364
2025-12-23,41.27620838520422,41.40147310208002,41.24400107402784,41.32694353806947,41.32349768917909,834499.1286905538
2025-12-24,41.079262201085776,41.137517982549085,40.80720966437229,41.086195274833074,41.07674447832768,117901.0910596115
2025-12-25,42.45450816773717,42.53304531746014,42.28971256854631,42.45460238601121,42.46569545406015,407538.904725272
2025-12-26,42.33100892092041,42.56626473059378,42.235746553751184,42.28452839788212,42.29832228466007,72639.85748048434
2025-12-29,42.96784354628659,43.05927381899877,42.84269327818917,42.997978098750814,43.00128586082929,48099.10955245282
2025-12-30,43.71410847475928,43.83540973926875,43.57233649864733,43.73402861397626,43.74406800076459,401735.2305562347
2025-12-31,43.02879628503223,43.41440875348368,42.68266841257674,43.040689262082935,43.03258528595948,726810.1933970336
2026-01-01,42.84702969794164,43.08125146291861,42.79758043514334,42.92587401974741,42.92706090784103,127907.36875863028
2026-01-02,43.043459993611634,43.197995128072606,42.896060419212944,43.07347755134774,43.07750272255898,166777.45059160845
2026-01-05,43.21267107256983,43.44160887247241,43.04850498431931,43.26028179509442,43.26206174005584,222922.06921307935
2026-01-06,43.6542856604892,43.74230218761145,43.39243722381501,43.623009410570354,43.60003264346504,188522.96249628207
2026-01-07,45.6189664414604,45.77314040863273,45.60197009226525,45.60780793356601,45.616083531378194,325984.02598669287
2026-01-08,45.9085014926103,46.30661258034432,45.930153035401176,45.96233338175757,45.97282424195405,302379.18256747344
2026-01-09,45.76899472160117,45.94427961650036,45.51917870397651,45.73629478725531,45.74151936941627,570827.3048321952
2026-01-12,45.83251114583575,45.98742191832254,45.85856193666233,45.872705984979625,45.88278485015388,425537.0233992051
2026-01-13,45.475772462385066,45.52554541556444,45.31538293630692,45.44060776688586,45.42511793577204,294710.9759861408
2026-01-14,44.38566268318949,44.52437215566821,44.13231378457596,44.43468492243255,44.41296129545919,120302.16955635192
2026-01-15,43.63107859292617,43.76008193410154,43.37217420483776,43.63923501676062,43.63419288762405,147853.5944083725
2026-01-16,43.082345386458925,43.20520362799363,42.42756514404096,43.07285576014339,43.08781672855805,274694.4606874083
2026-01-19,42.43114486572063,42.90360570694166,42.06109411869966,42.45983004040652,42.453656813770166,145859.6925486999
2026-01-20,41.915763324887024,42.052849656151295,41.537789435290016,41.82127308424808,41.81771783554158,823497.4425126945
2026-01-21,40.9016707688541,41.39949494398344,40.54212714254784,40.85901715213874,40.86519857899144,323562.7815842252
2026-01-22,40.06650144523806,40.08049701458758,39.90961058183964,40.06973975117414,40.08636477814845,193751.44771191088
2026-01-23,39.330029087211365,39.35267079806094,39.030857503975,39.34571190362736,39.33133851628505,84382.3222262043
2026-01-26,40.07391209224826,40.10460553151066,39.96259699188681,40.05602113820149,40.056033237760765,86939.96134897952
2026-01-27,39.89912036657814,40.39432013043101,39.71738443131007,39.93112461312232,39.954041239950094,313809.19665712345
2026-01-28,39.31733829864784,39.86901567968018,39.28509169986484,39.31645059268504,39.31661978503956,363785.1956945854
2026-01-29,38.61482645785655,38.78243455164576,38.53293490360094,38.59176709166171,38.59720245290102,163821.85871934643
2026-01-30,38.37434552634522,38.45187724035059,37.91453871599551,38.38983315258717,38.39945943469656,322621.54099651927
2026-02-02,38.85001662929341,39.053166124153925,38.56014205335946,38.8227911937432,38.80163458341176,229574.69513709584
2026-02-03,38.61684147839856,38.90342572050776,38.558645808873216,38.59911175434248,38.59573042874188,118143.39296031553
2026-02-04,38.14222739455151,38.29595890469011,38.120763687813366,38.16383371529143,38.154608271749446,320441.212185246
2026-02-05,38.77089902184645,39.039232221820576,38.25303855027887,38.77758963435998,38.746200590314125,194123.49047015863
2026-02-06,38.65203640256095,38.78742106501411,38.613253233553706,38.63866004669186,38.647948937785465,158052.1237830968
2026-02-09,38.84502091548346,39.23194508298219,38.709522276019406,38.79079289977294,38.79527422871032,699195.2727134749
2026-02-10,38.73808974176803,38.81426155196971,38.6514935663808,38.75774524280678,38.761874669619296,118286.49225258733
2026-02-11,39.60010432742671,39.83148163155597,39.280307866593226,39.60998427924831,39.593546313513045,217409.062353092
2026-02-12,40.08829412021224,40.31427819420263,40.08623595556193,40.15283823543626,40.16363126186871,187347.46082496652
2026-02-13,39.7650923296103,39.96094785552431,39.613182519953526,39.753723069052725,39.75601363157645,1437945.381953195
2026-02-16,39.17707899511195,39.45925476080501,39.02361746754182,39.142617039092926,39.13385384260207,409347.3390596589
2026-02-17,39.45196103239152,39.81013548399728,39.357045735019945,39.5148667198351,39.50969785844633,443946.0435279688
2026-02-18,40.63751406745632,40.74283523514468,40.56947995927798,40.72880607659282,40.7304580892247,387771.7224223459
2026-02-19,40.653088296674255,40.64302242625018,40.4095184268997,40.59535527516332,40.582440453524654,0.0
2026-02-20,40.845369607151056,41.41621697021762,40.808438520514336,40.849695910196566,40.85753000450132,56550.11277177767
2026-02-23,40.44651559740271,40.45171220802448,40.36022617356783,40.37810602656727,40.38351263510742,423744.10510761983
2026-02-24,40.32348731396473,40.45046708866062,40.048334732947154,40.26465786339117,40.26694822771584,494494.4447857197
2026-02-25,40.55720805277379,40.67486593307412,40.25606754106572,40.579016330381485,40.58177559911236,413053.43402527424
2026-02-26,41.13450485711506,41.28720698658364,40.87647739863921,41.08240116469085,41.07435719915743,251621.4318273644
2026-02-27,39.87680757336138,40.17493676155762,39.81317593951421,39.91433531372794,39.92601529951402,332535.97798075224
2026-03-02,40.277127233279614,40.56709643620087,40.20591673980415,40.398899618306274,40.40114427648925,519481.428512934
2026-03-03,41.62207045034952,41.68688078732946,41.40078255427063,41.61807828932296,41.62124905120156,244386.1646311649
2026-03-04,42.5412280713605,42.656938728384944,42.48074715245557,42.53661751757192,42.54335169111842,320928.42263073486
2026-03-05,43.15846108179623,43.40979724282045,43.09765083711216,43.11925341359672,43.13457342905241,77679.14689768862
2026-03-06,42.28375584901448,42.38224887532892,42.160546519632206,42.27981670481369,42.285423030597634,392077.5438441621
2026-03-09,42.46816703463109,42.75301095341101,42.39661294690264,42.50677776469792,42.50386030543227,141593.49581540035
2026-03-10,41.99783495220976,42.359270467021226,41.70350351453997,42.05157357769468,42.03603396382113,456951.30998718325
2026-03-11,41.57487494701304,41.65217510524762,41.32241962247131,41.59681443218812,41.58901982448335,468341.6478984741
2026-03-12,42.09435376096374,42.171505936075896,41.737953451930665,42.01123257318597,42.03557895900949,404644.0059854164
2026-03-13,43.01932438711219,43.32375060111176,42.88964284425413,43.04203929352296,43.045574594285,447291.0935424031
2026-03-16,43.24882937391534,43.22238209060391,43.05806645813341,43.19217379662084,43.2033234015017,305471.28529277415
2026-03-17,43.44639920876029,43.60392551228238,43.2750264875059,43.49115662247232,43.479525044192656,261188.99407763997
2026-03-18,43.6620499642728,43.8686093080476,43.19925067265265,43.69347896995119,43.70765771312461,496620.56409958185
2026-03-19,44.13888068638523,44.2652287870142,44.08312175190848,44.126784678994056,44.09447192386754,334224.6026597856
2026-03-20,44.150513853559126,44.3291584109913,43.91440244138863,44.09055358173051,44.08796513796536,806262.729282047
2026-03-23,47.02327508378132,47.11334277398776,46.95715876096542,47.043421554287065,47.02847427374816,284314.4412760976
2026-03-24,47.17371169814167,47.294229784120056,47.06926604166781,47.15949673176215,47.16310075804636,105013.79947601228
2026-03-25,47.77993856424763,47.90409225995454,47.41413929028704,47.80407668151484,47.8151030311622,668602.7512132083
2026-03-26,46.68464660039649,46.69692112070656,46.60112404694282,46.61155044520595,46.60947566494083,499684.514731606
2026-03-27,47.30420015380657,47.455566031647294,47.24571360785834,47.29130161189021,47.28398322480967,439605.06110392016
2026-03-30,47.68065924470901,47.90591407939453,47.56904856592141,47.583336727707646,47.59251044304658,277053.7635263877
2026-03-31,47.52769726940801,47.60969752980065,47.18656459028582,47.607495963802045,47.60012516469899,100259.3105479741
2026-04-01,46.83113711318324,47.29829478992944,46.75386736826604,46.78898409752131,46.781885237211725,154061.5055022117
2026-04-02,46.54270293909127,46.82122282590991,46.04717391573391,46.50450032416989,46.50304475882017,390228.3073732633
2026-04-03,47.023806760248384,47.13128986944813,46.93826189927831,47.04649025885859,47.06259604187399,441662.6294145775
2026-04-06,46.56213607073792,46.99254257769909,46.54413103311535,46.574217190196144,46.595762268169885,271027.04395082704
2026-04-07,46.56798050830958,46.58812869766953,46.46357980251658,46.48816050302747,46.47347596693774,922006.2446806076
2026-04-08,46.16474135003257,46.15540891547885,46.073176658302486,46.124326489871706,46.136564359944686,463340.1021762073
2026-04-09,46.700793358816,46.84693504266506,46.5190274153478,46.74934500477676,46.74757651358718,605987.9848574653
2026-04-10,48.884207924461954,49.37814948044798,48.84483842620975,48.93253960981956,48.92436047757323,602735.0610389593
2026-04-13,50.004379774591584,50.08647989997933,49.78185234732638,50.009502282295095,50.003076596258666,331046.4294619686
2026-04-14,49.11727502567003,49.334420734341535,48.79237167470789,49.12760786226183,49.10894551679759,484113.5173139469
2026-04-15,47.99349883861423,48.04115410085614,47.96475423821579,48.0315783913267,48.012661071025285,97014.70601105972
2026-04-16,47.61152334270625,47.87640693378637,47.51452411323772,47.75449253179361,47.741068329234245,356455.7959198596
2026-04-17,46.4130863558922,46.65791177028398,46.21715980492312,46.41435667822017,46.41063254768999,146435.3502606453
2026-04-20,46.84964274169448,46.90780236873477,46.54628850546676,46.83251978803965,46.842428210982014,132954.74127722677
2026-04-21,46.38566376913376,46.42029779331797,46.2016695944514,46.26829419771275,46.26851235310861,289278.8542241014
2026-04-22,46.00256608075751,46.2390341895958,46.03369327811544,46.06694581755443,46.06363366966273,612225.5848172074
2026-04-23,45.13231295506813,45.646272768110464,44.77911360243703,45.08065931764344,45.08808056350756,304128.70289989765
2026-04-24,44.64833849585725,45.19451890506594,44.540820831464565,44.71936949675635,44.7121645513946,629115.4391483257
2026-04-27,44.662726818442735,44.77173740490788,44.49974754828273,44.574963895750095,44.55767983730581,197771.3302541254
2026-04-28,44.16298504031283,44.42884236178917,44.13874268255667,44.143036078085295,44.15032333350039,457469.6172676116
2026-04-29,44.51657400039238,44.67767062652259,44.183788045452815,44.55850071715544,44.55100724943836,300872.1252298186
2026-04-30,43.863003161029816,44.101617677267946,43.46997079944427,43.85926843861056,43.86553532646277,144066.54097886206
2026-05-01,43.41479059480474,43.46412994934265,43.29701574514385,43.40578257857791,43.43007667168444,245020.80307062197
2026-05-04,43.35646013332557,43.67770159999274,42.94816088414856,43.345877824897045,43.34190278045474,208038.58435147637
2026-05-05,44.04612172034963,44.40880339683675,43.99260455612104,44.08594947882361,44.09003642837247,131377.94912494245
2026-05-06,44.68207188611942,44.98586992974819,44.57934112619565,44.66769439344113,44.65847205483392,290129.6267749806
2026-05-07,45.59199177407862,46.06673032434017,45.53687034085562,45.65669148817714,45.66377297400952,263686.50345853134
2026-05-08,44.93249140167968,45.22466258008067,44.92996360653829,44.96692077085337,44.96089066780576,196937.0409369919
2026-05-11,43.83798438463273,44.31383133626544,43.76733461952716,43.8756987157438,43.87655397840931,216891.0927758749
2026-05-12,44.16652091667861,44.21822613457641,44.015568941557866,44.199240263757645,44.2121843748252,143793.68748442485
2026-05-13,44.823059526727725,44.90113572382147,44.6608637483683,44.89162390636221,44.90580968320644,165782.6045122791
2026-05-14,44.190169693624334,44.56669219301245,43.977392829640976,44.16329588214523,44.1641483363554,171513.48073420732
2026-05-15,44.69692812881935,44.93774728104968,44.58966075719132,44.63902879461701,44.63631305320468,285407.9683303638
2026-05-18,44.05491168812878,44.10590512088708,43.90719134979546,44.02623580761252,44.00939879532157,207002.7830396545
2026-05-19,44.21968568264688,44.37180523286367,43.96411166298644,44.18481008414199,44.18172111798989,279483.5858683553
2026-05-20,42.77579769561909,43.09397737062847,42.652867460460655,42.80461141369493,42.819717310036935,297249.2168766617
2026-05-21,43.173932863375526,43.52256600587107,42.91222331473183,43.20725718280645,43.20136245739391,107572.055631324
2026-05-22,44.46513788068495,44.62956115833093,44.48171415244836,44.48194184113121,44.47715033633379,198385.8360442459
2026-05-25,44.91750120561482,45.21230749506103,44.86747295029425,44.92305254178029,44.91844344828463,122115.0956683394
2026-05-26,44.32229246046074,44.377788269560696,44.25787833820013,44.28162391582661,44.27955015276215,212678.7039734932
2026-05-27,44.64144622238548,44.768487386949566,44.49695201079488,44.58988133217771,44.59693855135099,186826.81020471343
2026-05-28,45.64238143307194,45.8141206552034,45.54006173749215,45.637311569188334,45.63495226339711,438097.8007559289
2026-05-29,44.66295305195193,44.93555758648483,44.49237805751073,44.6430763579201,44.6518803830194,275861.558516926
