date,open,high,low,close,adjusted_close,volume
2020-01-02,25.00774287683818,25.0441331827867,24.92624701276105,25.01456425520752,25.017036881350418,304561.3397916212
2020-01-03,25.26736521219504,25.412803269679664,25.254141321538388,25.265277237312908,25.26267423502592,339963.2818752647
2020-01-06,25.508203261525185,25.807140903499068,25.35209096183387,25.49200341835928,25.47868603263155,415283.34989529126
2020-01-07,26.4012463174162,26.514380843850763,26.359639315918105,26.383426549328824,26.386846655181465,947379.7983739396
2020-01-08,26.42041177045449,26.51737706385786,26.26384013620567,26.475309003206743,26.47942739566695,95553.57398417346
2020-01-09,26.562332989383105,26.83377544488879,26.5562182828024,26.58169797889839,26.574416657008683,187674.32991717683
2020-01-10,27.180470309777174,27.27890286130105,27.095072096485374,27.180834104248067,27.193203213040672,132106.83217087114
2020-01-13,26.99409106325564,27.147583796679186,26.79850122254013,26.96586849454382,26.978250988800497,375092.1223525873
2020-01-14,27.60503763013737,27.77458904935779,27.5312600999602,27.602757972098846,27.60756527879412,644604.1018371172
2020-01-15,27.46995092475876,27.73232185016181,27.51129102480077,27.54570086294124,27.551755243015123,127225.12597905545
2020-01-16,27.115752857339015,27.187933750563587,27.04045964563823,27.12210942707804,27.124699977521548,536538.6328722999
2020-01-17,27.1463576810782,27.15045830366787,27.08412032897744,27.10625791550232,27.09761096550204,115230.57198019457
2020-01-20,27.10439944260407,27.14198845482806,26.96647423669676,27.080902129672072,27.06644950100152,129734.96598918166
2020-01-21,26.55589488713523,26.669902399813797,26.475966141085102,26.57466076690612,26.59137393032431,301631.8745481823
2020-01-22,26.51642570309085,26.528053681769585,26.32308489000837,26.51412248282538,26.498093349286837,167617.7104193051
2020-01-23,26.184588730788352,26.373063518804592,26.03413739136243,26.14058281948348,26.129150692078653,252608.90740769077
2020-01-24,25.743567874089937,25.779839824144887,25.657431458237838,25.764513086961493,25.77107222112445,169373.2424373529
2020-01-27,25.61202975525444,25.611095663230092,25.57164032641192,25.585575572468727,25.6044827346492,92955.36329887553
2020-01-28,25.585665752292982,25.68276753330282,25.476411321457007,25.56538598581124,25.556472552005484,798163.2510576937
2020-01-29,25.614622890434443,25.68250357121454,25.58411578825004,25.643627593741424,25.639111784471773,227842.4996816984
2020-01-30,25.59719664412885,25.600642194987223,25.483575584734243,25.597683830345314,25.594593042640454,554571.6309970383
2020-01-31,26.02528439189506,26.117949443085937,25.85311356567703,26.00282859690774,26.011288440780937,635366.5672770086
2020-02-03,26.493861037199927,26.72691817038298,26.3635631263598,26.46087062378105,26.464979572872792,403520.71212813247
2020-02-04,26.4868773151355,26.635319218628904,26.39019562944552,26.4731008110316,26.472264671706284,487271.1335030642
2020-02-05,26.55639125957237,26.66358716520415,26.383827161818346,26.54280501305427,26.557651855884934,68217.12271692225
2020-02-06,26.399967733066227,26.4384498489517,26.20947318854618,26.411331596677364,26.4037088818721,454885.9115032952
2020-02-07,26.622455228674752,26.876938251676755,26.502501949915317,26.618383118645543,26.61764646944429,121018.9263196665
2020-02-10,25.942685404578206,26.07981530083786,25.93368696296022,25.941512720978377,25.93612380442308,141424.49057970344
2020-02-11,25.67810301796779,25.89819217073577,25.5979665347416,25.677956932657487,25.676654560994592,417101.6731011025
2020-02-12,25.621724302855057,25.62598015054554,25.571874850365347,25.60340040003633,25.61179424955421,176367.41210331753
2020-02-13,25.685146481118664,25.74900778576469,25.61192994412593,25.721317016208868,25.712634108703377,224211.74417973025
2020-02-14,26.33113491724421,26.642555561045125,26.302369304265728,26.34821257386709,26.343385050868964,135566.8132367503
2020-02-17,25.96933652213533,26.22327666251519,25.86894482968657,25.96196686538945,25.96630848478281,325825.4289498284
2020-02-18,25.896639700072004,25.98382609980176,25.911786944692704,25.91425899345145,25.92109733978628,200716.82694410777
2020-02-19,26.04943764255626,26.129290457118135,25.80495546674489,26.014178411706357,26.00876182519731,132654.2440140997
2020-02-20,26.16443873937794,26.19678826743081,26.123657375065346,26.152907212314897,26.154522736645895,368774.66782960616
2020-02-21,25.780146567623014,25.858771742599988,25.50809531902649,25.791627725323785,25.79917535564217,189454.8663191537
2020-02-24,26.095780970627896,26.32354465803627,26.01118596656613,26.105140359548983,26.109204993242752,363680.05829492345
2020-02-25,26.302439194958787,26.50320299507117,26.27622263381956,26.3256883464406,26.317361818804027,186512.3817143477
2020-02-26,26.202444261906056,26.31403434862745,25.991908297153383,26.18596208045729,26.187910697333106,171792.89279495977
2020-02-27,26.43583016564397,26.452664152040192,26.42997985649533,26.432096700974164,26.42708523190272,257107.4574641594
2020-02-28,26.149100501604057,26.314753011416474,26.133384174984645,26.19549035926831,26.19559618636965,406997.384779704
2020-03-02,26.508521848957677,26.53173294029603,26.47635905663521,26.50387963166873,26.497327438569,168386.95747421382
2020-03-03,26.46096359789684,26.551703331433785,26.297065958077667,26.4429544708578,26.43889555223665,94145.19150321592
2020-03-04,26.182163967569377,26.246181734929177,25.90297673021588,26.14028379232332,26.133180482054502,412331.15940122085
2020-03-05,26.052140885920256,26.173154177252727,25.841633113089436,26.053160498878643,26.055804844185907,372228.1025199007
2020-03-06,25.01113196352158,25.04271391795412,24.872660987705437,24.984126985366707,24.97898651088213,312566.48497387994
2020-03-09,25.50322125374878,25.530199349599677,25.420949903319155,25.49379967956257,25.48448896280562,107595.96897659478
2020-03-10,25.15864811102432,25.18964709367439,25.011033187014636,25.126477567860203,25.12075205752981,209873.9445854445
2020-03-11,25.36631303038558,25.451308190899702,25.361985426080427,25.404815503117128,25.39284951086196,206006.5978565946
2020-03-12,25.22180995714045,25.28309506276531,25.114396440882537,25.20071089211129,25.196341623868506,259578.24226665657
2020-03-13,25.45249190434625,25.46426998252685,25.38999850838484,25.455044604150583,25.46042039350174,254451.26430789384
2020-03-16,25.55945166740537,25.721607837562672,25.43154135370809,25.55650125529912,25.565720253566795,296195.1295603991
2020-03-17,25.994854553725844,26.16322436341784,26.027726881204156,26.03490395008761,26.030929063458856,294178.9300937615
2020-03-18,25.85071309036033,26.0373631523979,25.797678018085563,25.871208354993705,25.876636030748035,352887.3893899865
2020-03-19,25.753168559087,25.91692652871037,25.698358673425,25.802360362398133,25.784094031193376,511866.472560024
2020-03-20,26.1812004427796,26.28771756566761,26.09582152518657,26.14764848447244,26.147372512415185,327196.6657276731
2020-03-23,26.560071483231027,26.633010430846163,26.24137359085364,26.489398217966134,26.49665380443229,233817.71305254247
2020-03-24,27.01473991649419,27.193173177843143,26.98942983393032,27.06288092850756,27.05495479955679,440266.7245830201
2020-03-25,26.67244126045481,26.80384842560721,26.46409179093575,26.65848747597112,26.65302848043867,156516.6457015414
2020-03-26,27.030911003429505,27.0838502348141,26.755856822787287,27.0550882494278,27.052858403839743,399853.69816394045
2020-03-27,27.160920551696133,27.161650502530254,27.065694971572697,27.13590546286172,27.133178579347465,76690.01905139665
2020-03-30,27.05702207778316,27.13898044603908,27.02970431880612,27.041978495996563,27.029836270490662,166699.68089441798
2020-03-31,26.59506201068443,26.642592174118683,26.56007415681665,26.613702481807422,26.615762683269395,238676.84072704785
2020-04-01,26.70027217442356,26.862034216162705,26.529904896532383,26.739556504388805,26.736256077212992,164117.09078083345
2020-04-02,26.96454265824185,27.15985430741678,26.69052646204693,26.957163458263896,26.949271901117797,258161.2125099404
2020-04-03,26.913542244488784,27.086483412606537,26.936129881847595,26.97189075784512,26.965095814838357,350821.97363388585
2020-04-06,26.05404864808746,26.29978683577106,26.117162678082696,26.13224147098825,26.13727917783651,198053.33562872824
2020-04-07,26.132434816053163,26.21082403981262,26.07404848853176,26.16808976468512,26.166509139866807,184752.8269340472
2020-04-08,25.74938218055033,25.875218672667085,25.709254306897048,25.71937335640805,25.722034976061504,420434.58491918223
2020-04-09,26.109243014182557,26.23762142286845,26.013203559453093,26.087887619492477,26.096870793033908,196921.688279761
2020-04-10,25.773481213627488,25.94601483480547,25.572176776265103,25.770705344445695,25.76805658784718,205273.4567814404
2020-04-13,25.14043849187254,25.24686308075634,25.02403748760505,25.1746901579164,25.17640078091844,946094.3639017232
2020-04-14,25.19818571575533,25.262570536157444,25.209451069975973,25.21413558629406,25.19572087298326,468450.98812489095
2020-04-15,25.54348652532589,25.640080924200635,25.535373036662676,25.535708905133284,25.536994860479727,191645.79790236667
2020-04-16,25.5430124708315,25.59207023830293,25.381516639125092,25.5522952403622,25.55878065561413,86698.75941548383
2020-04-17,25.77805425100214,25.77850989084609,25.57423223868008,25.753906056115675,25.756453955614315,133815.70946343965
2020-04-20,25.64295121906383,25.69614806499114,25.551177212984804,25.65039663942273,25.658940486657333,92034.70826663692
2020-04-21,25.678461402126555,25.65789068290458,25.517296627994675,25.64402047943988,25.6388099677028,182277.18213975496
2020-04-22,25.804587392917277,26.00324834150463,25.562348027673945,25.776214075852533,25.779162253276315,1039640.8222919356
2020-04-23,25.330347775322203,25.597541775765944,25.268071309064958,25.348692140182205,25.34463427781321,338319.8233284213
2020-04-24,25.268215667288416,25.433626875226707,25.226544456134096,25.255695891303663,25.256230661676472,330621.881163611
2020-04-27,25.3210512185251,25.31801269991038,25.30645133352504,25.31795522839476,25.31682794017549,266018.6150464194
2020-04-28,25.10296682506521,25.155254626332955,24.991662539536645,25.073629931492707,25.077466745696466,364520.5612740265
2020-04-29,25.146930302907062,25.18585225642969,25.121677695952613,25.175752079198013,25.17707660337612,324942.91573161626
2020-04-30,25.23017589905992,25.28742890675362,25.1583268360729,25.186280775451973,25.186109997305746,631158.2689478983
2020-05-01,25.427289169579705,25.550206302733947,25.309865279947797,25.464922940616827,25.45986600777437,127118.75500961048
2020-05-04,25.5145796718054,25.73323100363725,25.358210719128483,25.482182189443325,25.48880798852994,203416.51004876217
2020-05-05,25.140450828090614,25.278012565103705,25.02241629780526,25.16596376798651,25.16962254033597,198961.36229947835
2020-05-06,24.76887352542956,24.806269638516383,24.711394242124197,24.773637234171183,24.782881262657263,117499.46226872074
2020-05-07,25.19260162070034,25.35863469096021,24.90169991521764,25.159636397028635,25.167293201755104,150949.5828734725
2020-05-08,25.407848949410624,25.54235237249654,25.209008000169295,25.43351699235421,25.427828996753146,345976.66422089835
2020-05-11,24.812243682476005,24.91708200017403,24.62157721724444,24.79768188054058,24.79712163621497,83274.11537507713
2020-05-12,24.82014620553208,24.895798205332436,24.75787827029134,24.88784962392925,24.892703346873954,236002.51828015893
2020-05-13,24.776078948571985,24.756440478411992,24.71634572698027,24.739306927017942,24.746813108619563,183779.01462399
2020-05-14,24.61378190378676,24.664839677774957,24.43533605992737,24.6159165453356,24.619437163282008,322837.4999175585
2020-05-15,25.094080255858188,25.11291777418182,24.96287048661997,25.06924290453023,25.066136925561626,579002.8812900635
2020-05-18,24.834673674176177,25.1601024633012,24.69485803558652,24.847648783897597,24.847319556309568,297255.3845641082
2020-05-19,24.58578435814707,24.65282991095862,24.562937609507998,24.60355990473016,24.602531281656443,417441.2161910662
2020-05-20,24.502636606388045,24.713568144943554,24.41261572482891,24.48725252141837,24.48136861493122,55548.282703092926
2020-05-21,24.791742641802603,24.855225619884205,24.78125847936908,24.82688401585979,24.818960246298214,78314.10703632134
2020-05-22,25.03924494632801,25.067563198508577,24.940054126398817,25.04136210537944,25.043523517317727,719378.9017917002
2020-05-25,25.104251344068096,25.283354456306,24.994069957543047,25.092820668155284,25.08037437701468,554164.398873321
2020-05-26,24.71440163437669,25.17745239334345,24.682141424011107,24.76018367125881,24.763066607924976,240883.4056039004
2020-05-27,24.80139913807729,24.79970437057548,24.631369458489264,24.77196126602597,24.782690852275604,82137.67428961881
2020-05-28,25.36160289679249,25.39888244835028,25.292448649451355,25.37436973228387,25.372537468864834,168045.90396189276
2020-05-29,25.4525594659797,25.478550761275848,25.40050263963739,25.45778148651187,25.458167836644567,415492.7301755794
2020-06-01,25.547894136678494,25.786791126409295,25.424971150774297,25.585455461847168,25.58449335622585,254600.61051247563
2020-06-02,25.841657316474063,25.863251266215556,25.72538351298991,25.82940891947895,25.825136332020406,264954.7451964657
2020-06-03,25.901279810636616,25.977443341525166,25.79161524411784,25.905264008502787,25.89633932520858,502700.7870998229
2020-06-04,26.160636155841,26.571550895619268,26.12144828436917,26.22092851894027,26.222025935444613,295186.4665775059
2020-06-05,26.055734559445245,26.12032752704739,25.88441411439332,26.05396569133104,26.05815204165768,584431.3696499254
2020-06-08,25.592853951055417,25.601144338223104,25.4730164144016,25.558685130980624,25.566979562225335,485286.33950554417
2020-06-09,26.0061903762071,26.0345007383082,25.982546362635563,25.99345741901913,26.002040705717118,134307.3277395508
2020-06-10,25.23106410670037,25.39976465442748,25.08254267938657,25.250986505219565,25.25248769690077,427317.1318735794
2020-06-11,24.767932241614357,24.815651985429746,24.6050883846768,24.77306212451329,24.76872508651144,555170.1696904955
2020-06-12,24.8421146756868,25.001074422810955,24.73874758107374,24.813651688873723,24.811072270044694,184394.0465559909
2020-06-15,24.69988351042811,24.78281179868693,24.47208796876627,24.65161839069421,24.652046717964332,141283.7315770316
2020-06-16,25.163266334731222,25.360311900346,25.109663374541515,25.154043279160707,25.15927235805618,459541.20363340736
2020-06-17,25.148854285933265,25.240331140966408,25.12134166346744,25.18517569767735,25.18237040223363,174164.5358076573
2020-06-18,25.218050799487983,25.24610452817934,25.028755063786107,25.233022707681837,25.23833636440613,154744.87714409802
2020-06-19,24.81031885228613,24.901575954897048,24.70936773748845,24.87102697091449,24.869015169325355,280816.5545283571
2020-06-22,24.286298414007653,24.33213593938192,24.261228610710607,24.308747379729787,24.30495159483456,180113.65513774936
2020-06-23,24.015332441895893,24.155044378617895,23.83432484714238,23.98295818762705,23.98673057982056,557592.9017533489
2020-06-24,23.864169662810607,23.89977841917377,23.84749576445871,23.867570640783327,23.87496283730725,313665.675991844
2020-06-25,23.59176990764081,23.638356517493527,23.54839489784017,23.5768359567811,23.570793076997123,246835.72414030076
2020-06-26,23.58715870879472,23.620309702433648,23.47242316418191,23.58068759206871,23.578162312132985,211561.8941882969
2020-06-29,23.525425640530568,23.841970517320224,23.44221434990236,23.51749661217152,23.527621673739965,385409.6989788909
2020-06-30,23.510247362829404,23.54231568334286,23.441811323415152,23.517641679351883,23.524472658657807,748763.8703014345
2020-07-01,22.90037623377046,22.96004895223148,22.796553627677405,22.880597638372684,22.8904628502072,245744.7395952438
2020-07-02,22.769352233447044,22.844233992655194,22.704879844385975,22.750723145286685,22.74871888381465,143195.37290007272
2020-07-03,22.97170870406129,22.949012148514505,22.894891310962308,22.92996638864586,22.93425630995685,394443.21987030143
2020-07-06,22.836138096595004,22.91857456882774,22.717653672686453,22.84964453124098,22.846504591656064,91395.83638273532
2020-07-07,23.37363297114425,23.503133767902582,23.269625865848585,23.38709838099332,23.391181849438198,1425499.045100193
2020-07-08,23.86367179606067,23.922411813894197,23.737011923495988,23.856833471187016,23.856344734613195,134080.03491931467
2020-07-09,23.75463237045961,23.829512344015026,23.6299982508514,23.75127011775549,23.748972145376445,192831.08599995892
2020-07-10,24.26536313911429,24.313715169966606,24.180838193560596,24.247181604523192,24.250469044482838,236281.13340202856
2020-07-13,24.16152013727168,24.203579529454966,24.14080125971397,24.17383537325375,24.18066732376984,251625.1963180716
2020-07-14,24.049963751694104,24.20852033046684,23.967113844421863,24.07392851852,24.0688034444184,404017.9867658946
2020-07-15,24.95359709772702,25.0731515883376,24.952157494494667,24.982593446535063,24.981437312257462,287356.4809269973
2020-07-16,24.11392924925609,24.257431118546627,24.0725914689925,24.109846825913827,24.12135778141143,421356.5235884844
2020-07-17,24.24640651801993,24.29090590039524,24.063026185729893,24.25177882663556,24.24867945057621,50646.10268842794
2020-07-20,24.4207345065668,24.43880917473389,24.28541484079453,24.41861098841301,24.425608905731284,295490.05346279696
2020-07-21,24.345046484022603,24.49919879538017,24.303294034047887,24.370621709401664,24.369942758346685,304915.19295761595
2020-07-22,24.469920954713167,24.489280018809016,24.409440762128984,24.48347135886276,24.490373242461423,187184.3844995363
2020-07-23,25.02617656457432,25.05247065669727,24.6911063848624,24.974268594916072,24.97843195863672,632655.7669792819
2020-07-24,24.635018593708093,24.70189522876935,24.50445482422393,24.635881772841525,24.644831650358245,270460.6633130828
2020-07-27,24.71008686538584,24.89380433911398,24.71320653463693,24.72735674081791,24.73720922216304,315338.6709507476
2020-07-28,24.44923387336121,24.594015908070816,24.33556284364757,24.440726547826667,24.44145803731251,487709.534517143
2020-07-29,24.255572927548744,24.33073638118076,24.163115093429496,24.270652948198038,24.26859505552408,607512.1991610341
2020-07-30,24.5202024369152,24.645157571756037,24.419695379082132,24.52303456940217,24.53233779959555,247857.6771446255
2020-07-31,24.58151721645823,24.812962224686867,24.57536952236201,24.58932284980575,24.58352231842666,365677.6530129913
2020-08-03,24.08610123676461,24.256044450366964,23.97297927577433,24.08442110648108,24.07119034741573,246528.13670731452
2020-08-04,24.26345659538802,24.336455324391785,24.18188078870387,24.284104989215205,24.29348200374675,634726.1989648144
2020-08-05,24.052336659854102,24.227473030776228,23.934365371583063,24.044265800915543,24.04895190248974,244974.71870879832
2020-08-06,24.458897785986007,24.450449268697252,24.08345832739908,24.42439693268792,24.4274079029739,336995.6338305912
2020-08-07,24.43471500436841,24.73590690028241,24.21388552518273,24.42173719777495,24.415744521721205,446859.9162442067
2020-08-10,24.28618644157679,24.544601698214944,24.20432614387447,24.30912281905256,24.31069351832953,184787.87513159032
2020-08-11,23.805046691964694,23.99978540978128,23.525006734288823,23.779970135164,23.781670326670444,205916.99166354863
2020-08-12,23.869492693904668,24.048918827658387,23.748042072291923,23.892906461526984,23.891554260706094,318333.77413312974
2020-08-13,24.07005328640286,24.25044234341256,24.14342791521748,24.146786513309117,24.15717289515933,317846.99702146865
2020-08-14,24.230067006843147,24.38997546141648,24.20455014992466,24.24334193595741,24.245572035811342,295250.1594523982
2020-08-17,23.780962510054387,23.821274321877983,23.639062172598887,23.76003853754689,23.76427519864888,338398.23944032146
2020-08-18,23.95365364747917,23.98682843902396,23.865103701066342,23.952169175445714,23.941289459420428,244816.2101021704
2020-08-19,23.453017795130748,23.839310915876126,23.442190967477263,23.46144809719133,23.462064844307477,216598.98071133223
2020-08-20,23.65433749684604,23.71326381733436,23.59021661842532,23.64272080150794,23.64143952053144,199818.8020943727
2020-08-21,23.679120928741355,23.6909678662393,23.62495146645524,23.65364283633905,23.643355153904697,193140.5237725133
2020-08-24,24.136175025463725,24.20351005548419,24.05287320473,24.097323734737778,24.09637559308071,737081.4596210361
2020-08-25,24.238502861554164,24.43835932535395,24.10424099831004,24.253259711898554,24.248334131487283,164827.78763793403
2020-08-26,24.17047115610764,24.286333807664167,23.8456244690577,24.15661786776112,24.168574794801835,209421.35787085223
2020-08-27,24.804880231723416,24.997070774414414,24.83248010270463,24.892650693720103,24.90363107522592,504234.7829299492
2020-08-28,24.826526561986487,25.013200175623197,24.73308181830464,24.834078265258324,24.843960124261606,461901.820802641
2020-08-31,25.4389929183882,25.453121018702756,25.436881821203716,25.44904340468,25.443406342273484,294213.19221986504
2020-09-01,25.50855362875264,25.56547899568276,25.429947145950155,25.49842372058885,25.493660610425238,255837.0531575696
2020-09-02,25.490424660374845,25.54456609034876,25.32552093610424,25.4636114990025,25.47624037503429,246390.87772357388
2020-09-03,25.30048833000973,25.4991008513631,25.097493999203195,25.24131318262248,25.229887041620927,176606.3811658843
2020-09-04,25.41073251339393,25.508075807359777,25.37241245063094,25.39875485223603,25.4044883414479,179201.81193698657
2020-09-07,24.936910503090463,25.01265256615241,24.903631178722843,24.914052612208803,24.912876579474062,955115.4745113904
2020-09-08,25.22362696953493,25.281514872531748,25.083850626240697,25.21143210863796,25.20698213964659,110899.29095995368
2020-09-09,24.97204321519946,25.008889969916144,24.84989927355324,24.964741148646684,24.956255098265977,635083.0506002061
2020-09-10,25.164266970748635,25.235658068003428,25.08935188962389,25.19048425058747,25.194849933827943,122484.73575697505
2020-09-11,24.589180273993573,24.609063163710275,24.49536647459061,24.598684997798767,24.586132048339465,104594.16309836946
2020-09-14,24.01918045395382,24.07760708231691,23.997315154514094,24.04638753978984,24.04313112994389,424898.0624683302
2020-09-15,24.051723176767872,24.15936722971336,23.78491558322133,24.0643157481643,24.05876712644368,128078.3937748198
2020-09-16,24.345461038532516,24.50451062348296,24.23262287341966,24.34796244565055,24.350933339264973,461579.2006893497
2020-09-17,24.54171850037911,24.61484804990774,24.489065862610925,24.51749172227356,24.513448211848846,726890.1377561353
2020-09-18,24.287260539094884,24.37922092162114,24.15323103762218,24.290790731570183,24.28035256315472,683025.1179225981
2020-09-21,23.85972565457605,23.86274571921792,23.76849261762224,23.862484247485828,23.85864113940078,263649.29953858344
2020-09-22,24.1767589475978,24.16872477145106,24.09220127230073,24.150282630560326,24.153184964343232,447095.4753790614
2020-09-23,24.17988433496087,24.188583438761217,24.130524213513,24.18660054002532,24.186021891285822,238078.47066970845
2020-09-24,24.261631372888093,24.316644929123047,24.239616699133663,24.278278881273003,24.27720792940417,248860.97505705597
2020-09-25,24.545480840679808,24.58116227038765,24.510613267266407,24.559643767415032,24.566853458805955,472159.2232117638
2020-09-28,24.20299987534655,24.31265095586364,24.07721307609968,24.183758648999955,24.184487856769557,146589.67970193652
2020-09-29,24.365338859879795,24.42949371316647,24.110749378558616,24.341550964729148,24.35110169456536,306177.9676191302
2020-09-30,24.71200197781001,24.84580103923897,24.739158650951005,24.763203846947544,24.747458805074476,120307.24899240104
2020-10-01,24.42751506297629,24.63155563807014,24.40465631021203,24.432873659894295,24.428955817800038,276338.6268688165
2020-10-02,24.22484719295653,24.507610930628005,24.177558987388583,24.24592618682554,24.248666692894524,168230.96842078606
2020-10-05,24.00447799399052,24.086578823571944,23.98253500148684,24.03693648588764,24.04755853685021,371964.58327400027
2020-10-06,23.736841793909623,23.8563625885544,23.68408957399496,23.73438232852669,23.739759579413445,427425.5917047059
2020-10-07,23.65082759732104,23.838387629179312,23.634777818713168,23.656207560412373,23.65252804851808,288782.10004367155
2020-10-08,23.20663778249102,23.299317223896946,23.1371772489828,23.163772422410165,23.15571411391092,312605.657535458
2020-10-09,23.566464873637468,23.59093122854186,23.520260339157005,23.55718168499204,23.564554414572957,436159.1736022872
2020-10-12,23.83612083353442,23.846930897097128,23.65051000887866,23.82730649447865,23.82611584685156,280215.87186068686
2020-10-13,23.56248459935201,23.598021995122387,23.503590301208064,23.559693716791195,23.562412626058784,95635.2928499753
2020-10-14,24.287555293438015,24.305194579127583,24.267072633714587,24.29238957446513,24.291088313044025,104665.05211417274
2020-10-15,24.51926992165503,24.67002955314897,24.407960633404784,24.53176657387719,24.52407327145424,217573.2785343457
2020-10-16,24.02628611038792,24.205562402761352,23.833689311686413,24.02738926482345,24.023337469996054,143310.64533116057
2020-10-19,23.96170531635581,24.18161137224979,23.896828910542204,23.96147204033401,23.971080856035517,208231.5010978569
2020-10-20,23.59249076437085,23.64655908520264,23.57055097008516,23.592441505539743,23.583149051967958,393517.94090248464
2020-10-21,23.27432306281938,23.30021807615948,23.159102487970223,23.26348959004287,23.25914016679088,170629.5232804633
2020-10-22,22.99248196854699,23.182319175982023,22.90895285522472,23.042473723200803,23.04430288066173,216741.797158952
2020-10-23,22.80843508524528,22.85778905165821,22.55810690762349,22.803890664197343,22.812562977821827,208527.23922758625
2020-10-26,23.13892150857804,23.24171993829488,22.7787094679051,23.099800738269245,23.10065666283616,403216.8953060173
2020-10-27,23.114099188588703,23.16446108720441,23.09464713519301,23.12272861117644,23.124247646471503,244944.06679155733
2020-10-28,23.02425614019196,23.15348194812136,22.740329009547736,23.032750657691214,23.03728044590133,398525.4411151949
2020-10-29,22.4437209801238,22.524801002348067,22.33897059018648,22.44733191475317,22.45627213158765,261629.9296605259
2020-10-30,22.739062060522077,22.848387457224813,22.742215061242348,22.75355495350156,22.755094053330428,266720.31494321424
2020-11-02,23.242977320837827,23.348521547572503,23.218219356903152,23.23214751683009,23.23750324550749,232240.77425642207
2020-11-03,22.962181937973853,23.13225074727724,22.91745824612835,22.96194632451451,22.959453734043837,475284.2093986079
2020-11-04,23.39615183625688,23.46772636025997,23.41137020650033,23.41343800984403,23.4186789214894,322588.09580054204
2020-11-05,23.383792664230945,23.38046712914471,23.272142102180474,23.37354449186077,23.371880125802868,588057.6264620638
2020-11-06,23.61098247660737,23.69051834570435,23.53749754123977,23.604067386743143,23.612330584768355,323661.6663765835
2020-11-09,23.683231967710668,23.845417143395885,23.63158732888533,23.680611954682885,23.67933609739124,286168.4946775368
2020-11-10,23.461336487021416,23.541521500838265,23.40258459718561,23.415420885185096,23.42348231253303,357064.0671080516
2020-11-11,24.114492395297297,24.19754431287834,23.82678911879145,24.10765288356856,24.096942448779117,463995.9415737523
2020-11-12,24.3833661092275,24.45440729736632,24.1226010512807,24.358596253306708,24.365384838721194,244086.23942121936
2020-11-13,24.595070278408738,24.68493069881338,24.347260671832384,24.59929651107467,24.594173860459705,139355.17664369097
2020-11-16,24.803529992920957,24.96166498085176,24.733327571595648,24.820449649245194,24.821980450409026,112632.82311742131
2020-11-17,24.56325786935022,24.66010811106492,24.496716901153285,24.60521099713916,24.604466558016227,269649.54536969983
2020-11-18,24.39917641242305,24.63619801447146,24.196256492334115,24.388729683622817,24.384062133701057,276675.3486290672
2020-11-19,23.79138324705197,23.861182069220337,23.711540763515444,23.777549158206124,23.781430474627708,328845.1985396632
2020-11-20,23.24985759995905,23.285245813256765,23.234468927832268,23.261677313314784,23.26382481863873,337483.90216362063
2020-11-23,23.14648338760574,23.526683524617237,23.143331426557392,23.15017750260148,23.15397416244974,610098.4235420094
2020-11-24,22.588042694426303,22.601303492864908,22.518095424277725,22.57176544638765,22.56630028780349,322864.18504517607
2020-11-25,22.58084606645629,22.74695198678949,22.53430321310977,22.60624963833033,22.60933519169498,382553.3798849178
2020-11-26,22.26465639972235,22.413330828071796,22.208698498640526,22.269520767294317,22.274625230244247,962549.4713182388
2020-11-27,21.98285745856034,21.979463734195,21.956239403927235,21.97110587092862,21.97832204850325,693404.7237462213
2020-11-30,21.68106959501273,21.752415916660983,21.50079902915496,21.6537179674122,21.65395780597721,95042.5138199604
2020-12-01,21.95786021740335,22.0812989922419,21.904908177901905,21.96285882204354,21.969408114198323,203811.49442420687
2020-12-02,22.281915419043795,22.333639919500413,22.278569094708864,22.316301037050756,22.321757053116837,155751.28216065172
2020-12-03,21.92691189588237,21.939661742517327,21.847203743736028,21.929484582479983,21.91872242587703,206577.4726522132
2020-12-04,21.24624988919008,21.323449385672216,21.20328019560301,21.246648806265124,21.25275873763457,593895.6352368278
2020-12-07,21.14976545994538,21.288690284269254,21.014173688253564,21.148096090712173,21.15293712334996,236767.7861209644
2020-12-08,21.418833062765952,21.51093664155808,21.320606285588177,21.413995800223788,21.411632163002693,200598.4900009626
2020-12-09,21.17297892623519,21.36388187865947,21.17608430840694,21.19510971983532,21.18941574824258,206012.6476925072
2020-12-10,21.2053043765571,21.348123874442184,21.16190515254581,21.20559940980647,21.20373617961152,199930.40815694444
2020-12-11,21.642927438105144,21.675236398547245,21.53838010782989,21.641512969093917,21.637344757497956,259889.2920281523
2020-12-14,21.61480321620997,21.787391518464897,21.560464932464043,21.630520557338823,21.63427640497271,230312.67232139903
2020-12-15,21.53543981912213,21.73049005112168,21.49883961576908,21.567491887989306,21.560589414834176,390706.3459659281
2020-12-16,22.118342230697767,22.29054160396921,22.059539669102225,22.0889802795924,22.09330594491001,393744.213028427
2020-12-17,21.82152025266689,21.96308392904429,21.83070959854225,21.8699762540351,21.874499627581766,382869.4080672269
2020-12-18,22.005785092638543,22.16864978936893,21.942184230148197,22.0091588754021,22.00984445672346,299671.1835224959
2020-12-21,22.31624232429021,22.395439786151336,22.265594357828174,22.31790341247315,22.32630422846466,464836.6357587983
2020-12-22,22.52807704818556,22.674542303620825,22.278747690317537,22.552843715126013,22.552589130955592,600693.2969427332
2020-12-23,22.27375066220128,22.456375925896463,22.168708236393204,22.27630166862,22.27706300431756,388952.09636807616
2020-12-24,22.397112196208667,22.47479881912039,22.38721029279232,22.39824155424401,22.393359930319004,731938.7428888185
2020-12-25,22.07503301930671,22.14973818909522,21.795327627338825,22.086012705034207,22.09536750565288,436037.2077541608
2020-12-28,21.532639805376487,21.53258223784193,21.40583164951534,21.48694441892732,21.50350708318688,557847.8943204128
2020-12-29,21.79939891591742,21.818558914867054,21.816422651037943,21.818113814503025,21.81287116858929,685785.6338900056
2020-12-30,22.214233801049197,22.31587975508928,22.07676040819946,22.183651399628157,22.18380593399609,206718.0702365201
2020-12-31,21.94741075375239,22.07604428102112,21.878851689170148,21.945578539866336,21.945538038834883,373023.7552008167
2021-01-01,21.69172835417436,21.772961242418564,21.595697643058347,21.700659204160573,21.70284908572455,292332.33937216114
2021-01-04,22.21231149618093,22.26587672366183,22.18700693698875,22.22196566549036,22.22130288916082,277412.6796264358
2021-01-05,21.724543315993653,21.94493513524921,21.650715146455244,21.70862542620302,21.708799356432344,142813.1345283242
2021-01-06,21.71493774095924,21.748938818294203,21.55189500268996,21.68607731358793,21.69336586245156,289238.1047865445
2021-01-07,22.28762092286833,22.30471831068518,22.28893278145815,22.30443497792927,22.30690592701092,186840.6781146553
2021-01-08,22.70024598823445,22.77544862128594,22.676718121531813,22.68757991794556,22.687048941058983,461750.33184036094
2021-01-11,22.778922621529915,22.849156650244485,22.749459241889912,22.78317179134157,22.78621101486768,361322.528654337
2021-01-12,23.02202933369791,23.074864151013102,22.920693928225518,23.02353379638417,23.02699774814299,188569.91910922408
2021-01-13,23.73480874171908,23.75486106599849,23.598083450225538,23.720379349678687,23.721681831894376,144963.92825399435
2021-01-14,23.111946028390573,23.371222412479952,23.00221818947878,23.117838852093325,23.10956111991253,313294.50011913246
2021-01-15,22.91076711168967,22.961410242018538,22.87372797219543,22.94137040337298,22.93538776195468,307533.1840656875
2021-01-18,22.955990840362265,23.143945059486317,22.94758670693063,22.965428162773275,22.960546424316664,466402.6964597621
2021-01-19,22.577931799433,22.65035629249994,22.4928748349008,22.602663892623685,22.61031096961082,346911.3504329034
2021-01-20,22.515945765562986,22.696053205253826,22.28040661733347,22.53704717920948,22.528503429185008,57588.74215549933
2021-01-21,22.365067855699053,22.37687642105597,22.189920283603332,22.329539846442863,22.32305900106477,245296.70606878493
2021-01-22,22.424318467035736,22.62078590218525,22.42571372727431,22.44509071757735,22.448275156641984,249849.6918235969
2021-01-25,22.325830177894435,22.37424086653728,22.220829462983648,22.308582449961165,22.301467786409813,258356.62437999377
2021-01-26,22.311108938314145,22.440669626266345,22.15003960884809,22.32174347433959,22.31272687057021,531399.4726576045
2021-01-27,22.257701206205507,22.323880373570688,22.16910418116171,22.24264190047573,22.23909917455149,198245.9730061572
2021-01-28,21.79008230228008,21.832048692268625,21.75446604993822,21.758325638561583,21.757421015620206,138470.68268625194
2021-01-29,21.312807783266976,21.33760136637517,21.20136423474405,21.304729272074816,21.30690920145836,382324.8635979458
2021-02-01,21.415903749720407,21.466979930232775,21.248516457172684,21.40660406574446,21.40790700162457,194456.79274483427
2021-02-02,21.339752255129504,21.508584967395016,21.36379292237459,21.372060696691324,21.378551381159618,177420.13947685418
2021-02-03,21.855916769107782,21.97721225846659,21.819552792136555,21.86769552703447,21.866602789466068,172961.80547689807
2021-02-04,21.42211015371585,21.47612298251901,21.430050112949072,21.44291374208536,21.44522894486385,82819.49272936152
2021-02-05,21.15614746152768,21.367752139206225,21.010926621639147,21.1409832817142,21.14963317933509,234640.76483747468
2021-02-08,21.261550345214893,21.318713316240764,21.20503636305634,21.261163933066,21.26061655286017,868760.3855044493
2021-02-09,21.344131815348877,21.428913501911826,21.220578021773917,21.35215332163886,21.351711984062536,353699.92597467813
2021-02-10,21.353642927218164,21.51123873974173,21.27732727717091,21.355263351555507,21.356981439067138,366757.3613547316
2021-02-11,20.997430332805475,21.099321018201746,20.95826310492785,21.03061365940098,21.025816272582954,1505034.9321828673
2021-02-12,21.19930347963424,21.2247743192896,20.97270877993738,21.18502695134628,21.190020834499,294631.453951048
2021-02-15,21.443339019574296,21.526945061047638,21.23818154199741,21.45152201062507,21.45825716343988,107196.60388167288
2021-02-16,21.133524852265463,21.18962252906472,21.127136124210526,21.148319167471943,21.14713118023857,75518.76759714312
2021-02-17,21.12944819015883,21.318165593154383,21.05868299373968,21.10279642726341,21.10412633908774,562736.8276131811
2021-02-18,21.122045273296752,21.298367371964847,21.085270165053505,21.14090066419978,21.14466633276188,471720.5779476236
2021-02-19,20.849093350287053,20.969108404097675,20.80499309837615,20.87314647003055,20.87536812011376,105902.0005729149
2021-02-22,20.98189290136996,21.16404144762139,20.949921686266325,20.99618738583481,20.996705083501386,443898.542337107
2021-02-23,21.118993700395677,21.179014606398493,21.05670706069636,21.137326639227005,21.13198114192572,644524.0676965374
2021-02-24,21.097951964749434,21.18502492431371,20.989235647013626,21.081196381571957,21.081705124198823,615249.722856424
2021-02-25,20.51639329800801,20.646200318894024,20.43082584949019,20.500309538499927,20.49852265685784,210057.76165690707
2021-02-26,20.31184437420595,20.528846913193146,20.27005455356349,20.34137681158508,20.33869776409602,181124.047464143
2021-03-01,20.56217789626641,20.637252285711583,20.470923544739318,20.548548653356423,20.545457996115218,149296.01767463854
2021-03-02,20.913700921403027,20.967974906711515,20.87834800733259,20.908701969441477,20.91687099987066,0.0
2021-03-03,20.791443306916538,20.886733179842487,20.76116138000204,20.82906298075733,20.82853781081377,678712.315851647
2021-03-04,20.53011708730091,20.527339848516515,20.518347081462892,20.526084210069104,20.51831868597728,229159.50224159984
2021-03-05,20.381232825650898,20.45661224157153,20.337758535448987,20.37193686051174,20.36365965623893,243496.28433777648
2021-03-08,19.960297204317094,20.041225184155067,19.927847313036107,19.97260139343813,19.974682445779496,238665.46762026072
2021-03-09,19.7804298976776,19.78578582144974,19.75226021184964,19.76234141739853,19.765240763858746,326318.4940548962
2021-03-10,19.884352861494182,20.00113193704396,19.7777350748482,19.868401016074632,19.86230297311669,871315.9029471652
2021-03-11,19.608022923225576,19.626826665284405,19.508374942389032,19.604721048768404,19.604578143033592,327292.4400706518
2021-03-12,19.51358910932756,19.56519725166388,19.438458584137557,19.51699233115752,19.52268238545519,57096.66303407232
2021-03-15,19.93402384614805,20.02663871175493,19.915296376658684,19.94843412207308,19.94911215018383,635751.6211048991
2021-03-16,19.746893051324825,19.767949439130486,19.69810438374134,19.75467794418651,19.758227819705784,563473.442448468
2021-03-17,19.552357407033345,19.73109365764356,19.54380539501443,19.56926895018397,19.554255377001372,152700.3852347927
2021-03-18,19.000242127741554,19.12139794829953,19.013777310887875,19.02767130604092,19.028482778782937,446312.74510899774
2021-03-19,19.0192349853069,19.039029153125476,18.832310588471696,19.026209291269986,19.02241660945939,103627.70686347882
2021-03-22,18.95367408549385,19.044904667451757,18.92546807812673,18.957999753378463,18.952757330425143,154739.70628616857
2021-03-23,18.413163768764925,18.70158033128628,18.299309804317488,18.41523211019665,18.40994557947769,225674.41331369785
2021-03-24,18.30689003630841,18.377780585525286,18.250727270513217,18.274208193165368,18.26921618815608,176700.99197863878
2021-03-25,18.76317414099729,18.896345048336432,18.727350524954733,18.759064329729764,18.76547254580668,628076.1305962644
2021-03-26,18.549415981346023,18.64271777387968,18.54494150210515,18.548362271722823,18.55265617994824,118679.68336574222
2021-03-29,18.66009721882168,18.70687180300807,18.659144942012105,18.664003542519566,18.66492711727467,177829.6077653043
2021-03-30,18.835924417940618,18.959300079670516,18.845649036394,18.85534128513266,18.85517118072448,139901.75644130888
2021-03-31,19.12121042208805,19.328474396317628,19.106440420160283,19.114798696636544,19.1217180527108,317694.75900999806
2021-04-01,19.57177052526097,19.630094666502377,19.51915122113578,19.556142776635657,19.561548564084635,199578.1833433316
2021-04-02,19.51867708485835,19.53096539899456,19.47008035143504,19.52057938017319,19.523911615108453,85108.09908618983
2021-04-05,19.523706774939537,19.588475764384214,19.38115016788481,19.53536087729733,19.52709162559069,351108.1280738782
2021-04-06,19.37763851449828,19.387737830579024,19.279746216948244,19.36031489081033,19.353992100378218,255946.780059578
2021-04-07,19.516809526427306,19.642725587190167,19.387932182472223,19.505408969005085,19.498048042009398,294183.8792526949
2021-04-08,19.695515156300324,19.80609447209487,19.686325872476367,19.720474870286797,19.72049797760325,339787.1923460655
2021-04-09,19.87745124507484,20.001473942319382,19.6799114336085,19.824629431476897,19.82795011027467,182495.91949023044
2021-04-12,19.97857162437184,20.0737042682332,19.868487173812916,19.9890518894033,19.98579237200278,271860.91687973845
2021-04-13,19.98391999496303,20.22864001459151,19.80169082209678,19.987551803458743,19.98723938551576,245154.5309920828
2021-04-14,20.078291400313727,20.07434231746113,20.00567588618179,20.06995309552669,20.07233604526461,212975.92740346992
2021-04-15,19.811731511063847,19.90107110405916,19.849314916879145,19.850382017524662,19.850542616613925,320568.6219329917
2021-04-16,19.43888470156404,19.51339421446161,19.33909890500988,19.444849384661037,19.444580433217435,219070.85884538275
2021-04-19,19.50345266220229,19.551015731674227,19.470949584154692,19.497393677632505,19.495334911094197,242359.21851962348
2021-04-20,19.73509298463804,19.723879845392304,19.626341361834424,19.71515819878837,19.711396834760222,347018.5085194905
2021-04-21,19.75587062557742,19.75641584165756,19.751153147967656,19.751194895019704,19.74899564608378,198596.2314265036
2021-04-22,19.653997238886603,19.72769252757594,19.55082541880782,19.655399556124244,19.65107013539858,844872.6845905309
2021-04-23,19.70883480001026,19.70783875999861,19.56880302789774,19.70705829501173,19.70824790278154,177679.60952176858
2021-04-26,19.363446906312205,19.44663498617002,19.29855769609289,19.349962941358708,19.34700936424928,532278.3107958991
2021-04-27,19.30118932723712,19.46792176379796,19.15606214611239,19.29600113926984,19.29422551698135,214655.0292061789
2021-04-28,19.248755724856675,19.30838860709584,19.125575898131924,19.264147208938795,19.25878905968893,597107.030514941
2021-04-29,19.35429927478395,19.39920594807297,19.30617357762034,19.326523033962893,19.33195260435592,135784.87660014338
2021-04-30,19.33525517064399,19.4004508015072,19.23817988971584,19.327561525666237,19.32987115289357,128560.61955129344
2021-05-03,19.578336724548866,19.577498569531564,19.528731257988834,19.56430200170121,19.566051054166923,269823.8315331792
2021-05-04,19.650002286266805,19.694642498169937,19.58018151363144,19.65604645650988,19.662338319829555,773211.3669595171
2021-05-05,19.911610609925926,19.981993654251525,19.80673104456738,19.93654156131431,19.93937852011976,167530.631350592
2021-05-06,19.984717716682223,20.00143844095332,19.77619353611414,19.94998132990923,19.940300138259403,160278.36035143337
2021-05-07,20.04767534476802,20.136089712095472,19.91776439198189,20.024553700781663,20.02656915239397,208718.2505988195
2021-05-10,19.87024005463132,19.96963947663361,19.74097667750389,19.832914170220395,19.82918344595008,222065.17483388304
2021-05-11,19.331028011704685,19.424554262522676,19.215887240864003,19.334865312196623,19.335279677154293,161703.32579256792
2021-05-12,19.461868555555988,19.485565218432143,19.39828316887177,19.420370775253623,19.41876887894071,232219.0351003019
2021-05-13,19.21218545486198,19.31019279464588,19.1128944928781,19.222729023555896,19.2246912608502,174080.7257321746
2021-05-14,19.29059745492479,19.35274914147181,19.03725730592856,19.28525070886169,19.282932574511488,443000.4783565885
2021-05-17,19.043217416359816,19.063557024658383,18.95567751484633,19.0342074117082,19.038733977751832,513606.2466997201
2021-05-18,19.31620106196634,19.37857443892483,19.13032213996839,19.30230740793772,19.304021108827605,272917.4989178964
2021-05-19,19.162899657616197,19.211188894042174,19.01809569140066,19.170517138560356,19.172493089533265,118833.72292312012
2021-05-20,19.02550705504172,19.08182786106888,18.89508914999523,19.03617333484273,19.04047835663016,329075.7564998548
2021-05-21,19.022548749198823,19.010162753400486,18.99812042191799,19.010088368448447,19.007513022490794,443696.12264772126
2021-05-24,19.28958737484038,19.33442091141184,19.18073448321024,19.299687219761008,19.29439953744781,122701.0791912979
2021-05-25,18.8899024749072,18.99111519035231,18.818394729775555,18.9146988510128,18.906524500854268,406695.27711886045
2021-05-26,18.89284694637784,18.9286386846497,18.8607240721745,18.88662570967588,18.887278589291338,197708.68480801684
2021-05-27,18.6132535530007,18.626577239309867,18.571736594236704,18.592354381845283,18.594291150932197,178279.49818082634
2021-05-28,18.198774885777397,18.21046763553307,18.137247359381234,18.19221536324832,18.18672458901497,467669.5020870295
2021-05-31,18.300070314636503,18.29614926802969,18.139357785099104,18.295392179755552,18.297077830608792,179312.70776766795
2021-06-01,18.096468250652983,18.18366779361232,18.093531610543437,18.10780919023195,18.115120216955734,296029.7647061713
2021-06-02,18.50690059656067,18.56007086147273,18.39586474317347,18.52547997896992,18.5296479720452,369232.7133299757
2021-06-03,18.418418118001533,18.437443441182943,18.386762505750287,18.394586299321613,18.395324628560747,262541.9480188111
2021-06-04,18.693835766440067,18.789876344095287,18.594015251230385,18.709287899736392,18.717795713949933,273784.6193673506
2021-06-07,18.98884801947575,18.979719827242565,18.90151403464831,18.97273338006677,18.97152153746996,345696.9272413758
2021-06-08,19.00275308899841,19.14202441617032,18.911430252270577,18.984194498235933,18.993169852589805,260668.8627812568
2021-06-09,19.396110459321317,19.471426650884965,19.3385375726986,19.39144470202729,19.388205607815863,150193.11886192576
2021-06-10,19.50321396562851,19.55013662514487,19.44817870845698,19.493599287876638,19.49235401570324,196405.1788769843
2021-06-11,19.6574940594334,19.844269447587354,19.66027020744145,19.697840779089116,19.69374081002626,283373.0960019333
2021-06-14,20.222052231196,20.26115954649749,20.163636945552657,20.23264547269864,20.23453537939372,108542.30359958198
2021-06-15,19.977193311028948,20.18386331101825,19.90154023185178,20.00182157861188,20.002522886481334,256167.4028686971
2021-06-16,20.04591875144582,20.075825143283453,19.915722879188127,20.0650530645698,20.07168365900754,430313.04691971286
2021-06-17,20.27187719937909,20.344012695264013,20.17082509051035,20.283650536586208,20.284503324203435,454197.27638748754
2021-06-18,20.26320696108258,20.32684391110232,20.21417613341953,20.28396302613669,20.2828206282576,378711.8765385933
2021-06-21,20.5354259226962,20.637332692267996,20.55759458408582,20.56294521545334,20.55524416624184,163861.5634262435
2021-06-22,20.53200612170457,20.536994871591524,20.362957638556427,20.52528139890231,20.51833867304286,60722.84901224981
2021-06-23,20.60771990725048,20.67374253355814,20.47344022231952,20.587793927521,20.58827825588738,185311.80482845756
2021-06-24,20.42261489757684,20.44873696737115,20.242865606920653,20.423510714981703,20.43400215731392,246363.02349281212
2021-06-25,20.481676079324934,20.644742047307727,20.34911468854843,20.479294507321207,20.484631669646355,543923.197911635
2021-06-28,20.043861134529585,20.02896806928899,19.947972286241143,20.00704695929115,20.006534077427936,389155.8570572977
2021-06-29,20.034220679431005,20.098803299394746,19.95165016923432,20.01731356276917,20.010146059429065,188676.46834400223
2021-06-30,19.485462427746896,19.606353943367388,19.2988597558071,19.506357540427004,19.509273358487285,173911.22856390828
2021-07-01,19.96042893179556,20.024764952653467,19.89875973934676,19.958811768515584,19.949360426953167,146504.14529605012
2021-07-02,20.104142902095195,20.280374680040545,20.10155680379257,20.16200832515641,20.15753793340414,430144.781914939
2021-07-05,20.13637137657699,20.28473379498965,20.17059271000517,20.17797959881754,20.18791108614115,347270.37309207825
2021-07-06,19.86098651200902,19.98385211114811,19.747243316768785,19.85901521569491,19.86386325191944,274224.34559957485
2021-07-07,20.001476470018936,20.036328577501248,19.980164898180497,20.011088741088248,20.01048498545746,272136.9856812806
2021-07-08,19.83679760938905,19.927205463201474,19.83024283556294,19.839996194907,19.83980810377285,334888.4244670515
2021-07-09,19.804996796389133,19.929544304936968,19.727903568375385,19.819796635473452,19.8186241861287,133713.7936001023
2021-07-12,20.152443768899243,20.214552029120416,20.097860521054177,20.15843116825852,20.15495034810175,140157.80596770867
2021-07-13,20.15765872586947,20.18675908972096,20.138731458706925,20.164211470956825,20.16928932588478,183350.07840429424
2021-07-14,20.63483656494665,20.6511228151506,20.546608451294794,20.641992495348006,20.644352424987783,493183.11558416433
2021-07-15,20.27726918479078,20.317409656828406,20.14600471967254,20.304174866825974,20.308242386837357,192096.71617701856
2021-07-16,20.21558520908114,20.416179142544674,20.10721409476952,20.24185876353843,20.24082398806392,727838.5415502107
2021-07-19,20.13522210094738,20.15578012922515,20.091025907156418,20.12011080712572,20.117661471307997,414140.6912263699
2021-07-20,19.927642409619427,19.9914380280549,19.90815594596873,19.922195282239205,19.917711208869637,115729.34210138014
2021-07-21,19.868946454441573,19.996386069539597,19.773500562676755,19.89674196125575,19.88915874257369,450133.8903229108
2021-07-22,19.715006253025823,19.74829498159292,19.63757102354666,19.71737160123248,19.71161496942031,273169.7097705714
2021-07-23,19.80329550955313,19.81822421700343,19.6081146979203,19.80434974066584,19.796075064361546,626422.2937703392
2021-07-26,19.743070195818937,19.82231125439329,19.628434480440035,19.705546567819525,19.70432467685664,241339.05586977248
2021-07-27,19.98329100947712,19.99721917224573,19.9314208989356,19.98626027512865,19.98465087055941,157744.1895364498
2021-07-28,20.346299706509043,20.46062676824414,20.088384447427188,20.36602823363441,20.3688856985368,775500.3775182784
2021-07-29,20.4854297905446,20.5595218151518,20.4121543874475,20.46816487251293,20.47632560545816,92087.69574712028
2021-07-30,20.95073157463547,20.936571556558665,20.824814232085952,20.931701999789382,20.935044143973435,256763.02194620104
2021-08-02,21.079712923479285,21.285891780065285,20.99614341175858,21.076699203777025,21.079915844851328,513913.37943399086
2021-08-03,20.849687730615443,21.03410542969016,20.741775070920827,20.86752746922137,20.86586529074673,197686.92371556367
2021-08-04,21.2496796867146,21.25170430171941,21.05497909484109,21.229071007084837,21.234843658430115,285268.85350276245
2021-08-05,21.122406199762214,21.234772575602204,21.012723845052868,21.108792254742017,21.107652425538976,221839.7403380139
2021-08-06,20.609305903385604,20.73592432900242,20.5334932214155,20.60664074987048,20.604135607099973,452314.2620160079
2021-08-09,20.214299310139367,20.220262404092257,20.10382283965599,20.20945084578901,20.20607402788625,0.0
2021-08-10,20.03090743198091,20.21817656019897,20.02931769272724,20.082527613964817,20.07922848783802,429414.12768839
2021-08-11,20.39011050543431,20.58197929315868,20.318816527787703,20.41409448695184,20.417881820098597,836636.3493275387
2021-08-12,20.465741570254224,20.592673651591205,20.4584628791714,20.46642772008544,20.46721849875839,130825.27993241536
2021-08-13,20.442774178955048,20.50409702969924,20.371284264053664,20.47658584331121,20.480398523276843,422030.30339827936
2021-08-16,20.36184504227521,20.55192618983158,20.35059118149666,20.35214570413775,20.348500797066794,203329.6422042836
2021-08-17,20.576274424122577,20.59157327889317,20.52100557026897,20.54902082810542,20.54597866765949,131271.32011893982
2021-08-18,20.494162257489023,20.650023229553145,20.277269611163,20.499134796952134,20.49704983953899,606474.8880615305
2021-08-19,20.27163220503647,20.54177179106434,20.211503415727037,20.25733400915659,20.263682214489428,0.0
2021-08-20,20.341713002979663,20.31957354460804,20.28630013966325,20.305038463195835,20.30135991174903,268871.6672893768
2021-08-23,20.37782451341928,20.452936619643925,20.2183234353962,20.377207218286344,20.387701397956484,343393.3706747628
2021-08-24,20.13815567083251,20.276418783391915,20.11907903839427,20.14435467303351,20.141830308422037,233725.55754450572
2021-08-25,20.265726063814608,20.30695953941408,20.16750864389383,20.25799695813605,20.250544520280283,288411.7939929475
2021-08-26,20.04854214549124,20.150881320011614,20.03994168311371,20.052329181265783,20.05139994709027,111189.5375447496
2021-08-27,20.312137232404982,20.38690347540029,20.24920052740289,20.325659858331804,20.325310898031425,368360.9043088041
2021-08-30,20.14407219154194,20.19302802687284,20.14704379924058,20.161675056527628,20.163044436562167,333439.6887410722
2021-08-31,20.46833515379638,20.50845554547896,20.24143109622089,20.48839873120233,20.487522223595068,270304.67527162534
2021-09-01,20.2662808847115,20.270098666753945,20.222896174564514,20.22697404125033,20.223256323199063,392840.3421829352
2021-09-02,19.996505846607683,20.205123695895733,19.89279007505478,19.984643991494465,19.98933763455,79180.81947014696
2021-09-03,20.127632339127736,20.121839314650305,20.0673035311568,20.10707114729756,20.110413266877405,498641.5780177825
2021-09-06,19.67379995035307,19.73790273047418,19.57303007357116,19.68000687682368,19.68072540420085,101473.90764404528
2021-09-07,19.90453678627269,19.994009105532392,19.904519109273288,19.928064968159838,19.9246030666768,166682.72489345807
2021-09-08,19.533783110324883,19.738124127622516,19.48891624449991,19.585570185602904,19.58915530075172,77506.79644004864
2021-09-09,19.658915393875205,19.77030427762813,19.64202416380653,19.660416230617862,19.66074793802669,202877.9862283693
2021-09-10,19.630558482701375,19.895581039000323,19.543341545769906,19.61180416694304,19.62231907637879,337350.6753669425
2021-09-13,19.234984984722296,19.53015147764028,19.243859985497284,19.244572918308503,19.23899158556632,124751.28153750113
2021-09-14,19.484106870959334,19.541767590780807,19.469254168116816,19.479580453244377,19.489692291239678,198931.5474018655
2021-09-15,19.62671809406717,19.587104855113974,19.455830268552244,19.584813962769523,19.58590057936277,284201.8929549367
2021-09-16,19.075017085500438,19.093350336712057,18.992601500550023,19.07767496840112,19.067427325502123,97608.5572687019
2021-09-17,19.18178145914308,19.272412198229404,19.17519220158532,19.18321765005714,19.1901330438608,105777.68446876862
2021-09-20,18.968789125998303,19.05687514687153,18.911290708495528,18.953106042980192,18.950834777597493,326354.1380657152
2021-09-21,18.895358718280747,18.906767322912597,18.825109097689374,18.887456460246863,18.885491378082296,214126.1888351504
2021-09-22,19.114329226536075,19.127309581802947,19.09268311275386,19.124399294590955,19.121374064632548,218365.38195948303
2021-09-23,19.07097697967582,19.142743571663875,19.004699917533426,19.070685587818517,19.07433927553926,571454.8741431542
2021-09-24,19.192281985182824,19.26101416853172,19.17046025855563,19.199248037926505,19.205440216003502,166168.00198496715
2021-09-27,18.93996399021904,19.01517029894394,18.813041692422797,18.937305898865937,18.93755907633613,101051.2705178511
2021-09-28,18.92069425725812,18.991929903996905,18.81289902286738,18.942701382684582,18.942584135018137,1399225.2315269364
2021-09-29,19.20028265994102,19.22244375902671,19.143003007292897,19.18343491085438,19.183390235679703,141661.55285182252
2021-09-30,19.303895919999704,19.483337908688306,19.261421779292025,19.310348183549337,19.3166377549184,65457.90464380728
2021-10-01,19.45060940201528,19.54009914774948,19.464320513404463,19.479499026604497,19.47694668726436,0.0
2021-10-04,19.00451876904273,19.022540354113357,18.960390918989475,18.975596341563968,18.97722590814035,346735.91136153426
2021-10-05,19.09220755446225,19.12215695477023,18.980330579744987,19.09302982973812,19.09485347861027,198758.4905708336
2021-10-06,19.250828411632607,19.305900303758698,19.21875465427449,19.24070995795209,19.242345529707386,164452.4861162892
2021-10-07,19.60216640306116,19.619296322435325,19.55826385861185,19.58804606699925,19.57471546374254,399735.0427335103
2021-10-08,19.730358895682336,19.810874291895768,19.550853688444526,19.74650723208672,19.745210719154613,299143.7536455949
2021-10-11,19.73273300056246,19.836085074037207,19.70067563780507,19.71295239742601,19.71242449615576,408466.9057180792
2021-10-12,19.76997268235964,19.77245981578778,19.715205049038744,19.769910183347957,19.77008839987875,111330.94576721523
2021-10-13,19.626387013536977,19.648332031323605,19.477560881941844,19.6045989317508,19.60691496882307,179402.261182809
2021-10-14,19.746033394095992,19.876685516049825,19.785492738047008,19.785756272655195,19.782454480056447,163766.5200996719
2021-10-15,19.951503169612774,20.02424676500623,19.93502391318733,19.949707093034924,19.939324132250576,250183.30901473472
2021-10-18,19.294022040539343,19.4334290872237,19.173445051781435,19.299735268872617,19.29505724293433,104081.18883346536
2021-10-19,19.355031412787632,19.569866304401657,19.34524419659077,19.37074401298124,19.36624177571121,690339.2911967348
2021-10-20,19.474913359839697,19.512673826737466,19.404108000699672,19.47725469849073,19.48655077003814,447582.3745150616
2021-10-21,19.902339558984128,19.91972156003729,19.839394448468468,19.87158844146248,19.87486809940617,558226.4784210537
2021-10-22,20.0417350623704,20.16201856746883,20.02157143075144,20.0553130798457,20.05946107418873,550588.0107089339
2021-10-25,19.968112067765382,20.042486283875643,19.916332545671107,19.9841232610318,19.99128771429328,260734.809059258
2021-10-26,20.069732308410483,20.19129073552948,19.98179515211065,20.069291528704383,20.06447750529301,997922.757891264
2021-10-27,19.662911596090925,19.773830580187276,19.61413761588085,19.64579824096384,19.64795199472634,237684.140328206
2021-10-28,19.68240490607177,19.77896456473425,19.66197761707113,19.68331123010224,19.67258341586509,478356.5594741991
2021-10-29,19.838942369458188,19.95188783263633,19.752686391173768,19.849354880598025,19.84722859898785,350611.36623248784
2021-11-01,20.107500698793533,20.21001441243313,20.07477543693759,20.12573082713636,20.12544284413625,183870.76789194343
2021-11-02,19.699405369912533,19.92893538657533,19.56971150532407,19.727194942550422,19.72282827471544,105697.4424859282
2021-11-03,19.7248182689563,19.786893292688795,19.62895510339706,19.725042387347983,19.725594880760752,246774.76033091827
2021-11-04,19.826616109647738,20.017461150413435,19.81303831830472,19.84091633597286,19.846480193603856,295997.0929454456
2021-11-05,19.547329698042496,19.580996961753257,19.4781851279526,19.546812341990787,19.55778839655478,306616.7891933829
2021-11-08,19.87784708898345,19.94291243233991,19.871510970099585,19.894981622810462,19.892265993231973,161546.64813710834
2021-11-09,19.87518973672645,20.013149739813738,19.841970268904,19.860758433170147,19.861923664583365,1146314.7392340037
2021-11-10,19.996444390897658,20.17707112140737,19.992417964133303,20.022086261182277,20.02134740383841,121599.73337986883
2021-11-11,20.463393492363583,20.49080917297581,20.40551805861416,20.47759977113148,20.47544753233686,104949.18905159018
2021-11-12,21.01264429936644,21.07091126343494,20.6926021351498,20.9988870403354,20.9944188186788,124835.0229547904
2021-11-15,20.84788279530732,20.92541372963091,20.815321735695363,20.84150363280001,20.85467510198352,138119.69188060434
2021-11-16,20.93701333719397,21.00490640790014,20.829999737544448,20.943798314348605,20.935860215394488,320425.2463803312
2021-11-17,20.8542728883597,20.86277714160609,20.684553913734952,20.849267193895788,20.855128845957736,150758.20685809228
2021-11-18,20.83302071585744,20.934636770387595,20.76173207231532,20.852583258701262,20.85262897490848,234162.78985404296
2021-11-19,21.004932556356973,21.17403789401722,20.737367672191628,21.02905057172069,21.028114511365484,164082.8099428112
2021-11-22,21.45343315651574,21.493683757050896,21.319781164676304,21.448866238967472,21.43792015432317,252377.10976641512
2021-11-23,21.46312641079057,21.60094815722611,21.39987555420684,21.451021486559743,21.45879622400752,167398.3198089466
2021-11-24,21.39145719847396,21.598977851635496,21.31564787091224,21.36742137859823,21.36820305682997,82749.7917286484
2021-11-25,21.594421211046697,21.755011595181895,21.490323996821747,21.595715852059357,21.59796149590007,230009.07778431
2021-11-26,21.534537320927942,21.70303848096026,21.45191969614053,21.531415489985584,21.52301809989641,245242.3997777212
2021-11-29,21.37071521473565,21.418195974340534,21.341197017100757,21.358756896642824,21.357397566560834,506866.54668652406
2021-11-30,21.151134941220807,21.26700243583786,20.99659544777414,21.154684668094895,21.15102814381225,66479.05519277691
2021-12-01,21.08489628620012,21.106013996660195,21.078091534627006,21.100028424319927,21.103081534980088,348014.57033646404
2021-12-02,20.855885041465257,21.03931234453482,20.84694125660963,20.855297699896717,20.86823727522732,391283.3252406504
2021-12-03,20.890102890902472,21.159507630909268,20.72300959539237,20.882555747917365,20.878737143138203,350483.6372642768
2021-12-06,20.695061210567708,20.70084875568556,20.643261353698893,20.68405279043397,20.687531825445447,272286.14430109895
2021-12-07,20.66917145164393,20.746955663070462,20.59594890151084,20.654067638379665,20.65625774519223,502161.9526694357
2021-12-08,20.83635910899657,21.076359742100134,20.823331618692293,20.86321002760814,20.868186563023748,430765.63524502
2021-12-09,20.896130693567116,21.002630745955013,20.838883410118022,20.892808654214985,20.897754295792243,215102.57870806372
2021-12-10,20.9409139772928,21.04700386886494,20.82039278760281,20.941351973514525,20.94194011735844,171115.73000461992
2021-12-13,21.092472087585943,21.10405836489409,20.91684473439856,21.09534830118927,21.1017860738642,250162.48010614136
2021-12-14,21.36219056423869,21.378863201321824,21.253930991368847,21.35595325073554,21.36224788085478,304146.9287942531
2021-12-15,21.3239547706895,21.402170916679776,21.16923545478225,21.265735941303124,21.258358134384903,207850.0798959663
2021-12-16,21.22869055652471,21.328361094485874,20.991438164227525,21.21273476033933,21.21252872239943,202199.31079016125
2021-12-17,20.958738208179515,21.138427591171432,20.877954593736,20.94691863980505,20.940654637939264,1513628.8280158483
2021-12-20,20.49255523826207,20.6557267133171,20.49385312351821,20.51107094018432,20.5122996466786,730758.9396935425
2021-12-21,20.40578840926938,20.54894824092891,20.31645007770723,20.405061639118596,20.4018382244332,581930.7318731733
2021-12-22,20.677283299382363,20.762796859891715,20.508758161400447,20.65307809450492,20.65272862488437,376610.6210916062
2021-12-23,20.45266873870775,20.50785497610204,20.39915412794328,20.441483628844747,20.446853505644924,135888.12125491633
2021-12-24,20.42679140210808,20.593029023717783,20.42135624124065,20.438705970956995,20.441917225559656,262678.6790540718
2021-12-27,20.611270586268667,20.62465907064517,20.529349334122006,20.594774173782003,20.590581894357253,473779.19478184026
2021-12-28,20.30271532402798,20.339681386180857,20.17131868835553,20.28923500484239,20.288908830973625,484706.6010747082
2021-12-29,20.69855704992227,20.78233942184784,20.598651539805427,20.68346694776105,20.687276215600463,215960.9985883802
2021-12-30,20.305260375801232,20.344668788579074,20.168370931699112,20.3197477265058,20.307298975182096,326640.7394475356
2021-12-31,20.46795147010233,20.5505461061344,20.22722563922316,20.44603485368939,20.452368592503724,233104.12137309503
2022-01-03,20.29464547827901,20.348837189302028,20.21500285661853,20.27678602886152,20.266176904312776,307663.409820424
2022-01-04,20.23462595491593,20.34226827713216,20.14699659768233,20.250734333094872,20.25026722313217,201270.0978881949
2022-01-05,20.05398588825156,20.108601700903115,19.97273564887349,20.051441585295184,20.049610367418488,161088.09663898655
2022-01-06,20.076891900842188,20.140612097193813,19.871990058831877,20.056365274132197,20.05650385116104,700772.8376213762
2022-01-07,20.14523792891121,20.177755091171765,20.061576730400585,20.142568712356745,20.13454163135356,170248.0299727791
2022-01-10,20.139052356418595,20.25605657343328,20.00760174051177,20.150605820494576,20.15116086132141,207775.3644341559
2022-01-11,20.04653347035485,20.18550053306587,19.92196550841704,20.03332848703421,20.029003500240865,132679.86184072262
2022-01-12,20.052465229663134,20.111805408793764,19.90993220618291,20.05046060409545,20.045551950927543,128327.05880384112
2022-01-13,19.640821783299447,19.696668489804185,19.61044853740589,19.63572743300667,19.634937695951667,0.0
2022-01-14,19.612518191329592,19.74426632189368,19.578894850029517,19.60647692419612,19.6069605213884,236889.1267287357
2022-01-17,19.94027000507605,20.07828322265505,19.900012773331653,19.96721653289,19.972931430817184,352360.6402316736
2022-01-18,20.280795044099165,20.356215793038366,20.171472122886044,20.28085724907844,20.28586789446426,235205.5917505277
2022-01-19,20.06043921742505,20.109269402393192,20.02291289694014,20.045236306090786,20.05288067593226,631633.9596289677
2022-01-20,20.27206130113328,20.292584448519342,20.07376900683509,20.247533479655235,20.25039113074897,582320.1546074827
2022-01-21,19.88953733801502,20.017375841397413,19.87527079102864,19.910481241914955,19.91255607157451,338696.3501325088
2022-01-24,20.24851604989046,20.313675920202535,20.06501894487346,20.266474897743528,20.25810046689517,210289.1682922595
2022-01-25,20.161976680130348,20.208036534098973,20.18746276783945,20.20312883560266,20.20961681995528,268163.7579559688
2022-01-26,20.4806316021397,20.509726790906925,20.36776474374443,20.49435767617428,20.484396671495137,108126.92529396596
2022-01-27,20.57449915668969,20.72809398167673,20.395179393705867,20.571989717253736,20.567522864212755,232019.3905380032
2022-01-28,20.38182670137933,20.43768678497729,20.341746164109427,20.375899924953384,20.382340260238816,226281.0338683919
2022-01-31,20.392536832477777,20.498375035470904,20.23326653179685,20.413588123425487,20.41383066398172,478742.8254921643
2022-02-01,20.40619792321592,20.399690612196224,20.337374513523145,20.38275747771418,20.392210378646592,171276.49679250532
2022-02-02,20.783198813008497,20.83187830804979,20.678202026382863,20.78219885344927,20.773433681748635,356743.6426584089
2022-02-03,20.6429114852838,20.691965268587296,20.58475468905856,20.62592177899672,20.626883670879668,256583.7765266909
2022-02-04,20.91288346533417,20.95562244283561,20.893590925331964,20.92175109849522,20.92102417849683,253998.1155300342
2022-02-07,21.07259539718681,21.08076162534554,20.801965375576263,21.02964174163375,21.021210486535335,248035.4308219067
2022-02-08,21.24095305528344,21.318705215358776,21.176350230694705,21.23175500479997,21.239423460398232,525367.6249437932
2022-02-09,21.165204008327024,21.15779124429728,21.09137203821906,21.15608106212262,21.16036428357137,310074.26959710213
2022-02-10,21.1622304124356,21.353046302480006,21.10365683050557,21.173167242435035,21.17644135434556,189466.16325205608
2022-02-11,20.56878051087236,20.599385222138785,20.476595740074394,20.57308747397622,20.589768204486653,130981.70242704108
2022-02-14,20.355407773102478,20.50851258795625,20.26953628215923,20.36241942388252,20.36104625186674,422936.8183548668
2022-02-15,20.213518288284824,20.29077597932168,20.14433183014096,20.19320925830129,20.19663058714573,295019.7965865962
2022-02-16,20.382813019497203,20.496682772811383,20.3548308827235,20.35631502096847,20.358019850300007,287905.2232997065
2022-02-17,20.04171350714777,20.165176556693595,19.908522521178536,20.040544472639425,20.043331076133853,311879.90234183776
2022-02-18,20.144518088950445,20.155631403931903,20.105953955356583,20.14186843861981,20.134664481377087,152320.03094651434
2022-02-21,20.312132569541305,20.330264442848318,20.11637045897737,20.305581589800774,20.306741656432788,173069.20404338365
2022-02-22,20.522890330046764,20.59072213629606,20.45013644172149,20.529507339062334,20.52275387946277,254029.989461125
2022-02-23,20.25096177613452,20.278274788856237,20.137898298999957,20.253769471155657,20.253315006092286,73931.83737371769
2022-02-24,20.53828162941632,20.58420606792988,20.366587856209826,20.508314798947,20.50821666176724,275339.1145412829
2022-02-25,20.35727554215637,20.405927170359355,20.20767797030044,20.355353836638965,20.35062924905065,196301.29877387447
2022-02-28,19.68245993513409,19.781998154356263,19.526972770775124,19.7071755903982,19.70581995391437,223225.88107088787
2022-03-01,19.69755872125053,19.81188450412436,19.66429737666014,19.717555106908367,19.71804777088024,350071.364122491
2022-03-02,19.59519455601545,19.712097422948435,19.393287654404546,19.617056565684184,19.61607367914884,419409.6139048577
2022-03-03,19.45073967511446,19.576046988090177,19.32298307377895,19.48891158174771,19.4921002971476,238947.76234250967
2022-03-04,19.617886931522477,19.649440534850328,19.490362511388632,19.628466176825214,19.63359255855244,322079.03393631626
2022-03-07,19.545503906948955,19.61042055257161,19.373027040290623,19.54110419148815,19.538788831724943,356316.38846118486
2022-03-08,19.415241106913147,19.469938388164337,19.249100544872967,19.38913131896093,19.38465667084552,579600.8519092445
2022-03-09,18.81024250534985,18.919844940323536,18.77278373084122,18.777887752697666,18.773840511819365,275225.05877798254
2022-03-10,19.07397395666439,19.30358218972145,18.993767451541803,19.08752253538509,19.09326880095393,389082.2580905748
2022-03-11,19.15309271186456,19.31874359296721,18.911094607057333,19.154075792836387,19.15627844587904,493818.2743466868
2022-03-14,18.986572283075763,19.109449669984286,18.944471020125988,19.01319048608604,19.01644758632479,176739.06016593313
2022-03-15,18.8795272989294,18.970514040347624,18.75310102340176,18.886044850270306,18.88580525361049,498875.5887410029
2022-03-16,18.751418336805887,18.810380975504604,18.731450564107806,18.764147104785824,18.75851255661092,335696.76985228894
2022-03-17,18.71055787093054,18.72775424421804,18.608276218765816,18.69492916931725,18.702394260665766,675142.3567421536
2022-03-18,18.5631346492071,18.654161810194232,18.5768926131387,18.58078641191314,18.58027102363201,456322.4387498663
2022-03-21,18.563143117371368,18.60046604527032,18.471500273160856,18.562972098739426,18.55457815571588,220363.4604062753
2022-03-22,18.21154796790888,18.215845683411807,18.148674822445976,18.1974090167622,18.19579010407872,260777.8384583716
2022-03-23,18.185592327194023,18.25253400824431,18.22037173433319,18.23583684938055,18.23442641912791,157917.23208391407
2022-03-24,18.091316752235677,18.19994053773522,18.05510921763228,18.09888053225142,18.099742620344895,79347.33317843768
2022-03-25,18.04893273124298,18.140322112410683,18.045841210132192,18.05822925589695,18.06122254227316,558674.2194533966
2022-03-28,17.88288485425542,17.96672417264521,17.78798677343939,17.86634741074306,17.86922540358311,268469.12533430016
2022-03-29,17.90032340265426,17.926171306835894,17.826890792375334,17.87938023821859,17.881839474344332,140024.7461365058
2022-03-30,18.151438797705552,18.20824123583456,18.110704652861024,18.14251481145005,18.14607784611009,354096.1231739699
2022-03-31,18.128376066446148,18.188477299574217,18.10382871508977,18.13698851260074,18.140599938517703,966150.7845128868
2022-04-01,18.053660798481825,18.144436798296223,18.00510898230579,18.031602253776928,18.02954873205133,219927.0016598344
2022-04-04,17.635649994125153,17.680315134715404,17.598554584323615,17.615083409781946,17.612919162112775,181955.1388121554
2022-04-05,17.29335360095686,17.390033759238197,17.257974205237403,17.287823348035577,17.286197042030665,318933.08949584066
2022-04-06,17.184689090016807,17.223163789889334,17.09896990082644,17.203619324646723,17.20906063646045,485970.9385548476
2022-04-07,17.53102915442526,17.541020787925923,17.4311010613223,17.50900945566695,17.505877142856313,280491.7864561719
2022-04-08,17.214533569050946,17.2218045540847,17.0530568638183,17.208440945098488,17.206246166245524,395437.74230774713
2022-04-11,17.667051875759032,17.85129679561389,17.640653480650688,17.686051342638308,17.68869297862336,408300.9795691755
2022-04-12,18.0341557039405,18.17177263692487,17.927456014274433,18.05850962659823,18.06990460083276,240050.395394766
2022-04-13,18.079940714730487,18.1122113101308,18.01852984656062,18.09046854883366,18.08752520847319,537105.1431282664
2022-04-14,18.289721232784988,18.39077817588596,18.25170681967764,18.274143773870087,18.277552162018964,543015.9675774811
2022-04-15,18.4219338559184,18.47018832542539,18.402733301396125,18.422997328440296,18.419379540478783,177638.70047688327
2022-04-18,18.35833313820111,18.409707330280018,18.325656325693664,18.348663564667817,18.348953616884994,341974.18364129256
2022-04-19,17.959432112808145,18.05927890524991,17.978413031945625,17.985076768366923,17.981896941602006,505973.15267531126
2022-04-20,17.82042962298257,17.899914036286518,17.696697816617224,17.83909777357683,17.838186757575624,222497.54940452092
2022-04-21,17.715265364562732,17.695381043484954,17.507080167808002,17.689854954857203,17.692989874226637,313311.7400202797
2022-04-22,17.894493873592577,17.919084506751034,17.753363274374657,17.87571712669619,17.879675210377414,462603.23599789134
2022-04-25,17.58549874959116,17.699604983230227,17.416820975080427,17.598672549570384,17.59916246017068,156452.0134921608
2022-04-26,17.609481033558247,17.661306884156108,17.560584322352245,17.61344277592816,17.617207472953734,260662.95790180343
2022-04-27,17.82528707867097,17.891235008717384,17.77662863310468,17.817206458281156,17.80310137472339,65427.6694405402
2022-04-28,17.639164967998436,17.66737782452906,17.59944047804631,17.66552203575633,17.65805280037779,225479.77584398337
2022-04-29,17.523473877599052,17.54557099490121,17.528594639176045,17.536961659247147,17.526625333070573,312086.223771858
2022-05-02,17.62292195456571,17.72264931866485,17.506172070917298,17.61681012143758,17.614344825773987,240952.59983073032
2022-05-03,17.751948037309376,17.818226337073757,17.71568340311062,17.774278059063267,17.777151174205976,256228.88915140257
2022-05-04,17.75058539371854,17.753963925168247,17.746651336296328,17.74857113265259,17.750248224896037,94590.92415980894
2022-05-05,17.836143195036552,17.90547955648078,17.726347962750417,17.830463712970726,17.831616982811784,207122.5195394078
2022-05-06,17.74425412604617,17.82874674664961,17.628429750161626,17.73342173193382,17.734753832594404,272193.08385485056
2022-05-09,17.843291532718172,17.910362484593723,17.703266037983973,17.821968937585606,17.82560599018725,255415.08496281397
2022-05-10,17.85577086839635,17.88058239536009,17.8291099810753,17.86965681785404,17.864731972484496,306411.9283480666
2022-05-11,18.42707107786776,18.47394085966505,18.413885587460022,18.42038708908898,18.426192751626235,172020.37122136672
2022-05-12,18.22653294111271,18.230022647883978,18.0617623220617,18.203741749014224,18.201741273741504,433743.09929848847
2022-05-13,18.148823933002227,18.23271360495972,18.05154524770477,18.16743105013032,18.159619785329653,269508.03872006165
2022-05-16,18.17779517488513,18.3454731407482,18.14613910149156,18.18671147146592,18.190957603009387,477608.744924948
2022-05-17,18.05768177162237,18.142874275803663,18.01821796023501,18.080301024350124,18.08057130609556,360401.77468617656
2022-05-18,18.042401052603665,18.117287710192414,17.966645028532646,18.058402500533244,18.054995753951832,228388.14024912196
2022-05-19,17.7379298817007,17.7749792650053,17.649792919013965,17.753218803224087,17.74693668263835,296281.0605719549
2022-05-20,17.760731431612363,17.880426944383164,17.741715128600674,17.75646601426994,17.755550078580136,115553.2539060206
2022-05-23,17.664063834832564,17.76216320293635,17.590343782401387,17.693799058115452,17.691313513586977,529891.1998105103
2022-05-24,18.07915143371628,18.17794146689286,18.05429823396013,18.090631377810187,18.08278641417944,240837.29864228875
2022-05-25,18.168119746011307,18.294006204893147,18.17313830001104,18.204128084329295,18.214351148277967,198445.56924975544
2022-05-26,18.47495100031891,18.587332412788843,18.3542369483498,18.474492030787854,18.47362737915871,402582.7693622373
2022-05-27,18.339547735358277,18.397533458745464,18.230873469768326,18.31837126049597,18.319689248771716,432365.15477059473
2022-05-30,18.576393406871897,18.73132547223761,18.59002123029669,18.59354850464741,18.59686343692561,112423.5872814947
2022-05-31,18.545549685223484,18.607224561473544,18.378415982838508,18.569184267515503,18.572603233398677,251707.1789241312
2022-06-01,18.645049705283096,18.65481036834485,18.639106884163525,18.644712719483373,18.64060680847599,323439.5487344154
2022-06-02,18.29499182193189,18.3308132103654,18.27714799778796,18.295863283503497,18.294052324491314,303792.19470075314
2022-06-03,18.068667586514195,18.19277486164461,18.00305117880109,18.05117223628102,18.05841802783247,301170.8224279944
2022-06-06,18.51228156636112,18.690087388794524,18.47774818412761,18.517963036561365,18.520906035618463,332930.30263667624
2022-06-07,18.38821125442902,18.54727948691968,18.1834678903161,18.36103332699142,18.36030198450526,370289.3558342221
2022-06-08,18.675422940142088,18.677292951077003,18.624768439677265,18.67445226341214,18.671812736228333,220316.53032749775
2022-06-09,18.693921186259303,18.699432111104443,18.65999143617201,18.66108202618691,18.670078652432284,1159553.1486668084
2022-06-10,18.8291906108785,18.846207876941925,18.794330940058305,18.802300939510413,18.798975021342585,395948.0119105543
2022-06-13,18.757778591198072,18.72252486910396,18.58001820657044,18.714486787843704,18.71053063367745,214856.6680660446
2022-06-14,18.69405344235394,18.75816190160341,18.59064631774751,18.700663083627024,18.697856548559088,51087.30644754125
2022-06-15,18.53291793542654,18.63602282596072,18.521525455451595,18.545790173562303,18.53988793188222,161448.08509227203
2022-06-16,18.11172482218055,18.23540415391748,18.084670533970318,18.132581682071223,18.130008265794867,233025.51278494069
2022-06-17,17.99922512777596,18.02336725996744,17.837579154122263,17.978805597179147,17.981600262768694,249421.4166946945
2022-06-20,17.931572859460534,17.984534115693076,17.922408570595806,17.944455749207012,17.94750489686887,264316.8493503888
2022-06-21,18.05210636101344,18.07724980808019,18.0266413511227,18.053045409853617,18.049110820414324,229398.65170120512
2022-06-22,18.19063425476696,18.179046784393883,18.14348877957395,18.170563350891094,18.16425327693293,341697.6849438666
2022-06-23,18.261282604289924,18.305518673397923,18.194596807807443,18.271453497166217,18.273310256846464,413988.0743716624
2022-06-24,18.708020698214877,18.79965409034265,18.63836285284473,18.68742647827925,18.68586798314464,49763.37187795669
2022-06-27,19.21421466949993,19.333767954991632,19.15938557458865,19.218078546176592,19.21014630416344,510313.163641528
2022-06-28,19.40613468245137,19.473510396898536,19.185167381501405,19.394854332868945,19.398759971116533,369031.716148546
2022-06-29,19.42421580191623,19.530371397872788,19.334096392102623,19.41118949901746,19.40648505292139,189857.2250374344
2022-06-30,19.70946576136273,19.746773160809877,19.670204714813877,19.706604895600066,19.70541578696184,221882.41671562305
2022-07-01,19.63907723548697,19.90647605613802,19.586287041944875,19.627337960665837,19.62554394027153,1604625.5433930769
2022-07-04,19.38670108569108,19.530461614186795,19.42568584776535,19.442179391044807,19.44664969290464,172727.8139788706
2022-07-05,20.02035982236147,20.21701959745172,19.96280789510304,20.02616353996814,20.030226087619564,211984.3340635292
2022-07-06,19.840304212988247,19.968507010067768,19.72092198073737,19.891684008790254,19.89174430847356,211899.1226774364
2022-07-07,19.988351250228824,20.00255386728039,19.883195797846263,19.98888091828783,19.994996846692427,482969.5837180311
2022-07-08,20.43021863082588,20.43238168663157,20.17418215834576,20.41061128542585,20.415050918917427,689464.1169331366
2022-07-11,20.456271971906077,20.50859137314769,20.441780176053125,20.476542126820583,20.476585846663056,199210.65188484456
2022-07-12,20.86760144854681,21.033642597559616,20.800203754055755,20.86659507765029,20.86396987758312,325126.69474662986
2022-07-13,20.96407396178667,20.9980421536698,20.88952707705864,20.942320207566784,20.95061799527353,118169.29056384988
2022-07-14,21.096511558739014,21.12042865981335,21.063434953550804,21.09776397507571,21.094020752272645,474472.1081105312
2022-07-15,20.63669694334558,20.710134086672728,20.57714571872389,20.60747269471917,20.601371822711084,91255.10917203188
2022-07-18,20.51944679073053,20.66035395657656,20.441112350384305,20.50937088214078,20.513236197077777,326538.57861529896
2022-07-19,20.23242438212342,20.354323512151467,20.192011688500955,20.257648366858877,20.258088050068007,319306.8854719599
2022-07-20,19.664900953780023,19.848671813936324,19.656715084352847,19.67992604489986,19.672176161836216,219167.89932480128
2022-07-21,19.538844274368174,19.58790910289022,19.485196270261014,19.51907861178629,19.510511012477902,214243.6973489332
2022-07-22,19.381802201975287,19.459185394517664,19.2928284338924,19.420363669374847,19.41762012392996,573757.6718090279
2022-07-25,19.51819581319968,19.63387032354412,19.42235125333853,19.493651796382,19.49806342376904,177102.3172666196
2022-07-26,19.483966278929557,19.61532654713333,19.51495431847556,19.51727353312428,19.51597161571936,256921.64184253963
2022-07-27,19.113822302829437,19.14421842066986,18.980166456775333,19.1324291266006,19.13500648892351,63925.5305434708
2022-07-28,19.587664883723324,19.694036086252147,19.520966292532204,19.585670544289744,19.588877659917067,445031.82012396975
2022-07-29,19.863925450021096,19.877106099300335,19.85106106192204,19.876976807648767,19.882336282864443,234113.30930052543
2022-08-01,19.6269803896202,19.711880577981557,19.608654437480247,19.6297776725255,19.631417019002907,248563.78005325265
2022-08-02,19.47948890263616,19.569512415868925,19.438937666300223,19.46742105273351,19.459920049545453,413552.5152627297
2022-08-03,19.397948173225487,19.494901118939687,19.357915832795268,19.419405679153503,19.429386121716224,497790.8558800128
2022-08-04,20.539878044394296,20.73458819510073,20.50659689515232,20.54190484247429,20.54841241301003,352717.1481740767
2022-08-05,20.8436539827,21.033591996809577,20.62426533377247,20.854813786728403,20.852172245294163,390186.4139838533
2022-08-08,20.59638830490494,20.586390088044062,20.55609485956506,20.57995849451554,20.577851293522315,363342.02565177006
2022-08-09,20.563848867717763,20.59646584062744,20.434411445222,20.55480451002455,20.5595179273365,277020.4061182849
2022-08-10,20.338836452873192,20.41637141179045,20.30190697686176,20.35185839108243,20.36095502553576,364907.9248886954
2022-08-11,19.90644311745065,20.020190479345302,19.75622613092594,19.930917720890186,19.933927140748928,105830.91691712094
2022-08-12,19.95407441219268,19.938673981178688,19.93131784676467,19.93327580739247,19.930984173907948,214581.6112191021
2022-08-15,19.83619548305688,19.817436970795843,19.80699582196569,19.81667470565087,19.80901385034217,356185.1449731111
2022-08-16,19.2964737621894,19.45141658280205,19.272965284702167,19.308420984235635,19.307006476919728,66116.98558641227
2022-08-17,19.352048153125526,19.41672779829024,19.281860149622283,19.333991177603465,19.332131161819092,220980.88389282027
2022-08-18,18.96803418930505,19.018978029643964,18.952901416850644,18.974038092193517,18.97952803834212,158998.94086170496
2022-08-19,18.89716934329583,18.936975315697868,18.847902116614293,18.886705359559933,18.884490525685948,297045.2821938253
2022-08-22,19.070035386238978,19.0818936394182,18.967084310927717,19.051241477604503,19.04996126834488,131602.3006984813
2022-08-23,18.81305050469429,19.00096216126861,18.75684208291237,18.820409355456334,18.81880052950524,211695.4806608722
2022-08-24,18.959119405822484,19.0346457892761,18.854397038039192,18.966206371323604,18.95755071771568,517868.95705931337
2022-08-25,19.02247742437405,19.06040846707868,18.93488033326888,19.01653471164905,19.017197749529316,395502.6869958915
2022-08-26,19.411780657160023,19.530439427554235,19.387782330118508,19.405427385162263,19.40262051685921,354548.78186838137
2022-08-29,19.13576840253733,19.238582188761875,19.136613593722764,19.16114645013089,19.159929066002626,616976.4830209974
2022-08-30,19.38900675988363,19.494605341952877,19.345801442953487,19.380198497881285,19.38858109214612,444205.72871280287
2022-08-31,19.66717549585349,19.74475036359228,19.61465617142783,19.68914049029898,19.68636867026081,200950.6779942393
2022-09-01,19.612036824080946,19.744368184957,19.535345205265376,19.60001910313604,19.60313398284456,140872.77709670938
2022-09-02,19.304475530237053,19.35120890292198,19.24725342427886,19.32754697963902,19.327428476392544,504604.8523952829
2022-09-05,19.634619401951028,19.62550677627058,19.585435636408107,19.6233953440402,19.61771452570065,262028.83950179987
2022-09-06,19.46637905654511,19.572502095883397,19.33631446591511,19.47602125126061,19.474497534722524,261972.3279619585
2022-09-07,19.65273328327711,19.711818473928805,19.55450551834973,19.649109564718348,19.643490256842107,410826.34822602273
2022-09-08,19.39492196256217,19.40984013887035,19.349116603711643,19.40095460768934,19.39456796560853,117374.34419112696
2022-09-09,19.21347517128449,19.398777416115955,19.057897681821995,19.21962326870385,19.225335877369908,438592.3481753704
2022-09-12,19.395166274076097,19.42253564735472,19.31204052550493,19.403690981768747,19.40998421812816,94651.51966994036
2022-09-13,19.65414718564453,19.663314683921108,19.612679942596436,19.652777719170288,19.65030176639405,251768.19044040196
2022-09-14,19.61692168757566,19.665920008025783,19.507598152316035,19.612415410277432,19.614393097529945,209552.5593360848
2022-09-15,19.781131358235964,19.826929040836998,19.57855104480432,19.79501192730535,19.799216395137147,237248.6977080457
2022-09-16,19.235111824786493,19.25350009848184,19.1808370239005,19.25260337098293,19.26067892235847,393799.29201709287
2022-09-19,19.59204738009,19.69818871904137,19.547455856509185,19.600806402502325,19.603845087025704,64189.22247611386
2022-09-20,20.081731859696955,20.072358198893355,20.002860512024498,20.05553712275719,20.059559862136997,216636.92746886832
2022-09-21,20.756282898909134,20.794492718424355,20.639264299277283,20.74644757529474,20.74962425048095,257929.56867216
2022-09-22,20.760901941086374,20.888770701361366,20.68208370385104,20.760199870533896,20.762917277302613,179722.44478308092
2022-09-23,20.658809498421004,20.736220110368983,20.46049421700388,20.639590016825245,20.634979052363235,147367.4828808676
2022-09-26,20.50146901855848,20.58431417745166,20.47160140742184,20.516735279748115,20.51261028585355,642336.8394582924
2022-09-27,20.247772691790857,20.2885194848282,20.20634737702902,20.247089293365807,20.259446828857616,675388.1285577202
2022-09-28,20.458829065979995,20.49555451579365,20.428955349986936,20.462572143267856,20.45513418260428,504811.921079866
2022-09-29,20.76759726034424,20.950159586768788,20.764778680432,20.78838937234588,20.778959578012287,77356.57056800072
2022-09-30,20.74984217155333,20.866125875551077,20.75725479631206,20.760159371980794,20.764315988309555,242440.57996911663
2022-10-03,20.607429624336305,20.812118144147536,20.56503506316693,20.639626344189587,20.638505200175715,161857.46854511686
2022-10-04,20.786943429145904,21.06951863871809,20.672793315216836,20.77423169698937,20.78148876001714,354091.8402385677
2022-10-05,20.364091711665832,20.55441593775928,20.2113440226724,20.39419859812549,20.40003608671593,438987.4111277946
2022-10-06,20.04909818506987,20.171543434686047,19.99302184924516,20.064203818560078,20.066947823854463,213767.554455124
2022-10-07,19.9067958365424,20.03407573052747,19.884784370133588,19.8961271595636,19.900014135448256,270608.2482635953
2022-10-10,19.88661505506828,19.893313270144255,19.68312738154836,19.841342843795825,19.84603725517348,244682.56791838023
2022-10-11,19.727417689129013,19.735248163597905,19.65433002870289,19.697069570367656,19.68756315632553,117987.96706477203
2022-10-12,19.45115033378456,19.45156699015446,19.29808837158153,19.441807873287797,19.4408337452684,315927.2159056112
2022-10-13,19.98379911134281,19.94552748789226,19.87944196983693,19.9450611632807,19.940623722702878,95976.47229937265
2022-10-14,20.451584216165003,20.4769871122482,20.342867494634103,20.44434913695113,20.442920595549577,268715.1534683318
2022-10-17,20.39305459435461,20.411239291710352,20.22593066108469,20.38369509727642,20.371087562983934,219133.31875494495
2022-10-18,20.461470704709257,20.51623464872247,20.48282614978594,20.50210697496167,20.502612551155835,188747.21071790895
2022-10-19,20.51071494576409,20.59501367484699,20.45550215870898,20.52489529284319,20.528137071386645,264257.1012318612
2022-10-20,20.758782061957497,20.83302333581808,20.74687543364641,20.769235997817507,20.771804639971336,345405.739054732
2022-10-21,20.491025564727646,20.53233345991468,20.398806531042737,20.453261688125995,20.45151894515409,525186.5741807501
2022-10-24,20.792171719296697,20.821597959017044,20.72661750234717,20.7628303545872,20.76853183564378,327353.8439772195
2022-10-25,20.373245587416235,20.409204824018985,20.26202880809408,20.38037443590069,20.381656023254457,174619.88235703326
2022-10-26,19.95174916070553,20.070997272771955,19.91679106284814,19.9695976729204,19.97481388498829,125953.28658739416
2022-10-27,19.78005494224037,19.883828136528354,19.71549179552833,19.781460619354508,19.7859635528844,318425.63093196094
2022-10-28,19.674589922695088,19.76048656293975,19.618295590431625,19.66692190705696,19.66686449286704,144124.899043877
2022-10-31,19.9795065122966,20.06112709436644,19.86349119616984,20.002444486769694,20.014238845664728,347408.581232277
2022-11-01,20.1263854864299,20.24440318449906,20.04217341003519,20.129959413756765,20.127651174900198,340810.7871285675
2022-11-02,19.80324993302101,19.8192704914504,19.76492316378129,19.818331223589,19.81689750727713,161000.49368724533
2022-11-03,19.98784402396212,20.11255786828846,19.964071851179828,20.00497298421243,20.003008009989987,300603.55722003774
2022-11-04,19.719668716389744,19.70263437177254,19.55817333678461,19.66494818935437,19.66931627204745,581585.6734954062
2022-11-07,19.276168118022483,19.368010129606425,19.211110457531365,19.28513773755439,19.286493077521328,200898.92018284672
2022-11-08,19.76093062924004,19.754758813065635,19.62136125232089,19.75353582638001,19.7582133138875,900406.1679698662
2022-11-09,19.92627368968829,20.063353438523464,19.84825228059642,19.947119822324694,19.94720339880147,218803.0533478867
2022-11-10,20.214149482984425,20.304007289595763,20.103771610076077,20.204951541402497,20.206941856536343,582794.3110724225
2022-11-11,20.48476562114661,20.60879563309376,20.46683838526329,20.4804244568983,20.47660366523428,291311.2915217728
2022-11-14,20.20795330924457,20.29972126636441,20.083015694296257,20.187264294681384,20.177942793840693,249872.3886486529
2022-11-15,20.525307217087253,20.61423833976472,20.418595125621383,20.523002347816035,20.522409992466965,90283.73719780298
2022-11-16,20.60679867748016,20.636588583190854,20.455506587857236,20.59413693307267,20.598054277759346,146654.93657147602
2022-11-17,20.144452650395262,20.21511205436036,20.04495135895216,20.143743959298785,20.143505845750703,333819.1786728472
2022-11-18,19.9340038996014,20.12247157571246,19.92621124400851,19.92753447313129,19.92311417983615,238776.51062288872
2022-11-21,20.3469456099246,20.39967271366437,20.21187899633197,20.364202672916623,20.36367098072362,374935.2899194352
2022-11-22,20.61144182575569,20.62402579029777,20.49444500462416,20.602853808897432,20.59561872047012,180666.8807457277
2022-11-23,20.604923503301677,20.7872358915346,20.52646290262295,20.57348481247257,20.57106858837623,276467.86979529826
2022-11-24,20.58441095942136,20.795466146652608,20.50175256061244,20.621963936092506,20.61860413303035,390645.9347012009
2022-11-25,21.262362102327437,21.36211993500355,21.154149310912075,21.26578112477295,21.26367010332209,98183.42295091788
2022-11-28,21.34285331137452,21.33525804721818,21.177913158779667,21.304221185715583,21.302287180985893,252968.69721324387
2022-11-29,21.467266121336426,21.54711478601736,21.404272998045013,21.48023068818693,21.48158693569801,0.0
2022-11-30,22.169703917455312,22.36800659542975,22.10932416395777,22.22610893861481,22.22977649945877,433127.3134856827
2022-12-01,22.315720353215188,22.38333519296892,22.19052939448395,22.329041912635915,22.330748608373103,211575.1277496468
2022-12-02,22.59166676928039,22.678068015398267,22.464059881574777,22.584803655462448,22.58779741550883,84203.15623365564
2022-12-05,22.47064597723911,22.43769977783821,22.405071794299666,22.41898787130552,22.42631615509645,544631.0997078507
2022-12-06,22.34668390491357,22.493204413739296,22.345561835840083,22.352285389693886,22.345155647126067,426962.6660604996
2022-12-07,22.101410848700706,22.11436820839471,22.062638663924503,22.07008468174804,22.068863439135523,322869.9216726306
2022-12-08,21.74974697524462,21.80712344453676,21.552664942129788,21.72806296291973,21.72030243670011,286413.8053340558
2022-12-09,22.22154868658968,22.37361961481773,22.106797088443397,22.22052257238282,22.22588917663932,363554.8503370142
2022-12-12,22.540720415835533,22.533134879864907,22.49076197018513,22.50900818396301,22.50578072188457,594626.3829100212
2022-12-13,22.64226761160852,22.684845671389727,22.530804805186797,22.681905905897043,22.67692105895116,416290.2424943214
2022-12-14,22.59527665691398,22.669934841806164,22.59093267087093,22.637460032485617,22.638682080046667,747525.9799799098
2022-12-15,23.09691208798424,23.294222718602253,23.069623021778025,23.108341132499497,23.10090862840549,158955.82864321073
2022-12-16,22.949005283512435,23.040578708181943,22.95222125598444,22.966525490004887,22.968918987609488,673621.3072461494
2022-12-19,22.955904551221085,22.97153536806516,22.942761531949028,22.95546693129165,22.94840530678188,210349.0572526565
2022-12-20,23.220145867341117,23.29750108586061,23.18614286010824,23.18997046497497,23.19099852090604,194841.9757981337
2022-12-21,23.06259036286657,23.162242128471323,23.039072986171487,23.0692822350821,23.076318423675502,634320.179122752
2022-12-22,22.87079833196671,22.965274284891223,22.790823075580064,22.842103232304293,22.84133727418747,188506.24065996116
2022-12-23,23.144997774803656,23.22156522171912,23.13293464457117,23.148278206008023,23.150999910830954,278526.53549511195
2022-12-26,23.037121589612813,23.258991281368456,23.01030959906396,23.044805271214557,23.05061320074285,1350318.951210046
2022-12-27,23.284148852056468,23.3652809062247,23.152320885525512,23.29223394794621,23.298262132573157,338549.1317780909
2022-12-28,23.357042367151337,23.66796242647954,23.17826953875792,23.309420434339483,23.305658431156683,263598.7649611978
2022-12-29,23.581236318352456,23.62308678875748,23.454733303020777,23.5243653089188,23.51018763163572,257445.58518103865
2022-12-30,23.83323386359037,23.83712438217259,23.678038226245416,23.828654409457915,23.829026884600104,258998.19087881275
2023-01-02,24.2296540216672,24.37335381673788,24.23483033072976,24.238857924543648,24.233752223440227,1301844.9420877574
2023-01-03,24.33168980871692,24.38046734838608,24.2639683036564,24.356796888338454,24.3566102223331,208638.0957925263
2023-01-04,24.317422479406204,24.32341711228366,24.101450478932893,24.29130556729692,24.284738291064635,350462.94928535464
2023-01-05,24.791651495398515,25.043892155035262,24.55160347994842,24.76558379056192,24.76542584521921,266277.446416058
2023-01-06,24.215126449831843,24.398126117408957,24.157027001533145,24.25477054710482,24.24745458852085,186942.7540530601
2023-01-09,23.76401946934321,23.813288514925052,23.43117432890426,23.786867999307024,23.78573122023594,194518.749589051
2023-01-10,24.28258961333403,24.449297057388417,24.13792030425842,24.25565733670613,24.263236055986628,226467.01715726772
2023-01-11,23.943048090506707,23.97629312953008,23.819548145156418,23.97077788360972,23.97209539815357,296255.81512681075
2023-01-12,24.63744334677677,24.870662732012995,24.6490305984063,24.661704674744943,24.665426914254542,187038.63510692335
2023-01-13,24.69906148709325,24.921843927320417,24.648403447477016,24.68939120446806,24.69282998162309,0.0
2023-01-16,24.99045231633696,25.018289007625103,24.818989720706096,25.015188860641896,25.01891613422591,320008.6149162687
2023-01-17,25.43187249389419,25.452643202100766,25.332936080519453,25.444086498793475,25.43234515656496,540602.3097157124
2023-01-18,25.058238277942728,25.31278697493519,25.05115866449536,25.084109155533906,25.095716755813857,335824.9786393782
2023-01-19,25.083810659143943,25.18248249750169,24.981675392799,25.04729033230277,25.048649691571025,187013.1393403314
2023-01-20,25.381241029624768,25.37872081233012,25.0933091459643,25.35952541421909,25.352830044790863,615996.5241861182
2023-01-23,25.33310482955606,25.550052613500785,25.253274069334164,25.372254439236297,25.37253360315472,39251.712178695154
2023-01-24,25.19254440453674,25.235006394883893,24.957653933822463,25.157474533909355,25.163871038540805,178140.34782741146
2023-01-25,25.432797325568604,25.484359688180184,25.23733604864183,25.403724669789764,25.402383107668854,213422.3423756069
2023-01-26,25.044631445197872,25.365890675933013,24.86380913015961,25.050337062874057,25.05557481737394,320573.2037648931
2023-01-27,25.57222873560901,25.63621488574992,25.429915349290248,25.51458389244861,25.52075223904549,182889.72358253415
2023-01-30,25.80395980868614,25.96022474200308,25.673129242322705,25.79123193183124,25.793943890770173,578937.4119390664
2023-01-31,25.711591837441848,25.692876891691483,25.65330058753577,25.68771557466149,25.68875342865509,694272.9293702104
2023-02-01,25.371630462514105,25.449153623808236,25.3669820953908,25.43335696910967,25.43226725607926,119625.7344531496
2023-02-02,25.466555771427775,25.47668222975824,25.35760764514235,25.47336375278836,25.47040603019008,256927.98334562432
2023-02-03,25.321158135122797,25.386560095062617,25.190171075758965,25.32920118885937,25.32562704934464,256091.9394864181
2023-02-06,25.09209052860924,25.331801140752685,25.064176768786687,25.093158664757,25.094643882891138,170573.9113672776
2023-02-07,25.060799610044523,25.403599066514506,24.945909370903408,25.0682761523208,25.075157403500302,720148.4606322102
2023-02-08,25.08235585520195,25.101844189476253,24.93445421025464,25.039196599810865,25.02695629856472,286296.6241997533
2023-02-09,25.13175697797708,25.108982511227968,25.02897637994685,25.084852475029376,25.080482037458285,179357.2431160442
2023-02-10,25.267385430636715,25.303214887288657,25.170419261263543,25.25113307492657,25.246835860490027,659216.4513325512
2023-02-13,25.132111442420133,25.309750032305363,25.04709379227807,25.101461907599436,25.09668739624249,140993.45485894618
2023-02-14,25.142390173724444,25.30468632870809,25.02178774680634,25.139552815527317,25.13949383980216,76317.30266633711
2023-02-15,25.08512105492428,25.13795164751829,24.935689328637157,25.047505404293457,25.027446431951727,650863.3270417285
2023-02-16,24.80401217927046,24.82071164894645,24.72045144243784,24.74329222912125,24.739649497091666,264165.8057865209
2023-02-17,24.87975800729365,25.022881154335632,24.92194988394667,24.940127521192384,24.937321863950125,303110.5833104824
2023-02-20,24.689660823202377,24.702920193101317,24.66958113808837,24.692804286275702,24.6957116424177,268871.71968995384
2023-02-21,24.28695007679353,24.316144007042475,24.098170945808008,24.25781333998245,24.265305525974743,111579.63540540922
2023-02-22,23.779922552803328,23.757757535879367,23.67972520931135,23.753812743613164,23.753274306794587,153862.51289719
2023-02-23,23.81455065191401,23.86566443144309,23.712770115771445,23.78616529316347,23.78477228208893,305023.541286669
2023-02-24,23.844547564973983,23.896037281158574,23.83756329104772,23.88174220454924,23.88174220454924,710024.8905525969
2023-02-27,23.737920184316305,23.881844346907133,23.60259054264877,23.72395297821151,23.73023573013793,217021.09340898765
2023-02-28,23.879286389692464,23.865952618071283,23.761819180283275,23.85940433028658,23.858309977510316,297670.90779508976
2023-03-01,24.01281145550337,24.05618673446106,23.84131417620905,24.016391582989893,24.02628649596878,451668.6020201561
2023-03-02,24.14394305272023,24.16804590343364,24.06088145534617,24.157347810214358,24.15402736409484,365202.6450226412
2023-03-03,24.140015156646875,24.160165656771788,24.13675747091619,24.1368239485378,24.135032881564904,221121.50724763563
2023-03-06,23.73138936323669,23.740611934988337,23.666849686898285,23.73999931967482,23.740389124428805,177164.47326063356
2023-03-07,23.63324330842114,23.69207581801815,23.43162826365941,23.663307505103496,23.65815471145086,223307.8021952228
2023-03-08,23.29875316637281,23.44675347567923,23.21838364296351,23.287951399677723,23.28524956384884,296361.2731787304
2023-03-09,23.502522919646456,23.51431984581261,23.463147612190024,23.49252487129944,23.493234412925663,481235.09425856656
2023-03-10,22.961227668460257,23.113446927580693,22.870716027565976,22.973727074881708,22.978733197873183,335536.8058378307
2023-03-13,23.129430576909627,23.179963684063257,23.08042552865937,23.12065791139467,23.123773474094595,120764.79674509936
2023-03-14,23.1623422476624,23.16223724298714,23.069419339138665,23.151253852998444,23.156057063164937,125650.85873965175
2023-03-15,23.6189124398791,23.63814237751677,23.5886921116926,23.5989815053964,23.606481733231035,353571.05852812616
2023-03-16,23.312443472565608,23.3850160078853,23.173049344445296,23.318298595171743,23.321958874352443,562643.0635276242
2023-03-17,23.118739831740942,23.15484055763344,23.03861270023716,23.118509683482667,23.117953020275536,463578.715298247
2023-03-20,22.82726160580397,22.899340910532096,22.76965719405311,22.814821711141423,22.810501795100468,464324.4450825286
2023-03-21,22.73908744585693,22.87369639054313,22.618853722522964,22.776443671757537,22.784439616676604,161331.31028739244
2023-03-22,22.617603178172214,22.71380853065413,22.55461944481961,22.580429816438865,22.578697605071863,285363.54663560924
2023-03-23,23.015202261614487,23.15897555957992,22.90143979107776,23.00030404121656,22.99483407257077,172724.4226342058
2023-03-24,23.22529039724622,23.20086945685941,23.15317722940641,23.19305910550182,23.19262800975379,154377.0331980867
2023-03-27,23.311888796984203,23.34476015458579,23.27178179444465,23.335012035531896,23.329263363080468,878004.4697152176
2023-03-28,23.4853861268268,23.59965069401866,23.460316520173716,23.50847967286008,23.51884829450086,622614.9385672524
2023-03-29,24.0709855994387,24.205146762039803,23.93269605438515,24.045085761286405,24.0528088076959,444978.50629678
2023-03-30,23.764809278738888,23.752135615771746,23.591428969651723,23.72416862549598,23.71807187651249,249359.69290976095
2023-03-31,24.2904309779618,24.378242259878824,24.127680499649404,24.25482833462642,24.242440360943355,253682.3919914609
2023-04-03,24.823717139302502,24.91611759848648,24.80282506376548,24.815286755575706,24.81221954563193,404107.46632179583
2023-04-04,24.85813761854981,24.9123827248861,24.508974835261977,24.86285402142944,24.86626994929041,786038.0284091467
2023-04-05,24.80012263912434,24.87995491918372,24.77052763168217,24.785077154833413,24.78594360809325,241166.5419455717
2023-04-06,25.031626533674103,25.07965286032744,24.85563444952551,24.98735406669518,24.98590934576632,894596.157307205
2023-04-07,25.15808585713117,25.16363760135027,25.15600140808771,25.156821111452796,25.150377646711544,596823.272099695
2023-04-10,24.993239420772248,25.16280598738972,24.888502640229227,24.994704915847468,24.997702306665783,185604.4407061056
2023-04-11,25.00931400157308,25.12202389618881,24.910972080583598,24.998816473331672,24.99834602273157,305096.9468722134
2023-04-12,24.734761343610444,24.93221648943639,24.7176510696118,24.76923592101151,24.761808672174737,521520.5559318154
2023-04-13,24.54428227519935,24.557750087250948,24.519399189755735,24.525600080439,24.519214148213905,287402.46098640765
2023-04-14,25.088592401332708,25.154121840842876,25.024618677763677,25.087528594070434,25.07788891286308,207178.28924998292
2023-04-17,25.16961906393833,25.31265715744457,25.129354953089106,25.156883502149963,25.156883502149963,273003.3418842567
2023-04-18,24.80129747330557,24.906332313272603,24.601931006659903,24.778477019755435,24.790959949177577,284116.7091621717
2023-04-19,24.72516760056748,24.851123915512456,24.55089308143072,24.76191847315931,24.76230625911102,70834.05996367386
2023-04-20,24.89951478807299,24.94975229782309,24.775046027325747,24.8914760945082,24.888789174829025,206653.68390381525
2023-04-21,25.719211421174567,25.950164605494937,25.71797049189685,25.724467123426056,25.72147670780637,260499.3241634321
2023-04-24,25.678308293532783,25.91737994667879,25.64646590790781,25.67594957928613,25.666162048087383,201383.39844092252
2023-04-25,25.38068246342052,25.569094520946464,25.25723058304716,25.42826895731134,25.420661442309235,158812.83013902348
2023-04-26,25.13316444602864,25.143929645162984,25.05723551835856,25.117138701837558,25.11790752457921,471694.3714878978
2023-04-27,24.948499744602877,24.91465623283277,24.82306238778128,24.90793696018277,24.90898126838998,477922.3023422348
2023-04-28,24.58788681545736,24.78459845239304,24.51015171214932,24.636723805346225,24.63772554747174,304297.235790155
2023-05-01,24.922510500103872,25.12583529461033,24.784983400487707,24.933177874617407,24.92570190637429,357071.2964381725
2023-05-02,25.55645307717128,25.64305003030321,25.501374511879067,25.59709025188702,25.59645704939719,460071.11745165073
2023-05-03,25.60553020805579,25.685791987957284,25.45103381835143,25.58666842588958,25.58460859719308,286017.1361507409
2023-05-04,25.8275506398987,26.062876961161844,25.80188392866817,25.834315101254308,25.84191954696781,258944.21785019437
2023-05-05,25.547539254900357,25.590789680949023,25.4052273253541,25.56778410531881,25.57369093676751,239897.06835171665
2023-05-08,25.57489178222141,25.77058037107355,25.352828902843665,25.57540281901325,25.58847390970427,342439.4838192612
2023-05-09,25.650543234284594,25.75896053141533,25.515973279031154,25.68450690161606,25.6870899632953,64401.46044846343
2023-05-10,25.35460258866554,25.35686300799773,25.23085045202377,25.314679719348803,25.311143290193,134926.41689124235
2023-05-11,25.34586855951516,25.377748030983863,25.19791331044981,25.359317702935883,25.359317702935883,282037.10374514136
2023-05-12,24.878971107220103,24.888691492704396,24.71198074365152,24.882746934535437,24.888795853163952,303934.23113595304
2023-05-15,24.770277299284256,24.839606755791763,24.639890609464107,24.77306985137625,24.77242743108047,406729.29472409823
2023-05-16,24.174045344015056,24.22800261738989,23.974017423394443,24.19625727808859,24.197331840630078,285408.8397376919
2023-05-17,23.46939859600964,23.544339775720363,23.453543206685207,23.525430301033584,23.520711318667537,298068.21328753297
2023-05-18,23.541284897117507,23.57782226897385,23.50757039051709,23.545988562772298,23.549221302365154,101380.95750121176
2023-05-19,23.835765958946546,23.936056770429094,23.50907447615941,23.80975467857725,23.803141776694822,443981.5276593416
2023-05-22,23.82362824985424,23.79204281375028,23.479882636926416,23.77025492431856,23.77462111007429,0.0
2023-05-23,23.29493542351323,23.48361853204424,23.27503100910077,23.313083143183665,23.31293602182053,368590.2586861741
2023-05-24,23.290760416897086,23.266541944047603,23.20978247364668,23.263062331245347,23.27068301766065,484288.4737382629
2023-05-25,23.55480774084381,23.62290533826036,23.40141033136549,23.54660116140029,23.548339589693107,499585.8024105527
2023-05-26,24.071130898874777,24.195598538981137,24.024184387938,24.093931448221863,24.09609109341226,236206.1988617021
2023-05-29,23.521152293509623,23.55996688779129,23.45233948506639,23.51950896260637,23.530846214579288,92145.26769042628
2023-05-30,23.55216359131072,23.650120095748477,23.424060386489877,23.56401274466826,23.555638346224967,538903.9346736599
2023-05-31,23.174876679376613,23.186799352263947,23.07210980874551,23.15928364467897,23.15920989928806,486500.4577068237
2023-06-01,23.57329469453492,23.85564398435535,23.344933183908232,23.54798680068864,23.551083989252223,171424.85151134492
2023-06-02,23.42641115534967,23.61550960436988,23.40630783305168,23.43656143797214,23.438288941593537,905373.877357744
2023-06-05,23.07159742830134,23.08275810618425,22.82010170014532,23.06038292231652,23.06556218966424,368063.0063759693
2023-06-06,23.04266091100161,23.394379693104064,23.02934274201061,23.076782888690047,23.07766245688313,474113.54248233966
2023-06-07,23.07470110876836,23.101197328393862,23.017040178652188,23.056699991426296,23.05874042848068,405197.898108429
2023-06-08,23.11261618949665,23.27494236264022,23.049110158124275,23.1244071068271,23.129912772845657,152628.74102532995
2023-06-09,23.2274010082594,23.28803220794256,22.996211173889307,23.213719827479977,23.20925579898668,171693.33263973918
2023-06-12,22.77528398300905,22.856002870524584,22.72536079347466,22.762212109114127,22.764089001863223,275155.9593880701
2023-06-13,22.22828388650628,22.23833479949294,22.02627041794384,22.192969636026938,22.194146181009334,67082.38304191359
2023-06-14,21.89923521125785,22.0837474237683,21.83208530037802,21.90419032684139,21.90050554606502,178538.05321283138
2023-06-15,21.93193813078011,21.968324416094752,21.930533384163915,21.939920519795752,21.93404340215137,829871.0463254678
2023-06-16,22.174349588429276,22.217739783451,22.148216508911588,22.198372882142472,22.19628949634002,325005.4395917373
2023-06-19,22.2071513220288,22.36543032474804,22.039768055807635,22.2407601118058,22.231946682208577,105071.91364936253
2023-06-20,22.537848164430656,22.536032960933085,22.4305038282796,22.532894050224847,22.53478340727249,236601.47620221903
2023-06-21,22.85445954387557,22.911034715924377,22.758376061555943,22.834665798577586,22.831274990883013,347102.4645376935
2023-06-22,22.85946099843655,22.896253925908216,22.710105413345257,22.86311030758307,22.85798385566578,514130.55394647474
2023-06-23,22.865473959864413,22.95001795140758,22.637800761177083,22.877327598922403,22.893007860243863,503600.5645080237
2023-06-26,22.86495100842639,22.88228236447668,22.80196611327141,22.85314039456376,22.849671772602957,705594.4334613591
2023-06-27,22.67929229358092,22.75086390138704,22.67652147110965,22.68273712867226,22.687421894437183,371782.4450574367
2023-06-28,22.61328601911142,22.630885950844128,22.558241954938005,22.62447798200923,22.615357197759472,483305.603318322
2023-06-29,22.08854677807872,22.12431551711542,22.101838626910983,22.11482681156407,22.11451822810693,365250.0018439767
2023-06-30,22.283974568615285,22.322535054339983,22.22730282466681,22.276037003769584,22.27911622893332,195122.58634150124
2023-07-03,22.44310939343826,22.521983219835256,22.44139819384275,22.469147003207897,22.465224518663543,161085.6477051053
2023-07-04,22.43498301507697,22.57275718479518,22.18543145113524,22.41772769718205,22.41865815110568,828996.8829066019
2023-07-05,22.587398120717744,22.770000144748327,22.592037499281933,22.61481849006868,22.621737767413475,672380.9767063429
2023-07-06,22.922777433330328,22.94673011263993,22.76575099697756,22.90267305375665,22.88802355709984,165018.6063580435
2023-07-07,22.631560869073702,22.757999485861365,22.471790330173864,22.59875928070342,22.604191476952945,689286.3552472885
2023-07-10,21.9842465662222,22.16385710582384,21.95740580954648,21.998082213827452,22.00266152274488,591590.390533292
2023-07-11,21.88700865436566,21.967220814302863,21.681599874955445,21.866404082419283,21.85685315856491,101061.83954706058
2023-07-12,21.91556727306448,21.98090179952292,21.774760362792875,21.897325053153665,21.896550735575683,279609.80832968664
2023-07-13,21.61191039664234,21.59265190999325,21.389818042612607,21.588898464395637,21.593650161080543,137655.6887968347
2023-07-14,22.037167027449424,22.17852046289825,21.85444571852016,22.023228787181885,22.02793037282351,258505.49539163616
2023-07-17,21.754708198926306,21.76972667398301,21.73479618574875,21.769624572126776,21.7658478352578,335593.37540263234
2023-07-18,21.661691091779648,21.74504456113969,21.584072632136102,21.660691485560744,21.6528729345472,208752.12845321116
2023-07-19,21.31536941400292,21.37568875233836,21.28290335838719,21.32469892121216,21.32655699429335,404984.6434659556
2023-07-20,21.260397886599915,21.2249061636589,21.068416309629388,21.21784553515016,21.22485782317982,462876.2427281935
2023-07-21,21.702787301454684,21.708760986837397,21.54946589779041,21.70672414932148,21.701467655742416,395137.6571074512
2023-07-24,22.146226641143755,22.250217059491334,21.958981647664327,22.14205399390543,22.140925670510654,173992.66525038017
2023-07-25,21.70216169930304,21.75153172801734,21.66383653552494,21.727143461105012,21.728705597950466,268590.1420345681
2023-07-26,21.51331400009692,21.57423504203231,21.38086202141073,21.49839086949191,21.49714239648456,185631.0438172288
2023-07-27,21.60491461989687,21.88730878661036,21.543787486562263,21.6092689264842,21.60653347475702,655525.2354961089
2023-07-28,21.42723968501392,21.58290654196308,21.293872712729765,21.440288479635843,21.4461327997248,137505.85217906628
2023-07-31,21.98232963060524,22.160689904494472,21.73417157598939,21.94289294278483,21.955464208369435,159679.561633318
2023-08-01,21.672239292200945,21.69877444552618,21.569473051367464,21.67119272989621,21.66390022749385,220722.68845248173
2023-08-02,21.503850082357005,21.536989428872506,21.452667895442485,21.49218263532672,21.49297490292283,250819.44344496343
2023-08-03,21.11913173991931,21.27342971320713,21.017938103458015,21.09843296945632,21.09602557913717,421211.2237873503
2023-08-04,21.09653502684421,21.188156591977013,21.08064489234704,21.0939316632949,21.090291208913573,184936.663436386
2023-08-07,21.549505107003917,21.679278592131613,21.47419850445168,21.547332727776222,21.54570269079685,175398.61950319848
2023-08-08,21.149038585627174,21.22652055393285,20.95854257160135,21.14605155291192,21.14356936196551,238769.1063537846
2023-08-09,20.90140220000282,20.915698064778027,20.80278003863804,20.88751041836794,20.88638180224833,441543.8262514578
2023-08-10,20.52164048982699,20.595118927349574,20.482064023354983,20.53338767231832,20.52849655685855,176253.81855287985
2023-08-11,20.043296759957464,20.087919780985228,19.97838361557821,20.00454371332551,19.99980336031816,273185.57345676457
2023-08-14,19.78568814933701,19.92430669122507,19.681850425190436,19.81071972773892,19.815698480546803,365480.5957813916
2023-08-15,19.65383575971686,19.638796626520115,19.386675123199264,19.6242038798988,19.62440850481224,333073.71269848035
2023-08-16,20.01105010171612,20.11167479847286,19.84394566706628,19.980198711788542,19.98065313548998,122970.4462816964
2023-08-17,20.41834558277916,20.65768134383922,20.222070752519237,20.396372464259564,20.398344879430383,266204.1998619141
2023-08-18,20.17012476544485,20.21277367912371,20.11573778333265,20.18506027144156,20.188006849262823,381510.7247910459
2023-08-21,20.31999606900831,20.3525548572296,20.176265863053697,20.30910925257552,20.31190563755868,260780.89817082047
2023-08-22,20.254282755299887,20.50330092994165,20.223609188874853,20.247285924119545,20.24230912042867,442261.5923836567
2023-08-23,19.6335014717027,19.687450008011872,19.611547585222663,19.63983203356712,19.644303756786645,169174.15570021936
2023-08-24,20.014928687635194,20.175059771504927,19.80752756328166,20.016211776700693,20.01160386973917,293046.78792307543
2023-08-25,20.151096354702844,20.314552887432352,20.041835823406917,20.15184096879308,20.150056557203765,166220.02008712332
2023-08-28,19.78089029982598,19.873939162744225,19.649894598356152,19.802152569449348,19.79596748392606,132859.52179210895
2023-08-29,19.99049727894882,19.98587757420317,19.957471697189707,19.980003709719472,19.979636972274424,326962.76003282855
2023-08-30,20.09016472856537,20.151786236733987,20.10054507364012,20.11573322514506,20.12196483596359,141971.90813681533
2023-08-31,19.745539026381987,19.793880503393854,19.669262606949072,19.759999665211517,19.761870376198527,221551.3230916166
2023-09-01,19.85380272075295,19.94904313997543,19.65890731475978,19.84338260478925,19.84330745920448,185025.39346616343
2023-09-04,19.677933385958525,19.765869008449897,19.44298151728785,19.67465331196088,19.667846472062067,321025.2630656152
2023-09-05,19.274282710028974,19.43008593521332,19.251542242888277,19.290280774517903,19.298276918361505,181370.7215142532
2023-09-06,19.238773713784703,19.31245060634256,19.08669850438185,19.195587294665405,19.1933045462406,171641.5204508216
2023-09-07,19.08821591800121,19.162851253263668,19.029404827258425,19.070640605519973,19.06994846026106,842035.9020378258
2023-09-08,18.812875620250587,18.84242180302225,18.73899913268098,18.812782195608275,18.809286740474946,186030.7238319764
2023-09-11,18.678302972485096,18.738511784181703,18.53582376142706,18.698665204174624,18.69970617988677,145859.6843656463
2023-09-12,18.61200673329548,18.76236307989911,18.541884954932364,18.602302593359024,18.60058999504625,327987.6596604811
2023-09-13,18.65088697094157,18.72501770376567,18.512580519754028,18.62226306925895,18.6215546542604,275671.9917123604
2023-09-14,18.639572809621328,18.67298996566496,18.55521532075341,18.61446356167825,18.60770252519889,216585.61157777376
2023-09-15,18.33519008143636,18.432909995761698,18.24047420884156,18.32491877930713,18.32702224094157,733622.5364056958
2023-09-18,18.269400780217385,18.40069509335849,18.16628781560393,18.27073646202737,18.27183909262969,569579.4600944017
2023-09-19,18.21058351892794,18.306933758571997,18.092513212577582,18.227310605748325,18.22934938727818,71465.94022044085
2023-09-20,18.28113348303673,18.322173146209224,18.238114495295868,18.283526762241163,18.281277029231404,211758.361743234
2023-09-21,18.1103942770412,18.20670048830997,18.08302533582633,18.116926797150505,18.11863062170108,295990.1659445617
2023-09-22,17.95334544119144,18.04412783058456,17.893067234352188,17.97989225648422,17.97783832165255,183556.81209244335
2023-09-25,17.644268109166926,17.713149006773698,17.514774830312476,17.642940033364447,17.647632797916938,485764.48326982855
2023-09-26,17.953076801298657,18.046087851939436,17.92603703728605,17.937826218473457,17.93347340135111,213642.4472046288
2023-09-27,18.02719809723302,18.09831239115168,17.956304866461373,18.01648556742997,18.020147156053927,244420.3335127052
2023-09-28,18.653423550847805,18.858407933717817,18.51239267453578,18.6676111316441,18.668617755284973,240585.78295299187
2023-09-29,18.51678343227279,18.71856248819437,18.424219871672783,18.515971991348728,18.517648534090817,395251.19342371
2023-10-02,18.5525188683636,18.65905536827248,18.49461581579879,18.551940604801693,18.556313192997507,275092.22415788297
2023-10-03,18.415490061212,18.427175130606237,18.386473420650944,18.41090130364994,18.39986234536149,432062.80690793024
2023-10-04,18.52369157258224,18.61847417305592,18.42527355148528,18.533515293248914,18.53732819581235,477813.3434927854
2023-10-05,18.684144255736022,18.768988122248643,18.61133186393395,18.66409636944957,18.664798244526697,120526.17533671462
2023-10-06,18.49549012218055,18.661757935750398,18.415414217512748,18.50356946948132,18.497889342155737,130901.75193931104
2023-10-09,18.425049128996136,18.483575982130333,18.30461832929245,18.445741554116985,18.44505820857721,253899.4292158794
2023-10-10,18.27057039340549,18.278830253165967,18.15238034879655,18.27004569654527,18.276054022630984,136271.09007474122
2023-10-11,18.18383463570092,18.360302299793823,18.10128521782332,18.192709121791403,18.19149486572377,469690.3173180444
2023-10-12,18.160263646301956,18.19609945247646,18.007271604574235,18.14808852301376,18.147092761454047,402961.1179596461
2023-10-13,17.94713974565365,18.014400057412946,17.860427799077907,17.950752312464825,17.95787168978376,749362.3486987996
2023-10-16,18.016847037228327,18.047076073084863,17.79274036983057,18.03728335774832,18.03578661399072,231935.76616013105
2023-10-17,17.76751385974445,17.841930507846783,17.762039411915282,17.7826657590612,17.78491425932845,234643.2091731184
2023-10-18,17.59687231964382,17.721937150052906,17.51776576724693,17.58519751057944,17.585929299198437,1082030.0065444857
2023-10-19,17.311566089381035,17.35115586988546,17.205987808239232,17.290389618215922,17.29505786609094,294907.85354690737
2023-10-20,17.58720408571736,17.66347550862922,17.55045606935922,17.577809296820686,17.57460833766421,102130.25372403844
2023-10-23,17.403384735798806,17.523833127911473,17.34152874432362,17.426298267000167,17.426972791659264,226590.16571587825
2023-10-24,17.979581026927548,18.063804170193144,17.8886236176013,17.994964047027093,17.996164024887687,223801.23894398613
2023-10-25,18.3640720028668,18.49433298339777,18.276668060708577,18.365435640278623,18.367646208226567,140302.10477584717
2023-10-26,18.387541920888875,18.469242241153044,18.304675790255164,18.37683107103156,18.377826299787795,392008.9039438375
2023-10-27,18.124129803005523,18.20630902106423,17.92486295693927,18.129210201549743,18.13279865624796,367367.6621426893
2023-10-30,18.11327045066991,18.185513041932893,17.974089031592055,18.10720858151023,18.10312561753968,158146.65488236258
2023-10-31,18.40069313713343,18.440051122774243,18.255580567802163,18.423284540403603,18.427035023912723,487531.3300292798
2023-11-01,18.28647531484827,18.284692608077425,18.15748534271196,18.2548293897645,18.26107920870418,402595.3026442417
2023-11-02,18.637625431842714,18.67117323655678,18.634731542235954,18.651905980212923,18.6538448558898,598752.4811548811
2023-11-03,18.709742290291583,18.746154783967185,18.66170285591488,18.71633625204328,18.71716719083028,770454.2212188839
2023-11-06,18.126371538175835,18.20713876017505,18.058598653019377,18.12051335268799,18.116810492888423,273450.8093395849
2023-11-07,17.757802654162738,17.806696211751582,17.602658379207305,17.72491242919023,17.726226722276714,233549.0787982104
2023-11-08,17.46093849144451,17.50284930980275,17.431790324664203,17.44709357872995,17.441808045313028,314042.6343093832
2023-11-09,17.07861275137607,17.11406303427665,17.055883976377658,17.08957388052068,17.086088044025125,443693.7578536716
2023-11-10,16.971220720597593,17.104527225354396,16.886851616671514,16.99423850674815,16.9980151061882,443813.6769609176
2023-11-13,17.031492492374554,17.03452017711939,16.973524165538613,17.016657460317052,17.023947459624512,297388.8434152946
2023-11-14,16.491856037098962,16.62819457411585,16.39898835948943,16.493024584720278,16.492792523342878,230071.6852751473
2023-11-15,16.53885115118034,16.732452642094007,16.444261896677222,16.557499747538827,16.56253806407144,284863.6339938267
2023-11-16,16.548165871459457,16.610394064973786,16.51510770244185,16.568919848077666,16.573362115095502,203399.80809910636
2023-11-17,16.604022576535037,16.801033488323647,16.531974653825504,16.613911636990355,16.618751397697014,141346.4607011068
2023-11-20,16.574556486667394,16.700047722597365,16.43353150318579,16.600532875494906,16.597614596652505,105508.97333693666
2023-11-21,16.35377278303448,16.525865075143802,16.30137446078736,16.371692368920133,16.367313729053517,548498.7028940939
2023-11-22,16.306472290577346,16.314759737077164,16.27751059447114,16.308454688919223,16.310866104235817,383040.5679307313
2023-11-23,16.185307687482243,16.23881916432406,16.15669268347145,16.197042335724134,16.190198158924364,126767.51707515912
2023-11-24,16.332472967831798,16.357525880239038,16.27440666277045,16.32818042683524,16.325407807728997,229750.223700509
2023-11-27,16.565423960720413,16.595873067092352,16.576113859915317,16.581966787756834,16.587353057765572,308414.52299862914
2023-11-28,16.48229547030869,16.59723516067073,16.41966379319487,16.485003763644645,16.487110538794955,151246.0189399201
2023-11-29,16.464458637633516,16.498385705140954,16.446237132945374,16.475345116719197,16.478608809833798,229944.78531862143
2023-11-30,16.54564604386797,16.571633265186307,16.420564872668447,16.5271856979673,16.53487611285092,260828.83704429935
2023-12-01,16.38877769603639,16.440091414543634,16.409901187209854,16.411210292429228,16.416172294586758,172190.09466635066
2023-12-04,16.12798752160779,16.21519225431209,15.958681128631635,16.128631479612714,16.12922585211505,381305.2439077045
2023-12-05,16.69313844266549,16.717288878931512,16.617593439314582,16.70622698723782,16.705039992947103,480569.3311085906
2023-12-06,16.609438737007224,16.624047830024466,16.435859850177174,16.609216117217482,16.60936044680985,120287.02702452953
2023-12-07,16.658549605514576,16.65714882681417,16.639496225757128,16.65700486255581,16.656899479176833,279310.0232277301
2023-12-08,16.69404824501735,16.820098052412902,16.672910797977156,16.706299272871316,16.71073961748835,301006.5529564979
2023-12-11,16.334399816393592,16.336857958209475,16.147924180390866,16.32940102916789,16.328448614051883,179031.73834414213
2023-12-12,16.31638295823076,16.42517175901242,16.314737133483778,16.330240321878968,16.333684372998373,438782.32585645135
2023-12-13,16.59022707840515,16.64079463393135,16.58498715464994,16.59011225409992,16.588192123875196,265044.0145563131
2023-12-14,16.95020719230632,17.05432991000558,16.851320717947708,16.940233930297058,16.933868857979903,425001.26029454166
2023-12-15,16.754986405522303,16.766557437044565,16.71563658565295,16.75492190160475,16.760075325243594,792821.3766871721
2023-12-18,16.59774035048121,16.710102163172156,16.541230601875274,16.605719860996235,16.60657712540918,164515.4376770582
2023-12-19,16.900763785641082,16.938675600066052,16.84927161293584,16.89005034098756,16.890004652277636,44500.69743530713
2023-12-20,16.83950007225576,16.855801612967454,16.75982480572765,16.83507540566893,16.829038552721965,537550.4736148461
2023-12-21,17.336340442166204,17.3675020068011,17.195064880420208,17.33778054538188,17.3355485782566,427484.49220079376
2023-12-22,17.255394137926583,17.289915202883073,17.225717202655602,17.274842045679655,17.273386247036242,263747.51806834666
2023-12-25,16.745041809021803,16.792488677749,16.58976230753446,16.75680585210835,16.756555264989533,100085.90027648726
2023-12-26,16.62036987570357,16.608612931589764,16.513756744018018,16.604954630370013,16.60932584971337,175731.074794545
2023-12-27,16.706354417186464,16.781942247760444,16.655728822249184,16.710074508942267,16.71318728127554,157549.41929647978
2023-12-28,16.956457027377233,17.03419169691121,16.88158339000336,16.94650381609274,16.952502482251894,445548.0802951308
2023-12-29,17.096137599892252,17.101252128730383,17.06097874602267,17.09538326525887,17.089456479132885,108848.47734999888
2024-01-01,16.454687527965426,16.506953653431232,16.41522119688601,16.438272785110723,16.443076568655155,204286.7871590081
2024-01-02,15.781183671305318,15.900402624672338,15.624806421035442,15.798180804547426,15.79884901822765,401139.4592018194
2024-01-03,15.987893567547763,16.032134167046593,15.898687661737382,15.980212866438874,15.98115986684798,167823.04203231534
2024-01-04,15.947998330689858,16.08940532294222,15.9229382245591,15.94607297336978,15.94888903185136,92580.56930590936
2024-01-05,15.78214784346789,15.84114395578688,15.775499646343375,15.789460841750424,15.790764156275756,302204.24997642287
2024-01-08,15.944492812635792,15.963871605068803,15.911671997241807,15.959961025261803,15.960666528763284,152139.00744030165
2024-01-09,15.68730339071261,15.734746599497887,15.556231139158024,15.681337816368544,15.677088120768214,425172.171798847
2024-01-10,15.807869645880457,15.841067873654689,15.769371367724473,15.811631410854996,15.809003566632748,213482.60137195824
2024-01-11,15.634391793107756,15.650738468263247,15.557637463213236,15.611160417406618,15.611383801844562,250999.21117848757
2024-01-12,15.630246695059688,15.777167029659358,15.60530122864841,15.66160651305398,15.66192122635997,199071.7209647699
2024-01-15,15.848162346653696,16.033312118129242,15.761582686077604,15.85060869516048,15.848383046741892,261922.8445435167
2024-01-16,15.992541146954691,15.98507984582676,15.90962097049322,15.973338555845547,15.973687268376189,177970.20631437065
2024-01-17,16.088548285600012,16.090819669863333,16.029436294915058,16.05587944353253,16.054276229958006,240685.53188834843
2024-01-18,16.141982023374013,16.236660942458517,16.066584814187166,16.139242035742324,16.14273488289304,625182.2638187009
2024-01-19,16.640102528841282,16.703249335541383,16.46627889668125,16.616897963344556,16.615818731235095,328729.24752939807
2024-01-22,16.539346371092215,16.743487361995314,16.495174322190202,16.531491537363905,16.539131248677446,496235.8081255824
2024-01-23,16.36865635086321,16.405068745682843,16.311212474366013,16.385885347827752,16.387263233308843,100582.79337839792
2024-01-24,16.19747229514553,16.22572080194087,16.06477734848851,16.16167300662604,16.158065530137613,218065.77512215477
2024-01-25,15.84031746970374,15.921411358105074,15.743283892515812,15.830598577637229,15.835503505518709,722423.2842503965
2024-01-26,15.969163320071305,16.03359215805321,15.877504921406643,15.97293164029019,15.962970318149496,324825.13577909605
2024-01-29,16.36655492178963,16.467725158113126,16.32677881077528,16.375020720112992,16.376701459283428,248686.6499772835
2024-01-30,16.432293550301278,16.435631667714002,16.404141153651207,16.40494520738123,16.402065627424,755984.890359223
2024-01-31,16.550487629364103,16.601691425613744,16.528291079871714,16.562567049086546,16.55841256023088,263165.84584807843
2024-02-01,16.727562587188434,16.80852644603288,16.722267888608968,16.734391081354158,16.737967649981634,408978.9759021681
2024-02-02,16.900658088663526,17.02272842067482,16.87219437760006,16.902807690842955,16.913206746470472,382334.067738174
2024-02-05,16.90609803365373,17.022295352235144,16.84609538263487,16.873282382146296,16.88165496207301,575230.5124321134
2024-02-06,16.59625950808506,16.703106963102346,16.55510957826973,16.58944583020598,16.58352905213803,213023.4711969009
2024-02-07,16.185569657915458,16.168234161414777,16.121957382805697,16.160919419797942,16.171567104079617,777770.6099152984
2024-02-08,16.45800558533473,16.453342440539313,16.41128897280963,16.446262195625227,16.44391131725068,135938.76113075463
2024-02-09,16.514861254556084,16.604830376206984,16.47695865151298,16.536436422515283,16.53431419982595,756470.9259841691
2024-02-12,16.568666109945642,16.778078676669395,16.575232693904624,16.5796385071588,16.586164658654454,285532.7248829801
2024-02-13,16.37992734549253,16.42092114629708,16.204000330790365,16.417284325827204,16.41904663048477,330021.2705269454
2024-02-14,16.570583403904077,16.573087032279762,16.526652609914294,16.54435489060678,16.5488880960173,240562.00348267
2024-02-15,16.422861560624618,16.578224314370956,16.4223831363949,16.459383563880856,16.45787276050623,158810.77942201385
2024-02-16,16.58356957518986,16.60058032221353,16.493364179113964,16.59946226758083,16.600515669980414,133166.1732737391
2024-02-19,16.960955049721907,16.965967731477225,16.888247844018398,16.946531718457734,16.952557696302378,319767.5309179262
2024-02-20,17.048258547864624,17.106966640520383,16.908488870178683,17.027352418057617,17.033049926514973,537218.819633721
2024-02-21,17.01245303042943,17.114316019192515,17.002540064630995,17.00825975922434,17.002407649391728,1177993.9471395055
2024-02-22,16.99651357414853,17.01068409609596,16.941131937513788,16.99478160165989,16.997735345649637,218257.344945268
2024-02-23,16.92228219609258,16.964488108732834,16.880647910711993,16.934673211425398,16.93605022089765,86808.98481605428
2024-02-26,16.993513022583578,17.035210610147534,16.907916870059637,16.97755555921239,16.97849186661635,373909.583687528
2024-02-27,17.165767717594218,17.18577733961341,17.143823573721754,17.154025594912987,17.156248465735036,507457.6516647702
2024-02-28,16.956555156756405,17.031155554314633,16.888039054152205,16.929982402648193,16.928288764410418,178334.90810557865
2024-02-29,16.779942712499224,16.838310044382688,16.759225107864758,16.802002241068596,16.8033071542418,989099.9900186608
2024-03-01,16.688138325136503,16.76139174909991,16.68526135956096,16.709319535486213,16.712373150510352,260031.60134088676
2024-03-04,16.825878571011355,16.943604849822897,16.72301355299726,16.802923151335197,16.804371825894506,237677.930871008
2024-03-05,16.715986929244032,16.840393135452494,16.624987103655414,16.71980546081696,16.719217807827977,394709.28508361423
2024-03-06,16.46601467476705,16.565033628150655,16.460987557190474,16.476451056149234,16.486661333189026,1707730.560157774
2024-03-07,17.05444579863024,17.321966233853875,16.998745501043437,17.08773042367398,17.085910257066914,225074.92114135603
2024-03-08,17.344287765737455,17.419281477015797,17.280866546707987,17.368507819633574,17.366721587620763,128862.63649031082
2024-03-11,17.176312932390037,17.247379394363996,17.096141315478675,17.155680154068474,17.156758170631782,170485.13186256366
2024-03-12,17.4111015969626,17.416850180811053,17.364812841098672,17.415415827287063,17.41803100001755,484422.6699842227
2024-03-13,17.677178783771645,17.760286605499033,17.63506845692571,17.686160389616106,17.694681831972165,171327.86513532384
2024-03-14,17.36450661559392,17.413369251968586,17.181435335681456,17.35437618608841,17.353368062226192,351174.0876223468
2024-03-15,17.37995049229038,17.42422217190903,17.321813108706355,17.36963657600378,17.369173116245232,339979.4658044271
2024-03-18,17.41869702017775,17.448581781680634,17.398367885793725,17.434392322472586,17.43245293718589,180518.3301125465
2024-03-19,17.90870321408316,17.942003973692074,17.856317035017522,17.913828435694807,17.908256171716975,158702.94165651675
2024-03-20,18.300143620054957,18.365314647801966,18.12354959150653,18.307334338263377,18.310807038261185,201057.61823068807
2024-03-21,18.145757820073225,18.23493603263813,18.133009501110276,18.14048000037489,18.138860671474045,303399.53458188823
2024-03-22,18.239287338810705,18.236450402816484,18.221627258322847,18.23016754214557,18.21680760359232,138363.5860607874
2024-03-25,18.498109613835187,18.66743730885846,18.444640608321187,18.49253714391553,18.49517706496151,170525.0338318373
2024-03-26,18.451365750144493,18.478318410472223,18.42654345259553,18.47462083938126,18.473520402816227,642470.6979654522
2024-03-27,18.434282414853868,18.559458613503867,18.385149313940747,18.41669529414895,18.41145529286535,189107.83257711705
2024-03-28,18.13660484715076,18.193642824444737,18.09678441310085,18.14086674454994,18.140807698235683,197809.21338142589
2024-03-29,17.97924478913086,18.064712153846376,17.764074310653534,17.99598975078978,18.00083689256564,252937.07446266772
2024-04-01,18.03289193636656,18.119702099913585,17.99986253664878,18.01503876553985,18.016017367761883,745793.8366235789
2024-04-02,18.376296828114917,18.50381851130277,18.12527119184282,18.384928491223604,18.381853853778637,217488.25509176104
2024-04-03,18.41481692711841,18.54624596358673,18.407971561703757,18.42274057761925,18.424954555162778,265383.1626130194
2024-04-04,18.75125205706076,18.78073574946152,18.711415160040342,18.718400719353355,18.71461423467848,369215.0731384796
2024-04-05,18.909174614147197,18.964152008943756,18.793619330181016,18.89564693296373,18.902920765611395,168630.18383739598
2024-04-08,18.80701584819476,18.86321725464808,18.636368337052076,18.83246327457643,18.838939859679854,732119.2784679146
2024-04-09,18.98898119030572,19.109882782706386,18.773646950288864,19.008000367783826,19.00679340821776,124503.01935381474
2024-04-10,18.83491746973869,18.917943523929768,18.693946570401497,18.838631871029754,18.83543099770574,75260.28560613454
2024-04-11,19.041224644252228,19.045396143305663,18.968393795482086,19.03906023421334,19.038317758080755,227131.9552768262
2024-04-12,19.2751947712246,19.30941728290605,19.182389849859035,19.247557142561803,19.25059599586962,394884.94125943707
2024-04-15,19.133892300418644,19.1308871492666,19.01561065116016,19.12922920042221,19.1299225546068,544062.9310574437
2024-04-16,19.44976288805292,19.51077620311661,19.419603979807118,19.459876803370765,19.454231315077152,100173.5528223124
2024-04-17,19.36820663678798,19.39756977468506,19.33775664082373,19.369669877850324,19.36353990799504,394961.74702532
2024-04-18,19.344995530316798,19.50413252179865,19.346887281659694,19.34905983527378,19.3460960875688,212546.04411281363
2024-04-19,19.4700978818381,19.54128196779374,19.28177594571364,19.46001182248713,19.45641717094045,424820.5160180531
2024-04-22,19.56451765646224,19.75830969814917,19.53153564092777,19.58083593095965,19.572504733726216,528233.2854574672
2024-04-23,19.32725607757792,19.44703102373491,19.32483506951132,19.33850662419689,19.342564846531506,37497.54734493475
2024-04-24,19.148458816275777,19.22574689800987,18.946325549049195,19.14098716740109,19.131832256389533,113666.67375441296
2024-04-25,18.817668600235955,18.89365978525417,18.810164513106304,18.83627055057276,18.83952039446189,298896.2024210464
2024-04-26,19.233914274766832,19.353934059123112,19.16206746745927,19.24101609064168,19.23394078782805,185942.9230136202
2024-04-29,19.048479316076687,19.090355883714967,18.985148232726868,19.037357164052096,19.03224616542099,439569.45812889485
2024-04-30,19.495775306642784,19.531476692017097,19.450010239838637,19.49538556041845,19.491201797224814,220443.5314923234
2024-05-01,19.80693357501261,20.07094804578317,19.743695219330974,19.81618203079288,19.81449100435804,310478.385480232
2024-05-02,19.480816288733784,19.540515288155067,19.34886573965402,19.47007347451673,19.47194743174551,259422.99236674723
2024-05-03,19.615573811777228,19.759040009296022,19.59629838600663,19.63843412540836,19.644683183523544,226291.27679103796
2024-05-06,19.20136972441686,19.32323883141197,19.129865129075828,19.20186591201715,19.19406504636424,195905.51117859312
2024-05-07,19.39169027509283,19.464369441833924,19.350886550287,19.38028423343978,19.378275739417592,801375.8261543587
2024-05-08,19.751549078200505,19.73414648694655,19.62176069917366,19.727027535001493,19.72588546621788,478406.1695310911
2024-05-09,19.69773517548973,19.78138184795416,19.61338101147017,19.70925027013333,19.709760048610075,486536.5363480639
2024-05-10,20.119960413561664,20.17191909239824,19.849831531968757,20.150415761012543,20.152361715606563,270936.66664564185
2024-05-13,20.50029059230401,20.6787647806952,20.435138715104458,20.53102676678827,20.53156607940142,88050.60874828073
2024-05-14,20.221583388258114,20.291132101053243,20.18789583570631,20.220431712020485,20.215951848447773,809635.5812678108
2024-05-15,20.70800649964168,20.71811741431848,20.64764942112329,20.71256522565076,20.718285183890224,243591.1799300975
2024-05-16,20.844512813971704,20.880664232476867,20.71013037963168,20.839355048196072,20.84009476790949,328718.2654420225
2024-05-17,20.487401867504392,20.58738471571676,20.45191077709507,20.51054968822996,20.501283825850145,162271.10796504348
2024-05-20,20.68834404285377,20.76550781398268,20.66675935219653,20.6958037109718,20.69871719693466,317550.8715523421
2024-05-21,20.9571634546676,21.08470861892778,20.90626375010936,20.97912750829392,20.98478752418673,842050.0141795593
2024-05-22,21.29030197064605,21.331319632649738,21.20122967967022,21.294436457536985,21.29223004257297,187144.538470852
2024-05-23,21.248817462473035,21.2726875696486,21.09853554776606,21.23023665584834,21.229564943751026,303390.0099933656
2024-05-24,20.81572845734041,20.92321223733325,20.65497834561309,20.848922391415837,20.844256283011745,151219.9934171297
2024-05-27,20.723874590197426,20.788449455731296,20.71665115548288,20.728208874696197,20.72788868818351,278753.51305173314
2024-05-28,20.953972181687053,21.088445656709983,20.90937165337204,20.951426763266923,20.95691936380949,486407.0785008386
2024-05-29,21.32147936666821,21.425780822999585,21.26321634267317,21.355539418990265,21.36585005187489,267039.0884858927
2024-05-30,21.23255284076484,21.339104888948068,21.205175974358983,21.27433740030597,21.273424228763616,156843.90980753722
2024-05-31,21.44761193305272,21.46551483520443,21.352163107541443,21.43548892643048,21.42990391409933,396664.65839433495
2024-06-03,21.056987312629783,21.11818656691866,21.00480825593033,21.055232115107135,21.05954147434329,278017.7249380788
2024-06-04,21.759688033596515,21.809487638668543,21.645686326442867,21.73889450114219,21.725752831846435,186235.80834485305
2024-06-05,21.841769069773644,21.96705773978576,21.747985035674212,21.83411889444153,21.830402659545783,443628.7687017216
2024-06-06,21.94608908984836,21.937113084070603,21.87327276732888,21.930194286127183,21.92049680102833,506689.6855219425
2024-06-07,21.415237778362812,21.419804533180645,21.32368272687512,21.409359223510013,21.416371267884752,198066.78679808608
2024-06-10,21.18395796421309,21.3837879470283,21.13793233287983,21.189792487684688,21.190547442870027,176366.2302760662
2024-06-11,20.748165303687543,20.961726299524184,20.71100128528439,20.792036968945503,20.7855456964483,331462.57966187294
2024-06-12,21.025122184133583,21.139814164415164,20.93868365767444,20.994702809343988,20.98969134865433,278055.94334381766
2024-06-13,20.85258710546142,20.90055466888048,20.77060214233801,20.834573951691567,20.84044524562692,197144.81043811492
2024-06-14,21.186084166100187,21.385762302100847,20.99409431562705,21.19627821168968,21.1886553627466,297084.52888482175
2024-06-17,21.585369710199387,21.743034675091927,21.51197278742362,21.641502030441643,21.65299422612677,351995.8735064656
2024-06-18,22.037319988072355,22.04308835266797,21.878587886317632,22.04179242785934,22.039221181078783,328667.7629568021
2024-06-19,21.657353874443093,21.89767621045621,21.592311617512024,21.67177031074841,21.673000823646536,182145.70283214893
2024-06-20,22.25145003572166,22.41214082644306,22.215915937915742,22.268297144700085,22.269150794015275,568640.5791341707
2024-06-21,21.94592394299453,22.159929091202997,21.885512427270516,21.935803924542828,21.940909804380865,472375.73388122127
2024-06-24,21.862786438599606,21.928523509505585,21.762464712109978,21.88377401614653,21.8880651006234,124205.78769134666
2024-06-25,21.86454826256856,21.8564979567778,21.710180209339715,21.84510405999026,21.83876372662475,192482.20224579045
2024-06-26,22.111458368317606,22.238761262653178,22.024298996155945,22.10209680201891,22.10558533957396,115856.88749221584
2024-06-27,22.10467054001693,22.15587247448042,21.99758080091832,22.11485234116757,22.120584646950608,301549.2582811636
2024-06-28,22.04959681441609,22.077750898610702,21.96862342276351,22.04584502887665,22.03783132153127,286300.2935708039
2024-07-01,22.506722996250385,22.53490688894821,22.33908910643519,22.53228225800524,22.54769206467679,107738.03604181252
2024-07-02,22.10175319975623,22.155275967022604,22.074734501563384,22.131841529723804,22.136770813564763,539559.8735651321
2024-07-03,22.17418131447503,22.387063328776936,22.088982346787677,22.17829243570509,22.172884417890504,212671.42872002203
2024-07-04,22.236710726397703,22.32821263046447,22.084873442752453,22.199387685501662,22.196965540528204,239109.54186788845
2024-07-05,22.358359094804385,22.417372942062386,22.14471655726707,22.358366965062128,22.3590535594865,133027.7660365097
2024-07-08,22.213651788758824,22.292022185557016,22.20540580626708,22.2166445291634,22.21062899707626,125788.3158304098
2024-07-09,22.408685263131787,22.543686587840853,22.36642805824053,22.3999732837192,22.39571445052115,109614.7647706752
2024-07-10,22.87137998210589,22.931600810690867,22.651983909961583,22.87820546708112,22.875599569344928,509660.21234958776
2024-07-11,22.58844046436021,22.826817416015444,22.5107518741892,22.59239902930515,22.593422795187767,520883.3132192641
2024-07-12,22.524382285882044,22.70721418466593,22.47683052647634,22.503040358691614,22.505914513548728,347050.10944133205
2024-07-15,22.65984860705801,22.687299194548764,22.405536400264303,22.66495249713569,22.65418157313759,952998.1522158608
2024-07-16,22.835721510216853,22.79581973909929,22.759169427506475,22.79522666334566,22.805501680852032,506618.5842366851
2024-07-17,23.11552143115273,23.23047017427889,23.10913261326202,23.10982799266814,23.116154551039077,641308.9268441906
2024-07-18,23.066838500423646,23.150200181158404,22.955503514164636,23.0656048369758,23.0653119938856,474002.5128434382
2024-07-19,23.12039452590836,23.20596700107891,23.095678726462435,23.151076728988063,23.151547327447,486501.122363259
2024-07-22,23.34896404351431,23.493163801480254,23.065174974320342,23.33714731231816,23.33839040011198,460773.019990398
2024-07-23,23.628652365802,23.692026978112708,23.615971698970043,23.62269570854806,23.62612640078468,1091274.4164402653
2024-07-24,24.34061985365791,24.40070233700684,24.29455781442046,24.372079318224067,24.37998565862311,399363.72148548416
2024-07-25,24.56575266473224,24.71833163341048,24.47891016839033,24.55723399385385,24.548189689241127,382268.1181558092
2024-07-26,24.27252469663038,24.391739570454508,24.190112155971985,24.28978604198825,24.300359671992958,316534.5265150708
2024-07-29,24.059250556960286,24.205915888167496,23.974596837011276,24.080223461672983,24.078811851234818,195471.54554378084
2024-07-30,23.28843197603241,23.29238584461577,23.25122297016624,23.26542345113188,23.259869582508827,457115.829538259
2024-07-31,22.936497892680244,22.95698858678324,22.76472292461864,22.95047252248788,22.941528363082387,436721.4572596056
2024-08-01,23.285683122103706,23.36786574094185,23.118602248336803,23.29028558652577,23.30072637198161,273189.7887795807
2024-08-02,22.87422145858014,22.86197523336074,22.698921823850664,22.86165232744551,22.855417972334774,199873.9796056284
2024-08-05,22.968260425012897,22.99176979311907,22.86357763738164,22.98805014365396,22.983261751160263,437098.9102013163
2024-08-06,22.655508071093603,22.73685049005093,22.65536547642959,22.66338003755097,22.66544519160801,137821.5076663812
2024-08-07,22.61794214197347,22.646135696458227,22.51471773406267,22.61110714228792,22.60756082116799,274649.4208041171
2024-08-08,22.642888715285142,22.70810096079826,22.556346268760365,22.6784341672297,22.67674644873985,138043.11881866973
2024-08-09,22.720047404340605,22.91818793057267,22.63159141228587,22.74269370771479,22.74308659087221,97752.94460211018
2024-08-12,23.05247856044077,23.25392084148824,23.022927185772783,23.099006285320016,23.09888003291596,584294.5486009519
2024-08-13,22.923416704423,22.923569681615408,22.858971960335406,22.913438820138804,22.919665517300366,239433.54265729932
2024-08-14,23.18099344627537,23.35295935911101,23.019925391945858,23.15585256589948,23.154525378024168,137829.54427521693
2024-08-15,23.408155964959533,23.39621915065392,23.271160318713413,23.39338784393651,23.399394486409868,292499.78056486225
2024-08-16,23.49512278569656,23.549600612183205,23.33489416672517,23.52295469236964,23.522885586323888,358993.6177089521
2024-08-19,23.389521569384183,23.37655837019218,23.30022591012414,23.35381175602846,23.355706257565974,184631.3621539297
2024-08-20,23.811049481125384,23.936577249176626,23.527861513929693,23.812602047827525,23.80850564544934,83727.6250391077
2024-08-21,23.38634925377076,23.66685114558511,23.38299109973625,23.40391067281258,23.40430339024917,198479.88007596147
2024-08-22,23.292486284267685,23.312604367442557,23.2170579363717,23.270994937268814,23.27019698785597,344427.0764653817
2024-08-23,23.91608861554504,23.955983038821703,23.713948166112004,23.885386987398995,23.881640229938924,344100.7492522636
2024-08-26,24.193661278283592,24.232903648689387,24.11825563798308,24.180070338979217,24.181693025336447,71835.13340483293
2024-08-27,24.37125355059428,24.59031297622296,24.239580273419723,24.38551563052358,24.380541017271717,201249.91054235317
2024-08-28,23.78475600290698,24.018427686699376,23.58876805875977,23.78257620180809,23.772095271504742,207334.3954254296
2024-08-29,24.310928014227837,24.44966264182881,24.081197588976583,24.26436920541027,24.255431854432253,205442.62690473892
2024-08-30,24.35122141232604,24.65781962038627,24.31420561233537,24.36592608890805,24.380762542232137,1431915.958810757
2024-09-02,23.897704484362347,23.94131504784303,23.88227578925289,23.883341915446916,23.877425096670795,217895.59050152835
2024-09-03,23.793922377417363,23.93964169995668,23.692119498047003,23.80375424576877,23.80608315534368,450739.460042427
2024-09-04,23.708701510375903,23.85184199677245,23.51545581602251,23.696754519937265,23.697129352591805,192833.35432922505
2024-09-05,23.670093752779326,23.788148128775127,23.608877837051143,23.67778850722887,23.67849302132465,103440.86028036397
2024-09-06,24.06156300832116,24.107054767857715,23.882344285146157,24.0617702796419,24.05653554456623,267329.5022749722
2024-09-09,23.64142667518217,23.82574620667748,23.39546361368073,23.62694120370741,23.624334305781364,175433.3906654089
2024-09-10,23.07389556750368,23.125916343226137,22.995112177754944,23.12042526138609,23.119745307372483,163931.8318668096
2024-09-11,22.638365162595992,22.767081964052533,22.581587035935826,22.656326509385178,22.650526352796764,156908.03896704843
2024-09-12,22.834651484381816,22.944822320757208,22.687975899735896,22.8671369841153,22.861415219818603,555350.3912169377
2024-09-13,22.90807708626352,22.93644598096442,22.835480880079004,22.934470860539797,22.93506882947804,241415.51135951487
2024-09-16,22.630057429892958,22.680756633783474,22.5435915409442,22.628730034349903,22.635417166392948,484137.8254349677
2024-09-17,22.728097820811524,22.840294343727425,22.65900868539538,22.75209883206968,22.75862780775443,321887.81625717925
2024-09-18,22.30019956381573,22.46118969110705,22.24963519168824,22.287283228783103,22.29216321076059,151783.6578893997
2024-09-19,22.486328722084068,22.56326882521049,22.475346289695416,22.51078727346064,22.51491171796564,234945.5740735049
2024-09-20,22.80885076176625,22.9355582993332,22.830244472754803,22.83413034842492,22.83212734806005,91306.50174586152
2024-09-23,22.9311898620822,22.94428578045049,22.799769613973886,22.93304793058751,22.9362688377712,252208.9910936968
2024-09-24,23.05146533454757,23.12300063801184,23.0218085434553,23.03417521722926,23.032671912342973,585138.443163691
2024-09-25,23.737165363448117,23.90264240578351,23.616435692407123,23.73281812870124,23.731693372639715,67744.04057572174
2024-09-26,23.67810691784195,23.75020965566638,23.593195467780124,23.66504305885885,23.6646153844594,180698.3020174819
2024-09-27,23.795900644427068,23.9500928260797,23.70868404931095,23.76995972606927,23.777874361418476,77907.98975045036
2024-09-30,23.844975335101186,23.927448942376746,23.751308387665457,23.885932704670186,23.879783248250945,177742.14209018578
2024-10-01,23.88561317078936,23.953585093482108,23.62919341483905,23.89671697023109,23.913617367943136,162632.7062871355
2024-10-02,24.464396249871395,24.486855309217542,24.3510590503272,24.427945804343075,24.43316450160977,177161.3772622174
2024-10-03,24.39862847568729,24.540967727478275,24.33612097185367,24.38361233569594,24.386904839527173,214857.16463473847
2024-10-04,24.59255598035296,24.662082970811607,24.505768321881792,24.579050706045003,24.57878178136614,265590.9752432868
2024-10-07,24.957504544138057,25.03586128918322,24.85426031390696,24.934212416064337,24.929904485278247,113634.74107825408
2024-10-08,24.653646395650465,24.86535465698121,24.67037141474709,24.67439819330522,24.672349458477388,151906.53973015715
2024-10-09,24.90706303887159,25.08490653912005,24.91755739072467,24.946382771730796,24.946771030060717,542350.3775150874
2024-10-10,24.47058619923032,24.740070142864035,24.488684474909093,24.503777371431795,24.49755674491192,195155.1004010518
2024-10-11,24.962362385260064,25.071142412452726,24.95342346165102,24.989650549816947,24.98610228538667,170165.6550695312
2024-10-14,24.8886696166638,25.01355223550294,24.859895573042024,24.884790342806905,24.87991625838931,131913.87294929012
2024-10-15,24.14839783055377,24.15476998101472,23.916005969880057,24.15146157715797,24.15105438233002,1046226.7757638196
2024-10-16,23.59655934315931,23.72735161772864,23.43657130647112,23.55536252389551,23.559514134944017,122303.0537397818
2024-10-17,23.83351627312704,23.93313776519191,23.779921596816436,23.838912241667288,23.84281554270611,152930.71833643838
2024-10-18,24.187950383368847,24.36786493120758,24.153921944532115,24.18585711848308,24.17599070925541,55023.79966846444
2024-10-21,24.005907233710676,24.16090759656024,23.8526443051336,24.028395543429895,24.02544920139843,189004.9732778491
2024-10-22,24.07508531476831,24.128763528420823,23.977177915316027,24.06192478862301,24.06053615470097,310913.1405968
2024-10-23,24.224499508238576,24.27130262998882,24.25716374842232,24.258684580661303,24.25748760630688,194638.7651929232
2024-10-24,24.247151645649804,24.35385527294312,23.813438056719143,24.24753723695892,24.2419502925303,294744.61368944886
2024-10-25,23.84245211637539,23.93241851232912,23.72448223504893,23.87986918126008,23.87429878139487,278226.4156608012
2024-10-28,24.318550791669484,24.38923512294299,24.18613141306533,24.26292959640026,24.25916890679005,259873.040002085
2024-10-29,24.17046702004316,24.411775135449037,24.13315394014116,24.16567085919313,24.16306906929394,109888.40023112802
2024-10-30,24.339452157575668,24.446978150232823,24.187535164761652,24.35279970759721,24.35558220167838,289295.6206134944
2024-10-31,24.137574404554925,24.169768113007333,24.09601349698049,24.11593507827861,24.114556481420685,318690.28005820874
2024-11-01,23.955377467498337,24.017646303063277,23.862572725032084,23.92971425783761,23.93493939583381,227443.5996153984
2024-11-04,23.732413827614412,23.7559795612231,23.612486083905665,23.72046628552394,23.71547566833047,319007.8361282355
2024-11-05,23.56772204849567,23.590439793600883,23.392321731580992,23.52057253969716,23.524385725692515,201522.05980164773
2024-11-06,23.485071349777467,23.51465757240018,23.47318603364184,23.503753790601664,23.507721199689204,230621.43867703923
2024-11-07,22.953832249981968,23.15798172106941,22.915508479709217,22.937937440459397,22.93867221281238,163336.58286331617
2024-11-08,23.1222791427132,23.261069177140413,22.96408513831924,23.138626647205932,23.143770376986,552671.9563144541
2024-11-11,22.957917612232087,23.021136660851887,22.899335565007448,22.90485577173779,22.901276196758317,322798.003852624
2024-11-12,22.535962613805523,22.7603347230602,22.521678848264298,22.545678112131665,22.534044734931427,199498.50753851084
2024-11-13,22.53353901821768,22.558663316246054,22.44638312958138,22.544221630965,22.547398559482883,778819.9363084311
2024-11-14,22.382502434588652,22.444938968111305,22.33680834924308,22.39036356358311,22.392955420410043,360162.6320649772
2024-11-15,22.22890929383638,22.278931867410517,22.186015228378,22.24381234205798,22.247281995263712,249030.844761979
2024-11-18,22.18753729293377,22.2426446581788,22.042583673833203,22.20659464246255,22.200917406636684,233289.21753456
2024-11-19,22.17921391056401,22.308758850708507,22.20952355460444,22.236980509067656,22.24372624089405,275300.95403695817
2024-11-20,22.30867957426456,22.43202895450249,22.33168036723668,22.364526502995123,22.365760210996072,128847.87466240318
2024-11-21,22.115220414461493,22.212706345577782,22.076113467722543,22.110220081808944,22.115806150134446,152871.95919433265
2024-11-22,22.15064806295344,22.30072454651383,22.050349639913478,22.156651171465477,22.149695316236944,43929.73216009732
2024-11-25,22.17026859939168,22.19012248621311,21.98864840116871,22.15922206434061,22.15838068496946,203211.79306465396
2024-11-26,21.89085540202255,21.960427359194213,21.866120652601456,21.889060602714544,21.88999430320113,149221.0125863799
2024-11-27,22.010773808580023,22.024349119471932,21.82870038888738,22.020169154197045,22.01506658815569,860810.7922181573
2024-11-28,21.469913627825733,21.517088217515894,21.40726537362459,21.488271101587184,21.49633340547948,730358.631965773
2024-11-29,21.57630584172539,21.618425986022142,21.512741189205567,21.545879514205414,21.544673933935893,628189.8563337224
2024-12-02,21.62306752174984,21.74409590593982,21.57687843907037,21.634586644786783,21.62646194872265,589598.8298979945
2024-12-03,21.10117357459107,21.223301393545498,21.031315495989386,21.161047655598846,21.155960482602104,543148.3987436874
2024-12-04,21.209216428738426,21.26928051054403,21.002530111140626,21.21637056356066,21.22218045069742,321479.41422687884
2024-12-05,21.14386880861391,21.229024392316735,21.123142881847144,21.14732885228493,21.13761732708342,205955.3591557585
2024-12-06,20.715109869049662,20.82767600636047,20.5041746891321,20.71365541759125,20.71315150251295,254732.7802586173
2024-12-09,21.043290642589277,21.07787457494269,20.952617297153424,21.02158311561022,21.02703753396896,67300.47028310325
2024-12-10,21.13708600940889,21.24938965501784,21.03388316712585,21.141093889670223,21.146110554204117,109176.1425041374
2024-12-11,21.854851556723087,22.020614337967704,21.85963691726274,21.883529829796327,21.884278977036157,455433.4386837407
2024-12-12,21.526428283873877,21.638493186326915,21.372657995421623,21.567152459575148,21.57013180847008,761020.426706264
2024-12-13,21.544796791267963,21.573786166147507,21.376933909398463,21.48356457776483,21.47968045409521,168075.7403077336
2024-12-16,21.749040449237807,21.774770162469466,21.72331573233497,21.73822405927136,21.72812391849594,169365.39847134217
2024-12-17,21.80330022768661,22.12395828868762,21.762551532336303,21.784984003958808,21.78633762951414,373990.1850104879
2024-12-18,21.67002250350813,21.75096219039798,21.6057361060252,21.688885177822087,21.687966724402283,254011.21022807085
2024-12-19,21.740333215907132,21.76315685078416,21.70228741353459,21.73593622695688,21.736951282879414,314362.94939023705
2024-12-20,21.537905050130743,21.603429656738392,21.51341857387992,21.530304263630786,21.52579581170881,230321.6073522112
2024-12-23,21.37736786659637,21.41825786431001,21.19093103110411,21.33297626208746,21.333162167383588,479751.8735444216
2024-12-24,20.90581433306094,20.94432016944109,20.82230922425209,20.89622408764407,20.892283073932045,145745.85819149105
2024-12-25,20.995313591312502,21.130144903685185,20.832427209965463,20.991476454790625,20.99716205399479,500237.7436356684
2024-12-26,20.735170889546005,21.05874908493404,20.671923825099395,20.756258221882,20.758915730771854,644865.5491564807
2024-12-27,20.665596374053877,20.76839230941748,20.48258589374778,20.64618404364223,20.64850259976623,344586.0498551812
2024-12-30,20.487216064944064,20.65119156015524,20.311561146591394,20.47069020027505,20.47562937139957,95468.72445128128
2024-12-31,20.375609414079378,20.57055003448877,20.27325450447642,20.403717034270212,20.401738003118453,521484.940389519
2025-01-01,20.505578543267116,20.525897591032336,20.2805016876344,20.49705172575867,20.495190838527847,380788.55064918025
2025-01-02,20.537577980985112,20.64256891496266,20.463121613931012,20.54156223729298,20.537658757966287,286940.1040517652
2025-01-03,20.70990471757932,20.83082730469156,20.668997886931237,20.717681707876093,20.71679569742512,560939.2889041139
2025-01-06,20.55606039706171,20.65442058039906,20.39438172156769,20.566602531555635,20.56443734278583,290562.642751263
2025-01-07,20.248326308833366,20.23709415598106,20.148149269304746,20.23633536785079,20.23059134842416,452241.0912376336
2025-01-08,20.91697331036993,20.990873293299217,20.73970132606991,20.944235831915176,20.940165578794037,230303.75150495104
2025-01-09,21.21884852450871,21.446379867864863,21.14943972774719,21.227870393326764,21.23100765056929,296181.2745008104
2025-01-10,21.41770856625397,21.419751986050667,21.298350212941425,21.37641279538232,21.371236063111464,683718.6003752263
2025-01-13,21.24677163003842,21.33398374013137,21.20644126680154,21.25392867580326,21.255158694292152,193631.3525434021
2025-01-14,21.184238525855317,21.34745582997063,21.09034434906065,21.241118436330893,21.24159322382561,277670.5489942255
2025-01-15,20.867269695035336,20.91683119023555,20.69477636724505,20.907628634598684,20.914751744436938,234754.11810350372
2025-01-16,20.899548027019783,20.91877310060195,20.83163055472284,20.873334535323856,20.86438254967205,430392.08187875577
2025-01-17,20.40964694623327,20.44279491523354,20.387639150437096,20.42231706308761,20.424282095302804,217780.70269452964
2025-01-20,20.61363517458185,20.721026690448557,20.61563657760112,20.616528684154865,20.60771953276861,264879.8547412397
2025-01-21,20.61238837670496,20.723785038133336,20.511662024165933,20.60978657365745,20.61496474724964,240197.1430785677
2025-01-22,20.405511988253693,20.431262179448265,20.28801585320281,20.391606290960283,20.397687140412597,277465.7597458206
2025-01-23,20.093651564613893,20.32390840776649,20.00289013974021,20.080217125151187,20.07999633685085,295429.274357443
2025-01-24,19.918625247495086,19.988065420227493,19.86306507024151,19.936523573499148,19.944820278722144,323854.8940786159
2025-01-27,20.193473149918272,20.227782353942555,20.15932391941995,20.210556382105004,20.20669898378345,312463.17752280424
2025-01-28,20.422937667262005,20.46010077139753,20.37247517338616,20.44079253659065,20.437916077571117,244819.36399202165
2025-01-29,20.37475364786623,20.47851003198558,20.21566821529995,20.395984833114078,20.399393599863902,252222.56564234712
2025-01-30,20.17132196967154,20.34346850254304,20.160710819852,20.1766322694512,20.16562676450312,131427.3699095091
2025-01-31,20.415892581435703,20.50608770423418,20.255578973781727,20.43774409035241,20.438863886681723,201750.646822064
2025-02-03,20.06396381624857,20.08221790028816,19.94681696996368,20.003464901838782,20.00153001607553,475593.6277974311
2025-02-04,20.02731830202922,20.04565455370696,19.893170437360972,20.03402290726388,20.035378780832307,271236.3058120262
2025-02-05,19.958376739511813,19.98105431783572,19.868809714841348,19.950224891223087,19.94085469742458,152789.10709369928
2025-02-06,19.671260307610694,19.8100242291206,19.67154428789977,19.68065728914797,19.682181241996307,163785.67319988942
2025-02-07,19.528235708820624,19.69362651811448,19.352162567738823,19.546364974401744,19.54530428545016,431002.6205854959
2025-02-10,20.202779026759472,20.247156003248225,20.223080309042512,20.232817218678843,20.235893698821435,182852.12098125307
2025-02-11,19.631205805822194,19.708470520802205,19.48928919896869,19.61509267451665,19.617188698236674,333456.8301170979
2025-02-12,19.49880697157809,19.581432980683005,19.34893560233853,19.49887598628711,19.505825896190508,141691.72057232674
2025-02-13,19.301393049387347,19.37721424894484,19.25362276533408,19.33719280999189,19.333209243849574,424284.75289855263
2025-02-14,18.90082132131764,18.89926945715187,18.749420730034043,18.887310044214264,18.8909362873022,111184.57045884954
2025-02-17,18.752338729291893,18.738174394835884,18.58733207783493,18.726173205062093,18.72571357734276,542275.181634299
2025-02-18,18.23149612633763,18.26592168656769,18.19201832939861,18.240409124277583,18.24191184352605,363039.32271117007
2025-02-19,18.008965799587767,18.101553954338552,17.867987735794856,17.985512898435427,17.982827715415574,355702.9010897781
2025-02-20,18.239432019192808,18.39203630420373,18.10682639963192,18.235029816689806,18.230320526487432,254849.86083127095
2025-02-21,18.26228990233625,18.279621457088133,18.16122894176873,18.236948668911943,18.237147149832964,293341.82876874594
2025-02-24,18.61696343069964,18.67913075008657,18.60559721906565,18.620110554200178,18.613082392554222,0.0
2025-02-25,19.133422595185245,19.18879646569045,19.02212821439166,19.10732220620888,19.115067203743248,456869.7378148831
2025-02-26,19.02964932210953,19.1420773053888,19.03075270193088,19.0344871474056,19.038981296475725,272105.20351507294
2025-02-27,18.620643457798675,18.664729533952247,18.607794461630476,18.621526530129973,18.62960587389337,86796.49185740802
2025-02-28,18.561276918022276,18.564737897776453,18.490776932565275,18.560615278217004,18.55799460976649,65323.99744683044
2025-03-03,18.563733005137223,18.55653817160078,18.47895399587305,18.545767615727076,18.545460609333706,540328.433929354
2025-03-04,18.61301169576197,18.697050546517268,18.522396165766523,18.61589712604024,18.615334524264004,561804.0454800132
2025-03-05,18.666881431806924,18.67963847629593,18.583890999907695,18.66582718214626,18.66397290330104,303901.8160121825
2025-03-06,18.969040558534896,19.00860029929949,18.88531634019312,18.951493626134685,18.957260169216305,199340.9428411896
2025-03-07,19.23371408569719,19.28930439706823,19.15263904716517,19.254477910087665,19.252172055756507,137152.7361448055
2025-03-10,19.35105504541833,19.38743010478045,19.24031015819108,19.354400983111063,19.3596940609934,208467.19699072267
2025-03-11,20.118689487743357,20.25222561685805,20.090547785129512,20.119426981896385,20.122369771094533,613884.4865479388
2025-03-12,20.14277387737718,20.134829179531444,19.99307900707637,20.132798368479587,20.141637975764137,411156.6158459706
2025-03-13,20.404896648488776,20.4128748075162,20.36693684518706,20.40707348867266,20.41144398025565,257240.9696557141
2025-03-14,20.461555916589766,20.514840485282683,20.40844197171881,20.46332596051964,20.46561791883206,181819.09171831672
2025-03-17,20.378027435602935,20.4421538423006,20.36439358421521,20.37889639347167,20.37770632053127,1076218.757384
2025-03-18,20.85972673790162,20.88848998012008,20.719919717100822,20.85434545838622,20.858242153148502,245926.992434308
2025-03-19,20.87762099298063,21.103493584793053,20.718951340240856,20.939895142630387,20.94486195487692,174503.54115907196
2025-03-20,20.83941566636165,20.880621240563144,20.727197578872232,20.862450163068587,20.860276741481133,387878.6462401458
2025-03-21,21.119059842986804,21.16781907886439,21.0898082675443,21.08998550113111,21.089044028631257,707667.5839586344
2025-03-24,20.994700248554945,21.069717054293477,20.993680523589703,21.02725131541257,21.034926685722663,415757.2039442564
2025-03-25,20.859385138709825,20.946618690051675,20.807372856441543,20.840022262969605,20.830051989344305,325677.33786682045
2025-03-26,21.36186681890808,21.409104343447616,21.184018216250177,21.35084100800673,21.34158461109185,115583.86807142258
2025-03-27,21.56082177937437,21.56691367699528,21.534431442974537,21.548137695328958,21.552378767825797,0.0
2025-03-28,21.442177530204752,21.43612920070406,21.23388320966385,21.436010686276838,21.4378084649262,668216.7562792471
2025-03-31,21.24055077459409,21.24545177914567,21.205978597486947,21.21559006013621,21.2222680785137,145460.9999031375
2025-04-01,21.586065085819826,21.67403330232548,21.597071780543047,21.607736526663363,21.617728907108564,221217.91207015963
2025-04-02,21.463722170958278,21.48909766414891,21.215926153297488,21.47233877343013,21.472760417368523,153415.69976146417
2025-04-03,21.80865034834924,21.8331903000994,21.676203082815444,21.7803846903744,21.77783230207204,355072.3961346034
2025-04-04,21.863321171132583,21.92145360089019,21.7914967906878,21.863361830761693,21.85870901022001,75061.40770259254
2025-04-07,21.783588288395837,21.92538416686874,21.742044256481417,21.81925046169369,21.810188062113944,170187.3744183139
2025-04-08,22.01620725465404,22.12249114424317,22.001117759878543,22.00159020012322,22.00943358970264,507221.7993170517
2025-04-09,22.17346521192698,22.23569156985803,22.056343364607688,22.13789372171509,22.14016889663108,240807.45815487573
2025-04-10,22.39633374558152,22.43962012007745,22.34359164983437,22.368929893059228,22.376588600229425,431854.2337911393
2025-04-11,22.26399462543353,22.269895275387828,22.24499702928254,22.25440856437254,22.248568898897343,247810.23929209175
2025-04-14,21.947756727335573,21.954816707830176,21.86273948254366,21.944123175862703,21.94803761778366,137922.38971355648
2025-04-15,22.49086905000808,22.647951196864632,22.442944328048146,22.463231397048265,22.45859365356156,65357.57190555105
2025-04-16,22.34561845661124,22.417710544163143,22.36098095428147,22.362103196488576,22.36717584534461,413671.5229942906
2025-04-17,21.85049870615604,21.922678610457737,21.628044488103672,21.877889251195064,21.88121957100156,169958.51621919917
2025-04-18,21.87500337357736,21.936908299827717,21.871172395705504,21.87479983367442,21.86966653540712,94909.49995240012
2025-04-21,21.801556757462738,21.856774452846786,21.703973658201697,21.78037381493755,21.779205825101176,187413.04693777708
2025-04-22,21.267456739910678,21.33471139128803,21.259771760411383,21.2675561455122,21.26293565777661,219116.70470459465
2025-04-23,21.294887643996656,21.36398575178575,21.192174765559884,21.28771392025537,21.287840557158177,78742.49157360966
2025-04-24,21.69335688269131,21.904111531407203,21.61865211074389,21.69485838436287,21.697024630089214,349553.453744132
2025-04-25,21.675647410314166,21.73234403570101,21.613584900055777,21.66372722494741,21.67550908410337,207991.13483708692
2025-04-28,21.918072118592104,21.939038318618294,21.87960030259829,21.907433547211287,21.90801785208203,254672.11410867525
2025-04-29,21.840100953978443,21.898947022235816,21.83948826537978,21.843102927244495,21.841534018893416,350865.99232734053
2025-04-30,21.964836096387607,22.07572280816318,21.902934419560797,21.99586555945719,21.995816265310207,278001.0492935247
2025-05-01,21.95679060715374,22.119999463540896,21.896136919356184,21.92337151870773,21.92603672482893,434608.8532039183
2025-05-02,21.64877076410738,21.76594541866145,21.60218005154104,21.66430067183253,21.66614707802801,463095.43712441856
2025-05-05,21.52740598147116,21.511086250319423,21.422433762807795,21.49581284360565,21.496441883500225,928868.8458153394
2025-05-06,21.829504933003587,22.123545071539294,21.70723357902492,21.844555753828587,21.83623853103611,118463.0840579296
2025-05-07,21.67189217128085,21.76518706437107,21.62924042533469,21.67392300740437,21.67411607695317,157862.46601532784
2025-05-08,21.597481233803222,21.718004719223384,21.50596676511029,21.595376334601323,21.591512690081,189496.7725081497
2025-05-09,21.490048228080383,21.63467559340294,21.41994022706921,21.48567697456135,21.47483168207464,112403.28299977588
2025-05-12,21.256109202105755,21.39192730700384,21.180309076722587,21.258936463186185,21.25912892827801,265847.6639794641
2025-05-13,21.49262771240021,21.533736111326245,21.43919155669561,21.47155330287796,21.47654581733265,174820.66810204292
2025-05-14,21.87076696220233,21.86319800296043,21.6763236916019,21.8310153154594,21.83722134477396,0.0
2025-05-15,21.132892092252696,21.16283011276339,20.972814477303498,21.135743182703614,21.13143969638044,246711.79444079983
2025-05-16,21.066281299516497,21.09303557333989,21.055136348678623,21.09009623519352,21.081216599224163,471696.9356562469
2025-05-19,20.653694682898934,20.85220661707536,20.494420286252367,20.59897095838344,20.600195577608147,512989.439892612
2025-05-20,20.79100223732656,20.93475664066178,20.71308910629388,20.79196342395753,20.79733870980531,93296.64126909584
2025-05-21,20.764308576639515,20.80384686276585,20.74036986595175,20.799899237059883,20.8017031040338,245359.4742773436
2025-05-22,21.025470416797443,21.04463089238204,20.925305439641345,21.02783018208335,21.031815773327377,448652.039528064
2025-05-23,20.828815567241588,20.95679886489108,20.78758481470389,20.824602181515147,20.81990966309265,450954.1385213016
2025-05-26,20.71884298577901,20.845057055576195,20.755385638124896,20.764283198255274,20.75868547782495,143846.19519313285
2025-05-27,20.57257460537106,20.599449886392744,20.532323159943083,20.594606042640866,20.601279429507333,567800.5230021012
2025-05-28,20.75230431975513,20.890640921668517,20.714644310935974,20.786848717196413,20.789958625762385,237738.5708102373
2025-05-29,20.29350296993323,20.43179279570525,20.24547588653537,20.31802556419382,20.322671145251757,151040.8008437068
2025-05-30,20.510260472125637,20.649759440023363,20.40873020530344,20.51823286329086,20.523360453652927,249203.6369518066
2025-06-02,20.731540861857404,20.77734535879866,20.58233131202446,20.705366700981035,20.71124963844485,1290550.392008178
2025-06-03,20.21448115833108,20.246545615951813,20.17945839740868,20.229065310159257,20.225891653631308,262521.67917113367
2025-06-04,20.10761024534644,20.116882374971937,19.97870289416861,20.090881050810253,20.09627394285379,556539.5170491905
2025-06-05,19.88471732146948,20.077908692677124,19.800672067734737,19.901756683328163,19.902251071154,156192.70446158177
2025-06-06,19.831603062993867,19.81961855396014,19.79968358848757,19.799783749855397,19.80029256229142,186652.6900101132
2025-06-09,20.059197524923803,20.08915005225965,20.01355480381277,20.038080637552184,20.03589296561104,184404.91197279992
2025-06-10,20.25785715254584,20.380769395316698,20.13939090131537,20.2858262920373,20.278453949585543,141573.49022046337
2025-06-11,20.30653852663833,20.416055073153395,20.27538034551308,20.30733873197344,20.306362899845308,295602.70093061787
2025-06-12,20.29631699718956,20.43740321738958,20.22396568707712,20.2921655593134,20.29839397776659,149993.94261965074
2025-06-13,20.56550276809218,20.63238375877262,20.421966115256915,20.50866483112199,20.505417778350456,219455.47713093468
2025-06-16,20.924606850904805,21.066714189465184,20.888206298287976,20.921716838524205,20.919830763857195,365791.9606545581
2025-06-17,20.933262497106558,21.02189042147997,20.9063144586617,20.95413334616589,20.957650218673617,117811.89842906056
2025-06-18,20.536687010999145,20.535558811189382,20.388700006568907,20.53354328932505,20.541776148291245,407226.96214387845
2025-06-19,20.79969145724268,21.068295068353816,20.754627243202552,20.79335845096195,20.788842436799047,449976.2249968087
2025-06-20,20.63208970089561,20.752275278516134,20.61032623529996,20.63385733448007,20.63432624533444,173583.1648553178
2025-06-23,20.874010878904325,20.91548730209208,20.877511597084805,20.910982806261536,20.90995071642116,230953.1364075264
2025-06-24,20.711510176488677,20.734431871078424,20.67584233602231,20.72927755192593,20.7180594477232,112205.29854037492
2025-06-25,20.605553736791087,20.69618120806255,20.556346749958244,20.58024523138967,20.57930732143721,368366.346451234
2025-06-26,20.596510036878524,20.669834459121752,20.539892596472285,20.6054959824954,20.59799295635329,707421.9354816262
2025-06-27,20.49070109538976,20.55768778334686,20.40206823130232,20.49168311719033,20.49258552781633,230831.32295916832
2025-06-30,19.897844243010265,19.902407982517865,19.8574172514059,19.89198738662108,19.897213051524567,269384.6902398908
2025-07-01,20.40308773598177,20.4600552382144,20.31407617884735,20.4007240664917,20.389020635999863,153479.6056074129
2025-07-02,20.23062503288857,20.40288929863903,20.16862841045481,20.27997375856378,20.27228218796551,210297.59851725423
2025-07-03,20.63331530854617,20.68047436219197,20.62179538366978,20.63356441668321,20.63583665926018,387741.1028366911
2025-07-04,20.94888907638675,21.126664364299383,20.887017572581083,20.945801875113577,20.952218676005774,489928.6373618573
2025-07-07,21.04040078940054,21.108917377765096,20.98296664280637,21.01018612295029,21.01206893168981,702868.8494372285
2025-07-08,20.93061760752476,21.07034645716775,20.825158988330184,20.94410608428114,20.948040202921888,361227.0150809043
2025-07-09,21.27617866759075,21.682692764619848,21.20890183647736,21.308237011448195,21.31181612145088,373126.9063827058
2025-07-10,21.04000243714608,21.2010359141037,21.00470066465678,21.072300393752577,21.071209756458632,528872.8875853794
2025-07-11,20.91450962057284,20.976781639780004,20.806808744735942,20.8967704675898,20.896428059905062,251489.3842951701
2025-07-14,20.73663513128662,20.845400935068596,20.75150994251764,20.755920458904317,20.755900261126325,296824.31832646666
2025-07-15,21.00581945447872,20.993127977387225,20.900056353821657,20.98198003094896,20.97949156288873,396960.7199850769
2025-07-16,21.5261805124616,21.585184617769013,21.514040853135636,21.53351966207804,21.52298581205069,138051.95045886192
2025-07-17,21.880663426384604,21.94621857069713,21.78806788447022,21.869844654355376,21.87649044664168,226045.6509910603
2025-07-18,21.768626368707807,21.88937629212946,21.670169823870253,21.759635858254565,21.76004357682497,351589.66090769164
2025-07-21,21.863725961228152,22.02906301896387,21.77649334273893,21.88021611217932,21.881057825621205,823432.6877648191
2025-07-22,21.574722525937982,21.60299483321788,21.524430238088115,21.57962412298375,21.581867825745707,173464.17526520256
2025-07-23,20.966423797042324,21.094692500413085,20.79178835693333,20.97134519833157,20.970432461517937,68805.57148543489
2025-07-24,21.04764471189518,21.11187689882331,20.919441578804808,21.056560904824487,21.05696065659169,542296.9539031371
2025-07-25,21.54160940823181,21.651931710229626,21.476517815147037,21.549385516585104,21.53865872469148,775337.7673014626
2025-07-28,21.226771377884145,21.234003146779813,21.125089735549636,21.23026015243332,21.22661447196966,175756.30202310777
2025-07-29,21.34533590872209,21.38754164065788,21.363207562215973,21.372038072850884,21.372252352958267,202462.4600785176
2025-07-30,21.40238629246497,21.39332632768907,21.366212874266424,21.38929556995847,21.388512485879858,131029.56181800112
2025-07-31,21.86728374626269,21.899489138354696,21.791982510625694,21.87586904640539,21.881626328926856,186118.952501768
2025-08-01,21.78351473737535,21.882005107905197,21.685349323140848,21.784995036917792,21.78727502327601,153665.8669778181
2025-08-04,21.188769684831072,21.225735119171457,21.166878847361367,21.216673773338567,21.2109741072552,238142.1138573725
2025-08-05,21.129932327878876,21.150919404648658,20.98513713463497,21.094145392806677,21.09366773424033,358930.3291458385
2025-08-06,21.383366966036697,21.484022091835552,21.34051143264972,21.36508147394509,21.36819334438387,179500.75567209555
2025-08-07,21.299482837771627,21.40792096841672,21.13536777231017,21.30152812685828,21.290816838570503,349437.4546433994
2025-08-08,21.026415391857984,21.109576678682743,20.91926852035755,21.007891141135254,21.010791097741688,170222.59206695357
2025-08-11,20.93121825186837,21.049982687664777,20.77703546929915,20.917389614223723,20.9178983125674,252589.19644790905
2025-08-12,20.940414936684046,20.966345171861214,20.872167001975644,20.943309478487755,20.95275454016494,315436.76043334376
2025-08-13,20.73948538781881,20.755790133286418,20.655678238008708,20.726059474610853,20.723785669641803,453232.96695202606
2025-08-14,20.955557146904734,21.12425523010609,20.81400628359499,20.986696824012466,20.98529401022964,196028.3501926641
2025-08-15,21.081270416089158,21.13275740877117,21.01803496968961,21.066510633339064,21.07328965828935,412560.901358998
2025-08-18,20.991824690094344,21.13699429209268,20.912577428062598,20.99773136634314,20.997990794459728,156380.6588734472
2025-08-19,21.27855520983849,21.33468103285034,21.2723738404856,21.28200040996022,21.2733401055298,159699.91128910478
2025-08-20,21.151240729430075,21.1818039753041,21.125681782554068,21.130589734554096,21.12816533882189,486965.8720833249
2025-08-21,21.192185940733197,21.31618463396557,21.12722041855521,21.182451027467,21.18860839507781,120434.55447769543
2025-08-22,20.80921482511978,20.98979526589564,20.74242284578852,20.850460822116705,20.852631497880232,121778.59123856315
2025-08-25,20.84033857676111,20.827251834968024,20.726617330871512,20.80741075121243,20.800612071400565,106800.1808958268
2025-08-26,21.01826390713719,21.060342615348468,20.986640306234925,21.005456506073603,21.00334419024591,229275.1364078768
2025-08-27,21.248268081685417,21.34911030469945,21.201166113360262,21.279246427181505,21.28120589023473,239924.22509442957
2025-08-28,21.055799394407085,21.12514609064721,21.04116722530694,21.049880556178373,21.042927096722877,487476.1896127668
2025-08-29,21.0626502533529,21.15318621053884,20.9309989285742,21.05584910541379,21.05528043345438,599674.5169359519
2025-09-01,21.153626442910912,21.11853915643839,21.010092479874544,21.10678131626243,21.10565150478428,242640.03536541588
2025-09-02,21.019415817434663,21.093336986106287,21.022497115488477,21.05272363169124,21.05892172868938,474325.1352557137
2025-09-03,20.869318987929898,20.93139326698414,20.77028011595745,20.84271420722736,20.84128232271028,299783.450254934
2025-09-04,20.540541849442945,20.627501841717145,20.36994866880096,20.54869414507895,20.553506498810748,467101.8425015733
2025-09-05,20.446242133145617,20.52320566585286,20.405324633200127,20.4914525994516,20.492998537169655,162819.11967192503
2025-09-08,20.691803610374663,20.799921280276468,20.57813126489565,20.69141944988009,20.686531559135435,523259.29812956974
2025-09-09,20.58254545803751,20.60319835405471,20.44455439720463,20.59811172356216,20.59982247801173,565608.7110865638
2025-09-10,20.544068284954527,20.58123741109969,20.548790591736644,20.56245334828314,20.56573724100832,161782.69032385128
2025-09-11,20.28872194740251,20.427426582912528,20.24056761971864,20.32949615850841,20.332319183186573,130712.68385496351
2025-09-12,20.29586946089761,20.343388884470084,20.242485362548297,20.27756422986155,20.276821757575437,198522.3945272149
2025-09-15,20.47558432070432,20.641818419297916,20.44226586469502,20.45480525261096,20.459097504093872,315129.4593615525
2025-09-16,20.172493420243715,20.195211105277146,20.121310693997952,20.135280926334747,20.139262589671333,700700.3763969196
2025-09-17,19.77758363189456,19.82156189604641,19.747223484214445,19.78544024844025,19.7876163998301,631603.5212916515
2025-09-18,19.433347900058333,19.498437761899588,19.40081013721202,19.421459208547216,19.419104995524943,153992.83192168974
2025-09-19,19.432649332948383,19.55406610953495,19.31267777199705,19.460702710751058,19.45859479593863,83420.38743940936
2025-09-22,19.39530605790436,19.63190296806693,19.338583578435955,19.36639496331342,19.368647211745124,483887.392128362
2025-09-23,19.48219120765388,19.655935329081892,19.281261503943337,19.47735271465793,19.477776659791505,166894.0757925759
2025-09-24,19.2067892582198,19.3834320791586,19.16596241909425,19.237348655122712,19.237127574715597,282453.1587362381
2025-09-25,19.27892102038069,19.30879794257287,19.211598876385345,19.272942216206797,19.273228048714508,465227.2016472209
2025-09-26,19.195172841520492,19.330689486520413,19.041855207141214,19.198845955655127,19.203874871566963,320414.6987788644
2025-09-29,19.28637968209309,19.328381463344385,19.190920173060405,19.28653577496712,19.284948399434416,184008.9735844156
2025-09-30,18.759422822087743,18.879298376960534,18.58217519260005,18.734273181331123,18.73903695851184,386922.1333789405
2025-10-01,18.652877059279376,18.71248060866186,18.664167962385843,18.671241559177982,18.673137752155263,339080.17699493695
2025-10-02,18.85093241450839,18.93388736364089,18.850431336291518,18.86608898181558,18.86823214431432,149750.29339759424
2025-10-03,18.95330449339381,19.152690596441342,18.91797742991594,18.944005143550488,18.94202185160182,109662.11722723865
2025-10-06,18.481440583513017,18.48810035971617,18.457466126082824,18.474841032774595,18.48775614598926,170110.53663005083
2025-10-07,18.53860195181893,18.590088291336752,18.55487656965439,18.56545062849827,18.568146778134288,314058.7643187457
2025-10-08,18.45362670862353,18.600657009447715,18.465019478941738,18.47592657873841,18.483045053562297,715204.5267826756
2025-10-09,18.564272299538047,18.710762248348225,18.45124278025875,18.56021346980041,18.56126987792323,405679.3096306015
2025-10-10,18.56828437336957,18.618114368059423,18.473218483378712,18.5979307704836,18.6045926964268,186921.1854004021
2025-10-13,19.113106953629543,19.268773861640888,19.07014238571576,19.113069440954128,19.11243551342696,397562.6945319313
2025-10-14,19.06576664797728,19.18026127250258,18.95848795718033,19.01934777155408,19.014961686088405,789881.9697849733
2025-10-15,18.845652842677023,18.92528831659235,18.78976426145824,18.849524345205136,18.852104346073997,390640.5885087418
2025-10-16,18.88223596609034,18.96619472469319,18.723345610941912,18.88940137375929,18.882234996597937,340195.8036616114
2025-10-17,18.99390551744235,19.019334762986336,18.89641839664004,18.984776861584823,18.99057272725206,148617.25066369228
2025-10-20,18.98613589571256,19.04497435956961,18.89250018844426,19.006608106937986,19.001809832164746,155663.0547083663
2025-10-21,19.23575815789044,19.36035250233962,19.06042069243613,19.227246753284543,19.22448065503528,451882.5738513312
2025-10-22,19.36939047563775,19.3974751137046,19.149541244096785,19.372915159815328,19.379371303837186,210054.9456912043
2025-10-23,19.309868152689567,19.348194851809694,19.197868180397062,19.32739223213209,19.32373497687581,531732.2274142896
2025-10-24,19.771705295669964,19.888922954664054,19.754615173823098,19.809253842709847,19.80966179084806,357426.14316407935
2025-10-27,19.6403218301872,19.67415258744707,19.585315012835864,19.65113998530064,19.6482353171276,315667.2717747976
2025-10-28,19.40085458494592,19.455364891953828,19.343853606061504,19.424217548393383,19.4201463012794,408766.796647181
2025-10-29,19.57008293342718,19.60271685051,19.47070011153352,19.56375077854295,19.571581349417656,421468.809625762
2025-10-30,19.670619159974617,19.788783479791697,19.667829602838797,19.67064604466607,19.67195163364329,94849.3247347672
2025-10-31,19.199643014206163,19.275701700632847,19.058148729678063,19.17090699058004,19.16649912368782,208951.7366186287
2025-11-03,19.60459886407917,19.868072841563045,19.577900874236608,19.614198662349903,19.615830535809025,250675.86323305176
2025-11-04,19.148738799970896,19.14417880066724,19.105932143999688,19.13263177695856,19.1317910094133,279276.6541813522
2025-11-05,19.0027016313364,19.047207628721743,18.974185388520684,18.998409077356666,19.00847259174149,665154.4463011337
2025-11-06,19.109094085816032,19.282357272839764,18.97010174524544,19.107599943367983,19.11006340286368,309659.05485625647
2025-11-07,19.17265649372714,19.248188643310783,19.130403942077145,19.20479993618208,19.20927569240992,573351.429031754
2025-11-10,19.099111251688917,19.1787225186062,18.94565287466212,19.121764661309097,19.11204190520297,290437.71857489727
2025-11-11,19.366203252764684,19.46176945535605,19.35625356413309,19.35729311007236,19.35854559392132,187101.5888480377
2025-11-12,19.105479099236742,19.26391284608746,19.055706478418777,19.099530634930225,19.09702264240597,835642.2608348571
2025-11-13,18.92393552514158,18.98585760711544,18.90495907949724,18.93928394207464,18.943320305680583,100340.21935646658
2025-11-14,19.14949030444781,19.158839154271217,19.121659426375206,19.1582239042656,19.16550122164731,435651.5568772619
2025-11-17,19.52593533025596,19.65777272116394,19.34202738902181,19.520286491536,19.519741312129756,356922.66772384394
2025-11-18,19.416311793389287,19.42290646208553,19.379365701559628,19.415601873212104,19.41567396178765,169929.91940327777
2025-11-19,19.854453224042643,20.022457527035503,19.88178600366597,19.88285742595438,19.880985101698663,170783.8660252105
2025-11-20,20.245938425094565,20.28676155408188,20.03832985481241,20.238747253295426,20.242303116340697,142037.54270325587
2025-11-21,20.235246620213644,20.463122749698652,20.22182289118423,20.259902414962,20.252453233709705,201601.77806979924
2025-11-24,20.629300462763474,20.63385489502573,20.580132435954123,20.623709984453683,20.6195600470488,420620.0667658068
2025-11-25,20.777081976807068,20.742591691921906,20.728047711676165,20.728649168851383,20.73412630130962,348454.55198367266
2025-11-26,20.68136707451647,20.72149752592208,20.62047646283093,20.674934379768374,20.675924433895556,524573.418948241
2025-11-27,20.58679218613389,20.67432992146839,20.37453058633385,20.58744628218842,20.58428659783144,90756.37619742086
2025-11-28,20.64327448723215,20.62501745556648,20.484263225383543,20.60614333823142,20.612821599363368,135190.36203191985
2025-12-01,20.288222931565222,20.30035239896217,20.156646836933408,20.282220880611185,20.28204194010966,187629.3239417686
2025-12-02,20.76346961813813,20.811426607350423,20.68885634697182,20.76969224386453,20.77125638578313,155243.5935281506
2025-12-03,21.031473034267385,21.184764153196053,21.00731100953137,21.03570212977122,21.041766833325617,256100.1908292901
2025-12-04,21.096997329988927,21.14799740685282,21.09573657618862,21.114634593231788,21.105725716190808,231225.58384658632
2025-12-05,21.13872655531073,21.11269252762544,20.99756005396212,21.085114804589956,21.075613404492582,233724.67707265005
2025-12-08,20.845240616850308,20.88398213611957,20.76921380498451,20.861731715796854,20.871115610928747,254870.03761309243
2025-12-09,21.0302563495756,21.094280339757653,20.896773643565894,21.00516231480615,21.010755160838897,863752.1994098182
2025-12-10,20.89842539874789,20.943319785669782,20.83730244315846,20.92005974527418,20.91751904573846,87659.3027692155
2025-12-11,21.06932486777181,21.080582976285143,21.001147361589112,21.06501650555772,21.06351625587928,284348.2202862585
2025-12-12,21.26909156663446,21.36233227888119,21.09438972405679,21.269303015988783,21.264163253144527,541466.4591564342
2025-12-15,21.06792407203772,21.089749579188844,20.99767963821036,21.088388346706463,21.088114290054428,261011.9894859274
2025-12-16,20.80473341872678,20.895577678002457,20.67796340264011,20.80222057687573,20.792003146551323,292215.4739756631
2025-12-17,21.06847572398196,21.33603388515108,20.95762241584869,21.050394551498943,21.05413479943894,266022.5695691957
2025-12-18,20.63749555024523,20.64720062434001,20.59264666179709,20.63943038901612,20.640784341619295,467801.018669156
2025-12-19,20.90567817628053,20.990632632683905,20.75058128217401,20.90580017441975,20.9062334296532,542772.3478350322
2025-12-22,20.71692397768768,20.83792819068937,20.696251392699317,20.73069797871368,20.727999601158587,141296.46893911317
2025-12-23,20.913161150172854,20.97491758180184,20.75757954124935,20.92382665301903,20.930074192882984,378840.7739990559
2025-12-24,21.191292871250003,21.22370481292428,21.15429217407108,21.183506609822334,21.184766494534045,759711.5351927989
2025-12-25,21.06900471472497,21.242685394228825,20.945854054947123,21.106080639787244,21.102187701965143,197779.35240112152
2025-12-26,21.33237098069348,21.40396850631434,21.32115888817409,21.37866631357098,21.37944765996474,211052.40121848555
2025-12-29,21.42216967538142,21.595899853662495,21.33981378409277,21.419090025705444,21.41352290034961,418535.2447647584
2025-12-30,21.32469654410191,21.327380549496965,21.32402282762492,21.32464181759112,21.342852215569756,140417.84699095844
2025-12-31,20.995542420655493,21.047769809372944,20.825304860366263,20.990691915118283,20.99251127138689,226301.70169409292
2026-01-01,20.80307958545412,20.819608970800623,20.699277604210724,20.79378793195504,20.809929368818707,214100.35410210275
2026-01-02,20.7270715853378,20.79830078259401,20.68370498254229,20.74406681112489,20.746464875999127,206002.4946615536
2026-01-05,20.604178290695188,20.61863206798203,20.43688527507045,20.57268713657177,20.58355534684997,508677.8733311264
2026-01-06,20.280850145822637,20.315037256479,20.272218460922115,20.28526767271453,20.289578007645435,243032.87503083417
2026-01-07,20.253087742705027,20.373999090334337,20.268423069195197,20.275510161941277,20.270756973308742,207648.55385567265
2026-01-08,20.35437060733353,20.490805846441265,20.34664777494561,20.362337668204336,20.374856130197557,151545.07576209094
2026-01-09,20.721491527831905,20.722648894116105,20.641534212751868,20.710638077561576,20.716012107528137,503059.1473447037
2026-01-12,21.12186857440396,21.151904409385505,21.070598788068494,21.102057166358048,21.10254183473162,232008.5231000928
2026-01-13,20.917983647976595,20.961856460191356,20.87088313864447,20.927048941569076,20.92763232860884,320486.53951453744
2026-01-14,20.792188589315167,20.899488260238588,20.70581383221902,20.77971549410607,20.78543854443866,144224.30472333007
2026-01-15,20.976312520445056,21.05476762654328,20.889881607823188,20.98325092938521,20.980772196342613,402698.7669651941
2026-01-16,20.92205430689769,20.906673415165816,20.728793843789315,20.903385723691155,20.900674051970874,98412.82565545652
2026-01-19,20.58776307933517,20.613856474308644,20.562789911376203,20.59164131708624,20.595071573980224,841333.1250177462
2026-01-20,20.08620777682256,20.14444972725696,20.025406128201897,20.11288221488038,20.11204526702342,342891.94538347004
2026-01-21,20.617754237405236,20.779389025173927,20.52948062930783,20.610756176185188,20.610123277782478,207167.08037599755
2026-01-22,20.80363436648819,20.82258284308564,20.706895630072356,20.81025559664054,20.813479748273423,280581.4046703161
2026-01-23,20.619667871168154,20.635516552482724,20.46812693033469,20.60177989588601,20.60579915168721,215766.1361833741
2026-01-26,20.38731601674239,20.431570125699928,20.3003009115458,20.42513490979532,20.43143102260165,227390.1882210842
2026-01-27,20.05858498498425,20.102801198192758,20.008931174843173,20.068939204258765,20.063572469593403,574582.4399367297
2026-01-28,20.09254645749369,20.187574081643085,19.887737619665472,20.094659360445476,20.09258040997669,118539.83607802136
2026-01-29,20.153264869109915,20.159039478288047,20.09148209275109,20.154966016878262,20.149562353775845,289385.0105913692
2026-01-30,19.727019612151487,19.91192763053337,19.66923973067228,19.75914126871236,19.761551725520626,341141.8099185161
2026-02-02,20.216473104374742,20.425388699497447,20.16021183067309,20.24236530782824,20.23348159008213,152396.04501851872
2026-02-03,20.227480107432854,20.534926327919937,20.202934819666947,20.264700728308277,20.263661036058995,258883.61618338776
2026-02-04,20.80192818398525,20.926628136036232,20.77807069800945,20.78392167026304,20.77914630909897,275653.1683725512
2026-02-05,20.393243212675685,20.42844586665721,20.226590307801352,20.38653850666596,20.382242581380133,224090.6649432373
2026-02-06,20.25261029543413,20.30431854161496,20.26105985288504,20.26108694184869,20.263584053157636,1185342.167772466
2026-02-09,20.255873039571732,20.26071064774196,20.059540974087337,20.224360662030225,20.21739514486008,461924.4574071966
2026-02-10,20.22203677639317,20.26805979000979,20.100231431306447,20.197987702007023,20.190599716502284,173611.71719755288
2026-02-11,20.447013129480524,20.4838636166257,20.363929146236448,20.440930917420644,20.440269814653632,127519.47370493309
2026-02-12,20.41685821346088,20.595967729005466,20.351237021740477,20.414289354283667,20.409369488960905,657628.0748475956
2026-02-13,20.505388150507198,20.546937382712,20.28598939242313,20.49801430687096,20.49798797061036,330096.783105948
2026-02-16,20.29246757044065,20.416683873084285,20.081516909430324,20.29654940206304,20.30404536673885,80692.61878330818
2026-02-17,20.20527864668775,20.23354401362547,20.167335519526254,20.222931358561333,20.22310653424993,295304.2625223044
2026-02-18,19.946832048815214,20.022329671774237,19.916344205248848,19.929987075373766,19.92893543574215,135405.8970106699
2026-02-19,19.92082579787847,20.013589456085768,19.75841717570711,19.92431835614096,19.92261150328344,263743.2325001752
2026-02-20,19.96034783404571,19.99947297915392,19.938381657140575,19.96878753262449,19.96227101268657,221759.33051518348
2026-02-23,20.01919049290605,20.124888058492783,19.914907558488327,20.007072927545835,20.013571994422897,251785.0367970405
2026-02-24,20.169056789824783,20.223345826179884,20.106098998408225,20.15626402825154,20.1614234291802,348874.22315366
2026-02-25,20.398356864759883,20.46804153003041,20.24275893668243,20.409537122621405,20.403223972453524,164721.97096636603
2026-02-26,20.334440642540507,20.358021723361,20.23367263385382,20.304598835748976,20.301922771764172,596314.1639058823
2026-02-27,20.5982625703992,20.767963205782383,20.49030990488457,20.59371179496292,20.58168646872385,95219.49578034865
2026-03-02,20.36122183450021,20.45104144099765,20.22469525455676,20.358956079273497,20.350556187165747,390775.2643080484
2026-03-03,20.14410814157971,20.26689677077233,20.16167700953119,20.164070538096976,20.158813508268977,583317.4502493893
2026-03-04,20.145585507705075,20.152848152782184,20.098167266899733,20.13368596191398,20.139161668178005,433361.0924603199
2026-03-05,20.064675793441133,20.197467664217324,20.05362265496296,20.08255844687594,20.08260841155908,713075.3152081124
2026-03-06,20.21304216679254,20.231611269144608,20.1341266443862,20.20801356421323,20.208339147545328,134924.20812948304
2026-03-09,20.390358686968085,20.429984939612883,20.290353539375943,20.39309484854333,20.408413531102443,98149.61415829851
2026-03-10,19.820339270044283,19.905487666525094,19.71625837235099,19.801183460888534,19.79751824319661,237252.464640884
2026-03-11,19.797613971039205,19.89201377820071,19.766270835683716,19.780135305364457,19.78244653024229,437426.32307457423
2026-03-12,19.48976781257094,19.67042176836005,19.479292338820528,19.482270849596325,19.48931675351532,286596.71669161064
2026-03-13,19.19407556603084,19.374200124043995,19.042889681023645,19.20149631571757,19.20610688571151,219156.2407642052
2026-03-16,19.246126442011885,19.2699886935369,19.19112548125378,19.262477878832797,19.26548331610068,271111.32251262694
2026-03-17,18.95876891403921,19.00498239503317,18.948955942805835,18.953687877381636,18.95577545222585,324125.8834946873
2026-03-18,18.682332714118424,18.72849344101428,18.62946214310832,18.68655136037449,18.68889861691636,387340.25666719786
2026-03-19,18.73445465550854,18.756712752597565,18.71114122631428,18.724276991116028,18.727913240671487,112064.608056603
2026-03-20,18.525857243956384,18.601457884877096,18.46731459561653,18.521776600325733,18.516383865626803,146903.76179417537
2026-03-23,18.302483296715906,18.361594262377,18.251505814877333,18.28373180017398,18.28577712869953,477029.9422296425
2026-03-24,18.02484263659609,18.094969858076023,17.90868106455068,18.046031031372955,18.046518375051885,316528.64021271176
2026-03-25,17.94935530602885,17.956162392411677,17.915393904228843,17.945415401732635,17.944253650460862,202161.01263571205
2026-03-26,17.77581866032043,17.77433164757816,17.68520865353235,17.744755991638858,17.749117835056268,300037.61629117647
2026-03-27,17.956962221635102,17.98723517782344,17.883874763340366,17.970275375068834,17.97315692063529,185737.45237182587
2026-03-30,17.942657584279573,18.08206527438894,17.950102570792318,17.95479431605963,17.95378064051632,160543.39280764337
2026-03-31,17.992703855157814,18.089825417134005,17.919489488430106,17.9793256134801,17.9825325510295,272046.1300627105
2026-04-01,17.697345903987628,17.847198473821646,17.60077554824434,17.70479281550302,17.701485295328496,539120.6876717726
2026-04-02,17.508723699980376,17.5787630681358,17.331351147116145,17.488673773147273,17.49319927483216,448119.9593152615
2026-04-03,17.53238607355042,17.61539808792763,17.476603121545427,17.520172969467836,17.51891424152314,112768.95945087964
2026-04-06,17.81078847329632,17.790615067588377,17.765477192249385,17.78582071827463,17.77807875216291,259135.53709481595
2026-04-07,17.538805898765236,17.727459214312248,17.473912432387745,17.539066445613706,17.539758465034364,82318.00440639975
2026-04-08,17.45667880785729,17.548619289762243,17.43502647184488,17.470069832454342,17.47323570872407,541249.8602642938
2026-04-09,17.810496493171534,17.90204112056965,17.755244999215634,17.83096126707222,17.83238368229444,270299.1321740353
2026-04-10,17.820294664298434,18.05264122539832,17.793384382073828,17.826800711455363,17.81593764579301,231455.2089744528
2026-04-13,17.510300813703573,17.55150406669466,17.377003804333754,17.52002034125872,17.518250011399584,510412.791362588
2026-04-14,17.427539386578516,17.449966766357743,17.34831916286386,17.41547764603419,17.413108633271346,255647.89363395196
2026-04-15,17.1145652152069,17.135990274314235,17.078931011035916,17.11156333717215,17.1145896713923,237857.7648410327
2026-04-16,16.99468656571793,17.039734228374947,16.915038678713284,16.959328789530844,16.961392801663386,884707.4055525347
2026-04-17,17.15937262996163,17.21165359655082,17.0915476829904,17.151510028050566,17.151368372188077,138191.26631996658
2026-04-20,16.752215166068705,16.792664397766696,16.71691085257836,16.757415677371096,16.75851748510695,320119.5879619845
2026-04-21,16.993524548959094,17.04767422854576,16.878592518851764,17.004667704448618,17.005628759194103,273170.11411721073
2026-04-22,16.733805449997135,16.921019292963205,16.73008883402062,16.734128685012326,16.73638067367538,195043.1295955354
2026-04-23,16.80339851451712,16.89489945337343,16.796185183996958,16.81508531629894,16.817448620218773,526597.8439507318
2026-04-24,16.817291087530464,16.994808142421288,16.749432733242568,16.81819640265522,16.821706009723947,267981.8339080691
2026-04-27,16.882848625364776,16.922435700997003,16.872498048708355,16.888444250842372,16.892370730219053,282681.8814404061
2026-04-28,16.803037718476887,16.91251011457855,16.782609328767396,16.813702309346652,16.807502273985616,334022.60841957177
2026-04-29,16.506589790859618,16.613874186055263,16.41696544865807,16.5111410231349,16.513783474431687,320794.80903974606
2026-04-30,16.149873402969273,16.21658310345113,16.04540913296235,16.153900576088425,16.151249349959738,1165649.1018760728
2026-05-01,16.424227604840148,16.464433605224624,16.38501040550609,16.389648949325334,16.391510000836398,297711.7260976701
2026-05-04,16.640976336995642,16.688667569577152,16.6115154229209,16.660454912574917,16.661378219902275,607634.7424405338
2026-05-05,16.732897795892402,16.77015569302087,16.714269331209124,16.734712899619304,16.739022282341196,446729.8630271496
2026-05-06,16.602514394766946,16.63106014056416,16.443853184738693,16.574402290378114,16.56780544743296,345046.41472577344
2026-05-07,16.561143326461234,16.654428649906524,16.460461230872465,16.589752346183186,16.589093662120828,255719.0708117881
2026-05-08,16.791728569202206,16.801861262278724,16.74173870753,16.785788483344774,16.793310334041664,216718.1924864002
2026-05-11,16.573343627743753,16.757626381363856,16.500755283986912,16.570758655780295,16.577387622466222,244065.0632041512
2026-05-12,16.48989359895424,16.490177069424146,16.278534682417504,16.45082970017025,16.453277519299753,529374.7808453884
2026-05-13,16.82602687095767,16.943211821263137,16.763665652942628,16.847468267935078,16.85051318532278,307331.35059771297
2026-05-14,17.076562656436863,17.115816342173424,17.007632521794076,17.065960759861433,17.0662118802155,238672.3825036664
2026-05-15,17.04411320643333,17.209508916526044,17.023197705848364,17.063377521009144,17.064542956813767,358403.67925429484
2026-05-18,17.020596586096996,17.0864569843937,16.99292208007856,17.0234835115507,17.01775713126428,113229.40644691652
2026-05-19,16.82326494563976,16.828189644750235,16.728700689993904,16.799668509391534,16.79767066169488,383384.2842676871
2026-05-20,16.78907093633819,16.982734911225556,16.781329248305898,16.79969991141364,16.79969991141364,187021.60025731075
2026-05-21,16.408079525170983,16.50570960718649,16.324280815873983,16.398063531453555,16.401779891497302,386245.208983272
2026-05-22,16.143611525557436,16.16793244889159,16.13374482812862,16.13927394648821,16.14147799565316,341054.8487201943
2026-05-25,15.874045737742186,15.90079488005341,15.842285002311405,15.879046791146244,15.875985405654934,86059.52853705375
2026-05-26,15.722109795894305,15.755045506349203,15.728322864248115,15.733886447788356,15.737561113686832,281814.01343343034
2026-05-27,15.64629190077057,15.729409130671929,15.632664858328477,15.650620244647524,15.642171474598255,400181.55482591497
2026-05-28,15.453651417997028,15.489492328227144,15.442044105752716,15.464401055128386,15.466110932419667,242268.54553144792
2026-05-29,15.334764898038138,15.367417539195014,15.204842409677765,15.329967859439918,15.323821187789664,333489.21784726257
