date,open,high,low,close,adjusted_close,volume
2020-01-02,13.503437592414503,13.56708938931008,13.490994888415628,13.49315979717124,13.490778417777214,250226.08754868625
2020-01-03,14.503751023306144,14.523671722758296,14.497789884741024,14.504437387644028,14.511217377828055,127834.27913372952
2020-01-06,15.128802314118142,15.142137131966008,15.107594786076458,15.113468525660558,15.112432022444846,301028.634673512
2020-01-07,14.558153585633749,14.543991491037046,14.470396116480366,14.53837659702261,14.534058230622373,207121.24043563
2020-01-08,14.498153228007222,14.642585504734448,14.502634484253171,14.504371774580308,14.504713990425216,100954.46664222272
2020-01-09,14.99512356996873,15.08890922944748,14.926629136354649,14.99679478162303,15.00125983423716,131991.13541741006
2020-01-10,14.86198303973581,14.866700246153536,14.795501213148167,14.865198538781236,14.866096909148489,152403.73099534193
2020-01-13,14.574794739259495,14.646702104457518,14.568805748049428,14.575266356219725,14.571386157769076,549100.8944287383
2020-01-14,14.801454064327771,14.89295785601796,14.777215833365428,14.791999449497858,14.78864684089421,465470.8605960755
2020-01-15,14.695526313737426,14.77850548109074,14.643257851928269,14.69275403568939,14.690827551919092,412609.1722253096
2020-01-16,14.836329550358789,14.886532063565811,14.835928696537843,14.848489918599531,14.850511929090793,385404.4051591868
2020-01-17,14.635457235267186,14.723177016387686,14.63301848967365,14.643731764107924,14.64600711562097,279238.543624068
2020-01-20,14.699315597111978,14.720073158532678,14.627305359697573,14.694124471831309,14.694219819981022,177700.77778514675
2020-01-21,14.541254449105736,14.542430043078124,14.495484343128258,14.530715077068647,14.529851982285692,312722.1722252993
2020-01-22,14.24970597328794,14.34373380918743,14.247849443377763,14.260398248140913,14.254656444116897,686055.9023944259
2020-01-23,14.309304351141297,14.357663914913012,14.331630159502929,14.334169373181432,14.336235284179422,348978.98437880265
2020-01-24,13.790104695397416,13.8372232334709,13.688405749951665,13.80368318252979,13.797694705322398,301874.86010455334
2020-01-27,13.798018398433406,13.845970442563134,13.676459591545749,13.778669626506291,13.776394851514317,279521.0700722836
2020-01-28,13.69053413460466,13.805383326575662,13.575674062270664,13.687183256753997,13.684332600770734,1096668.6130009422
2020-01-29,13.965165914731449,14.035530977991286,13.918357647372572,13.962178011000312,13.9620905884284,597307.2146543447
2020-01-30,13.427344878023776,13.50252128875951,13.374547815447038,13.435059227005569,13.431809874824808,174964.38140976048
2020-01-31,13.102822865545296,13.115266290904591,13.063067412320168,13.10605416288951,13.107990843685908,176528.77367984044
2020-02-03,13.27364855611595,13.323906566312294,13.201935209447011,13.28220369931072,13.282528396623652,286000.8267338233
2020-02-04,13.461025495905195,13.563356305992158,13.36711296503742,13.456665899986586,13.454921173758995,198871.02681087065
2020-02-05,13.35787351172807,13.35654628297278,13.314569822705376,13.340192396057944,13.337676691353682,48749.86265792229
2020-02-06,13.898352777310054,13.961739607091008,13.812878168289002,13.909530580118387,13.911058046481358,758321.1288024725
2020-02-07,14.06849825422202,14.081529945042792,14.040951315332064,14.04550737375384,14.043403976759125,546739.6061964948
2020-02-10,13.989642155758938,14.059701288949292,13.913100761536665,13.982579366044536,13.982312278105828,495091.599648786
2020-02-11,14.72949146530854,14.844298438728355,14.651931676230967,14.751656248650091,14.754470035180208,168239.93163316188
2020-02-12,14.482148846826975,14.641720515052416,14.44558355617477,14.479410476957868,14.4834782881938,149167.0769382645
2020-02-13,15.044628024763758,15.070998784403626,14.856974190636535,15.06893388839848,15.069495206040466,273199.41245196736
2020-02-14,14.7225128209032,14.751242435661984,14.580542449730649,14.738850055659292,14.738399526416686,485999.8025716358
2020-02-17,15.161972514433003,15.152712277360289,15.122200474647656,15.142696547910564,15.146850678171218,230256.4757181444
2020-02-18,14.803957098053113,14.89456805121761,14.7856669657781,14.810222623941176,14.80843268559784,142944.37467837695
2020-02-19,15.574438434735418,15.622048041390736,15.58302936307164,15.605713458685416,15.605480200363562,1214496.8166118723
2020-02-20,16.064697943807975,16.114700262578086,16.049769183856913,16.068243147633297,16.071683731061192,564348.4006214051
2020-02-21,16.075364324389774,16.093623542617156,15.921317007277723,16.07749130995484,16.07514724007836,576722.953216399
2020-02-24,16.31746403184766,16.34110840983817,16.287342536254034,16.329342266121948,16.32887296413735,280833.23486381746
2020-02-25,16.97162664974984,17.131190862272728,16.89470191543505,16.978401408061785,16.97599909203837,428878.9479929199
2020-02-26,17.16321541063536,17.225192505987263,17.134078749396814,17.220692907644306,17.22284880728691,184877.49673731628
2020-02-27,17.322907807453145,17.331168093525232,17.24586857491646,17.286572081047243,17.287148063115964,117642.23512904315
2020-02-28,17.16947795728426,17.27652928763939,17.10836706902532,17.149293309810922,17.148770094515243,529858.2025751763
2020-03-02,17.557305683330426,17.568378203513706,17.45961012176138,17.544261982149806,17.543869357697776,553099.2461520355
2020-03-03,17.250533659286575,17.306446611829582,17.184568017576183,17.23273824422747,17.233424315542123,333812.85774506425
2020-03-04,17.43657881155328,17.47960101344852,17.382478661901168,17.432683783972408,17.430523982706433,340884.2670339198
2020-03-05,17.376256830792794,17.439048274225915,17.3571214399498,17.374685314422663,17.376136199574823,237588.32213862272
2020-03-06,17.363084896661572,17.537974961120966,17.192130731421578,17.378666614975526,17.376806931586113,273557.6292613312
2020-03-09,17.27903564561418,17.336754524164594,17.276977664414233,17.29271418469542,17.28288120670834,625804.2333225495
2020-03-10,17.283427858116944,17.34253820992368,17.24930325793118,17.267472072045415,17.259731740931308,330409.6697932426
2020-03-11,16.258387559989558,16.274321420960025,16.143820448946425,16.235838636550657,16.239578013840475,415638.9220120127
2020-03-12,15.345336203615584,15.44256340049096,15.286970190876715,15.35548010183365,15.355566409245734,836014.154673868
2020-03-13,15.759905875614637,15.870072704936108,15.687365442571856,15.76065586292218,15.76268003464462,336279.2058950589
2020-03-16,15.661190163847737,15.69702511754336,15.6581104633157,15.658438874965247,15.658612545908786,327557.9659736529
2020-03-17,15.992550197482304,16.083817963434125,15.967089250219487,15.996679697510055,15.998703922468664,804408.4638882187
2020-03-18,16.086276023939785,16.111323629618305,16.07185535709744,16.078843950372555,16.074232679284265,298576.6605398748
2020-03-19,17.25559329258764,17.237900691972786,17.19863761860455,17.232396508455558,17.234281846233383,315452.11469530145
2020-03-20,16.778312732595477,16.785695644418453,16.725275110977567,16.76802848020212,16.76850953973181,330768.9496083673
2020-03-23,16.13143278159066,16.262159008918598,16.07691504943361,16.149672243475436,16.148781728110965,535186.8851505942
2020-03-24,16.13901351480205,16.25243806757705,15.94540406515082,16.12417577771998,16.126896825538523,221982.69512750796
2020-03-25,16.207671477535023,16.332466539062683,16.209231655323073,16.21311687902505,16.210798641106354,224809.38226534973
2020-03-26,16.18494966377371,16.198879171524528,16.19376021086744,16.19413240295708,16.200393586739963,337078.9416739732
2020-03-27,15.755832336450291,15.776633509700345,15.715412497135066,15.750046903607736,15.752522012323904,303666.7529004185
2020-03-30,15.130481094272684,15.236368584129425,15.071838607937476,15.145255336003416,15.139591384759356,359140.3522738254
2020-03-31,15.382099945768848,15.446212411822396,15.24664479681231,15.40520433624707,15.405095409181191,245035.4685389566
2020-04-01,14.94045277574942,15.05101617190594,14.93247194916738,14.950264113524998,14.949933478404702,107808.14682353132
2020-04-02,14.872186119355916,14.890922823451358,14.796098854231191,14.88009918655346,14.871681536179246,410602.5270917204
2020-04-03,14.431002699669127,14.508034084736202,14.339795417659046,14.422607839017294,14.419458548898096,150635.98694812178
2020-04-06,14.418557626164707,14.433977065169575,14.310911843772496,14.40663520389311,14.405160178160983,162414.26768003686
2020-04-07,14.171078464693052,14.209837212655458,14.127760914909176,14.16681954825918,14.166385719116857,361102.79616714834
2020-04-08,14.317716650112205,14.407123835587036,14.272220475517717,14.301660818085516,14.303405093658384,294466.7594492952
2020-04-09,14.287832503371584,14.299441818858142,14.214627265598846,14.27585560240091,14.276200174044584,436371.7627022809
2020-04-10,14.327102790833896,14.347040745624248,14.257460156555988,14.324608683729322,14.326758743512382,207734.6293744217
2020-04-13,14.018370438979076,14.054611842901934,13.986430494715233,13.98753042113164,13.995671345540671,194284.6304424205
2020-04-14,13.715847674126856,13.834363328417249,13.691270331465503,13.71856728516199,13.721675144540326,377358.3889904321
2020-04-15,14.089379358180333,14.234942100443638,14.08510979074136,14.102344057901476,14.101978509383423,184248.9712251004
2020-04-16,14.54692424177578,14.617173343987895,14.515561513272395,14.561657134913595,14.562313022561302,193452.7890978467
2020-04-17,14.837391824120026,14.88801405274691,14.743473116716316,14.838768756127118,14.842049093752305,258187.36615070413
2020-04-20,14.702398240865907,14.711138525969714,14.579425702216016,14.706314306549146,14.709619605832344,288113.0277213552
2020-04-21,14.474406964551896,14.561629378225808,14.440139740139603,14.47307525737332,14.471947108439648,350302.3599195201
2020-04-22,14.138889758392356,14.158968812057037,14.092265553848096,14.119803034649006,14.118994256582353,734859.5407889656
2020-04-23,14.295889590032964,14.327516391973637,14.238470798140863,14.320425363373175,14.323477412587987,145542.10830751076
2020-04-24,14.367353407715944,14.380069717288793,14.37591546828139,14.37658948623404,14.379496632303406,287415.7148457696
2020-04-27,13.426604549585722,13.47800828869,13.387339443272724,13.425594492567615,13.426816849108176,376858.9824870643
2020-04-28,13.571157132937294,13.565379887217492,13.552259231642212,13.555073351377048,13.562464788840575,394759.0925346327
2020-04-29,13.715236904611832,13.723567270264857,13.68007892012582,13.712292970265484,13.712850127911912,550432.6266248163
2020-04-30,14.052726338761731,14.113106288305588,14.041173705684615,14.073097989137317,14.076777687611266,207376.0952800994
2020-05-01,14.715689117728571,14.725028593740712,14.66679847149388,14.69860373816087,14.697461512598698,178552.97622349567
2020-05-04,15.103762222207694,15.21648301498192,15.026292722183625,15.117147616035442,15.116224311300474,370430.5245508674
2020-05-05,15.756225238493805,15.833901560062523,15.646344124807964,15.757768012407348,15.755761306275048,439534.5162151598
2020-05-06,14.949585732009297,14.974637189793269,14.903703502504994,14.95356240841857,14.958920628261506,143899.78140622142
2020-05-07,15.708668208985973,15.777844159747543,15.670282972553272,15.727795491268802,15.724742325405032,491532.1725336233
2020-05-08,15.327026142649112,15.4853426330038,15.266642640693089,15.345291836898303,15.347339869122012,346341.9194163069
2020-05-11,15.944079338824128,16.06238350829096,15.89058437575894,15.950513724022828,15.947269754941209,209842.17790975937
2020-05-12,16.3324411628271,16.466492729241885,16.301590682239546,16.34844095476579,16.348422355304553,192023.22357290212
2020-05-13,16.896854225849008,16.92469820742645,16.8359435184802,16.915798084780633,16.91227771307498,58071.36209710255
2020-05-14,16.879846770253366,16.925363282994205,16.84638046577716,16.876878205946806,16.876753785181098,262860.9518459365
2020-05-15,16.407469298962152,16.536577038202516,16.391288874166378,16.426175525936653,16.42647457198035,342617.45104635373
2020-05-18,16.239601625506005,16.299195417793747,16.128493399692783,16.21393173389817,16.207701547961634,434034.4453798956
2020-05-19,16.544457853406378,16.618790658427848,16.516939530043825,16.55808709795017,16.559007906244837,323997.1908572737
2020-05-20,16.941307638177896,16.992606833241442,16.86917833485684,16.955653882423615,16.953117425678613,137498.41260936364
2020-05-21,16.706698660205852,16.813758341713438,16.6323404013023,16.681546969392976,16.677402688102568,227641.98876108477
2020-05-22,16.95809353269171,16.99604502093406,16.871397266915842,16.950647410264384,16.94705781736343,239135.4104357205
2020-05-25,17.308797176139503,17.39320065638104,17.197993994488115,17.314684188296752,17.316248066354184,640702.6714037124
2020-05-26,17.796674832513347,17.88030506606246,17.760176995605168,17.778750461888773,17.770306422942635,298240.2061067418
2020-05-27,18.713454506860856,18.823412302372176,18.612622762889284,18.6955119415146,18.690790161579365,169651.3248545172
2020-05-28,18.80390836021704,18.84151276983119,18.777215075264508,18.80634243438559,18.802453326299357,150741.95002413777
2020-05-29,18.02486164895307,18.121575516129305,17.880650672057257,18.029105728298383,18.030404578520933,519451.9859247272
2020-06-01,17.420813957652932,17.47601443575466,17.26681039230069,17.412031185695128,17.410485450368018,208068.50734917537
2020-06-02,18.018191640441756,18.23770000826743,18.009782925799072,18.02417606308595,18.02477855466062,278643.4400846731
2020-06-03,17.47009132503861,17.60333623138227,17.42740657194507,17.46862759727466,17.468148942225056,71410.65928766724
2020-06-04,17.659945767090576,17.676747398409738,17.62843528204243,17.655520439594163,17.6521955365559,186945.50163300103
2020-06-05,18.252955204790645,18.300210000798,18.270030093081115,18.27398811623943,18.27299711352208,194128.5093998186
2020-06-08,18.145361396422395,18.165463130522006,18.009757367627103,18.12019192020471,18.118704536523527,317085.1651196358
2020-06-09,18.04362052144389,18.057580712000767,18.015324751089327,18.041847649462323,18.043724448578377,142424.43942552584
2020-06-10,17.49713197764722,17.56046960098352,17.445303109489984,17.516895869305866,17.518179996790366,291937.39308560384
2020-06-11,17.649494659471237,17.725336580220407,17.604773079880164,17.625883759162658,17.61472791883636,185077.9944295265
2020-06-12,17.643367390514815,17.787103918967208,17.631017696059303,17.637986359789668,17.639743697482047,203937.56128674452
2020-06-15,17.83975630791639,17.912190861588815,17.79674861858175,17.85697867497913,17.863612367623766,262324.7832165047
2020-06-16,17.95460795535999,17.992627895539044,17.800350638770247,17.95544242771284,17.955957951181944,2242765.884035818
2020-06-17,18.30900603644751,18.32466083337754,18.280263986133427,18.298460533386653,18.30158583553179,451978.0008513245
2020-06-18,17.996845908533217,18.06223817461011,17.99050350827211,17.99468054465938,18.005099173941314,272675.1788126579
2020-06-19,18.21415193051387,18.31510456329392,18.20214363069297,18.213446658033423,18.21669723474263,222934.99758846505
2020-06-22,18.60297171247746,18.636263022641145,18.54927020868816,18.58063846731916,18.57736755943433,255136.3921431268
2020-06-23,17.68096940645696,17.76448359336536,17.626760173597,17.688272097669813,17.68999705054937,229451.36147524492
2020-06-24,18.37871653345487,18.4116484875384,18.19495663741339,18.36154993204048,18.36001398666468,328247.9296472676
2020-06-25,18.146935213351405,18.279841056636386,18.058845808201937,18.14502101908928,18.140293970507216,726425.0763212448
2020-06-26,17.962718568058566,18.05586496494327,17.927735082569846,17.996275047909446,17.99822332754867,213289.7047548461
2020-06-29,18.543429399537715,18.718204640318834,18.36828225635457,18.547325815812695,18.553930130495747,845940.9390099724
2020-06-30,18.81336841489665,18.920443599946136,18.638713028569526,18.79868570422492,18.793561471974897,246368.71256761224
2020-07-01,18.591144990120885,18.63050406841278,18.494309718566697,18.577274612332783,18.575938196297443,131017.8051232618
2020-07-02,18.66992115305904,18.732133256517383,18.55718783208831,18.685799205212533,18.6826197533728,111836.34503271645
2020-07-03,19.15147699820848,19.232673412430792,19.144390015104417,19.150041317178776,19.157665397383504,849151.9880750559
2020-07-06,18.503830144487004,18.587064948221805,18.415334750303664,18.489805684497423,18.488975543253925,174430.9351386951
2020-07-07,19.05593927774811,19.07115065734728,18.91071572557493,19.046904686151255,19.055723730349214,135597.31848125477
2020-07-08,19.49323428590689,19.68985382214346,19.32629359702997,19.48925664419119,19.485256004055262,170607.17872740913
2020-07-09,19.784266010104723,19.89254982250383,19.777266953894895,19.79799605833068,19.790501414130688,293678.9077967997
2020-07-10,19.76960049353944,20.036956229464334,19.62333562578497,19.802029396831188,19.802293077987464,132347.3196546591
2020-07-13,19.75138597309128,19.9631718603167,19.695069499587884,19.73623626685,19.73167784033252,527452.4770431583
2020-07-14,19.470632429791863,19.54014964238701,19.45568708794864,19.48077445664458,19.477018852968875,238425.48015636005
2020-07-15,18.651415416385653,18.66926030518991,18.53059490727982,18.63689109632064,18.63369255352262,243221.50843064603
2020-07-16,18.80199779797563,18.894015330814536,18.77912485536313,18.809190027188134,18.80850754282504,151862.2925692165
2020-07-17,19.28570497957168,19.27820871861397,19.108642422460083,19.24394779875957,19.2430678807036,451985.9076709762
2020-07-20,19.52321594912176,19.59701674872126,19.489488320996056,19.56345775749772,19.559118815577648,177691.8967732091
2020-07-21,19.553696258322372,19.67221190684129,19.48781704480986,19.552523940589364,19.54994107781558,441717.742356744
2020-07-22,21.283599584610712,21.266602957193665,21.0680778604541,21.264175703046668,21.263473285180435,323237.6509888806
2020-07-23,21.724349450423485,21.874012917050152,21.738822341340462,21.743422420478357,21.74343133252075,210273.33186158875
2020-07-24,21.5330051922822,21.735214661749097,21.4111066732197,21.53215977147925,21.52770655092756,277386.49711407133
2020-07-27,21.95035173345784,21.95006589784822,21.90774707050253,21.910625599193235,21.917880286007648,75523.26496367596
2020-07-28,21.561525926734834,21.56739855596836,21.53805638306932,21.561106607941785,21.56715421628004,394154.3418098877
2020-07-29,22.91303178574684,22.97699162401841,22.88444043643017,22.92650752875413,22.93162203257773,208235.32871743492
2020-07-30,23.00832374329386,23.095154309874,22.984383432069382,23.002961735946897,23.00773893456411,227535.7615945051
2020-07-31,24.37075803572609,24.37801952211539,24.27331155983501,24.343043352781287,24.347258582748157,455914.2694178975
2020-08-03,24.757503463090877,24.798786380972548,24.593756189212296,24.73895757615037,24.74445087545061,341372.669758806
2020-08-04,25.3800653038126,25.539074818074965,25.427639258177663,25.42917396021249,25.436501591340736,204284.9671424006
2020-08-05,25.873989929466664,26.070984047819607,25.71477289372761,25.915014334039878,25.918866348127462,209771.5017893954
2020-08-06,25.51812228250757,25.534152968161468,25.42437299850615,25.531660792443624,25.53262821236964,357543.5640481592
2020-08-07,24.993366421845632,25.076961476253736,24.91613881475178,24.97429392244232,24.981706279213448,192757.9847246678
2020-08-10,24.92565558728663,24.982912445996867,24.924455711691525,24.92636939581608,24.93398652008464,205454.4439120144
2020-08-11,24.006327893078865,24.097974694005263,23.943698838113725,24.007948005607748,24.013590862080846,348115.6358043341
2020-08-12,23.98668069738583,24.081218051290666,23.925663719951164,23.9726737916568,23.96450343560076,79589.76190893818
2020-08-13,23.972838178196483,24.008781107429336,23.912750668885487,23.93527411206974,23.93272166536708,410370.5323636613
2020-08-14,23.70594264282637,23.775345652894888,23.46943781076755,23.70896575830117,23.70175258349628,359082.56724068854
2020-08-17,23.9843902486994,24.044406061574584,23.973504848440253,23.97466216319713,23.992248882958485,158471.44349565476
2020-08-18,24.784724704089605,24.9060435779007,24.670378367788352,24.80531764345519,24.809736672102893,761549.5736828642
2020-08-19,25.199994330257645,25.46391037629722,25.023223750289446,25.182185182655893,25.18767105003383,513548.5647374542
2020-08-20,24.7098129973815,24.908765507052685,24.67812937211889,24.67921273164441,24.67295515533843,290593.34816616366
2020-08-21,25.120993440695276,25.35005264265482,25.085255646497583,25.15700116034664,25.152615777292464,546515.5653476416
2020-08-24,25.240408609212466,25.29659140451581,25.113936662815025,25.242347153533743,25.24275403031815,515294.2089155517
2020-08-25,24.96687906268852,25.02148891340757,24.728166855172176,24.95106595751268,24.94749003503093,101181.67125834637
2020-08-26,25.551349576048043,25.810637447068203,25.499658859964168,25.6038641084498,25.600619741491936,67930.42099329353
2020-08-27,26.48185961569873,26.56277652658596,26.33378652912132,26.4855043460151,26.470537545060555,137472.0586395411
2020-08-28,27.79888813428552,28.005290690815016,27.76756014731489,27.78601460823879,27.78881758529934,66262.88877199426
2020-08-31,29.658487487023105,29.78323415539903,29.592185616190605,29.63639845499156,29.623830291725582,417874.99620681145
2020-09-01,29.53798932571429,29.947223308800925,29.478046117228363,29.56973369227366,29.567092901869525,292419.50086608576
2020-09-02,29.5544569651153,29.84838797810117,29.484524761365392,29.5476064799029,29.55084328335345,487520.9232641169
2020-09-03,29.5012145696428,29.544411396222507,29.411889350336235,29.48856482112161,29.492317823995027,158588.196985653
2020-09-04,28.2669720720311,28.30631970971466,28.094845486258585,28.20196712806909,28.20796185801041,917360.9992246992
2020-09-07,28.859591416985737,28.893709195133603,28.810078209266543,28.86479526188461,28.86043924195332,472706.26391460345
2020-09-08,28.83994198254679,28.949385418326283,28.53239279596833,28.813579643661157,28.804745049687213,115106.51636306092
2020-09-09,28.23243232856692,28.2521266859191,28.060921924410454,28.238366428702903,28.240716683231884,126871.90147830627
2020-09-10,28.16958802041184,28.23341528407795,28.10252073006612,28.19425950402768,28.20331491151963,240472.3987555932
2020-09-11,27.88123896840757,27.97609023291188,27.80494098573216,27.90481948536141,27.90928366963135,449751.15462276526
2020-09-14,27.782211604790568,27.85168290938808,27.658693380325463,27.797917035286225,27.794754972512056,205429.7528439552
2020-09-15,28.120474864668168,28.16247408902282,28.11475607112639,28.12447199988799,28.127691480927485,308394.7295067765
2020-09-16,28.995303591569268,29.12203677811784,29.01459590977052,29.04936893528028,29.062085119752822,207506.27846979344
2020-09-17,30.621376818175577,30.72484414949529,30.485495634609972,30.614411218077677,30.60600916972247,140552.0667382866
2020-09-18,30.880994116304148,30.999198119412604,30.794878023567858,30.93100490675329,30.9312175200085,517751.0521028933
2020-09-21,31.67445802587393,31.90188253919399,31.59923461318601,31.64919828176987,31.63734039513165,272124.81487964647
2020-09-22,32.738202616393444,32.88802110233068,32.58558540723676,32.75116719528997,32.755412896310965,334909.4077874411
2020-09-23,33.522208254514574,33.69129385323535,33.43650052901583,33.520552553751145,33.52890257029068,463913.4972640504
2020-09-24,33.51483070590852,33.66106907095487,33.53011269312298,33.538437656174835,33.52287621893406,98325.1836158684
2020-09-25,33.16020691949985,33.22420357858991,32.981783868529895,33.1598531536428,33.16425836473843,267902.50491905346
2020-09-28,32.660015350821105,32.7449934120574,32.55336050208182,32.66451002069094,32.66943361139585,284042.9167388872
2020-09-29,32.415758570645906,32.51102297965484,32.361988359728805,32.43553685392206,32.43280708822625,146749.24284461574
2020-09-30,31.58575998800427,31.761408415321768,31.29926442342173,31.642494564866524,31.63260956929499,290749.1732941948
2020-10-01,32.64684759178161,32.72829054245298,32.59038306988818,32.59379771423787,32.58530453726072,268138.31283587706
2020-10-02,33.45894446596769,33.56423676032407,33.36213374795467,33.5128702522937,33.51319872403276,225193.37460307116
2020-10-05,32.58331883352785,32.60072643699305,32.35382118248482,32.51588841275637,32.51649315678116,381336.5840017785
2020-10-06,33.1835999652094,33.219038777682144,33.0465917729282,33.20782650394671,33.218093817546546,294002.95609493897
2020-10-07,33.06241146346967,33.235378792871515,32.9465793312677,33.07388055248828,33.0758039597793,315154.65553077805
2020-10-08,34.35274662123263,34.364083219039095,34.24054881698292,34.34757382272176,34.350667252348025,110419.86272618583
2020-10-09,32.29695767512469,32.438794635883774,32.18579160233046,32.3523465609176,32.35400228505797,263085.7130589043
2020-10-12,32.05706429980308,32.07145673036244,32.01442547219896,32.055313084386185,32.055208794103955,187249.28639081703
2020-10-13,31.213514818874454,31.60825192884333,31.17650774417224,31.176685319058144,31.17093976245273,331992.7737242544
2020-10-14,32.06267257132122,32.195126423942405,31.93631000561888,32.051402855022765,32.05193041773473,119856.749721248
2020-10-15,33.03429280135922,33.125633640015984,32.888274111702614,32.96491129437642,32.97596407637763,236242.980873727
2020-10-16,32.99338534417204,33.23443466164577,32.98152534563451,33.03672803442469,33.044585199271694,160635.8700738489
2020-10-19,34.11838626677928,34.338591437786626,33.96722530136587,34.07764377571138,34.076387646219274,332441.9193984055
2020-10-20,34.68453174977666,34.80088251926034,34.34981953451099,34.709015092601526,34.714387784357065,88441.22273020695
2020-10-21,33.792731330326546,33.90932879998725,33.67898264584607,33.76605163161791,33.78007537625828,327009.52963377035
2020-10-22,32.26197042516528,32.41195443068031,32.19475450783556,32.25033175643891,32.26872144269444,102538.11822492832
2020-10-23,33.80733792009861,33.92148003501212,33.74028230887355,33.77542326432778,33.77053263342486,294527.3922263445
2020-10-26,33.15608761959878,33.533808962275245,33.05162838020595,33.19718962549572,33.191437221519536,240460.33863016425
2020-10-27,32.98481809577482,33.09735208417654,32.618699290875874,32.99708378500084,32.99784048751381,236654.4371968936
2020-10-28,32.63301514142803,32.64497778591069,32.365306463795655,32.52594299678476,32.527444617938315,335900.79846747464
2020-10-29,32.26274677597792,32.2994536079325,32.04397467516858,32.26172643619036,32.26933710754438,509304.5331532567
2020-10-30,32.231960919721146,32.37245916760149,32.22235884927017,32.23560630147518,32.23884706883592,379602.6378568785
2020-11-02,33.19599569974067,33.19633355500923,32.961652026138566,33.15433726612525,33.16511038946537,223547.0374573492
2020-11-03,32.08157489023101,32.13149623443862,32.004689093232294,32.08914062160929,32.09572533301159,397670.5426660725
2020-11-04,31.41513465960309,31.40352126875691,31.35370628772316,31.40098192581233,31.4010481389272,171242.32676103484
2020-11-05,31.77426309096111,31.78913273529372,31.680034823396397,31.76862916956337,31.77713198606039,270947.3072520609
2020-11-06,32.72647461699156,32.75991635185944,32.53531975043336,32.75288038678662,32.75347255061469,131415.03954681996
2020-11-09,32.812849812135454,33.016069972608804,32.799872203720824,32.81330233549211,32.81318067323087,180678.74600479077
2020-11-10,31.095590233619763,31.233597647242945,30.896293247290046,31.110544674419653,31.107614648659425,241953.1373255751
2020-11-11,32.40191734499038,32.511395390040846,32.39157978915192,32.396885299595546,32.39273922315936,497599.95281288587
2020-11-12,32.355932362951854,32.56527451950396,32.14335005051375,32.3492787460822,32.35974293640838,222634.76862146016
2020-11-13,32.494148985038514,32.62416251410647,32.155164996771454,32.47606746415307,32.477332173300056,235445.3678290851
2020-11-16,32.03991975549144,32.102450025126814,31.85761092217125,32.06587742878216,32.05065117227888,243925.85837348955
2020-11-17,31.53008776271309,31.546200687973798,31.527716633620734,31.53128144653577,31.5349557680476,303610.7397801426
2020-11-18,32.066421412069346,32.12191840595278,31.72043662695809,32.04773254105953,32.04863281086075,343390.1308990723
2020-11-19,32.031748885980605,32.09119147841049,31.78039344325664,32.04864756379824,32.05497934533951,170973.85157370643
2020-11-20,32.34377817896188,32.61787354996722,32.20345048059556,32.2972078595593,32.2954909558162,505768.5922546556
2020-11-23,31.14179010000442,31.344447659533504,31.032485727085337,31.176460538138613,31.16768253604731,102662.17815938804
2020-11-24,31.075753422895563,31.21077013058629,30.9788096070667,31.024994713349937,31.01722215517118,534422.7433098404
2020-11-25,30.10090707985496,30.177764791653832,30.09139297138333,30.122788265199105,30.130575171218037,867624.6269276523
2020-11-26,30.861811557957544,30.90266810449364,30.706549898443857,30.82196631813901,30.83116756686403,246476.35041406803
2020-11-27,30.829418495500352,31.11724665614603,30.6860441130075,30.839516272845508,30.849092974378177,960158.621833856
2020-11-30,30.13090884718867,30.195442091191516,30.01535735397692,30.12725824736695,30.130951322493743,379504.7509569052
2020-12-01,31.00941809224507,31.01786416605716,30.75876922860132,30.998060470310552,31.00624305486804,657482.4387848972
2020-12-02,29.854475008292106,29.96418503000214,29.649055411567623,29.911502928383904,29.91274993875661,422086.1462200583
2020-12-03,30.255500673511897,30.32885403273602,30.09759888808284,30.25929378303407,30.26691531207335,362975.559367026
2020-12-04,30.2984511244135,30.58065494139736,30.21700011569381,30.34518529166217,30.335321363392268,101491.62113325488
2020-12-07,30.839509395999222,31.179748499864623,30.695460873224928,30.840031213589363,30.840520298915266,704927.1054300326
2020-12-08,30.315489072450617,30.52006602787668,30.072539274061448,30.30729454194072,30.29740548939652,224488.5597941086
2020-12-09,29.42435638843881,29.678016044921737,29.371696762879047,29.443769553000504,29.44682258644917,380967.04749821214
2020-12-10,29.025201463948463,29.178599098840216,28.83843407552862,29.029838431401803,29.032952832109217,592300.0445565941
2020-12-11,27.71861548756731,27.737272540738967,27.665078962060832,27.669901284875284,27.67820170297986,270042.620243866
2020-12-14,28.217922282697813,28.283150018754384,28.00949540082093,28.178079625650884,28.191244237532214,89494.95260629583
2020-12-15,27.368885811838744,27.46807528866992,27.23436919534661,27.395202548273787,27.39337696301516,441372.5803046512
2020-12-16,26.64907396254068,26.665269100268212,26.65793929369624,26.658012722695386,26.65012584248721,269829.66047818965
2020-12-17,26.827044470346376,27.160864700119408,26.515899363097503,26.8312876714174,26.84485371249109,161042.41825054842
2020-12-18,26.6760705764025,26.727521211670577,26.43897729741872,26.643596031924695,26.652221577006102,248940.29715912344
2020-12-21,26.36878191328521,26.455525350037227,26.29034139467772,26.32653641335864,26.325579180444414,240253.3060975766
2020-12-22,26.61524755470466,26.73750223800134,26.5027956660369,26.615498321307356,26.60147607715568,321512.7650457595
2020-12-23,27.438145659598334,27.636788390774488,27.290386013459077,27.44207343032506,27.43635576347948,467676.1158146269
2020-12-24,27.257877316244816,27.325509416351444,27.18597657437393,27.224628256750957,27.21856073313664,160618.33451731814
2020-12-25,27.34823614197288,27.383952735303108,26.91263947949829,27.335764812404413,27.339831551688192,86913.8498488348
2020-12-28,28.23127740044833,28.42029203937697,28.15332606973824,28.26745764290075,28.25177821392171,127437.40661531748
2020-12-29,27.242266271124294,27.523584234910334,27.077520022803565,27.24858272633087,27.26199584213936,376325.2335074552
2020-12-30,27.989768177742334,28.05297657334781,27.81972252050256,27.97553088482124,27.97064507193773,745209.7770860502
2020-12-31,28.690930649265542,28.867628018206908,28.723672964132888,28.745353087820547,28.738995085991416,512402.49510574416
2021-01-01,27.590964620071613,27.750347262702345,27.51621647864937,27.56995609554156,27.574121592345712,278218.2253634882
2021-01-04,27.002942429780244,27.14158968720493,26.926865885059865,26.985530606016365,26.968780384585656,167133.60179299957
2021-01-05,26.68496106424507,26.684291827611663,26.464967277551565,26.678779947705102,26.679198841071383,286516.7487992853
2021-01-06,26.243442240698123,26.306369497147,26.2613647311179,26.269652286914063,26.264972317034356,272954.1665663688
2021-01-07,26.940472828537253,27.01556995213545,26.88937373985017,26.92713631968513,26.93566450061949,205682.7488751329
2021-01-08,26.50809795953781,26.526919812944698,26.453168651688237,26.501495900738917,26.49502968464129,106407.92473115916
2021-01-11,25.65783498411056,25.824067791098816,25.64063205995881,25.64801266533524,25.6554619899641,312566.2732769397
2021-01-12,25.378187501416853,25.40438143666213,25.049192103773223,25.393061673220704,25.397736845649987,134964.29403727595
2021-01-13,25.90726675858296,26.083729197830145,25.81790514624014,25.893131565341186,25.888487136002095,828322.4172618089
2021-01-14,25.841192737811948,25.895410392631035,25.75811320234537,25.843697953627093,25.83968556978563,303676.1892624714
2021-01-15,25.69589833759832,25.77238540395428,25.6855438270133,25.729000042104357,25.73102420873796,197519.46837591229
2021-01-18,25.29031066713113,25.41643927490363,25.130663230791743,25.25899973415089,25.247901684442464,504649.277681996
2021-01-19,25.755227490142342,26.018190313887956,25.560081156201683,25.756757985814783,25.7571027076597,196099.31640555224
2021-01-20,26.045472278434605,26.2005266908632,25.800800702324928,25.99282609116465,25.98873613758397,143352.7236568055
2021-01-21,25.877712311461075,25.88299613291029,25.68281448316549,25.86955354015438,25.873148391337374,173745.96934270195
2021-01-22,27.69146293731451,27.666843540527733,27.587166939761836,27.653058537899604,27.65726225409872,241274.0368015564
2021-01-25,28.03547722036343,28.26369062593545,27.878018973148063,28.038724320007063,28.046524428985645,456294.0110848607
2021-01-26,29.384301994436115,29.525367756741723,29.05817134649839,29.382169496543707,29.3811757556759,194547.54118884917
2021-01-27,29.475471741200924,29.491623546784574,29.16729622355161,29.44368087330876,29.44266908278006,294899.4371035683
2021-01-28,29.698361071560267,29.74992096692501,29.712939694283417,29.72739541371373,29.731763496747355,904954.8174882702
2021-01-29,28.1390325251412,28.13486301749282,28.096373493528347,28.122139310265464,28.111132419295146,206889.39654887377
2021-02-01,28.1440776537636,28.150038200477447,28.0292063365936,28.13521029720431,28.13899980679288,149548.0247359311
2021-02-02,28.28982533492136,28.29232830328201,28.174188008875863,28.281666443556507,28.282716903825573,128787.82110435893
2021-02-03,28.743736821101603,29.031204880142457,28.607854141252265,28.721026769679384,28.721037133274717,163297.47941520787
2021-02-04,27.71113434468332,27.84411425335549,27.654636395740543,27.700983805523997,27.714284115906,170406.64133557558
2021-02-05,26.571698503865186,26.728387607667788,26.423414587714834,26.536696029857534,26.539856112770167,88794.52682591557
2021-02-08,27.503581845877807,27.669312087204556,27.32304884614208,27.527905818124392,27.525760032481266,335431.7509443115
2021-02-09,28.16585431324336,28.249264853060808,28.078185496742016,28.22205798266912,28.21162637484508,141200.94259280514
2021-02-10,28.47887097582276,28.484770214067886,28.157252618089355,28.416159997368464,28.401051561914056,166784.5150605287
2021-02-11,29.117457838984983,29.254909477879423,28.92242366276451,29.12699492077582,29.12374776805403,145809.17260992472
2021-02-12,29.4639839953393,29.509958735947453,29.48140957582802,29.48880031040327,29.4722593682223,77429.26653142682
2021-02-15,29.159790520869294,29.26196452517436,29.037564881417172,29.16683917267361,29.169478150415564,300098.14794231084
2021-02-16,28.93783852882559,28.973357734360725,28.872904840160302,28.962154105034383,28.96089161325616,141163.09028201268
2021-02-17,29.001183887886786,29.11076414977685,28.907330275358408,28.939499498499707,28.940583123668667,529426.4141655979
2021-02-18,28.948383161643115,29.06814254290707,28.617769638733822,28.9389973154796,28.936493634081984,221148.50650913705
2021-02-19,28.49656740924944,28.577533504913184,28.18214563900987,28.468167465793677,28.45897251606764,686236.3828235444
2021-02-22,27.96024928457401,27.969709104516756,27.82060569827396,27.962428387945717,27.951147621827538,373125.6776167524
2021-02-23,26.738403016804973,26.885399481884832,26.662174948676377,26.69011391596476,26.66459060038493,240069.71912960924
2021-02-24,28.036268158089538,28.25789127425054,27.942457383246094,28.00253574770173,27.99478998145513,577820.3182469793
2021-02-25,28.05778447417525,28.12736043352782,27.661886887397724,28.04306406930573,28.03680803436008,376377.3147617324
2021-02-26,27.036539163945854,27.180507255697417,26.91481211802607,27.048176096387117,27.047754042287497,92714.23583041296
2021-03-01,26.884156462332168,26.9242222377769,26.834441285886168,26.89131054040887,26.893637282732996,233920.89018998572
2021-03-02,27.866098526068768,28.11009751544641,27.728484869456505,27.86348503838889,27.862715187678315,235522.15574823285
2021-03-03,27.1024584169297,27.105147370990583,27.09752149285368,27.103929244881822,27.106899854125523,216200.7708816632
2021-03-04,27.07076406006296,27.110947385292032,26.790280076504104,27.06397147678272,27.07099278379592,240843.66308915045
2021-03-05,26.27292815205002,26.388370923230507,26.21796546012662,26.258183160604123,26.25485312117484,205321.8682872991
2021-03-08,27.153263322073656,27.11974305893912,26.90388011170156,27.11809797095056,27.125787293797643,410338.5492853731
2021-03-09,27.444994437370152,27.64093617515271,27.41017533407587,27.46885501392119,27.462350465177565,137352.24323858033
2021-03-10,28.918544488636265,28.989590062132518,28.88684289629915,28.9384437839771,28.931103807546588,175355.3755965265
2021-03-11,28.452248372686785,28.49342012744405,28.37947549617648,28.435356798099704,28.434305277743764,397001.5237356621
2021-03-12,29.83568146253215,29.980752593794257,29.71860133700304,29.8656978392976,29.84900873763324,371513.319423589
2021-03-15,29.32837275896148,29.425591776506604,29.245418191487868,29.29676092854329,29.308801588683863,422003.3392575484
2021-03-16,28.737600807111967,28.69443069249149,28.58505511710406,28.67970797322629,28.672017389830785,562065.7036704188
2021-03-17,28.115443756755543,28.289759190417133,27.936958870651903,28.09533208057036,28.103246732400272,248012.5414130718
2021-03-18,28.200096669165323,28.26650860446353,28.03547125250054,28.177015844434,28.165788710698155,105351.0241051742
2021-03-19,30.034309331280568,30.141018247398694,30.004214533146293,30.053362071025283,30.05928948713901,487133.3994719371
2021-03-22,30.175036529658712,30.3395940630604,29.95670342557808,30.1846786343415,30.18264803440601,147415.95488800242
2021-03-23,31.18319934122085,31.244822452335303,30.968611045851137,31.174153914054077,31.158760161864144,491023.6940844074
2021-03-24,31.468626741075823,31.557064956633347,31.18522152580597,31.475423537295693,31.460024759740502,220655.78982857903
2021-03-25,31.211459764878825,31.30158786117145,31.1711479300296,31.223417732162144,31.220301883452777,238541.92757218072
2021-03-26,33.127786095555784,33.387321805321015,33.076925384160795,33.120984343442444,33.11176380101088,165685.28126926295
2021-03-29,33.15080569530501,33.28220492776223,33.169288375745424,33.255847601737095,33.25057997901256,319196.1431867043
2021-03-30,33.69334947589469,33.87561237261172,33.50240081088691,33.687039906081914,33.68781963455485,445044.3455703444
2021-03-31,34.944339764647886,35.09760115839399,34.80547456595387,34.93832924384624,34.945625534939715,244038.54606733468
2021-04-01,35.00793734037507,35.04844160928936,34.88931219884017,35.01769195686503,35.02905114612883,170701.10410098018
2021-04-02,35.34543558568209,35.63866019033346,35.19907851672721,35.306080960279346,35.30603058899181,361294.46721964766
2021-04-05,36.75316091722824,37.12326281206953,36.63738119626865,36.77554446389125,36.77468775840944,334744.1769508066
2021-04-06,35.90007683114297,35.868617441426736,35.609413037039154,35.84065952041017,35.84560205121562,122515.43153554769
2021-04-07,37.01415382428584,37.04075585059936,37.00597656824845,37.03624913484766,37.02990476684327,317340.9163002409
2021-04-08,38.6803070769323,39.13010192643061,38.55506752557884,38.62933432283566,38.629477618875306,418842.0606438552
2021-04-09,38.81435614962431,39.23870801816181,38.61920392137454,38.85708654558302,38.873318802768026,256420.3157699204
2021-04-12,37.23947800754686,37.40665443778905,37.27009254125527,37.31255351207581,37.30681793921217,269517.42726389435
2021-04-13,37.61314469936396,37.93507660741209,37.54919364385787,37.61641782325125,37.62301887827736,551897.442994837
2021-04-14,37.56587311788373,37.682951880879074,37.4539637639561,37.56701121182374,37.55259413464114,192171.93046411415
2021-04-15,36.71188391474955,36.94114849091144,36.63537892276764,36.64307343721393,36.636359280226266,610181.4921188639
2021-04-16,35.08196666848119,35.20935059212577,34.84844771326837,35.1331129987065,35.12679579263009,157744.77509568626
2021-04-19,36.09026458972527,36.112104893691054,35.91678846024558,36.10235353898207,36.11173424728388,1062877.7632858427
2021-04-20,35.892513228046994,36.057556451300194,35.65240727262724,35.84561927449166,35.83668110836891,838868.8494800285
2021-04-21,37.04702010800776,37.02136346468874,36.79880122768338,36.99706159965076,36.99740664324551,453780.9388157333
2021-04-22,34.98259538532524,35.10746383697936,34.73761644892305,35.010305024271815,35.00460403664489,144058.4306378837
2021-04-23,34.97044174503824,35.03812021347684,34.95867315636504,34.980564931810925,34.98341138222038,144673.75917687517
2021-04-26,34.79565323610271,34.86862628793062,34.65305026717014,34.8375782841583,34.84909661264186,254770.40218814617
2021-04-27,34.86290876567448,35.09509711868932,34.43653331842966,34.8731386086145,34.87263144901042,502154.3420463277
2021-04-28,35.72482141520276,35.8330470075296,35.66695682562177,35.79254345275426,35.7880873846749,376487.4987042318
2021-04-29,35.986831957058065,36.16280667975588,35.96892714895537,35.985154343846304,35.99195007803594,198814.85116384347
2021-04-30,36.47018455869347,36.71946001419228,36.38677327759984,36.48731231783757,36.500667898245936,98731.53256311576
2021-05-03,36.9369176227636,37.005547602548695,36.8591267595293,36.89603021294948,36.89647838131279,634868.5876767896
2021-05-04,37.24141150938545,37.34732137905895,36.93056150615226,37.25041733042319,37.24604300608651,843068.5506286545
2021-05-05,38.37811308215119,38.89758655486176,38.16101772550547,38.402447781508506,38.4109525470286,1574041.9558406924
2021-05-06,39.0863953350084,39.15618350476353,38.76701285158427,39.07204925076435,39.07203697101742,122434.686236176
2021-05-07,38.12641402866625,38.34654895191142,38.10485097729112,38.17392045148539,38.18069947532794,536323.6915982981
2021-05-10,38.11937115466334,38.4388617499161,37.97136906801873,38.16338626992167,38.16411284113317,615406.1636566538
2021-05-11,37.49745284294419,37.812881309357785,37.30856034664527,37.4459573346245,37.45689078218194,303141.97707996704
2021-05-12,36.01734603034505,36.15786616554152,35.78428804319615,35.96206943986886,35.956055796942785,252717.3567405961
2021-05-13,35.51266261737266,35.496846661688416,35.354083932275536,35.490676460294914,35.48902298913166,343663.1136922428
2021-05-14,36.195057986486034,36.22904016297876,36.12762134087457,36.149294917332526,36.16130201315743,257025.62562280492
2021-05-17,35.13091841260989,35.254598176705485,35.02568754916183,35.11207208810994,35.13545284159949,1276035.382342582
2021-05-18,34.87561232480012,34.882667961706126,34.60382266684315,34.84349609147096,34.84398485873107,626031.6174553125
2021-05-19,33.489744391550275,33.68495054776928,33.26040983469489,33.550736594871644,33.544587395301974,595617.6019536774
2021-05-20,33.64521176728098,33.91732338134763,33.405501720891635,33.67784659866735,33.686571743752346,303612.74526433786
2021-05-21,33.023376643068,33.21100572880744,32.95481331881114,33.01696593668964,33.017123930630746,427536.3249313462
2021-05-24,32.11927069457104,32.171474534010926,31.77826954739861,32.1099915880377,32.108941785783315,294572.36955606093
2021-05-25,31.574756259777025,31.68935980072242,31.52940193708547,31.546462676269005,31.55000012126252,272559.46880714863
2021-05-26,30.81483820484428,30.91233794492012,30.776569475100317,30.87715720931113,30.871057597287454,113294.28073598816
2021-05-27,29.75511871224392,30.01486822395612,29.71719949825401,29.77083220999538,29.76886324370062,91986.80903345231
2021-05-28,29.877166000101163,30.07881619056048,29.86016952722674,29.87635113050975,29.872384674325907,367375.8317991514
2021-05-31,30.14498235111285,30.22795938981996,30.108911273668877,30.188280091407577,30.18451180272186,314522.6900166031
2021-06-01,31.046539787357677,31.137346324620367,30.832723772150427,31.016968564867422,31.02018603864069,304163.43440292554
2021-06-02,32.18889494424771,32.38950768317922,32.02590056814938,32.14513763639008,32.149752560303305,219580.3863860528
2021-06-03,31.47466758683601,31.704709223287814,31.512746861656638,31.516004553942675,31.506671624503152,325358.5456781844
2021-06-04,31.53212142491969,31.657442788140767,31.08923224501752,31.46120124473672,31.436924929959545,216491.0556465316
2021-06-07,30.090485031271168,30.29735666579599,29.79287913135525,30.065091867631526,30.073793253980373,137674.51101643205
2021-06-08,28.347218383201717,28.41458951922585,28.151032202375003,28.354152465446635,28.353396981551157,201820.7434433739
2021-06-09,27.803443458309157,28.067109369275183,27.71923757132769,27.79649130880536,27.801376256735782,193027.939407763
2021-06-10,26.97041328447404,26.992172780838043,26.6832937961613,26.953389706739472,26.95951192362324,103334.1810743422
2021-06-11,27.069771940628296,27.22048454457096,26.88518024919562,27.04010746964028,27.043589405369577,133794.11183200745
2021-06-14,27.01237894467719,27.183815225800625,26.89545908412504,27.00457724376507,27.00775194506636,157110.02822421372
2021-06-15,27.163141621430174,27.381272345043644,27.14778910056241,27.200161233363087,27.20548089288341,287636.6983258944
2021-06-16,28.32512517799351,28.43487903757573,28.296876114114088,28.305049508715733,28.31370813063155,190300.2293895195
2021-06-17,29.154521172001733,29.285910189142285,29.07166101512952,29.119875742474942,29.13004232554384,649300.7382688683
2021-06-18,29.664548718100217,29.65931498272809,29.54209616429629,29.593510991127147,29.578964356195183,239870.26790860904
2021-06-21,29.78158811670337,29.840641714023334,29.69113687774868,29.79177912150917,29.79573040011144,590917.7759693316
2021-06-22,31.68721703368344,31.71644655763199,31.66652122052288,31.68608322683224,31.681341385505075,379889.1168456824
2021-06-23,31.910878940173134,32.04860658853773,31.80903246149788,31.88925098287253,31.88990358068892,201071.58467890005
2021-06-24,32.4668546975583,32.62574335063824,32.316032694067495,32.47190001607933,32.47587770967577,183585.96630959507
2021-06-25,32.28151138018626,32.38434671940508,32.24168892420602,32.311005237127176,32.3139951290392,490134.2916736159
2021-06-28,31.65767515188868,31.771587033295077,31.415453454150786,31.605033197880854,31.615129272958605,192567.9239043533
2021-06-29,31.843092474895343,31.894934222088445,31.499732231286345,31.83150359877332,31.817618441846943,75752.09057778581
2021-06-30,30.892245964119116,31.14597257894681,30.720439864666268,30.91425545140719,30.916279371060007,192627.00496664876
2021-07-01,31.340755585472856,31.3519585475254,31.060539893189212,31.29382040573781,31.281237345700173,702706.1404568803
2021-07-02,31.272790988230703,31.49545808694347,31.2832648627459,31.328040084887707,31.323732402517077,271184.0359474852
2021-07-05,33.18337507618881,33.19716913386121,33.18224667411557,33.18852249606257,33.18490639322735,72947.15789704677
2021-07-06,33.43499773024579,33.81681586869237,33.17559416335721,33.415160540488,33.430024584135786,234688.1951208224
2021-07-07,35.50655212081675,35.67792687903163,35.48457091021733,35.517552404239744,35.51677264649381,273290.331891636
2021-07-08,36.17782422317077,36.41554742262429,36.02139621009488,36.17956416075191,36.18121542730974,1174645.179188409
2021-07-09,35.98131063448906,35.99474058939059,35.742707665058646,35.98855131871934,35.98900099817045,648988.3010492957
2021-07-12,38.177321660062375,38.38839136780257,38.120602349267,38.18220747950278,38.185570853537484,190006.8895467268
2021-07-13,39.56715804543919,39.68277334390466,39.08745796437511,39.55493865051824,39.55892762788609,913145.2592992786
2021-07-14,39.87776333328238,39.98028351262845,39.78065119736424,39.83140919178522,39.83408866836261,124703.20428396248
2021-07-15,39.50411984280745,39.57607170162111,39.41306799171199,39.51313035728631,39.5336011636526,231971.9052660625
2021-07-16,39.89850866778957,40.031031931298266,39.813032782436245,39.92390425934887,39.922585744304094,501456.67435137474
2021-07-19,39.04805893827345,39.38046977269788,38.98077841282374,39.01508948111985,39.02399681650713,90430.96313469452
2021-07-20,40.23549066294645,40.46367944736224,39.97030921092733,40.18809173898164,40.20050325613082,317070.4363563592
2021-07-21,41.16456658350159,41.44201338821822,40.6728641064491,41.24454514300394,41.22940833841871,224203.3347826076
2021-07-22,42.22935827998202,42.33045793057469,42.26841643273268,42.27549133360253,42.28158924602183,230652.2275552369
2021-07-23,39.564200062199184,39.6280524663767,39.50574885353238,39.51113167043447,39.50083285169396,343503.21211396
2021-07-26,40.16490114145471,40.23933701928795,40.094553200742055,40.16724958566317,40.158341463532,331993.50107475417
2021-07-27,40.98028103314162,41.09784986517368,40.8852580543953,40.97945841159069,40.97486387558465,381855.43729026313
2021-07-28,38.65167803977802,38.618796635079775,38.2279707970177,38.61431878356927,38.60668117814056,196641.80631876964
2021-07-29,39.78256495199182,39.89255814689384,39.65634902708956,39.82329972313532,39.81831436750896,172844.36651983295
2021-07-30,41.03009299150965,41.22009074594239,40.87553200312902,41.09838155512616,41.11208336073981,210816.4809507804
2021-08-02,40.86032078335709,41.00239108729353,40.465535563639314,40.88915319856479,40.88607528234756,179657.54869734446
2021-08-03,40.33093450750237,40.79414822138642,40.2692461385995,40.34556994289469,40.341695472262536,610474.8514656123
2021-08-04,42.055057160726506,42.07931249200568,41.65536920115681,42.02096415260746,42.01874983753094,120058.11672998148
2021-08-05,41.54197003080171,41.71853370803582,41.51509615114779,41.557799719918194,41.5683319663482,101587.72697480296
2021-08-06,42.09590902371544,42.24873713832235,42.138415253020206,42.14326204394318,42.13068025670115,487110.4191221052
2021-08-09,42.43864534910544,42.53541535157197,42.49873992860226,42.51163695627211,42.52006607191974,936182.9266178722
2021-08-10,41.82269921951541,42.01201960926284,41.68708168703799,41.8305617105798,41.82301857077995,158206.6593879705
2021-08-11,42.60582472364004,42.79859947048084,42.59183155806734,42.59506601602393,42.60072361265336,176778.6982201536
2021-08-12,42.48361648157225,42.54927625159212,42.40485187404333,42.50679177913917,42.49932550881767,131250.91749702074
2021-08-13,42.94576159017844,43.03185661945938,42.51743560236851,43.02207235727285,43.03487240365698,233299.4230993233
2021-08-16,46.26690805147263,46.3600520893708,46.20092238253215,46.22415683345633,46.21773235750503,292843.389303295
2021-08-17,45.31052725384419,45.34484443837158,45.12711385938351,45.24553157240362,45.24344655014829,568009.5958323238
2021-08-18,45.96742297983084,46.108082676669824,45.52142223727981,45.97619038295621,45.97183329045204,618660.1568985515
2021-08-19,45.71071861991175,45.85629932464314,45.64316465644456,45.78919088381157,45.779354476336415,130219.22111101208
2021-08-20,46.079078007199314,46.04650360737092,45.59061606221743,46.019642280129865,46.01025308737705,356382.4063288197
2021-08-23,44.58701409805569,44.6956284999405,44.58240352736948,44.6008474536558,44.58420922415541,415370.7481727669
2021-08-24,44.78099534784164,45.14717830688577,44.55134283405881,44.66801967789252,44.67499965830881,228676.22874754065
2021-08-25,44.77901892314756,44.7937384166484,44.625274157890985,44.73789385484312,44.73687702149124,362320.4916638152
2021-08-26,45.57633163317963,45.76593099350915,45.530073232268506,45.58799705010169,45.59318784073025,245787.6819153372
2021-08-27,45.2628480763072,45.32412683621935,44.98068558481472,45.26676590565366,45.26676491703863,157675.6607986848
2021-08-30,44.82189331823533,44.96989101422776,44.75901247598881,44.79437082169967,44.77582350856426,1015290.9176407128
2021-08-31,43.20038709340856,43.44272604305589,43.0488435181622,43.189387882725626,43.19222008869029,318196.87160609564
2021-09-01,41.31759662247119,41.62683168491161,41.0553493225561,41.26755810326106,41.258177621342256,252522.8818214667
2021-09-02,42.769713461318446,42.994590780881,42.68748865873477,42.72508615705758,42.732688927394605,266299.81845807994
2021-09-03,43.319272158727074,43.59457745300547,43.10730422552657,43.28489641514445,43.29239599194768,637968.161240627
2021-09-06,42.3806905806815,42.65259430442921,42.28585073766269,42.43302376110489,42.42235606746461,167468.04295360576
2021-09-07,42.82439745722377,43.02915847716563,42.74285984979071,42.791770485678256,42.80109069985227,200560.9586672636
2021-09-08,42.25673211256422,42.70636036643696,42.15572204304645,42.226413910684336,42.21521822680974,83532.86405229733
2021-09-09,41.73898242669649,41.81630250387689,41.59207344238638,41.75028059940411,41.74314422378017,203782.60398023936
2021-09-10,42.7250372814595,42.97055219146943,42.65405873509515,42.78311194231711,42.785373077771446,314355.6204516511
2021-09-13,42.24373054196584,42.46484809873013,42.081923189051054,42.30899317937014,42.2940214363343,196408.67504577283
2021-09-14,43.32927211394556,43.44135704119665,43.17424409203708,43.30048196446254,43.30502763814488,500475.506649349
2021-09-15,43.24817721114659,43.411423333786864,43.16467923860559,43.21915511931387,43.2081031352853,336395.7556500542
2021-09-16,41.939264071809134,42.074950074515776,41.62849494230456,41.82944296720035,41.83902971487229,690089.0502441938
2021-09-17,40.55086161516217,40.69671088431074,40.48110953852952,40.60113309552048,40.61368741999106,275075.71065883664
2021-09-20,39.00266776362705,39.187453339465314,38.82707954738711,38.97100484213362,38.96743330671101,150956.15813355576
2021-09-21,38.582274048901176,38.77710375419106,38.27246338726544,38.62882113187416,38.62907558508565,253431.85399350856
2021-09-22,36.93532450827089,37.00237159031376,36.78508843119064,36.94393478038336,36.94224021670615,345943.7023010204
2021-09-23,36.23614740988281,36.44273678301077,36.04484311919034,36.28550223751972,36.28988665593814,510338.3297646847
2021-09-24,37.127115777867296,37.57872881701228,36.99152519833292,37.17170134525617,37.17830018105759,495240.4781001441
2021-09-27,35.94511418844809,35.96997345331711,35.88447585346963,35.93448934208668,35.92646471436594,189047.3916421737
2021-09-28,35.19322644131094,35.28016471020218,35.11388992691994,35.15926711966275,35.129885498305306,301512.1192885081
2021-09-29,35.25937176928012,35.52832986106357,34.82817315118898,35.27933638449886,35.272091632853034,280909.7584342515
2021-09-30,36.557829965248615,36.60002821612613,36.556438119739845,36.593577983484856,36.60036771035423,349077.52993658144
2021-10-01,36.09024167505083,36.28144860997765,35.887469411337435,36.054287172138885,36.06686715282528,55035.724561498486
2021-10-04,34.26656682663314,34.40351377491551,33.832027218681894,34.24602464265152,34.23645245827881,422079.7772719747
2021-10-05,33.57500167254555,33.71129304346719,33.40937224071375,33.57080734428586,33.57459804146744,98556.7305410356
2021-10-06,34.337251175146974,34.575076379842926,34.242949198368954,34.359914911311606,34.35986695119204,152399.82837638704
2021-10-07,34.00751644921993,34.05551073977348,33.86512361018592,34.01479302079189,34.009823668421106,653396.4115938217
2021-10-08,33.55011782878518,33.65101198740922,33.539442798654754,33.56651275294414,33.55866016937759,0.0
2021-10-11,33.72198535060911,33.943991066878475,33.54872244786513,33.64985314700194,33.664389729934925,104524.2854474442
2021-10-12,33.46116969715576,33.63765522198096,33.381955322940016,33.455880690673595,33.46574877345169,182759.43280244232
2021-10-13,33.245363156517094,33.33363800501255,33.15864281788405,33.23674875744574,33.244179393083705,265230.86516678
2021-10-14,33.81088547739439,33.888054559293,33.63765484252003,33.84098196685542,33.842219554948336,1161152.9384399222
2021-10-15,35.353872798068934,35.50930898853441,35.341129922387786,35.368425267580065,35.37016139235972,551248.3459957495
2021-10-18,34.45526452522736,34.566771009997204,34.37719002613639,34.44528120148938,34.431621720778345,1630674.1291710166
2021-10-19,34.63049222039506,34.88944112540598,34.474201738236566,34.58684782760395,34.59091395961714,149914.86037100526
2021-10-20,34.71762362946571,34.78577338816782,34.47512524760411,34.6565634647182,34.6473044427029,243368.79078003688
2021-10-21,34.55816141248108,34.75679668364263,34.45321758504465,34.54702111378506,34.551517451907785,966551.983372994
2021-10-22,35.0576935767346,35.1236623612101,35.070157906722386,35.10220978581485,35.102515658273425,424259.52132423565
2021-10-25,34.41355204879136,34.60417299070021,34.375718643604856,34.38516698360409,34.3932528736506,207217.56175518423
2021-10-26,34.815870523510455,34.907924241466674,34.48343124498802,34.81344719573984,34.817719815425626,350391.9739485597
2021-10-27,33.27787925509862,33.72521159993389,33.29735590247852,33.30458532477656,33.300621064855825,226615.56423134916
2021-10-28,32.15177496013549,32.19575295480089,31.778029463607087,32.14308950497491,32.127557050867644,128298.34154564668
2021-10-29,32.95453977359768,32.976204387076926,32.70662111348986,32.953567507832624,32.9575352715876,148876.20319606614
2021-11-01,33.22169470553167,33.252030411561115,33.18244498585932,33.23885303265686,33.23201456430989,554234.1712324646
2021-11-02,33.10739553703255,33.27025602200578,32.97031628679196,33.16985489900621,33.181032201598455,129026.74453420597
2021-11-03,32.67739904347389,32.72475120569852,32.457558276768495,32.68006373528395,32.68027771752473,261177.8977762693
2021-11-04,34.62322051727637,34.8570929578495,34.518630194605414,34.708701490487464,34.71636451182585,236856.4031014476
2021-11-05,34.513167431868304,34.592431134096486,34.23413729279192,34.52724246775751,34.51790635977486,290058.7815177661
2021-11-08,34.61078446768098,34.679912926654254,34.590237498070344,34.61235194126037,34.599068283040644,171707.49681631415
2021-11-09,33.276741190781344,33.464366462526144,33.30859535896538,33.31547459589985,33.317170926280255,268689.17220329767
2021-11-10,33.132733486381504,33.17432809421411,32.96305971407588,33.074857415695554,33.07247268112929,350788.455044604
2021-11-11,32.083309631579354,32.06749256884928,31.991194154179144,32.041946978473405,32.0409008691837,218477.47132676543
2021-11-12,31.48453961546262,31.64102375033021,31.4580796520662,31.491746061839088,31.48682731774836,468553.08911610726
2021-11-15,31.171747007160235,31.47986331343256,31.17373678719559,31.21574291464025,31.215941221920787,150735.4997088496
2021-11-16,32.594186594789015,32.6184449072503,32.33756928592671,32.5962205280617,32.595249304375564,265466.7611796446
2021-11-17,32.146131881129946,32.19880419908934,32.05051139138633,32.19420828248376,32.18974311422317,184626.3656161985
2021-11-18,32.09956785455518,32.34761188688815,32.128533063011616,32.1439934009311,32.14375505378523,1097302.7801269118
2021-11-19,32.128443157945384,32.15171098191977,32.13217926102246,32.14506113019013,32.14994100183203,157449.22016264818
2021-11-22,32.82215068118669,32.88591981288548,32.65447739181332,32.83304164811409,32.84531161336101,456275.3541145509
2021-11-23,33.21019857252955,33.3009069005093,33.23713611745417,33.26525470915078,33.280666882844976,125614.55821802176
2021-11-24,33.546178869935574,33.63343613190743,33.51799910460839,33.57084518806644,33.554285167915815,562271.6223108275
2021-11-25,33.2976186614737,33.274596254208824,33.11634498520516,33.25633870405674,33.255063334083786,1098837.857929174
2021-11-26,33.813680833250096,34.029644071867544,33.56596056801784,33.81691462775906,33.82274022267799,649564.9877819918
2021-11-29,34.688892254804394,34.6624671427772,34.38895097911326,34.64321670852834,34.65102585519397,181300.6656801648
2021-11-30,36.464934018790174,36.52706443202558,36.23819855235209,36.45696732334646,36.471249771291625,608856.8836573298
2021-12-01,37.48243582701932,37.52859736855033,37.31810155833087,37.4487379568979,37.42696426114243,234817.7224642287
2021-12-02,36.26394782356119,36.73442011701485,36.18092478716272,36.2552308508003,36.26025609854374,140934.26286465774
2021-12-03,37.01228427567302,37.05916544501328,36.97351454369071,37.00189796131664,36.992859553657,148341.541663991
2021-12-06,36.33814261990985,36.50887106792631,36.22833394109742,36.32996474538779,36.324228693968855,357641.6137842959
2021-12-07,37.60246144952353,37.85971203526235,37.46036847559872,37.58383017449988,37.57334877137238,177371.51387669737
2021-12-08,37.338755196706735,37.44703552036558,37.242174236590365,37.29651490868534,37.27106665232158,179807.64268583636
2021-12-09,35.612038858942775,35.77111556734964,35.58276785111567,35.68427643925902,35.68197407501399,237976.98515524348
2021-12-10,36.270068867682205,36.41778616022321,36.288099780252274,36.30724573876882,36.30734935075392,166344.0965887658
2021-12-13,36.349545556765534,36.5173251323026,36.17794088451533,36.3848982789122,36.38810278089519,278020.1631074686
2021-12-14,37.56234906046524,37.64028364312786,37.35976280486135,37.57040614451467,37.56244678948229,252931.60882710147
2021-12-15,38.44502485536727,38.85638573995148,38.33009576131288,38.496897302464426,38.48841960054004,360489.5529096129
2021-12-16,39.1917191246155,39.36301803042242,39.07965363412282,39.23256247576103,39.23583819996466,116688.77957869972
2021-12-17,40.4628113833031,40.7766417281223,40.32489420593476,40.43902409661274,40.41647335858017,379649.9660531824
2021-12-20,39.22971552461895,39.38197830341116,38.98354068723248,39.19017080766706,39.199324830208525,81842.60827140178
2021-12-21,38.56304025780067,38.67287648665074,38.29945759599813,38.620249239123936,38.61376749245618,178219.2194678111
2021-12-22,39.11131005922309,39.31626334582449,38.79417180524002,39.11963749108784,39.10363974984287,256665.20884188236
2021-12-23,40.42745693695807,40.71005640669775,39.99156514535078,40.41278964245917,40.39407226545531,556012.0505557705
2021-12-24,40.295311245830206,40.33412377943099,40.21715996544155,40.304454979960894,40.30814399372868,86164.52849627366
2021-12-27,39.69734220757985,39.78663744953069,39.2686047301055,39.67594872879825,39.6691496741236,303536.996124192
2021-12-28,38.483373428674845,38.75538002588239,38.374218894501766,38.47317836639641,38.47300967375617,133267.13689706248
2021-12-29,36.953150069420445,37.14000339671405,36.88493102548173,36.92440398142673,36.91715636788159,219734.0666086192
2021-12-30,34.87902081562807,35.015024090902706,34.83067558601009,34.85784081771144,34.85995334991102,583172.9119053424
2021-12-31,35.44867660030175,35.475090876691546,35.27819970597908,35.42636112333395,35.44385024968613,176951.14370821326
2022-01-03,37.378826990249486,37.83780784275034,37.367409143923474,37.40830061669765,37.41423671097388,164643.5835703434
2022-01-04,36.07371196804539,36.35925297126428,36.1122009592088,36.14622047776104,36.1461303775859,425189.1153120301
2022-01-05,35.10237422260354,35.17499839940133,35.05419647992192,35.1002021702204,35.10124128909001,405306.5232331733
2022-01-06,34.29455458421556,34.338191510167704,34.25366569827355,34.32614424667195,34.32653269148322,122657.14263559222
2022-01-07,34.52375350645586,34.626000677308404,34.4222310635224,34.52182814265319,34.53833500276544,166984.65609317517
2022-01-10,34.75282579291196,34.78430857394313,34.38691175072158,34.72241345549221,34.72420157636753,289017.41006745864
2022-01-11,34.91467741449142,35.10709048922596,34.8928324854677,34.91924847862701,34.92349539717092,256550.6294325051
2022-01-12,35.27252651977997,35.36354335944245,35.08188481036136,35.360001269511656,35.34383479099768,113031.46120834834
2022-01-13,36.34219837626432,36.53193349336085,36.370966181060695,36.372972075177806,36.38143739591781,495585.0179523525
2022-01-14,37.804712884497306,38.03386429765924,37.4241357589952,37.7940143346677,37.76723475782627,551625.881463376
2022-01-17,38.2681264467931,38.26201678166653,38.102163911853744,38.23258215362174,38.22040197288582,484084.1963300261
2022-01-18,38.69665464847503,38.78901158721787,38.59764214553164,38.63500886084924,38.6355543525215,86490.48284557508
2022-01-19,38.41305371191422,38.67611184598668,38.19661230922093,38.402013099987656,38.40389167993881,126032.64202888968
2022-01-20,38.473353176792415,38.41672988925851,38.22667993125356,38.40873386577122,38.39992054635353,187601.88759024243
2022-01-21,38.16887885875943,38.22054615976246,37.54137671408324,38.09522024878977,38.082397700799405,195839.25327448075
2022-01-24,38.69085984565304,38.89557436823382,38.53346826054367,38.77102774024186,38.75784436746584,256414.80535090432
2022-01-25,39.453663957493845,39.78601896178339,39.40223099762371,39.44394225206116,39.43870749597087,366167.1007131045
2022-01-26,41.12245109773923,41.2418459206042,40.966487832462455,41.12096721771883,41.12055346964694,45847.51393437096
2022-01-27,38.55684109521887,38.550013339460016,38.45973949121933,38.520595346063445,38.52177783579907,449820.10514624655
2022-01-28,39.339994487278965,39.33550033990246,39.16194312617591,39.288475775710445,39.29105234936454,171437.13002942977
2022-01-31,40.81151405261616,41.053563280741976,40.81518554624523,40.84238358361556,40.8327279155404,282805.8127040062
2022-02-01,42.054908166344255,42.03677118524743,41.959577278890514,41.97894572886684,41.96972613410657,583229.9194372643
2022-02-02,41.82917674830218,42.139528675909176,41.64691689214056,41.82650732328227,41.80747328770307,732200.7908957322
2022-02-03,43.78382972075293,44.10212297438921,43.787425033553085,43.801986995576094,43.79519820101984,123128.75297153166
2022-02-04,44.583613212609066,44.86151639202284,44.48966569563591,44.51941353688695,44.52790223021452,268000.1269290263
2022-02-07,43.59525654756713,43.84843910130802,43.1968742166094,43.58885569460695,43.5763831850425,159645.52286326562
2022-02-08,42.310370469009335,42.66243704183576,42.108362465629945,42.34413130460135,42.35123959199901,247687.77983914613
2022-02-09,44.05763991519445,44.126136600339535,43.95560781075125,44.10576563941686,44.10726999005139,292962.83294565574
2022-02-10,42.43868791450086,42.59186894751187,42.44573193837473,42.44898037233398,42.45628148681497,211987.95248594368
2022-02-14,41.53977600125621,41.81453402132508,41.471214729148265,41.574400809917925,41.57433986647081,219921.9513455529
2022-02-15,41.53793593311004,41.84597186760833,41.49369727107995,41.57583060133535,41.5845226117396,353482.7421045876
2022-02-16,41.12040836401678,41.24510483612319,40.92032056176176,41.164609337679465,41.17686100668251,250800.358796474
2022-02-17,39.62554383937805,39.795854758315706,39.4714640414507,39.585331164883605,39.60380225146611,486841.4853027781
2022-02-18,37.33390101662986,37.525363469840286,37.29951284236867,37.34930968228517,37.35044381951951,203468.94050479756
2022-02-21,36.78963040517476,36.890018020116,36.75611146414332,36.81224750844271,36.82597328377362,218210.17031894336
2022-02-22,38.34483116720778,38.54662650985346,37.97573242997603,38.30538781236583,38.295887597382645,246539.17098277225
2022-02-23,36.89026552510845,37.0727842599975,36.68645540941452,36.84763332354235,36.839077464342665,419166.5931545627
2022-02-24,36.47262163822296,36.57162099881614,36.363846193677205,36.533968432960485,36.53112604972425,186879.27302539008
2022-02-25,37.434464908200304,37.62090169108795,37.37986245731241,37.42955713973471,37.41450958581567,171339.57138069512
2022-02-28,37.70716407562199,37.77877965049671,37.564485976759215,37.63260275539231,37.64057814706471,410731.22760554304
2022-03-01,38.53132269313838,38.70667321000176,38.278853818975705,38.52310781767197,38.5196521346818,80890.77611319107
2022-03-02,39.06017968324906,39.22063321471532,38.75056476640329,39.0765426417732,39.08456912576175,144719.07330843317
2022-03-03,39.692890857603125,39.72086216604652,39.46460703158032,39.6628575234208,39.65943809408007,528185.0783651377
2022-03-04,41.55492003769131,41.639679441702434,41.525367482838085,41.59482589846174,41.60166797076364,89014.72866083319
2022-03-07,41.966280225524216,42.04410671460919,41.770911758427744,42.000022141630765,42.01017278508552,723538.1417572242
2022-03-08,41.855962920751736,41.96594591687845,41.85012385493791,41.964678337313785,41.95347675957933,282473.357371336
2022-03-09,43.114910232222655,43.420930528263575,43.0395786286179,43.14186941191343,43.15906590648205,438111.1094505067
2022-03-10,44.86521309570372,45.17307097012997,44.92271310545064,44.98241174896683,44.980588312735605,158931.07893066184
2022-03-11,47.11997885595423,47.22111772935404,47.115245744824456,47.11546828487097,47.120050522541,602524.9575767148
2022-03-14,45.39943116414221,45.755137870632566,45.2767981771989,45.35336766485716,45.34286199541425,318196.4747621499
2022-03-15,44.8461667358382,44.80534902503534,44.71455070949197,44.781680114226496,44.77800657917583,253441.1402449644
2022-03-16,42.68332071749622,42.904166451258256,42.40309544271636,42.66287674967171,42.66208622075193,699966.2491350805
2022-03-17,43.20124642701051,43.46639309075955,43.20767520738082,43.26942691811183,43.28036018536768,398164.9751064165
2022-03-18,44.18253248688491,44.57931559054233,44.01597745429334,44.19748143363309,44.19513340207972,179067.39833874593
2022-03-21,43.50588979791903,43.69401200195304,43.169286300650505,43.5804568203062,43.57796385738138,600569.9029789988
2022-03-22,43.35288599430551,43.37965080910889,43.13901566126216,43.29373834972705,43.2837351415764,618691.6792507954
2022-03-23,41.91223957262213,42.23229427397213,41.516783476289255,41.88332028678072,41.8800631850544,145932.1491643099
2022-03-24,41.285165909618,41.62374372136419,41.02080733169806,41.27808138715952,41.2790069304633,338927.62445233844
2022-03-25,42.16007258981947,42.26578205032559,42.08701650237026,42.13151662355938,42.14008412867463,557736.0113030308
2022-03-28,40.03300368441549,40.32000977768479,39.94534055162154,40.089458514162565,40.10402769967677,122441.1859816912
2022-03-29,39.04654523605236,39.28118752478023,39.01277727883846,39.09967139450508,39.10803781659102,287280.0790606006
2022-03-30,39.18900533243639,39.27254809416443,39.2060550698252,39.24014958979559,39.2301500155601,686578.5908555185
2022-03-31,40.09902868022707,40.53271322912044,40.05720220212599,40.06245033936846,40.03600169237857,435566.43685289007
2022-04-01,38.10213241198854,38.415023972810985,38.06727351117839,38.12710451660189,38.12140447296151,206748.19680355463
2022-04-04,37.83428873265317,38.045169156170594,37.64130115720791,37.83842235941491,37.843273948920846,221211.3381051207
2022-04-05,36.1607305505513,36.29015634875286,35.966775590888155,36.125645353508034,36.12748188057472,239918.2930901556
2022-04-06,35.5943344496846,35.62707279357601,35.51506300175616,35.60351899977604,35.60033165024798,225454.51165872943
2022-04-07,34.9423772910816,35.070220903792745,34.96497926515882,34.98022653403108,34.99412513642149,245580.02339363648
2022-04-08,34.78681154978546,34.87266735319413,34.64523199131816,34.841749364317856,34.8531031828645,237586.62805491663
2022-04-11,34.68813795800675,34.71997868293995,34.56207074843888,34.68978417069538,34.69122931144,202745.1467224166
2022-04-12,33.856323065307855,34.34290900419256,33.804439269723474,33.89741612194317,33.900400683872164,257593.9357662407
2022-04-13,34.2461006342917,34.3453022092452,34.004717089116255,34.28292753797174,34.29384106858632,352479.1767158551
2022-04-14,35.00425426945536,35.08080976282251,34.85543775710284,34.99833599492985,35.00744786238276,74740.65648524094
2022-04-15,35.27510578117649,35.25899857640903,35.08215228107727,35.23175305633856,35.23700401596804,880500.3266496257
2022-04-18,35.432353041574785,35.637733194184825,35.31155511719024,35.44681115550384,35.431010631200905,221507.477973364
2022-04-19,35.50766920143901,35.54942418149218,35.51608076505777,35.52506359206007,35.52630708343732,226853.9327136829
2022-04-20,35.17323519714704,35.16969826269565,34.82232648685474,35.12511898650577,35.137949744539874,339525.6397244683
2022-04-21,35.461063131437406,35.560218149622834,35.22011448023326,35.41500742925936,35.40501476593282,329761.24625822034
2022-04-22,37.35336791331723,37.60734185797025,37.39529754912348,37.41190185819664,37.41448345960259,535495.1630601162
2022-04-25,35.203966440903066,35.34121485432478,35.11705960443529,35.29114286038667,35.30221539011104,176062.21903108046
2022-04-26,35.13493348961168,35.20193367830403,35.048948741231634,35.13270462850339,35.13017804263718,115390.04044597644
2022-04-27,35.20315614851231,35.38133809232505,34.995164313523134,35.231853387200715,35.224366936705884,559817.4196189153
2022-04-28,36.402345927790094,36.47195925545032,36.2442791532475,36.3899367326184,36.38897585057235,177800.62672800352
2022-04-29,35.32113157709177,35.58695331793334,35.26023942231758,35.3807802157598,35.3807802157598,324953.1839075771
2022-05-02,35.628662984939176,35.741492139948576,35.590378725474864,35.64120274520462,35.633530991955155,123444.08827904564
2022-05-03,33.8623060130087,34.03211398096743,33.68750459614338,33.83385241827823,33.827630339649176,305500.853246185
2022-05-04,33.73603463357249,33.73587417010001,33.33053990215992,33.70963862645344,33.70963862645344,775096.8214254031
2022-05-05,32.56944962264553,32.574102288952005,32.1829391639594,32.516810690283734,32.51572054724791,355510.87802722974
2022-05-06,32.67462630534676,32.745871194773045,32.52861495786509,32.67182404405762,32.66123752878811,713830.1582869942
2022-05-09,31.793945238164486,31.85289708263409,31.65459215685553,31.823201558917937,31.82327178417837,254054.807023686
2022-05-10,30.932632882060503,31.02518082479945,30.91903283580683,30.929634687243883,30.92772970770476,111057.8747361234
2022-05-11,33.11480145264558,33.51432074587571,33.02402920156394,33.15327704452949,33.14314137711727,306863.9984299276
2022-05-12,34.15650978353069,34.23473174455378,34.096591130810566,34.201867540986825,34.216504532326546,175544.31501758297
2022-05-13,34.57325011676211,34.76092233333525,34.32195762149796,34.55775045824634,34.56244734155563,191779.37145481963
2022-05-16,33.6711581134115,33.88018266624822,33.58134072125083,33.680275726158776,33.67240179018373,372162.884676758
2022-05-17,34.064106209788406,34.232362668283265,33.694121262287084,34.10820062117251,34.111852802757355,1179867.0105546953
2022-05-18,34.541088316811255,34.79129918911537,34.38314413392719,34.53114961779125,34.52864025598753,107756.03950570324
2022-05-19,34.25675625038544,34.28899600750644,34.18439257428042,34.26490724059068,34.256613348850806,231586.35020700644
2022-05-20,34.081909305006455,34.22320923881368,33.78993423326922,34.11370059057285,34.10461678648984,60262.45104986694
2022-05-23,33.775257697639454,33.83664227925742,33.615349422886226,33.74236929309265,33.75527397377681,679268.4177364701
2022-05-24,33.57988625412966,33.65034352093064,33.520803771280754,33.55546123771492,33.55238393792973,158554.33128604715
2022-05-25,35.33333807917917,35.73299522656222,35.16028590556162,35.32361402052676,35.31546565884031,372435.8284372944
2022-05-26,34.91762613224022,35.03871179669029,34.8213076657393,34.95410142165251,34.946985892592146,163489.2963469057
2022-05-27,33.546447879046816,33.80979888724608,33.463515407829455,33.595505380590936,33.589874971569856,195474.888005014
2022-05-30,33.594952869406164,33.83322207557744,33.31212842539297,33.62260903798121,33.62449790514805,191425.0682059515
2022-05-31,32.86208853004488,32.93784562879162,32.78286715090598,32.86940766830311,32.871277915288175,839087.4479187292
2022-06-01,33.29202025409136,33.34646585649971,33.13266812007784,33.26248208421545,33.26965603135881,612663.3493610024
2022-06-02,31.846549939831355,31.94245159743055,31.617051985552195,31.838571781246436,31.84396476249044,246124.65097860477
2022-06-03,29.82742225362542,29.83775787242448,29.818711170354213,29.82607267180489,29.82413332662085,323727.16815649427
2022-06-06,30.68051242508569,30.6671832754971,30.563847543359888,30.65564299281153,30.64659386015552,463569.9453057027
2022-06-07,30.46160656079793,30.587311168352,30.48202298130508,30.514317164537744,30.513981698117654,914104.4139880312
2022-06-08,29.847793357273748,30.00877414802379,29.550684250460897,29.877119108679334,29.89683553477954,103604.08399300333
2022-06-09,30.02841556634112,30.271348102439003,29.90133737174433,30.03169574977948,30.029070013667877,389129.15043783496
2022-06-10,30.34791268446425,30.42928186383703,30.306333733141997,30.39320453085329,30.38305373231725,128035.21463948922
2022-06-13,30.63935762000359,30.724647114501,30.50241130140058,30.699617503190677,30.70725947631957,102188.45778181676
2022-06-14,29.849847923012955,29.919908501131687,29.732082069101867,29.852629392190536,29.85376905344976,887141.6589991199
2022-06-15,30.616202874154585,30.597786281259577,30.40874347997968,30.57478544434028,30.568499252644607,110124.60154076824
2022-06-16,32.031343261573966,32.15294323560006,31.57483848920061,32.00656071124464,32.01337169634998,144749.53750561946
2022-06-17,33.46384533075223,33.62790266903333,33.415682805721644,33.44776921277663,33.43467045228985,273670.2713240284
2022-06-20,34.29459256356836,34.404456162426804,34.109364696413834,34.28754314574785,34.288662067943655,139223.3996670731
2022-06-21,34.72371106930778,35.00521721560015,34.63901463971943,34.72779608227234,34.72552380081307,117675.2382600446
2022-06-22,34.139598907691585,34.55800086242725,34.115807691178325,34.19936723051604,34.19584904432865,801562.6288747296
2022-06-23,33.9144800560713,34.0477640493048,33.697580404200146,33.97213133418292,33.97878429371276,199948.71438214785
2022-06-24,33.060053647802,33.20117953552242,32.95718794610354,33.11931208866614,33.12312918501487,241232.40818436595
2022-06-27,34.364493991051624,34.504921796142426,34.33290972228673,34.42361117740041,34.42712685450889,211801.06627108145
2022-06-28,35.86982077105242,36.04873412918992,35.77855951682273,35.87118369448585,35.87619066782362,146795.51800473212
2022-06-29,36.71039503214645,36.75475942066278,36.6225628629318,36.73653412616406,36.74124909882025,199820.38274052268
2022-06-30,37.02820553626656,37.15808952206919,37.02347652294613,37.06487888711064,37.07300766931084,935357.2773944794
2022-07-01,35.73172251119801,35.80453222930533,35.6721002364533,35.761833638621084,35.766037482581744,282712.11073688674
2022-07-04,36.19757074232139,36.19745862256141,36.09955291151948,36.167172701043626,36.175518812618805,266081.1052874927
2022-07-05,34.50823780760796,34.73982456326354,34.42795815065192,34.5489041025684,34.550494619711934,341231.53766214603
2022-07-06,33.26462678603525,33.31637437691119,33.01189136405813,33.299474962148125,33.29040376020901,402375.7339169649
2022-07-07,32.596533440301414,32.71568437935382,32.50001186404321,32.5919267461006,32.58890959141483,270089.3174866508
2022-07-08,33.476474506944896,33.413703528788524,33.35008665342267,33.38010771890968,33.38869042420157,357251.7220142534
2022-07-11,33.15583059070308,33.189889726206104,32.98384506067084,33.14069760014177,33.13977373880008,549103.3709807157
2022-07-12,35.02833417447185,35.43698502870742,35.04668196420285,35.05187751286425,35.04572155754775,196643.1999422178
2022-07-13,35.9647196514204,35.97042024241359,35.728929273345365,35.941863954706804,35.95122206888125,316425.428682082
2022-07-14,36.65254638335868,36.86305988151927,36.67403287940827,36.67946802431751,36.67959901984615,243701.2810373828
2022-07-15,37.09782211516655,37.08522914469427,36.85699820077424,37.07609642179968,37.07556789269493,188229.05216334772
2022-07-18,37.0074579800553,36.98870902425331,36.79423949511724,36.98718131780095,36.99104246388136,846372.3036669756
2022-07-19,37.28876754098524,37.33622775419049,37.28814807895228,37.28945385441811,37.29444962589941,166704.7203327558
2022-07-20,38.03110834432578,38.28703112663813,37.91756557230409,38.046953613486586,38.05603166469725,584501.7048597895
2022-07-21,38.76661103052015,38.90906715170163,38.707663799826726,38.77963321301519,38.77143470996032,395043.4494453463
2022-07-22,38.85215262521729,38.92884352055313,38.87487473518397,38.91933776798082,38.92540469248313,370863.8872084654
2022-07-25,38.76158675797151,38.86478447445341,38.69949431281146,38.79816815869491,38.78735663383521,168479.83082090522
2022-07-26,41.14379600969448,41.63076624243671,40.948437341887534,41.14957340697801,41.145815669570034,353400.540762817
2022-07-27,39.00913766996975,39.04634793914629,38.82156077969261,39.02060557786245,39.0203591202299,289092.9180963891
2022-07-28,39.593001696602045,39.79240220991516,39.09966094361774,39.60089866942723,39.59468030617018,307635.71179280896
2022-07-29,39.56046895611468,39.61301476378616,39.43463957873223,39.589693919676,39.60708327625795,536488.1253082734
2022-08-01,40.67528595112618,40.90065864972712,40.25090902253061,40.6868070510661,40.67775567309893,297031.3453403057
2022-08-02,39.98993534911605,40.10070655127637,39.96398189158259,40.00628870701275,40.00142051457279,171023.35991447076
2022-08-03,38.982595665669294,39.29707084400732,38.82193766536606,39.0312757824186,39.02379315926417,134259.64896828
2022-08-04,40.69401226351722,41.02593050467553,40.43323823124589,40.72862215392286,40.73701258851781,240712.01102600317
2022-08-05,41.74870330668829,41.77541174232581,41.65212037942795,41.67770420471172,41.68162345972427,453381.7324376993
2022-08-08,40.84610026710891,41.14256278034851,40.75451308667871,40.86474592700641,40.85917652127864,286250.7796287655
2022-08-09,41.60148405844927,41.77519907745848,41.22140766109761,41.59295467516542,41.591277377336965,147750.96337891967
2022-08-10,41.370494455098296,41.43732272553014,41.33057324406506,41.39963534042001,41.402081616977554,398032.38864188857
2022-08-11,41.70327936551478,41.83280294212844,41.60914733912342,41.65399391926559,41.64828946289165,102249.51777260505
2022-08-12,42.5444297057606,42.52155246250874,42.4228639016725,42.499621495820506,42.49872451826421,351388.9441768636
2022-08-15,42.84670757090362,42.82306301801782,42.67465959532927,42.77794539616897,42.79800267054957,151023.00028168093
2022-08-16,43.10317717798628,43.25079155532224,43.16754802149274,43.20796447169642,43.20935118730476,247578.31312280445
2022-08-17,42.59744749129693,42.96768550001218,42.54775223398211,42.57722910850388,42.58056024355668,103794.06974051928
2022-08-18,42.5451602903822,42.76483381448436,42.55467288661199,42.56841493763191,42.57091167715773,116276.5170092274
2022-08-19,42.0116813691392,42.40334846826513,41.68736472688493,42.02146759620318,42.03009613006192,174632.54275603875
2022-08-22,42.563982689321705,42.55703063693847,42.34715096785566,42.53186394000881,42.53559497030635,235913.94364560413
2022-08-23,42.72946846497479,42.75927468497968,42.44088463604869,42.69854317859848,42.682201917099626,219087.7512145664
2022-08-24,42.77508738642333,43.23406619350837,42.74865531552608,42.74978922833198,42.73383236532288,194909.27937376592
2022-08-25,42.30544143538775,42.50045296901864,42.245479268326335,42.292188570643305,42.30798178424057,387554.2626947902
2022-08-26,43.80100769269366,43.98391414721188,43.762292093870734,43.7756521807542,43.78690023585719,161696.24425025942
2022-08-29,44.010368885692166,44.18465131014919,43.9784303270809,43.98781797558888,43.99219645411758,386026.8149339112
2022-08-30,45.00693845243841,45.21935644037254,44.966372791085,45.00866882199324,45.0275810715512,271688.498142331
2022-08-31,45.80601547337039,45.81954979539838,45.72289918363835,45.77424428282618,45.78207198430978,0.0
2022-09-01,46.114640286750216,46.37969270910383,45.97625204745425,46.07586365943688,46.0829939752973,273008.0117096608
2022-09-02,45.23257222635792,45.56433558889125,45.1033790540253,45.20403881591952,45.20091026775418,201723.8093274967
2022-09-05,46.00187426859808,46.06630616538778,45.90726532387501,45.94456894372556,45.94671729926606,141058.21724884253
2022-09-06,46.31589838613716,46.66551518767385,45.97051878405036,46.25609880428022,46.26053282397462,145440.69058629524
2022-09-07,48.748272805933,49.04496437151311,48.2858924194025,48.71610539402294,48.696287752496566,180792.2563230684
2022-09-08,49.70007048589223,49.88650117316818,49.66586765560259,49.76524163208783,49.75898826275937,257104.36236565615
2022-09-09,47.84076392270008,48.02487488098984,47.52541783676408,47.769948499512175,47.75589664017862,426202.12839924014
2022-09-12,47.75965379220494,48.04036262937056,47.51309482523481,47.73999754140482,47.739798580241214,192815.00814846775
2022-09-13,49.55490121191223,49.61844272560982,49.32724935802298,49.603561899274894,49.591213114720034,264326.18455454404
2022-09-14,49.81135906076667,49.8478268859462,49.49129455944744,49.74242627310116,49.74817776498597,424151.4925259793
2022-09-15,48.965047521523054,48.97084894952759,48.93223475800518,48.95150737248141,48.95907137899769,205486.7657755364
2022-09-16,47.78933084054057,47.872085768732695,47.718134185525415,47.80434347727666,47.80113506210353,250690.2648070528
2022-09-19,46.578241579069584,47.0134481049512,46.50855128485188,46.54455003211243,46.542771583410754,258382.33760499893
2022-09-20,49.37723275863378,49.44261236484807,49.06423495974189,49.3978905953437,49.39737802294571,142713.07102287372
2022-09-21,48.436962763488864,48.4185632659092,48.02643717049778,48.404135021942274,48.40182907026014,439047.3662486255
2022-09-22,50.17749427670406,50.304856815981545,49.86568337128545,50.22712873696183,50.25808456896058,176213.41734283676
2022-09-23,49.903520650552906,50.46645181338838,49.5431341095174,49.86762640835133,49.88239746735299,189111.2652341476
2022-09-26,50.54642813593479,50.56612815771564,50.48872333559963,50.52780972532263,50.53337718291564,582630.7556206994
2022-09-27,48.51108600541623,48.547611629252486,48.46489773569941,48.51644519586126,48.51494681110324,203495.2565186448
2022-09-28,48.26341516292556,48.409521252622575,47.99617874721904,48.29418215255726,48.29353037723385,492309.5661312673
2022-09-29,46.29243755699791,46.31417216459253,46.26176862014971,46.3093502387877,46.28098314523632,448930.3400559135
2022-09-30,46.76077604325406,46.86146732479123,46.518885129034366,46.67926388343646,46.68173063692987,148047.41506092818
2022-10-03,46.41646744162374,46.48313463034433,46.40933194787671,46.43845303333283,46.42933857592771,605567.6403978117
2022-10-04,46.33926731085074,46.49097935578619,46.28211988680983,46.32185935586549,46.315471581060855,308749.67640615854
2022-10-05,47.00264428738089,47.175015410183576,46.68572436396872,46.99472609031481,46.9996355199222,107576.08803906207
2022-10-06,46.78531627253681,46.96061804838153,46.66543676495513,46.79874347024847,46.790754306121634,146521.06870541876
2022-10-07,47.29416558472233,47.912088773381065,47.16966824522185,47.330089197587775,47.344703983709685,341354.214287925
2022-10-10,46.48204691177148,46.59356245054106,46.557503175775565,46.56025211313036,46.55637874990818,176615.5832543097
2022-10-11,46.17646276112525,46.19473227011186,45.84428738846693,46.19368702851801,46.17849155379706,266224.77845062624
2022-10-12,47.72405820618679,47.71139674977399,47.406937306307455,47.68850952734061,47.67480492522596,531681.4093822415
2022-10-13,46.08429168908904,46.58309705628455,45.85578304721739,46.10771331195661,46.09786800323653,481441.2165987909
2022-10-14,47.44662509109933,47.80772905789632,47.39384996886053,47.45309693128526,47.444020447404526,273210.6696995925
2022-10-17,48.71803062214991,48.79411069482944,48.51202490819302,48.66584964685464,48.67516747362742,204830.5939675333
2022-10-18,49.649846094863214,49.73785730317529,49.48121100073422,49.56629794019097,49.57004887828186,731617.1846950627
2022-10-19,51.32300435160713,51.624738204789466,51.32369017992068,51.347065019410095,51.35356227700352,372397.4382228789
2022-10-20,50.408312171129786,50.63553349034251,50.24841879951499,50.42850848001046,50.4376294824502,284481.9849801255
2022-10-21,50.667778557546434,50.73469777545039,50.607365563453584,50.63557051069781,50.622136671907896,352882.810038645
2022-10-24,50.52883460247087,50.6613366395531,50.37572996054828,50.489416178440194,50.47261059578252,421437.7141632712
2022-10-25,51.95505344241838,52.25602176015256,51.890015040931225,51.91883262692856,51.89822216666781,478150.1208114392
2022-10-26,51.364275750344255,51.63917390261332,51.34236618212975,51.36840841163346,51.37155167758789,245851.38552924167
2022-10-27,55.50133981713822,55.79138199331646,54.97661734415922,55.48618907565821,55.49100684584669,106054.6100603568
2022-10-28,56.02521081905367,56.12626710583752,55.81536357833857,55.99015773290724,55.99138002917717,148267.53502057778
2022-10-31,57.26045012991933,57.62260154454664,56.97972984262676,57.27333735053882,57.27092658529927,279210.5062860474
2022-11-01,56.17833805150877,56.51597885980808,55.912185823107805,56.19855244171043,56.19335183482106,891301.6120006595
2022-11-02,55.46806374968645,55.79888133785696,55.33271416081069,55.40599657848873,55.40918152007278,99106.4336094545
2022-11-03,55.21392161077554,55.24209561236162,55.05037155169097,55.23644746289619,55.21629209651108,320060.08810128603
2022-11-04,55.63045883017208,56.40056156491115,55.49862191004932,55.71018889437569,55.69599287103008,449231.5440602139
2022-11-07,54.83167484462089,54.922268694937024,54.59769447193103,54.854272047679245,54.87112552139728,524232.3286657577
2022-11-08,55.119605386329646,55.04546081032221,54.879192061033706,55.02389910792907,55.026470665400375,424018.6910845043
2022-11-09,53.34876899956339,53.741589952947,53.03850366735734,53.314248155799895,53.32623955777385,487727.3398309388
2022-11-10,50.35874069316812,50.531489730318256,49.97549440265761,50.3536773936626,50.34656948629874,302701.91269558104
2022-11-11,47.88491285444764,48.21039428905491,47.47104840376542,47.83643579349894,47.8378826773213,148391.83157155605
2022-11-14,48.85873717475995,49.32040553959487,48.7168561822186,48.92384402156137,48.91673781278984,281669.335310702
2022-11-15,51.789127498581344,51.91333540742655,51.78269714101357,51.79463405766772,51.78933563385483,167111.67940226433
2022-11-16,52.23316816431569,52.56736651731537,52.17393593492231,52.3178796501589,52.31293671723612,223961.68267808465
2022-11-17,52.58936591741499,52.85891762132202,52.39981099465575,52.54328569904192,52.53840445671715,502611.3448484982
2022-11-18,53.12033006563056,53.42884308680684,52.693851413879166,53.02480911659402,53.04070981528032,243531.55312403527
2022-11-21,52.48010254206643,52.56879858510653,51.98274482065795,52.427062286753234,52.42336397249552,0.0
2022-11-22,49.09390721401073,49.35593730990215,49.005981882880846,49.09913192972456,49.10362448613518,348586.16352744144
2022-11-23,48.36289938330863,48.44222702373598,48.05079268502817,48.38544946597932,48.40023747114168,505359.1636213412
2022-11-24,46.19998005377701,46.38366137420508,45.95237415872223,46.25106836821414,46.25018327435019,361509.2146778283
2022-11-25,47.01820343279934,47.077665755242826,46.78985572199728,47.02457419323012,47.02928901294992,196748.4667159854
2022-11-28,47.3638179877742,47.49230641978728,47.26367054587365,47.431286260986575,47.43609826610911,785915.4789765434
2022-11-29,48.41357904167145,48.94159776879403,48.39677142063438,48.51018778380233,48.50444309005666,113166.9024296427
2022-11-30,49.33099590588709,49.38211320028153,48.98586390358196,49.28159897430412,49.29130800113807,231873.40251210704
2022-12-01,51.775204863116166,52.06260855566197,51.73554590211955,51.82037600649129,51.81333349035682,235248.9856724762
2022-12-02,54.34711838230942,54.58661211637772,54.38116770151685,54.39289529946362,54.39358279582562,408595.0328738464
2022-12-05,57.33627012731469,57.40986178015444,57.1319174814221,57.28839131871253,57.31442476651839,261773.48903182475
2022-12-06,55.78419763747706,55.790556131902896,55.56893917066008,55.78716780082792,55.77160916298342,183812.0552934976
2022-12-07,55.388204070018205,55.66597902882888,55.18664163887978,55.38633320328882,55.36897164498744,759838.9170162098
2022-12-08,56.25469070376216,56.713308411964455,56.14823675092703,56.30139117672231,56.33140513628637,492889.0117707323
2022-12-09,56.59077387996826,56.77011812756096,56.442877216419,56.62686364257839,56.64303761355323,89440.44955698155
2022-12-12,57.19608621168116,57.21201267118153,57.18307933062984,57.20659981224068,57.21043040810757,852311.9018583257
2022-12-13,56.74797222640744,56.88463886951984,56.49603227799658,56.65378918353816,56.67176040199156,96164.4971309561
2022-12-14,58.579093806531226,59.16290183595849,58.47293503341,58.577392424849045,58.58744209425851,590624.2532710772
2022-12-15,59.11065146455393,59.28029583920801,58.95135689952944,58.99118462931428,58.9789998372334,142241.33217939225
2022-12-16,63.25269492736565,63.39685318726459,63.26984967765237,63.2923205632289,63.29525925607393,585359.766410376
2022-12-19,63.217297451822944,63.500733382863565,63.29306245041675,63.33483723767407,63.35981412389862,264519.34251720464
2022-12-20,59.94409328036675,60.03781866078009,59.67942820314632,59.92059073626128,59.93272797467591,482048.3791406308
2022-12-21,57.00940857467572,57.06716513306958,56.77714958261024,56.99914429454004,56.98193683664891,337942.2076246306
2022-12-22,55.15205723383743,55.1688110176384,54.86371008210059,55.13251095731062,55.12547585611015,269164.44183346775
2022-12-23,58.21522181913211,58.58473227885227,58.02979699447444,58.24002785485628,58.22586729533086,202973.4525548352
2022-12-26,57.468362310539206,57.72418317501413,57.24840127816164,57.52612113766031,57.545242644336994,207675.77601180508
2022-12-27,57.80590708323165,57.96023015686808,57.51161325852304,57.74557056377628,57.7478033688066,482434.0406164946
2022-12-28,55.87746141790053,56.12414036842447,55.88198339886215,55.89804791721063,55.89373592625128,344459.2682553352
2022-12-29,57.212670646001406,57.61716262516473,57.06142004765245,57.2241530215866,57.23109245771787,550924.2779072395
2022-12-30,56.96348885295561,57.1424031804171,56.926774467668,56.96033310927427,56.97028007826589,270883.18390643754
2023-01-02,56.95254877695168,57.0426656559765,56.952689288389394,56.95936282365822,56.94593200748636,308762.92215229885
2023-01-03,58.023459790436384,58.10342344176019,57.493296697565626,57.97102836599195,57.96895938596401,287809.3761861079
2023-01-04,57.29194806323676,57.63066929965496,57.29127547018399,57.321498394709145,57.32289790043632,537304.3745194322
2023-01-05,57.925634517397015,57.98983345651446,57.74818624883526,57.84370011430365,57.84092406823437,345806.6351561851
2023-01-06,58.23773187918362,58.611221636563855,58.21043477523531,58.26248629612421,58.263329150433,25839.90188362436
2023-01-09,57.624878562403474,57.73876200504211,57.32104883144665,57.6954796024344,57.66743736764251,192159.2844013349
2023-01-10,57.18379362069777,57.46601716394191,57.12988510103519,57.225277940689885,57.227437558448216,99629.27310040686
2023-01-11,56.8852051514228,57.00204059192007,56.79076004409445,56.95224911860727,56.9550758728923,201548.88981756975
2023-01-12,56.12735433197168,56.2965853362668,55.969612363241296,56.18879052632905,56.20517353278092,470375.7657704828
2023-01-13,55.926893355301424,56.42280852751118,55.64066353539308,55.7985614165048,55.79099893436312,194458.6808209062
2023-01-16,56.18244737738606,56.29735634469024,55.5004086920014,56.16775568284194,56.19029822884307,289101.9153812291
2023-01-17,54.040531443748165,54.13445203468294,53.97810181727613,54.12753117869066,54.12585086393904,509122.8850329853
2023-01-18,54.583601418573615,54.93794203074166,54.511026769699846,54.57898246278272,54.58106995059682,339869.67310602294
2023-01-19,53.20920665920676,53.44399416594519,53.18533135639049,53.24711558749206,53.24259226041856,456876.3202559419
2023-01-20,55.0883024522131,55.37257857749426,54.78435945651793,55.11179435739126,55.1386027475366,213133.25476305775
2023-01-23,53.91443738237847,54.10632298206801,53.47587522777907,53.85323377002289,53.86984798658748,142844.92638278907
2023-01-24,53.012124053308014,53.26422817781356,52.948523366162334,53.10864396925594,53.09084136149575,0.0
2023-01-25,53.97084343064367,53.95810806767356,53.57191506016665,53.90048710474883,53.89347988906623,398961.3234076405
2023-01-26,56.74687105417397,56.97890112564162,56.51237885105575,56.7996709732108,56.80233190537572,0.0
2023-01-27,56.69789712330264,56.91732735837444,56.63741373880792,56.74237145850357,56.74463453066971,208886.5271266344
2023-01-30,57.731482811612594,57.74592416867546,57.50506446586977,57.70884327967549,57.70652571332324,270530.89304933645
2023-01-31,56.05927104189033,56.25184272312355,56.01572236208604,56.034587667958384,56.03083751215273,238714.46689823057
2023-02-01,56.28699896543292,56.71465558721189,56.25109222589829,56.25193068508819,56.23837781007192,531684.0444096541
2023-02-02,57.72042409598773,58.08289201457196,57.12250051961729,57.7887802812489,57.801735551960405,379876.7655341891
2023-02-03,59.82841352210137,60.20353340687596,59.54604050924147,59.88498080243765,59.86611865993108,1006883.507418504
2023-02-06,60.37150095731324,60.52618827642946,59.83433429220277,60.27918669714774,60.26356474506224,559249.695148628
2023-02-07,58.31440957373271,58.685940095821806,58.410178232619046,58.444143827842574,58.433431108849874,345157.75910971145
2023-02-08,58.14963571289709,58.37533831599448,58.2162612432419,58.21728695492519,58.19680235020969,587105.2671821088
2023-02-09,56.49287658679419,56.64562652792159,56.32694165188028,56.52402536593934,56.53105902131031,482782.5756970881
2023-02-10,57.27270171896481,57.57538452960299,56.95381112729477,57.28739994980303,57.29933049025342,191460.2337406864
2023-02-13,59.90058586029746,60.1018530875616,59.76635527011364,59.93543994343608,59.93200510320143,88642.83213241608
2023-02-14,59.442554958313,59.512096205876055,58.60479574333293,59.446237064957565,59.44471655611453,244371.6469988135
2023-02-15,58.93363745329205,58.93133031847052,58.78769057126316,58.85795048101963,58.86850612033821,282802.0165203921
2023-02-16,58.27807064622704,58.59124616014946,58.06297900437119,58.27692462676182,58.29577087144538,185742.15135922312
2023-02-17,60.00575358205436,60.05175547984523,59.60783672414526,60.01538701635233,60.02100945503056,331932.228817185
2023-02-20,59.89523664091082,60.0473171904043,59.60080080859147,59.92318549413417,59.93551943886935,592053.7771523367
2023-02-21,62.15333110531418,62.32882805109862,61.921829617848125,62.23886939388585,62.21919670774977,230444.47565548396
2023-02-22,66.49503742963263,66.61543188509641,66.4510998070881,66.48253662716935,66.49405650876572,83557.23948212907
2023-02-23,66.43651540686135,66.65802526745352,66.59724561461452,66.63639447436636,66.65378224105834,276502.50479400146
2023-02-24,67.06648149537415,67.19670277652506,66.49513807045311,67.04533583802021,67.06009415739544,562307.8220028131
2023-02-27,68.24062239882704,68.68302566909425,68.13718098128642,68.2287465217655,68.21244398731876,312805.7189029818
2023-02-28,66.7594078669443,66.90331553719271,66.56947999154525,66.69371875702697,66.71299739601942,552614.5137649397
2023-03-01,65.59092584053461,65.69606947686192,65.46538280397048,65.6702692882242,65.66885574588021,280394.76344721275
2023-03-02,64.35536830473539,64.78916547890444,64.20479304109215,64.28464124522317,64.28771709404036,184604.14880666792
2023-03-03,64.31266831425306,64.70417434383744,63.89534225883821,64.28206767893063,64.30539750029786,153994.72515406235
2023-03-06,63.37551349601409,63.94415211442537,62.73088933648223,63.42270427636675,63.41241480164223,283906.6363464718
2023-03-07,62.42233460663152,62.69206145101218,62.11218672021587,62.33777531120341,62.34133831777437,822821.8600121369
2023-03-08,60.47672332008385,60.64120279370488,60.15116765734299,60.48890103451688,60.48856292083134,144861.8208303787
2023-03-09,61.471318570163376,61.48943190086417,61.23994241097071,61.40105330466746,61.40724225064248,373017.9658899594
2023-03-10,61.75902292228784,61.90308413302012,61.17808265376527,61.831457764824,61.84037627305346,0.0
2023-03-13,62.05962377040101,62.21588612167132,61.6934440910093,62.12241409724855,62.11072421187318,481970.2739000237
2023-03-14,62.60184741213227,62.94082544376118,62.55647183619893,62.57609264770522,62.555800501177245,204213.2840498619
2023-03-15,61.58657243485575,61.61931785302753,61.38401380994044,61.553372409629226,61.55785580461362,355916.4115879328
2023-03-16,60.78056937379122,61.1723235491889,60.78395648645965,60.80541785255367,60.78154365138371,307539.7907881067
2023-03-17,62.65799870957612,62.82408953262292,62.33687262093982,62.61977704713803,62.60393081640037,346675.23326248245
2023-03-20,63.16804329428957,63.701992802993786,62.74011605260054,63.11604809883927,63.11631587054109,251719.3699446417
2023-03-21,67.04119409509512,67.27567989235203,67.15514045174794,67.15638307396209,67.15772760613808,917933.6656334888
2023-03-22,67.33594558600292,67.46864895687669,67.28355180620258,67.33962030493487,67.3487885890044,309593.5377531019
2023-03-23,66.89829718723236,66.88758981521951,66.324151889101,66.79943228883214,66.77448998818564,361124.64761876006
2023-03-24,69.21125985569623,69.54634374959116,68.62331891501829,69.03945535785715,69.02994232524512,499479.43847079657
2023-03-27,70.64555688943317,70.92887122551682,70.57308392414083,70.76388189069773,70.77736576678728,677546.5972929153
2023-03-28,69.25925242769799,69.5255349867289,68.73181958320447,69.18525968076669,69.18846393494033,257882.9900074021
2023-03-29,68.61759181131286,68.64090024628916,68.36270663086157,68.57974068904619,68.59408260563337,313109.18413334514
2023-03-30,68.04054436130616,68.23313690521412,67.35795094313744,67.99457988277626,67.99211334317633,302110.4960267875
2023-03-31,69.45197931338214,69.50535207544365,69.2756822355868,69.37291220817974,69.36546142605135,154521.15177174436
2023-04-03,68.6747770443267,69.30834858515928,68.7394892617904,68.81003080496848,68.81379167048006,302851.3144347993
2023-04-04,69.02396030697116,69.95266466363707,68.43837016917008,69.08947009479135,69.07594963585045,441786.01678876864
2023-04-05,72.18527248392465,72.85899534054673,71.92358628583507,72.0237329932633,72.02915727951458,135331.60680367702
2023-04-06,69.92713744401536,70.01644194358477,69.64890676176172,69.87997264972849,69.86800307836513,264927.50017723563
2023-04-07,71.04188463104306,71.5025467501322,70.8127728667349,71.08840622536759,71.08494889421266,197308.4070298738
2023-04-10,69.65679572032253,69.96056292642278,69.49385663501208,69.69934009380982,69.69989167835705,764203.5233704991
2023-04-11,74.41653956197035,74.96954615520494,74.29041584459985,74.40461656443992,74.41777639632679,133276.83294830093
2023-04-12,75.42077084049241,75.78801261864609,75.30635953379273,75.47072203694208,75.49059627980205,185229.10998217785
2023-04-13,72.9804121744317,73.57684778205423,72.72666010125657,72.9063286352295,72.93772388298683,237849.97642248875
2023-04-14,75.29620646722138,75.92200208818593,74.77750373566474,75.15328473568,75.14113348334038,296204.00262423616
2023-04-17,75.39533663151593,75.33801701370888,75.21240333300318,75.28814558816195,75.29183663344571,631446.2156935261
2023-04-18,74.64201911581978,74.7657553170879,74.54000364698949,74.61107242149704,74.60953933432691,270460.56359848473
2023-04-19,73.06571667558136,73.33975047534437,72.83057600404459,73.03549806284006,72.99377014045103,123573.7012083098
2023-04-20,73.42127661629497,73.48458261682408,73.23643058785831,73.39294389842989,73.41513777729966,587808.5422798294
2023-04-21,71.78587984538454,71.81051850197231,71.61216477025148,71.76515793114764,71.78326494007547,275389.5237390087
2023-04-24,71.9633488777919,72.38123931319438,71.83692847702947,72.0174120885306,72.02914081324947,511527.307764665
2023-04-25,72.89257420069809,73.90776423606131,72.92258582984384,73.05050301537483,73.03960880956645,1108047.2211040673
2023-04-26,72.3401956013256,72.50106430498278,72.203700434064,72.43630151300616,72.42018532120015,165857.7624234903
2023-04-27,76.00182095647705,76.14667776844946,75.79671103881681,76.06654645384282,76.06710064374155,422953.9243771321
2023-04-28,78.58922245137052,78.874022400785,78.04110128355443,78.68343090479563,78.67761537378722,222117.817876211
2023-05-01,78.2087302742506,78.72671478250851,77.95769045168117,78.14560823623799,78.15622242309975,168046.90953126148
2023-05-02,80.61320774653763,80.62554544797145,80.40508234343466,80.51425763836448,80.49225940338708,149478.64231670785
2023-05-03,77.40235424898944,77.73107126816052,77.18028759499346,77.43309208752832,77.41521560111879,715896.5021079129
2023-05-04,79.84219052450003,80.27344696528866,79.12620763584144,79.74123674092918,79.74141993191039,102560.88154092556
2023-05-05,79.67719325556686,80.02007418081072,79.37986825238767,79.69985318401268,79.69216010287882,94841.21112438448
2023-05-08,77.31517300430514,77.31262558802038,76.8380277665109,77.2916101865472,77.29856825032597,121313.34481201724
2023-05-09,76.87236743264492,76.83888388131348,76.42158349547083,76.69071608201347,76.71674247577224,200187.83202534096
2023-05-10,77.87867417449435,78.45564726413122,77.70528742268637,77.89675362499898,77.88837903812224,422797.0259627191
2023-05-11,76.69204302189682,77.17288502849601,76.44374756828951,76.73968437876827,76.7195503798831,223780.4423703781
2023-05-12,74.23377146138843,74.93046659428835,74.17914511497631,74.24185324330116,74.2333544493513,170895.79456360464
2023-05-15,72.21897325093788,72.5073010193128,71.41087712900436,72.16277815341452,72.14889090958202,102680.70678202348
2023-05-16,71.84888844846432,71.79057213702883,71.61832212034565,71.67898929555825,71.69317936809685,57717.19506011741
2023-05-17,70.56515059293405,71.21341523594776,70.46244529498182,70.5500118041492,70.56753933183333,188351.41212545408
2023-05-18,67.83121882019952,68.00270041035878,67.88932943957397,67.92285187405163,67.91970006395715,226120.3576255137
2023-05-19,65.48881398675124,66.46379217492245,65.41628038289122,65.55941211985491,65.53832338614043,164249.90637019122
2023-05-22,64.4301672698865,65.09158516729761,64.23538120125014,64.41022271786663,64.38354748309106,439191.5294334223
2023-05-23,61.91849034961929,62.00900272551188,61.43740996080125,61.96953816157757,61.95072698484567,366677.0154647688
2023-05-24,61.00295659437635,61.18355661787116,60.94055081630945,60.9801576216521,60.99699346744509,613742.8983311114
2023-05-25,57.74295743881001,57.78768304687231,57.372958789075895,57.754089278514336,57.75057663263069,407400.1770844335
2023-05-26,58.3524210087606,58.63642705288916,58.37246109359337,58.46291821848095,58.43370915125814,291556.050127575
2023-05-29,59.55528179051166,59.71138734201105,59.55821019968732,59.67042902521703,59.66003034667675,234042.97591152997
2023-05-30,58.20174360443325,58.834900607698,58.2448946572997,58.28243082232441,58.28561445685487,1240464.864528471
2023-05-31,58.30926077120317,58.33955520850903,58.16462645732778,58.33576371209901,58.34507349060023,295676.3153023406
2023-06-01,60.80975920012775,61.28157548190261,60.58286372962409,60.77013910504371,60.75741177266064,153199.61642690588
2023-06-02,60.1815777888472,60.892773761194064,60.04082475302869,60.1932226484123,60.18558002181484,239857.66097672956
2023-06-05,59.25598045119102,59.45544097493431,58.98994518189691,59.26251874160881,59.24712261125469,100696.13987672028
2023-06-06,61.37976570107204,61.77363360825372,61.107454952292,61.244158953877495,61.23475633021503,327056.487600019
2023-06-07,60.3124002138506,60.73479304365485,60.28733334729766,60.34985759285809,60.32974059083073,115463.60274331796
2023-06-08,57.85647277562949,57.95100870976894,57.71825470640318,57.79877742951554,57.80226325480406,199994.9288734405
2023-06-09,57.94301180901444,58.26665919466462,57.98109136780809,58.05182758039119,58.04489653046453,270375.3074125113
2023-06-12,58.393583109139335,58.555339789662746,58.1395102014202,58.36390365861289,58.3516448259469,95647.49732550747
2023-06-13,58.70681696717936,58.98655914874505,58.55807598525392,58.7714206047496,58.79337286260848,125958.69333583544
2023-06-14,58.17512476171184,58.47171273890336,58.12101688148843,58.15018533733885,58.1507067315645,313860.21457208536
2023-06-15,58.63737509325516,59.23835289223449,58.55439028285623,58.577682443848815,58.59231509039705,356072.9748129135
2023-06-16,58.927909547914375,59.07179823211807,58.83974028027643,58.959442111039344,58.973742118475776,194293.8604258818
2023-06-19,59.64591557362306,59.722168665794506,59.623263998107696,59.67014582729404,59.62839998236208,291366.5033767672
2023-06-20,59.3128431209816,59.89519587071612,59.22531950786567,59.35399682258311,59.36184368940668,695033.2604496228
2023-06-21,60.16637503657925,60.575808572416335,60.20329377506712,60.25784564102522,60.2659554490647,61938.04018966853
2023-06-22,60.89171563953738,61.27763758407231,60.83435965739256,60.88848936839958,60.89105787688331,237873.53383322645
2023-06-23,65.31484957267588,65.46252762304381,65.01922485099026,65.31886309806087,65.3023996469624,798305.966086883
2023-06-26,64.89115102079012,64.82050822438354,64.45645725682428,64.74048385171787,64.73513698758018,166106.45735495974
2023-06-27,64.90198270229797,64.9619836070006,64.63052288989653,64.84253539758397,64.86988654185076,294653.5874034909
2023-06-28,63.9692577313288,64.04873230322468,63.97888999077996,64.01691857492067,64.02709528278127,449561.2883241126
2023-06-29,61.292507533299336,61.64754055631691,61.13638007962164,61.25994725749589,61.24678183014446,189432.66534009745
2023-06-30,64.35702313466561,64.38330065775432,64.14425965416851,64.31378792523624,64.32349314216766,127699.96912852624
2023-07-03,61.90459122122994,61.98455247029957,61.7570420773533,61.92109658228177,61.929211383386864,104297.70282331014
2023-07-04,61.350222623045006,61.301461131545416,60.68787392099181,61.22717500803713,61.250522589855336,223608.42879205188
2023-07-05,59.48938946656845,59.479746163290805,59.3444769188123,59.45533545610601,59.44570730539484,194975.07055501617
2023-07-06,58.06609738618062,58.093262386879104,57.86924729271392,58.06966784735764,58.06529246672439,101691.59192835617
2023-07-07,58.027586866020926,58.307799074923,57.90606537717011,57.9975090931312,58.0105268163212,94525.23049780124
2023-07-10,54.17986220462194,54.20464659277911,53.81167800708593,54.0915187369264,54.07319168497614,317195.833393483
2023-07-11,53.00163675415154,53.2078846095159,52.4153576597017,52.95524739650084,52.95260734268894,372627.9222222384
2023-07-12,53.643736424172005,53.88804749116278,53.60593021196832,53.70190578092862,53.67619759632486,278902.06557275506
2023-07-13,53.33347190637636,53.594345042934144,52.83537906930189,53.23312070440732,53.22690514066852,383648.7906270703
2023-07-14,53.73048522772473,53.81403773942416,53.67171325947656,53.7259009290603,53.72972494917735,243190.43126117173
2023-07-17,58.15239840109432,58.389381586039576,57.67582410655754,58.13079437969,58.13424485268663,755193.8825703787
2023-07-18,58.63832484909548,59.04182703144309,58.59623490821666,58.68519095941848,58.68505601064971,257231.1856559912
2023-07-19,54.94466541378296,55.21647191347783,54.74159208951341,54.97457371346527,54.97010631861746,368208.2260420756
2023-07-20,55.49245186399249,55.56945297347784,55.38147377174405,55.503654751149,55.48891633622105,374202.2757644879
2023-07-21,57.00425916721076,57.43609845688005,56.92606369860393,57.029006358575145,57.02752681846207,270724.93441060465
2023-07-24,59.826863817641765,59.92427146638185,59.644224549183285,59.85123700681044,59.83655823191393,649244.7997793764
2023-07-25,58.44220587967301,58.63654261426744,58.47095651049729,58.485113866017656,58.47900342520518,130596.27457138708
2023-07-26,58.12563609294177,58.35491423676376,57.808658398220565,58.08163491858851,58.09525901785446,339260.24338645494
2023-07-27,59.257580146691446,59.44185300949786,59.16144969366366,59.29261037483065,59.294902577620775,278145.55276891607
2023-07-28,57.250915820100026,57.9842100456093,56.96374724655047,57.28590879346853,57.26369213509137,201556.3001555905
2023-07-31,55.31406713522736,55.74398140694411,55.1467784857786,55.392619689880455,55.3947233478584,518728.992103796
2023-08-01,54.643601158919225,54.61262539800018,54.36402195939053,54.59855886547907,54.60851393494999,184043.4285245684
2023-08-02,54.23615298460758,54.305197876646254,54.19550184597904,54.25240207566421,54.2690961508143,334970.934869494
2023-08-03,52.94549350097692,53.14653910323025,52.89192102815016,52.99142219867128,52.98177515626927,544202.0472447493
2023-08-04,53.41815212550536,53.82521281155582,53.45428885948848,53.454495860456895,53.43964196220678,163373.08040167388
2023-08-07,52.72854382856458,52.83776715050799,52.41300209090664,52.71235097560443,52.7242366264876,230973.75573331403
2023-08-08,53.35621550235121,53.35001172292402,53.24263900075433,53.34838783908991,53.35279850042148,185633.61919936535
2023-08-09,53.80771232573347,54.25514824978764,53.80351343512881,53.87712944272965,53.88438384776752,47901.54413481761
2023-08-10,55.026619260918366,55.49749880351112,54.68333867174668,55.10796486180702,55.12077774903696,99923.69729190604
2023-08-11,52.60623776240793,52.841997854404575,52.52681584439779,52.6758885811535,52.71666317728922,1304812.108338239
2023-08-14,54.12682528657079,54.45134027969123,54.113989417342296,54.17385966475428,54.20127301943351,284086.6075858948
2023-08-15,53.8551908251838,54.1783081875851,53.63406966416762,53.768084931706994,53.7701550225921,484936.1568255302
2023-08-16,53.219771786836624,53.26979340046099,53.05506989362287,53.26778605253885,53.25226565127486,181700.1673636852
2023-08-17,53.1139106276843,53.36525241563732,52.70091208486736,53.09379110266999,53.09303639091983,247777.6596808862
2023-08-18,51.79495884719768,51.820358695354976,51.78395297994609,51.79168081823207,51.79619920886282,542709.1939121096
2023-08-21,52.700040822308594,52.86120463158685,52.582698821075496,52.64260081274123,52.651131793838495,123603.87241962097
2023-08-22,51.101293411163226,51.37277267202201,50.83811145451962,51.12871026340181,51.12959535885832,282569.1249874818
2023-08-23,49.70489992977379,49.87619847770908,49.52581740663956,49.65240758749558,49.65646725405709,126062.34269227357
2023-08-24,50.73839142258157,50.913696726175615,50.5643448037324,50.7515759652628,50.75585573684141,0.0
2023-08-25,51.348725325619085,51.38871635481357,50.95081610199368,51.282639265250296,51.28441500128729,229536.08153830943
2023-08-28,49.6396740518736,49.80951777659238,49.38784101929196,49.6354524011528,49.64083146846331,519091.0706021978
2023-08-29,49.32225299018057,49.40958544314344,49.19745761610724,49.32052839253474,49.33766287453312,106561.37134295916
2023-08-30,50.63869491798102,50.74870720987767,50.49104868185854,50.67718501968655,50.6924177612352,281837.3697342649
2023-08-31,51.59491181649327,51.91643886900077,51.5823383251109,51.60038535891509,51.60742356818832,314203.776510464
2023-09-01,49.722575877264,49.85400337825036,49.01947301112745,49.69232344987656,49.70013376641683,186468.21512215488
2023-09-04,48.32015143161264,48.67560606817353,48.1298563489952,48.26672826206886,48.27970924190271,223982.48371492323
2023-09-05,48.92135563787213,49.11510374659705,48.80750579081208,48.86824531763329,48.864760472694925,178358.1645108915
2023-09-06,46.95905266083723,47.06490707807942,46.45208762103359,47.04561611496749,47.01911820357325,436591.1556735529
2023-09-07,45.80474548680098,45.99008515247008,45.64064845584779,45.898153871070754,45.89470549318879,262155.2005004009
2023-09-08,46.32325326267978,46.38721344222989,46.24104387452189,46.3034911631597,46.30174573693764,550461.0785452313
2023-09-11,48.66598130314563,48.70639441926662,48.57464908553365,48.589260634106765,48.58660419034086,223196.40250480265
2023-09-12,51.67255298988614,51.97574576034316,51.39544738215816,51.7277790589778,51.72639423914392,316425.99836971983
2023-09-13,52.75812282702013,53.26708655148568,52.58459147427556,52.74894960737481,52.75256195066007,465496.73705115495
2023-09-14,52.17557125004796,52.249275845359776,52.12548417072247,52.21840661102216,52.216996492838106,110114.36623042078
2023-09-15,52.07703496665998,52.13486022358398,51.99906987885751,52.1279841778888,52.12496585570023,153329.76882201098
2023-09-18,50.07161182690178,50.12762876777582,49.98906813711652,49.98964126274748,49.99931620403534,248628.6678282921
2023-09-19,50.63785336906408,50.64590499626789,50.51233707355596,50.641031381218944,50.64089721561034,215129.9466177512
2023-09-20,49.81701955211429,50.06678723500775,49.63444132923022,49.85767639504506,49.831011952838864,406281.2070599016
2023-09-21,52.55219919943936,52.72677373662003,52.38708678108323,52.462396952809726,52.46356766295584,226696.355817118
2023-09-22,52.67070337452251,52.84710411672464,52.3315636397791,52.69134855562452,52.697035017283554,250726.7519565757
2023-09-25,51.97079886725055,51.920475545334064,51.670996363935856,51.89128461105773,51.90037004118646,195704.79259051653
2023-09-26,54.896230888905535,55.11843767460076,54.84253201369175,54.85480000423652,54.85617275421775,155501.00285263764
2023-09-27,55.80697346609864,56.17989677089381,55.71402454414468,55.73265663757887,55.75800223007928,367472.867661672
2023-09-28,55.07974037478067,55.38313888931509,54.88639795949271,55.02690989055208,55.036969999424095,344009.1923464919
2023-09-29,55.17155351281054,55.431099399401646,55.06503835074871,55.20453646823895,55.20015823420123,104381.68618528957
2023-10-02,56.16247905183265,56.126526462303765,55.75113166369177,56.10824854569746,56.09735473822065,409420.2347728586
2023-10-03,55.725813980504135,55.99716664461814,55.529576306547966,55.69187037665616,55.7017185646602,285041.9924573144
2023-10-04,54.97398147987377,55.05657607524865,54.82549992740955,54.96164277416825,54.96687699532962,296122.49160724203
2023-10-05,54.11162252237271,54.14126617990179,53.880168776373225,54.12484481399144,54.13617134260621,253348.6426241442
2023-10-06,56.494330290340784,57.05579509979438,56.15760694958305,56.55176698249272,56.55509231321005,126643.26706562418
2023-10-09,56.51723327501482,56.69168355853224,56.550890152853896,56.577412057627626,56.57969428603924,318765.58161174896
2023-10-10,54.02580737710884,54.372497772145366,53.79266350165658,54.013570112155314,54.03030689271433,242661.67806800496
2023-10-11,54.08027378905025,54.073675323666194,53.98510574027955,54.06163249309224,54.0816313098734,90166.90682568891
2023-10-12,53.01361190090114,53.486770605297565,52.95736795012377,53.04530830677989,53.05755930233965,324927.130530392
2023-10-13,54.00517001741607,54.20412621532588,54.00020829729072,54.02978816109287,54.0035135451844,199115.53721100927
2023-10-16,53.54378090573616,53.61949938779837,53.55387661335586,53.60420940911933,53.63660170418071,554328.8996249539
2023-10-17,53.343614747066944,53.75760746313524,53.26173001691368,53.36006776906199,53.37047900527329,278773.48678397306
2023-10-18,53.44581411594628,53.52767123473184,53.21089485740087,53.4763709642725,53.47613885572338,232751.0827142726
2023-10-19,52.31038328285117,52.66661912864186,52.18401321986944,52.32364043246813,52.33976645798617,331964.8326022408
2023-10-20,49.96956933502149,50.10370208272795,49.86529444201765,49.9970403711766,50.00549008981895,54789.56028382099
2023-10-23,48.23433162931068,48.41354864203486,48.09144732007705,48.17867141275271,48.17641684587874,180087.9519741164
2023-10-24,47.63144454261176,47.80044971753015,47.398223217083824,47.709050729016056,47.70122671069554,112890.58125473242
2023-10-25,44.86472090740536,45.120246727578525,44.77502819320426,44.82929847163224,44.84439796188634,401909.41864631954
2023-10-26,44.10527747770933,44.17986542803962,44.04212904160106,44.117143911557584,44.12449098609056,213621.99764241063
2023-10-27,42.58366035520372,42.66073236902982,42.38934870224914,42.60840760044625,42.61246597590893,248448.1594404607
2023-10-30,41.43421773097638,41.58209895234919,41.40708962750352,41.47673290724539,41.465252686250565,138449.9515778783
2023-10-31,42.954048898584354,43.06718465756494,42.723814698987,42.93463413175009,42.95392334145747,231805.5153116039
2023-11-01,43.19932380922865,43.43852745729874,43.13505225778287,43.1766416007755,43.20156545007391,108820.10799917192
2023-11-02,42.07701450256756,42.44629220134137,41.73544748187249,42.0521251898673,42.07142423457741,1443162.7785473738
2023-11-03,45.45987844516633,45.47780688517207,45.40930832972782,45.47647486829584,45.47228566810241,558091.5580964414
2023-11-06,45.80962864338987,45.963621452140366,45.43692281638037,45.82470926427123,45.82085943600288,542445.3570457036
2023-11-07,46.66637794902902,46.894575725424765,46.5177803598427,46.700961318681706,46.70059094033298,507302.9437479914
2023-11-08,48.80100750790371,48.81335441652027,48.70528430052632,48.81017652898193,48.802059566599816,425730.87216928793
2023-11-09,49.94129907664574,49.923099941237815,49.74494402191992,49.87855527076335,49.86225984412585,139930.03980751222
2023-11-10,50.41292130962787,50.5999631283514,50.37234394342261,50.38534224561005,50.38702780211274,306059.9515306179
2023-11-13,48.13447295136725,48.177065623886485,48.023458414274295,48.11773264732292,48.12367793770944,250079.5545191265
2023-11-14,47.47012776172497,47.84060302949543,46.807089923822446,47.46030846514274,47.4631243098947,285712.7444089644
2023-11-15,47.660584077849485,47.68279257058757,47.31012919550495,47.62645409658536,47.62960993529087,782387.2038242111
2023-11-16,47.52579430877262,47.71603885692859,47.45617501655783,47.51501553132529,47.50823358233183,246022.05543737364
2023-11-17,46.68177142016537,46.7753259841697,46.25916994337901,46.64909144316263,46.62961704085678,637061.9696751782
2023-11-20,46.939191716667374,47.083867575204174,46.813476683192434,46.995569947429736,47.01696955674879,279311.01041116094
2023-11-21,46.30148977714331,46.368771269760906,45.98572746817219,46.33747294590373,46.3444529222044,765905.6015463446
2023-11-22,46.90144596250999,46.929956619956585,46.32919407485441,46.826582852214976,46.815298515292426,211174.0041085118
2023-11-23,48.53967524733789,48.612077163135766,48.21001813547407,48.5908917380257,48.57878275406465,469875.267413524
2023-11-24,49.65911384417724,49.84436128467805,49.45234079423111,49.71526541279447,49.72252114912416,455142.5064540631
2023-11-27,50.428643946383815,50.39523790835492,50.3397851881936,50.35398989393615,50.34728566745704,375104.4744068202
2023-11-28,50.42746119731995,50.64076908626071,50.02501675965068,50.41552368238055,50.4282288359758,181750.3772359418
2023-11-29,51.46902721634347,51.577288604480415,51.34420298386692,51.4919357415918,51.493394963386585,115487.4787108889
2023-11-30,52.71530161619034,52.71501077128477,52.49184229960727,52.6647632078523,52.66571401664303,171462.92184170664
2023-12-01,53.66988567018068,53.83283508837638,53.6701042618254,53.69815232332971,53.687045106172015,115035.1020126712
2023-12-04,55.171296566926415,55.64365183842915,54.931705424972286,55.13968950033343,55.12463937546498,358406.4798061156
2023-12-05,52.3585048724316,52.64777525633672,52.298466898916416,52.35680428304037,52.35640266836185,126112.82723580972
2023-12-06,52.19866301477119,52.40788912193951,52.02313946675135,52.22274834398837,52.236647280060495,156081.52289843137
2023-12-07,52.60220013739626,52.83084475843961,52.293705279341616,52.57242465944394,52.56593813454966,381395.4356172161
2023-12-08,54.36642301995728,54.669192210341336,54.30698773960388,54.40343601263134,54.38224401074172,476690.3081570708
2023-12-11,56.474698494163086,56.84360573914028,56.46437868976961,56.569219310059104,56.57944492605852,181144.12079396687
2023-12-12,57.69937415736416,57.79568807405935,57.37913229236823,57.736148475743946,57.72405655047599,243076.247733301
2023-12-13,60.038690647148016,60.27812760500103,59.81144641265538,60.10820922210901,60.09823276357172,126425.61738965528
2023-12-14,57.39576023735425,57.87622533849386,57.245146678615335,57.38183270056231,57.379017956245306,681656.1540022452
2023-12-15,59.06210252888465,59.46002345947754,58.73075110471667,59.1286744433522,59.12835322407848,124875.9280848766
2023-12-18,55.64084449465979,55.899195586032185,55.23126209564101,55.64696986652068,55.66175897130509,227252.46501663016
2023-12-19,55.32493727616346,55.48299997566541,55.21890918164722,55.352158742203294,55.33847553883826,412183.6156794704
2023-12-20,56.58934251330717,56.86302877923876,56.26787118755314,56.53474779594724,56.5287896043701,927278.9765708091
2023-12-21,58.772992842342994,58.84589601171243,58.27779795951991,58.756124073323726,58.76821487875857,209288.11323134915
2023-12-22,60.6675446958902,60.86112022564451,60.52736562721794,60.63340782715169,60.65154600919874,292198.9817726576
2023-12-25,60.08851911274414,60.43942816003627,59.93992691150696,60.004887708639785,60.00115104207608,269389.68735074694
2023-12-26,60.69662382963511,60.91373092632303,60.64039713851679,60.72999804770736,60.717914587479285,0.0
2023-12-27,59.56958745960893,59.81636010016198,59.62240406832776,59.633376435183415,59.641308765092205,140958.16114625568
2023-12-28,58.5701178327539,58.611910581842295,58.3976770906956,58.450274640111125,58.44158655478857,1816415.698758884
2023-12-29,59.07926429735626,59.31678809284325,58.36339553836907,58.97603722150944,58.97830645584209,274716.66134354944
2024-01-01,60.68264513305748,60.86872472965097,60.54456016308474,60.67540497099692,60.65921687411832,103972.23594760567
2024-01-02,61.12180368351908,61.204643605774834,61.05855018240674,61.07958249836667,61.08915305898906,311643.01403391326
2024-01-03,59.85484443948303,60.1560591496937,59.89021641039339,59.963069508926,59.95779039324385,184880.2635055776
2024-01-04,61.661219897356936,62.54698020145644,61.61362800604415,61.69412133233197,61.69567996153906,416444.2404490015
2024-01-05,60.65708211346848,61.21414154864912,60.3012220264508,60.66742309014647,60.693435340168,197528.31618140647
2024-01-08,59.67746546364897,59.914705248897214,59.633625005770575,59.78371673484133,59.77235939085976,416529.2237459994
2024-01-09,61.58704253748521,61.94500602137152,61.60762405135996,61.62916668138886,61.63378742787928,532114.5722169447
2024-01-10,65.23416764255586,65.21339862298724,64.85051042856448,65.20634078962131,65.23389398241363,338078.5778612641
2024-01-11,65.85181938592083,66.35229728692694,65.56546966953601,65.91831916640044,65.91929975695062,529895.6551743489
2024-01-12,68.19444358893529,68.36474569163953,67.70267606793757,68.15915224225172,68.17849887751481,180708.7431934098
2024-01-15,67.27270200882928,67.79005104264458,66.64132128584826,67.20976526245936,67.2154891202335,202874.5842438026
2024-01-16,69.97815538152248,70.55323883293741,69.51957707322052,69.98425407409223,70.00422187472256,102269.67213994544
2024-01-17,73.50410899296975,73.86737711395416,73.20514091685382,73.55215506216429,73.5660882849009,598006.6577160822
2024-01-19,73.9059310615436,74.40471379562187,73.49585295020817,73.8945143897599,73.91546044090153,487258.769159611
2024-01-22,75.86240124393991,75.90364690781574,75.51108464620071,75.75960805689029,75.74875765684077,350845.6287861258
2024-01-23,77.05354983872115,77.20944060322356,76.27352894105476,76.98388230890997,76.99832424490066,222510.2908886173
2024-01-24,77.93183938994315,78.34129439056623,77.90530269769036,77.96713175938207,77.97986285731228,410199.8116894704
2024-01-25,80.22564621442442,80.25898013972323,80.07614322536811,80.14499147366071,80.16060074250186,361476.54502904735
2024-01-26,81.0696739025458,81.23142944217025,81.03217225175513,81.0621462158901,81.04323245256612,512071.94213567534
2024-01-29,80.57869833452904,80.57173061620901,80.1217558427554,80.43571180366733,80.43823429674666,187367.04429728573
2024-01-30,81.0248887431823,81.56443830651531,80.76338945577996,81.09501702788936,81.08811607650438,314343.8123574591
2024-01-31,86.06082040362165,86.11955090372324,85.09971061783071,86.00525005433377,86.01153979606059,148904.84676202174
2024-02-01,85.32534974452012,85.78898099549777,84.89871735682017,85.46468554194222,85.48527855320658,145010.05069124227
2024-02-02,83.26111002577686,83.60184055504767,83.18060227983581,83.18390108871691,83.17440626974995,172469.97058203054
2024-02-05,83.5910792713673,83.80804169947868,83.235186338139,83.53250508903606,83.52875830158808,419475.9412220545
2024-02-06,80.86837609240625,81.33486034251646,80.52339441278617,80.83817911333333,80.86207849486267,169731.33351766592
2024-02-07,84.10699034591181,84.90441975739624,83.32451559918746,84.1341673451385,84.1323039058663,160562.2364808232
2024-02-08,83.65292041828008,85.03015078081768,83.19445695926292,83.62903058865197,83.65356080115743,228991.008776482
2024-02-09,82.91340454412607,83.36660462745989,82.38288101069708,82.90075435069107,82.91038164635656,163084.0927854302
2024-02-12,82.68645391146592,83.41237441031672,82.1739459705062,82.6964252928038,82.7041266500312,153317.7981842285
2024-02-13,85.58434785068833,86.30501088957253,85.35419688698836,85.49273883489752,85.51358750391903,183626.83738485724
2024-02-14,84.62557142176827,84.6000367392163,84.09402113446582,84.58783307200989,84.59853373306215,182501.80427807715
2024-02-15,86.21241095861454,86.2305175496096,85.69964328315092,86.22938497080823,86.26157273015846,146723.76919198685
2024-02-16,85.85178948484217,86.20706301979818,85.74116524876526,85.92244874715112,85.95980418468237,78669.55474019624
2024-02-19,87.09183216833772,87.43592472440008,86.7193860016506,87.12310250578075,87.1211100201948,351907.9660726984
2024-02-20,87.55485104244742,88.2502739811614,87.28773278419771,87.5235461761888,87.52646360965258,185605.4712404537
2024-02-21,86.19779413586626,86.33818423999689,85.91978614524736,86.21212666585411,86.21353681886288,333452.00141047133
2024-02-22,87.13612768850619,87.15147356544212,86.46319760212255,86.97506659432335,86.99355808201518,152359.22968007368
2024-02-23,87.18053545074449,88.02154913522375,86.88041018280768,87.15600666182972,87.1003428968021,641684.6273966517
2024-02-26,86.8964424416128,87.96822631783371,86.95471383778315,87.02665452092978,87.00130982401862,442613.0282179909
2024-02-27,85.48746309304049,85.63608137309632,85.13346419076026,85.43555107758533,85.44890870596565,463359.7789217513
2024-02-28,91.20274011976164,91.58882164936551,90.53292768672978,91.18272227699696,91.15678558442436,139369.46525647707
2024-02-29,90.30811180058916,90.54358124642198,90.14227076301428,90.45380994846164,90.4972807307561,113987.2726741801
2024-03-01,90.77002952423352,91.42789413913567,90.40911764039473,90.89966677685372,90.9010451904214,270660.229442704
2024-03-04,93.64590980871658,93.63142747608386,93.1955924312352,93.5366862046501,93.57369280323978,252575.18619899964
2024-03-05,93.00462185694614,93.16329919382146,92.79702013484822,92.90537881062885,92.9272055908186,338932.4323645487
2024-03-06,91.46549123120194,91.54268214552158,91.18908176274626,91.51552641263662,91.50601464268644,267607.090883179
2024-03-07,94.68123089871492,94.72084944900956,93.820600139247,94.68551409179402,94.68609572915508,255683.0197906221
2024-03-08,92.2922247821056,92.71543596719393,91.53957122901176,92.2478542940528,92.239034511754,461054.2297042656
2024-03-11,93.29244169901943,93.69930946162572,92.98828831320851,93.35024889605052,93.33267177492392,405730.5996360583
2024-03-12,96.73044073026232,96.92859698508713,96.54057526802454,96.8980547500001,96.9307546936104,926016.5750206548
2024-03-13,98.89502437120386,99.21144664866232,98.63245158948074,98.8897773826108,98.8928215458389,300668.79932989646
2024-03-14,101.31847006921824,101.72348812038466,100.91575860241404,101.39017194299956,101.39127513782724,136531.59962333154
2024-03-15,97.87053811786085,98.35975628339862,97.50318294309146,97.65925568470652,97.6661951159832,345327.3586132225
2024-03-18,98.62856772195656,98.71519276972153,98.01656073606368,98.63657159017266,98.6371674638766,124701.00609979626
2024-03-19,97.95456557715714,98.04467760276032,97.77331755751514,98.02628919585798,98.04915684888743,1231187.2040638386
2024-03-20,95.84601265460606,95.80013069386013,95.1250623888582,95.67979443988018,95.68794399214906,378521.5508125531
2024-03-21,95.43792082761097,95.59316970409132,94.6478143757048,95.35540149781208,95.3658321564236,270272.1839884915
2024-03-22,91.59693560546616,91.81371723908644,91.0088377762859,91.7306285466847,91.7615294120792,488540.5903194443
2024-03-25,87.28507045647632,87.93049405518066,86.07386864419784,87.27719854599282,87.27576816773244,408589.7501372852
2024-03-26,88.87859265726725,89.1908462911945,88.39347004971543,88.82554189439733,88.82034619091154,142547.79730742224
2024-03-27,87.3957193783072,88.65062980776815,86.87360363870026,87.42608821417844,87.41465410545678,510884.8800830985
2024-03-28,88.3980271360013,88.70220049005151,88.09271002858326,88.34997589802377,88.32969399732292,403855.9336116399
2024-03-29,87.05072879882614,87.10473281626226,86.26812126029148,87.07574949662445,87.03818139205607,466929.586003572
2024-04-01,87.42479466113,87.50372520207438,87.26391327640992,87.42250705003806,87.46232255479005,282449.44142845046
2024-04-02,83.67104467724965,83.94925686833022,83.29067778543862,83.6339133248912,83.64667006946483,393218.2366117042
2024-04-03,83.43425938155794,83.64684871847396,83.16979404003621,83.38070886770512,83.40515673648375,280759.41033915064
2024-04-04,82.62260597963353,83.3686554145903,82.38396373407828,82.62521924201454,82.60050983544855,240000.00145733808
2024-04-05,83.80301240747218,83.79782438365089,83.14585088805251,83.78731778698628,83.78908905688168,139447.38524920473
2024-04-08,84.87808899073701,85.5655359482874,84.65672062892574,84.83393050549928,84.8139324443497,359393.1549414281
2024-04-09,88.6209729299381,88.55425059185809,88.11907526243701,88.49630685781095,88.50707771826232,136188.31853286712
2024-04-10,90.9609708910038,91.89310850416724,90.64819702109146,90.99600695949734,91.02562108832706,179753.9077727004
2024-04-11,93.16994251169476,93.39432338426704,92.82151896873565,93.25025228392498,93.26158551193022,353449.702140666
2024-04-12,93.71814836018284,93.74276242555985,93.42785239110252,93.49652833432528,93.4805041383337,281791.2093960468
2024-04-15,95.8691058373713,96.1212084982837,95.093565531891,95.76888937125922,95.79568683131434,92660.77186631395
2024-04-16,94.3557237219888,94.4791347627789,94.31849903985692,94.37751849210102,94.4119822073523,303318.37268087687
2024-04-17,91.72477641405123,91.77952995589916,91.50230461482528,91.7487442360264,91.7067486472338,233934.54791819304
2024-04-18,94.08674371822175,94.97998472664426,93.91208691321326,94.28568993838267,94.33289437161092,283823.3436010939
2024-04-19,98.2328371010996,99.59632553946813,97.99307762105136,98.29257451639896,98.26285349595472,338990.11917128507
2024-04-22,99.51134586996572,99.47878600917356,99.31791987951496,99.46207932221355,99.4999123737675,308255.42567412154
2024-04-23,101.96316626122596,101.9253397725572,101.55382109814454,101.82966223455352,101.82391288256076,152160.3377237664
2024-04-24,103.33281181696648,103.41139557452212,103.08091801302795,103.35833804553543,103.36053913242422,383542.6832698155
2024-04-25,100.20948881278828,100.6758172311153,99.9497481245581,100.0977492642513,100.11103469966608,534588.250577101
2024-04-26,101.93779300026624,102.16729070660708,101.3445273961249,101.9500832113644,101.94117136486092,325014.9151605811
2024-04-29,104.71018251522058,104.91847531592994,103.94302745031756,104.62254481829902,104.63004992332144,473713.1314626951
2024-04-30,104.50417535191198,105.2331773159637,104.54009153604837,104.55819720814978,104.54940089492838,181967.46079241205
2024-05-01,102.7047743890728,103.59103760734078,102.00679653558856,102.7134106990681,102.72554665547564,296843.4038608528
2024-05-02,102.18042510415104,102.72126836668237,101.673609621954,102.23982673949948,102.23716112179017,725354.712943977
2024-05-03,102.8139370262198,103.22981635489512,102.43896277977898,102.6994045036031,102.6844571321004,181920.223297764
2024-05-06,101.40999672920933,102.1311716264238,100.6196786702201,101.46584683031918,101.47232467696966,340583.8476640198
2024-05-07,102.03243509718696,102.30567115603704,101.51328744603816,101.94258144881768,101.9611858583303,162010.73105641134
2024-05-08,102.49562897191645,103.01821686429729,102.21275014766194,102.52608975248278,102.49431075331528,713433.2684208988
2024-05-09,104.42109217852148,104.85908788683145,103.97122163484757,104.30203667190165,104.32915828902838,886818.8152319759
2024-05-10,103.15848826333436,103.3437507729404,102.77734329959075,103.08870685919932,103.0930166023779,378311.9285851464
2024-05-13,104.83043661357816,105.1273618879044,104.2920857457284,104.9763797597665,105.0005845753059,227059.57195663973
2024-05-14,103.4384099018538,103.6913059818404,102.86114017316294,103.43000494581194,103.4320481067818,310591.4924158041
2024-05-15,103.37581867565645,103.92028225519934,103.17491240892916,103.35526559213122,103.41487552448564,563798.8662179686
2024-05-16,101.20332993654571,101.39066281113226,100.0535642665796,101.16125772866428,101.1727500128199,183195.23961159837
2024-05-17,103.80277793125693,104.40302557595976,103.71566677424522,103.84723814647072,103.82135507483228,637786.705579594
2024-05-20,108.38330310199134,108.83244046586924,108.25647827059832,108.34568298342872,108.33980519981576,363430.2648588117
2024-05-21,108.82146870167568,108.78420256693816,108.46626931455218,108.74130276867304,108.71730724051297,408238.90493318
2024-05-22,109.67204919750696,110.48920030101208,109.6524640292348,109.68014374169783,109.6230852771052,181674.37211714635
2024-05-23,107.20100872397344,107.039013329284,106.34074160808616,107.0159614858746,107.01009557700402,306947.00619472767
2024-05-24,109.39206149725648,109.61022604450562,108.87803654737932,109.43992592897784,109.4665561426212,326168.6073141594
2024-05-27,113.19204330233026,113.91071213429738,112.63094802663998,113.09732908514842,113.10614031723,175139.86350751788
2024-05-28,118.46114805587422,118.5981138316412,117.58583892254384,118.40059465802544,118.40724263413114,122948.75088548142
2024-05-29,119.73794714029157,119.83107316197372,117.95835943471434,119.72378649279008,119.71564941250855,98049.4015406599
2024-05-30,118.7090259564291,119.25353873261064,118.33883008548864,118.83720908710136,118.82864528930712,610793.2143047226
2024-05-31,118.57380045925116,119.31335773949232,118.47800455063162,118.6092362718305,118.60674106400911,100259.76386011588
2024-06-03,123.2126893686518,123.47858822725092,122.69907615491454,123.12262894149096,123.10084472218126,290873.8032753679
2024-06-04,122.10273327366365,123.0212375690172,120.89121424140107,122.27847543429118,122.23216417962344,132081.63478624995
2024-06-05,125.38543616775044,125.63158324050548,124.73647717146264,125.35502202031552,125.32863547606742,214808.28150488343
2024-06-06,128.30227723941542,129.34563259533897,126.67223747153515,128.3616593329402,128.43856102244146,239526.45736814244
2024-06-07,126.49278518292944,126.71269012967086,125.41201004132544,126.3345055491271,126.32735747114342,276846.9191155967
2024-06-10,126.30236281440229,126.91209731457624,125.8796502218037,126.4547493967378,126.43376385767736,211921.9128241497
2024-06-11,124.01227658396088,124.25185617395115,123.3063077798818,123.87142774351412,123.86221436630922,249548.9537463431
2024-06-12,122.8444182388738,123.05099678841442,122.27378664411324,122.7017612628658,122.6905988451605,369253.2446930952
2024-06-13,123.07895236355972,123.1199268773647,122.5842412441026,122.86482523929102,122.91344827614284,436443.6583627223
2024-06-14,119.83886351088086,120.22808550168178,119.00943065427376,119.75874919777004,119.78478804655164,121504.33642096282
2024-06-17,116.60940498512788,117.09979660239026,116.4438922072972,116.63501894768248,116.62622787964962,243031.98211428587
2024-06-18,118.3309734372172,118.53770833700358,117.37276235858612,118.1970449465404,118.2099926441,270530.4858852344
2024-06-19,115.6006335442922,116.74083058394554,114.8345823615002,115.7649037023712,115.77891254839372,219419.8683534621
2024-06-20,120.88358753964752,121.0552435844108,120.18311155388656,120.94127898699372,120.99664559380574,223861.0316733529
2024-06-21,128.43528396053998,128.40381374675368,127.88863927384509,128.39865221207316,128.36205915497592,674405.8281160456
2024-06-24,125.60401836026142,126.4114119123672,125.51103672751982,125.59274325264298,125.5869514223147,578440.7806276659
2024-06-25,126.74640373217058,126.673929166432,126.49941720849274,126.5626752606644,126.55298165543076,434281.2769285674
2024-06-26,125.23517762453145,125.75950123788463,124.50670732404302,125.37502091720816,125.3580505046584,295738.96167519805
2024-06-27,120.96724567823516,121.068239781993,120.92133425808312,121.0513917914949,121.05788203803118,375537.3437211339
2024-06-28,127.3724798028856,128.25939790728503,127.14079566941145,127.31621536286156,127.30086656821224,255061.23782371407
2024-07-01,124.25215195245146,124.50843984455358,124.0082313013612,124.39990624035345,124.37199144168294,349307.9388538371
2024-07-02,120.40656052786312,120.49326405668032,120.0943143536471,120.36035870484436,120.352477448171,284161.0074141073
2024-07-03,123.39752684881164,123.28010213452286,122.56082622939702,123.2775664965572,123.28945895705868,413233.39734987175
2024-07-04,125.01779736595914,126.13059495078636,124.36143097419016,125.32577131419276,125.3626653557796,201496.93240046885
2024-07-05,125.39055621427646,125.5477446191322,125.12609694060576,125.45983252116886,125.48866209725912,272029.59735784546
2024-07-08,126.36642376139194,126.30028103647568,125.78166713971773,126.16291302863658,126.16309544682235,252298.9461489324
2024-07-09,127.80780769023808,128.1073402122316,127.87908706720197,128.03128769164795,128.0171364371726,434389.2938672871
2024-07-10,124.73160418047608,125.48163587855262,123.8415728419858,124.7371853285279,124.76887911856316,436856.1773572746
2024-07-11,120.380994309121,120.7290845999337,119.82720797103283,120.40981244589386,120.40932462400194,280175.4182537094
2024-07-12,119.32994379912112,119.58228063871184,118.88654357272723,119.128547405998,119.06287153564872,189852.0469191596
2024-07-15,118.40560003669258,118.72762213550573,118.31699379135404,118.40003339113872,118.40958499695506,407715.6276745179
2024-07-16,117.14156756104808,117.81384300550374,116.57138721177998,117.05244173890163,116.99111602684502,377687.1662767189
2024-07-17,118.84043191387283,119.5094095949608,118.39931464297032,118.69780717869844,118.72421698005532,758636.1819666134
2024-07-18,120.61493369508104,120.9088137935105,120.1623472954711,120.65724842335894,120.61773065380164,315572.8453065756
2024-07-19,118.0496135681956,118.82770035795193,117.74994293490944,117.9425903631594,117.95904184168177,363273.57187022816
2024-07-22,116.52695644544096,116.84699322727688,116.24431156138432,116.67035307514143,116.62169563485465,239192.95828305456
2024-07-23,117.1094919378872,117.6170935774878,117.18784955040506,117.25074212468922,117.24652962982675,369361.3629665825
2024-07-24,118.47150950705954,118.41491925715734,117.88789442038518,118.38157816011062,118.3955704469796,518956.4362518451
2024-07-25,117.03503397204538,117.53688131622074,116.15587664356856,117.07253661836609,117.0726066626702,1008086.113039153
2024-07-26,116.50529513969936,116.74572338369626,116.40331136919072,116.65026771355627,116.66193593277764,319289.3163882345
2024-07-29,116.5959207843546,117.09597206368537,116.23272580512686,116.61677610155424,116.58134150471844,584860.4508689801
2024-07-30,118.66627674986294,119.7677244663045,118.59939687655567,118.71550178144858,118.6841209991874,243221.8387769752
2024-07-31,120.36104594968624,121.01104812406471,119.6186369847191,120.42713376740716,120.4191147463338,388735.7885062231
2024-08-01,122.10535066994208,122.25023753799316,121.33114339376868,122.0902431388644,122.10168455113224,67792.02211791453
2024-08-02,122.36873548842972,122.50669777745598,122.11345779690288,122.37361043654217,122.34063826758596,206743.3070412336
2024-08-05,124.16467620797826,124.5407144738206,123.49106766352088,124.05089681365492,124.04558839506475,402705.1630524735
2024-08-06,127.36967335788218,127.61064189972268,127.4049894374779,127.4453640659562,127.46313123680434,603038.2680170436
2024-08-07,133.02578317924636,133.32822093636776,131.8949228847463,132.86942743332776,132.83184384771235,389963.35189411393
2024-08-08,130.73862820851372,131.94881352438202,130.11009487566983,130.9039120400857,130.8954885381375,299733.39162983175
2024-08-09,138.86279820122544,139.24435870281417,138.24987350962408,138.92510026913646,138.91525865382025,124261.55090686298
2024-08-12,139.33667722995563,139.8584870215462,138.80735221056813,139.4608893742112,139.43648676465662,632696.8999262318
2024-08-13,137.36595872810216,137.31628782606182,137.00689852769133,137.14276412791813,137.16677816928146,248408.5111567303
2024-08-14,137.67354386482566,138.12787305348016,137.03518002664305,137.74285061039694,137.75634671311545,615931.044835521
2024-08-15,139.2990437108737,139.8390894676644,139.31986792653365,139.33586921953142,139.30261836216943,270555.2840683487
2024-08-16,139.72799348689722,139.64136138207363,139.36680424160213,139.5931808189293,139.5500846158857,471894.21298186405
2024-08-19,137.63046987488943,138.80123521105156,137.7258167129164,137.7486418604446,137.78076597628086,112328.8894341887
2024-08-20,138.6667134462022,139.55232574588382,138.2647329733919,138.67764460126048,138.63192072227858,262815.3399147128
2024-08-21,139.0120422493638,140.26762940010954,137.61020704814445,139.06932518433186,139.0411198788798,525975.418782821
2024-08-22,137.94587469192797,139.18781114838595,136.7028087613004,137.66633442136506,137.65324601398487,348624.2396512001
2024-08-23,133.92294723115432,134.48742186199016,133.26189949428365,134.01670727025763,134.00343274195765,389713.7593374651
2024-08-26,129.48116325442626,129.98405347299794,128.7301868028171,129.611526697177,129.61974902017386,168569.54719736532
2024-08-27,127.47894448465168,127.68181982565363,126.90242766392848,127.4023265818524,127.36783284148272,109122.04857410036
2024-08-28,128.86903197442533,129.23588329679637,128.50716950545166,128.76950427612084,128.77575809895728,154254.17375306666
2024-08-29,126.8544694506062,127.0538621838504,126.07919466913398,126.7733434015679,126.82754112529456,193544.64610602235
2024-08-30,130.0557108915924,131.43551075028526,129.8458733326102,129.9635504978822,129.9930060408908,559579.9615300331
2024-09-02,131.60109202186243,132.0575089317993,131.05534051624196,131.68741578694377,131.7124259019763,107489.08009753568
2024-09-03,132.02728527647156,131.9018232194333,131.10795670947005,131.86914179185018,131.85240800010052,98551.63808013548
2024-09-04,129.23505255693755,129.35348907547936,129.1833135593352,129.2984698174239,129.31939935050514,193427.67666958732
2024-09-05,129.9132862803111,129.97786246326567,129.73123064415057,129.9554026561176,129.90442915365227,517351.4867598433
2024-09-06,126.77574812091063,127.30175772241078,125.96725044539194,126.78718387190264,126.81376774970222,192079.89121323376
2024-09-09,130.58910882647416,132.25768681043223,130.14700762435837,130.4575864387123,130.49396323363453,1189255.9374447337
2024-09-10,127.11790912043476,127.5607221251013,126.84374870005364,127.01425898805152,127.06264919764268,295128.62812242267
2024-09-11,127.8501476301466,128.15667205892524,127.670366366667,127.95769236904772,127.96361775547858,266725.480034093
2024-09-12,125.0368314341626,125.0346152301286,123.98202445666811,124.8951720510498,124.85809491689692,241581.56180163173
2024-09-13,122.98240991445954,123.886606026972,122.0863855358734,123.16283604505024,123.12241211702226,102941.99714683104
2024-09-16,124.63915797143385,124.42722505103067,124.26792928526343,124.3955392115819,124.4037028167158,367118.8979312977
2024-09-17,128.61866906631903,128.84649892004578,128.57953873240234,128.6233790031785,128.61842594494988,585584.3773423645
2024-09-18,126.65579823020018,126.75431167862352,125.90444797922852,126.6095407718455,126.63425952114662,321160.8822716628
2024-09-19,126.79201915232449,127.51797609644566,126.30624699260194,126.91036488809029,126.9591421831352,186583.86719252577
2024-09-20,125.59678233043824,126.1264069076084,125.52574282082116,125.80693783400784,125.81160605629114,393749.9096668308
2024-09-23,125.49060900263449,126.1720401406934,124.77575196020724,125.41179126009884,125.3729360522299,144272.14279101722
2024-09-24,129.31760729507428,129.4888856583789,129.35828190045933,129.4379233161899,129.4520748806163,64638.29884909543
2024-09-25,127.72041658405824,128.41161621918286,126.99288265356412,127.8967371302838,127.92227546757783,57917.6383855875
2024-09-26,138.87584188949728,139.1953190405424,138.17230137249473,138.90423627287984,138.9088423484456,257837.02344558336
2024-09-27,138.37751700884164,139.5741375255777,137.44575136285837,138.42234749341878,138.42238916638422,77073.00641882353
2024-09-30,137.26371935322905,137.70697995749373,136.1670683304654,137.20778934866505,137.1626081650211,414069.6883503544
2024-10-01,139.54634661727783,139.9159238874809,139.44035487001443,139.67103930235294,139.6951036207453,222621.10298067276
2024-10-02,133.55054959969667,133.99399254409624,133.59512250206592,133.60607947375374,133.6821300999959,165602.53709207798
2024-10-03,133.59436636174368,134.21003753805672,133.75094105983752,133.7790553578593,133.79056576212793,344730.1583369571
2024-10-04,138.846296698446,139.80577095127782,138.32736852308784,139.03447253153178,138.98620328496727,306700.65798938845
2024-10-07,135.93131701369254,137.2539883717172,135.6117445357686,136.1215686128477,136.14278830546832,209056.7223392899
2024-10-08,134.15001356619575,134.4355780848167,133.26531325263096,134.1160755284949,134.02923785616952,2041692.6870575768
2024-10-09,137.57452950700016,138.60264980021998,136.1494963940417,137.50082605901702,137.43063889409254,608638.8279727721
2024-10-10,135.91488959729855,136.2642439934703,135.53679033720078,135.9896128204157,135.98815456349817,116856.70588461072
2024-10-11,138.419880784316,138.1735114280678,137.8298212179113,138.1416170713934,138.17036706310813,319337.5775754569
2024-10-14,136.52684707365975,136.72109679358135,136.48303460580783,136.58411300209187,136.5410152609944,393862.16335823433
2024-10-15,138.8243070474667,138.99288613971964,137.59344617118657,138.5244443358375,138.59060290605814,338510.5613136227
2024-10-16,146.5345735472451,147.56874381079783,146.32401799571386,146.3719246196311,146.43671127536476,168078.7070826318
2024-10-17,150.7118575758869,152.40013777510163,149.50150923386644,150.61715224932317,150.658620434762,617910.0921912567
2024-10-18,157.41414560034798,157.46425780233716,156.11413680424883,157.3389424752151,157.40317092965617,361303.5678602005
2024-10-21,154.0447634334332,154.1525909625983,154.03699068424265,154.0769543761355,154.03339829315524,262497.2313374479
2024-10-22,146.40931377916831,146.98311754177084,146.52940946695094,146.66092746239306,146.6227272362289,309253.5280945597
2024-10-23,140.33019007126308,141.3293946499271,140.23814185843278,140.2598074716918,140.2832916631152,590236.0284252308
2024-10-24,137.39121032226777,138.10348274498926,136.40475227369652,137.24682403461892,137.21484107582697,440838.7502716967
2024-10-25,135.7128552184976,136.0009025910121,135.3251933904741,135.61824676053317,135.60709273573414,294932.641171934
2024-10-28,134.27456089273286,134.3829147674519,133.50233908085758,134.01057044324494,134.00209187003534,417081.1446209218
2024-10-29,129.92340790255398,131.83857699022073,129.32075193502817,129.99066493742967,130.04284011939453,85698.09879002089
2024-10-30,129.42633311875855,129.54962415642478,128.29606878905386,129.4357803743467,129.41264318793637,409375.9844785393
2024-10-31,133.02574032465566,133.19249165628804,132.50331817746482,132.91929873174507,132.92580141106004,469686.0187587691
2024-11-01,132.86513709177586,133.41245306525073,132.24205490226433,132.83748277772523,132.8923488101377,203418.01854677137
2024-11-04,135.13502407932154,135.35689771832006,134.5373992533975,135.0287549280531,135.0574795635879,540847.554855443
2024-11-05,132.30392350274198,133.54406023485996,131.7165931688219,132.3061879849583,132.27627033340346,527792.8394939286
2024-11-06,130.90445156790065,131.58738006639234,129.37064611690434,130.76368532918295,130.78365262784868,270033.21420626657
2024-11-07,126.75364711306256,128.22376019760912,126.92353963711834,126.96207990497048,126.91310487902282,508295.3329880744
2024-11-08,122.29407825724596,122.54088622809626,121.52466864591284,122.26886062383532,122.236851948456,509104.27862709446
2024-11-11,127.4095220363103,127.90917371801171,126.85934114527284,127.4090121676683,127.38501955613388,394184.8081202023
2024-11-12,127.63272093503076,127.84419770116249,127.27695372272176,127.61108922490902,127.6048728983298,339279.3707492091
2024-11-13,126.60915615403368,127.2021139241989,126.50149105932266,126.75794707806146,126.81609242665536,308468.860986842
2024-11-14,129.16267105868516,129.660830364827,128.3619944054069,129.23066380670585,129.2509996840931,746303.1264894629
2024-11-15,126.97366929269118,127.6522835173046,126.46385443625168,126.9367653506381,126.95036375933772,105457.28749491008
2024-11-18,130.24550581110003,130.72916347059095,129.93835452988853,130.46689086726352,130.45555476999135,1238310.0784924957
2024-11-19,129.76112329548351,130.1955643696069,129.48008420481816,129.79189640205232,129.81036895643567,162477.1503867284
2024-11-20,125.28618287384904,125.93163959078645,124.81381981242924,125.3120300457664,125.30752128121316,344622.75295582035
2024-11-21,126.22337944000628,127.25549855135048,125.72739353044996,126.33786778080888,126.29795417775472,520852.62239747663
2024-11-22,127.0866515587304,128.1208768055895,125.2079989973378,127.13207178963177,127.11575120955648,151933.49464132264
2024-11-25,125.05769572852682,125.2994336224318,124.23928784055364,124.8502381329418,124.84932972187016,710882.3529037054
2024-11-26,123.49410085177551,123.56234383177237,122.46635178763448,123.20390629970424,123.2012986181692,156125.27294216634
2024-11-27,123.00616307743655,123.1772330969256,122.46618283083102,123.1664945634627,123.1470908078292,319987.5505786871
2024-11-28,121.53882204285254,122.03042698279704,120.44432117113212,121.52978598266304,121.51717576355864,586986.0436801288
2024-11-29,116.0187281352426,117.03506691191777,115.04993648977116,115.94156170313566,115.89159857014172,276261.9955539978
2024-12-02,117.4392745975516,117.79069456656596,116.8981746315749,117.25308938236456,117.25071500348554,293521.20651335374
2024-12-03,117.71287099758514,117.75392019012595,116.63037215798556,117.63841176223838,117.59915220909232,362037.5220129532
2024-12-04,118.57401753540478,118.92094926103506,118.08429265850924,118.50765104676258,118.5218498964057,229011.89891719824
2024-12-05,115.89204646312642,116.60569962407445,114.69431451207392,115.8226618384194,115.85549556798304,135135.0723862946
2024-12-06,118.42603957763647,118.6321994172102,117.91223570163852,118.49592618625894,118.48821911965332,325511.6566515995
2024-12-09,115.22788539895254,115.685864536853,115.3198647316553,115.35984409370909,115.33854346657638,630758.569443174
2024-12-10,116.39351528264388,116.69809716592138,116.49830323940066,116.55141831594796,116.55820717680652,206519.3656343956
2024-12-11,111.35252315864318,112.14996742856404,110.27197286064003,111.4099678301068,111.42977204097768,293808.8756294731
2024-12-12,112.1806051462087,112.27948464447654,111.73699341734866,112.24769888506198,112.22255309104632,568189.2903733428
2024-12-13,111.25340071731372,111.11788734996831,110.94982924697128,111.0152799344884,111.00976377623948,372507.3644071122
2024-12-16,109.06079147650084,109.19960793418645,108.80612033121722,108.9394212319249,108.93827792647338,166203.00255867862
2024-12-17,106.69673941335664,106.90672188221376,106.65012000399668,106.65667278593703,106.67464624740737,147858.24301460155
2024-12-18,105.4123122461682,106.05729459216047,104.67613540998572,105.352837341047,105.32850189586333,80407.31542774155
2024-12-19,105.3869601712342,106.04156991982556,105.10593862185333,105.48912741594788,105.48226073982676,373250.5707208955
2024-12-20,102.11237206440066,102.83049340165182,101.97465339051632,102.17541950541238,102.16177483550683,152150.09044024078
2024-12-23,100.44187211399073,101.06515232627582,100.03573468526452,100.30521327558226,100.29218651318192,280969.3061422088
2024-12-24,101.51069797072996,102.44008601175663,101.00933023594804,101.58741033349963,101.62294971291335,249441.2450504236
2024-12-25,101.66329045150772,102.27945229068094,101.60242028671348,101.61449265489406,101.61284009211374,132814.49739585188
2024-12-26,106.91058569318396,106.90449476739536,106.07224337095792,106.83248604580297,106.84943040784091,133718.9113083592
2024-12-27,112.07082741514805,112.66542206121532,111.7479899683313,112.0159192525914,112.02697489144316,302269.9099847871
2024-12-30,110.52279189432856,110.65790725600527,110.54910348299146,110.63332119268684,110.66260349648644,206484.8028558065
2024-12-31,107.75951853968614,108.61886723012616,107.93175172030364,107.93738613190574,107.95666154448342,197183.4639748693
2025-01-01,110.85789833606364,112.0887481031939,110.04554880153906,110.83979523383844,110.8506371790915,204955.57513020156
2025-01-02,115.27613651958836,116.13606085405554,115.09800134344574,115.25292264858368,115.28517708690562,297569.39559427154
2025-01-03,115.0203096318142,115.27915909939728,114.70526536342712,114.83507199990667,114.83224524727147,297080.60994699365
2025-01-06,114.4275433765857,115.16388979609316,113.8496125106581,114.21555330641309,114.19824027095702,277213.43496130186
2025-01-07,116.27967619374589,117.54577775496789,115.58749330917648,116.42853189678476,116.40224790507412,273028.6812007553
2025-01-08,116.93036519434492,117.50161197861291,117.02983475574526,117.03570389659046,117.04735155415965,116503.82287328648
2025-01-09,116.51567164667595,116.69140307227252,116.4478520345636,116.48662933888612,116.490931022545,273351.5305122966
2025-01-10,115.60503217475762,116.38687125313182,114.95200639430114,115.75574757981832,115.7605985659989,291189.4323276778
2025-01-13,111.24766340756987,112.0432344044702,110.79029901467264,111.2698433965319,111.2494778337805,65527.71353484
2025-01-14,113.03090759610004,113.08887176667608,112.97964513694392,113.0697197080643,113.09583264592204,227488.7436170033
2025-01-15,110.73659383635838,111.61903277463848,109.58292109157432,110.80458989374344,110.8134411526248,288562.05454369175
2025-01-16,115.63276210411198,115.8079819288401,114.89442742738098,115.74514897874526,115.71771318266636,654654.6826906255
2025-01-17,113.9796262826236,113.95392245101674,113.55087256824896,113.93289114667952,113.92688463976812,169845.5096265763
2025-01-20,110.30381878915988,111.44558643938994,110.0535572303424,110.2537997980937,110.26140456395385,519125.30266808014
2025-01-21,109.9992585611064,110.78135181808568,109.9623814408014,110.02953250190978,109.99495810591974,351536.49180845934
2025-01-22,109.83389888192794,110.85594803511394,108.97669354392964,109.72752652430556,109.7650237386679,397363.74007998937
2025-01-23,108.84418442344152,109.55240334117192,108.4587065542236,108.97339257046796,108.99428071017094,156907.94314015735
2025-01-24,110.788202834883,111.33759709786762,109.87968825117052,110.71398270985452,110.68051602043872,266860.737381519
2025-01-27,114.98980354177463,116.40032065819972,114.52764525781836,114.81651515663624,114.83171703545491,141330.13545694834
2025-01-28,118.18751893382831,118.70879309465394,117.81548122304817,118.31851409371822,118.33979563784958,194275.3466708304
2025-01-29,118.17626820630905,118.79842924203948,117.70539086677611,118.21381200810744,118.23017653932897,461786.4613498375
2025-01-30,118.27093854701988,118.66974994811058,116.86778512954643,118.14315179952854,118.16778977112013,752416.6343735338
2025-01-31,115.98190747680012,116.41662203870897,114.80837276684476,115.93955600086224,115.96794021891834,832840.017333844
2025-02-03,115.38555354063205,115.55371166891564,115.05542254402964,115.46129100529626,115.451313315804,436852.1497368562
2025-02-04,116.79756921605774,116.71433731056572,116.39215783427628,116.66205174017904,116.6462604849672,314505.7921908627
2025-02-05,118.54873724882678,119.65271056298128,117.81559630913988,118.75006467270492,118.71755243421704,198799.86371777765
2025-02-06,126.58880282107812,127.41205753251587,126.25350447202564,126.51456728117276,126.48304889971158,2592423.6358634336
2025-02-07,127.36989784530302,128.27785086082645,127.38826071406436,127.55056775567787,127.58844513667394,305820.85734667466
2025-02-10,121.4802595328728,121.80141138087116,121.49689247749696,121.68797130002106,121.6523772051539,260557.86311884085
2025-02-11,124.55815403543,125.62538114511884,123.71118409992872,124.59745769608163,124.53417885183644,125309.10641468654
2025-02-12,123.86666577668598,124.10092339929722,123.70370096333038,124.05090942798152,124.04036200238716,142035.21691668525
2025-02-13,126.16982867676944,127.04591094214676,125.66467114843226,126.02658069202964,126.02344674975126,1302766.2405388895
2025-02-14,129.862353358157,130.28926646785396,129.71367875914856,129.78139800579888,129.73739295438995,380400.5647321145
2025-02-17,130.75522461440897,131.8156281966661,130.85807808269297,131.02024673067828,130.99529530575413,387934.8058494369
2025-02-18,130.51500020972034,131.1078622783408,130.24241348692786,130.45575740082992,130.41610858310804,305357.83471258654
2025-02-19,132.90278713509286,133.3433081196023,132.69554647844276,132.73097982697135,132.7229321667695,85530.87342898887
2025-02-20,133.26633603220793,133.6439357190559,133.08878469549572,133.2488926121745,133.21106365204264,205599.5423685483
2025-02-21,131.24191123192773,132.62685650590322,130.12900448704573,131.40354094839714,131.46703881179425,128839.21617475644
2025-02-24,130.31961326875495,130.84280905196218,130.23482657326934,130.360070291014,130.3538527695289,334732.62013366946
2025-02-25,128.52227318176088,128.805467175294,128.40749921628654,128.58487253200744,128.58761696300874,249220.00107018743
2025-02-26,127.6570417226087,127.57751057386716,126.92542338128833,127.5418999895448,127.53951059703016,216427.1792278796
2025-02-27,131.8086380775464,132.3128318104853,131.0780859542118,131.53936282173245,131.5398750555922,100922.37666043716
2025-02-28,128.93511314997656,129.52726746134198,128.8189677859269,129.0192116136761,129.0038553355098,407505.0875032235
2025-03-03,125.65469232922766,126.55921300385089,125.04741354703188,125.77295323863343,125.7922659259811,150670.06836889518
2025-03-04,128.46274269756623,128.58226510754315,128.29610933435885,128.56945898539192,128.55832367168543,383500.6769029518
2025-03-05,130.61179639454184,131.64031003159823,129.5979490127228,130.63683221307016,130.66567356245412,396925.3421402412
2025-03-06,135.274176267655,135.45597861016043,135.04192043593054,135.1547733406377,135.14071272029665,372595.383560314
2025-03-07,142.70337490906013,142.99585594230388,142.20046415090334,142.48635399948,142.4576121778955,181439.0223725476
2025-03-10,140.42729844075427,141.03414361845253,139.27646718327543,140.19407117631798,140.1572821694032,212653.73248330643
2025-03-11,139.1217377370342,139.8833492061183,139.19139148471703,139.285899828311,139.28350854568325,293623.18817189906
2025-03-12,140.43171140516435,141.2256422732437,139.7930786399167,140.50156146673132,140.54324706726777,270425.1670371383
2025-03-13,137.70797105963683,138.7847711133711,136.88680291392686,137.732639682601,137.78295123590263,191635.34981046332
2025-03-14,143.5854391984415,144.20235565758952,142.4312087573557,143.4849598677782,143.56870566564874,163560.97710431137
2025-03-17,144.4735307195492,144.77865829874008,144.01600826003423,144.40666625189897,144.40040882688825,194526.49183304087
2025-03-18,149.8945081798278,150.5385653653434,149.73382746051095,149.8232907855566,149.8592054783924,189072.7179277289
2025-03-19,150.25467160801503,150.9533190947443,149.1884567620496,150.08475647506717,150.07268037245998,325684.9945952431
2025-03-20,148.00368393428525,148.40880834519174,147.1435070947043,148.03411326938098,148.0683966625429,258463.54706076195
2025-03-21,147.34841418883744,147.29320671454127,146.19842871711447,147.28437395764684,147.31068480058883,93378.76377834423
2025-03-24,148.52712918591251,148.70351397772046,147.9178028789951,148.37677985698886,148.42830428917668,196853.094619909
2025-03-25,143.7052496979856,144.5194033137693,143.5820475556209,143.62859398820623,143.61936131267777,178452.3604026722
2025-03-26,145.5676967246285,146.14666038612353,144.45175571521278,145.5237657116904,145.5415367182164,118547.6433786054
2025-03-27,147.19841849324564,147.38697039364902,146.72092743205818,146.77808715460822,146.7919524175667,109222.41665900416
2025-03-28,145.82518121564846,146.35503195516918,144.83360805530518,145.80322377816395,145.8306290499059,99448.44522088516
2025-03-31,149.18317107254242,149.1271901382099,148.1921461643315,149.05516634732174,149.0645450784332,401864.8814828356
2025-04-01,149.61044235394743,149.76682174096882,149.03861199706242,149.3509882425227,149.39813995915495,359782.6343378113
2025-04-02,156.2449495760221,157.0931303238963,154.95100644181633,156.2223837591599,156.23101743092508,168406.7383642762
2025-04-03,151.1218454862557,151.98705031553692,150.00812356905533,151.2493455984931,151.29021278352943,92469.47730957666
2025-04-04,149.614618205913,149.7135471111951,148.3945125599789,149.66111017769165,149.63399536764425,219798.26776855375
2025-04-07,148.63807434143575,149.43865424504352,147.98534891737322,148.83758168492034,148.80415132643645,225118.6347415408
2025-04-08,153.99817336743297,154.84616279825295,153.59048397506115,153.83881725601154,153.7761880921129,417080.8108286821
2025-04-09,148.18003695676808,148.56671485568629,147.73861012809851,147.96212771979577,147.966060583728,649038.6008639381
2025-04-10,156.76625973293935,157.08597382490865,155.28371148093532,156.71233392411017,156.65737315455382,175311.2074461875
2025-04-11,152.96012603256557,153.54285354154032,152.81706349963272,152.90505183975355,152.9217963901765,274405.9046606453
2025-04-14,150.5852708885014,151.11587244709767,149.61997826196117,150.61855287524872,150.63603316421057,177777.02299245933
2025-04-15,146.8774456317915,147.54262953963425,145.54586792429183,146.93398995335014,146.91461992646646,310982.3842586564
2025-04-16,152.39606710215992,153.05802775942476,151.38925585883302,152.27807049831836,152.212878131193,287610.735014028
2025-04-17,149.25573143419186,150.0906636417275,148.91801380833394,149.12721987717313,149.1819704245108,109742.33133871669
2025-04-18,145.6602223883757,146.41035969141666,144.58054640202863,145.77237013724567,145.83574933256492,523127.45928016
2025-04-21,145.97787607409484,146.31118969043374,145.28962643248036,145.84996142905638,145.8208158923666,425605.7030170076
2025-04-22,144.00535661107054,144.42676951556925,143.6532002948761,144.057713338054,144.00782670273452,197435.93743587536
2025-04-23,151.66379328929412,151.54296081406105,151.05334766037595,151.41929893128258,151.39587258784843,344655.0532743001
2025-04-24,150.64408438227505,150.85836438046218,150.09967554136625,150.44210432117208,150.41063741040008,351155.72051992314
2025-04-25,143.7000934599749,145.1249548842567,143.26323061465632,143.64579298237766,143.69127257863332,335774.9312195698
2025-04-28,140.92622178674415,141.5049077051397,140.5483290230329,141.01608566268695,141.00159228955374,165655.0412092434
2025-04-29,142.72044989127167,144.53167794148408,142.781050827416,142.87404033589254,142.89888040406987,260280.3447532774
2025-04-30,145.79154640845886,146.60109569526588,145.10293560255397,145.85715283153627,145.86807047619706,446196.7265538233
2025-05-01,147.378985276033,147.36512488229334,147.03571899470458,147.27101148700365,147.25968207570918,369817.68383557705
2025-05-02,155.30269347947524,155.7998448473674,154.5838438662697,155.22736132732686,155.21665004120854,275634.9587294598
2025-05-05,158.05171538159968,158.35951203609898,157.01755584261662,157.9948645358306,158.0021530380999,232192.88477922507
2025-05-06,158.52444816502583,159.38988154470798,157.75289278987486,158.51876278437732,158.56309758034726,196869.4748436755
2025-05-07,157.56686646375582,157.8239047929588,157.71591272610075,157.71768073943932,157.72375655960423,1044458.0723235452
2025-05-08,154.43626384888523,154.50693394466188,154.22242629440606,154.4307301459893,154.45050410428257,164004.92068364445
2025-05-09,154.24594199282538,154.49572406920228,154.10308427274282,154.4168088126938,154.3953698983907,121850.61901529976
2025-05-12,157.61195994646607,157.98593168262985,157.43740334144488,157.57386153077434,157.54241571540777,217798.14261573163
2025-05-13,151.9688431807767,152.54742749248646,151.34587717960622,152.23522130163656,152.23914934915015,415090.11784745153
2025-05-14,142.3245463191693,143.14350370904708,142.18362553281392,142.29548302645202,142.2882981446605,355021.08455743105
2025-05-15,139.99889474235113,140.67904792843788,139.66115630914754,139.99501191807812,139.99802845411267,318284.17862707673
2025-05-16,140.54731270761758,141.29880089018144,140.25897018918116,140.60754548154242,140.61661570924812,120207.09029123024
2025-05-19,143.72817009478652,144.47546635030466,143.07313690674948,143.6457630935312,143.664662108407,98975.38583553689
2025-05-20,145.9263298578841,146.42921546573882,145.1729253233812,145.8014217380098,145.7602537014374,236882.43221572755
2025-05-21,146.33258284919177,146.9761223480864,146.37757970518408,146.45141439791192,146.4120467482332,252489.36149018572
2025-05-22,151.28520694774244,151.35743781508006,150.76587058747623,151.01731590016706,151.04094649433569,205659.81956247025
2025-05-23,151.39118021933623,152.88115753212224,151.0129973423063,151.41616603106405,151.3985171116284,268860.4895580219
2025-05-26,151.982081151515,151.97841458953016,150.96885005918185,151.86996909817185,151.92306384143683,170144.42408363876
2025-05-27,155.4123146930799,156.353582623182,154.9239762882798,155.52207421002717,155.45805586263796,264363.35457210045
2025-05-28,153.5786162608584,153.64647085112216,152.81357908901924,153.45488383221158,153.44753112748737,292729.0786653811
2025-05-29,158.63673533359824,159.8061308125472,157.9938913889767,158.2534236629421,158.25118560804918,470869.2171531233
2025-05-30,157.3358420804387,158.04435390819796,156.94357379242436,157.5615709022889,157.53708628327965,464575.2463538804
2025-06-02,156.75519835591302,157.9558636279028,156.5395355256678,156.80013478767913,156.80567849965604,143750.60937182527
2025-06-03,161.0054885174111,161.31665501266517,159.78217880601784,161.07369766687236,161.0379562515259,758425.0056831151
2025-06-04,159.479363111017,159.61049096095212,158.5845027451654,159.56163409013243,159.57200919594044,226253.9818050524
2025-06-05,156.57020078183098,157.67341514192887,155.8568764770409,156.49091679534845,156.45929444632264,395589.30560454587
2025-06-06,147.43144129243404,147.86946584436637,146.99193046527014,147.33841380036478,147.38568505363727,161380.05704715714
2025-06-09,140.25417016549133,140.26275101834256,139.1382102003681,140.17054728851528,140.12884003135733,316551.18740164913
2025-06-10,139.5004084165847,139.95268741576908,139.13643274644525,139.6409055002689,139.60052293484,1007458.802763679
2025-06-11,136.5937315362357,136.72369865071775,136.12287271907437,136.68205084050646,136.68045057485082,276303.17655257776
2025-06-12,133.97747655275512,134.94291583389992,132.47456360278545,133.76682301158314,133.76755278273347,816516.6236284804
2025-06-13,127.74374656886548,127.70817568882715,126.119293986199,127.65618994080349,127.6409088629048,0.0
2025-06-16,126.28726286649676,127.203324664871,125.80359714009988,126.53437221856584,126.51768395772864,139723.39824916748
2025-06-17,122.5918811677228,122.98841496061392,122.16323358965502,122.44762851082632,122.4874195488009,204369.72891976585
2025-06-18,123.7748287697544,124.56855279316422,123.39954537336428,123.84128878323398,123.84572043791654,264815.01942812925
2025-06-19,120.75868539652804,120.97692306627796,120.6338743237726,120.65544162107052,120.62741682579887,272135.4220186911
2025-06-20,124.36880165058784,124.42373815637494,123.4676614026367,124.36539442844636,124.40494058917886,141195.35511752285
2025-06-23,127.42267278240853,127.61180221461376,126.35533003631728,127.40765562913128,127.34254913955291,158365.91956731313
2025-06-24,131.36929021145306,131.38239435755776,131.0129138493117,131.11391286281227,131.1811801494768,214358.93705794163
2025-06-25,131.84159907512992,133.4424674961961,132.08550642185756,132.12430492350688,132.1369468720269,172770.59361333208
2025-06-26,132.8162998756383,134.07730244992996,132.231831394943,132.86296659395015,132.93379625160284,124771.86335178076
2025-06-27,133.3844555810806,133.47723392845995,132.73045061040148,133.21597364663194,133.2637333405789,315705.907399125
2025-06-30,139.75432604786954,140.12884226791292,139.29535847061143,139.6516546260271,139.65158749175075,248703.9664813607
2025-07-01,138.87151469632505,140.13416956078197,138.92530368692383,139.06970035308416,139.07435083517615,779590.0711651238
2025-07-02,132.8856542083657,133.44087620970052,132.13501392735088,132.86150841572575,132.8154294013111,333120.80454829044
2025-07-03,138.421394008162,138.74544042218665,138.09413109983552,138.3308704200744,138.342943190507,1604607.7812346115
2025-07-04,142.41907644744396,142.90242833129463,142.1576756843001,142.28594632851556,142.2972151193684,248930.61559842617
2025-07-07,147.49823110615102,148.861502472084,146.91714760368325,147.64281063036728,147.61487102839152,204366.30548279823
2025-07-08,149.24461740297193,149.21514327210585,148.28960682115684,149.20661408977728,149.1929131261577,758275.8630286021
2025-07-09,160.73067916006156,162.16244081542763,160.30248790363024,160.93304182183945,160.89628521043784,164644.38603165696
2025-07-10,155.03169659239606,155.89850894403708,154.3044390941564,155.13763149839076,155.1360907125386,124046.14100354386
2025-07-11,155.80904951134687,155.9657016188609,154.9245693338494,155.774904393862,155.72111836357504,391813.4982275447
2025-07-14,158.2028202450015,158.95371011136154,156.52120112174708,158.21527344693652,158.2248119469215,440271.7795593967
2025-07-15,154.74530267668146,155.1857632133746,154.47741772560272,154.97467933979416,154.98754529783056,156246.0873120306
2025-07-16,160.1588285293106,161.5072726615196,160.10142505284483,160.36909871949211,160.33397994762873,165256.1986014928
2025-07-17,160.37988815524557,160.75711886641622,159.65410605497706,160.29525526459685,160.26718036582918,167766.68930043696
2025-07-18,158.10865324364235,158.97459049401124,157.4860422937104,157.9336519967416,157.8724682596079,448699.77406515577
2025-07-21,156.1181141014539,156.96058480343993,156.17060534678177,156.4113445366636,156.4130518680637,791809.5188303154
2025-07-22,165.89684884925413,166.26037438838222,165.48863548759698,165.89255388060883,165.9174535324098,555356.2953779794
2025-07-23,164.3499111725103,166.18758248987706,163.7619263588843,164.2043823713823,164.20463845716958,1060657.2584182378
2025-07-24,165.346624364302,167.3713832600585,162.57716286955542,165.1844627970625,165.19346685147949,244094.62384233304
2025-07-25,159.35359970025317,159.42887429347476,158.7751488561903,159.22153875140407,159.1929213723716,196758.1175779089
2025-07-28,153.667316211256,154.47357366799255,153.72748167859004,153.73659326987865,153.7705117322063,375444.77277531015
2025-07-29,157.58972683957782,158.47789980009128,157.1376442719313,157.77616488913557,157.79258481893464,324499.06881980033
2025-07-30,157.0339960733849,157.57712994499607,156.54161945253793,157.31099511971823,157.35018053543627,1039397.9275310856
2025-07-31,149.0323798018298,148.7062098368349,148.28155996577297,148.69209952742366,148.72177896045022,369866.42300643487
2025-08-01,149.4287915490102,150.0115430909792,148.68182908696727,149.33455671112011,149.3530219136084,188846.01393120489
2025-08-04,149.22839642427792,149.98005044817887,147.66329160834468,149.06073634096674,149.0312176226445,363847.6240097251
2025-08-05,159.1949503643111,159.6931308473946,158.67212430782416,159.12058275626111,159.20356357593073,158283.15663165113
2025-08-06,157.5246816889461,158.73479727144468,156.38616592315915,157.4410046541048,157.4130260814192,165727.27973931868
2025-08-07,158.20351677051892,158.2172303951135,156.89970982083696,158.00208015561617,157.98251851947649,145900.52318300385
2025-08-08,153.09016444573706,153.9497474897354,153.0994534296403,153.20970340142583,153.27483839785313,697763.6328325591
2025-08-11,152.1466354845348,152.15158784628224,151.25640131276626,152.08003505051562,152.13083031870727,96310.28715402218
2025-08-12,157.04390400657812,157.68971154517052,157.0954950212311,157.15810823660914,157.16908916503098,411246.2018612032
2025-08-13,158.84040743340594,159.86677714492893,158.65397805990116,158.89958181655808,158.9023809705267,156000.18764948248
2025-08-14,156.34289662877765,157.9842716582095,155.43328915004287,156.50067676563117,156.48021862768857,96022.1488570932
2025-08-15,163.48502299893886,164.25448045842236,163.1052598367566,163.49018557159064,163.49062815747573,231084.6755855732
2025-08-18,164.05759820593192,164.78885188662215,164.13513775652646,164.2272887739661,164.23854135202137,351427.06390653754
2025-08-19,164.80677173604977,164.99569873056186,163.3148405321083,164.53752256846275,164.5167612297649,274801.2395026155
2025-08-20,158.8291302932405,159.00918533483122,157.27264943015655,158.59933538399278,158.59836204436937,141134.5615395902
2025-08-21,157.87215476507387,158.19169685244682,157.40951023045477,157.8808388820975,157.8907488265674,803338.0911701428
2025-08-22,151.69810874725744,152.28541998605817,150.9922574558274,151.74648038161317,151.78435583844444,320000.64963582176
2025-08-25,145.3123979074089,145.61102892401925,144.04101231845257,145.288619212971,145.2503250821257,242463.20268743933
2025-08-26,144.9054636009976,145.56469163444044,143.5845252863054,144.81233522052173,144.8365013491947,231705.46813697545
2025-08-27,144.19618180898232,145.77436788688826,144.00573302463278,144.28370221705578,144.35851643954166,378849.3959515177
2025-08-28,150.26785730392908,150.359899550396,149.52253232622945,150.04391839175187,150.02523966183816,871293.5850943311
2025-08-29,146.44345267898126,146.45607522158895,146.22972755979717,146.36152569929277,146.35817365071824,148147.2472868611
2025-09-01,143.90446041273566,144.35504380760986,144.03432821179118,144.30552587623913,144.2530383195834,185255.4061517975
2025-09-02,146.04537095664352,146.74545540917893,145.4671797515225,145.9940039522001,145.93307430555703,468107.21399432654
2025-09-03,149.82053283706887,150.35260120415302,148.79251661322377,149.70464032834826,149.69180584937965,162389.9681990972
2025-09-04,149.69253487510892,150.60214456227246,148.86931515748023,149.81487584300922,149.78681956087016,85037.1885477844
2025-09-05,147.77206609319572,147.7900681618962,147.3395664627343,147.634412412566,147.61404261507684,353198.4935758225
2025-09-08,142.9311934278783,143.73279540093966,141.64295307752786,142.80333073241982,142.78566694398367,171304.61579805816
2025-09-09,142.93612605667738,143.48426503043876,142.2122721371219,142.72185196945907,142.7000554013401,107656.23445483916
2025-09-10,144.85077452068606,145.35405817767793,144.46918306387326,145.1073004390235,145.0791693853513,1124944.379017894
2025-09-11,149.02073413845017,149.7359417198417,148.58995256897424,149.1707136416315,149.2065594702217,111282.98937426228
2025-09-12,149.7108043931239,149.90542753292257,148.59419309745846,149.77407453938642,149.85097560710696,183982.6985335571
2025-09-15,142.74342277114607,142.80717862081454,142.6242221449658,142.63151608149778,142.67899529382237,411495.747764997
2025-09-16,143.2188867849367,143.25294425121024,141.35832951567295,143.13115746145428,143.10315374849512,904354.5024431484
2025-09-17,150.31322228733447,150.3357786535465,149.83120004489743,150.31990410049684,150.2714343543851,340654.099929224
2025-09-18,152.94313873936667,153.127256294756,152.34458487811293,153.0966618029936,153.1134698500976,260027.50221152385
2025-09-19,147.9244862370108,148.36002760320372,147.41247656127427,147.8978704977481,147.8074035917275,130232.12405955144
2025-09-22,147.8788711414151,148.45709509223204,147.6903373592805,148.2511198524781,148.32695584580784,216024.0634527227
2025-09-23,145.48096871021866,145.7870029950683,144.67683477831608,145.5125669386259,145.5840660991513,291796.40687860723
2025-09-24,143.84176659931674,144.08258598419673,142.89671421016746,143.7668763511535,143.75078509643745,205381.91063128636
2025-09-25,141.45334144420366,142.92081840696235,141.3969180150341,141.6034562501584,141.64021836146506,175658.97422936637
2025-09-26,145.50679505250815,146.0945250817665,145.0538623222238,145.32086841837238,145.28742000949904,191679.4650345898
2025-09-29,145.83530432315376,146.36493465127836,145.80529230385267,146.03808793026215,146.02138430683632,320897.03344841447
2025-09-30,147.4709117727866,147.62139343357535,145.59576567621923,147.27815533669258,147.2306909157237,236607.25939587425
2025-10-01,151.20874325938993,152.22024063402532,151.18317778855712,151.37538976069882,151.47836949307705,129603.00911650831
2025-10-02,161.298663304257,162.92137496708503,161.48392395039812,161.59342773837798,161.64347213534018,280572.26157818094
2025-10-03,164.72266363751478,166.15726510429113,163.9512387517654,165.0371313975935,165.02446983477714,129696.91659047398
2025-10-06,160.1116472888019,160.9677620611975,160.23762713525514,160.38722380680002,160.39245526021156,66895.85040020944
2025-10-07,163.695937191863,166.4179121340397,163.58538658845788,163.68449968073958,163.71752495603067,539658.5935937221
2025-10-08,162.98434048986388,163.11127925511911,161.75554439940413,163.01827496337216,162.99168928429438,584817.8695252849
2025-10-09,159.02280115479152,159.91859202495704,158.57172204821688,159.13992463516837,159.16105803780192,519646.88284522254
2025-10-10,160.08551045209242,160.29659744673089,159.69735230666723,160.001116222114,159.93164693505534,271323.7658942586
2025-10-13,161.68669696348155,163.22729814385025,161.71522238479506,161.76054328728188,161.72333152294308,304989.9589541437
2025-10-14,162.53603405997717,163.44959416873576,162.02285603645123,162.6317590096172,162.60415571172166,233948.34528739663
2025-10-15,160.97144693329804,161.2884109132633,159.13825178904952,160.76121155217413,160.750402796947,445384.5495616006
2025-10-16,159.17857997411906,159.8222299916363,157.699414726662,159.09676802335574,159.08768386547567,300206.8363709382
2025-10-17,153.84040652719955,154.75508457831606,152.9055231449138,154.12373940687394,154.10777644642477,378524.5226524612
2025-10-20,150.928446683581,150.94596410930876,150.53497540157147,150.7957723688654,150.80566894509147,264461.0009898246
2025-10-21,150.15741850766835,150.0762635510563,149.58469600473072,149.91593811785862,149.93320461530084,164849.48175727867
2025-10-22,145.8787707782152,147.82273411289668,145.81354765884308,145.89562659256802,145.86423402379853,73932.9094685184
2025-10-23,145.94550201995133,147.27885806768714,145.64526649963972,146.1486161596751,146.17068644141108,104649.6197667424
2025-10-24,150.70475398266416,151.91733905983364,150.50415011345015,150.81045234949084,150.82704123453655,160735.68776935927
2025-10-27,148.57145369437217,149.60556408702615,148.20341621782325,148.5859913803969,148.52741447625763,609626.7117073532
2025-10-28,146.44155573561508,146.30245321690143,145.77897138137607,146.3024516758805,146.32549422867007,466070.2053758155
2025-10-29,144.2990902261137,144.9726607193206,143.96270248177166,144.26640698039537,144.29606128250433,828355.9144221235
2025-10-30,151.74601559906282,152.12182247424778,151.46137892279967,151.7088625018363,151.68977877148782,280161.9370929622
2025-10-31,155.37553695613286,155.27098994271086,154.25682719857446,155.24278784193274,155.24024253885943,157876.39561498372
2025-11-03,150.03755135375238,151.13833852346966,148.85713020105285,149.86970942972732,149.81511610480032,288698.89072195406
2025-11-04,154.9282781346604,156.07305440958916,154.3381897488407,154.9347754156246,155.00774118659362,155953.82591578225
2025-11-05,157.33003398680813,157.69632952470704,157.31809781424076,157.5677864966086,157.59627451347566,201506.97161530424
2025-11-06,158.50755360880845,159.75117413531706,158.21585254738233,158.60528317229853,158.5612340124082,339615.68116430234
2025-11-07,156.7888624519104,159.0750025343855,156.55826041873274,156.87827308353656,156.8915923878967,425010.469633934
2025-11-10,160.27356570520777,160.29038382671925,159.8995777833688,160.03258808451957,159.9866449691826,506623.8546841458
2025-11-11,160.72213804588267,161.25985047757018,160.7428294558398,160.93483111042212,160.85132101053244,559253.1765289645
2025-11-12,161.95009792143506,162.529767642423,162.14124850828568,162.2892127612228,162.23496448122688,436673.4938759836
2025-11-13,161.18904576100402,162.0893957421628,160.38983752520372,161.26040133126955,161.22920800002277,146993.11515253686
2025-11-14,165.04014077379767,166.4565711555877,164.64924927742473,165.21448372434602,165.1571519683962,441099.095531923
2025-11-17,168.56686630571153,168.74708469375153,168.43919129821856,168.72903499180794,168.7241316004915,511117.93106632587
2025-11-18,165.70747165592527,167.04067176908242,165.38917954577136,165.7161102873454,165.74579775507874,144215.9432712312
2025-11-19,164.96312930984178,164.6445397729259,163.8355439513463,164.47210851580573,164.56236446838668,183135.78727769703
2025-11-20,171.55043419619747,172.32098477860603,170.5319530153951,171.4581909048357,171.41762813723696,267971.940683053
2025-11-21,167.48951816209768,167.41655961976863,165.87753000268037,167.3172034945824,167.30300769943398,750003.0703139238
2025-11-24,167.22475956690508,167.74746917689316,167.0661496196257,167.37865152412823,167.43160875593915,294675.65729679825
2025-11-25,169.09774556918907,170.18528301354164,167.83353837323853,168.9325226286006,169.0068657385386,246259.4096948197
2025-11-26,168.33671057162888,169.30185199866386,168.12967062447407,168.45516747620442,168.50387292853804,289232.57899712696
2025-11-27,173.08648161991056,173.52129276811027,171.98895882383846,172.722653570248,172.81707427440654,95399.76543899524
2025-11-28,168.96064779611228,170.76521000933147,168.7969959381265,168.95807488633156,168.95348473521676,230091.8028625197
2025-12-01,166.45198488414945,167.1143989873228,164.5347249727307,166.19722578939408,166.1176238963297,394673.9195820699
2025-12-02,166.78160427517682,167.55539961776122,166.93812786967723,167.07737156077033,167.08462599824492,217782.2829662286
2025-12-03,168.09741465625228,169.85223427891657,167.43994661334892,168.2693038655529,168.23695851617484,675216.9503150557
2025-12-04,170.58824519234304,170.711570862682,169.93161291999243,170.59826115854153,170.65412415243495,516593.3792945657
2025-12-05,176.97974120635865,177.92344433941403,176.79188038773228,177.03314571674767,176.9743963800392,372384.0584921696
2025-12-08,182.32143482975488,183.42013403007357,180.73638017763253,182.5611700263522,182.5900033747729,481720.4722524327
2025-12-09,180.12647900894032,181.36542749023891,180.0573229154657,180.2275235382052,180.3217869835368,91725.7863866916
2025-12-10,186.111110702574,186.52271109432385,185.3222592321305,186.1204454487484,186.16861679372488,66314.96303126337
2025-12-11,186.6420714525725,186.54826377264789,185.54653586128603,186.4745879205641,186.40900368418465,233764.7741882228
2025-12-12,184.29462544344133,184.6611893115123,183.8019889686107,184.36102943060288,184.4346648550317,478832.4554881764
2025-12-15,192.77746366331493,194.377385866554,192.0275485369449,192.90468382389517,192.95236185142875,177094.90829332126
2025-12-16,185.31769393265503,185.7795128209825,184.98069854217167,185.44407850796907,185.47978503702052,142689.3358280921
2025-12-17,185.34847496493924,185.4083783340207,185.1814898563967,185.2701713715317,185.22196766647545,268995.30688246235
2025-12-18,184.4264804433288,184.90185397126524,184.30198986219165,184.6121990218012,184.6174987788429,263085.7925936512
2025-12-19,182.72030056448068,183.29194590755685,182.6890208882771,182.86223138584447,182.83865284146412,170951.64047401538
2025-12-22,179.06695193405378,180.8916168954952,178.1814128142932,179.43550551240793,179.45804782393503,120321.29709086406
2025-12-23,181.2446087536541,181.7304181558905,180.0536386165291,181.04569559122515,181.03106632319407,80251.34664926869
2025-12-24,185.8276442859761,185.70477398455083,184.3646139272408,185.63368109829804,185.63368109829804,228891.6148461748
2025-12-25,175.08669657846283,175.82986320152557,174.87406499666005,175.01122324803785,175.03831236807844,136720.65481382172
2025-12-26,172.44202216765714,172.50492828099487,171.27211737471367,172.45736042968034,172.45213315328377,260118.2119232483
2025-12-29,165.0908433513671,165.4752746401682,163.86801169014433,165.15867448139537,165.19533444629505,221789.86491629836
2025-12-30,160.26897780737335,160.31424470986389,158.54507049587397,160.03497672666265,160.031752523049,173773.59792177225
2025-12-31,163.98574761173865,165.4570127130733,162.74915656654642,163.87505081685725,163.96460567652582,132860.73106863623
2026-01-01,163.77062289343598,163.80549232307715,163.71957169017702,163.72220750411304,163.65835457618527,174103.75496758206
2026-01-02,168.1165182549182,168.483440334316,167.10843827845312,168.26218914737038,168.24373660178065,221911.36281872337
2026-01-05,171.7592523302649,173.62132323950593,171.99748315003887,172.01075121880524,172.05915833722415,231626.09234213317
2026-01-06,167.71708134723033,167.67646966154018,167.0798523881273,167.65241642461447,167.6462801282805,627247.0912982
2026-01-07,168.22487290502949,170.21742412104183,167.85170688584049,168.42274535882217,168.473062076468,482487.1193689428
2026-01-08,168.30358534617895,169.35689448864963,167.0582522364541,168.19732031335627,168.20174932570495,331758.11170276173
2026-01-09,172.5062961166447,172.91614513902306,172.3430245053462,172.77189022987142,172.7217320075162,338600.5219784314
2026-01-12,177.4351220827896,178.65474459846575,176.85630718794627,177.59858919513144,177.6539261910076,330061.3166149588
2026-01-13,165.72483698462543,167.5175748659311,165.89536725418546,166.0774558047563,166.12597703964627,445312.801495876
2026-01-14,167.80335920329196,168.08276572204787,167.3602187560717,167.49864534984326,167.50882777480885,786308.4136784906
2026-01-15,168.9283407008236,169.48333144378387,167.2778738338387,168.55790787012862,168.5663723223736,531934.4796353224
2026-01-16,175.88769721095647,175.82059205225417,174.88684420069194,175.7185969823595,175.79887410377145,437496.9675968714
2026-01-19,179.07505639886074,179.21138841347874,178.03721010318085,179.11678998784691,179.09071007841175,162984.82992862017
2026-01-20,173.39161328440548,174.216318974522,172.52072114792554,173.37272399586593,173.39622850356866,840741.2353934619
2026-01-21,170.02470652282454,170.67449024736396,169.26574117377223,169.81360608732962,169.88878741229794,159839.26900451267
2026-01-22,167.33343221245923,167.40312765484683,167.19637312773654,167.26942514097138,167.30237271396354,177379.51726159808
2026-01-23,173.20217037658847,173.3754214772999,172.21945235590428,173.3564482095011,173.3332237018319,176386.2735412025
2026-01-26,175.779709592984,175.9009604102883,175.27895599705033,175.6501320684641,175.56381748856802,421033.3049426068
2026-01-27,177.56745611338243,178.84216868848534,177.2246810986426,177.2748130125406,177.28691761345183,90890.8837023939
2026-01-28,178.15290263789922,178.56388379311815,177.9192388177074,178.47547998665468,178.50303255054007,356807.610794944
2026-01-29,178.88853828013285,179.5835924093644,178.17078314444868,178.87164340782985,178.87164340782985,512997.0885438172
2026-01-30,173.36111784566515,173.40352142319833,172.94550933084656,173.36160133271562,173.3876585097828,442352.3391204212
2026-02-02,178.64626421715712,179.4321093406635,178.48347855820575,178.7938398835892,178.75419911528104,415408.8543838117
2026-02-03,184.68565939190557,184.94382665470425,183.680405004887,184.58528726670707,184.6429769843473,221238.47606393625
2026-02-04,186.33273303956292,187.07778561604167,184.7448435648124,186.5296233179104,186.56145105814747,220047.77337731016
2026-02-05,176.75438465662137,177.47969888585897,176.74610318251644,176.9555265378094,177.01453378637177,222248.48579857804
2026-02-06,181.75776316649464,182.1592130121381,181.00795732631184,181.881044806258,181.80894266608385,224276.87550780864
2026-02-09,186.8722676279001,188.39958883179705,184.9432919445669,186.95301973101465,187.02005582010693,207136.42215760305
2026-02-10,199.0277043209543,199.35103729011445,198.3058550786064,198.7516211524473,198.75800008468232,180058.88785068184
2026-02-11,196.5575278664553,196.9328292662083,196.32365522421017,196.69495934989573,196.66426478535595,105055.69808241192
2026-02-12,195.81787299323705,196.175929060294,193.97550273575013,195.9408488353283,195.9226841588124,829668.5774188502
2026-02-13,195.81761300819,196.7326449059732,195.36133167514336,196.09307065685897,196.13985089415047,182179.34012281173
2026-02-16,208.55391663306588,208.53647327264616,207.35322295813413,208.35057237016923,208.3317097851411,204501.66799580347
2026-02-17,216.6658903533883,218.38233440313655,216.06699557945052,216.46983364337768,216.40761656381852,284249.1876890781
2026-02-18,220.6246316528185,221.09933891561369,218.93478176726987,220.3038981754965,220.2326245989072,363538.82031271886
2026-02-19,220.3425113665694,220.48725240036012,219.66847545236843,220.3596005169557,220.45492555043225,384833.1212763946
2026-02-20,211.2711189470725,211.41129422650496,209.1281150889846,211.1728793580737,211.1745993049805,155580.50200715996
2026-02-23,204.45351753611945,205.12135553611287,204.43852616515787,204.58249763895492,204.62356547068865,308989.8813612468
2026-02-24,199.7445521634352,199.94794806424636,198.64029545359344,199.50410784636048,199.50410784636048,691743.8674492689
2026-02-25,206.3405800527222,206.89803236885447,204.67070696550667,206.0197062686173,206.0065658752524,147596.6955737725
2026-02-26,211.38969557548293,212.41508207888933,210.8843640244953,211.4183977636833,211.43894392585884,329406.70959984337
2026-02-27,215.42120328592875,215.73148375986463,215.2153044702356,215.3772393227994,215.3384570682896,405199.1838683263
2026-03-02,206.8144435065742,207.787776110856,205.356034725699,206.7323708515924,206.7483274772932,175815.26007236628
2026-03-03,207.60775297159728,207.98027034754836,207.69107181511916,207.8473830820108,207.7641678168009,388049.63365986926
2026-03-04,202.5055455801128,202.94702800332223,200.3445652079469,202.48595361930975,202.39075933457977,366565.3451420817
2026-03-05,206.37019364103625,206.57165865210425,205.9442834567589,206.3711751690008,206.37895739773424,420766.388054044
2026-03-06,205.1527860596582,206.59165869263452,204.43530599321585,205.34955911350204,205.32991255256195,508412.9013452568
2026-03-09,206.7528216854908,208.21429925895168,206.26287726742484,206.95854897689324,206.9487566828761,135091.8920223251
2026-03-10,210.35573515726307,212.3991672458672,209.16002344029116,210.16034869486717,210.230722323149,163284.24398299833
2026-03-11,207.2528736092031,209.024957411402,206.6636638548502,207.23290042065585,207.2864156332767,249197.7621023561
2026-03-12,206.2374904390167,206.74695068538867,204.6856225329989,206.3390523660422,206.3347798618764,613367.5939248207
2026-03-13,213.9763223269859,214.7374472814456,214.00938857883887,214.0497066179112,214.07904758438335,303731.6924391793
2026-03-16,211.67109592897293,212.8640100057512,210.17987623063016,211.75997640525236,211.74743876126396,191504.04647558127
2026-03-17,215.8627087711559,216.54460995276995,215.1889335778968,215.80508857469485,215.85499105616935,335795.4255128361
2026-03-18,206.7010407189844,207.57623402159427,204.6579456715411,206.56338080018864,206.56253583421636,327228.1255303277
2026-03-19,201.40107707390587,203.330352096259,200.6772617893462,201.22298775949855,201.2028078197251,293203.9356326621
2026-03-20,203.53307432430063,204.78414988840345,201.8450100513042,203.419858221762,203.47273665806904,113156.12352862922
2026-03-23,210.22505452067705,210.068742754398,209.58037200222012,210.01098696037045,210.06855172781744,333221.2015086057
2026-03-24,213.05687087693624,213.4223345447746,212.37916807882613,213.29277501206508,213.26157047832788,370122.3934777633
2026-03-25,220.24952476875723,220.41704745589584,220.0516763757319,220.32287164780948,220.35063895218977,271806.11913815606
2026-03-26,221.80384328924677,221.89545387145685,219.7022240794943,221.79930161693952,221.8460867855629,343288.72435991786
2026-03-27,228.57040112956304,228.93468349960804,227.50157581146385,228.33073029016765,228.42406328081827,385291.0430621196
2026-03-30,225.2458031084637,225.56152718534605,224.52504046791165,225.1998054905236,225.23726201006835,145134.9294201537
2026-03-31,218.7143798040974,218.55021348817507,216.27881421881847,218.1846147035356,218.24546186841613,777479.5406433064
2026-04-01,216.25454158827756,216.3981593218455,215.49890058696045,215.89035901126115,215.9018088486941,359053.9130170049
2026-04-02,209.88062818296456,210.8353847259481,209.67920312368915,210.02480083732976,210.03751379998783,474471.1184660296
2026-04-03,206.04105046575685,208.12337806702752,205.13508999319671,205.88344310418577,205.7478607123032,89193.72534368523
2026-04-06,199.7904410712123,201.0126666488356,199.37543453058817,200.11106813147504,200.1401253260467,353923.5178908492
2026-04-07,190.13153096268363,189.9330446095705,188.9122603590896,189.91066558904893,189.92807680290832,246580.95490662605
2026-04-08,193.18369248602428,193.36148167518343,193.1541484774188,193.22150871565543,193.2778002858641,481998.7461347393
2026-04-09,188.9782809969075,190.4086841508805,188.40515739608915,189.11410821798356,189.06041530339849,158548.3216058755
2026-04-10,187.51363989361943,187.92619414101628,187.1612894419889,187.59369484816293,187.60174119162525,295725.34719130787
2026-04-13,189.71595113934387,190.38967028755047,189.33151100891504,189.9171991162982,189.85747868054636,474090.1800087093
2026-04-14,188.12141236340037,189.5040315354196,187.23180809581945,188.40136718606212,188.41695554147245,299255.13321027835
2026-04-15,180.99756878518684,182.72143777245464,180.34406747500657,180.83076070618165,180.8033741121048,303709.67293757154
2026-04-16,180.51536568848095,181.44687759727356,180.13580107368713,180.61188664213043,180.5486822091844,320894.1948731184
2026-04-17,185.9412715503172,186.50530952172576,185.76640222276785,186.1848713334092,186.14110458091125,690265.0009007708
2026-04-20,183.07377299585207,183.9489888946996,181.50282476715003,183.1008792711996,183.22353498712556,207917.2565800255
2026-04-21,187.01737072311485,188.8818049229737,186.36335100218108,187.06943113624115,187.06599618032163,228394.9141346673
2026-04-22,183.10721002136455,183.902687305448,181.7424665512014,182.83374272961177,182.78251451307185,185530.90020649595
2026-04-23,180.561639754729,181.2573914638066,180.18141764276416,181.04227265422816,181.0441794765743,131812.8687754105
2026-04-24,179.27755745602832,179.72533135701528,178.60113560134377,179.4420719171981,179.434307074737,413276.8361379946
2026-04-27,186.540755877972,186.7471975097118,186.0902459536368,186.66487140317977,186.59651179053097,304255.0474240177
2026-04-28,180.6855083122544,180.87764534491137,180.5395457692385,180.76785907291992,180.71319747015147,373659.1121938709
2026-04-29,181.4340879897069,181.5126455913419,181.05675042556436,181.3776488767283,181.41061130851617,344094.75152053015
2026-04-30,187.51228517714992,188.4584680859976,186.1522500968116,187.5143987278892,187.49444438439983,349541.6294046671
2026-05-01,189.0829368650334,190.2182457539623,187.325124724274,189.00279434367644,189.0005392894464,241003.51338356244
2026-05-04,189.38675043429785,191.16767939482173,188.54841761408335,189.74231320202287,189.74278103977807,300447.65301401546
2026-05-05,191.6788261871752,191.75779961766565,191.45423991912816,191.47329122016612,191.47346790118343,178727.53473991633
2026-05-06,193.64787229129712,193.98138281964535,193.02185517439156,193.93122324502733,193.87231227792304,276408.7888803545
2026-05-07,195.56818633997813,195.74493188089968,193.77801083760448,195.6215774202072,195.5960059389153,44574.348203550784
2026-05-08,189.5939384174189,190.2265409932992,188.54276617056024,189.4808090154293,189.5161624829076,255796.95944236015
2026-05-11,187.3886180220556,188.03034929684435,186.4818825898936,187.33797962707072,187.33243917042643,213829.3552926667
2026-05-12,184.84635111746235,186.44971576524503,182.99387534852505,185.10431657219712,185.14337263509813,422260.8312056094
2026-05-13,182.20501695463875,182.9399046697339,181.5029145790828,182.47870013945865,182.40681801203675,142995.73172335184
2026-05-14,188.33027357900065,188.23518715797616,186.4055755614775,187.806341990608,187.81466635589484,158230.84015208998
2026-05-15,184.84160696809545,185.3639274856592,184.5962386801608,184.8212702292213,184.8407030321177,283464.4732239605
2026-05-18,193.5712605976633,193.9101665726552,193.0881982129681,193.65916375904405,193.6420890448916,454341.5115232836
2026-05-19,194.81397274346747,196.16340840637872,194.58620875426683,194.9870933704099,194.9515115379596,1027577.7338628278
2026-05-20,183.4904476177168,183.92334747026015,182.8269250576436,183.349887886972,183.40270438837084,226909.8766762148
2026-05-21,179.85428825107647,180.208809226578,179.13729127506195,179.58279896767758,179.47876004668058,230255.6021782832
2026-05-22,178.96009924594858,179.4203449524239,177.90423017513046,179.30312367790157,179.3723296718882,214814.99811677757
2026-05-25,180.5967240847007,181.0886364835812,180.11930827683148,180.44432853534607,180.44923349224763,395559.2263285949
2026-05-26,177.85563626042952,178.38406321498016,177.91207095307522,178.098585481493,178.14172523638587,294934.38067675586
2026-05-27,175.52303360176987,176.46837101484655,175.24571026203515,175.5745589964347,175.4549818268152,367685.78759161
2026-05-28,174.33101284304897,175.1451153948345,174.09668283912828,174.2896574262732,174.28722113711024,133077.39703715104
2026-05-29,169.22717678666493,169.63334016193008,168.313139046523,169.21970420660057,169.27858714231684,375537.3952135114
