date,open,high,low,close,adjusted_close,volume
2020-01-02,61.3068584865824,61.324151246402,61.06477982102985,61.21176937238101,61.209559334744576,159421.16109624633
2020-01-03,63.996455726839656,64.38917263604122,63.43932537612487,63.89608999859206,63.89302806887213,242261.2923665843
2020-01-06,62.62979230321773,62.88279863372403,62.24844563719694,62.67527433835704,62.68742494343876,175539.67242599092
2020-01-07,64.00212668026627,64.25613266248591,64.14829364172343,64.16071472940732,64.14713647116187,231176.09425216564
2020-01-08,64.17434938843073,64.6614601460877,63.45288075984064,64.14348413831134,64.1532916891907,347791.0954997773
2020-01-09,62.9163841790031,63.30180431267269,62.24149737081783,63.02793267998249,63.0231097099322,203569.94961814725
2020-01-10,62.52355750941223,62.86514403279752,62.383528826020935,62.50243016777309,62.53047867203335,175457.7091698581
2020-01-13,64.4224389654308,64.41121773603437,64.18495715603056,64.38525379189458,64.40110935767542,366023.2335700276
2020-01-14,65.36041776873189,65.55465112049905,65.26442733337358,65.38730421967358,65.37708285023118,182286.6781467453
2020-01-15,67.13709124226499,67.42979952990207,66.74351880614496,67.19819110545566,67.20802709067506,226492.80141108003
2020-01-16,65.99478888551096,66.21167198107412,65.26604581208808,66.0246433007164,65.99881480389503,297876.9033217139
2020-01-17,62.776657246589366,62.975199798600265,62.31031727124369,62.7760036362272,62.77298574769684,404179.0283608597
2020-01-20,65.5060279874731,65.47448407167538,64.63017087198585,65.4088980415524,65.39353572251694,568332.8115531539
2020-01-21,64.46188970571573,64.80983023514709,64.06258187867901,64.45956939701618,64.44450414877949,887336.0513151706
2020-01-22,66.02179773412722,66.27845736585077,65.73235880294237,66.02338664141155,66.03538735513928,574431.7118965243
2020-01-23,67.22917567166067,67.54306196440827,66.98723400662335,67.16228668122898,67.17047112993141,246680.771568662
2020-01-24,67.28748662154153,67.5063661473606,67.1571605036854,67.32499777433088,67.32842386551708,223371.8542094725
2020-01-27,66.28849238110435,66.52963417141602,66.34577293055831,66.41282441027083,66.42824126984738,216446.30477970545
2020-01-28,67.65269585625919,67.70450510005597,67.54157642993772,67.66767992472785,67.68355529066947,294315.1854082627
2020-01-29,67.03374185349206,67.08509549074375,66.86133893445324,67.0296639254267,67.03646970903448,161229.14503375738
2020-01-30,70.75849629244104,70.81107918463996,70.29977441776467,70.64224005537966,70.63511649815254,141294.6885460906
2020-01-31,68.18196133539985,68.72350561812601,68.06694484919244,68.20707366703581,68.22423144351804,247394.38820936056
2020-02-03,71.8512408448169,72.19763281532657,71.66482532358047,71.8188564613277,71.80786385226507,127568.79380988976
2020-02-04,73.92084300912428,74.33093411666222,73.66254381823097,74.05246859257159,74.07184277286689,100855.90521716548
2020-02-05,74.38985795972395,74.46814478948282,73.92536989408349,74.45810583856347,74.45201385047018,308244.52878793667
2020-02-06,72.56357752544996,72.995998418362,72.37702530490745,72.53792240969545,72.54437000295577,412175.4530078484
2020-02-07,73.06603471834478,73.08876114377001,72.61241276831741,73.00178184597915,73.02842798802068,213869.265824312
2020-02-10,71.51681844923719,71.643933576324,71.43792749545095,71.50387538459711,71.51455976687612,447067.9574658601
2020-02-11,71.32918725381607,71.4258621127595,71.19969970930455,71.4212962180826,71.42935605072135,270988.40260212345
2020-02-12,68.22640018280555,68.3831494936984,68.24728234768422,68.29723373328532,68.31330620245673,234357.43777539264
2020-02-13,66.97249184398844,66.88764778520293,66.49918970772279,66.88084856903771,66.88660175673827,270753.3825226949
2020-02-14,68.56537819416513,68.90656488458994,68.33302824875571,68.51740212768362,68.52720677111367,297053.5259368831
2020-02-17,65.10863874176712,65.26708119279051,65.01892016300573,65.1224284013495,65.10343518930024,691823.321430485
2020-02-18,62.84945375192006,62.94562678174509,62.58956442291433,62.88136736828497,62.88156039696324,34188.4767418918
2020-02-19,60.89236296125373,60.90848275856396,60.849592864715,60.88557129691582,60.88994894306602,113485.78966190488
2020-02-20,60.847271921178304,60.91561712755719,60.67148928916643,60.82815910365634,60.80350933417663,392072.7304631968
2020-02-21,61.37246005605999,61.47451380181531,61.21772575747286,61.37087108748379,61.38568475910816,186615.98656777723
2020-02-24,61.964698960912905,62.31230687494009,62.04643041079116,62.071409678253545,62.07738347130429,394822.297349697
2020-02-25,62.38097939576464,62.819830317189286,61.91854964019494,62.40967017931784,62.4076247412557,284858.69858069613
2020-02-26,61.98010698950932,62.15153527592384,61.81271889598318,61.98696588331888,61.974740281023095,173310.68744159286
2020-02-27,63.86204573335484,64.13950621540702,63.59129742091692,63.721643524528645,63.73291603644922,391999.5015328551
2020-02-28,62.18715205299697,62.17582911471344,61.365628820387045,62.16486143755051,62.16788760217974,396261.1093240489
2020-03-02,62.174552922963485,62.34823667400971,62.09487833951612,62.14241425566106,62.12403417873704,622505.7353678608
2020-03-03,62.00601593643998,62.09832075295646,61.629117332097394,62.073421008247024,62.08407282650674,801625.1188109698
2020-03-04,65.11324465834647,65.02851282566236,64.99584832726357,65.02063490495277,65.01167743768218,247486.24296182345
2020-03-05,66.72000950837563,67.10952002006562,66.52004759308417,66.6706620740365,66.65037455130945,183775.47294331648
2020-03-06,70.38677911582901,70.81913114888634,70.16150678394582,70.34743465406204,70.36381138612163,563622.0566416763
2020-03-09,70.6778961173471,71.08092664402686,70.59311704365639,70.73424649132569,70.7277585376384,189071.20015506077
2020-03-10,71.5344491391317,71.81764902611508,71.4031532133139,71.53616433867667,71.53598867528697,193382.596472874
2020-03-11,71.33308394409546,71.487599504081,71.39143709224923,71.40009601185213,71.38349888962017,281000.81770309503
2020-03-12,72.05536306793103,72.2511587626887,71.92292704244028,72.04265920765356,72.0364057920663,108304.25132189588
2020-03-13,72.09692666970085,72.18287156882852,71.3951426988592,72.04621629559603,72.05687987392331,133805.4419528736
2020-03-16,70.0261282191279,70.16165320927563,69.81140926815091,69.98751191120695,69.99778364678586,129914.32107302795
2020-03-17,68.66069321907473,69.61675607332684,68.37582450931896,68.75481009916058,68.75672454608026,268674.9075473837
2020-03-18,68.34604768505649,68.58708188594193,67.40273048574088,68.36896721731027,68.37890889059895,323716.74402098573
2020-03-19,67.61695188737228,67.77261316867592,67.55088757183194,67.66460153668692,67.66781989309683,160851.59400439175
2020-03-20,66.70153947968548,66.91507931341106,66.56226740444835,66.74378208202405,66.76482383645993,148229.77315495297
2020-03-23,64.91146922072664,65.12963559684805,64.75561302197431,64.92419103023553,64.93128024335681,331871.1986309464
2020-03-24,62.45209596174512,62.51750821589231,62.48714928239748,62.48996710711848,62.4565904781612,526431.2522209688
2020-03-25,65.04871145217348,65.52774015570085,64.77479283753931,65.11090823818387,65.09944553892755,239467.1584992513
2020-03-26,68.47001296831627,68.71134204317976,68.27908818022952,68.36237553939883,68.34658075944535,464763.201340413
2020-03-27,65.98657391650747,66.50906387557885,65.52992438951777,65.9457535844385,65.97120602034074,452604.7011816057
2020-03-30,65.3528893343517,65.33825526914973,65.15742656977443,65.20932949417752,65.21293152740341,906271.8177766243
2020-03-31,66.6931146102864,66.79307499354158,66.57368296442763,66.67170678745657,66.66670672463628,173318.56611444158
2020-04-01,70.63609408424657,70.7583617831411,70.45786871484358,70.64811391360051,70.65802282587474,218679.8873702674
2020-04-02,73.27960238596128,73.73179862546375,72.35025662467203,73.30361632430704,73.30455245103637,398386.4538837295
2020-04-03,73.39899507217422,73.4587509694378,73.20745777486232,73.40756259828348,73.4277119047614,352885.1190226246
2020-04-06,74.82432971738501,74.92405105376082,74.5741350931601,74.79207445824748,74.78157161067726,465465.5370108376
2020-04-07,76.07000507333909,76.49050091546663,76.04741859051325,76.11179758220193,76.15539647546399,488324.13102846703
2020-04-08,75.71752233793204,75.58309525153074,74.95627797599106,75.53032637784324,75.54097748041103,195414.5578354205
2020-04-09,75.3705737137285,75.64390501068819,75.13655776024434,75.30668178923925,75.30693966300375,118838.04312744536
2020-04-10,74.53793218381111,74.77018346863514,73.9613639642847,74.57704043860404,74.58858386525377,182849.86633172352
2020-04-13,72.10312995649589,72.22244849293573,72.07266340624683,72.17670043966298,72.17486279550181,143676.73512961157
2020-04-14,75.5363837934851,75.60213495464552,75.23691227254312,75.51032479038163,75.50711754332583,157087.44212658057
2020-04-15,75.34211574697893,75.67605863564,75.16730327196355,75.4167340131064,75.43683477811355,174053.65474122373
2020-04-16,76.04776144258645,76.3303700281836,75.61435670944041,76.00619488197681,76.02132474636394,385757.3965382571
2020-04-17,75.03202512378947,75.39578969957051,74.9332251788962,75.10106425627659,75.11830213216875,149069.3846374119
2020-04-20,77.15202932377126,77.45412250201052,76.91463566670072,77.23969775792145,77.2177182403214,468017.39122594334
2020-04-21,72.43758287763495,72.50146079106304,72.16642968771285,72.40753891832483,72.41022859665803,344647.6419452863
2020-04-22,72.62387111690214,72.79528715583112,72.64768729574355,72.69307948346577,72.70632536259575,504441.6774104583
2020-04-23,74.08547535313771,74.37623518812374,74.1118222002197,74.16660816898872,74.17374794947375,238728.8445145425
2020-04-24,73.40980473795766,74.19150536183353,73.1044864951967,73.32902888859306,73.34273029261671,155524.27215029395
2020-04-27,74.49885715508366,74.59928309938921,74.04793061730109,74.47690461248511,74.50132264469433,349361.4715967327
2020-04-28,72.14529712951635,72.43132243872851,72.09858100430415,72.11682906954422,72.12532127302673,119090.14384498136
2020-04-29,76.27491967449747,76.35928806719677,75.8645945517178,76.26054069202645,76.24762701390088,353830.36850008904
2020-04-30,76.09705598011705,76.44263822210297,76.00352991071972,76.19530297041742,76.22025970704448,646897.5054195273
2020-05-01,73.29642660333563,74.23384569970094,73.31881824618513,73.37317889079588,73.37180343973536,373760.944011018
2020-05-04,74.24352785403418,74.77083477107504,74.00184246617886,74.06634861923277,74.0703738235398,235424.7076009183
2020-05-05,73.08333840242845,73.60089445510226,72.99694564048204,73.05659104163945,73.02946993231811,203354.0511710432
2020-05-06,73.51231157267205,73.90294961656313,73.26968211820953,73.58113010641833,73.58749751632047,754308.6322976609
2020-05-07,74.47760158134588,74.49111821578626,74.05836856264949,74.39653459262446,74.38688901220789,171314.10879161974
2020-05-08,76.7534536504946,77.15229618670853,76.68344303355313,76.69623456734746,76.67526002308051,102873.31738697164
2020-05-11,78.53555403531462,79.12549302136703,78.46341889508665,78.63777971262334,78.6301743742638,219046.3167141542
2020-05-12,77.28665978126595,77.40960155916787,76.94002415977258,77.31583464083745,77.32141854757424,155993.0439607761
2020-05-13,74.96856712247303,75.74639157062884,74.77393305568005,75.10915106982846,75.10894805292465,122404.85771259703
2020-05-14,73.77183355898684,73.82728473234347,73.43411642385742,73.59805753569971,73.55278264364914,257712.28307481707
2020-05-15,77.1494764782978,77.22967641591964,77.13375909636882,77.18173030581335,77.14351182643802,86995.00860533315
2020-05-18,78.42268968019708,78.47311154324203,78.2854918278643,78.41779157048862,78.47026894375243,411210.7813155835
2020-05-19,82.6046317678101,83.02084298995898,82.40845589671301,82.6783286128624,82.6576233434087,179221.30718569196
2020-05-20,84.6163166275598,84.7460046794905,84.24696171145133,84.64016915102764,84.68622928781677,112933.21240965798
2020-05-21,85.87252896060191,86.22266352558411,85.53541253931554,85.79957900244774,85.8080282786252,495036.1960024876
2020-05-22,84.52375140448355,84.75284402425075,84.15812345773924,84.51212246114227,84.52191863256536,245070.9470864446
2020-05-25,83.22056340085358,83.37729767615323,82.68809082209492,83.14897791622117,83.16683072463356,180055.54360940878
2020-05-26,83.05792884713131,83.62479405170917,82.94061421361555,83.15566401123205,83.14322407204672,241884.08984193107
2020-05-27,82.99218693118749,83.0717399113661,82.80145736665565,82.99958828754623,82.98770423941248,290165.9420722922
2020-05-28,81.39547629124304,82.54014407707147,81.30842261379986,81.48416223418069,81.4714057668925,188832.38783695252
2020-05-29,82.46967574194032,82.82347249728281,82.36193920097463,82.4520432816947,82.43776668263527,406747.22348772624
2020-06-01,80.87901475875935,81.65231038887954,80.43649501893991,80.94217959849155,80.95671281013242,301599.6636467628
2020-06-02,80.01374020848854,80.43608802695496,79.71035265299635,80.11126044145847,80.13842509631,448314.96231076034
2020-06-03,80.38476603554747,81.31669644792306,80.10716285212692,80.51859083107472,80.52678891190035,221199.47589741583
2020-06-04,77.86702876101917,77.94600125561978,77.58983717850117,77.87643439675453,77.87780354924145,453782.1743516641
2020-06-05,78.16693628641562,78.78299523232563,77.66367318453916,78.07716746233054,78.03399289829663,386947.1002429063
2020-06-08,82.43670690056621,82.82469848355143,81.8899657255711,82.38402814461135,82.36281168443443,233544.4565665032
2020-06-09,80.18710602565628,80.56739594648411,79.98790646173005,80.2370244556072,80.23392769282661,802894.6678594658
2020-06-10,80.72935820881206,80.88735779306121,80.48857016884091,80.7494770066307,80.77148615367717,785151.0034054284
2020-06-11,77.16094857139629,77.54089973940884,76.99481252480626,77.19642182350351,77.1883587967061,170200.16256752884
2020-06-12,78.0027935004545,78.72737188412944,77.98500227048439,78.0111211208123,78.0111211208123,1099730.4056105602
2020-06-15,78.28630172334569,78.59726975683897,77.5181842691278,78.33200062748742,78.33805788411273,175461.05239423053
2020-06-16,79.14739065176725,80.2872937397547,79.06104250841709,79.19915042720355,79.2078794456135,88772.24332468897
2020-06-17,79.6957943233517,80.29986305957465,79.68858653176298,79.88419999676903,79.90254139453393,256952.01251136232
2020-06-18,79.30794913599297,79.46188217035318,79.24003660953463,79.27365180041346,79.26587057855687,375518.38670235866
2020-06-19,75.2570841331353,75.23537688597196,74.77476471394108,75.19314181831128,75.22306707557577,161433.42308446014
2020-06-22,78.84375179422958,79.35219234538889,79.01440364419216,79.04761337787492,79.04676731377953,279004.76808263216
2020-06-23,77.67982774593021,78.15270400096011,77.4239208370929,77.54998020275153,77.58516278542659,271059.4028841293
2020-06-24,80.29961793820179,80.51169147743084,80.2233703889451,80.25550017304289,80.25851379980952,111573.9064623937
2020-06-25,79.11189548533582,79.50298570303086,79.28495139885622,79.29648491770315,79.32291503159499,441094.27111372136
2020-06-26,81.62556740657942,81.8910562304839,81.42719541735893,81.56577282294197,81.56077588141812,212294.6453656397
2020-06-29,81.22450974927123,81.55305645289216,81.11541611387104,81.18173735151728,81.15050090198602,271502.59243166825
2020-06-30,82.19116719360002,82.35519982064483,82.11562174548173,82.31795832432596,82.3107210753622,524357.4018904176
2020-07-01,84.42729466111578,84.5460574688358,84.30134700872894,84.35382920876661,84.32430116239385,697651.1301622735
2020-07-02,82.84652009166992,83.31008469008685,82.60596131915376,82.83345485747019,82.82141718380943,256336.27631952064
2020-07-03,79.87687006134406,81.2417370513004,79.51243094437893,79.72085735785957,79.71331750898497,263304.81479024625
2020-07-06,80.17117382407123,80.31469444705911,80.1320566529761,80.24799433234492,80.26009229847139,383456.631115642
2020-07-07,78.79991295797106,79.23648852367553,78.7955114201126,78.91757738909602,78.88242158866468,628848.0125319659
2020-07-08,76.1481132837472,76.30791168458543,75.84803418932104,76.03382257977401,76.00526207130906,548321.9015523883
2020-07-09,76.74459550675488,76.85538420160935,76.60499949782671,76.84578314176666,76.83138454882602,193425.2306196262
2020-07-10,79.51422008502793,79.59119702392246,79.17197754362431,79.36022002553746,79.35911557846205,263845.0332638028
2020-07-13,77.65772797625458,78.1491045024239,77.35527772427892,77.67719306766732,77.67122606730226,299405.3259850728
2020-07-14,78.58957601004526,78.76000057281004,77.96456731145291,78.55169563935252,78.55901483666406,185551.2888239236
2020-07-15,79.00237449242046,79.7158377228243,78.52487182495102,79.14244798748737,79.10305604083405,449665.523344942
2020-07-16,82.16265464429516,82.15075730135787,81.97036899295884,82.08733998116814,82.10526563778332,257107.0072956924
2020-07-17,80.83256358672662,81.44856253226955,80.46128709304763,80.74988558889547,80.70968000166508,108459.97999262984
2020-07-20,81.89567013492513,82.88444466527217,81.89700723304178,81.98278463911696,81.99606888275076,187095.7034597123
2020-07-21,83.10486717692056,83.3378470176112,82.83862208415175,83.17071211687401,83.18819002659527,571110.9945346247
2020-07-22,84.62882124090714,84.88072049069396,84.3793359216994,84.648931059644,84.67793356197147,107530.55140901568
2020-07-23,86.05762332935886,86.84818527467495,85.74866693042358,86.12319241632687,86.12709068162157,482942.2657509923
2020-07-24,85.44407832190035,85.46377691067941,84.84060089397903,85.37031261191804,85.37235681529816,226515.7437807033
2020-07-27,85.13882723427895,85.90968006454781,84.6660878813697,85.16797539874891,85.19020467092321,475841.4706689003
2020-07-28,83.69223242837649,84.0184059642796,83.68924283473287,83.83326518252906,83.79883648713881,147337.04709257995
2020-07-29,83.03273919863517,84.09629962518291,82.03287733996632,83.12800677181673,83.11363431699135,333748.500878603
2020-07-30,81.81320724656763,81.9445134050323,81.78164028091643,81.79869950606083,81.7927390413142,506343.7460235735
2020-07-31,80.9591093825296,81.1445107604607,80.74961487161659,80.98967627686014,80.97594859696615,216085.249021199
2020-08-03,81.76998039645599,81.96194301021838,81.43921859859915,81.6394714435345,81.65760805714356,270417.6403113193
2020-08-04,79.09575809400135,79.40456714430104,78.50551321036357,78.98446951020276,78.93282994208806,172104.41868146107
2020-08-05,79.99244841201237,80.32043827847724,79.64026649972978,79.85416210352311,79.8869856612304,168762.53351477723
2020-08-06,78.97624359720487,78.98701526942472,78.7774136283124,78.9154958497081,78.91478504278753,148723.0599570067
2020-08-07,80.79157558273445,81.04432879561135,80.82903237004015,80.91154380889535,80.93348909341483,192835.2704296232
2020-08-10,78.35692308101106,78.50243915482255,78.02428280253689,78.34372529436456,78.29888142797317,395009.34126247535
2020-08-11,81.09345636689271,81.42207738464465,80.4422982009053,81.01512215409424,81.02282399488521,277621.2977749328
2020-08-12,81.24542715474146,81.16554099364471,81.09835798579913,81.15050180897754,81.14497270295516,265764.7692212702
2020-08-13,85.38288173911853,85.63177526963018,84.18411503841494,85.30712006636796,85.29866496657522,42919.506399149286
2020-08-14,81.96638827021839,82.56760464776802,81.82589896448535,81.98239859960934,81.99127898417285,147022.605527
2020-08-17,82.54939582121297,83.14842455622613,82.39643599716361,82.5423981400995,82.55094527552535,404175.1233937758
2020-08-18,82.84093430075703,83.62020556021591,82.43394295634647,83.06442961858022,83.03073876523041,348187.96533916576
2020-08-19,83.7199471855037,84.06882068168808,83.7035717157454,83.7573933878439,83.7361060949849,323134.80334515066
2020-08-20,82.28839456811339,82.48363312286445,81.84590679173867,82.19057343023016,82.19255491802627,272064.6103036447
2020-08-21,81.14918442261687,81.22216444145117,80.49563609043025,81.19715458138555,81.22315272479572,270540.33342642203
2020-08-24,84.23828153191756,84.42732149192602,83.98281073101623,84.13905727825393,84.17358757176636,318432.597287563
2020-08-25,82.84124151192651,83.05625606981158,82.26424258579257,82.70102568035708,82.72305176099536,197417.90688642988
2020-08-26,83.52342290600637,83.79840831005978,83.34017048853002,83.4159717340191,83.43575568236417,125341.60174517754
2020-08-27,84.45086471878393,84.45173220624866,84.24509349925815,84.28247103203651,84.26647008852099,272877.062692246
2020-08-28,84.32491061507704,84.55683284125594,84.11817623429812,84.41300782448967,84.40861183292925,112755.99193392757
2020-08-31,84.56190836679654,84.73064699093948,83.82525479856024,84.57454281343622,84.6157043762875,267247.3737949116
2020-09-01,82.65504982745703,83.12801826574463,82.16385021232757,82.59454988637856,82.56699962431773,297746.91901621973
2020-09-02,81.2239403716632,81.88421082642647,80.94360071703385,81.33373468914053,81.35873522797623,844362.4830020252
2020-09-03,79.50168702815766,79.8705309470077,78.72621201831562,79.54486741673298,79.54115723351862,740816.7519831358
2020-09-04,83.03039901696033,83.64292388239244,81.90068043962263,83.08211914168963,83.09935122015067,256407.9061143392
2020-09-07,85.57762097653604,85.79596430319522,85.14744327907168,85.64793950847111,85.65567582434353,179764.43333625697
2020-09-08,84.14646693016991,84.58976207185864,84.21688115219224,84.2250783417948,84.24064035413001,290509.84013132576
2020-09-09,83.72373322514632,83.85789329571134,83.14595330758732,83.82105347330692,83.77717078575391,1406777.2861969152
2020-09-10,82.6525510409107,82.63985166374059,82.60192149624724,82.6148762389752,82.61227338220218,339728.6429957207
2020-09-11,80.58479195436034,80.88522269989376,80.29642362817823,80.80944703764258,80.79598683830378,366594.4030895119
2020-09-14,78.3762289570646,78.66332847027452,78.17982345311589,78.44994207450424,78.45041527617398,104191.4812945854
2020-09-15,77.84890203707205,78.39247344142395,77.57026525272717,77.83929353349659,77.83628241683965,346157.1363596433
2020-09-16,76.48638194259384,76.92393585889539,76.16802893625461,76.5410365678786,76.52992082203157,354521.30560731713
2020-09-17,77.07677940089086,77.24587329862794,77.07280387369885,77.1741631943153,77.134211150163,162720.86972736745
2020-09-18,77.93988450286716,78.0130223752433,77.74272635311405,77.97949798243272,77.99445432344963,390109.174400249
2020-09-21,79.21801478025502,79.65109879676287,78.88861032930645,79.27082464795176,79.24618697395444,228223.4599847791
2020-09-22,82.95212170484434,83.57666836702776,82.8163371100682,83.07828926375785,83.07149881530894,459675.9495541642
2020-09-23,81.51432359698943,81.67014783200052,80.91820013282283,81.55294876565415,81.54082527041363,100018.49134736828
2020-09-24,80.61275014852586,80.82568813904183,79.7313987521283,80.56047359548535,80.56933084432036,316043.60242844897
2020-09-25,80.22503270767729,80.25063430909896,80.05350201516558,80.20024318127633,80.21279796944505,222755.18291758123
2020-09-28,78.93111438490553,79.10386290593335,78.77768400998576,79.04506407268302,79.04609991186962,542350.6374162101
2020-09-29,80.49019215218853,80.9963421956686,80.11090786664519,80.4924245569435,80.469127215856,344814.5660272058
2020-09-30,77.4321888454608,78.00489185267674,77.55715956337878,77.55940490325206,77.54233390608111,259322.1252029425
2020-10-01,77.6694498022543,78.09700906041387,77.32080072544113,77.70690785361994,77.70228132527926,142369.44961945398
2020-10-02,76.6843074105985,77.23627919682687,76.70245983402394,76.70301837250994,76.739836367487,353680.0593879289
2020-10-05,80.82165790820497,80.77543402254904,80.45884416536732,80.70478662168199,80.73405506838874,253216.27167206063
2020-10-06,80.99699695324564,81.02510586652235,80.64457013572802,80.99357529372455,81.0395253843647,80217.47300804433
2020-10-07,79.50337404113044,79.7827968842661,78.98956344506213,79.37474164325135,79.3506619970243,179459.0364198097
2020-10-08,80.9554842171503,81.11839957938598,81.08939615788668,81.09294760866634,81.08217493157407,200668.2097489038
2020-10-09,78.80911190438833,78.7249895148513,78.32973234591658,78.70623568520472,78.73359487003475,197316.6776189383
2020-10-12,77.80147397885226,77.76677323370902,77.58717873827193,77.70357445747129,77.71323797834391,488050.69981653016
2020-10-13,80.01970977985516,80.34755262099632,79.9352087737594,80.05952349640977,80.06168737529617,405773.10171406897
2020-10-14,81.19619031983113,81.57314889278106,80.92118747373061,81.06864856564302,81.09699899290116,0.0
2020-10-15,79.06282184417326,79.46153090909885,78.66896087685708,78.98318159445024,78.99968284576737,711786.2127805562
2020-10-16,77.86935636358858,78.56654530994884,77.85514608181529,78.00508668440101,78.01752359735652,624360.3381774455
2020-10-19,77.12299301950658,77.8307738823805,77.04158585532488,77.11248802461813,77.1113814838288,114528.52802500477
2020-10-20,72.97618305455224,73.40959216943605,72.57997204110313,73.0035206208213,73.01251924712086,358588.7930329656
2020-10-21,72.15586019422513,72.48437444128702,71.78129926819608,72.1934313197402,72.16931941490633,49864.87978073544
2020-10-22,72.32682459947324,72.31927272060744,71.65701086097619,72.20717473612298,72.18772182629637,97023.17911911156
2020-10-23,73.53385472679575,73.68269915926858,73.3615721067852,73.60097174933051,73.60328540303297,269032.3275001851
2020-10-26,73.97496599417896,74.49430829133541,73.77046633495289,74.11308718466206,74.14004371467092,470877.1219291889
2020-10-27,70.98474372178191,71.0651997887602,70.63761166382399,70.93554660184152,70.92048578820146,316322.76790440665
2020-10-28,70.02986327297016,70.42945080474585,69.89931835026756,69.9815045511556,69.97259127977487,251377.3185751908
2020-10-29,70.58094968740875,70.8371037042556,70.22063860056127,70.54890613430737,70.5227097199845,646205.861958884
2020-10-30,68.86848466351532,68.9274083334326,68.80998103965109,68.83119254965106,68.83519881387467,118337.8370511129
2020-11-02,68.44581422657224,68.81231696884349,68.28751354009562,68.46269309080402,68.48583760906234,354875.9297987904
2020-11-03,68.9659403468905,68.92545286424115,68.78865235273399,68.86632118783375,68.85657902261524,164131.57096340205
2020-11-04,69.48479092536688,69.87475043405824,69.10408664668931,69.38229911570077,69.40060606480093,461187.83085195575
2020-11-05,69.19319765911074,69.43748330137221,69.12113150995384,69.16213847226182,69.15852529507228,124658.89817894378
2020-11-06,68.95976845767649,68.99211081648238,68.40664842729232,68.8730930985716,68.92272961237293,301662.4767253513
2020-11-09,68.18368583249948,68.70089247588227,67.7622997647381,68.22010030920097,68.1953932882916,585328.7050406778
2020-11-10,68.78439194665705,69.0271334974359,68.52240124660338,68.84821386460271,68.8156480943131,330285.88306905126
2020-11-11,67.26182583626492,67.58121151885736,67.0211465210758,67.28384106341593,67.29123608799304,793362.9744962628
2020-11-12,63.31903072366312,63.691878705574055,62.81009780739353,63.40486115714279,63.40691130627728,432170.3515600986
2020-11-13,63.96245228475431,64.0087867755124,63.43731031166134,63.9480124157635,63.98271142298682,538572.6542279773
2020-11-16,63.58045966155331,63.98414045009584,62.82746575028387,63.65131067026705,63.6549765372865,267764.1433130654
2020-11-17,61.69063233356429,61.96457300388128,61.299330239364735,61.72682861586581,61.71724336673865,142539.85080350627
2020-11-18,60.36006419161905,60.501591596504895,60.45255318166492,60.47297217018482,60.47858413908747,386701.0321009685
2020-11-19,60.58081751811539,60.52759186675831,60.38226733957923,60.52121528087542,60.52233395805485,228538.50524728943
2020-11-20,60.5839092307104,60.92395370357207,60.26769045846695,60.56641652078489,60.57470800288881,299583.6349085765
2020-11-23,60.461627079998166,60.61500181209858,60.342886387494666,60.39826355194669,60.39389532780234,210040.51971257487
2020-11-24,61.28108854719734,61.43828781252876,60.98920739269402,61.3884197660227,61.395663093122494,74778.80141861197
2020-11-25,64.08165436991797,64.31915544804663,63.779080010546274,64.12924077625098,64.14288377596854,129555.59908980483
2020-11-26,62.14745753290863,62.3822769525035,61.93020705085396,62.101291551536335,62.11413812160425,420968.27056392
2020-11-27,63.40926773177088,63.91640387353621,63.22878890773434,63.459833700372144,63.43782821801968,498479.7589672162
2020-11-30,62.187603232384085,62.40543466726366,61.830341469766296,62.11717806134417,62.12461917338969,180266.296258294
2020-12-01,62.99888217870409,63.35598479408151,62.69408852963541,63.11808662217435,63.10721620196036,404390.4534615481
2020-12-02,63.63735888487499,64.10351704085573,63.34594344275793,63.70169063410425,63.70713204423711,141673.89425456306
2020-12-03,67.2697868911076,67.40636024468154,67.14019796708324,67.19306117718106,67.16361001185379,199947.9061379794
2020-12-04,68.82448984195216,69.3377085108741,68.60041685786811,68.85513744876575,68.86609395561342,199806.61931872723
2020-12-07,69.15292397120884,69.37468687614435,68.78491889101446,69.0313288189559,69.02039769786892,104276.17906022433
2020-12-08,69.84768347292265,70.88929181049762,69.52857396305407,69.79772325157118,69.77387614008488,338255.1233829688
2020-12-09,69.60208043598132,69.59827175866722,68.94800626975758,69.47500458485774,69.47651513679497,308295.38353371614
2020-12-10,72.58152628823782,73.2243391347348,72.5533019457474,72.58799733384498,72.55720685164756,189217.4798511217
2020-12-11,74.11227177616328,74.38147546285165,73.71809582177131,74.1525538429232,74.14480989705352,133137.9575914577
2020-12-14,73.94604290525898,74.1882817235247,73.14300183522532,73.89709611359419,73.89664799715125,112714.45933060348
2020-12-15,72.58154446978044,72.75183084679117,72.29679484937253,72.6334213222941,72.62717121380662,225600.062873348
2020-12-16,70.29824311370491,70.27755058136951,70.22406368264126,70.24284371612372,70.25015507406287,72015.77960300997
2020-12-17,66.33832721128161,66.76189903238576,66.29406140516224,66.38137786714394,66.37395624382071,99069.21432290752
2020-12-18,66.49990495228451,66.62277988049438,66.24090388364215,66.51402165748749,66.53069651247922,312136.2297717728
2020-12-21,65.95368119767355,66.11250010799837,65.75365692002012,66.0332901179586,66.02997572619607,334549.5036426972
2020-12-22,65.24529724987588,65.37968771563162,64.7905994898536,65.30090919498873,65.31594423807226,567464.5012846689
2020-12-23,66.74212812541465,67.39852848316575,66.60155401548879,66.84730814785979,66.84047418793807,310337.2380696316
2020-12-24,65.2622148186916,65.56591981428006,65.06598723690844,65.23855180120225,65.24193220380418,269542.0238403928
2020-12-25,66.44962879019131,66.76636339499137,65.91146860598106,66.42827855649979,66.44774887303899,545599.9323260977
2020-12-28,65.03625156660142,65.58066737961757,65.01807566746487,65.07462368586026,65.05003012035749,204756.02242116825
2020-12-29,65.56939290608692,65.65746658499867,65.48293777715007,65.62195588775947,65.60980095155028,186358.0930145828
2020-12-30,67.23828026833559,67.37780704443104,66.63218317098462,67.29166544910522,67.2767144930168,177564.41721522337
2020-12-31,67.67770531587006,67.84367668202842,67.51586817353956,67.60360294672519,67.60064523369468,625330.4418181514
2021-01-01,68.34465752142715,68.40631717902329,68.18299302397655,68.3182068869509,68.33852103698564,173966.68098830283
2021-01-04,68.71585584017893,68.8089537896047,68.18511610451719,68.79861790185528,68.79638859315122,359072.666868578
2021-01-05,70.56239553420549,70.84552269156114,70.30009831596256,70.48609928769845,70.48074994454066,197496.25391234423
2021-01-06,71.06383650114508,71.0265777823981,70.98549188711216,70.98736012114155,70.99710489898963,629843.7210207954
2021-01-07,69.90330605948907,70.16813969944235,69.79759858281109,69.91658391239628,69.91496858640986,251146.7898551621
2021-01-08,67.98904155256751,68.15160806432979,67.7651065215441,68.02039267310516,68.026947080383,59138.19135102062
2021-01-11,68.06237730540252,68.28063729207689,67.76473587466991,68.09136255185335,68.10252957912229,186538.0717593432
2021-01-12,66.03052025797943,66.34692514375966,65.65788613656989,65.99463595082565,65.99858705119023,129808.6408434836
2021-01-13,66.1195622488128,67.06075495098992,66.03033929724478,66.20185275351542,66.21300147421798,284273.2700522148
2021-01-14,68.93873243344802,69.46431176931391,68.81011490737633,68.99378842078622,69.0410381962002,283695.07920133567
2021-01-15,69.79877485975639,70.36871914158431,69.29433066937135,69.75727650689218,69.74813897512655,313280.08235346345
2021-01-18,69.41510585533588,69.48698154789207,69.1410100619172,69.47755034741569,69.53265717591871,350325.3013129505
2021-01-19,70.83394754751984,71.27584157146754,70.60267874889482,70.76123092074673,70.75325649998867,133926.90240899642
2021-01-20,69.05734025289733,69.37270644769767,68.576476149413,69.18646063019158,69.18902015805426,558549.8148508088
2021-01-21,68.99788289755513,68.91697524291489,68.52191514090795,68.91438566982154,68.88616725895109,530047.2642938365
2021-01-22,67.21288237376154,67.58444552763105,66.62952127811593,67.08819875810126,67.09926604319634,938431.2443516952
2021-01-25,68.81646321042372,69.05601147216638,68.73100599793983,68.82912841449293,68.79282957162917,450983.4431731507
2021-01-26,68.45048417265619,68.47488287355813,68.06416862586511,68.35898467811863,68.37512173439703,256064.85442766096
2021-01-27,70.99070494613318,71.50339097234404,70.92673499143046,71.04593115459352,71.00871529124306,156517.5933660895
2021-01-28,72.14317457402281,72.56923201311605,72.06287912815924,72.19468044094191,72.16309803478258,161698.8021352799
2021-01-29,76.58963492356511,76.93544292744936,76.56622207385183,76.60721657448944,76.60533000315135,377539.5380596027
2021-02-01,77.79914228416729,77.81851453229531,77.63020446616987,77.77457104237892,77.74349964958805,678336.4012190608
2021-02-02,74.81086071049884,75.0220845461556,73.77245579882079,74.8607709601676,74.86481941043367,398187.3103413209
2021-02-03,72.23032496403094,72.6156256648034,72.09845202708713,72.35575599494135,72.3383931625526,256193.07258065217
2021-02-04,71.89484792156995,71.97673020607566,71.78472040402299,71.86889363062491,71.85853199742982,476674.7104909932
2021-02-05,73.76888099456333,73.99127734460593,73.45383693039658,73.70487540002348,73.69778769689901,251014.99767697565
2021-02-08,71.84446206347069,71.91648431434834,71.69597432030557,71.84396336720154,71.88333391480651,229221.99273888732
2021-02-09,72.86884955296404,73.5346344186237,72.16607133304835,72.94360751786125,72.949512796454,1025833.4305625006
2021-02-10,72.72385866037938,72.65732433889227,72.37443219530905,72.61695725548347,72.5833488669072,274293.62200306385
2021-02-11,71.4557477589713,71.93589134903051,71.2071766409252,71.42122652679922,71.42625651650849,333078.3508980886
2021-02-12,72.29878306763364,72.349276588245,71.60376184534579,72.26873081006869,72.27438533511237,101028.63541163114
2021-02-15,71.4461198507524,72.39003144602637,71.45114320252746,71.49621757697903,71.51175100956858,238862.3367482557
2021-02-16,72.95620259238757,73.16778127731784,72.81093297665886,72.90111360032482,72.86364314268235,63509.07570432816
2021-02-17,74.41411597068732,74.40940511880872,73.94205714873972,74.32906647124798,74.31557359511973,166753.99862137498
2021-02-18,76.59991812461534,76.80080896589233,76.39246549582059,76.4964043472878,76.48070311460981,62238.34995406445
2021-02-19,81.14836140754703,81.91197741363133,80.96292523707932,81.16940601593184,81.18977773658703,285397.99682513
2021-02-22,79.22005691187788,79.4706699050652,79.17697930505749,79.22243121893099,79.25514411944698,466442.7414010505
2021-02-23,77.66734273837383,77.95489087970888,77.28214356711227,77.7587467457361,77.76256653769553,680677.479569528
2021-02-24,78.63154913555351,78.91882092738501,78.26067827038412,78.626603512004,78.63598568086573,211072.31989132648
2021-02-25,79.27241119583165,80.02850537371802,79.1506136566702,79.28143468417277,79.2894215309105,587867.0953609833
2021-02-26,79.71467517658874,80.1649789003485,79.30778728954543,79.69532106034099,79.67734590469706,0.0
2021-03-01,81.93204139134032,82.1892230402014,81.68407613857713,82.01175006400996,82.00947367133392,265956.5540363212
2021-03-02,81.11058681999876,81.81259834115045,81.243912104797,81.30588300264472,81.30366140643474,134780.20728597222
2021-03-03,79.58403361593538,80.26456911071719,79.3576297439165,79.62643592241571,79.6222390910422,367239.2793505685
2021-03-04,76.80071903406665,77.05465298343334,76.67124701623412,76.72329375961276,76.704108944337,221028.7201906416
2021-03-05,75.32168640830443,75.66320036822374,75.23951100758443,75.3491932099422,75.34604793166068,285149.81431386934
2021-03-08,74.35442748253598,74.97600762369312,74.1008383571412,74.34862390883319,74.35745894198482,108503.703254817
2021-03-09,76.15659147753695,76.7394399197166,76.17711279094328,76.23194641355875,76.23793511437877,242566.20297100447
2021-03-10,75.86690531900791,75.90214207465641,75.17406855576357,75.76294673468352,75.75009196979212,410675.78677447466
2021-03-11,73.62962501461615,73.75341895769692,73.23448991153698,73.64208069914253,73.67615761258398,688990.6147099459
2021-03-12,73.25741399609099,73.22131210823095,73.02720419624492,73.1975223885774,73.19893120307421,61396.10637017577
2021-03-15,73.64901347865613,74.13054738680043,73.2081935261942,73.75493282107021,73.73713455333954,237631.84667725247
2021-03-16,75.13807359475734,75.83562267187298,74.83020323613565,75.18434332513723,75.19285629578903,550736.9714256905
2021-03-17,74.11785534243614,74.11901324137969,73.81935920402248,74.088060543555,74.09380709366901,231277.43769793253
2021-03-18,71.12367175886665,71.1948060850509,70.93236757108271,71.0642158660571,71.06645100376423,185621.72585833972
2021-03-19,68.44415151366111,68.71062730580383,68.33097182665198,68.4503370850664,68.44440304519368,614894.8978632682
2021-03-22,68.98209540765437,69.00364440666068,68.64613600501345,68.97683575425076,68.9712995757907,148729.54495237887
2021-03-23,67.9855243929163,68.25712670805305,67.86481522943042,67.96494093727654,67.95102034591422,191251.47541061795
2021-03-24,67.81760422338505,68.17329526865498,66.94847448256549,67.73821393539681,67.76710840032807,188498.67126349083
2021-03-25,67.6060471354029,67.73173630728601,67.60218582234289,67.63657197732006,67.61832387585342,213420.50775364597
2021-03-26,64.87467482922376,65.39377620709448,64.67057670719556,64.90959266093078,64.90959266093078,135099.60865299273
2021-03-29,65.56381197189894,66.01053810138154,65.12698514855042,65.44729075294944,65.47540670855881,307911.7003407454
2021-03-30,66.56004667790575,67.18539533258823,66.02360382489636,66.53634795381927,66.53332492513618,334372.32921784755
2021-03-31,69.20686033100864,69.70947963189651,69.23239752387116,69.27199977628487,69.27068689259767,94730.29777167363
2021-04-01,68.33830374709646,68.52228848670913,68.28937928930154,68.36293011096924,68.34141993703992,329808.4848844765
2021-04-02,66.33131555856471,66.85159856111753,66.36596419578318,66.4862641786903,66.46984155143666,420198.3589545548
2021-04-05,65.79626789119428,66.22849119085116,65.2715582905176,65.84542879945656,65.83450525705697,1295677.7357733157
2021-04-06,63.13216578534042,63.328666528208345,62.96704637919032,63.12660609767154,63.11060684533934,151039.88631513072
2021-04-07,62.26241899212958,62.29601668002736,62.110769535396734,62.28465673720823,62.29596194824834,269568.8086871909
2021-04-08,64.25059847791192,64.78124628046967,63.80553161705696,64.29629568913482,64.2929295160596,509007.5646565053
2021-04-09,62.84837089929248,63.057331790767314,62.60570856864104,62.83787642844863,62.85353706748977,253485.8726843173
2021-04-12,62.382969258455,62.42769076536961,61.48434081686562,62.40203782011802,62.396992624270126,186069.20558556076
2021-04-13,61.140241243682986,61.10795620221294,60.63336383214249,61.08860096630285,61.05135650505299,298660.90032660915
2021-04-14,62.54275032706601,62.6207185217248,61.912852054247416,62.56726357060363,62.57665247688061,479165.169084482
2021-04-15,59.861535121738335,60.1615202457524,59.78507029191311,59.86747960363627,59.86169274776769,342178.90374935936
2021-04-16,60.9836706917812,61.17616923008768,60.59598638450605,60.98087817002727,60.95960196606542,272022.06686384144
2021-04-19,63.23185251576113,63.48682269561703,63.05154682532728,63.35498872472648,63.344551080602,314958.92247216665
2021-04-20,67.40748061217,67.56216602452204,67.292395191518,67.4168899722253,67.37797726933329,193924.96144309844
2021-04-21,67.91104853642554,68.29158663602007,67.60637737587139,67.87474449198751,67.86695949781212,1034746.8036332508
2021-04-22,68.58415333189215,68.6070113999346,68.39362194847516,68.60472902983774,68.60457500327263,181418.12990313253
2021-04-23,72.86496590212482,73.16156841721867,72.26093639515456,73.03295381651976,73.01348957207762,191589.052686495
2021-04-26,72.0509756029146,72.61215653564717,71.4111981600163,71.98566190434852,71.98546196359433,502432.2901306422
2021-04-27,73.23034736454338,73.49734346977642,73.0625018061609,73.24960940687778,73.25581949837265,620111.1032344889
2021-04-28,71.50607901272653,71.72806802710157,71.60119895945815,71.60172614706934,71.60551916294654,118196.9051837166
2021-04-29,73.60276867026747,73.63862573062268,73.3734611965751,73.56670529026465,73.5721803780176,468435.1784919525
2021-04-30,72.57367436243261,72.70190922014402,72.30807142642837,72.60395332639393,72.62645221441556,990033.9462419176
2021-05-03,73.52320788914085,73.92089515135513,72.90507232023751,73.50617450029286,73.51397782556522,162325.10461311892
2021-05-04,75.70095565092277,76.45579644787654,75.31547178295432,75.64211537173912,75.61241424692524,437808.46829592553
2021-05-05,74.05615862692771,74.73268539165477,73.46829465359664,74.04174824137996,74.03790172086184,242432.7412561991
2021-05-06,71.78644046560137,72.61786297042579,71.34718227285036,71.81254610525293,71.82453119091576,217319.86330299373
2021-05-07,70.6925602681354,71.15656877910506,70.3796898892744,70.65683705495795,70.660698478439,26044.44200787412
2021-05-10,71.23108641451607,71.6999894649641,70.72601826083651,71.27680008362486,71.26132579651882,384452.5500235356
2021-05-11,69.08258596618327,69.2584544884164,68.93000424142619,69.13281882285544,69.12170988982791,277446.47596104856
2021-05-12,69.60964624529265,69.56360232874592,69.03035809827558,69.53586538046666,69.5073056180379,437310.8989904517
2021-05-13,67.6143988001531,67.61826417965331,66.97637692041525,67.57614831326369,67.57544563197797,106070.30427449085
2021-05-14,69.76921127422511,69.86701936899227,69.59462159948556,69.76671653215058,69.79338358198306,264148.61971421377
2021-05-17,72.94252811996212,72.97924427634526,72.07388520556022,72.95940418813386,72.95881239653907,266379.5337913553
2021-05-18,74.38702373745673,74.6828628334402,74.36383881091598,74.43339500590753,74.41830868631615,280863.97043868434
2021-05-19,74.15144427519607,74.23033076379846,73.85846985380253,74.0481595428147,74.04150901909887,425511.8963242755
2021-05-20,72.77083512591932,72.87050663903882,72.42423777902371,72.73982422058016,72.75068822470446,887213.747138883
2021-05-21,74.29792709286741,74.68497020673416,74.25799684611833,74.26654307707058,74.28629155182358,98701.61399765822
2021-05-24,76.62793866956764,76.83450364602007,75.9145123576444,76.6155256559471,76.64169792706946,181961.34029319277
2021-05-25,76.69218844693599,76.69659881936813,76.50172374104213,76.69559836585562,76.71046616203031,503911.8571392586
2021-05-26,76.30297526384365,76.65880619778406,75.96367120747031,76.36442766238724,76.37144743559517,114040.08202927472
2021-05-27,78.1053197738167,78.32493493779782,78.08495225202596,78.21012134833443,78.21921064707365,270708.5501959907
2021-05-28,78.22101853942925,78.4967355276288,77.97328827592737,78.1081064342024,78.13642778142176,346159.2368120629
2021-05-31,72.27240536762314,72.89535753094488,72.1941361431562,72.23181096622798,72.26010669364443,256557.7549752364
2021-06-01,70.06581739860087,70.05109767010008,69.7986247786058,70.00429107332032,70.00736585907126,392841.6132427617
2021-06-02,70.60765991312043,71.3334988123993,70.40398796088266,70.64115633246836,70.60343899958586,122505.93684207942
2021-06-03,67.8364432749625,68.22417852492283,67.2033463161637,67.81327007706227,67.83954196506876,394998.21534822055
2021-06-04,63.38931028609963,63.46459344249011,63.18680215643808,63.38021555239334,63.379357227628006,387570.7488191249
2021-06-07,64.72701518532018,64.74912911189602,64.55701439708139,64.60675476935418,64.60625370047397,359358.91234185285
2021-06-08,65.40457004927981,65.72186561226276,65.00304148309047,65.41587354771004,65.4352165508977,3788739.439757437
2021-06-09,63.79486268213324,63.81340660551364,63.67794774494979,63.75945637856929,63.77606470693996,132484.10991808432
2021-06-10,63.31068234159013,63.5784681225721,63.14966092724246,63.34506010232418,63.34137143844847,356530.36677707307
2021-06-11,62.8911145324054,62.916246834984,62.873278610488825,62.88037464283041,62.88407937305304,227869.33374180025
2021-06-14,62.725976676400975,62.96760326035225,62.61944294359848,62.72178303514815,62.7492671322664,99130.79825816782
2021-06-15,64.0521928361563,64.20187899753854,63.9840587646351,64.0767507116371,64.06128553506635,210378.08511737327
2021-06-16,62.50266245568776,62.73020760478083,61.984162667259405,62.420073230668265,62.44505490515657,183626.13925760728
2021-06-17,60.62222068848885,60.67385982294727,60.368608728124286,60.529875209581576,60.54037248413202,307754.32385266887
2021-06-18,61.87707432116896,62.08391768814053,61.45260624245903,61.79917168247592,61.79217482343591,253710.1635188896
2021-06-21,63.63808700502279,63.74870869006945,63.67394758115111,63.68473689827746,63.68348182429654,124492.427015768
2021-06-22,65.73663677739383,65.73781360231233,65.3478227644429,65.71264357330247,65.71889369911877,481627.4802593364
2021-06-23,65.93176649953546,66.43315145426445,65.82676784616056,65.92060126187626,65.89084450929282,293712.0662682336
2021-06-24,66.35699965033281,66.81945706185257,66.09349092482053,66.35488585635379,66.35102620209011,170558.46389427435
2021-06-25,64.49387517918467,64.9868017735085,63.93429576579086,64.37328491507878,64.33774101177566,75385.58222616995
2021-06-28,63.8448651569969,64.26308573479781,63.48306840303838,63.85969672674456,63.83992033034933,424727.1978471042
2021-06-29,61.35731397505084,61.4859091501386,61.14115558266565,61.28711728063578,61.26571887925857,538676.864195862
2021-06-30,60.78891951411358,61.227426137862565,60.64252496542766,60.70215729038397,60.717987724057394,165483.28214663084
2021-07-01,61.803687732405706,62.30778103909893,61.83481591577164,61.90885893559323,61.91550515453293,149063.47034843778
2021-07-02,60.28093726029236,60.3329070869208,60.175204606587,60.19165438554318,60.21001326924391,300227.5374713146
2021-07-05,58.34250711547863,58.787730810634045,58.34297026890219,58.37808760685804,58.38267090288861,101458.22066665791
2021-07-06,56.70030517501325,56.917366366475655,56.63356494486863,56.70885420586234,56.70410249133184,381615.7335904667
2021-07-07,59.5232777860916,59.69082127475224,58.61672212211476,59.458146611374936,59.46712600373772,342933.8581359978
2021-07-08,59.50137025485469,59.63110419366001,58.978388828398494,59.47631080866374,59.457424798631656,143876.00019684594
2021-07-09,57.46268567439815,57.56774552478325,57.36100508909094,57.49992173255565,57.520647001527855,717687.1476592496
2021-07-12,53.540139856008906,53.66727721859239,53.392775278408166,53.59778970287002,53.592297678978206,891539.3268614727
2021-07-14,55.075794347274,55.66706357127018,54.53740200246843,55.10436845664285,55.1254677885722,284381.1455923611
2021-07-15,57.15296527723149,57.33374305869748,56.66216338821546,57.19741629056859,57.19153529989749,197514.5060094463
2021-07-16,56.44937617517744,56.58764517461709,56.27202213524879,56.36930450514341,56.34443903855031,284305.110526767
2021-07-19,55.277169854751335,55.335650994933005,54.73802006959164,55.170758243986086,55.18344909024345,188093.877448906
2021-07-20,55.91236701625213,56.19817098244757,55.7519421122916,56.06407806394043,56.0350478333022,366732.1326937848
2021-07-21,57.124233625215446,57.236620478185095,56.99263665519483,57.07565733507167,57.04359846636071,358246.37470997
2021-07-22,57.04463205480126,57.064417551949134,56.66502518195992,57.0141939656159,57.01918040944134,106505.9151737006
2021-07-23,56.29477964103288,56.44319268998063,56.10505611267483,56.30327446514297,56.29944752112958,370931.5881971356
2021-07-26,52.650679342152806,52.83456565625031,52.34608893788064,52.63357886724598,52.645125237710566,156371.16192394888
2021-07-27,54.24503473831125,54.44157631485241,54.22119801309413,54.25825400427789,54.234454054174485,507466.8206087497
2021-07-28,52.98418165779089,53.41080914071895,52.77416949657722,52.99777378148288,52.99670833935819,341076.8538675016
2021-07-29,53.45163059845033,53.6886308402097,53.23970176958915,53.4964352419377,53.50745849618573,208146.57546766716
2021-07-30,54.917012592214256,55.146838538216784,54.5866042079289,54.887994014448445,54.88208673560306,309911.47135159624
2021-08-02,54.05578528273456,54.09854058578867,54.00054752908622,54.079546431594125,54.0705295045791,446960.6414141528
2021-08-03,55.46822097559392,55.64087239517963,55.47142174229078,55.56665113050919,55.58616100565664,135408.4813813295
2021-08-04,55.662710939637485,55.7716320447952,55.302611756488936,55.62033811532866,55.60840125362917,169262.30541105155
2021-08-05,55.49398703825627,55.54163326859212,55.41241449966315,55.49021089379797,55.491972705167,379489.4297637351
2021-08-06,54.44367050050977,54.75476337820032,54.371989955292406,54.435560729193206,54.42856762720135,176647.7670891134
2021-08-09,55.36975613504803,55.51792080736431,55.10378685061934,55.31141893632343,55.31322119300687,647464.5155590393
2021-08-10,55.92089172793401,55.966882116532375,55.427812005212886,55.87151472024805,55.86794759206872,0.0
2021-08-11,54.08937026083361,54.1965273471917,54.05094202502785,54.15321469748799,54.17093401824858,141760.50545591733
2021-08-12,55.898326072477154,56.41199442301053,55.50424704946728,55.813299121320696,55.80128931892178,182714.84942721427
2021-08-13,56.98835795808746,57.16644389893074,56.61573476413693,56.92184647674584,56.918194653431854,272994.8506221932
2021-08-16,55.56615238106298,55.64719857351836,55.19163791699148,55.49643041439732,55.494284768662496,190937.4958477572
2021-08-17,52.78093108684868,53.19084226712437,52.66137176825817,52.77735919832274,52.76225945138264,200324.7385365241
2021-08-18,50.060042073989536,50.1839705798058,49.73973838202223,50.11791338819865,50.11911635904794,719063.8207263977
2021-08-19,51.32759687050905,51.40289586981645,51.2337107494896,51.350465529871,51.33767536307743,477941.6654150145
2021-08-20,50.84646383244504,50.9967085020452,50.82715595486606,50.88872555619546,50.89750850532629,287637.8678163259
2021-08-23,50.89838697763218,50.953797962067945,50.58396967681812,50.88021925100314,50.8658046932952,419570.0375243701
2021-08-24,50.72880805881051,50.80088944399311,50.64988558483216,50.67824440468409,50.685532979723256,197172.18893392128
2021-08-25,52.48232218818495,52.78022718861352,52.2685714822214,52.46736530252799,52.47033936191147,172879.41497814955
2021-08-26,54.42863650835391,54.5108214878545,54.10808027135312,54.34583860313103,54.319480920140826,375524.01839139673
2021-08-27,54.368177061079344,54.41714369845453,54.05511018607341,54.34184247088925,54.344569556870994,589260.7676499014
2021-08-30,52.07099958774776,52.33213351590581,51.95654873023445,52.08805669031192,52.09121909051835,345484.35440982063
2021-08-31,51.7549208156996,52.11484457050281,51.50867047103287,51.80370378186727,51.806539100640336,247830.9129946258
2021-09-01,53.12899623562177,53.26800484892531,52.75440983724514,53.11704579592392,53.11234682545996,458852.939916441
2021-09-02,51.85393538092137,52.00414051622909,51.65010727216358,51.87547367645481,51.85702779871784,94964.85161130544
2021-09-03,51.40792094089929,51.7542584978758,51.18686181772055,51.399371544315855,51.40820687153443,187757.02924150068
2021-09-06,52.22469985170625,52.33299305935833,51.87237927858854,52.17653777330359,52.172300357376805,475981.5894273723
2021-09-07,51.60781464120516,51.63449997306838,51.187942888219446,51.54382016177137,51.55433619195418,383894.0272457084
2021-09-08,52.945309282205095,52.99849453204104,52.942444426273646,52.94811374229128,52.95614689398825,120886.5127237067
2021-09-09,52.84139738211386,52.9908083190892,52.55729766105365,52.81837178227436,52.805300523216005,162536.89536136674
2021-09-10,51.33125257844547,51.51624735367234,51.28374925988911,51.294048799842216,51.31272289910386,196790.75133956855
2021-09-13,53.796574218269406,54.00660303100301,53.29004833685865,53.86499259022586,53.85814956297966,83876.79099031191
2021-09-14,52.692143117715865,52.87714877599274,52.62555272607924,52.69842275438742,52.69208473778456,212486.46843434847
2021-09-15,50.64299532688663,50.90305889826086,50.59971875247852,50.63419022610067,50.61289496830453,158480.79411667964
2021-09-16,48.29993929508002,48.65205266382944,48.29018701324591,48.357787645023386,48.36968244721748,260202.45553844832
2021-09-17,47.69156450884769,47.98496890142231,47.63873917293191,47.69234835347016,47.68798975600853,1157014.6716758986
2021-09-20,46.69044694856026,46.69219356405083,46.28796656018493,46.67976709183462,46.69839028070977,335208.6747366324
2021-09-21,47.26960832460146,47.301736928136656,47.236359150480695,47.296335023694006,47.30503885833749,463355.9059750414
2021-09-22,46.39206917209842,46.41420522774079,46.139414117996544,46.38249609397265,46.3908908599415,255864.8556888547
2021-09-23,48.10042684207068,48.16193957276074,47.81537335426072,47.997239413040646,47.97905673774538,0.0
2021-09-24,45.9785159608092,46.10854073980652,45.751451208126106,45.98375311101076,45.97940380047672,366036.374996588
2021-09-27,46.20027283643502,46.400156883550174,46.15278800772716,46.18843470274123,46.21829527658823,338465.26864319714
2021-09-28,46.86013849086168,47.33393630760485,46.55166578203584,46.80987721299704,46.808216391382345,275049.974505107
2021-09-29,46.3600906855616,46.62171832160625,46.16542417754146,46.41372525151391,46.40603721277236,357996.083957483
2021-09-30,47.46702985676724,47.77407086525542,46.91304248646526,47.46584603365197,47.47363211605893,191644.3271632388
2021-10-01,47.38705277172552,47.45413189597478,47.26064761505232,47.363688736383175,47.36385562154887,302361.81643357023
2021-10-04,47.39925196429165,47.46238543487241,47.354091714101536,47.3763625340303,47.38244516342522,250125.063872925
2021-10-05,47.61685598084054,47.61407234228255,47.31927785835995,47.61278247372586,47.63471913538436,193048.7080184484
2021-10-06,49.2796847248914,49.64933181385968,49.17013783750542,49.261278075417074,49.26017621128927,413298.21350907255
2021-10-07,50.1771815604316,50.32488837950991,49.85030794761953,50.14559314865269,50.14710025266759,381871.9920781477
2021-10-08,50.27000238639254,50.30043485150187,49.852011688737726,50.27931038994248,50.27357673134807,133152.75218274002
2021-10-11,51.47261114820135,51.64293673447871,51.14929496504793,51.41720045152792,51.399958196354255,305681.94642637763
2021-10-12,51.3727386056229,51.658666354096894,51.13453268505586,51.44511722471759,51.46333444781053,528975.6195297444
2021-10-13,53.67714780762724,53.83563804388688,53.03476506217935,53.72448470588924,53.71399911156144,388465.19935178105
2021-10-14,53.72187711691809,54.159177638655294,53.41965633883038,53.7498254393216,53.73770508409331,447163.7614090269
2021-10-15,52.21092439242333,52.58821742912556,52.02757782058783,52.25732257385752,52.26772230249751,448150.3539470008
2021-10-18,50.74758595952957,51.14193355353213,50.706437661352034,50.8059047795897,50.8240683182494,451574.28558220185
2021-10-19,50.2148120812971,50.45246279659978,50.25971230210232,50.2625511272833,50.27061481579657,216777.95399522237
2021-10-20,49.04934878570286,49.06257231361737,48.747159239322656,49.0095362325935,49.01911950333879,353724.43292093795
2021-10-21,47.87400383315565,47.87946531307141,47.846655554123984,47.86424484911172,47.861870501838034,87100.11035946113
2021-10-22,48.46993737912969,48.75645574861582,48.37987453806206,48.439751095327054,48.45097471131651,744418.3630244067
2021-10-25,50.36279062220519,50.59645258565909,49.98146950859381,50.39522853057988,50.41314513472157,233624.0685582469
2021-10-26,50.7318420963936,50.93307691331574,50.48695911269699,50.77918332812931,50.79709428948432,293565.81389109115
2021-10-27,50.38352034189484,51.1160524429063,50.151346251156696,50.416509350620274,50.422915286080574,360341.55150735273
2021-10-28,49.69224108606805,50.15217912868027,49.51824530935406,49.67040847595416,49.69213409199372,272769.34237868147
2021-10-29,48.95361695909279,49.015783451359326,48.645834243728736,48.89687111750197,48.90933000668896,888911.1752184753
2021-11-01,47.04136584858658,47.26277721266035,47.03175055400358,47.06856377794426,47.06352594250959,223071.80722117284
2021-11-02,48.25022112282398,48.44326240408433,47.769146014124345,48.30066335649274,48.28555964925087,237328.84852563773
2021-11-03,49.42327199949663,49.7285202429851,49.07662291064681,49.4308892878677,49.41422736981822,245619.8608543491
2021-11-04,49.63813993967143,49.80304143690262,49.38086134638026,49.641854956420445,49.63715899211049,347754.2330366444
2021-11-05,49.75145238766318,49.80846585591144,49.64837207345915,49.7543164251831,49.75815259043499,368886.24680479977
2021-11-08,48.76795869427281,48.93054044715738,48.67494716539901,48.79829678839265,48.78821162783984,334937.8845899478
2021-11-09,47.13332802819813,47.46154701352901,47.01155411036066,47.166613656019976,47.16344031639764,308382.8080998588
2021-11-10,46.48059547725767,46.97556274782366,46.26837559537577,46.50213566131349,46.49790609385919,237399.5486090881
2021-11-11,46.5750395790108,46.835849661776656,46.35471378355457,46.65093564645292,46.65437612720668,470229.3262037406
2021-11-12,47.355197685062585,47.5328755480345,47.0834231234859,47.33802263050016,47.33919022785516,489575.5353110046
2021-11-15,49.093969758953705,49.203222470891305,48.69318744533932,49.18909967440913,49.204013043089496,133346.47289205587
2021-11-16,48.948831821518176,49.20405346060006,48.70074063472473,49.01686210970195,49.020455056851226,580386.0355180274
2021-11-17,49.89579923605761,49.92736921316314,49.57623310024218,49.792547349207005,49.79314178927044,459425.8648714237
2021-11-18,48.750336466074586,49.09170753205313,48.42079822068936,48.79614663940831,48.804360007694086,453603.8147038778
2021-11-19,47.11512747047836,47.19648659333574,47.00213999055295,47.14062374622191,47.13189491973219,431821.2969208971
2021-11-22,47.79294058259413,47.88018144947099,47.68060786428333,47.82661243606072,47.79748343520795,169510.73260662396
2021-11-23,45.866876572760624,46.112237599369074,45.391649198329134,45.876841604751625,45.8823764693641,404168.359546929
2021-11-24,46.20531769176496,46.441428047317125,46.193519117824806,46.25185316690964,46.24896157070172,159622.07156752818
2021-11-25,46.47241780963533,46.62878428284374,46.170463411266624,46.5534488611021,46.55314023986905,371325.9480415768
2021-11-26,45.8050992316504,46.20652145169112,45.486885854153805,45.78424465024687,45.79883177686885,111753.82653451282
2021-11-29,44.39956215150675,44.55834634621465,44.28603670268701,44.42601868120087,44.430556443975846,153620.4731221062
2021-11-30,43.74176575489791,44.18507325646379,43.69117691576302,43.76576843727015,43.754518072597214,309774.1415404508
2021-12-01,43.50158819321135,43.52405545097712,43.43728093766042,43.49814814657452,43.49520829722703,79872.63810859952
2021-12-02,43.72119454608068,43.72940033148776,43.510330952824624,43.68569478226496,43.67854769970067,415985.990609412
2021-12-03,42.40071545976835,42.42164711034361,42.20369807474737,42.41677764975434,42.42144798761688,780361.6278260982
2021-12-06,41.23690174614888,41.48073624358817,41.08406809736767,41.23461113912701,41.236373021010415,192273.52487004624
2021-12-07,41.72515447672014,42.00922641482256,41.574743320187935,41.78230256748844,41.77091027174381,175277.07983879896
2021-12-08,41.34092073132032,41.52990163816732,41.10087123244515,41.34706340201552,41.34706340201552,240026.04322840285
2021-12-09,41.28295370572594,41.30720879411943,40.93731595082424,41.206905304755175,41.207078168681655,244615.2861007121
2021-12-10,41.30591108328776,41.6904285541199,40.948682741596265,41.29050759668636,41.281353439806765,322731.7156855048
2021-12-13,41.5544651957058,41.7250877337536,41.45776182459012,41.558648249420976,41.564658221930905,243551.55039160655
2021-12-14,43.05008862521087,43.3490341253013,43.00079332243333,43.02514461413229,43.01988491999145,218284.28763502187
2021-12-15,42.714672297542926,43.03068634488642,42.48944575270124,42.75995608116941,42.77563482721663,141496.99496190948
2021-12-16,42.12859849019861,42.17021350888143,41.90074602041995,42.1504097380589,42.15050799646926,187139.7401243633
2021-12-17,41.61154830345238,41.77078570145284,41.63149563939799,41.696011349514336,41.70957596952759,157639.28915690683
2021-12-20,40.72612926663157,40.95306376737173,40.46319137106231,40.717785166511725,40.72255703684216,278919.95203073724
2021-12-21,40.26572449902666,40.39019226124286,40.205821412489165,40.23640496486817,40.23937655104369,636796.6222317843
2021-12-22,40.15765915750722,40.31055872450057,40.06593526387869,40.1383316414636,40.13141844679004,305549.5426075518
2021-12-23,41.282552996657856,41.27561989578304,41.16715316166744,41.241040199607234,41.24176760757283,457258.77973892685
2021-12-24,40.55945712223507,40.56358803756842,40.454667954124375,40.537287152563074,40.54506731141217,387065.0376773088
2021-12-27,39.88854757294139,40.29622061362646,39.68438264146816,39.86254531588172,39.86850538133027,190025.26342299485
2021-12-28,38.69996470247088,38.75536578290724,38.64461483336914,38.750222267369416,38.75093891288845,283229.4041010784
2021-12-29,39.39181168890413,39.53561091937674,39.014898820607534,39.31865361457256,39.31219576707031,750069.7565724134
2021-12-30,39.176235411358284,39.6595447617842,39.20854293718008,39.248424130381046,39.24278447325317,192472.8494888019
2021-12-31,39.46778874389497,39.56603127537186,39.354075800464926,39.458967310423205,39.473336390640505,345474.7766525931
2022-01-03,39.631704956946784,39.93948230300408,39.63864254387105,39.68067601711933,39.66987425256354,158688.54746243297
2022-01-04,39.30672811672254,39.50010741742636,39.17737477720672,39.295170778282696,39.29323690585241,186124.6553872318
2022-01-05,39.09467002808656,39.11359897853025,39.04911166713441,39.08767953851105,39.09631966401855,665409.8036731929
2022-01-06,38.87114030502934,38.93107934784658,38.85251651664485,38.877317240277314,38.8858382711253,296690.9911046135
2022-01-07,38.36418740774655,38.44921007230751,38.1925133253906,38.368629863199445,38.370915302444665,142229.3609382218
2022-01-10,38.069145818723406,38.32684680593437,37.964954343198336,38.0883518502925,38.09425666279144,272457.707794142
2022-01-11,35.88661798081768,36.0957004297785,35.648953032270576,35.89553119332219,35.90022331438463,373131.9560180972
2022-01-12,34.66870665139104,34.78656498170896,34.49098251724352,34.68813936718753,34.691499149585546,495297.4170416773
2022-01-13,35.511104817756426,35.56483091277061,35.33491647340141,35.51502566251664,35.500983102997495,179591.96201843856
2022-01-14,35.34932075517556,35.54579648067782,35.27608908588721,35.389751406524795,35.389710948458685,186185.30707120412
2022-01-17,34.52453719302201,34.69043558144732,34.4636573858711,34.50764877396549,34.50589137412092,165502.99582210634
2022-01-18,35.28522230008538,35.254611671594205,35.1656116314212,35.245974383726136,35.23966307034327,269390.43806669815
2022-01-19,36.5762452176807,36.734644764257744,36.36258300286055,36.49675489061181,36.48155697603444,243822.6508237597
2022-01-20,36.990662051786266,37.011720593038405,36.7991038013697,36.98446330525508,36.98946399117349,255289.86687590956
2022-01-21,37.45578485529537,37.61141306333789,37.35335855953418,37.41289984584619,37.38992737857179,841695.3004921584
2022-01-24,37.588477542926384,37.69104279665704,37.5196010351366,37.61007841602024,37.59918689172376,69593.41600368264
2022-01-25,36.51735577391841,36.658030941314905,36.36845567157607,36.57142162722835,36.56904334807248,156994.49698379746
2022-01-26,37.00965553680447,37.15898189274423,37.00094776362521,37.01953963629254,37.02931861154266,491239.3186070506
2022-01-27,35.93612935902888,36.02709284076256,35.571188045267654,35.89091456234278,35.895385254630675,231597.7770315884
2022-01-28,35.330632678269616,35.300471277922604,35.23665367210253,35.24755575719747,35.23732596850152,821111.827283545
2022-01-31,35.17323587593174,35.2750876454976,35.0511257040812,35.1001694302032,35.08707991011813,254197.18936911525
2022-02-01,36.99461743798469,37.31548475817345,36.86667297841417,37.01428466208596,37.0212177251957,237723.93807211373
2022-02-02,36.60892797346964,36.6121081170054,36.22219599787178,36.58472409509165,36.59244958273564,266321.4679509227
2022-02-03,36.876770993964485,37.17003019121816,36.70600968654976,36.85800987023812,36.86694225709168,104794.75411086107
2022-02-04,36.070829755126525,36.17564604507104,35.882675865922586,36.03513665938362,36.04021029608915,242138.71897444443
2022-02-07,34.98264036292689,34.9827565967262,34.90743247531167,34.98218850692043,34.99202222826082,221037.21020393004
2022-02-08,35.397982751725955,35.418815031246055,35.343839096408324,35.37809833689732,35.359286565423815,84343.41435678354
2022-02-09,34.427199087040066,34.77123387228744,34.44565739315064,34.46361319176961,34.47654293220939,1011869.1752954102
2022-02-10,33.751233340009065,33.83051823644007,33.58585678323387,33.776705547821294,33.769898871800656,421184.2760124418
2022-02-11,32.86978745632311,32.96434426360045,32.856206043676096,32.89911580738738,32.897542672094715,376627.83147040464
2022-02-14,33.67106270334552,33.858465677500334,33.51562149619073,33.76259066858443,33.754637492325706,57187.54552389426
2022-02-15,33.30265136756323,33.540130103477104,33.17026229710597,33.3210394208229,33.32126040392404,285161.1682707239
2022-02-16,33.027284476034,33.337701484883105,32.962743270208506,33.019414905779364,33.01783231468187,213220.93205937013
2022-02-17,30.72542613033764,30.87318537332842,30.62988481672006,30.75245273453023,30.755605330574085,359677.1087531081
2022-02-18,30.500221161861543,30.550999276697347,30.317560828191095,30.506218191006745,30.51869303440193,463281.6321147312
2022-02-21,29.676645722615486,29.697343415735045,29.64250762982021,29.65856655840567,29.656350486031386,118560.58636056053
2022-02-22,30.44965211493254,30.42230623762841,30.400131825123804,30.41406352001871,30.407938812208894,210746.8669605113
2022-02-23,30.71640409910347,30.86728558123091,30.58593966033071,30.70822179359104,30.709365850384835,285197.3775309783
2022-02-24,30.401426963837554,30.467334050691697,30.073998616010865,30.387097419887077,30.397425350854736,1046253.189949088
2022-02-25,31.389810128893927,31.619170598846168,31.330069907020484,31.39939718298435,31.390907569792905,260009.0763511336
2022-02-28,32.335170475078286,32.45281003128035,32.291098437869735,32.335260955089225,32.330887486890525,243701.1949574893
2022-03-01,32.77307955883724,32.75144355301064,32.676804652261666,32.71162481232916,32.69934046301972,283087.9052794171
2022-03-02,34.703644260080445,34.72015235523564,34.50393023029353,34.68381494592528,34.69715694564323,478687.68123014
2022-03-03,33.44773806350957,33.49204258464845,33.38181117311552,33.430975552798216,33.44093910396505,961800.5427686716
2022-03-04,33.71421946861247,33.8588040013063,33.673796848530074,33.72905065273806,33.713524744776535,174537.7229608236
2022-03-07,34.55156322190067,34.76267188996392,34.522566112201865,34.57005843336666,34.58778443063685,152245.0728554167
2022-03-08,34.52530800880684,34.611149622989544,34.43124032252708,34.55737343700678,34.556584220422124,751083.0413865844
2022-03-09,34.02623939771425,34.06945146046994,33.86563462562632,33.99256341315822,33.98594213140166,231923.0043159903
2022-03-10,32.921827134496795,32.969966217558685,32.93036061312588,32.9435453548447,32.94829992054001,176134.13372553777
2022-03-11,31.97682401404207,32.15156376558144,31.997723109827724,32.01500609253615,32.00706810883697,102012.88859569264
2022-03-14,32.70278088759822,32.763395751384564,32.557958382632336,32.6767706408958,32.67366184597662,74291.31397764354
2022-03-15,34.13375073245792,34.26269580711735,34.07151350307036,34.13501216925548,34.11698604203078,200547.12071921836
2022-03-16,35.53290830326351,35.845412836249935,35.46850993889247,35.58935629055419,35.59041663204286,113940.44707115612
2022-03-17,35.44896471465133,35.754544058786244,35.42632635247419,35.467789971734234,35.477171964455415,157730.08662944307
2022-03-18,35.473447219616965,35.53641232678049,35.447351180818984,35.45665833413928,35.46370550152937,737349.3470281541
2022-03-21,34.958007839488275,34.94000489460124,34.846085114531945,34.9291477871237,34.91823140009808,144092.16525039723
2022-03-22,33.922585396955256,34.04349875656148,33.958224656851776,33.97480752969553,33.9543789748851,363193.9803658887
2022-03-23,34.80669018805751,34.82765258079296,34.76582144148506,34.795677132802425,34.769916795759244,361979.7633038967
2022-03-24,36.67460978895977,36.73078604280973,36.38045639752246,36.68090057415191,36.69997666944225,409866.3927986016
2022-03-25,36.46946611420113,36.75292640519859,36.18870368544754,36.43910901159478,36.4372065973436,831633.2964188032
2022-03-28,36.80361492085813,37.14481317427849,36.50510851085112,36.82993648857585,36.82037251238596,321434.3273915892
2022-03-29,36.03850649031241,36.22462808185223,35.66505335117176,36.05585607467851,36.05810960717228,424094.8990876384
2022-03-30,36.26711841093847,36.65354997182283,36.03454458957545,36.27435168382204,36.279570752089,108549.39567078756
2022-03-31,35.68409394002805,35.656403327118724,35.51375874325309,35.645252011017355,35.628404387712365,564268.8226317376
2022-04-01,35.40317189352288,35.55584086153781,35.42074954476056,35.45188271681963,35.44120010233995,229440.6180854293
2022-04-04,37.03262212036036,37.24704838646447,36.93733567734483,37.09378656774101,37.1043283491428,189252.47453244936
2022-04-05,35.32417368179807,35.49581038926081,35.20704629915704,35.315741037574746,35.31627269859072,206774.12139566315
2022-04-06,34.70620428570291,35.045880096664966,34.45739725785243,34.680826072282144,34.68495554224839,143418.44702832456
2022-04-07,33.3836123192664,33.530476888852554,33.114592430450976,33.345703158005605,33.34368153593241,175413.1189251737
2022-04-08,33.4846822801514,33.6139673343459,33.246962739998054,33.52900143657852,33.528977461904375,434045.4472452165
2022-04-11,34.410030693742094,34.412530252383206,34.36151855470286,34.407813569111376,34.40296128450985,316262.0320724474
2022-04-12,33.63698415369407,33.56723532595178,33.38730489553684,33.55938890365431,33.55745395928178,238038.6175360813
2022-04-13,34.94372036652218,35.03140011258736,34.66177527666523,34.88396755182091,34.86580929999026,222599.21748894395
2022-04-14,36.50663108237233,36.63074566540326,36.44116919453105,36.51975061337445,36.5171419271399,218460.931687086
2022-04-15,36.68436582297405,36.885176518099925,36.374133352218266,36.644181124044806,36.64457662479568,225059.5348520392
2022-04-18,37.4112255867383,37.3236799602903,37.15426037349757,37.28190973958226,37.2870161421504,350598.07253241044
2022-04-19,36.03081186996307,36.1700401223339,36.06322617821209,36.0913655072415,36.0947562351292,439877.8321562705
2022-04-20,35.32338080953071,35.405534713198534,35.32144812811284,35.38991243056298,35.395665165518764,188177.4976159735
2022-04-21,34.7872616858243,34.79619993511511,34.775777658380264,34.7808770540088,34.79261841593803,45200.5060148476
2022-04-22,35.325212840066634,35.41124758742021,35.27156080540867,35.35288958281319,35.35259799564505,284562.41286541417
2022-04-25,36.35198591151796,36.82579553235068,36.07577392089264,36.33427223831918,36.34066091739189,207740.13776685816
2022-04-26,35.164806173508204,35.359533010450534,35.05587804121711,35.1397722850984,35.14647706786848,181950.0539340495
2022-04-27,35.31934405310685,35.32752029794708,35.041888506097514,35.29096416269006,35.29602209908767,238222.80011499135
2022-04-28,34.753094845317584,34.89219857256412,34.59500191596869,34.7290379347062,34.732793035950614,746054.5377128253
2022-04-29,35.103494624776395,35.26997359628181,34.90251315535672,35.134830935152564,35.14470647271961,154452.5609518716
2022-05-02,37.1741323953665,37.30293022721569,37.07571306462254,37.22767262725821,37.21553317116221,555143.989624372
2022-05-03,37.794708790194,37.90308988556549,37.7167952805812,37.823956663961305,37.81255548552832,209063.7640768577
2022-05-04,38.13799611330429,38.66344824212826,38.12893700522522,38.21973382791131,38.21564379531148,404675.97448226647
2022-05-05,36.96175867484218,37.03417181781687,36.93665050952697,36.963343968823104,36.95835735191935,88997.12815842363
2022-05-06,37.48302455701806,37.64484396659698,37.24164157510892,37.49441485377135,37.48562637437216,673462.9973457151
2022-05-09,37.83610304650768,37.79998577731438,37.5312455517774,37.77390812442742,37.77338659905641,243549.22884473397
2022-05-10,37.98244903876203,37.99672758626468,37.76301731564033,37.94890086625481,37.947396340998,296504.73451137566
2022-05-11,39.20995335424804,39.51387851370645,39.04216572910246,39.25769318931403,39.25804940311292,411193.69581016205
2022-05-12,38.5437063834412,38.90800582343238,38.438192197988165,38.56789376493209,38.56975944466164,540091.4843321325
2022-05-13,37.485407182073246,37.67834216449399,37.45015598689801,37.48743287112371,37.48412617354753,291727.2762728366
2022-05-16,36.423559373578655,36.624852953236186,36.34093929150128,36.41523901232184,36.416568204342894,127200.39271947404
2022-05-17,37.42813054573787,37.63343384463034,37.36892512708498,37.4620939392096,37.44636887576019,413281.71408856247
2022-05-18,38.38429902647691,38.40649329918874,38.25750276957148,38.40373066168517,38.40571436368522,161312.42347308356
2022-05-19,39.7120441984313,39.77852425109244,39.57446156181781,39.71076886471752,39.70364999548178,235208.46849839468
2022-05-20,40.16454870113148,40.153592111683125,39.66798513196972,40.11048876165773,40.11639206201701,158886.7653877372
2022-05-23,40.24230820394884,40.43127254628895,40.17656478996326,40.31566887337445,40.311541942571125,468591.3306054436
2022-05-24,39.85609550372429,40.02102418941608,39.80993913144537,39.8414852606461,39.85545385759146,251773.76345239565
2022-05-25,39.06507297813943,39.06684102683483,38.96233575282717,39.0640644605743,39.08218418683088,222329.1010696208
2022-05-26,39.74110700662953,39.77275336406919,39.34311645323956,39.74005689796925,39.73503502895646,483498.2566042247
2022-05-27,40.22338187716831,40.32618734798882,40.10525772941222,40.19273175457413,40.18860455550324,95617.3891234249
2022-05-30,40.82497925444244,40.800437879989765,40.67312387197783,40.79913177991096,40.82235837818303,238894.19929335715
2022-05-31,41.99404996548256,42.08958987293087,41.76046629398223,41.99949959540167,41.99753949725831,299525.22626512183
2022-06-01,42.5636724633691,42.61145334276701,42.31562011672841,42.53233934052358,42.53815850544806,205933.64692388463
2022-06-02,41.41968908337539,41.75304795720986,41.39750766888114,41.45464744985716,41.44304480666111,116070.12146566687
2022-06-03,41.88754863918483,42.00586099601373,41.80226344046824,41.95401554814038,41.95947707924092,132455.24864432274
2022-06-06,44.15817523790158,44.409051363112944,43.92315507465691,44.11600424161333,44.13140792847413,650196.3578322257
2022-06-07,42.26011071460239,42.34928635926875,42.21402318744477,42.30668236569766,42.32311707210195,770790.1541827262
2022-06-08,43.102630387971125,43.14824285009997,42.55603175097046,43.01281090855699,43.00963631797307,292141.746638319
2022-06-09,43.15709274439974,43.42913314323361,42.9867630655221,43.15174363933576,43.15871647205624,233500.9328100352
2022-06-10,43.75914521373117,43.77248672403831,43.47397646172106,43.73489156463851,43.72036018916537,919088.8945110596
2022-06-13,43.78984986959789,43.82831321147227,43.64753449136145,43.70486556526111,43.69683631152846,154426.96432395207
2022-06-14,44.070820956821855,44.09662582922252,43.99241558711794,43.99699245176826,43.9994886419214,854327.4970635176
2022-06-15,44.443924378445615,44.76420076771699,44.13111557564658,44.54246431041419,44.5346859298748,495025.2843048501
2022-06-16,44.18138250753536,44.572743474221866,43.91524001522601,44.16194199260446,44.16299791127425,306860.8135204758
2022-06-17,45.12476104954462,45.25168608168519,44.894529601794815,45.12687980249512,45.11754758363824,345737.36821437994
2022-06-20,46.8567465125896,46.954670136442026,46.76757591670143,46.81712656779405,46.82369133925247,224663.32669321907
2022-06-21,48.368391558459344,48.72346639853598,48.36503771151566,48.402630992693446,48.41307432663534,209409.00487654872
2022-06-22,47.18308713711536,47.67536140542961,47.03929772863759,47.15661495434355,47.15484577408407,222756.1686404913
2022-06-23,48.188874071191904,48.44322066414171,47.96365086305914,48.11562487320108,48.100379799948,242032.95228635715
2022-06-24,49.02747537613805,49.244904850129295,48.24254163679877,49.01298600367876,49.04321628410408,338381.525399806
2022-06-27,49.94469041209385,50.12399342539409,49.92352809310877,49.97574222956237,49.96329268167186,272713.0339527376
2022-06-28,51.61107803630147,51.76478002377777,51.25462210335059,51.55604376354478,51.56895593867754,358818.9130889057
2022-06-29,48.91931673451878,49.05756490928178,48.734991354281576,48.9196520294419,48.91676088932844,168260.00231158893
2022-06-30,49.91632905834479,50.01035551972465,49.324196252711445,49.82977300788088,49.84051577972994,397800.1840505671
2022-07-01,49.26952687009715,49.65211892307119,49.27713275447704,49.33790639256482,49.35170897080363,306227.59933919774
2022-07-04,50.49307439913432,50.88242952559913,50.3658579705291,50.49642842075393,50.49992815207087,100075.71709716534
2022-07-05,51.72831287701042,51.779373593728586,51.491164211910856,51.74610961104698,51.740541109846745,493508.28312541393
2022-07-06,50.89773813221378,51.052795828563234,50.84441752947748,50.88892138528686,50.889828539037,459563.6406034672
2022-07-07,50.29554878407068,50.51058228920169,50.07390531692635,50.30166080920265,50.29445285771038,303578.50789509586
2022-07-08,48.96265497294706,49.024789740640784,48.67325680617643,48.9418158417289,48.944465774204815,178370.47780460454
2022-07-11,48.44686035796837,48.95426552568975,48.16123786542708,48.45430256296357,48.44970091328961,921717.3162570336
2022-07-12,49.34055407416166,49.74295484211199,49.0889814248514,49.42383625673041,49.42282029447865,205979.15318642263
2022-07-13,49.937772012258826,50.15248094667408,49.81531863768655,49.94135328712928,49.93918224607431,278851.34001159423
2022-07-14,49.77662650882386,49.89213371827741,49.45951588114762,49.82133925886493,49.83669117108185,182247.77166056025
2022-07-15,52.299776545273474,52.63784873849365,52.26017384133676,52.38329649163695,52.36642295639627,356601.1837106993
2022-07-18,54.04734892533125,54.31775207466372,53.97698959551362,54.06906313045473,54.06031687502728,325621.44632953324
2022-07-19,54.618685136055866,55.08910637055021,54.431682309559775,54.67765869720733,54.6809020574254,158720.81017272678
2022-07-20,55.04314764832711,55.214237953540646,54.59250455241872,55.03814375807741,55.0438550859212,141083.60998536574
2022-07-21,54.50823459459687,54.7324036972202,54.21099302160242,54.455415876386105,54.45709716154737,920397.0130138594
2022-07-22,55.675689852800986,55.82933599824578,55.44611201115384,55.55808982182501,55.53123133372694,166717.0335591009
2022-07-25,55.84692437657555,55.93544208894877,55.49074670348859,55.86964525563702,55.89119431564123,64771.5692621217
2022-07-26,54.37120137311953,54.67312247004755,54.21221177025635,54.33995641721933,54.34556382771997,155608.5629399764
2022-07-27,54.72692549080633,54.970514881057085,54.45755258967002,54.68688513744543,54.68278386518971,268419.60954887274
2022-07-28,54.63123876226352,54.97284246626163,54.643093135021886,54.67071239119669,54.66435335384944,334016.51966188184
2022-07-29,54.20776873369139,54.374233099877976,53.81425839161176,54.20147990919387,54.2106180015828,272702.7232936715
2022-08-01,53.4648032022027,53.48344896898968,53.39512934207349,53.45473860835899,53.461397622164455,769751.8878211235
2022-08-02,54.61060384277147,54.87389076966681,54.404875609862216,54.72950737491168,54.74132293772174,253828.84014329
2022-08-03,55.65730177993744,55.73359818917721,55.43734636787192,55.61992932546578,55.62503039670332,331403.93205363664
2022-08-04,55.77248559913656,56.14797188114265,55.400918037971735,55.73549493222905,55.72436107622632,114536.91185454822
2022-08-05,55.61975491505067,56.10593791740681,55.41203353607899,55.578311386145565,55.580449103780566,552692.036257873
2022-08-08,56.505831588582446,56.927973556689,56.25857208851758,56.50606853645009,56.4960301633646,414397.6274679758
2022-08-09,59.61763925769845,60.35084561698833,59.50640772224433,59.60874976107781,59.61828186673306,388479.6565846511
2022-08-10,61.495629172462,61.80303585288037,61.09997642297966,61.510789149171416,61.518788797955054,247449.8986685864
2022-08-11,62.6326153739108,62.84539493327208,62.05948240754272,62.55676219380431,62.58654189196121,413740.1911041698
2022-08-12,62.30022497187807,62.43998938410794,61.54397127137101,62.2326173910052,62.2366206358374,372746.6745244018
2022-08-15,61.15056171736949,61.13281025997576,60.94956614949092,61.05618857686498,61.03980911507176,762857.351161865
2022-08-16,60.65739839283152,60.90473283479911,60.40038392992135,60.67479794642143,60.68355312615999,414244.88798043353
2022-08-17,61.25403945273719,61.41735738326704,61.00926909576094,61.173524468065615,61.15244389232372,381545.5145607666
2022-08-18,59.05959051767995,59.54244169318901,58.9735511770079,59.063937183776375,59.05818580797022,113166.39983072528
2022-08-19,57.97068962417079,58.097589435363126,57.94819682894882,58.00288413834902,57.99626996705391,831326.1353792845
2022-08-22,58.07024405610722,58.62491057331656,57.89548616451057,58.06135158162228,58.07889398282759,397238.7859096177
2022-08-23,58.33942961670347,58.45624057190104,57.80872115806342,58.30287896663606,58.3029644606661,306048.9177343093
2022-08-24,59.51827252078844,59.60355761187195,59.20344488174967,59.51316476929273,59.52272034375641,238651.68543084312
2022-08-25,58.302406152319975,58.55922978932957,58.20081901463117,58.3481810295926,58.34118962576983,1099063.240721812
2022-08-26,59.33781291618086,59.54008515160687,59.140875155678856,59.37883686704715,59.36473234986769,403952.9636662056
2022-08-29,58.764768986488725,58.85299490176662,58.58864037834935,58.72120973403659,58.72771552935341,242020.14426733908
2022-08-30,58.99928296525206,59.528244546017575,58.68010168987837,59.0620745460328,59.07217900462637,187526.31227865565
2022-08-31,60.31422070729578,60.59740825721137,59.937907827126445,60.38400019092375,60.4069527902542,312004.2025154269
2022-09-01,62.6779394399787,63.0971101733275,62.49988924231126,62.84789450008387,62.86144776083428,407958.44001160905
2022-09-02,62.16237173668006,62.4031971847492,62.11678629754876,62.1515149344318,62.173903370794285,1230274.010408178
2022-09-05,60.74162120787488,60.94309490466225,60.57931155350723,60.646118043805,60.64949765156082,152634.24376970253
2022-09-06,60.37736239080522,60.461124138131325,60.30457270740279,60.39161937764772,60.38327816050653,91670.70705478096
2022-09-07,59.71219291373027,59.9629577075081,59.60164116049821,59.759878048225616,59.77985856945148,625939.6255445157
2022-09-08,57.66843505743413,57.699181748989965,57.55316548606855,57.66566703042557,57.66706640483353,966879.4285831668
2022-09-09,56.17097877131901,56.62382553686283,56.00772699128798,56.15914459177268,56.14610118666858,239527.25012718895
2022-09-12,55.29256491346608,55.5438392066982,54.97859713813018,55.1723775810845,55.1553493374324,577937.0953645938
2022-09-13,56.771412264883246,56.95624319040066,56.78079345297034,56.79117809823148,56.82307045369497,516304.9890443108
2022-09-14,55.36796215590865,55.39123471489135,55.29032958058909,55.36321882960249,55.36885545615438,577918.2101100588
2022-09-15,54.53647203085048,54.54311757224353,54.19998491094157,54.49966164309941,54.50285210100011,217990.1344321
2022-09-16,54.27910478930946,54.734399468514994,54.27105870836735,54.35056220030858,54.35736521483141,248746.10054992064
2022-09-19,53.16575729801293,53.49218073588935,53.140309575158994,53.147630575903975,53.17046905093631,459763.0003967991
2022-09-20,53.16741953985235,53.288323327143466,52.87087804263646,53.11357967518884,53.13680133965796,135643.6834682633
2022-09-21,54.97251513971494,54.953393152748816,54.48923316255623,54.915081386958285,54.92346439863201,239355.44818447225
2022-09-22,55.78298134620696,56.035532883487576,55.563018565496726,55.81735885708796,55.78503624212922,154381.82340083734
2022-09-23,55.53951583292804,55.59542453209456,55.244178610611,55.42353752411429,55.42251536310759,434319.8811161926
2022-09-26,55.4122858392248,55.76999228970635,54.98776472566075,55.39119486356219,55.41152641333158,280788.3185238304
2022-09-27,53.4213446060039,53.58927558834056,53.44406933040823,53.49692245521845,53.498730308776125,332044.0010185268
2022-09-28,51.94448418585139,52.28389362634572,51.680248418132415,51.964541506137806,51.96301923348416,87107.25158423505
2022-09-29,51.04683662906849,51.10385749829637,50.99789491704105,51.04317389017328,51.041022495987534,208924.6142669444
2022-09-30,51.01959446757403,51.31621916851186,50.71191880637853,50.98707095647504,50.96993847442872,242781.48065194863
2022-10-03,50.35373752113025,50.335060391833245,50.30560401004672,50.3180203193276,50.30845733156119,212798.46702132167
2022-10-04,50.07224318088469,50.202909508673145,49.851786549764384,50.0363050112022,50.03491565326612,150100.59152001323
2022-10-05,52.067277154941,52.21326506435333,52.06955692240528,52.102553391775096,52.10251384786042,166080.91933770303
2022-10-06,51.28736211015904,51.37083435468261,51.08939515542525,51.30915508857411,51.31727318432178,563687.5852028759
2022-10-07,51.27925398814739,51.33167932842197,51.247955301903175,51.32939330020744,51.35253092994314,183636.44467594507
2022-10-10,51.68872334658976,52.14559549075503,51.774315926121126,51.81299186828824,51.821631203813766,161524.056356258
2022-10-11,50.96892282476341,51.19661040448312,50.57816053442952,50.83746834307821,50.82740804652044,255888.04234592596
2022-10-12,50.86691653713429,50.86184670451842,50.5572446670919,50.84660749029359,50.817426739260135,318128.8446666375
2022-10-13,52.78479441616038,52.78916686437829,52.22050785222506,52.69375563109332,52.68584448849593,170567.0270548012
2022-10-14,52.44592227755604,52.83921027562131,52.05216334325693,52.46686911526213,52.47975165722041,152577.8895303814
2022-10-17,51.98199706689537,51.999102330547856,51.63890711476009,51.93039794751884,51.93512204540669,329198.3865988424
2022-10-18,52.222848341601264,52.29732757507158,51.70231527070271,52.137466377337134,52.125350114552376,240953.0049987996
2022-10-19,51.99315115032393,52.36853906246805,51.99687416726135,52.07323447848448,52.06905460377384,130294.52555421228
2022-10-20,52.91210709089002,53.51245139654828,52.61554103551844,52.941162426372486,52.93727090186495,234641.74837123317
2022-10-21,52.65894886569053,52.752231347284216,52.64236279463412,52.67895611502159,52.66825304384219,183651.0124302376
2022-10-24,52.796569920946034,53.1014189178898,52.6500705074364,52.74802502608017,52.73401665204091,409359.5193177271
2022-10-25,51.631440945808336,52.303777424459305,51.626815245005616,51.6509073825386,51.66020694178972,387883.5178077082
2022-10-26,51.69672155747133,51.7712324971769,51.50344764806208,51.64143443145184,51.64656164161252,237549.41141959655
2022-10-27,51.06229561098834,51.23027196629759,50.97458775091031,51.06355855735351,51.03877112259403,186936.6451702196
2022-10-28,51.21454883876845,51.48780780553909,50.70073537531761,51.21867899095311,51.22492733692479,440214.7340774584
2022-10-31,52.43897161286733,52.686062479924296,52.2504159210484,52.51425492745175,52.52933938011636,161839.00506621998
2022-11-01,51.086517601308536,51.16448409683657,50.747726319570624,51.03418286356131,51.0334708504651,513797.5921084877
2022-11-02,51.45886261406345,51.54514529382051,51.33418996233623,51.41489250152701,51.40895848821873,402326.121920076
2022-11-03,51.522536408755,51.6078956201404,51.41062097636169,51.540893494087,51.51341695094795,394046.4939987815
2022-11-04,48.72617747527926,49.58649538576229,48.70793239411292,48.7507634731153,48.73821054379021,149214.8088215271
2022-11-07,48.75772264788511,49.29525697016367,48.56554014251523,48.77559744882256,48.79014522275648,249810.7416725826
2022-11-08,48.9995765586693,49.256430710890285,48.833626248638446,48.92930463097181,48.94276884979994,353125.7456543838
2022-11-09,48.48022971473591,48.48955469301468,48.40443452226953,48.45605652582843,48.48033998732352,173389.15140841634
2022-11-10,49.168344241011525,49.33933681086391,48.98697687205468,49.144759065182896,49.127948688448825,249351.5870863724
2022-11-11,50.58656911453605,50.58326554048559,50.14564556288582,50.487490427700536,50.49462303377759,365614.8373072124
2022-11-14,52.2924522603822,52.46830338407016,52.169847397785446,52.301158141716215,52.31677178808015,213912.65259526452
2022-11-15,53.66396425046631,54.1124585008793,53.63501165009696,53.76943204975719,53.75211678094169,161505.01153166397
2022-11-16,54.293771730920895,54.3904223779198,54.176693206044845,54.339648873625386,54.331640947851184,681389.2565642917
2022-11-17,52.67793951822214,52.82648142465617,52.627432990908254,52.70724864274155,52.72196598872338,283504.46400817
2022-11-18,51.87205045082652,52.05350916101159,51.58828898109119,51.89008674057143,51.8997039225298,321052.30893317744
2022-11-21,50.60018128055502,50.72995651725533,50.33336186198092,50.58555282292524,50.5772842788839,434611.2406105668
2022-11-22,50.72081159225751,50.93364237983594,50.59881566897991,50.69476092468492,50.70015284012735,655695.375977127
2022-11-23,52.68812110267458,52.74538105809592,52.07755851537844,52.644666711185664,52.64974970777283,237436.29360880787
2022-11-24,50.45338771149135,50.84751343936697,50.34147207577399,50.48828010906336,50.50200508242505,253960.35976632056
2022-11-25,50.77983747193706,50.78309835997634,50.49643801249065,50.77461120031078,50.77217842661178,349113.75488638185
2022-11-28,50.62764884234564,50.898471673054495,50.28065113847807,50.68693346753805,50.7026493647348,119670.44762333526
2022-11-29,48.89005953184077,49.00185865596029,48.71060273403843,48.82108017218485,48.80527300846249,819825.7906867752
2022-11-30,49.15574529094121,49.20770995384607,49.05641858676464,49.15596452884859,49.15596452884859,112710.93604467246
2022-12-01,49.52466200442951,49.72374934530828,49.548679825910746,49.59274540517894,49.58858729532922,116307.16583980343
2022-12-02,48.468492969812885,48.53626523244643,48.16947732222856,48.39546910769914,48.38120234523745,386945.5120164478
2022-12-05,48.29075271037188,48.38068278534711,47.88341943739486,48.28372780953711,48.28701399600257,154259.8890241319
2022-12-06,50.11246762924176,50.09639416181055,49.8451258204204,50.05418913201127,50.07031662335064,219821.3858708115
2022-12-07,50.72798807629926,50.78734886132006,50.34399462546661,50.63507460453705,50.64689929050186,361763.2630064179
2022-12-08,50.13626658155636,50.31787019757824,49.96427088526831,50.1374098579342,50.14152853072618,218124.3631243292
2022-12-09,49.32813841212129,49.425077966765286,49.27778837475407,49.29809997084106,49.31682522249548,550090.9812745659
2022-12-12,49.32077687491885,49.59416590347045,49.107302910420586,49.340093731670514,49.35592329693187,194344.15973240297
2022-12-13,49.83552469610733,49.931672211794286,49.72420411335718,49.78194552216261,49.8002512435995,361897.6525928694
2022-12-14,50.01902346868134,50.09908208784181,49.75691277805325,50.05404954254491,50.06822097133592,561940.7933925075
2022-12-15,50.28351619742632,50.36149905826497,50.186979800961126,50.22978463258533,50.202693006386674,168302.96965157322
2022-12-16,49.36539026892298,49.680360820628565,49.207933943463445,49.35723814013976,49.34686131171714,463797.2165613071
2022-12-19,48.285044304637495,48.30299509957502,48.28227857868343,48.30235307086892,48.29112863404923,107026.21649539378
2022-12-20,48.559803257904896,48.97208020943562,48.33542380367144,48.656619148555485,48.63614922312472,210050.1439316564
2022-12-21,47.12763244381191,47.25204885380766,47.17017058655711,47.1999927752038,47.19525673945959,222524.83048795597
2022-12-22,47.16627530134271,47.12481152209023,47.07157407870639,47.08460953549634,47.086592612998,96983.75976704629
2022-12-23,47.53971422972673,47.77440276515696,47.37681849378301,47.57699306001271,47.56824867298366,359706.24896751845
2022-12-26,45.63123919566981,45.86988956212743,45.35077181683464,45.683919545219,45.68237078009852,220852.4439933338
2022-12-27,44.70142197692142,44.81016539559215,44.28755942132442,44.77856680155499,44.77915044990855,222131.6082033544
2022-12-28,44.788075643776686,45.06683370582663,44.7480135893845,44.83107426602714,44.83342287608282,354415.3060865884
2022-12-29,45.48019501822425,45.55943964666658,45.34168485711878,45.47338773743744,45.44813659713777,558902.1721609366
2022-12-30,47.519785737025536,47.96413730681443,47.16639290625469,47.44730201950616,47.47070737975448,344044.2991789747
2023-01-02,48.3528113459107,48.57670394707122,48.0973216801415,48.283256480539166,48.277714211554105,388560.816397349
2023-01-03,48.25959885853518,48.374434240740754,48.02604149776904,48.30115932858339,48.30549938582833,629453.3725349865
2023-01-04,48.23394790600133,48.39661002558106,48.21885543779345,48.24719287509114,48.2568398521837,91893.56568291246
2023-01-05,47.94224587733879,48.0151336859558,47.50436399373103,47.9525311576115,47.95200652825724,144613.14734112372
2023-01-06,47.8608926937095,47.9902791756336,47.86102635728291,47.86291371930981,47.848928664744086,135311.18260298594
2023-01-09,49.00189945932763,49.09946751305451,48.71615958150212,49.00248237103275,49.00917861469424,644242.9136966111
2023-01-10,49.41152053948022,49.45610256106331,49.15913165787726,49.4352779155141,49.4260313532194,207297.9644545926
2023-01-11,50.47570938809402,50.53262955212983,50.37585405089133,50.45232972718377,50.44547929580385,194566.2190453372
2023-01-12,51.28524472374769,51.45122459902392,51.29161994164296,51.34884092567797,51.352205385651935,72025.73400841391
2023-01-13,49.98880553525856,50.12019264607154,49.81417162755268,49.97294898579986,49.97707411051864,207865.2720201566
2023-01-16,48.97819798819268,49.33874476214312,48.84643277031645,48.98108674137167,48.980486779117975,214141.34546891856
2023-01-17,51.13087126089816,51.434347609698925,50.92957686317051,51.07506528357495,51.05584892635202,165675.1827425467
2023-01-18,49.82265748923946,50.08865269724812,49.62425674042,49.85684544028659,49.835132285051735,428395.60840536194
2023-01-19,50.16382888452623,50.21213419115176,50.18616772872126,50.1878604443196,50.19019626773215,66575.47524393462
2023-01-20,49.78941314605644,49.77900216923096,49.51338855160809,49.72912382666868,49.71457481945704,228830.3559907528
2023-01-23,48.99250533336377,49.061225119302186,48.71411890787187,49.004854404890274,48.98755273821513,254479.73847505145
2023-01-24,48.90771371521239,49.61103321352022,48.90596443312926,49.00790244701995,48.98733758047273,40412.50290997673
2023-01-25,48.53264748233338,48.82589765105301,48.32530893276392,48.54575331930522,48.5420177671243,186261.3680416392
2023-01-26,47.41203716946722,47.87628235279125,47.16736658096551,47.52273012441829,47.5127165985118,127969.823018502
2023-01-27,47.355273879727385,47.37912726864464,47.30298164935208,47.30721092046436,47.29244256561488,324235.5057143072
2023-01-30,47.35473097548824,47.4208779778393,47.32188796776574,47.3629951878456,47.36028104574287,176292.37703965697
2023-01-31,46.42891656949623,46.5320834681468,45.8054021663802,46.357705782246654,46.356741347969,310672.715461065
2023-02-01,47.052611759835614,47.25673043546974,46.72126284685044,47.093725300131965,47.08970487768775,126841.67630552918
2023-02-02,46.27610655218058,46.38979632946744,46.27286794916432,46.35872274714871,46.367640019088434,722290.6464692256
2023-02-03,47.36975204782061,47.55349654694592,46.9123611137579,47.27772046459079,47.27158391978125,183410.92525407756
2023-02-06,47.53970873909815,47.8868545870853,46.98760085432081,47.5309207967091,47.52260941398896,99197.65336158848
2023-02-07,47.55448617909991,47.693107955552414,47.22084251651158,47.51023180367115,47.52651833065305,62679.89375815145
2023-02-08,46.3732790470024,46.38935188051596,46.18212758183908,46.366749796102,46.37232807363212,158148.77572655177
2023-02-09,46.34911396195372,46.54907213145597,46.11128619422883,46.23172733324356,46.21460431920727,162808.0188635181
2023-02-10,47.332253855535726,48.03743457956474,47.16254316042774,47.39276782514728,47.37390938103535,171977.518599956
2023-02-13,47.15426703182575,47.3273091014494,46.71175927484248,47.172715208325286,47.17545716864372,203871.3482201168
2023-02-14,45.43888137614692,45.55267025316758,45.37691148294049,45.3834465813857,45.37973413426453,279902.3369872119
2023-02-15,44.60979484712679,44.82118662988845,44.39663007877338,44.59896759819049,44.60154103136401,956543.0503785424
2023-02-16,44.58155495043482,44.64748626630745,44.55333156984374,44.57585217385965,44.55347549887095,648336.0931324323
2023-02-17,45.66161667615689,45.96184159619269,45.36545233658054,45.64409676480621,45.62809621394379,59713.06472471732
2023-02-20,46.707277155702734,46.79756218211093,46.52403896314373,46.76000586363998,46.782024347574,416340.71875164506
2023-02-21,47.52936706669281,47.69505855512063,47.35734951007207,47.50124940879469,47.51486859174965,427098.4161308443
2023-02-22,47.375111863426014,47.63784710176942,47.3311711174246,47.37114496265282,47.36906171566893,157776.02090052929
2023-02-23,46.84315568989451,46.86262402617773,46.84470297517373,46.86245582946022,46.84574057079493,696777.4410273321
2023-02-24,46.533473068279726,46.611271336854585,46.1787487680647,46.571795331718576,46.57872704229703,187435.79904280216
2023-02-27,47.85514878037683,48.01852121489876,47.84017637431527,47.863831099958674,47.83069697649034,475774.7446879681
2023-02-28,46.560445213204055,46.70599241184468,46.10361470232117,46.57015843493207,46.56170893526628,287091.5181953536
2023-03-01,47.20284935863965,47.367189182847056,46.87738238267007,47.107615696827686,47.10423099808406,530500.630578632
2023-03-02,49.39855453550427,49.556847473640296,49.327599036065486,49.42028251928272,49.40888162904852,277922.3591415872
2023-03-03,48.473660927164346,48.5704378029238,48.1923593030841,48.44566479456326,48.44183091582956,59066.3534461769
2023-03-06,47.99843646901272,48.1850121223162,47.69030832421631,48.02371445278126,47.99656135875807,425476.15289659
2023-03-07,50.056668841447305,50.074598430743485,49.94003740015616,50.01841591322204,50.02201565851966,477126.6467073664
2023-03-08,51.62628322577218,51.918332904512695,51.49111712451735,51.6993929105312,51.70166432528672,265588.0946493036
2023-03-09,50.905589975646585,51.33406763763162,50.494621613900655,50.91080778312294,50.9067310021704,198476.2231630409
2023-03-10,50.15641514275861,50.11413747990238,49.77222959731634,50.05791049377941,50.08049611558257,147267.17638969995
2023-03-13,49.068315144623895,49.056859983679935,48.90731976002707,49.04045216680486,49.039623332209366,265473.901548927
2023-03-14,48.1666573793814,48.39043100692523,47.93934187031064,48.132593203022566,48.14946194526597,146455.46672140947
2023-03-15,47.96242525494888,48.3051355867573,47.79724636880878,47.92936325400096,47.94157753151678,468769.03003612446
2023-03-16,46.93682331808572,46.97152985623418,46.51717558387155,46.9331793985525,46.93070566026324,123451.84984169864
2023-03-17,48.20575984387632,48.36485130745052,48.00806288213227,48.25914056560473,48.25240701006058,286820.7309633733
2023-03-20,47.14500606676755,47.233050188117694,47.05090806433216,47.09483729645397,47.0999857847199,151406.57630515448
2023-03-21,47.76461647635371,47.79428979435743,47.202488674053726,47.74313137286656,47.76267112287139,388990.3977585455
2023-03-22,47.74280659629192,47.80999751835341,47.42353143315411,47.6809636399967,47.67307474920526,358209.68881760736
2023-03-23,49.58409582434432,49.764531026885415,49.49140646577684,49.64140872265686,49.66196559059603,420184.1319376103
2023-03-24,48.708633974775296,48.67157817492347,48.129449127886254,48.63661913610056,48.625998678975535,377148.1739980151
2023-03-27,48.14957762324521,48.173320423938094,47.92466984502116,48.13499991697031,48.1532853451874,89226.1726212742
2023-03-28,46.91888557831426,47.02641581556305,46.47314176168596,46.885125693775045,46.8650880947941,330447.6697785641
2023-03-29,46.76705453149799,46.93286890115368,46.63803526152852,46.86848428708825,46.84316868384322,155996.4676517293
2023-03-30,45.91960324938442,46.19470959733808,45.931282859015184,45.93648699127883,45.95236438838572,162755.16388458517
2023-03-31,44.812705662251176,44.95344047954768,44.69562065650504,44.78257322688432,44.78203603818857,202225.53380973285
2023-04-03,46.42594145548022,46.7798580841031,46.09268646005924,46.36652057266643,46.38340701417622,230538.10796367688
2023-04-04,47.1160278504192,47.76716463003979,46.90101675861253,47.1471341251334,47.13701549132536,337321.82504049403
2023-04-05,46.01240465135097,46.15454019542684,45.79513321009668,45.98214937432293,45.990429256483935,539964.8660252871
2023-04-06,47.8445603661255,47.89797664734663,47.64143598105987,47.86542998991264,47.85753767829437,709222.6707229209
2023-04-07,48.67204079943729,48.68914508917688,48.39706901998364,48.66811313026597,48.65247636309756,383388.6859354764
2023-04-10,49.31371976927426,49.44942962172086,49.13409528680613,49.30439871202513,49.29429592255118,459859.7061980737
2023-04-11,49.823949212327264,49.80968940370565,49.58927341849411,49.73955719764552,49.72417783979328,232954.8489117251
2023-04-12,52.620292103039525,52.8647752044102,52.60893455813984,52.61161561823103,52.61329180275117,148389.00967867568
2023-04-13,53.33448463002882,53.57066193738354,52.9244262548448,53.38781704980051,53.3970360025596,299298.8122327104
2023-04-14,53.21409103964297,53.38183062163122,53.16048195075593,53.22622347885663,53.22588372902286,200290.309023043
2023-04-17,54.54576509053644,54.598320474369615,54.03088074367619,54.5290038677845,54.53494218380754,309935.8584462594
2023-04-18,54.61921554238717,54.65825221821539,54.32540140385582,54.64691756612427,54.63733967886769,252392.0980606277
2023-04-19,57.00960061989577,57.016721055254216,56.95910589691999,56.96720091251888,56.96220329028132,111585.98939033132
2023-04-20,56.15574755749876,56.18045298142417,56.04843304706655,56.08124054188074,56.0956839799348,243531.3793475003
2023-04-21,57.379941708065466,57.61328257677577,57.3044920149167,57.3384985240323,57.33675903267295,635710.1702782323
2023-04-24,59.40437074714549,59.97137196228496,58.79644033502727,59.182506869776745,59.191416708011566,476320.8800426183
2023-04-25,61.03891894085268,61.10705988245158,60.819119503810455,61.04217414457657,61.06146882216178,176963.9403788562
2023-04-26,62.54732039568936,62.95596994968999,62.57825863409511,62.58931826508136,62.59836987660646,290653.23618109367
2023-04-27,61.744283750551325,62.38554588977724,61.1270183234001,61.76110986127406,61.75283248227822,0.0
2023-04-28,63.88507323734735,64.13269886462292,63.417200480450205,63.91934229526676,63.95007883373092,245513.5275042073
2023-05-01,65.12929129700413,65.3237856709668,64.7680691162206,65.12292805856723,65.1080937958507,455037.76935742097
2023-05-02,64.39321585581457,64.71246915329493,64.34351274484577,64.37010030532733,64.36404316495535,120935.23617343606
2023-05-03,66.20021015642224,66.41534903144246,65.60082900263335,66.27891400123805,66.27872596260967,801308.7567754241
2023-05-04,67.87484089968669,67.84663278312466,67.51709126908773,67.81778379047047,67.82080849518915,775956.5347381714
2023-05-05,67.74091155042755,67.90583103362,67.4854786029409,67.72583083116844,67.72080289971674,124592.27253948696
2023-05-08,69.19582267520401,69.45712318378419,69.26281391745678,69.27348418946438,69.28260519471293,264265.0990238092
2023-05-09,68.74416360860492,68.95629358310393,68.3256438481577,68.74757639164623,68.75197973353828,157363.5161545116
2023-05-10,66.49313776646326,66.67720562635759,66.39884978665334,66.5451924868938,66.56843264752158,300926.55044844863
2023-05-11,65.42664165168154,65.61984031884097,65.5233168798632,65.53519341428441,65.55489370953818,350472.3556480339
2023-05-12,64.73231525333104,64.85019458385784,64.47158806082749,64.61985233766266,64.62190103483955,760001.9204242443
2023-05-15,64.18294137056434,64.43640690002509,63.73663470154898,64.2419117289803,64.1951227065957,218975.97634350767
2023-05-16,63.983589240466166,64.35306982741578,63.60976855081045,63.97341286954692,63.935592186976784,127013.52152187978
2023-05-17,63.85818095542652,63.75586796805816,63.52454406898229,63.71339654927704,63.72743238012564,442094.8727087058
2023-05-18,62.20632099165235,62.33651901514577,61.30999283793895,62.18742950815615,62.17279461992272,310547.0742987851
2023-05-19,63.76786695422823,63.73543067023286,63.447124326797656,63.5774578551164,63.56322785233813,384486.451220908
2023-05-22,62.45477903843839,62.5559538727637,62.51577553662421,62.52966042330315,62.54237248115893,237961.08459384972
2023-05-23,65.01669587193345,65.30663903915381,64.58679402221242,65.03064757453758,65.03528119711306,479340.1899725009
2023-05-24,62.50675275146231,62.70441549442239,62.16373721881407,62.44113422046014,62.45880791069975,125475.30035814008
2023-05-25,61.61995648456539,61.83710567692112,61.61248869609894,61.719317194984285,61.72593019499914,742163.8605808353
2023-05-26,61.719123035703774,62.486122066546834,61.58350295953343,61.71590271913526,61.74322056271191,370136.6109716558
2023-05-29,62.997521026994505,63.2048913812405,62.990464615638494,63.01891368151198,62.98538495762124,816491.0910634286
2023-05-30,61.239389159330166,61.84077203232485,60.40043553610138,61.23794393199299,61.233620601810266,154599.22141712593
2023-05-31,62.299719717676304,62.49687385793375,61.988877612292505,62.28312545282839,62.32158653362119,263733.44714265486
2023-06-01,61.70223115378111,61.78112370375607,61.245373283316525,61.61493229860269,61.604564190946085,511030.3775909598
2023-06-02,64.46053288133334,64.57044532453563,64.11917538698458,64.41095570315733,64.39159144719008,723959.8244793977
2023-06-05,64.29554748671421,64.75739537665515,64.16752516679519,64.35835130341526,64.33890484948185,296952.22173779644
2023-06-06,63.4683573890708,64.14798222303692,63.52100944392198,63.54786496671317,63.56970878256053,178119.62825067065
2023-06-07,65.88798399313917,66.49023750349633,65.95118385797214,65.98515091396142,65.9961566088332,186261.2767693793
2023-06-08,65.04518185134802,65.30032916116642,64.80451322742304,65.1306748319726,65.14518802320399,261179.74330045865
2023-06-09,63.71387725709934,63.88917190606502,63.36843278783751,63.632844332083984,63.644530401997294,549053.9948433107
2023-06-12,65.56059607101362,65.66205334268773,64.9617639591875,65.53980166907894,65.51435490997666,281749.67843549204
2023-06-13,66.63573700214809,66.76495149103594,66.61898343800779,66.62832696531069,66.63209403298077,253210.47814295616
2023-06-14,67.91613017947284,68.2628361434252,67.52908245646196,67.93567097871615,67.92743486511823,179176.2012820937
2023-06-15,65.08802581260721,65.86627067547597,64.77286723236737,65.10498657887933,65.127450770986,486090.9528827756
2023-06-16,63.35141579252507,63.52769108266243,63.07651199053678,63.415998063067896,63.428359711253,148446.76196146326
2023-06-19,61.97781817361658,62.34059565660064,61.71292131136771,61.948043420741726,61.95201423976818,122661.12851377668
2023-06-20,63.00932444590579,63.45319861825065,62.781840855264974,62.99775150951119,62.98618571934599,292073.5848784877
2023-06-21,61.48833238368405,62.03795138804223,61.17867621571547,61.4977792510364,61.49782511748567,355568.4813870976
2023-06-22,60.75476801856238,61.159796883271966,60.6312261320237,60.71458450587548,60.70101055852949,387925.4660617539
2023-06-23,59.135670884543,59.35204826170778,59.10077275939901,59.143913707322056,59.14850338381992,348721.1599114089
2023-06-26,59.35093330253792,59.74204898513868,59.346903080789616,59.36994500984301,59.38456893741011,679826.6098451376
2023-06-27,59.6505233844556,60.1715188917504,59.48545398045139,59.61158816076255,59.5754175186906,411958.6240721833
2023-06-28,64.01342474464998,64.3980957035922,64.02634795982614,64.11391576759145,64.13933126554636,223454.5997415436
2023-06-29,65.08377402701511,65.19638084378174,64.24284701370327,65.05678428355274,65.04656021659781,431412.0777938027
2023-06-30,62.81597801945566,62.96616153760933,62.75826811483822,62.920552218676846,62.90174523526976,262693.55079613166
2023-07-03,60.73977772429317,61.34415223256017,60.84473088824502,60.88967361996576,60.88852191025649,563872.7225683661
2023-07-04,59.5188059762466,59.49046189859299,59.013564015898645,59.459859502524445,59.45880910569459,515305.8962174558
2023-07-05,59.777821423336704,59.83326276125096,59.758591984782434,59.76254860311879,59.7725333142448,358233.1825748037
2023-07-06,61.66666911432196,61.74793439170765,61.47612598926004,61.67572333306621,61.64852771334214,357627.72799053555
2023-07-07,64.55865023593384,64.56080211355885,63.93416598264858,64.42627311839101,64.42932721815325,48587.90271793036
2023-07-10,64.33382209734077,64.46432911569131,63.85388862524754,64.34753428382881,64.3577165620173,171096.31193578368
2023-07-11,63.12127007182149,63.266905375196245,63.01013562984929,63.170963401568976,63.17077399645268,598977.7192142449
2023-07-12,62.03610023391424,62.266605933864646,61.6654412661825,61.923103813815295,61.94020054529929,384846.8062595772
2023-07-13,61.47647893930441,61.81376966561119,61.53620066827255,61.54512623728449,61.5557293154376,141065.15836877847
2023-07-14,61.83760439260816,62.12456671470573,61.65480495016065,61.93241715718927,61.94578252564897,55821.38266152315
2023-07-17,60.16145606293958,60.2398292299718,59.740811029549214,60.2146387114058,60.22914021378378,102560.15519971684
2023-07-18,58.42661947057115,58.60749276323104,58.16277136369775,58.48051587211797,58.47099712489689,133673.83990513635
2023-07-19,59.168494250736266,59.44870182806911,59.04829519586008,59.14077981327159,59.130156569522704,768492.3861264217
2023-07-20,59.67938595385702,59.82325651167915,59.58233989974089,59.65363257744752,59.66126957192586,199324.39191482056
2023-07-21,58.92642294436275,59.236076752950574,58.90799690944416,58.973986629724834,58.96757857370246,321730.6522426653
2023-07-24,59.14547877128646,59.30785269004679,58.743529952914095,59.13131769216287,59.15915669775804,393237.9994209314
2023-07-25,60.2625303318021,60.379020151085705,60.2767036162416,60.29977282265445,60.30898471354283,217422.60209889704
2023-07-26,62.715913992870064,62.79519454242227,62.65700888585644,62.70507825692405,62.71310849194075,479448.18145022
2023-07-27,62.4053563478188,63.25602371135261,61.93562257250039,62.37346167341128,62.37412135563858,355940.83565672766
2023-07-28,64.11749121457434,64.22614656508134,63.81098152491506,64.11138421208696,64.09841267957766,165785.8001817531
2023-07-31,62.57078502810011,62.825271600736,62.56002799278756,62.62636535580874,62.64125714927556,98796.8915145598
2023-08-01,63.19164042050664,63.18488531367455,63.01882592082978,63.12604721582241,63.1190823149666,551363.2427827511
2023-08-02,63.71630701587719,63.91925004509144,63.03446268072453,63.788003670992175,63.80684547447805,507938.2305031029
2023-08-03,65.2801264765913,65.69567248326544,65.21400942018612,65.3389984874354,65.34849351104391,593224.918729217
2023-08-04,65.5860149792861,65.5613599767867,65.32719672281459,65.45968392309486,65.4636138029691,390337.2616065472
2023-08-07,65.95020879512376,66.48307975528935,65.77889175708358,65.96046960199898,65.95713522966159,893873.1947269647
2023-08-08,66.257756352937,66.35911075409666,66.18340153318374,66.20186300190412,66.21840974574681,90600.23748039272
2023-08-09,68.43622223649525,68.63930048267159,68.4727579562662,68.49208390630051,68.50360186193188,383080.6651734307
2023-08-10,70.95135310717309,70.94880786792478,70.71463867072133,70.93683986322057,70.9372780883162,403814.5689573032
2023-08-11,68.85894198981401,68.82182521655685,68.77980203261228,68.8194006667901,68.76259492047278,486888.9136099032
2023-08-14,67.28270791033496,67.29374485435378,66.77188600331523,67.27993791159064,67.2906281148863,489865.7686116034
2023-08-15,66.68270646477512,66.94283872392205,66.56967534359049,66.57366774644635,66.55557950538284,107699.37119456496
2023-08-16,66.74097418606527,67.18335746503597,66.40467957315815,66.82809854541507,66.81363141897062,191230.43201359123
2023-08-17,67.25525087999053,67.65009695710086,66.81057503587111,67.10550890486319,67.09778952478527,433945.9744436538
2023-08-18,65.14010215193116,65.86382892676046,64.87632148185526,65.17103005148189,65.16098394277084,190316.3050784528
2023-08-21,65.09407798130046,65.45662389290274,64.76665406930248,65.06734416492753,65.05679219643137,290981.6078961332
2023-08-22,64.45935223480443,64.66897937770237,64.29792543308932,64.55385274792285,64.55492765704237,136084.5303000282
2023-08-23,61.342607476825016,61.85180428559728,61.36085752017801,61.41366295304698,61.426873487679686,139702.96945094448
2023-08-24,60.08132097445369,60.147733397153225,59.80608727529513,60.10342851158688,60.12810983030656,257987.01802097235
2023-08-25,59.74240212033171,60.34305253531863,59.19621014639578,59.65913483108274,59.64283746143728,142454.30529219276
2023-08-28,60.38189978359309,60.62692560723417,60.364084362729095,60.4249235174706,60.43798183892708,133541.21280531364
2023-08-29,59.08703750380375,59.23379707281458,59.09752753170054,59.12411238733857,59.12878198762418,99237.15014027616
2023-08-30,57.8873876234392,58.02300729570437,57.89879915141948,57.90585925808494,57.90065782866045,610135.1896888313
2023-08-31,59.31197551064912,59.8073519634453,59.05572542793097,59.31662322078572,59.28758939967685,129351.2268284562
2023-09-01,60.96664641961113,61.41775728937973,60.89930968442289,61.01301012822289,61.03346600506554,275375.872700522
2023-09-04,60.45539833802299,60.65850071656103,60.167028409071605,60.43751268051978,60.4341865752909,193695.78534070795
2023-09-05,59.24002467758265,59.23537001807313,59.03641708709638,59.15614003983152,59.15949349982443,607004.5204461269
2023-09-06,60.43618180046701,60.7646454104252,60.13749253817186,60.489311008288105,60.48509276984628,364563.04696773743
2023-09-07,60.95741570998254,60.96886481928063,60.871018969395,60.92104997511099,60.92148046142672,375146.2293279151
2023-09-08,59.95463791553808,60.37665005895626,59.43127631999005,59.9810712238952,59.96890077112786,154526.20944753586
2023-09-11,59.167970770869225,59.71620966476444,58.55236838447918,59.07203218783209,59.06909247875268,205304.30639721645
2023-09-12,57.84274221036581,57.93357240201352,57.739998690934925,57.80022976790977,57.80990043278975,352329.431884895
2023-09-13,56.93695529651777,57.285797511587255,56.7428493828282,56.89195048173868,56.88390172658809,336712.0187413715
2023-09-14,57.21839093326573,57.458300635363486,57.17466020690395,57.32840737439391,57.3591555935266,137776.22638371578
2023-09-15,57.07296069818364,57.26171693305683,56.914166135585816,57.13812582830341,57.13046048332786,271222.71914786234
2023-09-18,55.89113756017613,56.01988398734539,55.75987158770987,55.85660203691876,55.83842985956682,192463.30261457257
2023-09-19,53.76058687099518,53.89208802192113,53.394910271547374,53.78545178958334,53.7894153386985,166521.2206951893
2023-09-20,52.61953402930965,52.66324849489204,52.54337092467392,52.601358179042165,52.63030432333682,662666.3656341976
2023-09-21,55.78947729665913,55.899244690082405,55.09971459385664,55.7488632470552,55.75021442170206,261043.2246490628
2023-09-22,55.60910503429501,55.8451438273887,55.07133278662074,55.58105480310252,55.56101775211833,548941.5581694775
2023-09-25,59.128682638348735,59.24786088475848,59.01268084854728,59.13049386271364,59.13091430017968,423472.100650816
2023-09-26,57.6381397957444,57.71238588586092,57.56809570869981,57.69461091614821,57.666802016585294,226264.06757663615
2023-09-27,59.15456686482141,59.24176965400263,59.04423916050175,59.19800639703407,59.20322766694414,588204.035749203
2023-09-28,60.123444317546,60.34413595320508,60.11182142041455,60.11420849342218,60.109013389225645,514288.8421259896
2023-09-29,57.70532865299738,57.83299145841573,57.7002153446521,57.72848340180259,57.71083124809625,286496.2842172831
2023-10-02,59.12775192720271,59.44087775127779,59.029418794251285,59.14759847534776,59.14679595853935,426682.1407088876
2023-10-03,59.11359187186368,59.53767779209947,58.87391227591244,59.05762079465425,59.065950070581806,209203.53004020092
2023-10-04,57.75523702895903,58.34840648889514,57.72676556972712,57.75413776708446,57.742718137564,185654.67457696504
2023-10-05,55.81206217424214,55.92293134556364,55.68804038399509,55.874840589308384,55.91197898201644,118621.09537222204
2023-10-06,55.3058104900698,55.28332288987594,54.94136463757671,55.23350567659669,55.23543693605999,251774.87520622005
2023-10-09,57.867410026591294,58.3682361220688,57.87893347789082,57.881979547539935,57.89161926789499,458765.0290458551
2023-10-10,59.57683090079013,59.767049294944194,59.40679997145566,59.5035671420517,59.513558257117936,161515.9806485433
2023-10-11,59.50355659849057,59.79349273402463,59.22842272173795,59.46249919857407,59.473227942722566,225605.4843079239
2023-10-12,59.54196496704079,59.57521896131175,59.08144348315204,59.50431696302236,59.500135106018654,308858.2395032796
2023-10-13,59.94254449271623,60.26185241220298,59.84498646096325,59.97602281183679,59.97349695108549,596272.3805981927
2023-10-16,61.2661921156549,61.62930978673814,61.15202248551319,61.24843539840667,61.23869304853659,163268.46156283095
2023-10-17,60.948188086946274,61.26704797070992,60.562240291149166,60.79795084107391,60.79928674257207,224002.116361194
2023-10-18,60.0909246980281,60.50625618078975,60.05914875527023,60.10720616431927,60.12247614403287,301455.4267308303
2023-10-19,59.169985800015255,59.63147582511327,59.11069204408974,59.23561813623445,59.24133604092628,378307.84597757406
2023-10-20,58.18353138633044,58.44243709557208,58.03526944564612,58.241203107023296,58.275584684482446,275471.5425250525
2023-10-23,60.18155782466534,60.38178853402252,60.00124070492991,60.19087248678196,60.20754361312124,387755.8418013327
2023-10-24,59.982660182813376,60.22742378160589,59.40967790126883,59.95165786855792,59.93704897186792,196826.779636178
2023-10-25,60.57940559137143,60.71628699522123,60.46763409855729,60.65586087579089,60.65495518732054,570621.4316769267
2023-10-26,60.09195649804441,60.35674579041122,59.93365191823678,60.037212149144224,60.04353209730541,460887.08492760366
2023-10-27,60.94374356922005,61.08734348854901,60.69144535127173,60.88219582609819,60.88468037012391,401434.2004113765
2023-10-30,62.50456683234822,62.771190615307255,62.44422077607404,62.48969495801266,62.44570938746336,271747.5793140249
2023-10-31,64.9383088988326,65.28579239330877,64.86533403168215,64.97866362728435,64.98041511600937,64981.36412590722
2023-11-01,66.26875393320094,66.23986141669802,65.9618823932101,66.20597310406355,66.20759560456733,291487.7089151226
2023-11-02,67.26399708973271,67.78549624031014,66.90584023970638,67.14444138572766,67.14701948376117,107882.69271617122
2023-11-03,67.75026886467698,68.25113974199004,67.19706880405658,67.72150033270925,67.73567363494641,61591.26179493316
2023-11-06,71.09055629758906,71.24805378778714,70.82806635704361,71.01687599116853,71.00741660897455,380462.12367996335
2023-11-07,71.77041687513615,72.21761544991168,71.74100262977673,71.80129971879184,71.78505427914092,263827.0029539523
2023-11-08,71.41594976463479,71.56358005700447,71.24675088453344,71.38882553599227,71.3788769836612,288955.67987913685
2023-11-09,73.31373204115312,73.48798883789976,73.00277140933834,73.2462086366333,73.24944924043983,624476.9747767975
2023-11-10,74.38533048740898,74.73456049987111,74.41188184218966,74.4735127542392,74.52320172636422,551788.9555524555
2023-11-13,73.97781367280018,74.10130348966118,73.5752988565138,73.94097968245696,73.92949692397987,428560.8582418717
2023-11-14,76.82178745562521,76.95320169618876,76.26404398394294,76.81705779669804,76.8025326678697,219355.0086155164
2023-11-15,75.1399611008047,75.49705977061106,75.10132939144039,75.15662190947421,75.16202723528684,142711.91001627175
2023-11-16,75.30524074566351,75.52557591205196,75.07416840007643,75.30594014476937,75.34874664318613,530634.0048794264
2023-11-17,76.03294518169314,76.74234151964292,75.94831065270098,76.12221214568484,76.11955603432526,214136.27130026784
2023-11-20,73.39830226891868,73.4241028839569,73.35495214495437,73.35545662842134,73.38776790982453,370743.0662620141
2023-11-21,73.24400272616296,73.74474919320183,73.2450307928199,73.34310646702384,73.3419019249226,166808.0259278394
2023-11-22,68.93631326994404,69.14949017379746,68.4857417487125,68.99688117523986,68.98801505207236,428020.9242291197
2023-11-23,66.85226827267081,66.80509797651902,66.5862268336714,66.77395031550942,66.75058044177062,171897.12844764924
2023-11-24,67.96868689949804,68.14952858387956,67.8875680879928,67.91819988091792,67.93275501360296,274587.62034165626
2023-11-27,69.94509246559751,70.47407547359067,69.5660009107571,70.12423130815678,70.10652497788105,361164.7903863936
2023-11-28,70.16829610485658,70.32137509364014,69.28818405388927,70.09117836220348,70.06797736008866,153742.19410828693
2023-11-29,70.63322094354263,71.42740246548885,70.55139278797947,70.71288083099299,70.67252866046366,164621.91532318256
2023-11-30,69.55524544902461,69.83913606593764,69.43332134712884,69.48623119585463,69.49446685434211,1041211.227914219
2023-12-01,68.3695631287139,68.96990580238108,68.07290632830792,68.39457096152042,68.36837338911097,206676.67802024432
2023-12-04,68.14174882907125,68.24662691544164,67.78625090216609,68.18054852601678,68.1651643956248,190561.47474311903
2023-12-05,66.22071737941688,66.91422409235204,66.22400841772391,66.27313146666694,66.26097165360241,177634.02508856042
2023-12-06,67.9796583758424,68.11797969608705,67.69859487399665,68.07211303739162,68.08046368666608,199940.08068753732
2023-12-07,69.05193012345346,69.42164746439585,69.15100524893965,69.16034845539336,69.16308644943673,131574.93679862996
2023-12-08,69.98305319518084,70.08100497186688,69.89509588381344,70.04888718894627,70.02260868505017,187275.6603663564
2023-12-11,67.76668328881313,67.89167556958543,67.64773202002092,67.77148873543645,67.74043585290015,505635.6849203813
2023-12-12,70.36362363530586,70.68292113635555,69.63386317061504,70.32246216174029,70.33959018844604,569150.762898353
2023-12-13,72.53325573449006,72.93286539960592,72.42242131264703,72.45844575138076,72.44948343001298,431213.4521599583
2023-12-14,71.76200378603158,71.87732641518345,71.6884054469198,71.77497628131454,71.76461139198184,157616.63831606554
2023-12-15,70.77731288966083,71.41534356351437,70.51289302965341,70.90686307723537,70.91338076701888,202241.11026167867
2023-12-18,71.09893754994897,71.5552430986139,71.01843427746216,71.1436741455686,71.12836763001877,382135.4973617959
2023-12-19,71.21083810387779,71.70778392778136,70.60969779323216,71.10846246618361,71.12861981857814,305860.4701729061
2023-12-20,68.30344554391178,68.56465748924926,68.12107757546981,68.22047969188658,68.22033363631014,222642.69072599275
2023-12-21,67.85308317527287,68.02743776156674,67.73981567194956,67.89286687521012,67.89382025563019,312571.15870397
2023-12-22,68.19524082998437,68.61769124804647,68.3831761605958,68.42292069876702,68.41390908337388,101214.02372374716
2023-12-25,69.83917850548782,70.02398190835358,69.56667480353094,69.81577842008546,69.79225577683374,92062.75236352708
2023-12-26,70.0053236871162,70.36599669285083,69.4925726338561,70.09696942681987,70.09770577276878,122313.921829235
2023-12-27,68.08908230182863,68.21782610491492,67.89383735122007,68.14939095940656,68.12283306936843,393346.98254400544
2023-12-28,68.98832056371498,69.33723199462166,68.94245821309256,69.03080508107853,69.02775168994079,94019.65623625903
2023-12-29,68.66796179931713,69.01088436134849,68.70487980103137,68.725281471047,68.73383371689492,188009.60336168215
2024-01-01,69.78185748916812,69.8325800814415,69.42698924694164,69.68830393452765,69.6691172516971,200920.7834454331
2024-01-02,68.70013939675835,69.21337512282035,68.47823725184058,68.62269152578224,68.61503209974991,1273845.8950163904
2024-01-03,66.9810181068829,67.20563251299126,66.52065109127524,67.0165157915137,67.01346894933168,392186.26140878425
2024-01-04,66.36674667353658,66.57666545844793,66.22683288247279,66.40487801733588,66.40334121744556,197308.124249195
2024-01-05,68.10725162411121,68.19902602036917,68.03191113145354,68.09724082754995,68.09974729433644,277451.6984966729
2024-01-08,67.9572352793812,68.31121805674532,67.41559616566002,67.93944303880119,67.92659001648988,775701.6923964923
2024-01-09,68.64375467671424,69.45651521738435,68.67647476604759,68.8305288889387,68.81543456064614,254424.40084450963
2024-01-10,70.61829950915443,71.0783243105657,70.38995238425014,70.52184392985177,70.50298575437714,615214.8364984852
2024-01-11,71.35962043418293,71.56450549812263,71.27212267681433,71.37479792374116,71.3790879922669,836733.6933834834
2024-01-12,72.91591974754405,72.97884271480818,72.85904351055262,72.9163260410138,72.88025013191366,180474.2588371781
2024-01-15,73.4047976794414,73.54409537989108,72.86582581693506,73.29136012072249,73.28330490076205,246788.78198638215
2024-01-16,71.99411333351338,72.23054716733539,71.86259683007518,72.01156877956178,72.0212611358353,231722.1585850432
2024-01-17,73.27606448031348,73.55134124759725,73.19791639216784,73.25670671208094,73.24733522694602,256950.98354892392
2024-01-18,73.62671168865653,73.66659704783568,72.67250697141996,73.59984847653517,73.55417168013474,279320.0250722926
2024-01-19,71.5447501827494,71.97779766190372,71.36147796672796,71.62061243667557,71.6261224272682,251003.1291624644
2024-01-22,70.68618718568484,70.77366950706447,70.24728004134504,70.59485526918026,70.60487175068214,454592.3010386769
2024-01-23,70.67753830381163,70.95589793654759,70.0614021315826,70.70071071852139,70.71650763143548,151631.51880088917
2024-01-24,68.50714442383465,68.96901122893776,68.31833031456611,68.46219541175216,68.46289866739461,156217.20451149216
2024-01-25,67.36299735167364,67.67729021401682,67.0805323027758,67.25486702612187,67.24370232739415,548342.805295881
2024-01-26,67.57637632575779,68.2756687970366,67.63106816194858,67.65084702914159,67.65419729271166,84360.99191301495
2024-01-29,67.74142424957401,67.86560186717563,67.6465876341795,67.79126450576243,67.79386112454931,194353.84665040343
2024-01-30,66.69908074815082,67.23369930929512,66.66537411858722,66.86525540970327,66.90557869152339,236605.7534356054
2024-01-31,66.74698944316579,66.91996552529339,65.9492780988445,66.77911573585143,66.77837596935805,130922.68047213963
2024-02-01,65.68157444924275,65.87408772986045,65.60395596012084,65.64323383646767,65.65522867198578,492052.4122945652
2024-02-02,65.40291017135367,65.39574229306592,65.32270590249941,65.38346849379747,65.42508188343398,268427.11417054746
2024-02-05,62.75477046762416,63.145229151220825,62.61391736364171,62.66095398409879,62.68940972277099,248684.65748268727
2024-02-06,62.6712557781437,63.01854283482616,62.64864649404987,62.711670965292655,62.70281445080469,268045.78248205024
2024-02-07,63.25366440053772,63.2212843262282,63.12902805191138,63.17045232708316,63.16794373390998,208719.60558661644
2024-02-08,61.80996461087814,62.29042922758595,61.85437105549773,61.85464226446894,61.870503308086185,155279.12385567877
2024-02-09,59.69909034941264,59.825995760260405,59.21287523017703,59.60095350793447,59.59386339843297,435063.6561919634
2024-02-12,58.02582416639029,58.216582591830125,57.9875954191828,58.04462156346138,58.05345339664104,389647.88914657367
2024-02-13,60.0379221712387,60.203811561530486,59.89677895234971,60.00808172612516,60.01637293564805,580619.4286000947
2024-02-14,59.92877182805642,60.02157850449256,59.926570291525366,59.929533095469225,59.92837792323194,314044.5019612198
2024-02-15,60.869304534622266,60.99451295395347,60.6696971040095,60.8957116211852,60.90115196693348,445548.6119631907
2024-02-16,59.66752530755936,60.02573431254728,59.4774030760906,59.64133483799369,59.64379555498855,431032.0407360061
2024-02-19,58.41449864288585,58.49323937608679,58.4214808643319,58.44026412575733,58.45132935271898,178174.12390617738
2024-02-20,57.01300622346387,57.18051291346267,56.54676215280834,56.97250448021625,56.9666262355899,1159960.0794812366
2024-02-21,54.1390087257888,54.21075343059524,53.96116031630137,54.1842676877685,54.18738136033263,471712.2292974875
2024-02-22,53.76845008860565,53.89385760519461,53.659356107086175,53.80857215359667,53.82271955107485,726518.526362081
2024-02-23,53.65973145981128,53.732475546341504,53.58675174162588,53.6796809828632,53.66426634954388,141662.42723689316
2024-02-26,54.082290997390736,54.44921114842753,53.61116386408512,54.048970172356775,54.04797599104306,140557.809751111
2024-02-27,58.1848674802073,58.4583705503462,57.93560507209439,58.25407957351712,58.278377664467314,401795.5951128088
2024-02-28,58.92805275154328,59.21390083821595,58.95186112784619,59.049821370754,59.05192346337033,118505.8972425039
2024-02-29,60.26740239756431,60.35597628401226,59.76718416697408,60.15780390961076,60.156020869659095,407947.61890457
2024-03-01,61.946432586115776,61.872511307202615,61.55362881416206,61.85178713256051,61.86864626016695,234190.1995585765
2024-03-04,62.19116367491882,62.21334139862793,61.91144646868306,62.17321041170066,62.180070546539135,191067.30150882952
2024-03-05,63.94603687678754,64.18355048488061,63.64792507988823,63.912886913186725,63.93081256432313,131367.73721309382
2024-03-06,65.27730563912799,65.41285129134744,65.25331086428197,65.33756603619604,65.35724419425705,113340.79186308128
2024-03-07,63.071725463483,63.17059932433551,62.84724003381085,63.06873024630203,63.06294524781144,461122.0697687286
2024-03-08,59.95226110714577,60.29471085260039,59.50107528605224,59.93574767797148,59.92996570570276,116393.1793854458
2024-03-11,58.819253410292696,58.83565015604322,58.58004751173499,58.749700911149965,58.76011817183775,283915.28422351234
2024-03-12,58.09437838754356,58.11188012552112,57.90911219883213,58.09168074925587,58.09574855971379,272067.1245062023
2024-03-13,58.00886721843325,58.17754118186587,58.03522836466357,58.14318486698987,58.14470581263718,112232.83364072772
2024-03-14,58.694062345110446,58.965602401937865,58.56902031961194,58.6235335960947,58.63876845091667,102528.8262070724
2024-03-15,58.86081295145047,59.34005705764447,58.48910025662729,58.71530661534448,58.72968259768646,129540.14771681924
2024-03-18,56.69306992661116,56.82263623728844,56.529528491505474,56.66971966377545,56.6358593520687,62931.38571268514
2024-03-19,57.8687176568244,57.88714748075437,57.50576109521637,57.844107065342335,57.85656668286222,449511.1963388314
2024-03-20,58.995679005109885,58.95392921181542,58.72164419544069,58.93034955675993,58.94116815369553,212779.1756119896
2024-03-21,61.40719215090298,62.33254823256595,61.35200973106009,61.36048146254637,61.38210984301612,93741.275645571
2024-03-22,64.29449794235528,64.68581976022107,63.96531351246868,64.3006949347353,64.2782501974258,325603.201062545
2024-03-25,62.12359972870318,62.45611810937026,62.067743485163945,62.21041217573021,62.21793993149186,297752.910201254
2024-03-26,63.62772034286013,63.67836970046811,63.43964661487463,63.51223183498065,63.514254752670624,564785.146189918
2024-03-27,60.45695246144143,60.61420236749109,60.14500911686142,60.47054026020015,60.48263909317643,198966.5129573468
2024-03-28,60.50719755720299,60.58843066154935,60.2838065504425,60.461919526990286,60.44565251151187,89643.56878163517
2024-03-29,61.517044585358136,61.71462037457744,61.41693685672862,61.47035351940402,61.48288375718212,466586.7296614421
2024-04-01,61.18908050991246,61.349116736704936,61.19239444433671,61.24690083437887,61.214965037438255,273660.687626835
2024-04-02,60.66374162039853,60.66266016468285,60.455228799176574,60.65306987128034,60.667583384320125,158809.54848118604
2024-04-03,59.69334094277725,59.92370031359679,59.47039243286434,59.738938867623176,59.73753340961533,269716.16888163507
2024-04-04,59.0400270973055,59.52555874741746,58.511991460706135,58.99404620900384,58.97272290724143,232578.2552468688
2024-04-05,58.38381810503199,58.71773340706108,58.18778793063305,58.37505860971758,58.37622694994918,236134.92879745644
2024-04-08,57.535682294930496,57.627354612268526,57.07726999963477,57.49788503652259,57.48723813534109,250170.39303074311
2024-04-09,56.72471842849814,56.80706158894751,56.22236015764647,56.63381245141504,56.61981554324905,668080.8869513511
2024-04-10,56.3485634909229,56.503949253688816,56.22120270812942,56.45034216844761,56.47235716613353,1006187.6242805208
2024-04-11,54.64944317799226,54.780951754437886,54.43326720637218,54.60783069302831,54.61199124843839,183464.2481896251
2024-04-12,54.89834569542487,54.8918374981733,54.30874601155373,54.871558855776215,54.87517175050715,1237225.4629989413
2024-04-15,53.08417625413628,53.20668873468957,52.79098655275728,53.05751499899368,53.07609826898096,64684.26868811077
2024-04-16,52.05162345287449,52.3166002359176,51.75326466756813,52.14186714681621,52.13536276387661,459298.1902015405
2024-04-17,53.684884583782974,53.964838909365376,53.42513703102752,53.723203774731886,53.72771355459561,509494.2544043694
2024-04-18,54.41584490001565,54.78365093074514,54.094019228129945,54.47472579042936,54.48060070124421,427560.2922395595
2024-04-19,51.83740876503645,51.87831403716564,51.515517122237846,51.76698936999759,51.75160859458203,550885.6956895568
2024-04-22,52.75043846941872,52.86383540101205,52.53652775288123,52.77720946803105,52.77030627267455,121609.8278678698
2024-04-23,54.49529524304329,55.133121583257946,54.53946210055124,54.62485788133172,54.63976085584228,307848.4816714321
2024-04-24,56.96127914761913,56.98768433487467,56.79490557707865,56.93782491031068,56.95429703568478,555303.8004667433
2024-04-25,55.798202710334,55.81245111414948,55.76626169781072,55.796097442245966,55.75248079841808,104493.82380862292
2024-04-26,54.271507455723714,54.457646243082245,54.34349045083322,54.367621936089535,54.36641699337258,151081.93104491333
2024-04-29,53.82072389369666,54.07537867485689,53.49931472459243,53.83438150518211,53.835831473050256,300241.75290652853
2024-04-30,54.39756469417938,54.48603578642697,54.19101462699328,54.40120770338642,54.445655608086895,174256.16308790585
2024-05-01,54.590251904708566,54.74645657728966,54.61088558861622,54.6561292689996,54.66939155195112,136689.664332131
2024-05-02,54.528525914389554,55.20860037809835,54.21471080534812,54.54628307368028,54.56075949314785,251722.09919713248
2024-05-03,56.57928547851186,56.65769910894883,56.44636352617423,56.625782073596376,56.60971122716524,125035.3341535184
2024-05-06,55.82466395956602,56.12754206567521,55.51450031480567,55.87253570546422,55.88747642825644,269980.5139558307
2024-05-07,54.158472607676295,54.79349992500582,54.07640036514963,54.18045133664258,54.17479299464589,340138.30579754687
2024-05-08,54.8046809758881,54.87422768493637,54.738231367173874,54.834593256883885,54.84699610455056,317892.13667206233
2024-05-09,54.33196929924041,54.60994300291191,54.09522873116427,54.30816003736797,54.30092794014096,216511.29262096528
2024-05-10,55.806676658782855,56.61180215867209,55.37336783313687,55.85203874401057,55.83857193514653,273248.3818870079
2024-05-13,54.92317099496916,55.1931048551314,54.784886878930415,54.93252043184567,54.92265773431762,191083.24767659543
2024-05-14,54.36116652016862,54.45832230939799,54.22652044874568,54.23116586700993,54.21127033409211,192997.32928850476
2024-05-15,55.687805171103626,55.80177643509868,55.223048511113234,55.63301221017237,55.60298398453581,181929.080796278
2024-05-16,56.8489445980773,57.36898790254384,56.5005890449349,56.79235969572702,56.79100712476831,137863.33496604054
2024-05-17,55.23245031564731,55.73894742808278,54.67328058938759,55.32109896457312,55.29801165516011,203109.6798530745
2024-05-20,55.212661617826704,55.2111229422045,55.16884576515783,55.18665715798214,55.20162134925304,214088.20284073657
2024-05-21,56.71125227946873,56.93817483895547,56.61397537245426,56.801532014049855,56.82291473110194,201982.97925885324
2024-05-22,55.133672939599386,55.16424574810756,54.938117143129055,55.12862480214676,55.13085271011936,467652.3647935403
2024-05-23,56.15144137708407,56.64527715366547,55.719465656463576,56.07859590857245,56.06355694799962,215814.6636488472
2024-05-24,55.99344836888834,55.98313687119954,55.86578441047565,55.906900758169606,55.92373685761051,631097.7025548033
2024-05-27,56.61253246407874,57.09191350346269,56.56958560329149,56.67094875308117,56.64953221293237,302450.1756426348
2024-05-28,57.68125634897709,57.72149381453577,57.250883999122514,57.64055141266201,57.63498237033051,170685.7493230229
2024-05-29,57.81558184996838,58.11659490500048,57.76079764955672,57.81135869168924,57.822693859581406,0.0
2024-05-30,57.66258104894324,57.81668469831056,57.37493656166038,57.60006673687269,57.62275444037018,117871.41771794594
2024-05-31,59.97721971227799,60.02487358393624,59.59607228693257,59.99132930882215,59.996875097094176,304207.7274946232
2024-06-03,60.51506320247328,60.901605689893096,60.22216706963726,60.34489388984967,60.33543471893258,299647.2009177712
2024-06-04,61.56323906848231,61.82356835359503,61.10089791675039,61.55970134661085,61.55792954518668,203625.6220285219
2024-06-05,63.59266322779277,63.839034121362126,63.39774559452056,63.66721099503065,63.66866592339778,330576.2223178499
2024-06-06,62.20132044497549,62.50758166263863,61.940142191982936,62.16096734965559,62.15617539438596,135453.37034344338
2024-06-07,61.643442718160216,61.71604112673957,61.47716208705027,61.57620335895706,61.55882271145603,218165.06888555805
2024-06-10,62.45024834841527,62.51584862966264,62.16568598479953,62.47532317277037,62.4530986054905,140918.95968616952
2024-06-11,61.04747305208144,61.56724949083152,61.06198523002955,61.08996691264173,61.0650842066218,242594.12265276915
2024-06-12,62.304423702547645,62.5693269480279,61.89552706376536,62.32225772988404,62.32519193110426,131706.85481494237
2024-06-13,61.96771964365704,61.93637814292828,61.57724201424905,61.894913320968726,61.864808680068975,240782.58315781504
2024-06-14,60.65468159055723,60.83544317735671,60.45446065347261,60.63532292662699,60.65479514056607,191199.5525333444
2024-06-17,63.62770245352865,63.76595535576269,63.62780668577974,63.708343500750765,63.71436258354693,271563.9742517992
2024-06-18,65.71854819667166,65.96946060485034,65.5586064310805,65.74338719162834,65.73781581607277,84850.41769083441
2024-06-19,63.56576566832391,63.73253549105642,63.54405349308298,63.673187620170616,63.66427587219468,52501.49307414626
2024-06-20,64.11983764499644,64.13019652667,64.05037762273007,64.10434730931964,64.10687099854626,309742.5939327684
2024-06-21,64.20494577937428,64.64105617149288,63.71314482403721,64.23424191079118,64.24296573085473,51345.10400057829
2024-06-24,62.67532585253909,62.74246051423952,62.50041186948442,62.71863816289212,62.73017070280345,373766.7704378435
2024-06-25,64.22463149041846,64.32686638437399,64.05006393150856,64.31034596599325,64.30579699576599,252147.54858042012
2024-06-26,67.00928714893743,67.45054721725278,66.96027428122841,67.08670577915696,67.10081151375297,441245.9479217259
2024-06-27,68.9092247315039,69.25292130671413,68.27943764125169,68.95389705695824,68.95209871334744,195742.0794946352
2024-06-28,70.76777830212384,70.84025641526497,70.38839256866692,70.7197685981515,70.74187128296384,372659.4783947968
2024-07-01,66.17584091552352,66.25343438031148,66.07163888225833,66.17098889333485,66.14127806254945,215668.5314364372
2024-07-02,69.1708403129516,69.70660181506567,68.79989145537249,69.08872816726995,69.07217590188921,185348.1464007529
2024-07-03,71.56111776713405,71.62451266636113,71.57522058122382,71.57670315283158,71.56749325245485,712235.0397050936
2024-07-04,70.50304218870822,70.79780252027632,70.25414952017495,70.61542109875381,70.62088659743607,118297.05778282924
2024-07-05,71.15203389522894,71.5588822810617,71.05224202946964,71.19197435267732,71.19836511110988,91288.95139970387
2024-07-08,69.8064571198762,69.7108376116262,68.91272646575165,69.64934238087199,69.64200925022627,63745.716303066416
2024-07-09,66.56878845378796,66.63167226216561,65.96404162344133,66.48921552179405,66.48974759354398,304951.9167853217
2024-07-10,66.58407217360752,67.03412218511089,66.27159184046704,66.53014327967384,66.53814484892835,602075.8815191368
2024-07-11,66.56699159632161,66.71406282576605,66.63499716131456,66.63867607707493,66.63246048098965,205740.0378990686
2024-07-12,64.9009451878627,65.51008261043512,64.8257652366729,64.85693418096471,64.84367873435797,171526.42566290835
2024-07-15,64.48721234214774,64.6362906268372,64.19248540590863,64.5232635209856,64.5192677566381,226094.15996036117
2024-07-16,62.121551477205806,62.35650704817677,61.6526111165134,62.05366896490473,62.04189379064426,572694.1330136989
2024-07-17,60.69721954428477,60.87085924395125,60.427391684910425,60.57305420165044,60.60756400450868,312317.35440430447
2024-07-18,59.6314400048771,59.817940861429534,59.56478383292894,59.62903287017997,59.623707879161536,1846524.9599993627
2024-07-19,59.33973862284263,59.65078479207495,59.19986860149368,59.293569239866535,59.25894248057501,313388.2840864802
2024-07-22,60.59910205155165,60.63833071817189,60.4360646693102,60.62937869903658,60.62829411082743,173696.24985301023
2024-07-23,60.762064527779735,61.11821300655042,60.63941858587586,60.84612878568056,60.88868950890712,298648.5303552491
2024-07-24,59.519391616832,59.9595039380546,59.18312193298872,59.50629741725749,59.50915590252216,224117.564044602
2024-07-25,55.98388720050503,56.56467112346902,55.91227119649143,56.00987403557918,56.01319534580799,257547.56741904325
2024-07-26,57.49246544765346,57.514113826690085,57.22466591265258,57.44083578664342,57.43131902542604,233279.8854924506
2024-07-29,59.83928591670347,59.99863372534802,59.83504922314483,59.850589733107554,59.82512414867535,171120.3003471022
2024-07-30,61.018557181729975,61.676724187604975,60.54680790067904,61.05588725469777,61.04421095820849,101632.35584524368
2024-07-31,58.03786290011342,58.317844522670434,57.96832720172834,58.05063976800909,58.062950807168654,361395.40204505215
2024-08-01,57.91946512963713,58.2238486030514,57.625920160090864,57.8320832703721,57.852107320771246,270707.17511692736
2024-08-02,57.22479650722512,57.63424067265828,56.80907932019255,57.22817812681927,57.24277960523427,217302.87593558745
2024-08-05,55.33477327530612,55.52830885787774,55.24183560750923,55.310200978432896,55.30158925887768,408543.1863311521
2024-08-06,57.6409310762217,57.645256072385,57.15178888031368,57.63963049729145,57.645324395037214,436255.8729670863
2024-08-07,56.465550365318975,56.69536196542002,56.34856711788821,56.50369433959915,56.53081823648496,263715.3513498061
2024-08-08,55.6785066597671,55.64811833379832,55.47169118643741,55.64647385790094,55.64501532369859,235091.23869351705
2024-08-09,55.09165150158843,55.32582137118824,54.83703824510473,55.01301925262233,55.0169841750924,233282.1020219042
2024-08-12,56.63500260121281,56.71361685719336,56.550912987844114,56.618735208535696,56.62588436149906,203190.67352705303
2024-08-13,58.27914117475137,58.3483652962915,58.0575186489518,58.237851877822536,58.25791035266232,683950.011203274
2024-08-14,57.53140054574845,57.903090129971496,57.14104860276027,57.52125177716391,57.50149162619518,233577.86548033875
2024-08-15,57.3843656568235,57.9413139834336,57.27877033185515,57.43537636493844,57.41459648972168,296859.69028220605
2024-08-16,58.59776254043782,58.806187090665,58.60850302006805,58.64748685426605,58.650811739901,235529.70893564785
2024-08-19,57.66299484807748,58.09011782799989,57.33096833939897,57.67778640738638,57.695895188208986,204181.8633441942
2024-08-20,59.31749656737429,59.6968262825071,59.03673235338987,59.28006676513079,59.286203204844114,561825.0725011893
2024-08-21,60.0491747410118,60.64004670214821,59.75653127998741,60.06382949155406,60.06051016789781,578791.3024546395
2024-08-22,62.29355373070546,62.48326459898339,62.21019627064086,62.30983491799866,62.32936398455691,131794.72612472725
2024-08-23,63.799498303371664,64.23630654146311,63.2760777712624,63.80238583387501,63.80762996615806,162121.6687204003
2024-08-26,65.17335250483013,66.01972107316851,65.22659898065469,65.24442977183736,65.2503413208395,697667.1252429496
2024-08-27,63.3364724380889,63.34154965295297,63.06476030933442,63.32635341232058,63.33566203789979,352485.81979215326
2024-08-28,62.286443256504,62.63364529484955,62.26005481048471,62.33607199365855,62.35180731360046,177945.65198396682
2024-08-29,65.1936402461281,65.76837591638811,64.82236873562877,65.21747676864275,65.22587436529996,64970.7854145634
2024-08-30,65.49327699875839,66.34611707690105,65.43297130378909,65.49375443780077,65.4801571456938,229422.3805400764
2024-09-02,66.24044872386365,66.81132051116666,65.95320838204962,66.2627003297191,66.26731940538174,251655.77733409795
2024-09-03,66.8297617429247,66.86738765694069,66.64150260837998,66.81551316687295,66.82303384030226,402536.9041922134
2024-09-04,63.78108981696908,63.89834091472171,63.64141771151018,63.64753762576081,63.63852660067075,292647.2028358907
2024-09-05,60.13844603634012,60.38334156772414,59.86146213564344,60.177075159969725,60.16290079936092,80574.33462764212
2024-09-06,58.87049980119448,59.3588892401267,58.72315862731284,58.88638280737354,58.85880847018748,337418.5771616674
2024-09-09,58.74293332879654,58.83279600854572,58.19321173369418,58.75600492441144,58.75932789433129,473957.1753195311
2024-09-10,60.48988019562554,60.8677606487658,60.057983140987695,60.536223836470704,60.52306596467171,282205.59038695594
2024-09-11,62.0716609471898,62.688593938397375,61.80208362887085,62.02613954626937,62.029652991758,1220945.2384708973
2024-09-12,64.76802871762254,65.00367688051138,64.11962977445116,64.74802811733511,64.73515407967896,97426.53219343204
2024-09-13,64.25084964405781,64.37258632075519,63.82286769914948,64.19015053664299,64.2026527879582,330502.33856086084
2024-09-16,64.92317030993975,65.15464590018925,64.78776616334369,64.91974168496128,64.91798744092577,134261.5064586045
2024-09-17,64.5879707025751,64.6510890941327,64.36973330985408,64.58848020244272,64.61003436892332,252292.22270630556
2024-09-18,64.52183569040795,64.48773870360266,63.787340789362695,64.45345814683404,64.44856588275107,503933.19411734777
2024-09-19,63.78213077595918,64.06231194765537,63.07080452381729,63.76192735995817,63.76618345317867,268925.28502999974
2024-09-20,62.4775440278765,62.832684993730986,62.25104535126304,62.44342584756978,62.43874907150624,221877.7326338045
2024-09-23,66.22748960818089,66.93845030293743,65.83216162786148,66.27541253942942,66.27444237392362,189555.22092348305
2024-09-24,66.96745364895014,67.0390094067896,66.93587648098028,66.94246931842885,66.9564301202897,139276.81166807414
2024-09-25,63.68461918261357,63.92239334244667,63.37670454707988,63.70083756036421,63.70640012958455,251957.59214878175
2024-09-26,65.0369340584189,65.5143324753048,64.81435218400733,65.11432093101729,65.11618930925519,150993.23145239084
2024-09-27,64.81390048583518,65.2648314638079,64.45839473012609,64.78278422391618,64.78642330080936,340259.50934881176
2024-09-30,66.58413305869519,66.98176993711856,66.04755415807213,66.61360886459003,66.65214528571939,342298.516400278
2024-10-01,64.76710390817867,65.28084845226476,64.8949745777981,64.9034318239225,64.8897887134431,78496.01173119557
2024-10-02,66.38991806761176,67.17926133313091,65.96677024969026,66.33862779213153,66.37091300811127,248333.61860137232
2024-10-03,65.29036239475697,65.2921309859972,64.93846984179642,65.2562933425789,65.27856145061062,239144.0553904261
2024-10-04,67.33182693269315,67.44410819257422,66.87155580594982,67.26579426880996,67.26939164460269,330893.2069857449
2024-10-07,68.67815866249136,68.77331796736183,67.93361716993073,68.7453397078398,68.72744266180071,161666.48027082
2024-10-08,68.19742091060706,68.33727239742797,67.94813995025933,68.2452825956422,68.22558354094362,669808.5572361284
2024-10-09,67.80886502976983,68.54458110821588,67.34133710967335,67.76428458164064,67.7422543621901,694546.080339005
2024-10-10,68.92510439872589,69.07225834048377,68.24701699015212,69.00502599266059,69.00169364081647,520930.1578714767
2024-10-11,68.08545355500335,68.62132414921392,67.90118705282036,68.15448667837828,68.16988924787927,278237.39281332184
2024-10-14,68.23503295354375,68.79990340297731,68.16118086812222,68.28469108991541,68.29400358694369,712804.7742072688
2024-10-15,67.57740681580518,68.0851926749196,67.36864330091845,67.7258057542763,67.71704485668802,356092.24537157995
2024-10-16,65.18290515876232,65.58250218008945,64.98366501852735,65.2072031346267,65.2061062045406,99506.25402457356
2024-10-17,65.82862774417893,66.02933577182735,65.63086509300153,65.77257551633086,65.79172239702962,319313.1028497307
2024-10-18,66.12651839829338,66.45398131700465,65.78379864813907,66.1465656892517,66.11463520842567,0.0
2024-10-21,66.32599664865108,66.21022823455907,65.84532881208553,66.20051479935563,66.23632766689329,467382.1727016279
2024-10-22,71.24193009623899,71.61592806508082,71.20477229207545,71.2657899453893,71.2574963992916,104771.30436329024
2024-10-23,71.43450154217066,72.24488641845423,71.34657464305151,71.42680876343427,71.38752556506547,89572.05462624556
2024-10-24,74.60250556431077,74.77722698454188,74.50796709624584,74.62905369836552,74.61000065228883,253990.96822912732
2024-10-25,75.7048952741736,76.07562776888584,75.51939881469181,75.65077708494307,75.66427312164446,277868.63571820443
2024-10-28,75.73258149939434,76.26429519470241,74.92555479288048,75.75155816173478,75.72801741728382,132257.02004490315
2024-10-29,74.4369921829335,75.10110087314861,74.02754966945785,74.34980500845343,74.32294451321981,276929.6243053828
2024-10-30,76.77773787837884,76.9262401450739,76.35784358821739,76.66064624614528,76.64195503464701,322871.34618671454
2024-10-31,76.5865960055191,76.58745284289265,75.97066451945697,76.46584556495526,76.4709083485092,340187.7671058892
2024-11-01,81.63945779193415,82.07154565615016,80.72710434029034,81.6495774335533,81.70653529453999,267609.3779640552
2024-11-04,85.82656507457622,86.1476280524678,85.76988172147652,85.86057619887606,85.86558659804174,300829.7744114054
2024-11-05,85.80160965679505,85.93830748110955,84.47609045102398,85.8846321214686,85.87173284221518,369855.33561927744
2024-11-06,86.17322876159528,86.62712107037515,86.08400393666358,86.09636908156914,86.05019226195279,94616.15404522784
2024-11-07,88.84288914115255,88.96916121828677,88.55207962469335,88.78658415855757,88.78286301296369,321994.95719031605
2024-11-08,90.24942259053672,90.7803272811808,89.993755560462,90.24508852845145,90.24239459916052,688831.1407607108
2024-11-11,91.30748916826737,91.60505725887876,91.36699767731612,91.47998479565896,91.5297719221747,132390.67445440724
2024-11-12,93.89757526343443,94.06686833507084,93.9217216428352,93.94837150092424,93.93970307883691,177081.28013021746
2024-11-13,91.9727754745422,92.4157757945394,91.9927488597858,92.01507421189751,91.9787781557556,83151.9934682819
2024-11-14,90.2958548563136,90.69849138363402,90.48697486248388,90.53968380014793,90.55121824465154,248745.23642915583
2024-11-15,89.78081721082316,90.22053683263474,89.24447734041125,89.70696565452067,89.69835651999891,320797.7549216076
2024-11-18,92.27728137495788,92.50110890579376,91.8881906635588,92.3407404569385,92.28875913689204,363323.051540176
2024-11-19,88.21189375703261,88.48583601315079,88.07911252358613,88.19669659777676,88.18401661975308,460083.0761233521
2024-11-20,90.97589624667152,91.11788876486918,90.82014343962008,90.9887970799436,90.98034532544293,207452.9164352212
2024-11-21,92.23464166210574,92.32903323127044,92.19805429103003,92.27131642370848,92.26815892802485,231348.310858127
2024-11-22,90.31899763463773,90.56837826612208,90.3308770143155,90.37532464940982,90.34011695122658,242911.77778529213
2024-11-25,89.2595617143183,90.23661183953674,89.2456643244689,89.28331784388261,89.2691736468267,405561.8246620712
2024-11-26,90.74810770729016,91.87552163536294,90.75399107946384,90.79671775414242,90.78010298957624,214393.05765481404
2024-11-27,88.46966916290988,88.55687988997282,88.18799976603756,88.37100037933706,88.31166103622147,367722.38274131867
2024-11-28,90.76408234451064,90.95860530682543,90.55861510357452,90.73261412827348,90.77272310078504,377628.5477953202
2024-11-29,86.43150450694917,86.69992454609715,86.40131241853109,86.44663030738896,86.4598079244055,123282.6370704672
2024-12-02,84.60093697705756,84.53073854080282,84.4782936338455,84.49843502885726,84.48658371885905,285606.9563209107
2024-12-03,83.22516100922014,83.56206181055724,82.67706591299323,83.30715276859935,83.29914876361809,316271.38507207896
2024-12-04,84.06226096564927,84.08048708703078,83.32804649606325,83.98141816567104,83.95141067656846,197926.1905602839
2024-12-05,83.51986895660725,84.09067826349361,83.08698621145855,83.61858589865302,83.59384962295746,739541.3836068041
2024-12-06,82.48000995625888,82.64289734804038,82.21036046807973,82.47028683646711,82.48392762026181,242908.9333636952
2024-12-09,82.93980722930347,82.83048118103267,82.604382894399,82.79889367499827,82.83162938189481,291985.879304355
2024-12-10,81.51917933038399,81.74562958753681,81.39952015344001,81.58507113324472,81.56770865537554,314667.11499995127
2024-12-11,83.73664812669226,84.07028111852644,83.34039090571937,83.6649507358812,83.68042084543067,181474.95133730903
2024-12-12,84.26593997440595,84.45036365603548,83.58251408303524,84.24178545005644,84.26225201597268,432172.8387315876
2024-12-13,83.53757317079696,83.7491962745631,82.71683348116008,83.55450889383343,83.56891748773003,341016.72110447404
2024-12-16,86.40417827086276,87.37536551091861,85.95674730201908,86.46465214353562,86.47106249514525,211423.92253942828
2024-12-17,84.78772013749715,85.1577877073274,84.51439673026012,84.91184948452153,84.89106781512511,211449.34024328407
2024-12-18,83.85097634898949,84.37752368573837,83.41521191602085,84.07128177668315,84.0716580826165,224947.4707302164
2024-12-19,87.04245486924532,87.00779964906833,86.80503164442511,86.95360239596333,86.95794339635533,312678.0169861061
2024-12-20,86.16003236650904,86.66429111803332,85.71148720699281,86.03860926524068,86.0630531326266,212458.81829039013
2024-12-23,88.60727331265845,88.66944163775854,87.80091062748481,88.5550386384541,88.55390758246752,312073.6601306103
2024-12-24,90.26093387324738,91.17537073455703,89.24071513909043,90.23867197135566,90.22936056848464,247247.2716158832
2024-12-25,90.64975226461648,90.67104818695928,90.31772656959166,90.6520810805802,90.61656510256834,385389.6860014051
2024-12-26,88.6504537292004,88.72552797844709,88.27690739307778,88.63393305765247,88.64941305230252,189844.1049556535
2024-12-27,86.77977734917285,86.86860336285595,86.49586096519106,86.71535690338513,86.70733550342241,384896.3221711703
2024-12-30,85.08574953722302,85.47534142475993,85.03539548671145,85.04825966965352,85.0223674838199,177932.6987625421
2024-12-31,86.35401460136997,87.17315328928258,85.75237358566481,86.47859877842437,86.46341478075287,213638.02023320968
2025-01-01,85.98742609635212,86.22591183225845,85.79544905851792,86.06717561804581,86.04752651393095,73602.66264210804
2025-01-02,86.17551116327809,86.33607495120428,85.84091251671505,86.07690837225306,86.09989408769836,439046.5454833571
2025-01-03,85.48720846042092,85.43877111639704,85.08633071247901,85.36266379204528,85.3901242132646,186221.81512783188
2025-01-06,85.26211989330079,86.00714563702459,84.319077325567,85.29768826310107,85.29738089986508,345861.2269289134
2025-01-07,82.65817899497992,82.80278009098642,82.53043752700107,82.56189495546997,82.53557027539347,112145.47268126476
2025-01-08,83.79442234524329,83.97615845037043,83.50276605410767,83.83364297258503,83.85364374326701,374107.7499030295
2025-01-09,84.254069259353,84.29755428363926,83.91098600124198,84.11498040954855,84.12657795100802,371602.6091885767
2025-01-10,80.8617712065457,80.9032510252198,80.77023645290721,80.86173729470168,80.82931352202712,249849.53035556743
2025-01-13,79.46543642567278,79.49888236080756,79.41103079786757,79.45522615217871,79.46053525929828,197969.71428255076
2025-01-14,81.69221150923484,81.7199665041004,81.58800264706171,81.65302978277398,81.65604286265761,181441.4111418464
2025-01-15,80.89178368898027,81.37166996288859,80.69644821584328,80.90740191495996,80.94708337002717,136733.5009053514
2025-01-16,81.3395918482988,81.53495384367865,81.00716362580211,81.4358200427904,81.45362929867275,546147.258253558
2025-01-17,78.51096478384187,78.74898617873973,78.50740511830561,78.5419104639986,78.55962074717443,562208.1883062271
2025-01-20,78.21035279943581,78.59593779361776,77.75508830144673,78.19463692086676,78.18694302092204,141882.76810849103
2025-01-21,78.33383871310178,78.65209615777361,77.86356765322871,78.32698321446713,78.34057713148991,347018.0860544077
2025-01-22,79.29838379805832,79.56087394027755,78.95621938020282,79.41551197079168,79.41588504241939,229036.9242187692
2025-01-23,79.73670687714451,80.91378053957921,79.47528092394911,79.69960347999921,79.69512008274522,114706.36186759762
2025-01-24,80.69594783144636,81.26329555191707,80.1904052416613,80.64611938608574,80.67268375163243,200254.9367320148
2025-01-27,79.88635829921955,80.66036942811222,79.75890085848155,79.89888545208568,79.9076196832295,153759.45627739362
2025-01-28,80.18321391228486,80.71970081370458,79.83090181560028,80.0202055315509,80.05940680907877,256096.99893952123
2025-01-29,78.40214461067804,78.39024673493688,78.27511198396353,78.35231550962534,78.36490468574861,550940.8704487446
2025-01-30,75.69229057052715,76.48637502505528,75.61118534202232,75.72922866374053,75.73384447688599,156677.75477278145
2025-01-31,77.1961967676023,77.69599759531054,77.18925481436506,77.32993778736589,77.34136089394258,821659.8982943427
2025-02-03,75.97262133130769,76.35782461034277,75.6178481693435,76.15581896843217,76.1616594173694,173669.76389326825
2025-02-04,78.76769438575727,79.42432530462645,78.63242146515978,78.69684507449541,78.72294336753372,90702.82382768155
2025-02-05,79.54456591124571,79.75576818274888,79.28020286070067,79.60636197605604,79.61181165457316,133202.4821911168
2025-02-06,81.5565892704452,82.10947591306858,81.75951447218233,81.79476554159496,81.77876527504682,110472.15399604617
2025-02-07,84.44222937590416,84.6669182177634,83.52126363063296,84.39544648209663,84.38843817106212,231173.1477171117
2025-02-10,83.82384233061342,83.93723861718611,83.8585883727891,83.89624277556281,83.87923433526451,360139.2903154266
2025-02-11,86.03800905302386,86.39667191463504,85.82078941444541,86.06125948887914,86.03578561191493,250564.56920237571
2025-02-12,84.98556917761081,85.03669553493675,84.67633606086007,84.95370819894964,84.9471804580838,74585.49688679674
2025-02-13,84.78969996509758,84.71922763209238,84.08819025090156,84.71285031477916,84.69099385127231,398779.2976712393
2025-02-14,85.3662063932064,85.56924450302584,85.17073784713774,85.2838281682817,85.3058418298032,176589.30086040462
2025-02-17,86.12908532597237,86.25654318344897,85.47823229354829,86.1141030776609,86.11496763600842,125924.76488509272
2025-02-18,87.74788376084238,87.69648054231,87.5322102198219,87.6918266552678,87.69159011697437,499708.7470695858
2025-02-19,91.4557568216378,91.89771749938384,91.02777820663728,91.46387727075356,91.49508134666488,937967.3088889852
2025-02-20,89.80678284901528,90.04483669621254,89.89434799781118,89.9013540926174,89.91092357077414,531023.6637529371
2025-02-21,87.64011438202714,88.01824530850324,87.47359520663937,87.7683168815257,87.76788618932781,169738.6823403941
2025-02-24,90.42037921135014,91.30083069510036,90.05198572974419,90.39245358569762,90.42094814486587,387305.7573535229
2025-02-25,87.9653964024726,88.84993272516618,87.65536454256971,87.9005543693715,87.90208814680479,209714.61044270615
2025-02-26,89.72949649178507,90.53972252192068,88.89832147188623,89.65490603944933,89.65074343471656,497637.0554653705
2025-02-27,90.72775593432785,91.69485783486176,90.09263785772455,90.73170265554266,90.70184135077275,175453.90312697648
2025-02-28,94.7549482578352,95.45494030890436,93.76703187144484,94.62029949010748,94.5917496520883,424232.5410938533
2025-03-03,97.15191118646965,97.76591527732228,96.66965301518822,97.12644823249244,97.09686645916818,377819.9971803808
2025-03-04,94.234717985227,94.92082693605578,93.97824853085471,94.25503610803132,94.23285676876462,215836.615598342
2025-03-05,92.0199687729002,92.52104643998844,91.8732651221425,91.92288707758864,91.95616488040176,744802.1542957473
2025-03-06,88.79579983520735,89.3506797636649,88.83936080760643,88.85560919926962,88.86281393678576,325187.5273727428
2025-03-07,88.89537141208876,89.3040884493945,88.74935554625962,88.97458292351203,88.98105607915222,183562.28089585053
2025-03-10,91.34372493715894,92.15225462998188,90.93858954732411,91.3199496918783,91.32043470447388,250064.3988579273
2025-03-11,92.85449752499616,93.08943758432244,92.27595588278874,92.776638863159,92.75773828833584,422550.157680128
2025-03-12,92.27928313112992,92.67186726306517,92.25499399521544,92.34790342943808,92.38042723554472,204326.32079839412
2025-03-13,94.04598017715388,94.1277159236036,93.78377629565466,93.98916016047738,93.9594888362739,256174.92249358044
2025-03-14,91.79804052787505,91.8867662936612,91.6446527404459,91.6828830256768,91.6927688397113,258980.71359916945
2025-03-17,90.93118884006604,91.13084043138456,90.7930973174617,91.00946945401634,91.0660773628804,388885.2756195567
2025-03-18,88.85591975072911,89.4931161434354,88.5771971628213,88.83322559210676,88.8132983306639,331291.51708566217
2025-03-19,91.23124051446244,91.295607477172,90.69788991040636,91.102734491466,91.12103453206645,159495.5906480155
2025-03-20,90.8279096229004,91.4383695966341,90.7146120057399,90.83238509588422,90.7987544407138,264166.4451089353
2025-03-21,91.91968421456124,93.095913568236,91.18465034235764,91.95722344770311,91.9639049495717,116807.03641366986
2025-03-24,91.19053831180744,91.92195124292996,90.8985786397314,91.05325797706328,91.10233055627306,1425042.253148289
2025-03-25,91.4091328954554,91.50028804963564,90.86461402665242,91.41750502574496,91.41182204042704,552101.5661478387
2025-03-26,88.14325362317204,88.52639820965084,87.73767346838912,88.13683150265297,88.13049198096091,58488.0150923764
2025-03-27,87.9733785374675,88.67868554724203,87.9196940218032,88.02082889013349,88.07402163931641,373509.0560081313
2025-03-28,86.49712137101207,86.93374923995981,86.48311304444809,86.4973403150397,86.5355154103636,120968.9549215376
2025-03-31,82.66655878228062,82.92357374921981,82.24639136408086,82.60554561569677,82.59175449893146,312801.215795917
2025-04-01,81.01579486780025,81.26117728709858,80.7919704938886,80.90432521051143,80.90725377371533,281526.19442882406
2025-04-02,79.3090187242209,79.39758438578865,79.17762455660193,79.27283163243835,79.27424352924963,280774.69194213976
2025-04-03,79.74932955093524,79.96111193167965,79.6879455087848,79.70535138362857,79.70313000419392,509455.9459372473
2025-04-04,78.30850269645424,78.65267501673522,77.96718980355521,78.28182141340605,78.31838512220553,380229.7461717769
2025-04-07,78.02980228938793,78.43839209645088,77.35649223947532,77.84036642637938,77.80567318654442,69022.2983040802
2025-04-08,81.69815084224147,81.71269541859255,81.65410530950767,81.69479004990713,81.68987825122001,215269.419481339
2025-04-09,82.51100562092292,83.26312332355737,82.56529212789589,82.7066995001999,82.71903667074173,206583.98669873225
2025-04-10,85.27678110978148,85.38759232120765,84.39906092327715,85.35000806916668,85.35305470739843,404153.58800558944
2025-04-11,83.32965208016884,83.3751310994283,82.67104680094153,83.22176195039476,83.23111106859443,236768.0558653314
2025-04-14,87.58716313533795,88.03601978531039,87.07586947962284,87.51595875673031,87.5299536791761,228157.517242682
2025-04-15,84.4941953236862,85.01168136635202,83.75703671972805,84.43367973361826,84.45360978546911,535945.0947778542
2025-04-16,81.83691838719139,82.25505807979765,81.0218526955036,81.77776304776748,81.79492707257906,150703.49096020532
2025-04-17,86.38872233959445,86.67882836927113,86.31596689758375,86.43799179957931,86.43216354826532,150793.009918708
2025-04-18,88.2024877606459,88.71424527260248,88.2507931626586,88.3157372242903,88.2461435293654,114736.15875222084
2025-04-21,87.58641310605655,88.1649627752775,87.46114297030547,87.64544165926388,87.68806072347542,183753.11665559365
2025-04-22,90.06495998687825,89.98512696879992,89.75098785985107,89.96011853890386,90.00512757938885,418094.8626732962
2025-04-23,87.82230674321461,87.80011844532311,87.56303181469933,87.77530952454893,87.78688306989432,236228.58528917984
2025-04-24,85.62512567055379,85.7981022248647,85.4186704709984,85.53999387062929,85.54359909959057,212743.80687413004
2025-04-25,84.56817107835104,85.22575339437516,84.14189257295271,84.5320260218797,84.5407060414343,305185.039560686
2025-04-28,85.56355108806633,85.8089700143056,85.06726241103497,85.56364309015287,85.54014175458585,384171.66597152833
2025-04-29,84.90539743886615,85.1616413860907,83.94177412371617,84.80497679793785,84.82878270461573,228696.2785942753
2025-04-30,85.77034887721464,86.25559107601994,84.90850496829859,85.70274945013912,85.69066908824226,266097.9969121314
2025-05-01,85.6912190023647,85.86809226719072,84.94623684218327,85.6861836072997,85.7183916261208,356079.63562198216
2025-05-02,83.72229116461246,83.98144286309484,83.46831413691429,83.7519112660654,83.76319858480285,0.0
2025-05-05,85.17147367141084,85.86823560862567,84.88156543636309,85.0926063448429,85.11526372389538,305835.74012564984
2025-05-06,82.03278752867143,82.28844259995232,81.3551878165484,82.06878286417307,82.08438663476275,422743.39604552527
2025-05-07,79.71562818162633,79.71387748137047,79.62385323425443,79.69418824624881,79.72002886263556,245410.9372741081
2025-05-08,77.80494039273219,77.91738426388576,77.43000099536172,77.8214073806553,77.80039446715308,320882.1758980485
2025-05-09,77.77991268940013,77.75868992842244,77.59991142275983,77.75088708508599,77.73909496038497,181707.1820974828
2025-05-12,79.35974790305649,80.2009982576739,78.8793047963315,79.33010034824899,79.33683652618308,218566.6240596514
2025-05-13,79.15110930989727,79.42820397946232,79.07162955612905,79.24608477321647,79.22902203315232,122612.43326733224
2025-05-14,76.97405437919053,78.0274916198518,76.69170774528052,77.04368935779867,77.03101278185345,267819.9902301699
2025-05-15,75.91667551661641,76.24786175024691,75.83234133693529,75.90729524316207,75.93208911601556,142294.70259993282
2025-05-16,72.87014952835314,73.38879159751546,72.57124876143673,72.8711898116009,72.84493597366756,928004.7921351098
2025-05-19,69.99122924974087,69.92612372844236,69.61066711620752,69.88348416721455,69.86758009983566,276008.2404388689
2025-05-20,73.0784022291935,73.54784403129592,72.56656466003037,73.01105784618922,73.0018956266598,217257.76392147652
2025-05-21,74.66583231847112,74.70170637375253,74.40610788469358,74.61400122614775,74.61967732204828,428298.4719959562
2025-05-22,76.20863770542745,76.63913820931079,75.992882729639,76.23700744558138,76.23946915899462,310227.0470826128
2025-05-23,75.36733786355627,75.58516425578277,75.32695250409924,75.38248377590858,75.38909651285104,121165.70076599972
2025-05-26,74.98911733216111,75.04763014222826,74.88771695982301,75.02888280838096,74.9937469564386,113736.46595482295
2025-05-27,75.65530897066623,75.82725876776527,75.37121587737398,75.55220778317897,75.53938729833669,562463.332811662
2025-05-28,73.7882479667616,73.876241062561,73.49627253889135,73.82495782861778,73.8247447002457,195434.7523487153
2025-05-29,76.32207070405883,76.85791709253184,76.22124983515779,76.34158928691996,76.33610126688144,279637.2395024983
2025-05-30,73.92388781905187,74.32685470785624,73.79661506709873,74.00996984555826,74.02485694021283,384560.0857709181
2025-06-02,75.2752915938685,75.46738534970656,75.18302288519513,75.25068998218943,75.25659839477412,146429.37805778038
2025-06-03,75.87779131402097,76.13502840389272,75.79821527818761,75.88105574710652,75.88114759560493,356211.9127991385
2025-06-04,72.24798822036504,72.39758726814124,72.11743025288797,72.29240851404853,72.27216117690278,268863.7954030189
2025-06-05,70.26155195174047,70.2589201711726,69.80070746753401,70.17836259897722,70.1834228004784,341742.99159654794
2025-06-06,69.45656056553035,69.89066507522894,68.74906433957507,69.41767366773989,69.41774530561821,265240.6467036191
2025-06-09,68.32427776722194,69.04097544803268,67.77999361089162,68.31942029100139,68.34646258307502,314388.4837462116
2025-06-10,69.62257905659851,69.81915879523883,68.74996281015858,69.47365756555534,69.44689240502291,229781.87147502755
2025-06-11,69.4522531521576,69.78626814327252,69.37896150445461,69.43081228759542,69.45038466810774,219910.90087547852
2025-06-12,71.9341150190541,72.13964073142394,71.8309154374569,71.91748767916943,71.91586476575442,293854.946052603
2025-06-13,73.4760167514072,73.453002235519,72.70650698548529,73.43211588408504,73.42067896127264,226805.63445696505
2025-06-16,73.52286529701298,73.85451997859059,73.40731145575849,73.60716857546512,73.60597896909727,252275.7954414912
2025-06-17,69.82851261264162,69.97932021985324,69.85164419842971,69.90570262873113,69.89196277538673,120497.432667533
2025-06-18,69.72226906465093,69.80278730354469,69.68908473998637,69.75560961176583,69.76554299616774,49083.90888865079
2025-06-19,70.45916143399133,70.7114784814626,70.30648305612169,70.41850493928831,70.44995429369034,298072.24288076925
2025-06-20,67.08447900070576,67.672674704958,66.90021040787126,67.12811174160022,67.11402924607371,191356.3684787823
2025-06-23,65.49287433553691,65.78069433398598,65.44318898198561,65.47570416439646,65.46355199435311,887413.9035492169
2025-06-24,63.748108932702245,63.84289896446279,63.396991936549966,63.63552421411486,63.6333225008461,597557.8682174139
2025-06-25,61.60827583140906,61.7199057111391,61.60853933615239,61.65808969228852,61.67637245801736,147388.22704250726
2025-06-26,63.51915402492636,64.10627473708078,63.2394736973721,63.50134454532275,63.50667296899753,211376.06289322829
2025-06-27,63.60614195489365,63.93395641016336,63.41935451978194,63.58410468515715,63.58297754934609,103420.66584866836
2025-06-30,63.08435527351372,63.279504061506536,62.7933296656018,63.13425397950731,63.117421614784185,69391.65247467211
2025-07-01,63.71291803465918,64.08521153325005,63.61415108869557,63.61597961255544,63.57725545271816,379696.608354715
2025-07-02,61.94612988049778,62.64396115747951,61.90555187284183,61.96006293938273,61.96461479405892,341879.790360668
2025-07-03,62.81412083020352,62.9290440472228,62.573615980827576,62.811902555033576,62.810642192757946,177071.1956822529
2025-07-04,63.40068261008632,63.52521612019953,62.876726543759,63.26416713602531,63.26990873273012,234822.80836509715
2025-07-07,62.67614242517816,63.101888318838064,62.356496465173066,62.7000242004742,62.70359711745623,386662.2736648992
2025-07-08,63.81617952222338,64.40893956104757,63.73838766400844,63.867807821153264,63.865160379778224,228862.95714135884
2025-07-09,64.0392853219703,64.19763023952638,63.98493647183074,64.04080411199692,64.0043374857903,204380.2214237163
2025-07-10,63.19779223523526,63.19348781334353,63.11488041445857,63.19187361758258,63.20504969016354,156529.90474457174
2025-07-11,64.03011200466729,64.29174277095967,64.05289497504188,64.08761353030543,64.08575477768277,232709.57779259072
2025-07-14,59.2246654545708,59.20520071457944,58.92178366977224,59.1366144255968,59.1707044415591,645694.4245304419
2025-07-15,57.46650584832152,57.789685449443496,57.425984771782,57.61334386067622,57.61108496127677,110802.43034843632
2025-07-16,58.71664545939621,58.9777673203016,58.54652547275107,58.706862319856114,58.72988973631568,194846.71075610217
2025-07-17,58.00734523293456,58.46581067009355,57.81262268313825,58.02234593778417,58.02907721306048,196880.22863757485
2025-07-18,59.75512864413463,59.81359062029358,59.14677993077679,59.80867560097385,59.824589194065645,150716.87260371904
2025-07-21,58.482051672373366,58.96881067797552,58.15296977889622,58.38594412352155,58.38985649199659,523218.9153219732
2025-07-22,56.56273663379246,56.62371897945152,56.30890160536968,56.59141308025961,56.59428634607998,290561.0382553388
2025-07-23,55.66945709134964,55.95490105751104,55.5021422135132,55.74948517680623,55.71613611138259,167446.96025873322
2025-07-24,56.11253452686491,56.50189622711223,56.0874049097027,56.19099531705019,56.17487417990321,209678.5102219951
2025-07-25,56.69972768677993,56.84682163308889,56.353822267888205,56.76830402451412,56.76259183542857,261065.1596931765
2025-07-28,56.65056238018512,56.69519763340703,56.58509211783333,56.64330490587139,56.65794255130256,155536.93338919542
2025-07-29,56.45832786740316,56.569549992149526,56.36944708406574,56.54882368030631,56.58047670424276,192469.84459097692
2025-07-30,57.113074421296,57.17929515373673,56.93058851715095,57.15416325967249,57.13342952223113,130591.27684289977
2025-07-31,58.45104305394323,58.80992268249609,58.32560815790373,58.410180968334494,58.403089987952576,128204.52460337618
2025-08-01,59.20518486001343,59.80501991603402,59.13764122372686,59.27970208518019,59.28391832375112,169505.63148167758
2025-08-04,58.30123261140778,58.348559885197815,58.24081370675433,58.26437486132722,58.25592302529528,526902.2759823893
2025-08-05,59.14017633982163,59.27410482267851,58.98051667469423,59.21271776219314,59.21443445066646,481766.85450543015
2025-08-06,59.17765494954946,59.86462037107239,58.860272323091486,59.23635659176462,59.24853585136735,177371.80950920936
2025-08-07,58.01184806485524,58.23543834978274,57.77012116414669,58.05994426645482,58.08160404791551,229038.92188181492
2025-08-08,55.33697758496233,55.655158441313525,54.94593404395993,55.32943902780285,55.327543621032,152899.8731719586
2025-08-11,55.65016826443093,56.06035497954311,55.2600039000172,55.63274719238204,55.61522286166804,168761.01304775878
2025-08-12,56.5532789998154,56.873823843409895,56.30984265255065,56.510647608899454,56.53718792986325,229393.13379458155
2025-08-13,54.0187922088064,54.26803252765824,53.99945594954448,54.02257274902836,54.01667736494179,240479.2862794084
2025-08-14,52.54313425701547,52.664150825990745,52.24398407260664,52.53740870699477,52.54313721609613,349682.3653017266
2025-08-15,53.00860794378811,53.09636745834301,52.22408139859045,52.94901421976991,52.95316285903124,339277.9827562651
2025-08-18,50.8441985726132,50.92157811152179,50.86067189652599,50.89196661787647,50.9019849314212,259694.15771641367
2025-08-19,47.90491299000034,48.042766185312985,47.43401223730366,48.024844773835696,48.01126843038056,219591.07232485167
2025-08-20,46.67169395981576,46.8223791613356,46.34012411823392,46.7459561921564,46.74228100030872,529814.2879776127
2025-08-21,47.69392388663385,47.82894547187793,47.686968113443726,47.77775562571689,47.78022641767226,246617.6295086431
2025-08-22,48.40472850252302,48.61406946159575,48.22799729203559,48.38859581218372,48.38752270471709,254707.1693280398
2025-08-25,49.44912648817834,50.123850924389664,49.2971469731192,49.53210902138622,49.5263881051095,725613.0104852943
2025-08-26,51.9313867003846,51.99646897025325,51.68429865458469,51.90584790286862,51.90723590167335,172240.50462743762
2025-08-27,52.38709541573498,52.89922970597352,52.07206135499329,52.38870617245826,52.38567557821202,90648.47700143442
2025-08-28,51.65384150159131,51.73066018315183,51.60076169586601,51.622872417131205,51.648232368239775,358344.89654544555
2025-08-29,53.57607800531122,54.06933001781797,53.31651846439892,53.579727605000286,53.5625070024215,251437.45588866645
2025-09-01,53.72853975162329,53.88199279161436,53.663368157164726,53.72609575320781,53.74040540114109,330577.8876028388
2025-09-02,54.836646551602605,54.868455123666,54.63341782063825,54.80409299528961,54.79608623567855,387663.54135120206
2025-09-03,54.9173838040196,54.877495170584695,54.45802952216141,54.839378217078014,54.82671677742932,195782.3018287925
2025-09-04,51.95309434732778,52.10295104566188,51.98878902185536,52.01068036103689,52.029073907431616,258578.1884179224
2025-09-05,51.72627484016389,51.95983015344152,51.63940771698453,51.75301608262345,51.74318518419648,441926.4847527736
2025-09-08,52.36191287885812,52.42553757095652,52.16306371823787,52.3611591132883,52.375288095872776,575981.9740319833
2025-09-09,53.16896259218164,53.205037256660106,53.069200703314856,53.10331650778518,53.08840391394988,333631.07662304066
2025-09-10,53.38123446016295,53.4875520652764,52.70607687131758,53.29414607243284,53.32934517663122,62192.01617283619
2025-09-11,52.82466416828447,53.06623409908995,52.61490919964472,52.86140419999249,52.890611350286775,107495.43684158816
2025-09-12,52.08318720208004,52.10092210864098,51.84751482846704,52.08671069717498,52.09121334580953,1581056.145376745
2025-09-15,52.08462931610539,52.24931252622463,51.672808387969326,52.07046092888765,52.0763179068134,233646.86555399568
2025-09-16,54.724561624267054,54.83299368069533,54.5772899449488,54.74949277010375,54.748691653576834,138590.45643471082
2025-09-17,52.511850263692025,52.55099664616156,52.28089536396827,52.4362807597878,52.42440075793174,165688.83566054987
2025-09-18,52.82180217268219,52.9649752674344,52.79699951772966,52.81508703063803,52.83805866923817,625803.5315589573
2025-09-19,53.73954829148378,53.95578234693065,53.76597600414631,53.83120836341347,53.821937161734056,155688.34333237997
2025-09-22,54.37524623829661,54.43806722734174,54.15395399627986,54.28175403559256,54.30161635883382,356271.68775652495
2025-09-23,54.24964154849743,54.39070657458003,53.95504604157161,54.219646549391975,54.22210217754415,331967.83737011126
2025-09-24,54.11673322231789,54.31236895008615,54.01820678797879,54.137350014089165,54.13243402382041,364134.9810959072
2025-09-25,55.87872719446021,56.03016144058488,55.48486907391532,55.8042809172298,55.80860799205133,104143.06633456418
2025-09-26,55.90523204218369,55.93828473382224,55.33580412092667,55.89565064527612,55.90251429508869,158903.14573186604
2025-09-29,58.00932026528572,58.10164829920297,57.735325401048726,58.01366962781038,58.01725991756929,0.0
2025-09-30,58.47064769504982,58.82727108554489,58.23196299881298,58.43631908412629,58.45567605725431,138436.50885595367
2025-10-01,57.04616083898105,57.205798551289824,56.71495131085343,57.06157880080666,57.07128315072889,219179.8166419312
2025-10-02,56.46797866802291,56.7163729204708,56.347321362083306,56.37457513735333,56.37895435950264,512240.6443082887
2025-10-03,56.12955390437244,56.4821434905033,55.93215661168116,56.177663431404966,56.175196031684585,355322.9310920408
2025-10-06,55.54996191097548,55.57942364112825,55.542954417161184,55.5631750371728,55.59732854521293,81028.34566516631
2025-10-07,54.7165327955265,54.88035316048043,54.60236760906572,54.6844292775697,54.68977969480952,145147.79347420594
2025-10-08,51.73289781047645,52.2815924048742,51.5976844068911,51.835102850708346,51.81073841679876,370625.3722291668
2025-10-09,52.63064412454113,52.71255845682921,52.24600608533199,52.5608148605425,52.56701821831529,161929.6253610347
2025-10-10,49.77957606874458,50.37521874635241,49.766314628924114,49.800989019424286,49.81093878394384,297052.05007472984
2025-10-13,51.226811887904965,51.43417119840576,51.19862696232501,51.25018716118162,51.24363041308755,322515.8516815528
2025-10-14,51.84817212306594,51.888789150871936,51.7981503792997,51.82153690765455,51.82441937210498,350082.68065644504
2025-10-15,49.75721026774442,49.99577862953352,49.58126014090233,49.76086597562457,49.77673988958339,136038.85479523547
2025-10-16,50.10506520863357,50.10226877948991,49.88454345237866,50.046695055237166,50.04726713507967,156658.1640686643
2025-10-17,49.87464074543926,50.07880391423991,49.60913498774831,49.92111394645509,49.91279070164845,202901.7407003205
2025-10-20,52.1416486305277,52.15720518800625,52.06931523789967,52.13322224803863,52.1432297563081,128728.65050967532
2025-10-21,51.17507409887669,51.18336069882125,50.7965925051029,51.16095527545243,51.1365035129115,324957.2646482428
2025-10-22,53.88424973391027,54.06330028211784,53.8509923024984,53.8998110266464,53.89467258622332,540656.1515592831
2025-10-23,55.428141973403946,55.85305933283458,55.419014249032784,55.47265839661912,55.48042748765384,385943.65185945056
2025-10-24,55.6562763297477,55.62808601898104,55.43179336581389,55.6142624315708,55.5954024349624,266129.47136653867
2025-10-27,54.79185419818773,54.88537563068349,54.7084211947498,54.78703443211236,54.815076684284776,253644.70641548707
2025-10-28,55.16259628697723,55.31103606842866,55.08655611505325,55.2572358281576,55.255247763412505,309385.6871921994
2025-10-29,58.42108467782893,58.39528428028286,58.03767067787688,58.38093034417561,58.38140176913092,261838.4841291548
2025-10-30,57.91728172107582,58.13267981654605,57.82797631641895,57.96971060512262,57.9595771484781,582118.6520867442
2025-10-31,54.86256625206207,54.89615553884528,54.81000929729896,54.86215343059262,54.86776599094636,452398.0371072024
2025-11-03,54.12987015379609,54.75749681141178,54.285849481567006,54.28779847768327,54.29186452422141,76009.95882524288
2025-11-04,54.300950262885046,54.32695995620824,54.087823190070566,54.29293885464813,54.28926506925752,161773.57817486837
2025-11-05,54.4516200629386,54.73380433495021,54.03728692869378,54.57335890713821,54.58296009441992,94456.99100118628
2025-11-06,55.06004642239414,55.15403649961385,54.85325526517813,55.03996244041656,55.041995522750376,314145.06762216095
2025-11-07,55.75766867012136,55.81985822710307,55.71532584455175,55.72412323184321,55.73360173984997,117340.0713609593
2025-11-10,54.21773933699324,54.5328188427051,54.12390714182489,54.24975608545416,54.25189274410671,189112.0119138918
2025-11-11,52.19404431188862,52.39727101673255,51.99750840063668,52.14977074361451,52.16114819621004,511000.4223472156
2025-11-12,54.02001691546052,54.26204338582149,53.85731286132706,54.11118780602386,54.13743457446824,368336.7959767146
2025-11-13,52.95567428472306,53.12269671083146,52.81834560482542,52.9593449682836,52.9550315179689,399038.2622426143
2025-11-14,53.29942495712847,53.49144985291168,53.32106201972549,53.354709195130106,53.34257043821209,179859.27593459454
2025-11-17,53.71637067967071,53.98491758550333,53.65778216423941,53.702117977753566,53.706987225611286,244809.57765629736
2025-11-18,54.928573186249615,55.55441172797849,54.70761871648325,54.893964819494194,54.90504767666884,270439.89073184395
2025-11-19,55.17675618927229,55.58680706262421,54.56611846625461,55.208199515673975,55.18784709732349,347421.4482197742
2025-11-20,56.29237298985008,56.79022688798665,55.77982777330135,56.31192914315572,56.31782328282971,401702.0505089767
2025-11-21,54.47636151421921,54.61866055373972,54.244334273838206,54.48594406768137,54.49751925846722,395332.6920986859
2025-11-24,53.90108591321076,54.15754479199386,53.55121148755201,53.96781462768103,53.965814891052055,266132.1669306499
2025-11-25,54.65440723078096,54.7019268463621,54.44230560237359,54.68733831563441,54.680789651790406,156146.0837787916
2025-11-26,56.00714624715386,56.062900858729634,55.89798976362986,56.04406094622589,56.002876814488175,383676.3946516236
2025-11-27,56.07028288898268,56.46068477482663,56.01940879150001,56.04424665983977,56.033756123154944,590638.5834051558
2025-11-28,56.57845712230653,57.00143817148992,56.57305633291112,56.58108381415654,56.59640275496257,144968.0403040452
2025-12-01,56.14337641140641,56.21410408010438,55.54022407909521,56.03876413903431,56.04377926329559,121295.91458313886
2025-12-02,55.95482792169027,55.99283427683255,55.46884349674865,55.92803955992864,55.91409433075864,403363.5985349493
2025-12-03,56.48874998396197,56.61993070034816,56.2647225170675,56.51028863617785,56.50422035983285,254284.1112380572
2025-12-04,54.11597622935812,54.55171618676733,54.07772188887955,54.23971384805319,54.239163553178685,206666.3730806874
2025-12-05,55.23276727401024,55.40997292381309,55.17315914446403,55.26694749636387,55.268038537431785,219292.14341505425
2025-12-08,55.3666950107062,55.583357707185215,55.042207695114506,55.34287463659615,55.36060255907297,433853.4660601743
2025-12-09,54.83107332746808,54.92778547211035,54.52223364781966,54.80808399119573,54.83005266337588,491357.1454375268
2025-12-11,55.63335912052758,55.86890015886337,55.51400665763183,55.67134930122397,55.6874147056428,190912.98427834065
2025-12-12,54.646401870488994,54.96839946045341,54.45724050827848,54.62355966975299,54.62186915158364,220631.2119389935
2025-12-15,53.77875790606459,53.79392958697098,53.67573749237805,53.74756633669163,53.74226033311917,168313.13595130105
2025-12-16,53.27906060104312,53.5084980178986,53.26551716082477,53.27526169679733,53.29618057660494,251558.54573813788
2025-12-17,53.23830520822783,53.52738625947905,52.79700447711167,53.21615407872173,53.20852642461119,413563.9903399438
2025-12-18,52.68590053404901,52.97477629469646,52.33169832324907,52.67505135826448,52.67927349579909,168480.50516117568
2025-12-19,53.01850009166613,53.0669104265145,52.74115019486885,52.939681779327074,52.96633704939894,522175.5856773876
2025-12-22,53.685909217409446,53.69193602693107,53.44677950289188,53.67203142269507,53.69370353953607,214812.84476204103
2025-12-23,54.48764101362456,54.435736324364285,54.060400305613584,54.41075943687448,54.385606061610815,195174.51035363588
2025-12-24,54.34351892384944,54.98091789065592,54.20695548532176,54.363812575657775,54.34063443011812,868651.822734769
2025-12-25,52.093032307628455,52.52894962560252,52.04571337619827,52.1288191267954,52.14606717687456,322743.22006165935
2025-12-26,52.97790314947338,53.04109711225963,52.91630473014194,52.981338935593,52.98559962645014,186240.7605661038
2025-12-29,51.42413375534717,51.60728428529234,51.31874542602896,51.5498756064594,51.52512918831031,217609.97831169097
2025-12-30,51.15420770992189,51.44647236846748,50.92935673482913,51.21497865149669,51.23263950667549,430602.1696773258
2025-12-31,52.86495388787837,53.15254808372457,52.50673004954715,52.7976502258234,52.75720225860362,122941.42403773085
2026-01-01,54.324630675315255,54.403740138842416,54.17554568554538,54.32349616673728,54.33949746221956,541108.9614903929
2026-01-02,55.35408799480971,55.75928251686893,55.05492459624613,55.35587253242517,55.3465585747217,164449.5076132537
2026-01-05,53.46486986901167,53.78223742291802,53.05594717871375,53.48194322595629,53.45910142318507,729650.533641131
2026-01-06,50.88828553509669,51.24345021170428,50.84136544968362,50.923428572226136,50.91341449058006,336443.67502096907
2026-01-07,50.914425362920646,50.99169867232121,50.755154781541776,50.90088613850104,50.90200449160901,305484.9005693509
2026-01-08,50.44777096531156,50.63214463528684,49.78519593620197,50.42163127238676,50.43646510324912,302390.5890355847
2026-01-09,48.0127620596906,48.150133614599845,47.80855619313968,48.06418243470913,48.05993869156645,467829.153600056
2026-01-12,46.916046051360766,47.3356703144286,46.68792954807362,46.88251478366298,46.85038163482791,124920.5455698669
2026-01-13,45.84598933875786,46.04401400954149,45.42193630465926,45.78360508418143,45.77705292458687,221873.18800222108
2026-01-14,44.13252807705727,44.20526250393053,44.06622489944304,44.13963170354011,44.13750050238171,870241.0269856676
2026-01-15,43.32127645827401,43.31117182803644,43.193941181838696,43.28714117661343,43.27475672843456,122736.98333103528
2026-01-16,44.26267360647454,44.27640502787445,44.102346204032365,44.14458512571414,44.13393381017696,212784.7275489974
2026-01-19,43.98662245860319,44.16442120622034,43.920453736960376,44.025186979913165,44.01908683755792,146137.8352239416
2026-01-20,44.20086300917816,44.37139147696183,44.22839688423721,44.260075018535375,44.254841752233766,82062.84372837635
2026-01-21,45.704534032360336,45.74227176802908,45.64761204647373,45.68518917424743,45.68359128313205,122027.03184011686
2026-01-22,44.36486189917829,44.651714636602165,44.33697656608899,44.36919732485592,44.36338591403526,277744.2884057699
2026-01-23,43.74234205381793,44.04593513405114,43.28405213389397,43.73506684525164,43.74188422626313,395376.32984758925
2026-01-26,45.08297962140645,45.453230273454594,44.90666236832853,45.049057352842645,45.048135313883705,460241.6731544749
2026-01-27,45.75235618129076,45.773376663175625,45.47684773127568,45.75147056433553,45.71956415637224,476405.5659739239
2026-01-28,46.30334108149148,46.50584790178362,46.27309218859006,46.29807824309223,46.29072978443588,244695.6595829739
2026-01-29,47.402659935180274,47.83884462371446,47.27775100774922,47.36112861880793,47.38203084796448,360646.9497933917
2026-01-30,47.39704672398948,47.69493465658621,47.32485839205312,47.512702581379685,47.50883824633937,151978.5384109755
2026-02-02,46.36716086526652,46.68348211166121,46.09020896847224,46.310133308100326,46.31192984516985,282727.7868745627
2026-02-03,44.43342137998789,44.450547143903066,44.12185693774365,44.44340432740704,44.44995093626584,132704.27686538373
2026-02-04,44.44146568609107,44.673503114603,44.14731761171287,44.47361579534415,44.47779265264658,250666.63726861056
2026-02-05,45.39926491028947,45.53256950906126,45.31300385421582,45.32498334599178,45.31417232706608,259940.1343493688
2026-02-06,44.78483202886819,44.95901780148324,44.68603162495727,44.85235542506612,44.86010622133277,518214.78898626
2026-02-09,46.46139382804461,46.48744327769487,46.2285316703172,46.38947340713497,46.37064220609049,98263.64650105555
2026-02-10,47.39072635610788,47.6414072209088,47.34794325345954,47.38021498599528,47.380670372003465,103427.64867141552
2026-02-11,49.26705315797413,49.50226507439676,48.955950424151936,49.27363732251675,49.26275938952608,463821.1309835565
2026-02-12,51.50444821834803,51.56839322719042,51.00224149501884,51.52998644928877,51.53730368418686,291407.6456035701
2026-02-13,54.35358727595416,54.57332954008776,54.30347713443132,54.3723935608666,54.3585816820542,143147.62290229616
2026-02-16,53.03480237733277,53.07952109865309,52.87351632877194,53.003605878706246,52.99645795324778,394321.5244666532
2026-02-17,53.2748850490072,53.491641504942095,53.101620647476906,53.323253001480346,53.305675777491146,398911.5596248245
2026-02-18,53.65492642960376,54.078787149360735,53.385067273984426,53.69890495986198,53.68221802332884,311742.7093533243
2026-02-19,54.05360827194052,54.190145585699184,53.96711701312663,54.068881507187726,54.09153405202858,180282.9898973492
2026-02-20,53.76200342428874,54.151915730836926,53.38586685485728,53.67437914003639,53.68436532319008,286544.55106280686
2026-02-23,52.492570154595846,52.54609237414813,52.396652121684426,52.50945116392523,52.509267970531575,219186.0648426693
2026-02-24,54.131507469233576,54.62357248923093,53.9398683884537,54.16670112329437,54.17826560052737,142276.86640595598
2026-02-25,54.02202971848928,54.02844838275789,53.900562212967216,54.00112708815012,53.99483003952359,151475.02173010778
2026-02-26,52.12411344642086,52.19358622613673,51.618590793179415,52.16259170638816,52.149205361946,294906.7550648856
2026-02-27,51.78583381527845,52.01802582610049,51.36661266141501,51.77839817295583,51.7850579250114,277062.2849584254
2026-03-02,50.60937765321452,50.76736698519753,50.40726723179402,50.55946458231069,50.54632495326559,161714.2314240874
2026-03-03,49.538397619195294,49.69547287580444,49.289174670933136,49.53460829499407,49.525500499197136,199334.6805663753
2026-03-04,49.58624251439717,49.61959056455435,49.3453077281304,49.60317192584319,49.60115444717408,141986.703295489
2026-03-05,49.35007682991149,49.771383823439,49.05238770816386,49.36112420648427,49.35785789390921,370106.6605538605
2026-03-06,50.33259881040991,50.43267481716063,50.18707290195864,50.31431826836746,50.318256684236566,105190.4817675908
2026-03-09,51.2191866510082,51.27402194894079,51.19446479763776,51.24465042752576,51.24440930678652,154489.6205204963
2026-03-10,51.58692265599994,51.60988954228562,51.45899208915383,51.5746242633073,51.57123775009783,226691.2649145181
2026-03-11,52.30403241078159,52.37959199901557,52.26830622982767,52.33281911630601,52.340087005549385,364624.7644807326
2026-03-12,52.020853063584674,52.467429291998286,51.96144381544184,51.980460676371685,51.96817593857653,604969.6343739075
2026-03-13,50.5344633709009,50.72180272941654,50.31067583287032,50.568985235305504,50.59339281277065,542339.2618080317
2026-03-16,52.23820910411854,52.2370084742643,51.77190685396058,52.22057800611899,52.231063815814416,162244.34983556718
2026-03-17,52.117721571294986,52.88398315768934,51.52797652978257,52.17627676552517,52.18225846318425,90870.73340740212
2026-03-18,52.47594668439921,52.70343829827108,52.4358195807003,52.4420969885867,52.42549541179872,296963.4869893996
2026-03-19,53.05344085477737,53.24359463239057,52.771264751702674,53.0738942955072,53.083778314524885,227428.08339909549
2026-03-20,53.90633415031674,54.30875909496535,53.69479835135014,53.9092822989133,53.88929674635127,281953.29605524347
2026-03-23,53.4319418685947,53.74683403339488,53.06672547876783,53.386307030015885,53.40677088512822,237122.16305829043
2026-03-24,53.228804127588745,53.229129151631874,52.87011911046372,53.20555240982404,53.206019644117305,158738.9583592811
2026-03-25,53.06941601980317,53.18323574321053,52.89571291853222,53.13309410502583,53.12217799994473,436036.67469027016
2026-03-26,52.9006241846889,53.07132441846291,52.35370206836068,52.846796764457416,52.82243739447348,433976.6234948794
2026-03-27,50.05646862757247,50.11429538405434,49.77501487820245,50.02015498918052,50.01954180292024,188584.03068741853
2026-03-30,49.01242379762091,49.28632717208297,48.86772070132647,49.03691996956865,49.06363873864306,96695.29096679586
2026-03-31,48.41423547682624,48.55397272988827,48.07029191489684,48.38929331551233,48.36941767037711,571461.9553613464
2026-04-01,48.30654623522866,48.43353948121301,47.83281299575936,48.35549418053966,48.34893342208733,727417.246204753
2026-04-02,48.74025824228504,48.96293585152255,48.74064519366864,48.78536995429216,48.77724378648758,131246.39109636916
2026-04-03,50.24122799357204,50.41048104721332,50.118331596187616,50.24025478749795,50.24543763101863,434290.2511035072
2026-04-06,48.66919499311088,48.78630416251836,48.52343273080302,48.67253873165749,48.65317852128774,382077.0305315178
2026-04-07,49.749296782883896,50.07036165494279,49.74370406458252,49.81106474935484,49.80618098483492,479040.1802447303
2026-04-08,49.96627373898418,50.078091153081466,49.93685404040767,50.00321338803643,50.001284557708246,341808.84716624155
2026-04-09,50.47406163617263,50.380661497868,49.85824698073731,50.32202792308241,50.328522219358966,239996.96014032408
2026-04-10,51.46634677139481,52.319220485557445,51.24388248957816,51.49873825990145,51.4584284561377,41717.83440597133
2026-04-13,53.06461597395396,53.41689048573618,52.86281048877673,53.13932964320542,53.1363043895721,583398.9385969641
2026-04-14,51.6926648223125,52.25408540931854,51.55848752042449,51.694810278409655,51.69275566194745,132472.3164972064
2026-04-15,50.5255890072357,50.866402044246186,50.30452567015356,50.514759794260186,50.51157987521745,351032.67012245057
2026-04-16,47.97628505143607,48.12512868831568,47.80620693027422,47.96898513348773,47.98141451208608,431390.9824573782
2026-04-17,47.13824760211784,47.23727522724629,47.04464536382068,47.16682153860844,47.1413370577147,708829.0543395564
2026-04-20,47.40929782320886,47.585856659127685,47.28017896881035,47.40661221325422,47.4111204355863,286116.58346153283
2026-04-21,49.4282969530611,49.893987362934375,48.857117131133954,49.37634369530943,49.3755116171162,122794.39212359296
2026-04-22,49.254070640424494,49.62444482373101,49.17208330519233,49.31783513482829,49.30349951634826,66770.53391339131
2026-04-23,51.33123793577924,51.60800984574426,51.20461988116568,51.38070453265141,51.3911079222941,174519.32498511672
2026-04-24,50.89692944070145,51.30653078716294,50.74590999421538,50.81616871155392,50.81916714303372,315063.50574594643
2026-04-27,52.70169409211874,52.83030546550628,52.495980544228914,52.650425113366126,52.62383979408308,274692.7231063001
2026-04-28,52.33249796226488,52.438057804362856,52.24491096857234,52.37763007037231,52.388726111644246,191710.3043487382
2026-04-29,53.355864758594784,53.62999559267895,53.2015224835427,53.37541355515516,53.3603845094614,426463.25616323657
2026-04-30,53.062944829107245,53.09739913512677,52.70576669082726,53.07589271716952,53.0422051649798,588551.9228577948
2026-05-01,54.934370417795584,55.15897634033595,54.952426621358256,55.004212493344944,54.99554873298406,243948.7375217499
2026-05-04,54.95744988443021,55.07229376941288,54.78412063446624,54.96754958503577,54.95595529168848,330533.3978255362
2026-05-05,54.97435811729228,54.845823254782765,54.76464776122923,54.82979999684778,54.83283865268168,348787.264390643
2026-05-06,52.954658575925855,53.32832753488332,52.461874404223785,52.93919972649648,52.93298116822984,237205.13492992823
2026-05-07,54.22360505199981,54.99384056888683,54.260477440594016,54.31425897381434,54.30171160166463,376421.0744283532
2026-05-08,54.17075041006731,54.28935144207658,54.10655340285153,54.174695295407325,54.16271941495389,125493.2951453619
2026-05-11,53.66049980118239,53.96174331142015,53.19007236958659,53.62030858094544,53.62525960101929,940107.2854943094
2026-05-12,53.386577563958426,53.558946105687184,53.13457508026224,53.447751360415374,53.436710469175296,174941.4253182712
2026-05-13,54.40959839247859,54.86131924203995,53.77922869143492,54.33700539889159,54.33124998080937,143834.54226216738
2026-05-14,55.77813825331162,56.08492953954734,55.34951049037674,55.78903395114897,55.7788110962773,301564.2929520379
2026-05-15,55.79482004014324,55.97906529499498,55.26564956583046,55.81638609089374,55.83631407888544,112295.99282953462
2026-05-18,54.90405693864274,55.19507599785275,54.76789616257178,54.9458814623782,54.93901041276513,218293.72225279832
2026-05-19,53.64177606563175,53.66214671089559,53.18962663030992,53.64068402586486,53.66181898280158,144736.24366525907
2026-05-20,52.60482616762671,52.70840603554189,52.50507031654422,52.6258907204591,52.62286366550059,109148.5532970919
2026-05-21,51.65420673258992,51.74676037707729,51.6686557751257,51.68679683360633,51.68049729761994,165221.09767750732
2026-05-22,51.40139882093461,51.43659844806169,51.37378791141746,51.40757091982806,51.42402978309071,925255.2980422436
2026-05-25,49.85540631867501,49.97894243753831,49.67386392871136,49.859233445453626,49.86455869434647,260875.3373293209
2026-05-26,50.30967632239694,50.426617371935095,50.22350557948613,50.25862532085544,50.2650386594041,416503.68620236753
2026-05-27,50.80023210562777,50.87429664389845,50.70028092028316,50.81189207373819,50.81363996822905,99362.1239103776
2026-05-28,51.05924945955143,51.22642704884975,50.676104872543895,50.96332183106297,50.96539940488442,315417.2836955069
2026-05-29,50.20747540844537,50.220382676944126,49.7628386963392,50.14715987170529,50.14265721242451,182886.98037639377
